{"type":"FeatureCollection","features":[{"type":"Feature","properties":{"numer":"2298D","klasa":"","kat":"powiatowa"},"geometry":{"type":"LineString","coordinates":[[15.43974,51.11241],[15.439692452830197,51.1123783018868]]}},{"type":"Feature","properties":{"numer":"2298D","klasa":"droga zbiorcza","kat":"powiatowa"},"geometry":{"type":"LineString","coordinates":[[15.43974,51.11241],[15.44062,51.11311],[15.44183,51.11458],[15.44292,51.11499],[15.44386,51.11571],[15.44395,51.11601],[15.44381,51.11664]]}},{"type":"Feature","properties":{"numer":"2298D","klasa":"","kat":"powiatowa"},"geometry":{"type":"LineString","coordinates":[[15.44381,51.11664],[15.4437,51.11725],[15.443717406308712,51.11728541283497]]}},{"type":"Feature","properties":{"numer":"2298D","klasa":"droga zbiorcza","kat":"powiatowa"},"geometry":{"type":"LineString","coordinates":[[15.45200507025643,51.123197349799504],[15.45146,51.12401],[15.45147,51.1247],[15.45169,51.12491],[15.45218,51.12514],[15.4526,51.12591],[15.45408,51.12704],[15.4552,51.12827],[15.45537,51.12855],[15.45552,51.12946],[15.45614,51.13055],[15.45738,51.13183],[15.45789,51.13264]]}},{"type":"Feature","properties":{"numer":"2496D","klasa":"droga zbiorcza","kat":"powiatowa"},"geometry":{"type":"LineString","coordinates":[[15.468452473553514,51.12882538465359],[15.46713,51.12981],[15.46136,51.13255],[15.46089,51.13289],[15.46063,51.1333]]}},{"type":"Feature","properties":{"numer":"2298D","klasa":"droga zbiorcza","kat":"powiatowa"},"geometry":{"type":"LineString","coordinates":[[15.45789,51.13264],[15.45791,51.13268]]}},{"type":"Feature","properties":{"numer":"2298D","klasa":"droga zbiorcza","kat":"powiatowa"},"geometry":{"type":"LineString","coordinates":[[15.45791,51.13268],[15.45823,51.13291],[15.46022,51.13348]]}},{"type":"Feature","properties":{"numer":"2496D","klasa":"droga zbiorcza","kat":"powiatowa"},"geometry":{"type":"LineString","coordinates":[[15.46063,51.1333],[15.46047,51.13355]]}},{"type":"Feature","properties":{"numer":"2298D","klasa":"droga zbiorcza","kat":"powiatowa"},"geometry":{"type":"LineString","coordinates":[[15.46022,51.13348],[15.46047,51.13355]]}},{"type":"Feature","properties":{"numer":"2496D","klasa":"droga zbiorcza","kat":"powiatowa"},"geometry":{"type":"LineString","coordinates":[[15.46047,51.13355],[15.46191,51.13419],[15.46271,51.13513],[15.46312,51.13601]]}},{"type":"Feature","properties":{"numer":"2496D","klasa":"droga zbiorcza","kat":"powiatowa"},"geometry":{"type":"LineString","coordinates":[[15.46312,51.13601],[15.46314,51.13606]]}},{"type":"Feature","properties":{"numer":"2496D","klasa":"droga zbiorcza","kat":"powiatowa"},"geometry":{"type":"LineString","coordinates":[[15.46314,51.13606],[15.46309,51.13664],[15.46273,51.13733],[15.46315,51.13791],[15.4632,51.139],[15.46434,51.14022],[15.46525,51.1418],[15.46427,51.14394],[15.46397,51.14537],[15.46374,51.14589]]}},{"type":"Feature","properties":{"numer":"2496D","klasa":"droga zbiorcza","kat":"powiatowa"},"geometry":{"type":"LineString","coordinates":[[15.46374,51.14589],[15.46371,51.14594]]}},{"type":"Feature","properties":{"numer":"2496D","klasa":"droga zbiorcza","kat":"powiatowa"},"geometry":{"type":"LineString","coordinates":[[15.46371,51.14594],[15.4631,51.14684],[15.4622,51.14757]]}},{"type":"Feature","properties":{"numer":"2273D","klasa":"droga gĹ‚Ăłwna","kat":"powiatowa"},"geometry":{"type":"LineString","coordinates":[[15.426018583349133,51.15001266831026],[15.42608,51.15005]]}},{"type":"Feature","properties":{"numer":"2496D","klasa":"droga zbiorcza","kat":"powiatowa"},"geometry":{"type":"LineString","coordinates":[[15.4622,51.14757],[15.4622,51.14762]]}},{"type":"Feature","properties":{"numer":"2496D","klasa":"droga zbiorcza","kat":"powiatowa"},"geometry":{"type":"LineString","coordinates":[[15.4622,51.14762],[15.46213,51.14817],[15.46192,51.14839],[15.45886,51.15024],[15.45811,51.15085],[15.45774,51.15131],[15.45771,51.15256],[15.45717,51.15475],[15.45719,51.15499],[15.45752,51.15592],[15.45796,51.15631],[15.45845,51.15706],[15.45897,51.15749]]}},{"type":"Feature","properties":{"numer":"2273D","klasa":"droga zbiorcza","kat":"powiatowa"},"geometry":{"type":"LineString","coordinates":[[15.45176,51.16131],[15.45115,51.16105],[15.4499,51.16128],[15.44928,51.16128],[15.4466,51.16082],[15.44426,51.16013],[15.44118,51.15952],[15.44074,51.15929],[15.43769,51.15708],[15.43605,51.15617],[15.43569,51.15605],[15.43389,51.15572],[15.4332,51.15548],[15.43129,51.15343],[15.43007,51.1527],[15.42837,51.15105],[15.42608,51.15005]]}},{"type":"Feature","properties":{"numer":"2496D","klasa":"droga zbiorcza","kat":"powiatowa"},"geometry":{"type":"LineString","coordinates":[[15.45897,51.15749],[15.45901,51.15752]]}},{"type":"Feature","properties":{"numer":"2496D","klasa":"droga zbiorcza","kat":"powiatowa"},"geometry":{"type":"LineString","coordinates":[[15.45901,51.15752],[15.45912,51.15787],[15.45897,51.15818],[15.45821,51.15926],[15.4577,51.15969],[15.45698,51.15997],[15.45519,51.16039],[15.45327,51.1612],[15.45257,51.16137]]}},{"type":"Feature","properties":{"numer":"2273D","klasa":"droga zbiorcza","kat":"powiatowa"},"geometry":{"type":"LineString","coordinates":[[15.45185,51.16135],[15.45176,51.16131]]}},{"type":"Feature","properties":{"numer":"2273D","klasa":"droga zbiorcza","kat":"powiatowa"},"geometry":{"type":"LineString","coordinates":[[15.45201,51.16142],[15.45185,51.16135]]}},{"type":"Feature","properties":{"numer":"2273D,2496D","klasa":"droga zbiorcza","kat":"powiatowa"},"geometry":{"type":"LineString","coordinates":[[15.45257,51.16137],[15.45201,51.16142]]}},{"type":"Feature","properties":{"numer":"2273D","klasa":"droga zbiorcza","kat":"powiatowa"},"geometry":{"type":"LineString","coordinates":[[15.45257,51.16137],[15.45295,51.16179],[15.45355,51.16199],[15.45598,51.16205],[15.46017,51.16267],[15.46174,51.16322],[15.46333,51.16395],[15.46388,51.1646],[15.46491,51.1651]]}},{"type":"Feature","properties":{"numer":"2500D","klasa":"","kat":"powiatowa"},"geometry":{"type":"LineString","coordinates":[[15.483115990996327,51.16428979919441],[15.48133,51.16413],[15.4802,51.16393],[15.47898,51.16395],[15.47848,51.16404],[15.47731,51.16451],[15.4765,51.16473],[15.47526,51.16494],[15.47422,51.16498],[15.47211,51.1654],[15.46843,51.16477],[15.46762,51.16483],[15.46632,51.16505],[15.46491,51.1651]]}},{"type":"Feature","properties":{"numer":"2273D","klasa":"droga zbiorcza","kat":"powiatowa"},"geometry":{"type":"LineString","coordinates":[[15.46491,51.1651],[15.46717,51.16668]]}},{"type":"Feature","properties":{"numer":"2273D","klasa":"droga zbiorcza","kat":"powiatowa"},"geometry":{"type":"LineString","coordinates":[[15.46721,51.16671],[15.46717,51.16668]]}},{"type":"Feature","properties":{"numer":"2496D","klasa":"droga zbiorcza","kat":"powiatowa"},"geometry":{"type":"LineString","coordinates":[[15.45201,51.16142],[15.45008,51.16246],[15.44923,51.1627],[15.44699,51.16366],[15.44534,51.16458],[15.44461,51.16507],[15.4437,51.16609],[15.44326,51.16641],[15.44293,51.16649],[15.44174,51.16653],[15.44118,51.16669],[15.4404,51.16707],[15.43922,51.16818],[15.4375,51.1688],[15.43619,51.16957],[15.43464,51.1697],[15.43365,51.17004],[15.4324,51.17017],[15.4313,51.1706],[15.43047,51.17074],[15.42964,51.17075],[15.42886,51.17034],[15.42825,51.17025],[15.42585,51.17081],[15.42424,51.17087],[15.42366,51.17097],[15.42217,51.17141],[15.421,51.17137],[15.41886,51.17204],[15.41753,51.17271],[15.41672,51.17347],[15.41615,51.1746],[15.41501,51.17551],[15.41429,51.1764],[15.41411,51.177],[15.41339,51.17789]]}},{"type":"Feature","properties":{"numer":"103868D,2496D","klasa":"droga zbiorcza","kat":"powiatowa"},"geometry":{"type":"LineString","coordinates":[[15.41321,51.17857],[15.41339,51.17789]]}},{"type":"Feature","properties":{"numer":"103868D,2496D","klasa":"droga zbiorcza","kat":"powiatowa"},"geometry":{"type":"LineString","coordinates":[[15.41318,51.17876],[15.41321,51.17857]]}},{"type":"Feature","properties":{"numer":"103868D,2496D","klasa":"droga zbiorcza","kat":"powiatowa"},"geometry":{"type":"LineString","coordinates":[[15.41317,51.17882],[15.41318,51.17876]]}},{"type":"Feature","properties":{"numer":"2273D","klasa":"droga zbiorcza","kat":"powiatowa"},"geometry":{"type":"LineString","coordinates":[[15.48969,51.19933],[15.48856,51.19928],[15.48803,51.19914],[15.48773,51.19836],[15.48742,51.19793],[15.48611,51.19694],[15.48551,51.19626],[15.48381,51.19464],[15.48261,51.19318],[15.48125,51.19188],[15.47872,51.18908],[15.47782,51.1876],[15.47694,51.18508],[15.47687,51.18419],[15.4773,51.18038],[15.47725,51.1801],[15.47598,51.17792],[15.47472,51.1764],[15.47366,51.17233],[15.47297,51.17151],[15.47092,51.17006],[15.46877,51.16785],[15.46721,51.16671]]}},{"type":"Feature","properties":{"numer":"","klasa":"droga zbiorcza","kat":"powiatowa"},"geometry":{"type":"LineString","coordinates":[[15.375908010741137,51.18416188829216],[15.3772,51.18358],[15.3775,51.18353],[15.37854,51.1839],[15.37958,51.18467]]}},{"type":"Feature","properties":{"numer":"","klasa":"droga zbiorcza","kat":"powiatowa"},"geometry":{"type":"LineString","coordinates":[[15.37958,51.18467],[15.38291,51.18684]]}},{"type":"Feature","properties":{"numer":"2496D","klasa":"droga zbiorcza","kat":"powiatowa"},"geometry":{"type":"LineString","coordinates":[[15.39907,51.19641],[15.39971,51.19582],[15.4005,51.19533],[15.40241,51.19494],[15.40347,51.1945],[15.40494,51.19404],[15.40532,51.1938],[15.40587,51.19312],[15.40624,51.19281],[15.40958,51.19189],[15.41017,51.19155],[15.41232,51.18984],[15.41262,51.18898],[15.41352,51.18802],[15.41408,51.1876],[15.4142,51.18738],[15.41381,51.186],[15.41294,51.18453],[15.41266,51.18323],[15.41244,51.18277],[15.41246,51.18202],[15.41216,51.18118],[15.41225,51.1808],[15.41304,51.1796],[15.41317,51.17882]]}},{"type":"Feature","properties":{"numer":"","klasa":"droga zbiorcza","kat":"powiatowa"},"geometry":{"type":"LineString","coordinates":[[15.38291,51.18684],[15.38349,51.18737],[15.38494,51.18807],[15.3856,51.18857],[15.38698,51.18892],[15.38743,51.18936],[15.38785,51.18996],[15.38831,51.19028]]}},{"type":"Feature","properties":{"numer":"","klasa":"droga zbiorcza","kat":"powiatowa"},"geometry":{"type":"LineString","coordinates":[[15.38831,51.19028],[15.38881,51.19068]]}},{"type":"Feature","properties":{"numer":"","klasa":"droga zbiorcza","kat":"powiatowa"},"geometry":{"type":"LineString","coordinates":[[15.38881,51.19068],[15.38965,51.19122],[15.39002,51.19169],[15.39028,51.19225],[15.39152,51.19289],[15.39197,51.19377]]}},{"type":"Feature","properties":{"numer":"","klasa":"droga zbiorcza","kat":"powiatowa"},"geometry":{"type":"LineString","coordinates":[[15.39197,51.19377],[15.39227,51.19454]]}},{"type":"Feature","properties":{"numer":"","klasa":"droga zbiorcza","kat":"powiatowa"},"geometry":{"type":"LineString","coordinates":[[15.39227,51.19454],[15.39279,51.19532]]}},{"type":"Feature","properties":{"numer":"","klasa":"droga zbiorcza","kat":"powiatowa"},"geometry":{"type":"LineString","coordinates":[[15.39279,51.19532],[15.39288,51.19546]]}},{"type":"Feature","properties":{"numer":"357","klasa":"droga gĹ‚Ăłwna","kat":"wojewodzka"},"geometry":{"type":"LineString","coordinates":[[15.38931,51.19589],[15.39024,51.19585],[15.3912,51.19546],[15.39168,51.19535],[15.39212,51.19533],[15.39288,51.19546]]}},{"type":"Feature","properties":{"numer":"357","klasa":"droga gĹ‚Ăłwna","kat":"wojewodzka"},"geometry":{"type":"LineString","coordinates":[[15.38481,51.19584],[15.38577,51.1957],[15.38891,51.19587]]}},{"type":"Feature","properties":{"numer":"296","klasa":"droga gĹ‚Ăłwna","kat":"wojewodzka"},"geometry":{"type":"LineString","coordinates":[[15.23957,51.21196],[15.23923,51.2115],[15.23918,51.21102],[15.23935,51.21065],[15.23976,51.2103],[15.24048,51.21004],[15.24454,51.2092],[15.24591,51.20885],[15.24679,51.2084],[15.24758,51.20747],[15.24773,51.20668],[15.24756,51.20179],[15.2461,51.19919],[15.24534,51.19708],[15.24508,51.19621],[15.24484,51.19474],[15.24489,51.19393],[15.24588,51.19171],[15.24644,51.19083],[15.249758687365444,51.18857829637732]]}},{"type":"Feature","properties":{"numer":"2282D","klasa":"","kat":"powiatowa"},"geometry":{"type":"LineString","coordinates":[[15.24022,51.21177],[15.2415,51.21123],[15.24328,51.21064],[15.24617,51.21024],[15.24719,51.20971],[15.25003,51.20882],[15.25076,51.2087],[15.25173,51.20874],[15.2549,51.20928],[15.25677,51.21001],[15.25767,51.21019],[15.25893,51.21062]]}},{"type":"Feature","properties":{"numer":"2295D","klasa":"","kat":"powiatowa"},"geometry":{"type":"LineString","coordinates":[[15.5268,51.1874],[15.526820665204763,51.187316440693785]]}},{"type":"Feature","properties":{"numer":"2499D","klasa":"droga zbiorcza","kat":"powiatowa"},"geometry":{"type":"LineString","coordinates":[[15.508708838212794,51.18138117329005],[15.5077,51.1824],[15.50637,51.18335],[15.50504,51.18456],[15.50229,51.18642],[15.50122,51.18809],[15.49977,51.18915],[15.49969,51.18943],[15.49985,51.19007],[15.49905,51.19149],[15.49879,51.19162],[15.49777,51.19147],[15.49747,51.1916],[15.4966,51.19376],[15.49579,51.19453],[15.4929,51.19596],[15.49065,51.19668],[15.49017,51.1969],[15.48987,51.19714],[15.48961,51.19764],[15.49008,51.19841],[15.49005,51.19935]]}},{"type":"Feature","properties":{"numer":"2295D","klasa":"droga zbiorcza","kat":"powiatowa"},"geometry":{"type":"LineString","coordinates":[[15.5268,51.1874],[15.52657,51.18827],[15.52588,51.18957],[15.52571,51.19038],[15.52574,51.19113],[15.52502,51.19191],[15.52459,51.19284],[15.52501,51.19468],[15.52548,51.19564],[15.52541,51.19657],[15.5248,51.19715],[15.52221,51.19888],[15.521,51.19993],[15.51894,51.20204],[15.5172,51.20411],[15.51682,51.20434],[15.51572,51.20464],[15.51538,51.20483],[15.5152,51.20533],[15.51535,51.20648],[15.51524,51.20699],[15.51383,51.20861]]}},{"type":"Feature","properties":{"numer":"2273D","klasa":"droga zbiorcza","kat":"powiatowa"},"geometry":{"type":"LineString","coordinates":[[15.48969,51.19933],[15.48977,51.19933]]}},{"type":"Feature","properties":{"numer":"357","klasa":"droga gĹ‚Ăłwna","kat":"wojewodzka"},"geometry":{"type":"LineString","coordinates":[[15.38891,51.19587],[15.38931,51.19589]]}},{"type":"Feature","properties":{"numer":"357","klasa":"droga gĹ‚Ăłwna","kat":"wojewodzka"},"geometry":{"type":"LineString","coordinates":[[15.39288,51.19546],[15.39628,51.19653]]}},{"type":"Feature","properties":{"numer":"357","klasa":"droga zbiorcza","kat":"wojewodzka"},"geometry":{"type":"LineString","coordinates":[[15.39651,51.19637],[15.39704,51.19616],[15.39751,51.19609],[15.39907,51.19641]]}},{"type":"Feature","properties":{"numer":"357","klasa":"droga gĹ‚Ăłwna","kat":"wojewodzka"},"geometry":{"type":"LineString","coordinates":[[15.39628,51.19653],[15.39651,51.19637]]}},{"type":"Feature","properties":{"numer":"","klasa":"droga wewnÄ™trzna","kat":"gminna"},"geometry":{"type":"LineString","coordinates":[[15.39863,51.19691],[15.39907,51.19641]]}},{"type":"Feature","properties":{"numer":"357","klasa":"droga gĹ‚Ăłwna","kat":"wojewodzka"},"geometry":{"type":"LineString","coordinates":[[15.39628,51.19653],[15.39691,51.19697],[15.39724,51.19706]]}},{"type":"Feature","properties":{"numer":"357","klasa":"droga zbiorcza","kat":"wojewodzka"},"geometry":{"type":"LineString","coordinates":[[15.39907,51.19641],[15.40025,51.1966],[15.40079,51.19677],[15.40105,51.19701],[15.40111,51.19723]]}},{"type":"Feature","properties":{"numer":"357","klasa":"droga zbiorcza","kat":"wojewodzka"},"geometry":{"type":"LineString","coordinates":[[15.40392,51.19696],[15.40354,51.19695]]}},{"type":"Feature","properties":{"numer":"357","klasa":"droga zbiorcza","kat":"wojewodzka"},"geometry":{"type":"LineString","coordinates":[[15.40354,51.19695],[15.40111,51.19723]]}},{"type":"Feature","properties":{"numer":"","klasa":"droga gĹ‚Ăłwna","kat":"gminna"},"geometry":{"type":"LineString","coordinates":[[15.39834,51.19733],[15.39863,51.19691]]}},{"type":"Feature","properties":{"numer":"357","klasa":"droga zbiorcza","kat":"wojewodzka"},"geometry":{"type":"LineString","coordinates":[[15.35761964852255,51.188585709002936],[15.35763,51.18859]]}},{"type":"Feature","properties":{"numer":"357","klasa":"droga gĹ‚Ăłwna","kat":"wojewodzka"},"geometry":{"type":"LineString","coordinates":[[15.35763,51.18859],[15.35814,51.1888],[15.35947,51.18964],[15.36005,51.1898],[15.36068,51.18976],[15.36316,51.18937],[15.36484,51.18886],[15.36565,51.18893],[15.36747,51.18932],[15.36842,51.18975],[15.37066,51.19133],[15.37128,51.19162],[15.37204,51.19176],[15.37495,51.19198],[15.37676,51.19239],[15.37757,51.1927],[15.37835,51.19314],[15.37945,51.19439],[15.37976,51.19458],[15.38011,51.19463],[15.381,51.19439],[15.38154,51.19439],[15.38276,51.19482],[15.38413,51.1958],[15.38434,51.19586],[15.38481,51.19584]]}},{"type":"Feature","properties":{"numer":"2279D","klasa":"","kat":"powiatowa"},"geometry":{"type":"LineString","coordinates":[[15.33542,51.206],[15.33673,51.20567],[15.34093,51.20426],[15.34571,51.20316],[15.34955,51.20241],[15.35866,51.20095],[15.36381,51.20029],[15.37686,51.19744],[15.3787,51.19709],[15.38071,51.19684],[15.38415,51.19615],[15.38481,51.19584]]}},{"type":"Feature","properties":{"numer":"2282D","klasa":"","kat":"powiatowa"},"geometry":{"type":"LineString","coordinates":[[15.31198,51.2051],[15.31072,51.20507],[15.30767,51.20549],[15.30649,51.20533],[15.30496,51.20501],[15.30486,51.20439],[15.30427,51.20356],[15.30376,51.20325],[15.30213,51.20265],[15.3017,51.20241],[15.30019,51.2029]]}},{"type":"Feature","properties":{"numer":"2279D","klasa":"","kat":"powiatowa"},"geometry":{"type":"LineString","coordinates":[[15.31198,51.2051],[15.31257,51.20517],[15.31398,51.20598],[15.31452,51.20621],[15.31583,51.20636],[15.31742,51.20665],[15.32099,51.20692],[15.32543,51.20671],[15.32757,51.20588],[15.32832,51.20574],[15.33542,51.206]]}},{"type":"Feature","properties":{"numer":"2282D","klasa":"","kat":"powiatowa"},"geometry":{"type":"LineString","coordinates":[[15.25893,51.21062],[15.26036,51.21078],[15.26441,51.21062],[15.26774,51.21005],[15.27305,51.20947],[15.27403,51.20948],[15.28143,51.20838],[15.28555,51.20735],[15.29072,51.20643],[15.29401,51.20563],[15.29502,51.20465],[15.30019,51.2029]]}},{"type":"Feature","properties":{"numer":"2279D","klasa":"","kat":"powiatowa"},"geometry":{"type":"LineString","coordinates":[[15.28363,51.2193],[15.28609,51.21557],[15.28642,51.21534],[15.29563,51.21295],[15.29797,51.21218],[15.2987,51.21179],[15.30075,51.20989],[15.3014,51.20947],[15.3029,51.20876],[15.30646,51.20757],[15.30824,51.2066],[15.31089,51.2054],[15.31198,51.2051]]}},{"type":"Feature","properties":{"numer":"2283D","klasa":"","kat":"powiatowa"},"geometry":{"type":"LineString","coordinates":[[15.35546,51.22293],[15.35569,51.22084],[15.35616,51.22021],[15.35635,51.21952],[15.35632,51.21879],[15.35584,51.21842],[15.35571,51.21815],[15.35601,51.21717],[15.35379,51.21667],[15.34889,51.21335],[15.33861,51.20802],[15.33542,51.206]]}},{"type":"Feature","properties":{"numer":"A4,E40","klasa":"autostrada","kat":"krajowa"},"geometry":{"type":"LineString","coordinates":[[15.27985,51.22057],[15.2757,51.21953],[15.27192,51.21874],[15.26826,51.21812],[15.26229,51.21738],[15.25871,51.21708],[15.25338,51.21685],[15.2425,51.21677]]}},{"type":"Feature","properties":{"numer":"003876D,2279D","klasa":"","kat":"powiatowa"},"geometry":{"type":"LineString","coordinates":[[15.28344,51.21976],[15.28363,51.2193]]}},{"type":"Feature","properties":{"numer":"357","klasa":"droga zbiorcza","kat":"wojewodzka"},"geometry":{"type":"LineString","coordinates":[[15.39724,51.19706],[15.39834,51.19733]]}},{"type":"Feature","properties":{"numer":"357","klasa":"droga zbiorcza","kat":"wojewodzka"},"geometry":{"type":"LineString","coordinates":[[15.40111,51.19723],[15.40017,51.19743],[15.3986,51.1974],[15.39834,51.19733]]}},{"type":"Feature","properties":{"numer":"","klasa":"droga gĹ‚Ăłwna","kat":"gminna"},"geometry":{"type":"LineString","coordinates":[[15.39872,51.19928],[15.39852,51.19882],[15.39798,51.19808],[15.39834,51.19733]]}},{"type":"Feature","properties":{"numer":"2281D","klasa":"","kat":"powiatowa"},"geometry":{"type":"LineString","coordinates":[[15.40124,51.19944],[15.40037,51.19933],[15.39872,51.19928]]}},{"type":"Feature","properties":{"numer":"2281D","klasa":"","kat":"powiatowa"},"geometry":{"type":"LineString","coordinates":[[15.40135,51.19949],[15.40124,51.19944]]}},{"type":"Feature","properties":{"numer":"","klasa":"droga gĹ‚Ăłwna","kat":"gminna"},"geometry":{"type":"LineString","coordinates":[[15.39846,51.1998],[15.39872,51.19928]]}},{"type":"Feature","properties":{"numer":"","klasa":"droga gĹ‚Ăłwna","kat":"gminna"},"geometry":{"type":"LineString","coordinates":[[15.39842,51.19987],[15.39846,51.1998]]}},{"type":"Feature","properties":{"numer":"357","klasa":"droga zbiorcza","kat":"wojewodzka"},"geometry":{"type":"LineString","coordinates":[[15.41502,51.20286],[15.41416,51.20254],[15.41356,51.2022],[15.40962,51.19987],[15.40827,51.19877],[15.40608,51.19758],[15.40493,51.19712],[15.40392,51.19696]]}},{"type":"Feature","properties":{"numer":"2296D","klasa":"droga zbiorcza","kat":"powiatowa"},"geometry":{"type":"LineString","coordinates":[[15.41502,51.20286],[15.4171,51.20208],[15.41898,51.20161],[15.41953,51.20164],[15.42078,51.20199],[15.42153,51.2021],[15.42437,51.20186],[15.4248,51.20165],[15.42598,51.20071],[15.42714,51.19972],[15.42808,51.19869],[15.42845,51.19846],[15.42874,51.19839],[15.43056,51.19833],[15.43481,51.19842],[15.44897,51.1978],[15.4545,51.19772],[15.45832,51.19772],[15.46115,51.19784],[15.48257,51.20032],[15.4849,51.20094],[15.487,51.20119],[15.488,51.20164],[15.48882,51.20217]]}},{"type":"Feature","properties":{"numer":"","klasa":"droga gĹ‚Ăłwna","kat":"gminna"},"geometry":{"type":"LineString","coordinates":[[15.39684,51.20244],[15.39717,51.20237],[15.3974,51.20221],[15.39768,51.20104],[15.39842,51.19987]]}},{"type":"Feature","properties":{"numer":"2273D","klasa":"droga zbiorcza","kat":"powiatowa"},"geometry":{"type":"LineString","coordinates":[[15.48977,51.19933],[15.49005,51.19935]]}},{"type":"Feature","properties":{"numer":"2273D,2499D","klasa":"droga zbiorcza","kat":"powiatowa"},"geometry":{"type":"LineString","coordinates":[[15.49005,51.19935],[15.48983,51.20044],[15.48996,51.20094]]}},{"type":"Feature","properties":{"numer":"2499D","klasa":"droga zbiorcza","kat":"powiatowa"},"geometry":{"type":"LineString","coordinates":[[15.48996,51.20094],[15.48989,51.20146],[15.48977,51.20163],[15.48882,51.20217]]}},{"type":"Feature","properties":{"numer":"2273D","klasa":"droga zbiorcza","kat":"powiatowa"},"geometry":{"type":"LineString","coordinates":[[15.51383,51.20861],[15.51229,51.20872],[15.51183,51.20867],[15.50783,51.20743],[15.50718,51.20713],[15.50522,51.20581],[15.5,51.20405],[15.49715,51.20268],[15.49407,51.20168],[15.49217,51.20133],[15.49064,51.20094],[15.48996,51.20094]]}},{"type":"Feature","properties":{"numer":"2273D","klasa":"droga zbiorcza","kat":"powiatowa"},"geometry":{"type":"LineString","coordinates":[[15.51527,51.20924],[15.51425,51.20873],[15.51383,51.20861]]}},{"type":"Feature","properties":{"numer":"2273D","klasa":"droga zbiorcza","kat":"powiatowa"},"geometry":{"type":"LineString","coordinates":[[15.51531,51.20926],[15.51527,51.20924]]}},{"type":"Feature","properties":{"numer":"2273D","klasa":"droga zbiorcza","kat":"powiatowa"},"geometry":{"type":"LineString","coordinates":[[15.51653,51.21047],[15.51629,51.2098],[15.51531,51.20926]]}},{"type":"Feature","properties":{"numer":"2273D","klasa":"droga zbiorcza","kat":"powiatowa"},"geometry":{"type":"LineString","coordinates":[[15.51653,51.21061],[15.51653,51.21047]]}},{"type":"Feature","properties":{"numer":"2273D","klasa":"droga zbiorcza","kat":"powiatowa"},"geometry":{"type":"LineString","coordinates":[[15.51628,51.21234],[15.51603,51.21202],[15.51595,51.21171],[15.51612,51.21128],[15.51648,51.21086],[15.51653,51.21061]]}},{"type":"Feature","properties":{"numer":"2273D","klasa":"droga zbiorcza","kat":"powiatowa"},"geometry":{"type":"LineString","coordinates":[[15.51661,51.2127],[15.51628,51.21234]]}},{"type":"Feature","properties":{"numer":"94","klasa":"droga gĹ‚Ăłwna","kat":"krajowa"},"geometry":{"type":"LineString","coordinates":[[15.212625012929335,51.220758624172745],[15.2192,51.22111],[15.2205,51.22101],[15.23211,51.21931]]}},{"type":"Feature","properties":{"numer":"296","klasa":"droga gĹ‚Ăłwna","kat":"wojewodzka"},"geometry":{"type":"LineString","coordinates":[[15.23282,51.21923],[15.23307,51.21888]]}},{"type":"Feature","properties":{"numer":"94","klasa":"droga gĹ‚Ăłwna","kat":"krajowa"},"geometry":{"type":"LineString","coordinates":[[15.23282,51.21923],[15.23358,51.21921]]}},{"type":"Feature","properties":{"numer":"94","klasa":"droga gĹ‚Ăłwna","kat":"krajowa"},"geometry":{"type":"LineString","coordinates":[[15.23211,51.21931],[15.23282,51.21923]]}},{"type":"Feature","properties":{"numer":"296","klasa":"droga gĹ‚Ăłwna","kat":"wojewodzka"},"geometry":{"type":"LineString","coordinates":[[15.23261,51.21965],[15.23282,51.21923]]}},{"type":"Feature","properties":{"numer":"296","klasa":"droga gĹ‚Ăłwna","kat":"wojewodzka"},"geometry":{"type":"LineString","coordinates":[[15.226531144304392,51.22914992571247],[15.22842,51.22681],[15.23039,51.22484],[15.23227,51.22149],[15.23261,51.21965]]}},{"type":"Feature","properties":{"numer":"2282D","klasa":"","kat":"powiatowa"},"geometry":{"type":"LineString","coordinates":[[15.2397,51.2121],[15.24022,51.21177]]}},{"type":"Feature","properties":{"numer":"296","klasa":"droga gĹ‚Ăłwna","kat":"wojewodzka"},"geometry":{"type":"LineString","coordinates":[[15.23957,51.21196],[15.2397,51.2121]]}},{"type":"Feature","properties":{"numer":"","klasa":"autostrada","kat":"krajowa"},"geometry":{"type":"LineString","coordinates":[[15.23981,51.21226],[15.2397,51.2121]]}},{"type":"Feature","properties":{"numer":"296","klasa":"droga gĹ‚Ăłwna","kat":"wojewodzka"},"geometry":{"type":"LineString","coordinates":[[15.2397,51.2121],[15.23903,51.21231]]}},{"type":"Feature","properties":{"numer":"A4,E40","klasa":"autostrada","kat":"krajowa"},"geometry":{"type":"LineString","coordinates":[[15.21433,51.21609],[15.212208048364687,51.215784133097614]]}},{"type":"Feature","properties":{"numer":"A4,E40","klasa":"autostrada","kat":"krajowa"},"geometry":{"type":"LineString","coordinates":[[15.24198,51.21676],[15.24198,51.21568],[15.24183,51.21508],[15.23981,51.21226]]}},{"type":"Feature","properties":{"numer":"296","klasa":"droga gĹ‚Ăłwna","kat":"wojewodzka"},"geometry":{"type":"LineString","coordinates":[[15.23543,51.21671],[15.2366,51.21551],[15.23767,51.21391],[15.23825,51.21283],[15.23852,51.21258],[15.23903,51.21231]]}},{"type":"Feature","properties":{"numer":"A4,E40","klasa":"autostrada","kat":"krajowa"},"geometry":{"type":"LineString","coordinates":[[15.216,51.21629],[15.21433,51.21609]]}},{"type":"Feature","properties":{"numer":"A4,E40","klasa":"autostrada","kat":"krajowa"},"geometry":{"type":"LineString","coordinates":[[15.23491,51.21671],[15.22105,51.21659],[15.21876,51.2165],[15.216,51.21629]]}},{"type":"Feature","properties":{"numer":"A4,E40","klasa":"autostrada","kat":"krajowa"},"geometry":{"type":"LineString","coordinates":[[15.23543,51.21671],[15.23491,51.21671]]}},{"type":"Feature","properties":{"numer":"A4,E40","klasa":"autostrada","kat":"krajowa"},"geometry":{"type":"LineString","coordinates":[[15.236,51.21672],[15.23543,51.21671]]}},{"type":"Feature","properties":{"numer":"A4,E40","klasa":"autostrada","kat":"krajowa"},"geometry":{"type":"LineString","coordinates":[[15.24141,51.21676],[15.236,51.21672]]}},{"type":"Feature","properties":{"numer":"A4,E40","klasa":"autostrada","kat":"krajowa"},"geometry":{"type":"LineString","coordinates":[[15.24198,51.21676],[15.24141,51.21676]]}},{"type":"Feature","properties":{"numer":"A4,E40","klasa":"autostrada","kat":"krajowa"},"geometry":{"type":"LineString","coordinates":[[15.2425,51.21677],[15.24198,51.21676]]}},{"type":"Feature","properties":{"numer":"296","klasa":"droga gĹ‚Ăłwna","kat":"wojewodzka"},"geometry":{"type":"LineString","coordinates":[[15.23307,51.21888],[15.23354,51.21857],[15.23543,51.21671]]}},{"type":"Feature","properties":{"numer":"","klasa":"droga gĹ‚Ăłwna","kat":"gminna"},"geometry":{"type":"LineString","coordinates":[[15.39538,51.20263],[15.39684,51.20244]]}},{"type":"Feature","properties":{"numer":"2281D","klasa":"","kat":"powiatowa"},"geometry":{"type":"LineString","coordinates":[[15.40135,51.19949],[15.40249,51.19993],[15.40282,51.2005],[15.40341,51.20102],[15.40441,51.2027],[15.40477,51.20382],[15.40457,51.20539],[15.4038,51.20725],[15.40302,51.20849],[15.40267,51.20869],[15.40143,51.20911],[15.40095,51.2096],[15.4006,51.20983],[15.39955,51.21031],[15.39884,51.21081],[15.39768,51.21132],[15.39691,51.21248],[15.39671,51.21313],[15.3981,51.215],[15.39837,51.21644],[15.3998,51.219],[15.39944,51.22032],[15.3996,51.22122],[15.40054,51.22224],[15.40166,51.22313],[15.40188,51.22343],[15.40233,51.2248],[15.4023,51.22505],[15.40185,51.22583],[15.40202,51.22647],[15.40294,51.22744],[15.40392,51.22828],[15.40444,51.22918],[15.40445,51.22954],[15.40405,51.2302],[15.40377,51.23104],[15.40374,51.23154],[15.4039,51.23198]]}},{"type":"Feature","properties":{"numer":"","klasa":"droga gĹ‚Ăłwna","kat":"gminna"},"geometry":{"type":"LineString","coordinates":[[15.38744,51.23006],[15.3881,51.2281],[15.38821,51.22722],[15.38684,51.22414],[15.3868,51.22333],[15.38747,51.22134],[15.389,51.21927],[15.38913,51.21889],[15.38869,51.21613],[15.38712,51.21387],[15.38697,51.21349],[15.38698,51.21301],[15.38726,51.21265],[15.39104,51.20994],[15.39158,51.20852],[15.39185,51.20745],[15.39496,51.20285],[15.39538,51.20263]]}},{"type":"Feature","properties":{"numer":"357","klasa":"droga zbiorcza","kat":"wojewodzka"},"geometry":{"type":"LineString","coordinates":[[15.47705,51.2372],[15.4767,51.23676],[15.47321,51.23446],[15.47172,51.23378],[15.47113,51.23338],[15.47013,51.23287],[15.46909,51.23241],[15.4642,51.23076],[15.4628,51.23037],[15.46231,51.23014],[15.45403,51.22475],[15.45172,51.22392],[15.44856,51.22239],[15.44688,51.22113],[15.44575,51.22006],[15.44427,51.21911],[15.44325,51.21783],[15.44294,51.21764],[15.43707,51.21495],[15.43553,51.21414],[15.43328,51.21318],[15.43116,51.2118],[15.42931,51.2108],[15.42383,51.20869],[15.42302,51.20817],[15.42125,51.20651],[15.41998,51.20558],[15.41973,51.20521],[15.41956,51.20463],[15.41935,51.20438],[15.41865,51.20407],[15.41502,51.20286]]}},{"type":"Feature","properties":{"numer":"94","klasa":"droga gĹ‚Ăłwna","kat":"krajowa"},"geometry":{"type":"LineString","coordinates":[[15.39445,51.2319],[15.39331,51.23148],[15.39079,51.2301],[15.3901,51.23],[15.38744,51.23006]]}},{"type":"Feature","properties":{"numer":"94","klasa":"droga gĹ‚Ăłwna","kat":"krajowa"},"geometry":{"type":"LineString","coordinates":[[15.39445,51.2319],[15.39476,51.232]]}},{"type":"Feature","properties":{"numer":"94","klasa":"droga gĹ‚Ăłwna","kat":"krajowa"},"geometry":{"type":"LineString","coordinates":[[15.39476,51.232],[15.39608,51.23244]]}},{"type":"Feature","properties":{"numer":"94","klasa":"droga gĹ‚Ăłwna","kat":"krajowa"},"geometry":{"type":"LineString","coordinates":[[15.39608,51.23244],[15.39648,51.23257]]}},{"type":"Feature","properties":{"numer":"94","klasa":"droga gĹ‚Ăłwna","kat":"krajowa"},"geometry":{"type":"LineString","coordinates":[[15.4039,51.23198],[15.40283,51.23262],[15.40217,51.23282],[15.3985,51.23304],[15.39796,51.23301],[15.39739,51.23287]]}},{"type":"Feature","properties":{"numer":"94","klasa":"droga gĹ‚Ăłwna","kat":"krajowa"},"geometry":{"type":"LineString","coordinates":[[15.39648,51.23257],[15.39701,51.23275]]}},{"type":"Feature","properties":{"numer":"2279D","klasa":"","kat":"powiatowa"},"geometry":{"type":"LineString","coordinates":[[15.28504,51.22207],[15.28533,51.22162],[15.28528,51.22124],[15.28495,51.22095],[15.2838,51.2204],[15.2835,51.22008],[15.28344,51.21976]]}},{"type":"Feature","properties":{"numer":"A4,E40","klasa":"autostrada","kat":"krajowa"},"geometry":{"type":"LineString","coordinates":[[15.28504,51.22207],[15.27985,51.22057]]}},{"type":"Feature","properties":{"numer":"94","klasa":"droga gĹ‚Ăłwna","kat":"krajowa"},"geometry":{"type":"LineString","coordinates":[[15.23358,51.21921],[15.23936,51.21995],[15.2493,51.22004],[15.25719,51.22058],[15.26432,51.22079],[15.2779,51.22362],[15.28048,51.22397]]}},{"type":"Feature","properties":{"numer":"A4,E40","klasa":"autostrada","kat":"krajowa"},"geometry":{"type":"LineString","coordinates":[[15.28542,51.22219],[15.28504,51.22207]]}},{"type":"Feature","properties":{"numer":"94","klasa":"droga gĹ‚Ăłwna","kat":"krajowa"},"geometry":{"type":"LineString","coordinates":[[15.29477,51.22468],[15.30654,51.22266],[15.32392,51.22046],[15.32707,51.22054],[15.35151,51.22182],[15.35273,51.22207],[15.35446,51.22272],[15.35546,51.22293]]}},{"type":"Feature","properties":{"numer":"2283D,94","klasa":"droga gĹ‚Ăłwna","kat":"powiatowa"},"geometry":{"type":"LineString","coordinates":[[15.35546,51.22293],[15.35623,51.22306]]}},{"type":"Feature","properties":{"numer":"2279D","klasa":"","kat":"powiatowa"},"geometry":{"type":"LineString","coordinates":[[15.28394,51.22394],[15.28432,51.22313],[15.28504,51.22207]]}},{"type":"Feature","properties":{"numer":"2283D,94","klasa":"droga gĹ‚Ăłwna","kat":"powiatowa"},"geometry":{"type":"LineString","coordinates":[[15.35623,51.22306],[15.35651,51.22311]]}},{"type":"Feature","properties":{"numer":"2283D,94","klasa":"droga gĹ‚Ăłwna","kat":"powiatowa"},"geometry":{"type":"LineString","coordinates":[[15.35651,51.22311],[15.35707,51.2232]]}},{"type":"Feature","properties":{"numer":"A4,E40","klasa":"autostrada","kat":"krajowa"},"geometry":{"type":"LineString","coordinates":[[15.29405,51.22479],[15.28542,51.22219]]}},{"type":"Feature","properties":{"numer":"2273D","klasa":"droga zbiorcza","kat":"powiatowa"},"geometry":{"type":"LineString","coordinates":[[15.51674,51.21871],[15.51687,51.21765],[15.51741,51.21711],[15.51848,51.21663],[15.51877,51.21638],[15.5191,51.21464],[15.51957,51.21309],[15.51942,51.21294],[15.51923,51.21289],[15.51734,51.21292],[15.51679,51.21285],[15.51661,51.2127]]}},{"type":"Feature","properties":{"numer":"2499D","klasa":"droga zbiorcza","kat":"powiatowa"},"geometry":{"type":"LineString","coordinates":[[15.48882,51.20217],[15.48844,51.20253],[15.48833,51.20287],[15.4884,51.20307],[15.48983,51.20425],[15.49028,51.2049],[15.49039,51.20632],[15.49013,51.20795],[15.48848,51.21016],[15.48807,51.21093],[15.4848,51.21438],[15.4847,51.21461],[15.48472,51.21556],[15.48435,51.21663],[15.48443,51.21713],[15.48866,51.22651],[15.4887,51.22771],[15.48811,51.22931],[15.48809,51.23068]]}},{"type":"Feature","properties":{"numer":"2273D","klasa":"droga zbiorcza","kat":"powiatowa"},"geometry":{"type":"LineString","coordinates":[[15.51675,51.21876],[15.51674,51.21871]]}},{"type":"Feature","properties":{"numer":"2273D","klasa":"droga zbiorcza","kat":"powiatowa"},"geometry":{"type":"LineString","coordinates":[[15.52493,51.22943],[15.52429,51.22741],[15.52394,51.22687],[15.52242,51.22576],[15.52198,51.22552],[15.52068,51.22506],[15.52007,51.22467],[15.51727,51.22095],[15.51707,51.22054],[15.51695,51.21929],[15.51675,51.21876]]}},{"type":"Feature","properties":{"numer":"2499D","klasa":"droga zbiorcza","kat":"powiatowa"},"geometry":{"type":"LineString","coordinates":[[15.48809,51.23068],[15.48809,51.23074]]}},{"type":"Feature","properties":{"numer":"2499D","klasa":"droga zbiorcza","kat":"powiatowa"},"geometry":{"type":"LineString","coordinates":[[15.48809,51.23074],[15.48811,51.23109]]}},{"type":"Feature","properties":{"numer":"2499D","klasa":"droga zbiorcza","kat":"powiatowa"},"geometry":{"type":"LineString","coordinates":[[15.48811,51.23109],[15.48811,51.23113]]}},{"type":"Feature","properties":{"numer":"2273D","klasa":"droga zbiorcza","kat":"powiatowa"},"geometry":{"type":"LineString","coordinates":[[15.54157,51.24568],[15.54095,51.24557],[15.54073,51.2454],[15.53522,51.23926],[15.52871,51.23457],[15.52773,51.23368],[15.52732,51.23285],[15.52585,51.23167],[15.52493,51.22943]]}},{"type":"Feature","properties":{"numer":"2499D","klasa":"droga zbiorcza","kat":"powiatowa"},"geometry":{"type":"LineString","coordinates":[[15.48811,51.23113],[15.48802,51.23213],[15.4863,51.23506],[15.486,51.2358],[15.48606,51.23633],[15.48647,51.23684],[15.48672,51.23741],[15.48631,51.23956],[15.48624,51.24054],[15.48741,51.24393],[15.48719,51.24626],[15.48696,51.2469],[15.48632,51.24797]]}},{"type":"Feature","properties":{"numer":"","klasa":"droga zbiorcza","kat":"powiatowa"},"geometry":{"type":"LineString","coordinates":[[15.4826,51.24526],[15.48225,51.24552]]}},{"type":"Feature","properties":{"numer":"2279D","klasa":"","kat":"powiatowa"},"geometry":{"type":"LineString","coordinates":[[15.28394,51.22394],[15.28376,51.22435]]}},{"type":"Feature","properties":{"numer":"94","klasa":"droga gĹ‚Ăłwna","kat":"krajowa"},"geometry":{"type":"LineString","coordinates":[[15.28048,51.22397],[15.28376,51.22435]]}},{"type":"Feature","properties":{"numer":"2279D","klasa":"","kat":"powiatowa"},"geometry":{"type":"LineString","coordinates":[[15.28376,51.22435],[15.28363,51.22461],[15.2834,51.22473]]}},{"type":"Feature","properties":{"numer":"94","klasa":"droga gĹ‚Ăłwna","kat":"krajowa"},"geometry":{"type":"LineString","coordinates":[[15.28376,51.22435],[15.28708,51.22479]]}},{"type":"Feature","properties":{"numer":"94","klasa":"droga gĹ‚Ăłwna","kat":"krajowa"},"geometry":{"type":"LineString","coordinates":[[15.29405,51.22479],[15.29477,51.22468]]}},{"type":"Feature","properties":{"numer":"94","klasa":"droga gĹ‚Ăłwna","kat":"krajowa"},"geometry":{"type":"LineString","coordinates":[[15.29322,51.2249],[15.29405,51.22479]]}},{"type":"Feature","properties":{"numer":"94","klasa":"droga gĹ‚Ăłwna","kat":"krajowa"},"geometry":{"type":"LineString","coordinates":[[15.28708,51.22479],[15.28852,51.22496],[15.29062,51.22504],[15.29322,51.2249]]}},{"type":"Feature","properties":{"numer":"94","klasa":"droga gĹ‚Ăłwna","kat":"krajowa"},"geometry":{"type":"LineString","coordinates":[[15.38744,51.23006],[15.3814,51.23019],[15.38039,51.23],[15.37622,51.22864],[15.36899,51.2244],[15.3681,51.22404],[15.3671,51.22391],[15.35922,51.22354],[15.35707,51.2232]]}},{"type":"Feature","properties":{"numer":"2279D","klasa":"","kat":"powiatowa"},"geometry":{"type":"LineString","coordinates":[[15.27569,51.23246],[15.2774,51.23153],[15.2801,51.2302],[15.28003,51.23004],[15.27952,51.2298],[15.27848,51.22892],[15.27835,51.22878],[15.27837,51.22858],[15.27977,51.22767],[15.28073,51.22631],[15.28118,51.22584],[15.28201,51.22537],[15.2834,51.22473]]}},{"type":"Feature","properties":{"numer":"2279D","klasa":"","kat":"powiatowa"},"geometry":{"type":"LineString","coordinates":[[15.27565,51.23248],[15.27569,51.23246]]}},{"type":"Feature","properties":{"numer":"94","klasa":"droga gĹ‚Ăłwna","kat":"krajowa"},"geometry":{"type":"LineString","coordinates":[[15.39701,51.23275],[15.39739,51.23287]]}},{"type":"Feature","properties":{"numer":"94","klasa":"droga gĹ‚Ăłwna","kat":"krajowa"},"geometry":{"type":"LineString","coordinates":[[15.46846,51.24277],[15.4669,51.24239],[15.46295,51.2409],[15.46197,51.24061],[15.44486,51.23795],[15.43917,51.2361],[15.43832,51.23588],[15.4271,51.23458],[15.41615,51.23222],[15.40607,51.23129],[15.40486,51.23149],[15.4039,51.23198]]}},{"type":"Feature","properties":{"numer":"357","klasa":"droga zbiorcza","kat":"wojewodzka"},"geometry":{"type":"LineString","coordinates":[[15.47709,51.23725],[15.47705,51.2372]]}},{"type":"Feature","properties":{"numer":"357","klasa":"droga zbiorcza","kat":"wojewodzka"},"geometry":{"type":"LineString","coordinates":[[15.48222,51.24491],[15.47939,51.24141],[15.47881,51.24044],[15.47826,51.23909],[15.47709,51.23725]]}},{"type":"Feature","properties":{"numer":"103986D,94","klasa":"droga gĹ‚Ăłwna","kat":"powiatowa"},"geometry":{"type":"LineString","coordinates":[[15.46873,51.24281],[15.46846,51.24277]]}},{"type":"Feature","properties":{"numer":"94","klasa":"droga gĹ‚Ăłwna","kat":"krajowa"},"geometry":{"type":"LineString","coordinates":[[15.48214,51.24548],[15.47667,51.24402],[15.46873,51.24281]]}},{"type":"Feature","properties":{"numer":"357","klasa":"droga zbiorcza","kat":"wojewodzka"},"geometry":{"type":"LineString","coordinates":[[15.48222,51.24491],[15.4826,51.24526]]}},{"type":"Feature","properties":{"numer":"","klasa":"droga zbiorcza","kat":"powiatowa"},"geometry":{"type":"LineString","coordinates":[[15.48214,51.24548],[15.48222,51.24491]]}},{"type":"Feature","properties":{"numer":"94","klasa":"droga gĹ‚Ăłwna","kat":"krajowa"},"geometry":{"type":"LineString","coordinates":[[15.48225,51.24552],[15.48214,51.24548]]}},{"type":"Feature","properties":{"numer":"","klasa":"droga gĹ‚Ăłwna","kat":"gminna"},"geometry":{"type":"LineString","coordinates":[[15.4119,51.26909],[15.41168,51.26797],[15.41088,51.26687],[15.40951,51.26376],[15.40837,51.26167],[15.40797,51.26072],[15.40734,51.26018],[15.40646,51.25913],[15.4062,51.25897],[15.40522,51.25862],[15.40474,51.25823],[15.40386,51.25601],[15.40359,51.25571],[15.40288,51.25531],[15.4026,51.25441],[15.40238,51.25408],[15.40096,51.25335],[15.40024,51.2531],[15.39648,51.25259],[15.39536,51.25229],[15.39495,51.25228],[15.3926,51.25265],[15.39249,51.25266],[15.39227,51.25247],[15.39302,51.25115],[15.39327,51.25036],[15.39344,51.24928],[15.39149,51.24343],[15.39099,51.2423],[15.39109,51.24188],[15.39161,51.24108],[15.39134,51.23965],[15.39184,51.23764],[15.39191,51.23688],[15.39062,51.23518],[15.38838,51.23303],[15.38806,51.2326],[15.38776,51.23196],[15.38744,51.23006]]}},{"type":"Feature","properties":{"numer":"2281D","klasa":"","kat":"powiatowa"},"geometry":{"type":"LineString","coordinates":[[15.4039,51.23198],[15.40459,51.23285],[15.40588,51.23331],[15.40692,51.23387],[15.40755,51.23476],[15.40776,51.23537],[15.40775,51.23579],[15.40677,51.23704],[15.40669,51.23727],[15.40699,51.23911],[15.40732,51.23982],[15.40831,51.24104],[15.41191,51.24478],[15.4146,51.24711],[15.41579,51.24773],[15.41621,51.24908],[15.41671,51.25007],[15.41771,51.25085],[15.41797,51.25205],[15.41768,51.25318],[15.41882,51.25524],[15.41991,51.25659],[15.42146,51.25798],[15.42229,51.25891],[15.42286,51.2594],[15.42315,51.25979],[15.42378,51.26032],[15.42426,51.26092],[15.42428,51.26118],[15.42389,51.26244],[15.42229,51.26475],[15.42321,51.26716],[15.42327,51.26789]]}},{"type":"Feature","properties":{"numer":"A4,E40","klasa":"autostrada","kat":"krajowa"},"geometry":{"type":"LineString","coordinates":[[15.41194,51.26931],[15.40435,51.27027],[15.40149,51.27055],[15.39787,51.27072],[15.39479,51.27071],[15.39047,51.27048],[15.38648,51.27001],[15.38284,51.26935],[15.37941,51.26855],[15.37653,51.26768],[15.37342,51.26656],[15.36969,51.26493],[15.36799,51.26402],[15.36483,51.26207],[15.35491,51.25481]]}},{"type":"Feature","properties":{"numer":"2281D","klasa":"","kat":"powiatowa"},"geometry":{"type":"LineString","coordinates":[[15.42327,51.26789],[15.42328,51.26812]]}},{"type":"Feature","properties":{"numer":"2281D","klasa":"","kat":"powiatowa"},"geometry":{"type":"LineString","coordinates":[[15.42328,51.26812],[15.42328,51.26837]]}},{"type":"Feature","properties":{"numer":"A4,E40","klasa":"autostrada","kat":"krajowa"},"geometry":{"type":"LineString","coordinates":[[15.42328,51.26812],[15.42155,51.26817],[15.41961,51.26833],[15.41194,51.26931]]}},{"type":"Feature","properties":{"numer":"","klasa":"droga gĹ‚Ăłwna","kat":"gminna"},"geometry":{"type":"LineString","coordinates":[[15.41194,51.26931],[15.4119,51.26909]]}},{"type":"Feature","properties":{"numer":"","klasa":"droga gĹ‚Ăłwna","kat":"gminna"},"geometry":{"type":"LineString","coordinates":[[15.41199,51.26961],[15.41194,51.26931]]}},{"type":"Feature","properties":{"numer":"A4,E40","klasa":"autostrada","kat":"krajowa"},"geometry":{"type":"LineString","coordinates":[[15.44118,51.27224],[15.43409,51.26971],[15.43145,51.26899],[15.42946,51.2686],[15.42713,51.26829],[15.42518,51.26815],[15.42328,51.26812]]}},{"type":"Feature","properties":{"numer":"A4,E40","klasa":"autostrada","kat":"krajowa"},"geometry":{"type":"LineString","coordinates":[[15.44192,51.27251],[15.44118,51.27224]]}},{"type":"Feature","properties":{"numer":"A4,E40","klasa":"autostrada","kat":"krajowa"},"geometry":{"type":"LineString","coordinates":[[15.47718,51.28521],[15.44192,51.27251]]}},{"type":"Feature","properties":{"numer":"363","klasa":"droga zbiorcza","kat":"wojewodzka"},"geometry":{"type":"LineString","coordinates":[[15.6053,51.24121],[15.60282,51.24192],[15.60225,51.24215],[15.59876,51.2441],[15.59633,51.24527]]}},{"type":"Feature","properties":{"numer":"297","klasa":"droga gĹ‚Ăłwna ruchu przyĹ›pieszonego","kat":"wojewodzka"},"geometry":{"type":"LineString","coordinates":[[15.5699,51.24402],[15.57621,51.24287]]}},{"type":"Feature","properties":{"numer":"297","klasa":"droga gĹ‚Ăłwna","kat":"wojewodzka"},"geometry":{"type":"LineString","coordinates":[[15.56796,51.24439],[15.56789,51.24393],[15.56819,51.24314]]}},{"type":"Feature","properties":{"numer":"297","klasa":"droga gĹ‚Ăłwna ruchu przyĹ›pieszonego","kat":"wojewodzka"},"geometry":{"type":"LineString","coordinates":[[15.58986,51.24297],[15.59453,51.24453],[15.59592,51.24527]]}},{"type":"Feature","properties":{"numer":"297","klasa":"droga gĹ‚Ăłwna ruchu przyĹ›pieszonego","kat":"wojewodzka"},"geometry":{"type":"LineString","coordinates":[[15.56796,51.24439],[15.5699,51.24402]]}},{"type":"Feature","properties":{"numer":"","klasa":"droga gĹ‚Ăłwna","kat":"gminna"},"geometry":{"type":"LineString","coordinates":[[15.56773,51.24559],[15.56796,51.24439]]}},{"type":"Feature","properties":{"numer":"363","klasa":"droga zbiorcza","kat":"wojewodzka"},"geometry":{"type":"LineString","coordinates":[[15.59633,51.24527],[15.59611,51.24542]]}},{"type":"Feature","properties":{"numer":"297","klasa":"droga gĹ‚Ăłwna ruchu przyĹ›pieszonego","kat":"wojewodzka"},"geometry":{"type":"LineString","coordinates":[[15.59592,51.24527],[15.59611,51.24542]]}},{"type":"Feature","properties":{"numer":"","klasa":"droga gĹ‚Ăłwna","kat":"gminna"},"geometry":{"type":"LineString","coordinates":[[15.59611,51.24542],[15.59586,51.24554]]}},{"type":"Feature","properties":{"numer":"297","klasa":"droga gĹ‚Ăłwna ruchu przyĹ›pieszonego","kat":"wojewodzka"},"geometry":{"type":"LineString","coordinates":[[15.59611,51.24542],[15.5962,51.24562]]}},{"type":"Feature","properties":{"numer":"2276D","klasa":"","kat":"powiatowa"},"geometry":{"type":"LineString","coordinates":[[15.68091,51.25293],[15.68023,51.25225],[15.68112,51.25075],[15.68121,51.25038],[15.68056,51.24964],[15.67994,51.24865],[15.67991,51.2476],[15.67977,51.24721],[15.67864,51.24625],[15.67758,51.24576],[15.67699,51.24539],[15.676,51.24448],[15.67487,51.24289],[15.67268,51.24145],[15.67232,51.24071],[15.67218,51.23886],[15.6711,51.23776],[15.66964,51.23516],[15.66716,51.23318],[15.66633,51.23263],[15.66612,51.23217]]}},{"type":"Feature","properties":{"numer":"2276D","klasa":"","kat":"powiatowa"},"geometry":{"type":"LineString","coordinates":[[15.68091,51.25293],[15.68089,51.253]]}},{"type":"Feature","properties":{"numer":"2276D","klasa":"","kat":"powiatowa"},"geometry":{"type":"LineString","coordinates":[[15.68174,51.25981],[15.68143,51.25939],[15.68077,51.25895],[15.68058,51.2586],[15.68073,51.25659],[15.6804,51.25559],[15.68035,51.25485],[15.68089,51.253]]}},{"type":"Feature","properties":{"numer":"2276D","klasa":"","kat":"powiatowa"},"geometry":{"type":"LineString","coordinates":[[15.68195,51.25982],[15.68174,51.25981]]}},{"type":"Feature","properties":{"numer":"2276D","klasa":"","kat":"powiatowa"},"geometry":{"type":"LineString","coordinates":[[15.68231,51.25986],[15.68195,51.25982]]}},{"type":"Feature","properties":{"numer":"2276D","klasa":"","kat":"powiatowa"},"geometry":{"type":"LineString","coordinates":[[15.68231,51.25986],[15.68251,51.25989]]}},{"type":"Feature","properties":{"numer":"2276D","klasa":"","kat":"powiatowa"},"geometry":{"type":"LineString","coordinates":[[15.68174,51.25981],[15.68167,51.26003]]}},{"type":"Feature","properties":{"numer":"2276D","klasa":"","kat":"powiatowa"},"geometry":{"type":"LineString","coordinates":[[15.67953,51.26008],[15.68067,51.25987],[15.68174,51.25981]]}},{"type":"Feature","properties":{"numer":"94","klasa":"droga gĹ‚Ăłwna","kat":"krajowa"},"geometry":{"type":"LineString","coordinates":[[15.68167,51.26003],[15.68062,51.25999],[15.67953,51.26008]]}},{"type":"Feature","properties":{"numer":"94","klasa":"droga gĹ‚Ăłwna","kat":"krajowa"},"geometry":{"type":"LineString","coordinates":[[15.68205,51.26007],[15.68167,51.26003]]}},{"type":"Feature","properties":{"numer":"357","klasa":"droga zbiorcza","kat":"wojewodzka"},"geometry":{"type":"LineString","coordinates":[[15.4826,51.24526],[15.48375,51.24611]]}},{"type":"Feature","properties":{"numer":"2273D","klasa":"droga zbiorcza","kat":"powiatowa"},"geometry":{"type":"LineString","coordinates":[[15.54165,51.24569],[15.54157,51.24568]]}},{"type":"Feature","properties":{"numer":"2273D","klasa":"droga zbiorcza","kat":"powiatowa"},"geometry":{"type":"LineString","coordinates":[[15.54222,51.24577],[15.54165,51.24569]]}},{"type":"Feature","properties":{"numer":"94","klasa":"droga gĹ‚Ăłwna","kat":"krajowa"},"geometry":{"type":"LineString","coordinates":[[15.48375,51.24611],[15.48225,51.24552]]}},{"type":"Feature","properties":{"numer":"103975D,2273D","klasa":"droga zbiorcza","kat":"powiatowa"},"geometry":{"type":"LineString","coordinates":[[15.54289,51.24593],[15.54222,51.24577]]}},{"type":"Feature","properties":{"numer":"94","klasa":"droga gĹ‚Ăłwna","kat":"krajowa"},"geometry":{"type":"LineString","coordinates":[[15.48632,51.24797],[15.48375,51.24611]]}},{"type":"Feature","properties":{"numer":"2273D","klasa":"droga zbiorcza","kat":"powiatowa"},"geometry":{"type":"LineString","coordinates":[[15.55386,51.25336],[15.5507,51.25114],[15.54867,51.24999],[15.54725,51.24881],[15.54289,51.24593]]}},{"type":"Feature","properties":{"numer":"2273D,2310D","klasa":"","kat":"powiatowa"},"geometry":{"type":"LineString","coordinates":[[15.55399,51.25328],[15.55386,51.25336]]}},{"type":"Feature","properties":{"numer":"2312D","klasa":"","kat":"powiatowa"},"geometry":{"type":"LineString","coordinates":[[15.55791,51.25267],[15.55711,51.25503]]}},{"type":"Feature","properties":{"numer":"2273D","klasa":"droga zbiorcza","kat":"powiatowa"},"geometry":{"type":"LineString","coordinates":[[15.55711,51.25503],[15.55556,51.25431],[15.55386,51.25336]]}},{"type":"Feature","properties":{"numer":"","klasa":"droga gĹ‚Ăłwna","kat":"gminna"},"geometry":{"type":"LineString","coordinates":[[15.56585,51.25353],[15.56497,51.25021],[15.56493,51.24887],[15.56529,51.24828],[15.5669,51.24723],[15.56725,51.24691],[15.56754,51.24645],[15.56773,51.24559]]}},{"type":"Feature","properties":{"numer":"2292D","klasa":"","kat":"powiatowa"},"geometry":{"type":"LineString","coordinates":[[15.60846,51.23989],[15.60845,51.24099],[15.60791,51.24389],[15.60764,51.24428],[15.60754,51.24498],[15.60688,51.24613],[15.60641,51.24786],[15.60626,51.24938],[15.60702,51.253],[15.60959,51.25696],[15.6099,51.2577],[15.61019,51.25885],[15.61147,51.26015],[15.61151,51.26083]]}},{"type":"Feature","properties":{"numer":"2307D","klasa":"droga zbiorcza","kat":"powiatowa"},"geometry":{"type":"LineString","coordinates":[[15.57214,51.25107],[15.57219,51.24993]]}},{"type":"Feature","properties":{"numer":"","klasa":"droga gĹ‚Ăłwna","kat":"gminna"},"geometry":{"type":"LineString","coordinates":[[15.57631,51.2586],[15.58264,51.25462],[15.58443,51.25363],[15.58676,51.25241],[15.58998,51.2511],[15.59042,51.25077],[15.59127,51.2499],[15.59243,51.24844],[15.59513,51.24623],[15.5955,51.24573],[15.59586,51.24554]]}},{"type":"Feature","properties":{"numer":"2307D","klasa":"droga zbiorcza","kat":"powiatowa"},"geometry":{"type":"LineString","coordinates":[[15.57163,51.25318],[15.57214,51.25107]]}},{"type":"Feature","properties":{"numer":"297","klasa":"droga gĹ‚Ăłwna ruchu przyĹ›pieszonego","kat":"wojewodzka"},"geometry":{"type":"LineString","coordinates":[[15.5962,51.24562],[15.59686,51.24693],[15.59754,51.24783],[15.59995,51.24997],[15.60091,51.251],[15.60145,51.2519],[15.60175,51.25278],[15.60184,51.25382],[15.60162,51.25501],[15.60058,51.25749],[15.59995,51.25998],[15.5993,51.26122]]}},{"type":"Feature","properties":{"numer":"2307D","klasa":"droga zbiorcza","kat":"powiatowa"},"geometry":{"type":"LineString","coordinates":[[15.56999,51.25634],[15.57067,51.25453],[15.57163,51.25318]]}},{"type":"Feature","properties":{"numer":"","klasa":"droga gĹ‚Ăłwna","kat":"gminna"},"geometry":{"type":"LineString","coordinates":[[15.56673,51.25686],[15.56585,51.25353]]}},{"type":"Feature","properties":{"numer":"2306D","klasa":"droga gĹ‚Ăłwna","kat":"powiatowa"},"geometry":{"type":"LineString","coordinates":[[15.56999,51.25634],[15.57247,51.25632],[15.57334,51.25644]]}},{"type":"Feature","properties":{"numer":"2306D","klasa":"droga gĹ‚Ăłwna","kat":"powiatowa"},"geometry":{"type":"LineString","coordinates":[[15.56673,51.25686],[15.56848,51.25644],[15.56999,51.25634]]}},{"type":"Feature","properties":{"numer":"94","klasa":"droga gĹ‚Ăłwna","kat":"krajowa"},"geometry":{"type":"LineString","coordinates":[[15.54252,51.26412],[15.54154,51.26379],[15.53991,51.26368],[15.53904,51.26352],[15.51535,51.2558],[15.51353,51.25546],[15.50304,51.25388],[15.50176,51.2536],[15.4998,51.25304],[15.48948,51.25],[15.48824,51.24938],[15.48632,51.24797]]}},{"type":"Feature","properties":{"numer":"2312D","klasa":"","kat":"powiatowa"},"geometry":{"type":"LineString","coordinates":[[15.55711,51.25503],[15.55617,51.25595],[15.55467,51.25701],[15.55402,51.25758],[15.55291,51.25899],[15.55209,51.26067]]}},{"type":"Feature","properties":{"numer":"2311D","klasa":"","kat":"powiatowa"},"geometry":{"type":"LineString","coordinates":[[15.55209,51.26067],[15.55125,51.2602],[15.55101,51.2597],[15.55072,51.25943],[15.54767,51.25806],[15.54606,51.25769],[15.54512,51.25722],[15.54483,51.25687],[15.54486,51.25639],[15.54537,51.25578],[15.54574,51.25551]]}},{"type":"Feature","properties":{"numer":"2324D","klasa":"","kat":"powiatowa"},"geometry":{"type":"LineString","coordinates":[[15.54422,51.25953],[15.54372,51.25933]]}},{"type":"Feature","properties":{"numer":"2311D","klasa":"","kat":"powiatowa"},"geometry":{"type":"LineString","coordinates":[[15.55563,51.26119],[15.55398,51.26104],[15.55209,51.26067]]}},{"type":"Feature","properties":{"numer":"104057D,2311D","klasa":"","kat":"powiatowa"},"geometry":{"type":"LineString","coordinates":[[15.55593,51.26121],[15.55563,51.26119]]}},{"type":"Feature","properties":{"numer":"2311D","klasa":"","kat":"powiatowa"},"geometry":{"type":"LineString","coordinates":[[15.5596,51.26205],[15.55854,51.26182],[15.55727,51.26136],[15.55593,51.26121]]}},{"type":"Feature","properties":{"numer":"2324D","klasa":"","kat":"powiatowa"},"geometry":{"type":"LineString","coordinates":[[15.54252,51.26412],[15.54274,51.26381],[15.54259,51.26324],[15.5427,51.26279],[15.54497,51.26039],[15.54513,51.26009],[15.54509,51.2599],[15.54422,51.25953]]}},{"type":"Feature","properties":{"numer":"","klasa":"droga gĹ‚Ăłwna","kat":"gminna"},"geometry":{"type":"LineString","coordinates":[[15.55792,51.26315],[15.55916,51.26245],[15.5596,51.26205]]}},{"type":"Feature","properties":{"numer":"104056D","klasa":"droga dojazdowa","kat":"powiatowa"},"geometry":{"type":"LineString","coordinates":[[15.55931,51.2639],[15.55792,51.26315]]}},{"type":"Feature","properties":{"numer":"2273D","klasa":"droga zbiorcza","kat":"powiatowa"},"geometry":{"type":"LineString","coordinates":[[15.56181,51.25832],[15.56127,51.25794],[15.55897,51.2569],[15.55776,51.25555],[15.55711,51.25503]]}},{"type":"Feature","properties":{"numer":"104151D","klasa":"droga zbiorcza","kat":"powiatowa"},"geometry":{"type":"LineString","coordinates":[[15.5697,51.25721],[15.56999,51.25634]]}},{"type":"Feature","properties":{"numer":"104149D","klasa":"droga zbiorcza","kat":"powiatowa"},"geometry":{"type":"LineString","coordinates":[[15.56681,51.25712],[15.56673,51.25686]]}},{"type":"Feature","properties":{"numer":"104149D","klasa":"droga zbiorcza","kat":"powiatowa"},"geometry":{"type":"LineString","coordinates":[[15.56704,51.25785],[15.56681,51.25712]]}},{"type":"Feature","properties":{"numer":"2306D","klasa":"droga gĹ‚Ăłwna","kat":"powiatowa"},"geometry":{"type":"LineString","coordinates":[[15.57334,51.25644],[15.57474,51.25686],[15.57525,51.25715],[15.57626,51.2583],[15.57631,51.2586]]}},{"type":"Feature","properties":{"numer":"104151D","klasa":"droga zbiorcza","kat":"powiatowa"},"geometry":{"type":"LineString","coordinates":[[15.5697,51.25788],[15.5697,51.25721]]}},{"type":"Feature","properties":{"numer":"","klasa":"droga gĹ‚Ăłwna","kat":"gminna"},"geometry":{"type":"LineString","coordinates":[[15.56181,51.25832],[15.56222,51.25785],[15.56258,51.25766],[15.56308,51.25762],[15.56467,51.25774],[15.5651,51.25761],[15.56673,51.25686]]}},{"type":"Feature","properties":{"numer":"104151D","klasa":"droga zbiorcza","kat":"powiatowa"},"geometry":{"type":"LineString","coordinates":[[15.5697,51.25788],[15.56981,51.25797]]}},{"type":"Feature","properties":{"numer":"104031D,104149D","klasa":"droga zbiorcza","kat":"powiatowa"},"geometry":{"type":"LineString","coordinates":[[15.5671,51.25803],[15.56704,51.25785]]}},{"type":"Feature","properties":{"numer":"104151D","klasa":"droga zbiorcza","kat":"powiatowa"},"geometry":{"type":"LineString","coordinates":[[15.56981,51.25797],[15.56989,51.25802]]}},{"type":"Feature","properties":{"numer":"104151D","klasa":"droga zbiorcza","kat":"powiatowa"},"geometry":{"type":"LineString","coordinates":[[15.56988,51.2581],[15.56989,51.25802]]}},{"type":"Feature","properties":{"numer":"104151D","klasa":"droga zbiorcza","kat":"powiatowa"},"geometry":{"type":"LineString","coordinates":[[15.56982,51.25822],[15.56988,51.2581]]}},{"type":"Feature","properties":{"numer":"104151D","klasa":"droga zbiorcza","kat":"powiatowa"},"geometry":{"type":"LineString","coordinates":[[15.56973,51.25832],[15.56982,51.25822]]}},{"type":"Feature","properties":{"numer":"104149D","klasa":"droga zbiorcza","kat":"powiatowa"},"geometry":{"type":"LineString","coordinates":[[15.5675,51.25864],[15.5671,51.25803]]}},{"type":"Feature","properties":{"numer":"104149D","klasa":"droga zbiorcza","kat":"powiatowa"},"geometry":{"type":"LineString","coordinates":[[15.56755,51.25869],[15.5675,51.25864]]}},{"type":"Feature","properties":{"numer":"104032D,104149D","klasa":"droga zbiorcza","kat":"powiatowa"},"geometry":{"type":"LineString","coordinates":[[15.56759,51.25873],[15.56755,51.25869]]}},{"type":"Feature","properties":{"numer":"104151D","klasa":"droga zbiorcza","kat":"powiatowa"},"geometry":{"type":"LineString","coordinates":[[15.56871,51.25967],[15.56973,51.25832]]}},{"type":"Feature","properties":{"numer":"104149D","klasa":"droga zbiorcza","kat":"powiatowa"},"geometry":{"type":"LineString","coordinates":[[15.56823,51.25939],[15.56759,51.25873]]}},{"type":"Feature","properties":{"numer":"104149D","klasa":"droga zbiorcza","kat":"powiatowa"},"geometry":{"type":"LineString","coordinates":[[15.56852,51.25962],[15.56823,51.25939]]}},{"type":"Feature","properties":{"numer":"104149D","klasa":"droga zbiorcza","kat":"powiatowa"},"geometry":{"type":"LineString","coordinates":[[15.56852,51.25962],[15.56865,51.25978]]}},{"type":"Feature","properties":{"numer":"104151D","klasa":"droga zbiorcza","kat":"powiatowa"},"geometry":{"type":"LineString","coordinates":[[15.56871,51.25967],[15.56865,51.25978]]}},{"type":"Feature","properties":{"numer":"104149D","klasa":"droga zbiorcza","kat":"powiatowa"},"geometry":{"type":"LineString","coordinates":[[15.5688,51.25995],[15.56865,51.25978]]}},{"type":"Feature","properties":{"numer":"","klasa":"droga gĹ‚Ăłwna","kat":"gminna"},"geometry":{"type":"LineString","coordinates":[[15.57631,51.2586],[15.57603,51.25949],[15.57614,51.26074],[15.57582,51.26154]]}},{"type":"Feature","properties":{"numer":"104149D","klasa":"droga zbiorcza","kat":"powiatowa"},"geometry":{"type":"LineString","coordinates":[[15.5688,51.25995],[15.56912,51.26028]]}},{"type":"Feature","properties":{"numer":"","klasa":"droga gĹ‚Ăłwna","kat":"gminna"},"geometry":{"type":"LineString","coordinates":[[15.5596,51.26205],[15.56035,51.26045],[15.56107,51.25927],[15.56181,51.25832]]}},{"type":"Feature","properties":{"numer":"104136D","klasa":"droga zbiorcza","kat":"powiatowa"},"geometry":{"type":"LineString","coordinates":[[15.58971,51.26046],[15.58699,51.26034],[15.58514,51.26051]]}},{"type":"Feature","properties":{"numer":"104136D","klasa":"droga zbiorcza","kat":"powiatowa"},"geometry":{"type":"LineString","coordinates":[[15.59024,51.26049],[15.58971,51.26046]]}},{"type":"Feature","properties":{"numer":"104136D","klasa":"droga zbiorcza","kat":"powiatowa"},"geometry":{"type":"LineString","coordinates":[[15.59067,51.26051],[15.59024,51.26049]]}},{"type":"Feature","properties":{"numer":"104136D","klasa":"droga zbiorcza","kat":"powiatowa"},"geometry":{"type":"LineString","coordinates":[[15.59135,51.26055],[15.59067,51.26051]]}},{"type":"Feature","properties":{"numer":"104136D","klasa":"droga zbiorcza","kat":"powiatowa"},"geometry":{"type":"LineString","coordinates":[[15.5923,51.26059],[15.59135,51.26055]]}},{"type":"Feature","properties":{"numer":"104136D","klasa":"droga zbiorcza","kat":"powiatowa"},"geometry":{"type":"LineString","coordinates":[[15.59243,51.26059],[15.5923,51.26059]]}},{"type":"Feature","properties":{"numer":"104136D","klasa":"droga zbiorcza","kat":"powiatowa"},"geometry":{"type":"LineString","coordinates":[[15.59289,51.26061],[15.59243,51.26059]]}},{"type":"Feature","properties":{"numer":"94","klasa":"droga gĹ‚Ăłwna","kat":"krajowa"},"geometry":{"type":"LineString","coordinates":[[15.61848,51.26065],[15.61688,51.26043],[15.61302,51.2604],[15.61151,51.26083]]}},{"type":"Feature","properties":{"numer":"104136D","klasa":"droga zbiorcza","kat":"powiatowa"},"geometry":{"type":"LineString","coordinates":[[15.58514,51.26051],[15.58344,51.26077]]}},{"type":"Feature","properties":{"numer":"103969D,94","klasa":"droga gĹ‚Ăłwna","kat":"powiatowa"},"geometry":{"type":"LineString","coordinates":[[15.61856,51.26066],[15.61848,51.26065]]}},{"type":"Feature","properties":{"numer":"104136D","klasa":"droga zbiorcza","kat":"powiatowa"},"geometry":{"type":"LineString","coordinates":[[15.59446,51.26071],[15.59289,51.26061]]}},{"type":"Feature","properties":{"numer":"104149D","klasa":"droga zbiorcza","kat":"powiatowa"},"geometry":{"type":"LineString","coordinates":[[15.56991,51.26113],[15.56912,51.26028]]}},{"type":"Feature","properties":{"numer":"104136D","klasa":"droga zbiorcza","kat":"powiatowa"},"geometry":{"type":"LineString","coordinates":[[15.59683,51.26104],[15.59446,51.26071]]}},{"type":"Feature","properties":{"numer":"104136D","klasa":"droga zbiorcza","kat":"powiatowa"},"geometry":{"type":"LineString","coordinates":[[15.59796,51.26117],[15.59683,51.26104]]}},{"type":"Feature","properties":{"numer":"104136D","klasa":"droga zbiorcza","kat":"powiatowa"},"geometry":{"type":"LineString","coordinates":[[15.58344,51.26077],[15.57916,51.26145]]}},{"type":"Feature","properties":{"numer":"104136D","klasa":"droga zbiorcza","kat":"powiatowa"},"geometry":{"type":"LineString","coordinates":[[15.59796,51.26117],[15.59856,51.26116],[15.59893,51.26127]]}},{"type":"Feature","properties":{"numer":"94","klasa":"droga gĹ‚Ăłwna","kat":"krajowa"},"geometry":{"type":"LineString","coordinates":[[15.62643,51.26181],[15.61856,51.26066]]}},{"type":"Feature","properties":{"numer":"104035D,104120D","klasa":"droga lokalna","kat":"powiatowa"},"geometry":{"type":"LineString","coordinates":[[15.57316,51.26126],[15.57373,51.26129]]}},{"type":"Feature","properties":{"numer":"94","klasa":"droga gĹ‚Ăłwna","kat":"krajowa"},"geometry":{"type":"LineString","coordinates":[[15.61151,51.26083],[15.6106,51.26108],[15.60446,51.26174],[15.59956,51.26145]]}},{"type":"Feature","properties":{"numer":"104120D","klasa":"droga lokalna","kat":"powiatowa"},"geometry":{"type":"LineString","coordinates":[[15.57283,51.26133],[15.57316,51.26126]]}},{"type":"Feature","properties":{"numer":"104035D,104120D","klasa":"droga lokalna","kat":"powiatowa"},"geometry":{"type":"LineString","coordinates":[[15.57373,51.26129],[15.57413,51.26132]]}},{"type":"Feature","properties":{"numer":"297","klasa":"droga gĹ‚Ăłwna","kat":"wojewodzka"},"geometry":{"type":"LineString","coordinates":[[15.5993,51.26122],[15.5992,51.26145]]}},{"type":"Feature","properties":{"numer":"104136D","klasa":"droga zbiorcza","kat":"powiatowa"},"geometry":{"type":"LineString","coordinates":[[15.5992,51.26145],[15.59893,51.26127]]}},{"type":"Feature","properties":{"numer":"104120D","klasa":"droga lokalna","kat":"powiatowa"},"geometry":{"type":"LineString","coordinates":[[15.57582,51.26154],[15.57413,51.26132]]}},{"type":"Feature","properties":{"numer":"94","klasa":"droga gĹ‚Ăłwna","kat":"krajowa"},"geometry":{"type":"LineString","coordinates":[[15.59956,51.26145],[15.5992,51.26145]]}},{"type":"Feature","properties":{"numer":"297","klasa":"droga zbiorcza","kat":"wojewodzka"},"geometry":{"type":"LineString","coordinates":[[15.566241126461211,51.187480717322],[15.56625,51.18751]]}},{"type":"Feature","properties":{"numer":"2280D","klasa":"droga zbiorcza","kat":"powiatowa"},"geometry":{"type":"LineString","coordinates":[[15.634058789808918,51.1844099079119],[15.63549,51.18516],[15.6371,51.18634],[15.63745,51.18686],[15.6389,51.18839],[15.6395,51.18917],[15.63976,51.18964],[15.6398,51.19012]]}},{"type":"Feature","properties":{"numer":"297","klasa":"droga gĹ‚Ăłwna","kat":"wojewodzka"},"geometry":{"type":"LineString","coordinates":[[15.566242494382024,51.18747997752809],[15.56625,51.18751]]}},{"type":"Feature","properties":{"numer":"2278D","klasa":"droga zbiorcza","kat":"powiatowa"},"geometry":{"type":"LineString","coordinates":[[15.69767,51.17789],[15.69761,51.1773],[15.69786,51.17707],[15.69948,51.17686],[15.70378,51.17563],[15.70556,51.17539],[15.70671,51.17503],[15.70843,51.17464],[15.71281,51.17314],[15.71426,51.17253],[15.71656,51.17201],[15.71898,51.17112],[15.719622091556461,51.171040502950156]]}},{"type":"Feature","properties":{"numer":"2278D","klasa":"droga zbiorcza","kat":"powiatowa"},"geometry":{"type":"LineString","coordinates":[[15.69769,51.178],[15.69767,51.17789]]}},{"type":"Feature","properties":{"numer":"2278D","klasa":"droga zbiorcza","kat":"powiatowa"},"geometry":{"type":"LineString","coordinates":[[15.697,51.18599],[15.69713,51.18552],[15.69706,51.18505],[15.69687,51.18465],[15.69578,51.18348],[15.69566,51.18256],[15.69586,51.182],[15.69698,51.18095],[15.69694,51.17999],[15.69767,51.17873],[15.69769,51.178]]}},{"type":"Feature","properties":{"numer":"2501D","klasa":"","kat":"powiatowa"},"geometry":{"type":"LineString","coordinates":[[15.652421383819007,51.1787831532925],[15.65364,51.18156],[15.65466,51.18293],[15.65515,51.1834],[15.65552,51.18356],[15.65862,51.1838],[15.65899,51.18392],[15.66205,51.18642],[15.66303,51.18703]]}},{"type":"Feature","properties":{"numer":"2293D","klasa":"","kat":"powiatowa"},"geometry":{"type":"LineString","coordinates":[[15.66303,51.18703],[15.66712,51.18596],[15.66896,51.18526],[15.67097,51.18463],[15.6721,51.1845],[15.67283,51.18453],[15.67461,51.1848],[15.67717,51.18536],[15.68768,51.18628],[15.69111,51.18639],[15.69364,51.18658],[15.6947,51.18624],[15.6956,51.18618],[15.69623,51.18626],[15.697,51.18599]]}},{"type":"Feature","properties":{"numer":"2278D","klasa":"droga zbiorcza","kat":"powiatowa"},"geometry":{"type":"LineString","coordinates":[[15.69702,51.18661],[15.69694,51.18643],[15.697,51.18599]]}},{"type":"Feature","properties":{"numer":"2278D","klasa":"droga zbiorcza","kat":"powiatowa"},"geometry":{"type":"LineString","coordinates":[[15.69706,51.18666],[15.69702,51.18661]]}},{"type":"Feature","properties":{"numer":"2278D","klasa":"droga zbiorcza","kat":"powiatowa"},"geometry":{"type":"LineString","coordinates":[[15.69783,51.18958],[15.69802,51.18939],[15.69802,51.18918],[15.69772,51.18853],[15.69737,51.18708],[15.69706,51.18666]]}},{"type":"Feature","properties":{"numer":"2293D","klasa":"","kat":"powiatowa"},"geometry":{"type":"LineString","coordinates":[[15.63971,51.19094],[15.64095,51.19134],[15.64326,51.19113],[15.64353,51.19107],[15.64422,51.19076],[15.6461,51.19048],[15.64833,51.18999],[15.64929,51.18961],[15.65228,51.18872],[15.65741,51.1879],[15.6591,51.18772],[15.66303,51.18703]]}},{"type":"Feature","properties":{"numer":"2278D","klasa":"droga zbiorcza","kat":"powiatowa"},"geometry":{"type":"LineString","coordinates":[[15.69778,51.18963],[15.69783,51.18958]]}},{"type":"Feature","properties":{"numer":"2278D","klasa":"droga zbiorcza","kat":"powiatowa"},"geometry":{"type":"LineString","coordinates":[[15.69768,51.18973],[15.69778,51.18963]]}},{"type":"Feature","properties":{"numer":"2278D","klasa":"droga zbiorcza","kat":"powiatowa"},"geometry":{"type":"LineString","coordinates":[[15.69765,51.18976],[15.69768,51.18973]]}},{"type":"Feature","properties":{"numer":"2280D","klasa":"droga zbiorcza","kat":"powiatowa"},"geometry":{"type":"LineString","coordinates":[[15.6398,51.19012],[15.6398,51.19015]]}},{"type":"Feature","properties":{"numer":"2280D","klasa":"droga zbiorcza","kat":"powiatowa"},"geometry":{"type":"LineString","coordinates":[[15.6398,51.19015],[15.63971,51.19094]]}},{"type":"Feature","properties":{"numer":"382","klasa":"droga zbiorcza","kat":"wojewodzka"},"geometry":{"type":"LineString","coordinates":[[15.754054485728345,51.21578412996227],[15.75375,51.21589]]}},{"type":"Feature","properties":{"numer":"363","klasa":"droga gĹ‚Ăłwna","kat":"wojewodzka"},"geometry":{"type":"LineString","coordinates":[[15.75375,51.21589],[15.75298,51.21595],[15.74652,51.21577],[15.74537,51.21588],[15.74165,51.21656],[15.74064,51.21664],[15.73495,51.21672],[15.73261,51.21684],[15.72152,51.21682]]}},{"type":"Feature","properties":{"numer":"2280D","klasa":"droga zbiorcza","kat":"powiatowa"},"geometry":{"type":"LineString","coordinates":[[15.63971,51.19094],[15.63901,51.19197],[15.63887,51.19238]]}},{"type":"Feature","properties":{"numer":"2278D","klasa":"droga zbiorcza","kat":"powiatowa"},"geometry":{"type":"LineString","coordinates":[[15.69569,51.19393],[15.69622,51.19282],[15.69708,51.19171],[15.69764,51.19066],[15.69765,51.18976]]}},{"type":"Feature","properties":{"numer":"2501D","klasa":"","kat":"powiatowa"},"geometry":{"type":"LineString","coordinates":[[15.66303,51.18703],[15.66426,51.18787],[15.66517,51.18878],[15.66773,51.19046],[15.67058,51.19332],[15.67127,51.19368],[15.67319,51.19435],[15.67962,51.19724],[15.68399,51.19751],[15.68538,51.19802],[15.68585,51.19811],[15.69391,51.19746],[15.69512,51.19754]]}},{"type":"Feature","properties":{"numer":"2290D","klasa":"","kat":"powiatowa"},"geometry":{"type":"LineString","coordinates":[[15.757276921159807,51.19102585283569],[15.75633,51.19116],[15.75562,51.19133],[15.7544,51.19139],[15.75226,51.1928],[15.75168,51.19308],[15.75091,51.19333],[15.74797,51.19383],[15.74558,51.19437],[15.74395,51.19432],[15.74375,51.19437],[15.741,51.19561],[15.73964,51.19634],[15.73888,51.19647],[15.73744,51.19644],[15.73579,51.19608],[15.73519,51.19601],[15.73255,51.19609],[15.72969,51.1958],[15.72401,51.19575],[15.72187,51.19526],[15.72039,51.19546],[15.71991,51.19545],[15.71438,51.19465],[15.71296,51.19395],[15.71104,51.19365],[15.7089,51.1937],[15.70599,51.19395],[15.70371,51.19422],[15.7009,51.19432],[15.70026,51.19429],[15.69931,51.1941],[15.69827,51.19403],[15.69778,51.19383],[15.69742,51.19377],[15.69639,51.19387]]}},{"type":"Feature","properties":{"numer":"2290D","klasa":"","kat":"powiatowa"},"geometry":{"type":"LineString","coordinates":[[15.69631,51.19388],[15.69639,51.19387]]}},{"type":"Feature","properties":{"numer":"2290D","klasa":"","kat":"powiatowa"},"geometry":{"type":"LineString","coordinates":[[15.69569,51.19393],[15.69631,51.19388]]}},{"type":"Feature","properties":{"numer":"2278D","klasa":"droga zbiorcza","kat":"powiatowa"},"geometry":{"type":"LineString","coordinates":[[15.69514,51.19752],[15.69537,51.19725],[15.69525,51.19686],[15.69516,51.19503],[15.69569,51.19393]]}},{"type":"Feature","properties":{"numer":"2278D","klasa":"droga zbiorcza","kat":"powiatowa"},"geometry":{"type":"LineString","coordinates":[[15.69512,51.19754],[15.69514,51.19752]]}},{"type":"Feature","properties":{"numer":"2278D","klasa":"droga zbiorcza","kat":"powiatowa"},"geometry":{"type":"LineString","coordinates":[[15.69509,51.19755],[15.69512,51.19754]]}},{"type":"Feature","properties":{"numer":"2278D","klasa":"droga zbiorcza","kat":"powiatowa"},"geometry":{"type":"LineString","coordinates":[[15.69578,51.20048],[15.69554,51.20021],[15.69468,51.1982],[15.69474,51.19782],[15.69509,51.19755]]}},{"type":"Feature","properties":{"numer":"297","klasa":"droga gĹ‚Ăłwna","kat":"wojewodzka"},"geometry":{"type":"LineString","coordinates":[[15.56625,51.18751],[15.56632,51.18861],[15.56664,51.19013],[15.56658,51.19064],[15.566489605410299,51.19087283454923]]}},{"type":"Feature","properties":{"numer":"2280D","klasa":"droga zbiorcza","kat":"powiatowa"},"geometry":{"type":"LineString","coordinates":[[15.63887,51.19238],[15.63887,51.19242]]}},{"type":"Feature","properties":{"numer":"2280D","klasa":"droga zbiorcza","kat":"powiatowa"},"geometry":{"type":"LineString","coordinates":[[15.63887,51.19242],[15.63879,51.19255],[15.63779,51.19319],[15.63673,51.1943],[15.63564,51.19494],[15.63435,51.19586],[15.63383,51.19611],[15.63166,51.19675],[15.62679,51.19748],[15.62593,51.19777],[15.62536,51.19825],[15.62395,51.19914],[15.62343,51.1996],[15.62311,51.20003],[15.6229,51.20046],[15.62294,51.20074],[15.62384,51.20133]]}},{"type":"Feature","properties":{"numer":"2294D","klasa":"","kat":"powiatowa"},"geometry":{"type":"LineString","coordinates":[[15.566344981201802,51.19194280856634],[15.56978,51.19202],[15.57077,51.19219],[15.57248,51.19271],[15.57286,51.19293],[15.57504,51.19487],[15.57599,51.19516],[15.5781,51.19617],[15.58077,51.19681],[15.58154,51.1972],[15.58281,51.19769],[15.58351,51.19817],[15.58573,51.19894],[15.59021,51.1995],[15.59117,51.19945],[15.59328,51.19959],[15.59515,51.19963],[15.59551,51.19961],[15.59579,51.19946],[15.59819,51.20023],[15.59893,51.20037],[15.5996,51.2004],[15.60133,51.20022],[15.60245,51.20027],[15.6052,51.20061],[15.60679,51.20096],[15.61017,51.20141],[15.61323,51.20152],[15.61522,51.20183],[15.61828,51.20209],[15.61919,51.20211],[15.62406,51.20173]]}},{"type":"Feature","properties":{"numer":"2280D","klasa":"droga zbiorcza","kat":"powiatowa"},"geometry":{"type":"LineString","coordinates":[[15.62384,51.20133],[15.62389,51.20139]]}},{"type":"Feature","properties":{"numer":"2280D","klasa":"droga zbiorcza","kat":"powiatowa"},"geometry":{"type":"LineString","coordinates":[[15.62389,51.20139],[15.62406,51.20173]]}},{"type":"Feature","properties":{"numer":"2280D","klasa":"droga zbiorcza","kat":"powiatowa"},"geometry":{"type":"LineString","coordinates":[[15.62406,51.20173],[15.62517,51.20314],[15.62536,51.20383],[15.62538,51.20487],[15.62491,51.20569],[15.62471,51.20793],[15.62409,51.20833],[15.62217,51.20873],[15.62127,51.20934],[15.61977,51.2099]]}},{"type":"Feature","properties":{"numer":"2280D","klasa":"droga zbiorcza","kat":"powiatowa"},"geometry":{"type":"LineString","coordinates":[[15.61977,51.2099],[15.61973,51.20991]]}},{"type":"Feature","properties":{"numer":"297","klasa":"droga gĹ‚Ăłwna","kat":"wojewodzka"},"geometry":{"type":"LineString","coordinates":[[15.56622,51.19286745762712],[15.56622,51.19561],[15.56584,51.19819],[15.56514,51.20082],[15.56539,51.20282],[15.5654,51.21018],[15.56547,51.21096],[15.56578,51.2117],[15.56638,51.21228],[15.56748,51.21303],[15.56789,51.21354],[15.5679,51.21397],[15.56758,51.21497],[15.56792,51.2165],[15.56869,51.21801],[15.56889,51.21892],[15.56862,51.21975],[15.56758,51.22128],[15.56752,51.22213],[15.56831,51.2255],[15.56842,51.22673],[15.56938,51.23037],[15.56868,51.23437],[15.56933,51.23808],[15.56923,51.23856],[15.56858,51.23995],[15.56819,51.24314]]}},{"type":"Feature","properties":{"numer":"2280D","klasa":"droga zbiorcza","kat":"powiatowa"},"geometry":{"type":"LineString","coordinates":[[15.61973,51.20991],[15.61705,51.21057],[15.61637,51.21086],[15.61624,51.21111],[15.61629,51.21171],[15.61599,51.21225],[15.61423,51.21427],[15.61338,51.21502],[15.61163,51.21622],[15.60396,51.22043],[15.60268,51.22122],[15.59868,51.22404],[15.59821,51.22462],[15.59777,51.22559],[15.59697,51.22613]]}},{"type":"Feature","properties":{"numer":"2291D","klasa":"","kat":"powiatowa"},"geometry":{"type":"LineString","coordinates":[[15.61721,51.23864],[15.62023,51.23724],[15.62204,51.2362],[15.625,51.23414],[15.62858,51.23273],[15.63091,51.23136],[15.63194,51.23093],[15.63381,51.23031],[15.63452,51.22992],[15.63692,51.22818],[15.63716,51.22775],[15.63773,51.22603],[15.63809,51.22544],[15.63879,51.22482],[15.63995,51.22411],[15.64055,51.22352],[15.64104,51.22322],[15.6421,51.22278],[15.6436,51.22243],[15.64516,51.22229],[15.64572,51.22248],[15.64657,51.22249],[15.64798,51.22289],[15.64876,51.2237],[15.64885,51.22479],[15.64878,51.22562],[15.64933,51.22734],[15.65001,51.22833],[15.65078,51.22923],[15.65363,51.23122],[15.65504,51.2315],[15.65574,51.23185],[15.65702,51.23311],[15.65815,51.23302],[15.65886,51.23368],[15.65935,51.23385]]}},{"type":"Feature","properties":{"numer":"2292D","klasa":"","kat":"powiatowa"},"geometry":{"type":"LineString","coordinates":[[15.59697,51.22613],[15.59721,51.22675],[15.59757,51.22701],[15.5995,51.22743],[15.59993,51.22761],[15.60143,51.22979],[15.60199,51.23035],[15.60302,51.23115],[15.60437,51.23306],[15.606,51.23405],[15.60636,51.23465],[15.60682,51.23583],[15.60773,51.23719],[15.608,51.23882],[15.60839,51.23954],[15.60846,51.23989]]}},{"type":"Feature","properties":{"numer":"2280D","klasa":"droga zbiorcza","kat":"powiatowa"},"geometry":{"type":"LineString","coordinates":[[15.59697,51.22613],[15.59409,51.22802],[15.59187,51.2298],[15.58848,51.23365],[15.58617,51.23541],[15.58498,51.23675],[15.58297,51.23864],[15.5804,51.24013],[15.57701,51.24223],[15.57625,51.24245],[15.57621,51.24287]]}},{"type":"Feature","properties":{"numer":"363","klasa":"droga gĹ‚Ăłwna","kat":"wojewodzka"},"geometry":{"type":"LineString","coordinates":[[15.65935,51.23385],[15.65833,51.23415],[15.65516,51.23539],[15.65255,51.23588],[15.64276,51.23686],[15.63907,51.23646],[15.63701,51.23635],[15.63163,51.23663],[15.6302,51.23678],[15.62262,51.2381],[15.61721,51.23864]]}},{"type":"Feature","properties":{"numer":"363","klasa":"droga zbiorcza","kat":"wojewodzka"},"geometry":{"type":"LineString","coordinates":[[15.61721,51.23864],[15.6124,51.23916],[15.60951,51.2396],[15.60846,51.23989]]}},{"type":"Feature","properties":{"numer":"363","klasa":"droga zbiorcza","kat":"wojewodzka"},"geometry":{"type":"LineString","coordinates":[[15.60846,51.23989],[15.60542,51.24117]]}},{"type":"Feature","properties":{"numer":"363","klasa":"droga gĹ‚Ăłwna","kat":"wojewodzka"},"geometry":{"type":"LineString","coordinates":[[15.60542,51.24117],[15.6053,51.24121]]}},{"type":"Feature","properties":{"numer":"297","klasa":"droga gĹ‚Ăłwna ruchu przyĹ›pieszonego","kat":"wojewodzka"},"geometry":{"type":"LineString","coordinates":[[15.57621,51.24287],[15.58139,51.24197],[15.58379,51.24184],[15.58502,51.24189],[15.58691,51.24216],[15.58781,51.24235],[15.58979,51.24294]]}},{"type":"Feature","properties":{"numer":"297","klasa":"droga gĹ‚Ăłwna","kat":"wojewodzka"},"geometry":{"type":"LineString","coordinates":[[15.58979,51.24294],[15.58986,51.24297]]}},{"type":"Feature","properties":{"numer":"2278D","klasa":"droga zbiorcza","kat":"powiatowa"},"geometry":{"type":"LineString","coordinates":[[15.69584,51.20051],[15.69578,51.20048]]}},{"type":"Feature","properties":{"numer":"2278D","klasa":"droga zbiorcza","kat":"powiatowa"},"geometry":{"type":"LineString","coordinates":[[15.69774,51.20216],[15.69684,51.20116],[15.69584,51.20051]]}},{"type":"Feature","properties":{"numer":"2278D","klasa":"droga zbiorcza","kat":"powiatowa"},"geometry":{"type":"LineString","coordinates":[[15.6978,51.20223],[15.69774,51.20216]]}},{"type":"Feature","properties":{"numer":"2278D","klasa":"droga zbiorcza","kat":"powiatowa"},"geometry":{"type":"LineString","coordinates":[[15.70999,51.21851],[15.70935,51.21761],[15.70915,51.21686],[15.70965,51.2153],[15.70951,51.21487],[15.70818,51.21334],[15.70642,51.21167],[15.7049,51.20969],[15.70251,51.20837],[15.70141,51.20658],[15.6992,51.20529],[15.69866,51.2033],[15.6978,51.20223]]}},{"type":"Feature","properties":{"numer":"363","klasa":"droga gĹ‚Ăłwna","kat":"wojewodzka"},"geometry":{"type":"LineString","coordinates":[[15.72152,51.21682],[15.71843,51.21639],[15.71743,51.21639],[15.71575,51.2166],[15.71432,51.21726],[15.71332,51.21762]]}},{"type":"Feature","properties":{"numer":"363","klasa":"droga gĹ‚Ăłwna","kat":"wojewodzka"},"geometry":{"type":"LineString","coordinates":[[15.71332,51.21762],[15.7127,51.21779]]}},{"type":"Feature","properties":{"numer":"363","klasa":"droga gĹ‚Ăłwna","kat":"wojewodzka"},"geometry":{"type":"LineString","coordinates":[[15.7127,51.21779],[15.71128,51.21812],[15.70999,51.21851]]}},{"type":"Feature","properties":{"numer":"363","klasa":"droga gĹ‚Ăłwna","kat":"wojewodzka"},"geometry":{"type":"LineString","coordinates":[[15.70999,51.21851],[15.70644,51.21966],[15.70153,51.22161],[15.6963,51.22316],[15.69288,51.22458],[15.68849,51.2254],[15.68256,51.22737],[15.68172,51.22746],[15.67993,51.22741],[15.67857,51.22753],[15.67618,51.22806],[15.67441,51.22863],[15.67316,51.22928],[15.67164,51.22987],[15.67046,51.2301],[15.66993,51.23029],[15.66869,51.23099],[15.66736,51.23157],[15.66661,51.23203],[15.66612,51.23217]]}},{"type":"Feature","properties":{"numer":"363","klasa":"droga gĹ‚Ăłwna","kat":"wojewodzka"},"geometry":{"type":"LineString","coordinates":[[15.66612,51.23217],[15.66536,51.23222],[15.66214,51.23326],[15.65935,51.23385]]}},{"type":"Feature","properties":{"numer":"2277D","klasa":"droga zbiorcza","kat":"powiatowa"},"geometry":{"type":"LineString","coordinates":[[15.68251,51.25989],[15.68247,51.25956],[15.68268,51.25937],[15.68394,51.25951],[15.68462,51.25942],[15.68502,51.25922],[15.68499,51.25837],[15.68469,51.25763],[15.68448,51.25586],[15.68512,51.2542],[15.68564,51.25367],[15.68616,51.25258],[15.68652,51.25214],[15.68708,51.2518],[15.68802,51.25166],[15.68824,51.25157],[15.68927,51.25052],[15.69003,51.24994],[15.69115,51.24933],[15.6921,51.249],[15.69247,51.24855],[15.69286,51.24827],[15.69361,51.24736],[15.69445,51.24695],[15.69568,51.24657],[15.69627,51.24621],[15.69778,51.24556],[15.702,51.24451],[15.70271,51.24412],[15.7034,51.24332],[15.70373,51.24258],[15.70438,51.24199],[15.70457,51.24103],[15.70618,51.23889],[15.70631,51.23835],[15.70616,51.23694],[15.70651,51.23664],[15.70753,51.23653],[15.70762,51.23646],[15.70816,51.23484],[15.70719,51.23386],[15.70685,51.23315],[15.70677,51.23069],[15.70689,51.2301],[15.70739,51.22895],[15.70935,51.22545],[15.71082,51.22352],[15.71105,51.22273],[15.7113,51.22251],[15.71177,51.2223],[15.71256,51.22154],[15.71557,51.21924],[15.7164,51.21849],[15.72152,51.21682]]}},{"type":"Feature","properties":{"numer":"94","klasa":"droga gĹ‚Ăłwna","kat":"krajowa"},"geometry":{"type":"LineString","coordinates":[[15.767960730906207,51.27074252822068],[15.76721,51.27057],[15.75481,51.26954],[15.75373,51.2694],[15.75203,51.26903]]}},{"type":"Feature","properties":{"numer":"2286D","klasa":"droga zbiorcza","kat":"powiatowa"},"geometry":{"type":"LineString","coordinates":[[15.75203,51.26903],[15.75026,51.27143],[15.75017,51.27195],[15.75024,51.27298],[15.75004,51.27328]]}},{"type":"Feature","properties":{"numer":"104136D","klasa":"droga zbiorcza","kat":"powiatowa"},"geometry":{"type":"LineString","coordinates":[[15.57916,51.26145],[15.57886,51.26149]]}},{"type":"Feature","properties":{"numer":"297,94","klasa":"droga gĹ‚Ăłwna","kat":"gminna"},"geometry":{"type":"LineString","coordinates":[[15.5992,51.26145],[15.59884,51.26153]]}},{"type":"Feature","properties":{"numer":"104136D","klasa":"droga zbiorcza","kat":"powiatowa"},"geometry":{"type":"LineString","coordinates":[[15.57886,51.26149],[15.57805,51.26161],[15.57718,51.26164]]}},{"type":"Feature","properties":{"numer":"104136D","klasa":"droga zbiorcza","kat":"powiatowa"},"geometry":{"type":"LineString","coordinates":[[15.57696,51.26164],[15.57582,51.26154]]}},{"type":"Feature","properties":{"numer":"104136D","klasa":"droga zbiorcza","kat":"powiatowa"},"geometry":{"type":"LineString","coordinates":[[15.57718,51.26164],[15.57696,51.26164]]}},{"type":"Feature","properties":{"numer":"104149D","klasa":"droga zbiorcza","kat":"powiatowa"},"geometry":{"type":"LineString","coordinates":[[15.56991,51.26113],[15.57088,51.26218]]}},{"type":"Feature","properties":{"numer":"103973D,94","klasa":"droga gĹ‚Ăłwna","kat":"powiatowa"},"geometry":{"type":"LineString","coordinates":[[15.63443,51.26173],[15.63434,51.26176]]}},{"type":"Feature","properties":{"numer":"94","klasa":"droga gĹ‚Ăłwna","kat":"krajowa"},"geometry":{"type":"LineString","coordinates":[[15.62663,51.26184],[15.62643,51.26181]]}},{"type":"Feature","properties":{"numer":"","klasa":"droga gĹ‚Ăłwna","kat":"gminna"},"geometry":{"type":"LineString","coordinates":[[15.57582,51.26154],[15.57542,51.26226]]}},{"type":"Feature","properties":{"numer":"94","klasa":"droga gĹ‚Ăłwna","kat":"krajowa"},"geometry":{"type":"LineString","coordinates":[[15.63434,51.26176],[15.63083,51.26232],[15.62983,51.26229],[15.62663,51.26184]]}},{"type":"Feature","properties":{"numer":"104149D","klasa":"droga zbiorcza","kat":"powiatowa"},"geometry":{"type":"LineString","coordinates":[[15.57088,51.26218],[15.57129,51.26249]]}},{"type":"Feature","properties":{"numer":"104149D","klasa":"droga zbiorcza","kat":"powiatowa"},"geometry":{"type":"LineString","coordinates":[[15.57129,51.26249],[15.57248,51.26304]]}},{"type":"Feature","properties":{"numer":"","klasa":"droga gĹ‚Ăłwna","kat":"gminna"},"geometry":{"type":"LineString","coordinates":[[15.57388,51.26385],[15.57493,51.26288],[15.57542,51.26226]]}},{"type":"Feature","properties":{"numer":"104044D,104149D","klasa":"droga zbiorcza","kat":"powiatowa"},"geometry":{"type":"LineString","coordinates":[[15.57248,51.26304],[15.57268,51.26316]]}},{"type":"Feature","properties":{"numer":"104149D","klasa":"droga zbiorcza","kat":"powiatowa"},"geometry":{"type":"LineString","coordinates":[[15.57268,51.26316],[15.57388,51.26385]]}},{"type":"Feature","properties":{"numer":"104055D","klasa":"droga dojazdowa","kat":"powiatowa"},"geometry":{"type":"LineString","coordinates":[[15.55931,51.2639],[15.55939,51.2639]]}},{"type":"Feature","properties":{"numer":"104055D","klasa":"droga dojazdowa","kat":"powiatowa"},"geometry":{"type":"LineString","coordinates":[[15.55939,51.2639],[15.5595,51.26403]]}},{"type":"Feature","properties":{"numer":"104142D","klasa":"droga lokalna","kat":"powiatowa"},"geometry":{"type":"LineString","coordinates":[[15.5595,51.26403],[15.55994,51.26405]]}},{"type":"Feature","properties":{"numer":"104142D","klasa":"droga lokalna","kat":"powiatowa"},"geometry":{"type":"LineString","coordinates":[[15.55994,51.26405],[15.56027,51.26409]]}},{"type":"Feature","properties":{"numer":"104145D","klasa":"droga lokalna","kat":"powiatowa"},"geometry":{"type":"LineString","coordinates":[[15.57056,51.26412],[15.57059,51.26416]]}},{"type":"Feature","properties":{"numer":"","klasa":"droga gĹ‚Ăłwna","kat":"gminna"},"geometry":{"type":"LineString","coordinates":[[15.55807,51.26511],[15.55734,51.26485],[15.55697,51.26441],[15.5572,51.26375],[15.55792,51.26315]]}},{"type":"Feature","properties":{"numer":"94","klasa":"droga gĹ‚Ăłwna","kat":"krajowa"},"geometry":{"type":"LineString","coordinates":[[15.5453,51.26484],[15.54396,51.26469],[15.54252,51.26412]]}},{"type":"Feature","properties":{"numer":"","klasa":"droga wewnÄ™trzna","kat":"gminna"},"geometry":{"type":"LineString","coordinates":[[15.55625,51.26463],[15.55701,51.26453]]}},{"type":"Feature","properties":{"numer":"","klasa":"droga wewnÄ™trzna","kat":"gminna"},"geometry":{"type":"LineString","coordinates":[[15.55546,51.26474],[15.55625,51.26463]]}},{"type":"Feature","properties":{"numer":"104143D","klasa":"droga lokalna","kat":"powiatowa"},"geometry":{"type":"LineString","coordinates":[[15.55807,51.26511],[15.55868,51.26445]]}},{"type":"Feature","properties":{"numer":"94","klasa":"droga gĹ‚Ăłwna","kat":"krajowa"},"geometry":{"type":"LineString","coordinates":[[15.54579,51.26485],[15.5453,51.26484]]}},{"type":"Feature","properties":{"numer":"94","klasa":"droga gĹ‚Ăłwna","kat":"krajowa"},"geometry":{"type":"LineString","coordinates":[[15.54766,51.26488],[15.54579,51.26485]]}},{"type":"Feature","properties":{"numer":"104137D","klasa":"droga wewnÄ™trzna","kat":"powiatowa"},"geometry":{"type":"LineString","coordinates":[[15.55279,51.265],[15.55365,51.26498],[15.55546,51.26474]]}},{"type":"Feature","properties":{"numer":"94","klasa":"droga gĹ‚Ăłwna","kat":"krajowa"},"geometry":{"type":"LineString","coordinates":[[15.54816,51.26498],[15.54766,51.26488]]}},{"type":"Feature","properties":{"numer":"104137D","klasa":"droga wewnÄ™trzna","kat":"powiatowa"},"geometry":{"type":"LineString","coordinates":[[15.54938,51.26492],[15.55024,51.26494]]}},{"type":"Feature","properties":{"numer":"104144D","klasa":"droga lokalna","kat":"powiatowa"},"geometry":{"type":"LineString","coordinates":[[15.56976,51.26431],[15.57056,51.26412]]}},{"type":"Feature","properties":{"numer":"104146D","klasa":"droga lokalna","kat":"powiatowa"},"geometry":{"type":"LineString","coordinates":[[15.56027,51.26409],[15.56135,51.26442]]}},{"type":"Feature","properties":{"numer":"104144D","klasa":"droga lokalna","kat":"powiatowa"},"geometry":{"type":"LineString","coordinates":[[15.56925,51.26442],[15.56976,51.26431]]}},{"type":"Feature","properties":{"numer":"104145D","klasa":"droga lokalna","kat":"powiatowa"},"geometry":{"type":"LineString","coordinates":[[15.57059,51.26416],[15.57127,51.2646]]}},{"type":"Feature","properties":{"numer":"","klasa":"droga gĹ‚Ăłwna","kat":"gminna"},"geometry":{"type":"LineString","coordinates":[[15.57217,51.26496],[15.57388,51.26385]]}},{"type":"Feature","properties":{"numer":"297,94","klasa":"droga gĹ‚Ăłwna","kat":"gminna"},"geometry":{"type":"LineString","coordinates":[[15.59884,51.26153],[15.59685,51.2621],[15.5874,51.26652],[15.58512,51.26734]]}},{"type":"Feature","properties":{"numer":"104132D","klasa":"droga dojazdowa","kat":"powiatowa"},"geometry":{"type":"LineString","coordinates":[[15.56126,51.26466],[15.56135,51.26442]]}},{"type":"Feature","properties":{"numer":"104145D","klasa":"droga lokalna","kat":"powiatowa"},"geometry":{"type":"LineString","coordinates":[[15.57127,51.2646],[15.5716,51.26475]]}},{"type":"Feature","properties":{"numer":"2323D","klasa":"","kat":"powiatowa"},"geometry":{"type":"LineString","coordinates":[[15.57542,51.26226],[15.57792,51.26312],[15.58007,51.26436],[15.5827,51.26619],[15.58501,51.26737]]}},{"type":"Feature","properties":{"numer":"104145D","klasa":"droga lokalna","kat":"powiatowa"},"geometry":{"type":"LineString","coordinates":[[15.5716,51.26475],[15.57217,51.26496]]}},{"type":"Feature","properties":{"numer":"104045D","klasa":"droga dojazdowa","kat":"powiatowa"},"geometry":{"type":"LineString","coordinates":[[15.56925,51.26442],[15.56957,51.26554]]}},{"type":"Feature","properties":{"numer":"104146D","klasa":"droga lokalna","kat":"powiatowa"},"geometry":{"type":"LineString","coordinates":[[15.562,51.26456],[15.56308,51.26492],[15.56362,51.26545]]}},{"type":"Feature","properties":{"numer":"104141D","klasa":"droga gĹ‚Ăłwna","kat":"powiatowa"},"geometry":{"type":"LineString","coordinates":[[15.57033,51.26544],[15.57145,51.26524],[15.57217,51.26496]]}},{"type":"Feature","properties":{"numer":"104132D","klasa":"droga dojazdowa","kat":"powiatowa"},"geometry":{"type":"LineString","coordinates":[[15.56126,51.26466],[15.56072,51.26507],[15.5602,51.26579]]}},{"type":"Feature","properties":{"numer":"104141D","klasa":"droga gĹ‚Ăłwna","kat":"powiatowa"},"geometry":{"type":"LineString","coordinates":[[15.56957,51.26554],[15.57033,51.26544]]}},{"type":"Feature","properties":{"numer":"104141D","klasa":"droga gĹ‚Ăłwna","kat":"powiatowa"},"geometry":{"type":"LineString","coordinates":[[15.56595,51.26558],[15.56673,51.26543]]}},{"type":"Feature","properties":{"numer":"104141D","klasa":"droga gĹ‚Ăłwna","kat":"powiatowa"},"geometry":{"type":"LineString","coordinates":[[15.56673,51.26543],[15.56769,51.26559],[15.56865,51.26558]]}},{"type":"Feature","properties":{"numer":"104141D","klasa":"droga gĹ‚Ăłwna","kat":"powiatowa"},"geometry":{"type":"LineString","coordinates":[[15.56865,51.26558],[15.56957,51.26554]]}},{"type":"Feature","properties":{"numer":"104141D","klasa":"droga gĹ‚Ăłwna","kat":"powiatowa"},"geometry":{"type":"LineString","coordinates":[[15.56561,51.2657],[15.56595,51.26558]]}},{"type":"Feature","properties":{"numer":"104146D","klasa":"droga lokalna","kat":"powiatowa"},"geometry":{"type":"LineString","coordinates":[[15.56362,51.26545],[15.56406,51.26592]]}},{"type":"Feature","properties":{"numer":"104137D","klasa":"droga wewnÄ™trzna","kat":"powiatowa"},"geometry":{"type":"LineString","coordinates":[[15.55024,51.26494],[15.55085,51.26495]]}},{"type":"Feature","properties":{"numer":"104137D","klasa":"droga wewnÄ™trzna","kat":"powiatowa"},"geometry":{"type":"LineString","coordinates":[[15.55085,51.26495],[15.55186,51.26499]]}},{"type":"Feature","properties":{"numer":"104137D","klasa":"droga wewnÄ™trzna","kat":"powiatowa"},"geometry":{"type":"LineString","coordinates":[[15.55186,51.26499],[15.55279,51.265]]}},{"type":"Feature","properties":{"numer":"94","klasa":"droga gĹ‚Ăłwna","kat":"krajowa"},"geometry":{"type":"LineString","coordinates":[[15.54837,51.26516],[15.54833,51.26504],[15.54816,51.26498]]}},{"type":"Feature","properties":{"numer":"350","klasa":"droga gĹ‚Ăłwna","kat":"wojewodzka"},"geometry":{"type":"LineString","coordinates":[[15.5453,51.26484],[15.54507,51.26505],[15.54423,51.26545]]}},{"type":"Feature","properties":{"numer":"104141D","klasa":"droga gĹ‚Ăłwna","kat":"powiatowa"},"geometry":{"type":"LineString","coordinates":[[15.55906,51.26561],[15.55807,51.26511]]}},{"type":"Feature","properties":{"numer":"104068D","klasa":"droga zbiorcza","kat":"powiatowa"},"geometry":{"type":"LineString","coordinates":[[15.54555,51.26626],[15.54423,51.26545]]}},{"type":"Feature","properties":{"numer":"2320D","klasa":"","kat":"powiatowa"},"geometry":{"type":"LineString","coordinates":[[15.55571,51.26722],[15.55606,51.26686],[15.55617,51.26625],[15.55749,51.26559],[15.55807,51.26511]]}},{"type":"Feature","properties":{"numer":"104068D","klasa":"droga zbiorcza","kat":"powiatowa"},"geometry":{"type":"LineString","coordinates":[[15.54588,51.26656],[15.54555,51.26626]]}},{"type":"Feature","properties":{"numer":"104068D","klasa":"droga zbiorcza","kat":"powiatowa"},"geometry":{"type":"LineString","coordinates":[[15.54641,51.26708],[15.54588,51.26656]]}},{"type":"Feature","properties":{"numer":"104140D","klasa":"droga gĹ‚Ăłwna","kat":"powiatowa"},"geometry":{"type":"LineString","coordinates":[[15.56571,51.26591],[15.56561,51.2657]]}},{"type":"Feature","properties":{"numer":"104141D","klasa":"droga gĹ‚Ăłwna","kat":"powiatowa"},"geometry":{"type":"LineString","coordinates":[[15.56561,51.2657],[15.56515,51.26584],[15.56406,51.26592]]}},{"type":"Feature","properties":{"numer":"104141D","klasa":"droga gĹ‚Ăłwna","kat":"powiatowa"},"geometry":{"type":"LineString","coordinates":[[15.56003,51.26604],[15.55906,51.26561]]}},{"type":"Feature","properties":{"numer":"104132D","klasa":"droga dojazdowa","kat":"powiatowa"},"geometry":{"type":"LineString","coordinates":[[15.56013,51.26588],[15.5602,51.26579]]}},{"type":"Feature","properties":{"numer":"104141D","klasa":"droga gĹ‚Ăłwna","kat":"powiatowa"},"geometry":{"type":"LineString","coordinates":[[15.56406,51.26592],[15.56267,51.26599]]}},{"type":"Feature","properties":{"numer":"104132D","klasa":"droga dojazdowa","kat":"powiatowa"},"geometry":{"type":"LineString","coordinates":[[15.56003,51.26604],[15.56013,51.26588]]}},{"type":"Feature","properties":{"numer":"104141D","klasa":"droga gĹ‚Ăłwna","kat":"powiatowa"},"geometry":{"type":"LineString","coordinates":[[15.56267,51.26599],[15.56069,51.2661]]}},{"type":"Feature","properties":{"numer":"104141D","klasa":"droga gĹ‚Ăłwna","kat":"powiatowa"},"geometry":{"type":"LineString","coordinates":[[15.56069,51.2661],[15.56003,51.26604]]}},{"type":"Feature","properties":{"numer":"104140D","klasa":"droga gĹ‚Ăłwna","kat":"powiatowa"},"geometry":{"type":"LineString","coordinates":[[15.56584,51.26635],[15.56571,51.26591]]}},{"type":"Feature","properties":{"numer":"104140D","klasa":"droga gĹ‚Ăłwna","kat":"powiatowa"},"geometry":{"type":"LineString","coordinates":[[15.5665,51.26678],[15.56584,51.26635]]}},{"type":"Feature","properties":{"numer":"2276D","klasa":"","kat":"powiatowa"},"geometry":{"type":"LineString","coordinates":[[15.68251,51.25989],[15.683,51.26005],[15.68319,51.2603]]}},{"type":"Feature","properties":{"numer":"94","klasa":"droga gĹ‚Ăłwna","kat":"krajowa"},"geometry":{"type":"LineString","coordinates":[[15.68281,51.26022],[15.68205,51.26007]]}},{"type":"Feature","properties":{"numer":"94","klasa":"droga gĹ‚Ăłwna","kat":"krajowa"},"geometry":{"type":"LineString","coordinates":[[15.68319,51.2603],[15.68281,51.26022]]}},{"type":"Feature","properties":{"numer":"94","klasa":"droga gĹ‚Ăłwna","kat":"krajowa"},"geometry":{"type":"LineString","coordinates":[[15.68484,51.26074],[15.68319,51.2603]]}},{"type":"Feature","properties":{"numer":"94","klasa":"droga gĹ‚Ăłwna","kat":"krajowa"},"geometry":{"type":"LineString","coordinates":[[15.67953,51.26008],[15.67601,51.26064],[15.67427,51.26077],[15.67242,51.2608],[15.64873,51.25955],[15.64647,51.25952],[15.64153,51.25989],[15.63892,51.26019],[15.63731,51.26061],[15.63443,51.26173]]}},{"type":"Feature","properties":{"numer":"94","klasa":"droga gĹ‚Ăłwna","kat":"krajowa"},"geometry":{"type":"LineString","coordinates":[[15.75203,51.26903],[15.74654,51.26731],[15.74368,51.26659],[15.72797,51.26414],[15.72632,51.26396],[15.70894,51.26264],[15.69954,51.26235],[15.69716,51.26221],[15.69059,51.26159],[15.68484,51.26074]]}},{"type":"Feature","properties":{"numer":"2275D","klasa":"droga zbiorcza","kat":"powiatowa"},"geometry":{"type":"LineString","coordinates":[[15.68484,51.26074],[15.68531,51.26143],[15.68719,51.26248],[15.68773,51.26297],[15.68785,51.26331],[15.68772,51.26357],[15.6868,51.26424],[15.68651,51.26462],[15.68479,51.26808],[15.68319,51.26966],[15.68281,51.27018],[15.68221,51.27193],[15.68275,51.27352]]}},{"type":"Feature","properties":{"numer":"2275D","klasa":"droga zbiorcza","kat":"powiatowa"},"geometry":{"type":"LineString","coordinates":[[15.68276,51.27356],[15.68275,51.27352]]}},{"type":"Feature","properties":{"numer":"2275D","klasa":"droga zbiorcza","kat":"powiatowa"},"geometry":{"type":"LineString","coordinates":[[15.68276,51.27356],[15.68267,51.27409],[15.6818,51.27467]]}},{"type":"Feature","properties":{"numer":"2275D","klasa":"droga zbiorcza","kat":"powiatowa"},"geometry":{"type":"LineString","coordinates":[[15.6817,51.27473],[15.6818,51.27467]]}},{"type":"Feature","properties":{"numer":"104140D","klasa":"droga gĹ‚Ăłwna","kat":"powiatowa"},"geometry":{"type":"LineString","coordinates":[[15.56668,51.26692],[15.5665,51.26678]]}},{"type":"Feature","properties":{"numer":"104140D","klasa":"droga gĹ‚Ăłwna","kat":"powiatowa"},"geometry":{"type":"LineString","coordinates":[[15.56706,51.26732],[15.56668,51.26692]]}},{"type":"Feature","properties":{"numer":"297,94","klasa":"droga gĹ‚Ăłwna","kat":"gminna"},"geometry":{"type":"LineString","coordinates":[[15.58512,51.26734],[15.58501,51.26737]]}},{"type":"Feature","properties":{"numer":"297,94","klasa":"droga gĹ‚Ăłwna","kat":"gminna"},"geometry":{"type":"LineString","coordinates":[[15.58501,51.26737],[15.58489,51.26741]]}},{"type":"Feature","properties":{"numer":"2323D","klasa":"","kat":"powiatowa"},"geometry":{"type":"LineString","coordinates":[[15.58501,51.26737],[15.58546,51.26754]]}},{"type":"Feature","properties":{"numer":"297,94","klasa":"droga gĹ‚Ăłwna","kat":"gminna"},"geometry":{"type":"LineString","coordinates":[[15.58489,51.26741],[15.58269,51.2679],[15.58088,51.26815]]}},{"type":"Feature","properties":{"numer":"297,94","klasa":"droga gĹ‚Ăłwna","kat":"gminna"},"geometry":{"type":"LineString","coordinates":[[15.58088,51.26815],[15.57909,51.26837]]}},{"type":"Feature","properties":{"numer":"104140D","klasa":"droga gĹ‚Ăłwna","kat":"powiatowa"},"geometry":{"type":"LineString","coordinates":[[15.56762,51.26958],[15.56734,51.26784],[15.56706,51.26732]]}},{"type":"Feature","properties":{"numer":"297,94","klasa":"droga gĹ‚Ăłwna","kat":"gminna"},"geometry":{"type":"LineString","coordinates":[[15.57909,51.26837],[15.57609,51.26866]]}},{"type":"Feature","properties":{"numer":"94","klasa":"droga gĹ‚Ăłwna","kat":"krajowa"},"geometry":{"type":"LineString","coordinates":[[15.56244,51.26908],[15.55788,51.26914],[15.55712,51.26909],[15.55618,51.26881]]}},{"type":"Feature","properties":{"numer":"94","klasa":"droga gĹ‚Ăłwna","kat":"krajowa"},"geometry":{"type":"LineString","coordinates":[[15.55618,51.26881],[15.5556,51.26835],[15.55458,51.2672],[15.55401,51.26687],[15.55314,51.2666],[15.55046,51.26625],[15.54945,51.26604],[15.54889,51.26578],[15.54837,51.26516]]}},{"type":"Feature","properties":{"numer":"104068D","klasa":"droga zbiorcza","kat":"powiatowa"},"geometry":{"type":"LineString","coordinates":[[15.5465,51.26717],[15.54641,51.26708]]}},{"type":"Feature","properties":{"numer":"104068D","klasa":"droga zbiorcza","kat":"powiatowa"},"geometry":{"type":"LineString","coordinates":[[15.54676,51.26786],[15.54672,51.26746],[15.5465,51.26717]]}},{"type":"Feature","properties":{"numer":"2320D","klasa":"","kat":"powiatowa"},"geometry":{"type":"LineString","coordinates":[[15.55556,51.2679],[15.55545,51.26755],[15.55571,51.26722]]}},{"type":"Feature","properties":{"numer":"2320D","klasa":"","kat":"powiatowa"},"geometry":{"type":"LineString","coordinates":[[15.55618,51.26881],[15.55623,51.26858],[15.55569,51.26815],[15.55556,51.2679]]}},{"type":"Feature","properties":{"numer":"104068D","klasa":"droga zbiorcza","kat":"powiatowa"},"geometry":{"type":"LineString","coordinates":[[15.5464,51.26901],[15.54676,51.26786]]}},{"type":"Feature","properties":{"numer":"104068D","klasa":"droga zbiorcza","kat":"powiatowa"},"geometry":{"type":"LineString","coordinates":[[15.54655,51.2695],[15.5464,51.26901]]}},{"type":"Feature","properties":{"numer":"350","klasa":"droga gĹ‚Ăłwna","kat":"wojewodzka"},"geometry":{"type":"LineString","coordinates":[[15.54423,51.26545],[15.54329,51.26587],[15.54238,51.26698],[15.53937,51.26938],[15.53858,51.26991],[15.53781,51.27028],[15.53671,51.27065],[15.53355,51.27131],[15.53183,51.27187],[15.53067,51.27249],[15.52964,51.27339]]}},{"type":"Feature","properties":{"numer":"104068D","klasa":"droga zbiorcza","kat":"powiatowa"},"geometry":{"type":"LineString","coordinates":[[15.54661,51.26991],[15.54655,51.2695]]}},{"type":"Feature","properties":{"numer":"2320D","klasa":"","kat":"powiatowa"},"geometry":{"type":"LineString","coordinates":[[15.55686,51.27061],[15.5561,51.26898],[15.55618,51.26881]]}},{"type":"Feature","properties":{"numer":"297,94","klasa":"droga gĹ‚Ăłwna","kat":"gminna"},"geometry":{"type":"LineString","coordinates":[[15.57609,51.26866],[15.57412,51.26895],[15.57112,51.26955],[15.56786,51.26968]]}},{"type":"Feature","properties":{"numer":"94","klasa":"droga gĹ‚Ăłwna","kat":"krajowa"},"geometry":{"type":"LineString","coordinates":[[15.56746,51.26969],[15.56407,51.26919],[15.56244,51.26908]]}},{"type":"Feature","properties":{"numer":"2323D","klasa":"","kat":"powiatowa"},"geometry":{"type":"LineString","coordinates":[[15.59009,51.27124],[15.58764,51.26881],[15.58632,51.26789],[15.58546,51.26754]]}},{"type":"Feature","properties":{"numer":"104140D","klasa":"droga gĹ‚Ăłwna","kat":"powiatowa"},"geometry":{"type":"LineString","coordinates":[[15.56766,51.26971],[15.56762,51.26958]]}},{"type":"Feature","properties":{"numer":"297,94","klasa":"droga gĹ‚Ăłwna","kat":"gminna"},"geometry":{"type":"LineString","coordinates":[[15.56786,51.26968],[15.56766,51.26971]]}},{"type":"Feature","properties":{"numer":"94","klasa":"droga gĹ‚Ăłwna","kat":"krajowa"},"geometry":{"type":"LineString","coordinates":[[15.56766,51.26971],[15.56746,51.26969]]}},{"type":"Feature","properties":{"numer":"297","klasa":"droga gĹ‚Ăłwna","kat":"wojewodzka"},"geometry":{"type":"LineString","coordinates":[[15.56765,51.26984],[15.56766,51.26971]]}},{"type":"Feature","properties":{"numer":"297","klasa":"droga gĹ‚Ăłwna","kat":"wojewodzka"},"geometry":{"type":"LineString","coordinates":[[15.56899,51.273],[15.56795,51.27156],[15.56765,51.26984]]}},{"type":"Feature","properties":{"numer":"104102D","klasa":"droga zbiorcza","kat":"powiatowa"},"geometry":{"type":"LineString","coordinates":[[15.5667,51.27341],[15.5674,51.27341],[15.56899,51.273]]}},{"type":"Feature","properties":{"numer":"104102D","klasa":"droga zbiorcza","kat":"powiatowa"},"geometry":{"type":"LineString","coordinates":[[15.56557,51.27344],[15.5667,51.27341]]}},{"type":"Feature","properties":{"numer":"104068D","klasa":"droga zbiorcza","kat":"powiatowa"},"geometry":{"type":"LineString","coordinates":[[15.54718,51.27097],[15.54665,51.27039],[15.54661,51.26991]]}},{"type":"Feature","properties":{"numer":"2321D","klasa":"","kat":"powiatowa"},"geometry":{"type":"LineString","coordinates":[[15.55389,51.27109],[15.55686,51.27061]]}},{"type":"Feature","properties":{"numer":"104068D","klasa":"droga zbiorcza","kat":"powiatowa"},"geometry":{"type":"LineString","coordinates":[[15.54728,51.27103],[15.54718,51.27097]]}},{"type":"Feature","properties":{"numer":"2321D","klasa":"","kat":"powiatowa"},"geometry":{"type":"LineString","coordinates":[[15.55254,51.27132],[15.55389,51.27109]]}},{"type":"Feature","properties":{"numer":"104068D","klasa":"droga zbiorcza","kat":"powiatowa"},"geometry":{"type":"LineString","coordinates":[[15.54775,51.27194],[15.54757,51.27134],[15.54728,51.27103]]}},{"type":"Feature","properties":{"numer":"104068D","klasa":"droga zbiorcza","kat":"powiatowa"},"geometry":{"type":"LineString","coordinates":[[15.54787,51.27233],[15.54775,51.27194]]}},{"type":"Feature","properties":{"numer":"2320D","klasa":"","kat":"powiatowa"},"geometry":{"type":"LineString","coordinates":[[15.55887,51.27465],[15.55686,51.27061]]}},{"type":"Feature","properties":{"numer":"104068D","klasa":"droga zbiorcza","kat":"powiatowa"},"geometry":{"type":"LineString","coordinates":[[15.54814,51.27319],[15.54787,51.27233]]}},{"type":"Feature","properties":{"numer":"350","klasa":"droga gĹ‚Ăłwna","kat":"wojewodzka"},"geometry":{"type":"LineString","coordinates":[[15.52964,51.27339],[15.52913,51.27391]]}},{"type":"Feature","properties":{"numer":"104068D","klasa":"droga zbiorcza","kat":"powiatowa"},"geometry":{"type":"LineString","coordinates":[[15.54845,51.27432],[15.5484,51.27385],[15.54814,51.27319]]}},{"type":"Feature","properties":{"numer":"A4,E40","klasa":"autostrada","kat":"krajowa"},"geometry":{"type":"LineString","coordinates":[[15.777169327227455,51.28416373010892],[15.7726,51.28697],[15.7694,51.28886],[15.76414,51.29152],[15.76071,51.29301],[15.75776,51.29414],[15.75318,51.29565],[15.74996,51.29657],[15.74688,51.29734],[15.7428,51.2982],[15.72353,51.30182]]}},{"type":"Feature","properties":{"numer":"104102D","klasa":"droga zbiorcza","kat":"powiatowa"},"geometry":{"type":"LineString","coordinates":[[15.56447,51.27361],[15.56557,51.27344]]}},{"type":"Feature","properties":{"numer":"104102D","klasa":"droga zbiorcza","kat":"powiatowa"},"geometry":{"type":"LineString","coordinates":[[15.56388,51.27374],[15.56447,51.27361]]}},{"type":"Feature","properties":{"numer":"104102D","klasa":"droga zbiorcza","kat":"powiatowa"},"geometry":{"type":"LineString","coordinates":[[15.56388,51.27374],[15.56347,51.27381]]}},{"type":"Feature","properties":{"numer":"104102D","klasa":"droga zbiorcza","kat":"powiatowa"},"geometry":{"type":"LineString","coordinates":[[15.56347,51.27381],[15.56281,51.27394]]}},{"type":"Feature","properties":{"numer":"104102D","klasa":"droga zbiorcza","kat":"powiatowa"},"geometry":{"type":"LineString","coordinates":[[15.56281,51.27394],[15.56157,51.27417]]}},{"type":"Feature","properties":{"numer":"104102D","klasa":"droga zbiorcza","kat":"powiatowa"},"geometry":{"type":"LineString","coordinates":[[15.56157,51.27417],[15.56037,51.2744]]}},{"type":"Feature","properties":{"numer":"104102D","klasa":"droga zbiorcza","kat":"powiatowa"},"geometry":{"type":"LineString","coordinates":[[15.56037,51.2744],[15.55887,51.27465]]}},{"type":"Feature","properties":{"numer":"2272D","klasa":"droga zbiorcza","kat":"powiatowa"},"geometry":{"type":"LineString","coordinates":[[15.57609,51.26866],[15.57718,51.26997],[15.57988,51.27221],[15.58324,51.27649],[15.5854,51.27904],[15.58603,51.27953],[15.58945,51.28135],[15.59084,51.28249],[15.59149,51.28282],[15.59177,51.28337],[15.59283,51.28431],[15.59434,51.28642],[15.59588,51.28985],[15.59693,51.2915],[15.59827,51.29323],[15.59915,51.29418],[15.6003,51.29522],[15.60262,51.29667],[15.60334,51.29732],[15.6038,51.29791],[15.60434,51.29926],[15.60493,51.30001],[15.60647,51.30112],[15.61178,51.30453]]}},{"type":"Feature","properties":{"numer":"297","klasa":"droga gĹ‚Ăłwna","kat":"wojewodzka"},"geometry":{"type":"LineString","coordinates":[[15.57082,51.30812],[15.57009,51.3066],[15.56943,51.30425],[15.56956,51.30057],[15.57041,51.29908],[15.57074,51.29723],[15.56981,51.29248],[15.57244,51.28647],[15.57319,51.2842],[15.57329,51.28357],[15.57152,51.27586],[15.57103,51.27508],[15.56899,51.273]]}},{"type":"Feature","properties":{"numer":"2286D","klasa":"droga zbiorcza","kat":"powiatowa"},"geometry":{"type":"LineString","coordinates":[[15.61991,51.30595],[15.62065,51.30482],[15.62341,51.303],[15.62438,51.30202],[15.6263,51.3013],[15.62727,51.30066],[15.62863,51.30016],[15.63095,51.29895],[15.63169,51.29841],[15.63191,51.29812],[15.6313,51.29771],[15.63113,51.29737],[15.6324,51.29544],[15.63332,51.29478],[15.63399,51.29403],[15.63565,51.29271],[15.63719,51.29186],[15.63902,51.29001],[15.63946,51.28969],[15.64033,51.28929],[15.64042,51.28912],[15.63991,51.28871]]}},{"type":"Feature","properties":{"numer":"2275D","klasa":"droga zbiorcza","kat":"powiatowa"},"geometry":{"type":"LineString","coordinates":[[15.6817,51.27473],[15.68134,51.27494],[15.68109,51.27521],[15.68081,51.27721]]}},{"type":"Feature","properties":{"numer":"2286D","klasa":"droga zbiorcza","kat":"powiatowa"},"geometry":{"type":"LineString","coordinates":[[15.67726,51.27684],[15.67744,51.27687]]}},{"type":"Feature","properties":{"numer":"2286D","klasa":"droga zbiorcza","kat":"powiatowa"},"geometry":{"type":"LineString","coordinates":[[15.67744,51.27687],[15.68081,51.27721]]}},{"type":"Feature","properties":{"numer":"2286D","klasa":"droga zbiorcza","kat":"powiatowa"},"geometry":{"type":"LineString","coordinates":[[15.68081,51.27721],[15.6964,51.27891],[15.6979,51.27898],[15.69924,51.27898],[15.70141,51.27882],[15.70274,51.27856],[15.70514,51.27837],[15.70684,51.27851],[15.70762,51.27868],[15.70799,51.27867],[15.71283,51.278],[15.71372,51.27799],[15.71477,51.27815],[15.71569,51.27816],[15.71704,51.27849],[15.71803,51.27887],[15.7182,51.27904],[15.71915,51.28096],[15.71997,51.28297],[15.72128,51.28293],[15.72577,51.28199],[15.72666,51.28188],[15.72913,51.28206],[15.73173,51.28273],[15.73219,51.28276],[15.73319,51.28251],[15.73451,51.28189],[15.73759,51.28126],[15.73881,51.28075],[15.73978,51.28063],[15.74001,51.28053],[15.74037,51.2803],[15.74168,51.27872],[15.74197,51.27807],[15.7423,51.2778],[15.74297,51.27746],[15.74848,51.27359],[15.74889,51.27342],[15.75,51.27335],[15.75004,51.27328]]}},{"type":"Feature","properties":{"numer":"2286D","klasa":"droga zbiorcza","kat":"powiatowa"},"geometry":{"type":"LineString","coordinates":[[15.63992,51.28861],[15.64019,51.28834],[15.64034,51.28799],[15.6414,51.28767],[15.64302,51.28649],[15.643,51.28635],[15.64241,51.28609],[15.64113,51.28519],[15.64097,51.28499],[15.64233,51.28418],[15.64271,51.28409],[15.64347,51.28407],[15.64344,51.28381],[15.64246,51.28311],[15.64235,51.2821],[15.64238,51.28179],[15.6426,51.28146],[15.64335,51.28104],[15.64392,51.28085],[15.64316,51.27786],[15.64326,51.2776],[15.64369,51.27712],[15.66497,51.27619],[15.66588,51.27571],[15.6663,51.27564],[15.67726,51.27684]]}},{"type":"Feature","properties":{"numer":"2286D","klasa":"droga zbiorcza","kat":"powiatowa"},"geometry":{"type":"LineString","coordinates":[[15.63991,51.28871],[15.63992,51.28861]]}},{"type":"Feature","properties":{"numer":"2275D","klasa":"droga zbiorcza","kat":"powiatowa"},"geometry":{"type":"LineString","coordinates":[[15.68081,51.27721],[15.67783,51.30896],[15.67772,51.31027],[15.6778,51.31183]]}},{"type":"Feature","properties":{"numer":"A4,E40","klasa":"autostrada","kat":"krajowa"},"geometry":{"type":"LineString","coordinates":[[15.72353,51.30182],[15.72309,51.3019]]}},{"type":"Feature","properties":{"numer":"A4,E40","klasa":"autostrada","kat":"krajowa"},"geometry":{"type":"LineString","coordinates":[[15.72309,51.3019],[15.68737,51.30864],[15.68529,51.30914],[15.68294,51.30986],[15.68073,51.31071],[15.67782,51.31207]]}},{"type":"Feature","properties":{"numer":"2275D","klasa":"droga zbiorcza","kat":"powiatowa"},"geometry":{"type":"LineString","coordinates":[[15.6778,51.31183],[15.67782,51.31207]]}},{"type":"Feature","properties":{"numer":"2272D","klasa":"","kat":"powiatowa"},"geometry":{"type":"LineString","coordinates":[[15.61178,51.30453],[15.61222,51.30475]]}},{"type":"Feature","properties":{"numer":"2286D","klasa":"","kat":"powiatowa"},"geometry":{"type":"LineString","coordinates":[[15.61192,51.305],[15.61178,51.30453]]}},{"type":"Feature","properties":{"numer":"2286D","klasa":"","kat":"powiatowa"},"geometry":{"type":"LineString","coordinates":[[15.61192,51.305],[15.61222,51.30475]]}},{"type":"Feature","properties":{"numer":"2272D","klasa":"droga zbiorcza","kat":"powiatowa"},"geometry":{"type":"LineString","coordinates":[[15.61222,51.30475],[15.61319,51.30511]]}},{"type":"Feature","properties":{"numer":"2272D","klasa":"droga zbiorcza","kat":"powiatowa"},"geometry":{"type":"LineString","coordinates":[[15.61319,51.30511],[15.61399,51.30523]]}},{"type":"Feature","properties":{"numer":"2272D","klasa":"droga zbiorcza","kat":"powiatowa"},"geometry":{"type":"LineString","coordinates":[[15.61399,51.30523],[15.61991,51.30595]]}},{"type":"Feature","properties":{"numer":"2286D","klasa":"","kat":"powiatowa"},"geometry":{"type":"LineString","coordinates":[[15.60984,51.30764],[15.6087,51.30668],[15.60991,51.30601],[15.61157,51.30527],[15.61192,51.305]]}},{"type":"Feature","properties":{"numer":"2286D","klasa":"droga zbiorcza","kat":"powiatowa"},"geometry":{"type":"LineString","coordinates":[[15.61121,51.30745],[15.61147,51.30744],[15.61402,51.30649],[15.61466,51.30645],[15.61558,51.30664],[15.61613,51.30635],[15.61682,51.3062],[15.61861,51.30622],[15.6195,51.30611],[15.61991,51.30595]]}},{"type":"Feature","properties":{"numer":"2286D","klasa":"droga zbiorcza","kat":"powiatowa"},"geometry":{"type":"LineString","coordinates":[[15.61106,51.30742],[15.61121,51.30745]]}},{"type":"Feature","properties":{"numer":"2286D","klasa":"droga zbiorcza","kat":"powiatowa"},"geometry":{"type":"LineString","coordinates":[[15.60984,51.30764],[15.61025,51.30752],[15.61106,51.30742]]}},{"type":"Feature","properties":{"numer":"2286D","klasa":"droga zbiorcza","kat":"powiatowa"},"geometry":{"type":"LineString","coordinates":[[15.60452,51.30875],[15.60748,51.30858],[15.60812,51.30837],[15.60874,51.30802],[15.60984,51.30764]]}},{"type":"Feature","properties":{"numer":"297","klasa":"droga gĹ‚Ăłwna","kat":"wojewodzka"},"geometry":{"type":"LineString","coordinates":[[15.57098,51.30843],[15.57082,51.30812]]}},{"type":"Feature","properties":{"numer":"2287D","klasa":"","kat":"powiatowa"},"geometry":{"type":"LineString","coordinates":[[15.60452,51.30875],[15.60436,51.30901],[15.6035,51.30933],[15.60347,51.30975]]}},{"type":"Feature","properties":{"numer":"2287D","klasa":"","kat":"powiatowa"},"geometry":{"type":"LineString","coordinates":[[15.6035,51.30984],[15.60347,51.30975]]}},{"type":"Feature","properties":{"numer":"297","klasa":"droga gĹ‚Ăłwna","kat":"wojewodzka"},"geometry":{"type":"LineString","coordinates":[[15.57277,51.31182],[15.57098,51.30843]]}},{"type":"Feature","properties":{"numer":"A4,E40","klasa":"autostrada","kat":"krajowa"},"geometry":{"type":"LineString","coordinates":[[15.56691,51.31133],[15.56302,51.31097],[15.56033,51.31093],[15.55781,51.31102]]}},{"type":"Feature","properties":{"numer":"A4,E40","klasa":"autostrada","kat":"krajowa"},"geometry":{"type":"LineString","coordinates":[[15.56933,51.31162],[15.56691,51.31133]]}},{"type":"Feature","properties":{"numer":"A4,E40","klasa":"autostrada","kat":"krajowa"},"geometry":{"type":"LineString","coordinates":[[15.5729,51.31205],[15.56933,51.31162]]}},{"type":"Feature","properties":{"numer":"297","klasa":"droga gĹ‚Ăłwna","kat":"wojewodzka"},"geometry":{"type":"LineString","coordinates":[[15.5729,51.31205],[15.57277,51.31182]]}},{"type":"Feature","properties":{"numer":"297","klasa":"droga gĹ‚Ăłwna","kat":"wojewodzka"},"geometry":{"type":"LineString","coordinates":[[15.57304,51.31233],[15.5729,51.31205]]}},{"type":"Feature","properties":{"numer":"2275D","klasa":"droga zbiorcza","kat":"powiatowa"},"geometry":{"type":"LineString","coordinates":[[15.67782,51.31207],[15.67785,51.31232]]}},{"type":"Feature","properties":{"numer":"2272D","klasa":"droga zbiorcza","kat":"powiatowa"},"geometry":{"type":"LineString","coordinates":[[15.61991,51.30595],[15.62069,51.30605],[15.62133,51.30623],[15.62448,51.30796],[15.62793,51.30927],[15.63558,51.31144],[15.63723,51.31199],[15.64653,51.31579],[15.64987,51.31649],[15.65383,51.31765],[15.65536,51.31824],[15.66022,51.32034]]}},{"type":"Feature","properties":{"numer":"A4,E40","klasa":"autostrada","kat":"krajowa"},"geometry":{"type":"LineString","coordinates":[[15.67782,51.31207],[15.66055,51.32046]]}},{"type":"Feature","properties":{"numer":"2275D","klasa":"droga zbiorcza","kat":"powiatowa"},"geometry":{"type":"LineString","coordinates":[[15.67785,51.31232],[15.67825,51.31679],[15.67861,51.31859],[15.67857,51.32012],[15.67871,51.32081]]}},{"type":"Feature","properties":{"numer":"2272D","klasa":"droga zbiorcza","kat":"powiatowa"},"geometry":{"type":"LineString","coordinates":[[15.66022,51.32034],[15.66055,51.32046]]}},{"type":"Feature","properties":{"numer":"2272D","klasa":"droga zbiorcza","kat":"powiatowa"},"geometry":{"type":"LineString","coordinates":[[15.66055,51.32046],[15.66088,51.32059]]}},{"type":"Feature","properties":{"numer":"2270D","klasa":"","kat":"powiatowa"},"geometry":{"type":"LineString","coordinates":[[15.7341,51.32132],[15.73214,51.32089],[15.72916,51.32048],[15.72625,51.32044],[15.72202,51.32055],[15.71842,51.32012],[15.71604,51.32009],[15.71426,51.32021],[15.71121,51.31985],[15.70945,51.32007],[15.70781,51.3198],[15.70589,51.31974],[15.70175,51.32007],[15.69758,51.32136],[15.693,51.32206],[15.68828,51.32179],[15.68553,51.32146],[15.68394,51.32139],[15.67958,51.32071],[15.67871,51.32081]]}},{"type":"Feature","properties":{"numer":"2272D","klasa":"droga zbiorcza","kat":"powiatowa"},"geometry":{"type":"LineString","coordinates":[[15.66088,51.32059],[15.66713,51.3227],[15.66795,51.32291],[15.67022,51.32331],[15.67282,51.32393]]}},{"type":"Feature","properties":{"numer":"2270D","klasa":"","kat":"powiatowa"},"geometry":{"type":"LineString","coordinates":[[15.67871,51.32081],[15.67778,51.32135],[15.67626,51.32173],[15.67551,51.32207],[15.674,51.32324],[15.67282,51.32393]]}},{"type":"Feature","properties":{"numer":"A4,E40","klasa":"autostrada","kat":"krajowa"},"geometry":{"type":"LineString","coordinates":[[15.66055,51.32046],[15.65861,51.32143],[15.65735,51.32217],[15.65246,51.32578],[15.65039,51.32698],[15.64934,51.32743],[15.64768,51.32795],[15.64635,51.32825],[15.64435,51.32853]]}},{"type":"Feature","properties":{"numer":"2286D","klasa":"droga zbiorcza","kat":"powiatowa"},"geometry":{"type":"LineString","coordinates":[[15.5922,51.31612],[15.59318,51.31501],[15.59386,51.31493],[15.59446,51.31468],[15.59527,51.31319],[15.5969,51.31175],[15.59746,51.31101],[15.59878,51.3104],[15.60059,51.30902],[15.60118,51.30887],[15.60189,51.30888],[15.60401,51.30872],[15.60452,51.30875]]}},{"type":"Feature","properties":{"numer":"A4,E40","klasa":"autostrada","kat":"krajowa"},"geometry":{"type":"LineString","coordinates":[[15.59201,51.31634],[15.58653,51.31445],[15.58349,51.3136],[15.5802,51.31296],[15.5729,51.31205]]}},{"type":"Feature","properties":{"numer":"2287D","klasa":"","kat":"powiatowa"},"geometry":{"type":"LineString","coordinates":[[15.6035,51.30984],[15.60444,51.31194],[15.60478,51.31245],[15.60608,51.31385],[15.60675,51.31502],[15.60718,51.3166],[15.60849,51.32013],[15.60838,51.32181]]}},{"type":"Feature","properties":{"numer":"2286D","klasa":"droga zbiorcza","kat":"powiatowa"},"geometry":{"type":"LineString","coordinates":[[15.59201,51.31634],[15.5922,51.31612]]}},{"type":"Feature","properties":{"numer":"A4,E40","klasa":"autostrada","kat":"krajowa"},"geometry":{"type":"LineString","coordinates":[[15.59212,51.31638],[15.59201,51.31634]]}},{"type":"Feature","properties":{"numer":"2286D","klasa":"droga zbiorcza","kat":"powiatowa"},"geometry":{"type":"LineString","coordinates":[[15.59182,51.31654],[15.59201,51.31634]]}},{"type":"Feature","properties":{"numer":"A4,E40","klasa":"autostrada","kat":"krajowa"},"geometry":{"type":"LineString","coordinates":[[15.59332,51.31679],[15.59212,51.31638]]}},{"type":"Feature","properties":{"numer":"2286D","klasa":"droga zbiorcza","kat":"powiatowa"},"geometry":{"type":"LineString","coordinates":[[15.55735,51.31105],[15.55747,51.31155],[15.55782,51.31222],[15.55888,51.31329],[15.55908,51.31365],[15.55888,51.31513],[15.55873,51.31533],[15.55808,51.31581],[15.55782,51.3163],[15.55794,51.31722],[15.55891,51.31821],[15.5592,51.31881],[15.55911,51.31918],[15.55853,51.31977],[15.55836,51.32019],[15.55872,51.32121],[15.55859,51.32201],[15.55954,51.32325],[15.55996,51.32461],[15.56051,51.32545],[15.56131,51.32566],[15.56386,51.32594],[15.56482,51.3262],[15.56538,51.32617],[15.56658,51.32593],[15.56925,51.32587],[15.57009,51.32574]]}},{"type":"Feature","properties":{"numer":"297","klasa":"droga gĹ‚Ăłwna","kat":"wojewodzka"},"geometry":{"type":"LineString","coordinates":[[15.57899,51.32555],[15.57938,51.32475],[15.57943,51.32375],[15.57885,51.32195],[15.57782,51.31957],[15.57693,51.31829],[15.57579,51.31725],[15.57535,51.31673],[15.57304,51.31233]]}},{"type":"Feature","properties":{"numer":"A4,E40","klasa":"autostrada","kat":"krajowa"},"geometry":{"type":"LineString","coordinates":[[15.60799,51.32169],[15.60297,51.32013],[15.59332,51.31679]]}},{"type":"Feature","properties":{"numer":"2286D","klasa":"droga zbiorcza","kat":"powiatowa"},"geometry":{"type":"LineString","coordinates":[[15.5791,51.32567],[15.57963,51.3255],[15.58083,51.32493],[15.58147,51.32449],[15.58205,51.32365],[15.58243,51.32328],[15.58343,51.32267],[15.58421,51.32253],[15.58464,51.32223],[15.58657,51.32078],[15.58941,51.31796],[15.58985,51.3177],[15.59121,51.31712],[15.59182,51.31654]]}},{"type":"Feature","properties":{"numer":"A4,E40","klasa":"autostrada","kat":"krajowa"},"geometry":{"type":"LineString","coordinates":[[15.60838,51.32181],[15.60799,51.32169]]}},{"type":"Feature","properties":{"numer":"A4,E40","klasa":"autostrada","kat":"krajowa"},"geometry":{"type":"LineString","coordinates":[[15.60885,51.32194],[15.60838,51.32181]]}},{"type":"Feature","properties":{"numer":"A4,E40","klasa":"autostrada","kat":"krajowa"},"geometry":{"type":"LineString","coordinates":[[15.61496,51.32349],[15.60885,51.32194]]}},{"type":"Feature","properties":{"numer":"A4,E40","klasa":"autostrada","kat":"krajowa"},"geometry":{"type":"LineString","coordinates":[[15.61577,51.32367],[15.61496,51.32349]]}},{"type":"Feature","properties":{"numer":"297","klasa":"droga gĹ‚Ăłwna","kat":"wojewodzka"},"geometry":{"type":"LineString","coordinates":[[15.57899,51.32555],[15.57894,51.32566]]}},{"type":"Feature","properties":{"numer":"2286D","klasa":"droga zbiorcza","kat":"powiatowa"},"geometry":{"type":"LineString","coordinates":[[15.571,51.32552],[15.57178,51.32539],[15.57604,51.32583],[15.57704,51.32584],[15.57877,51.32568]]}},{"type":"Feature","properties":{"numer":"2286D","klasa":"droga zbiorcza","kat":"powiatowa"},"geometry":{"type":"LineString","coordinates":[[15.57009,51.32574],[15.571,51.32552]]}},{"type":"Feature","properties":{"numer":"2286D","klasa":"droga zbiorcza","kat":"powiatowa"},"geometry":{"type":"LineString","coordinates":[[15.57894,51.32566],[15.5791,51.32567]]}},{"type":"Feature","properties":{"numer":"2286D","klasa":"droga zbiorcza","kat":"powiatowa"},"geometry":{"type":"LineString","coordinates":[[15.57877,51.32568],[15.57894,51.32566]]}},{"type":"Feature","properties":{"numer":"2272D","klasa":"droga zbiorcza","kat":"powiatowa"},"geometry":{"type":"LineString","coordinates":[[15.82543,51.40429],[15.82645,51.4047],[15.82744231415531,51.4052302926846]]}},{"type":"Feature","properties":{"numer":"2270D","klasa":"droga gĹ‚Ăłwna","kat":"powiatowa"},"geometry":{"type":"LineString","coordinates":[[15.772659357209593,51.31974820849463],[15.77241,51.31981]]}},{"type":"Feature","properties":{"numer":"2270D","klasa":"","kat":"powiatowa"},"geometry":{"type":"LineString","coordinates":[[15.77241,51.31981],[15.77105,51.32026],[15.769,51.32035],[15.76455,51.31962],[15.76307,51.31976],[15.76061,51.31956],[15.75973,51.31957],[15.7577,51.31974],[15.75706,51.31987],[15.75578,51.3197],[15.75468,51.31995],[15.75387,51.32048],[15.7534,51.32065],[15.75181,51.32078],[15.75069,51.32077],[15.7478,51.32129],[15.74566,51.32137],[15.74323,51.32128],[15.73835,51.32132],[15.73513,51.32141],[15.7341,51.32132]]}},{"type":"Feature","properties":{"numer":"2285D","klasa":"","kat":"powiatowa"},"geometry":{"type":"LineString","coordinates":[[15.7341,51.32132],[15.73599,51.32253],[15.73655,51.32297],[15.73865,51.32513],[15.74056,51.32678],[15.74135,51.32804],[15.74362,51.33062],[15.74681,51.33309],[15.74801,51.33384],[15.75043,51.3348],[15.75127,51.33495],[15.75311,51.33502],[15.75354,51.3352],[15.75383,51.33583],[15.75524,51.33812],[15.7555,51.33878],[15.7556,51.33947],[15.75529,51.34019],[15.75515,51.34117],[15.75578,51.34273],[15.7563,51.34518],[15.75672,51.3463],[15.75796,51.34886],[15.75816,51.34982],[15.75825,51.35154],[15.75837,51.35193],[15.75922,51.35321],[15.76006,51.35426],[15.76165,51.35802],[15.76179,51.35859],[15.76176,51.35982]]}},{"type":"Feature","properties":{"numer":"2269D","klasa":"","kat":"powiatowa"},"geometry":{"type":"LineString","coordinates":[[15.8048,51.35635],[15.8048,51.3559],[15.80467,51.35562],[15.80443,51.35547],[15.8035,51.35517],[15.80342,51.35496],[15.80353,51.35474],[15.80387,51.35463],[15.80501,51.35455],[15.8058,51.35422],[15.80733,51.35283],[15.80777,51.3528],[15.81024,51.35293],[15.81076,51.35282],[15.81227,51.35075],[15.81392,51.34723],[15.814007501768284,51.346494985146414]]}},{"type":"Feature","properties":{"numer":"2269D","klasa":"","kat":"powiatowa"},"geometry":{"type":"LineString","coordinates":[[15.8048,51.35643],[15.8048,51.35635]]}},{"type":"Feature","properties":{"numer":"2269D","klasa":"","kat":"powiatowa"},"geometry":{"type":"LineString","coordinates":[[15.80512,51.35715],[15.80489,51.35709],[15.80474,51.35688],[15.8048,51.35643]]}},{"type":"Feature","properties":{"numer":"2269D","klasa":"","kat":"powiatowa"},"geometry":{"type":"LineString","coordinates":[[15.78638,51.35837],[15.78894,51.35841],[15.79229,51.35823],[15.79555,51.35776],[15.79846,51.35746],[15.80024,51.35734],[15.80251,51.35733],[15.80512,51.35715]]}},{"type":"Feature","properties":{"numer":"297","klasa":"droga gĹ‚Ăłwna","kat":"wojewodzka"},"geometry":{"type":"LineString","coordinates":[[15.57894,51.32566],[15.57897,51.32576]]}},{"type":"Feature","properties":{"numer":"A4,E40","klasa":"autostrada","kat":"krajowa"},"geometry":{"type":"LineString","coordinates":[[15.64435,51.32853],[15.64304,51.3286],[15.64114,51.32855],[15.63849,51.32821],[15.61577,51.32367]]}},{"type":"Feature","properties":{"numer":"297","klasa":"droga gĹ‚Ăłwna","kat":"wojewodzka"},"geometry":{"type":"LineString","coordinates":[[15.57931,51.32667],[15.57897,51.32576]]}},{"type":"Feature","properties":{"numer":"297","klasa":"droga gĹ‚Ăłwna","kat":"wojewodzka"},"geometry":{"type":"LineString","coordinates":[[15.57936,51.32682],[15.57931,51.32667]]}},{"type":"Feature","properties":{"numer":"2287D","klasa":"","kat":"powiatowa"},"geometry":{"type":"LineString","coordinates":[[15.60838,51.32181],[15.60817,51.32346],[15.60846,51.32519],[15.6086,51.32558],[15.60918,51.32635],[15.60996,51.32814],[15.60987,51.32951],[15.61001,51.33024],[15.60995,51.33104],[15.61011,51.33225],[15.61034,51.33285],[15.61044,51.33386],[15.61117,51.33512],[15.61395,51.33731],[15.618,51.33836],[15.62406,51.34011],[15.62523,51.34051]]}},{"type":"Feature","properties":{"numer":"A18,E36","klasa":"autostrada","kat":"krajowa"},"geometry":{"type":"LineString","coordinates":[[15.62539,51.3404],[15.64037,51.33083]]}},{"type":"Feature","properties":{"numer":"A18,E36","klasa":"autostrada","kat":"krajowa"},"geometry":{"type":"LineString","coordinates":[[15.62539,51.3404],[15.62523,51.34051]]}},{"type":"Feature","properties":{"numer":"A18,E36","klasa":"autostrada","kat":"krajowa"},"geometry":{"type":"LineString","coordinates":[[15.62523,51.34051],[15.62509,51.3406]]}},{"type":"Feature","properties":{"numer":"297","klasa":"droga gĹ‚Ăłwna","kat":"wojewodzka"},"geometry":{"type":"LineString","coordinates":[[15.59425,51.35672],[15.59295,51.35502],[15.58804,51.34915],[15.58597,51.34733],[15.58544,51.34663],[15.57968,51.33154],[15.57876,51.32954],[15.57828,51.32875],[15.57824,51.32849],[15.57837,51.32818],[15.57933,51.32738],[15.57936,51.32682]]}},{"type":"Feature","properties":{"numer":"2287D","klasa":"","kat":"powiatowa"},"geometry":{"type":"LineString","coordinates":[[15.62523,51.34051],[15.62843,51.34137],[15.62948,51.34148],[15.63195,51.34151],[15.63289,51.34199],[15.6334,51.34215],[15.63565,51.34257],[15.63752,51.34313]]}},{"type":"Feature","properties":{"numer":"A18,E36","klasa":"autostrada","kat":"krajowa"},"geometry":{"type":"LineString","coordinates":[[15.5944,51.35696],[15.60716,51.35124],[15.61114,51.34926],[15.61452,51.34733],[15.62509,51.3406]]}},{"type":"Feature","properties":{"numer":"297","klasa":"droga gĹ‚Ăłwna","kat":"wojewodzka"},"geometry":{"type":"LineString","coordinates":[[15.59425,51.35672],[15.5944,51.35696]]}},{"type":"Feature","properties":{"numer":"297","klasa":"droga gĹ‚Ăłwna","kat":"wojewodzka"},"geometry":{"type":"LineString","coordinates":[[15.5944,51.35696],[15.59457,51.35722]]}},{"type":"Feature","properties":{"numer":"A18,E36","klasa":"autostrada","kat":"krajowa"},"geometry":{"type":"LineString","coordinates":[[15.58304,51.36205],[15.5944,51.35696]]}},{"type":"Feature","properties":{"numer":"A18,E36","klasa":"autostrada","kat":"krajowa"},"geometry":{"type":"LineString","coordinates":[[15.58282,51.36215],[15.58304,51.36205]]}},{"type":"Feature","properties":{"numer":"A18,E36","klasa":"autostrada","kat":"krajowa"},"geometry":{"type":"LineString","coordinates":[[15.58261,51.36225],[15.58282,51.36215]]}},{"type":"Feature","properties":{"numer":"A18,E36","klasa":"autostrada","kat":"krajowa"},"geometry":{"type":"LineString","coordinates":[[15.58116,51.36289],[15.58261,51.36225]]}},{"type":"Feature","properties":{"numer":"A18,E36","klasa":"autostrada","kat":"krajowa"},"geometry":{"type":"LineString","coordinates":[[15.57877,51.36396],[15.58116,51.36289]]}},{"type":"Feature","properties":{"numer":"A18,E36","klasa":"autostrada","kat":"krajowa"},"geometry":{"type":"LineString","coordinates":[[15.57495,51.36569],[15.57877,51.36396]]}},{"type":"Feature","properties":{"numer":"297","klasa":"droga gĹ‚Ăłwna","kat":"wojewodzka"},"geometry":{"type":"LineString","coordinates":[[15.59457,51.35722],[15.60096,51.3675],[15.60202,51.36934],[15.60211,51.37027],[15.60117,51.3809],[15.60029,51.3835],[15.6003,51.3839],[15.60056,51.38448],[15.60018,51.38511],[15.6001,51.38545],[15.60017,51.38614],[15.60091,51.387],[15.60103,51.38761]]}},{"type":"Feature","properties":{"numer":"2269D","klasa":"","kat":"powiatowa"},"geometry":{"type":"LineString","coordinates":[[15.78638,51.35837],[15.78631,51.35837]]}},{"type":"Feature","properties":{"numer":"2269D","klasa":"","kat":"powiatowa"},"geometry":{"type":"LineString","coordinates":[[15.76437,51.36081],[15.76541,51.36059],[15.76603,51.36038],[15.76777,51.35941],[15.76839,51.35917],[15.76903,51.35908],[15.7734,51.35882],[15.77584,51.35838],[15.77905,51.35821],[15.78005,51.35819],[15.78096,51.35835],[15.78241,51.35839],[15.78631,51.35837]]}},{"type":"Feature","properties":{"numer":"2285D","klasa":"","kat":"powiatowa"},"geometry":{"type":"LineString","coordinates":[[15.76176,51.35982],[15.76177,51.35987]]}},{"type":"Feature","properties":{"numer":"2272D","klasa":"droga zbiorcza","kat":"powiatowa"},"geometry":{"type":"LineString","coordinates":[[15.74227,51.36046],[15.74224,51.36038]]}},{"type":"Feature","properties":{"numer":"2285D","klasa":"","kat":"powiatowa"},"geometry":{"type":"LineString","coordinates":[[15.76177,51.35987],[15.76173,51.36036],[15.76116,51.36143]]}},{"type":"Feature","properties":{"numer":"2269D","klasa":"","kat":"powiatowa"},"geometry":{"type":"LineString","coordinates":[[15.76437,51.36081],[15.76422,51.36085]]}},{"type":"Feature","properties":{"numer":"2272D","klasa":"droga zbiorcza","kat":"powiatowa"},"geometry":{"type":"LineString","coordinates":[[15.74227,51.36046],[15.74224,51.36154],[15.7425,51.36166],[15.74381,51.36174],[15.74427,51.36174],[15.74623,51.36145],[15.74773,51.36107],[15.74861,51.36095],[15.75196,51.36101],[15.7532,51.36088],[15.75456,51.36112],[15.75516,51.36113]]}},{"type":"Feature","properties":{"numer":"2269D","klasa":"","kat":"powiatowa"},"geometry":{"type":"LineString","coordinates":[[15.76422,51.36085],[15.76295,51.3615],[15.76197,51.36151],[15.76116,51.36143]]}},{"type":"Feature","properties":{"numer":"2269D","klasa":"","kat":"powiatowa"},"geometry":{"type":"LineString","coordinates":[[15.76116,51.36143],[15.75928,51.36138],[15.75821,51.36149],[15.75786,51.36133],[15.7567,51.36107],[15.75516,51.36113]]}},{"type":"Feature","properties":{"numer":"2284D","klasa":"","kat":"powiatowa"},"geometry":{"type":"LineString","coordinates":[[15.80512,51.35715],[15.80531,51.3572],[15.8054,51.35733],[15.80526,51.35826],[15.8053,51.35998],[15.80623,51.36124],[15.80616,51.36288],[15.8066,51.36352],[15.8072,51.36391],[15.80747,51.36426],[15.80696,51.36612],[15.8073,51.36829],[15.80887,51.37221]]}},{"type":"Feature","properties":{"numer":"2272D","klasa":"droga zbiorcza","kat":"powiatowa"},"geometry":{"type":"LineString","coordinates":[[15.75516,51.36113],[15.7556,51.36174],[15.75568,51.36212],[15.75563,51.36286],[15.75488,51.3644],[15.75474,51.36491],[15.75495,51.36657],[15.75607,51.36902],[15.75708,51.37039],[15.75916,51.37269],[15.75932,51.37313],[15.7595,51.37466]]}},{"type":"Feature","properties":{"numer":"2284D","klasa":"","kat":"powiatowa"},"geometry":{"type":"LineString","coordinates":[[15.8089,51.37229],[15.80887,51.37221]]}},{"type":"Feature","properties":{"numer":"2272D","klasa":"droga zbiorcza","kat":"powiatowa"},"geometry":{"type":"LineString","coordinates":[[15.7595,51.37466],[15.7595,51.3747]]}},{"type":"Feature","properties":{"numer":"2272D","klasa":"droga zbiorcza","kat":"powiatowa"},"geometry":{"type":"LineString","coordinates":[[15.7595,51.3747],[15.75948,51.37538],[15.75929,51.37584],[15.75651,51.37885],[15.75633,51.37917],[15.7563,51.37953],[15.75645,51.38027],[15.75683,51.38129],[15.75824,51.38394],[15.75928,51.38531],[15.7607,51.38689]]}},{"type":"Feature","properties":{"numer":"2272D","klasa":"droga zbiorcza","kat":"powiatowa"},"geometry":{"type":"LineString","coordinates":[[15.7607,51.38689],[15.76073,51.38691]]}},{"type":"Feature","properties":{"numer":"2284D","klasa":"","kat":"powiatowa"},"geometry":{"type":"LineString","coordinates":[[15.8089,51.37229],[15.80922,51.37317],[15.80783,51.3753],[15.80725,51.3759],[15.80487,51.37757],[15.80452,51.37801],[15.80378,51.37958],[15.80303,51.38028],[15.80303,51.38052],[15.80349,51.38105],[15.80343,51.38209],[15.80294,51.3826],[15.80181,51.38332],[15.80159,51.38363],[15.80028,51.38599],[15.80043,51.38654],[15.80077,51.38706],[15.80128,51.38751],[15.80331,51.38827],[15.80362,51.38852],[15.80396,51.38914],[15.80427,51.38928],[15.80497,51.38942],[15.80685,51.38885],[15.8091,51.38838],[15.81105,51.38776],[15.81175,51.38767],[15.81272,51.38773],[15.81409,51.38797],[15.8152,51.38832],[15.81561,51.38862],[15.81611,51.38883],[15.81755,51.38924],[15.81819,51.38919],[15.81854,51.3893],[15.81962,51.39042],[15.81958,51.39171],[15.82045,51.39434],[15.82086,51.39464],[15.82243,51.39503],[15.82319,51.39531],[15.82395,51.39584],[15.82509,51.39819],[15.8258,51.40093],[15.82615,51.40397],[15.82604,51.4041],[15.82543,51.40429]]}},{"type":"Feature","properties":{"numer":"2272D","klasa":"droga zbiorcza","kat":"powiatowa"},"geometry":{"type":"LineString","coordinates":[[15.76073,51.38691],[15.76101,51.38741],[15.76102,51.38819],[15.76036,51.39243],[15.76013,51.39329],[15.75955,51.39418],[15.75936,51.39501],[15.75939,51.39545],[15.75971,51.39615]]}},{"type":"Feature","properties":{"numer":"2272D","klasa":"droga zbiorcza","kat":"powiatowa"},"geometry":{"type":"LineString","coordinates":[[15.75971,51.39615],[15.76021,51.39719],[15.75983,51.39795],[15.75996,51.39813]]}},{"type":"Feature","properties":{"numer":"2272D","klasa":"droga zbiorcza","kat":"powiatowa"},"geometry":{"type":"LineString","coordinates":[[15.75996,51.39813],[15.76043,51.39838],[15.76119,51.39914]]}},{"type":"Feature","properties":{"numer":"2272D","klasa":"droga zbiorcza","kat":"powiatowa"},"geometry":{"type":"LineString","coordinates":[[15.76119,51.39914],[15.76303,51.40039],[15.76373,51.40145]]}},{"type":"Feature","properties":{"numer":"2288D","klasa":"","kat":"powiatowa"},"geometry":{"type":"LineString","coordinates":[[15.58282,51.36215],[15.58331,51.36266],[15.58428,51.36321],[15.58593,51.36449],[15.58643,51.36499],[15.58651,51.36551],[15.58617,51.3663],[15.58614,51.36658],[15.58704,51.3689],[15.58733,51.36931],[15.58866,51.3699],[15.58889,51.37016],[15.58877,51.37094],[15.58805,51.37146],[15.58642,51.37351],[15.58629,51.37391],[15.58665,51.37427],[15.58742,51.3748],[15.58825,51.37567],[15.58846,51.37655],[15.58864,51.37676],[15.59145,51.37752],[15.59181,51.37779],[15.59474,51.38229],[15.59543,51.38453],[15.59615,51.38566],[15.59718,51.38642],[15.59724,51.38714]]}},{"type":"Feature","properties":{"numer":"2288D","klasa":"","kat":"powiatowa"},"geometry":{"type":"LineString","coordinates":[[15.58778,51.38796],[15.58952,51.3879],[15.59286,51.38747],[15.59512,51.38747],[15.59627,51.38756],[15.59657,51.3875],[15.59724,51.38714]]}},{"type":"Feature","properties":{"numer":"2288D","klasa":"","kat":"powiatowa"},"geometry":{"type":"LineString","coordinates":[[15.58636,51.3879],[15.58778,51.38796]]}},{"type":"Feature","properties":{"numer":"2289D","klasa":"","kat":"powiatowa"},"geometry":{"type":"LineString","coordinates":[[15.59724,51.38714],[15.59848,51.38892],[15.59892,51.38916],[15.59945,51.38893],[15.59979,51.38847],[15.60103,51.38761]]}},{"type":"Feature","properties":{"numer":"2288D","klasa":"","kat":"powiatowa"},"geometry":{"type":"LineString","coordinates":[[15.58104,51.39199],[15.58042,51.38984],[15.58006,51.389],[15.58501,51.38789],[15.58636,51.3879]]}},{"type":"Feature","properties":{"numer":"2289D","klasa":"","kat":"powiatowa"},"geometry":{"type":"LineString","coordinates":[[15.58113,51.3923],[15.58104,51.39199]]}},{"type":"Feature","properties":{"numer":"2288D","klasa":"","kat":"powiatowa"},"geometry":{"type":"LineString","coordinates":[[15.57724,51.39859],[15.57703,51.39824],[15.57703,51.39799],[15.57759,51.3975],[15.5778,51.39707],[15.57847,51.39697],[15.57966,51.39703],[15.58257,51.39662],[15.58113,51.3923]]}},{"type":"Feature","properties":{"numer":"297","klasa":"droga gĹ‚Ăłwna","kat":"wojewodzka"},"geometry":{"type":"LineString","coordinates":[[15.60103,51.38761],[15.6027,51.4065],[15.60206,51.40817],[15.60208,51.40945],[15.6019,51.40989],[15.60158,51.41018],[15.60113,51.41042],[15.59925,51.41091],[15.59898,51.41109],[15.59879,51.41135],[15.59885,51.41175],[15.59965,51.41277],[15.59993,51.41364],[15.60069,51.41511],[15.60102,51.41677],[15.60115,51.41877],[15.6006,51.4211],[15.60018,51.42162],[15.59921,51.42246],[15.59872,51.42339],[15.59855,51.42407],[15.59872,51.42488],[15.5987,51.42534],[15.59841,51.4267],[15.59898,51.42782],[15.59893,51.42929],[15.59907,51.43063],[15.5994,51.43111],[15.60059,51.43221],[15.60188,51.43535],[15.60174,51.43618],[15.6007,51.43778],[15.60071,51.43858],[15.60097,51.43983],[15.60097,51.44034],[15.60067,51.44116],[15.59924,51.44383],[15.59916,51.44441],[15.59928,51.4452]]}},{"type":"Feature","properties":{"numer":"297","klasa":"droga zbiorcza","kat":"wojewodzka"},"geometry":{"type":"LineString","coordinates":[[15.59928,51.4452],[15.599532633079848,51.445686552598225]]}},{"type":"Feature","properties":{"numer":"297","klasa":"droga zbiorcza","kat":"wojewodzka"},"geometry":{"type":"LineString","coordinates":[[15.5995,51.44563],[15.599531992903607,51.445687587226494]]}},{"type":"Feature","properties":{"numer":"297","klasa":"droga zbiorcza","kat":"wojewodzka"},"geometry":{"type":"LineString","coordinates":[[15.60260568597944,51.44890000752446],[15.60277,51.44902],[15.602843140192629,51.449089845589356]]}},{"type":"Feature","properties":{"numer":"297","klasa":"droga zbiorcza","kat":"wojewodzka"},"geometry":{"type":"LineString","coordinates":[[15.607082282688125,51.452478922571245],[15.61536,51.45868],[15.6161,51.45942],[15.616455838800373,51.459972820993436]]}},{"type":"Feature","properties":{"numer":"2272D","klasa":"droga zbiorcza","kat":"powiatowa"},"geometry":{"type":"LineString","coordinates":[[15.67282,51.32393],[15.67322,51.32436],[15.67347,51.32448],[15.6754,51.32484],[15.676,51.32555],[15.67722,51.32649],[15.67838,51.32789],[15.67887,51.32979],[15.6791,51.33026],[15.67973,51.33081],[15.68161,51.33161],[15.68179,51.33178],[15.68186,51.33209],[15.68179,51.33296],[15.68216,51.33391]]}},{"type":"Feature","properties":{"numer":"A18,E36","klasa":"autostrada","kat":"krajowa"},"geometry":{"type":"LineString","coordinates":[[15.64037,51.33083],[15.6435,51.32895],[15.64435,51.32853]]}},{"type":"Feature","properties":{"numer":"2272D","klasa":"droga zbiorcza","kat":"powiatowa"},"geometry":{"type":"LineString","coordinates":[[15.68216,51.33391],[15.6822,51.33395]]}},{"type":"Feature","properties":{"numer":"2272D","klasa":"droga zbiorcza","kat":"powiatowa"},"geometry":{"type":"LineString","coordinates":[[15.6822,51.33395],[15.68285,51.33455],[15.68432,51.3367],[15.68498,51.33704],[15.68715,51.33768],[15.68953,51.33815],[15.69486,51.33937],[15.69684,51.33968],[15.69852,51.34012],[15.70044,51.34073],[15.70321,51.3407],[15.70395,51.34079],[15.70683,51.34192],[15.70951,51.3424],[15.7113,51.34307],[15.71301,51.34333],[15.71686,51.3446],[15.72299,51.34573],[15.72653,51.34602],[15.72726,51.34611],[15.7282,51.34634],[15.729,51.34683],[15.7318,51.34952],[15.73499,51.35201],[15.736,51.35293],[15.73911,51.3545],[15.74107,51.35491],[15.74122,51.355],[15.74159,51.35566],[15.74177,51.35635],[15.74142,51.35798],[15.74141,51.35854],[15.74224,51.36038]]}},{"type":"Feature","properties":{"numer":"A4,E40","klasa":"autostrada","kat":"krajowa"},"geometry":{"type":"LineString","coordinates":[[15.55686,51.31107],[15.54887,51.31152],[15.54672,51.31157],[15.54413,51.31147],[15.54071,51.31107],[15.53829,51.3106],[15.53162,51.30874]]}},{"type":"Feature","properties":{"numer":"A4,E40","klasa":"autostrada","kat":"krajowa"},"geometry":{"type":"LineString","coordinates":[[15.55781,51.31102],[15.55735,51.31105]]}},{"type":"Feature","properties":{"numer":"A4,E40","klasa":"autostrada","kat":"krajowa"},"geometry":{"type":"LineString","coordinates":[[15.55735,51.31105],[15.55686,51.31107]]}},{"type":"Feature","properties":{"numer":"A18,E36","klasa":"autostrada","kat":"krajowa"},"geometry":{"type":"LineString","coordinates":[[15.57495,51.36569],[15.57224,51.36692],[15.56904,51.36852],[15.56431,51.37126],[15.52684,51.39622],[15.5237,51.39819],[15.52,51.40016],[15.49654,51.41185],[15.4935,51.41328],[15.48916,51.41505]]}},{"type":"Feature","properties":{"numer":"A18,E36","klasa":"autostrada","kat":"krajowa"},"geometry":{"type":"LineString","coordinates":[[15.48916,51.41505],[15.48885,51.41516]]}},{"type":"Feature","properties":{"numer":"2272D","klasa":"droga zbiorcza","kat":"powiatowa"},"geometry":{"type":"LineString","coordinates":[[15.80267,51.40611],[15.8034,51.40582],[15.8043,51.40516],[15.80574,51.40443],[15.80632,51.40379],[15.8067,51.40351],[15.81088,51.40138],[15.81133,51.40121],[15.81179,51.40114],[15.81268,51.40124],[15.81421,51.40161],[15.81613,51.4025],[15.81729,51.40285],[15.82436,51.40399],[15.82543,51.40429]]}},{"type":"Feature","properties":{"numer":"2272D","klasa":"droga zbiorcza","kat":"powiatowa"},"geometry":{"type":"LineString","coordinates":[[15.76373,51.40145],[15.76531,51.4042],[15.76572,51.4046],[15.77145,51.40781],[15.77242,51.40827],[15.7734,51.40855],[15.7751,51.40883],[15.77697,51.40889],[15.77963,51.40877],[15.78044,51.40879],[15.78093,51.40888],[15.78197,51.40926]]}},{"type":"Feature","properties":{"numer":"2272D","klasa":"droga zbiorcza","kat":"powiatowa"},"geometry":{"type":"LineString","coordinates":[[15.80262,51.40613],[15.80267,51.40611]]}},{"type":"Feature","properties":{"numer":"2272D","klasa":"droga zbiorcza","kat":"powiatowa"},"geometry":{"type":"LineString","coordinates":[[15.78202,51.40928],[15.7843,51.41013],[15.7851,51.41028],[15.78616,51.41035],[15.78931,51.41034],[15.79077,51.41023],[15.79223,51.40994],[15.79428,51.40926],[15.79673,51.40876],[15.79933,51.40768],[15.80104,51.40667],[15.80262,51.40613]]}},{"type":"Feature","properties":{"numer":"2272D","klasa":"droga zbiorcza","kat":"powiatowa"},"geometry":{"type":"LineString","coordinates":[[15.78197,51.40926],[15.78202,51.40928]]}},{"type":"Feature","properties":{"numer":"104068D","klasa":"droga zbiorcza","kat":"powiatowa"},"geometry":{"type":"LineString","coordinates":[[15.54858,51.27499],[15.54845,51.27432]]}},{"type":"Feature","properties":{"numer":"350","klasa":"droga gĹ‚Ăłwna","kat":"wojewodzka"},"geometry":{"type":"LineString","coordinates":[[15.52913,51.27391],[15.52597,51.27716],[15.52538,51.27767],[15.52468,51.27812],[15.52405,51.27842],[15.52127,51.27941],[15.51407,51.28178],[15.51313,51.28246],[15.51247,51.28282],[15.50784,51.28477],[15.50332,51.28681],[15.50105,51.2886],[15.49857,51.29025],[15.49667,51.29167],[15.49442,51.29346]]}},{"type":"Feature","properties":{"numer":"A4,E40","klasa":"autostrada","kat":"krajowa"},"geometry":{"type":"LineString","coordinates":[[15.49442,51.29346],[15.48455,51.28824],[15.48161,51.28691],[15.47826,51.28561]]}},{"type":"Feature","properties":{"numer":"2286D","klasa":"droga zbiorcza","kat":"powiatowa"},"geometry":{"type":"LineString","coordinates":[[15.54858,51.27499],[15.54929,51.27691],[15.55009,51.27864],[15.55097,51.27985],[15.55213,51.28065],[15.55238,51.28116],[15.55245,51.28162],[15.5524,51.28222],[15.55195,51.28321],[15.5517,51.2845],[15.55144,51.28465],[15.55045,51.2849],[15.55002,51.2851],[15.5491,51.28611],[15.54897,51.28643],[15.54899,51.28681],[15.54948,51.28747],[15.55044,51.28817],[15.55094,51.28874],[15.55096,51.28903],[15.55037,51.28949],[15.5504,51.28996],[15.55061,51.29009],[15.55173,51.29008],[15.55243,51.29034],[15.5527,51.29061],[15.55314,51.29174],[15.55408,51.2949],[15.55404,51.29523],[15.55359,51.29616],[15.55347,51.2969],[15.55408,51.29767],[15.55432,51.29813],[15.55438,51.29922],[15.55478,51.30002],[15.55514,51.30375],[15.55739,51.30774],[15.55786,51.30884],[15.55783,51.30917],[15.55734,51.31015],[15.55735,51.31105]]}},{"type":"Feature","properties":{"numer":"A4,E40","klasa":"autostrada","kat":"krajowa"},"geometry":{"type":"LineString","coordinates":[[15.50752,51.30042],[15.49442,51.29346]]}},{"type":"Feature","properties":{"numer":"A4,E40","klasa":"autostrada","kat":"krajowa"},"geometry":{"type":"LineString","coordinates":[[15.50823,51.30079],[15.50752,51.30042]]}},{"type":"Feature","properties":{"numer":"A4,E40","klasa":"autostrada","kat":"krajowa"},"geometry":{"type":"LineString","coordinates":[[15.51424,51.30341],[15.5113,51.30222],[15.50823,51.30079]]}},{"type":"Feature","properties":{"numer":"A4,E40","klasa":"autostrada","kat":"krajowa"},"geometry":{"type":"LineString","coordinates":[[15.5151,51.30374],[15.51424,51.30341]]}},{"type":"Feature","properties":{"numer":"A4,E40","klasa":"autostrada","kat":"krajowa"},"geometry":{"type":"LineString","coordinates":[[15.53077,51.30849],[15.51968,51.30524],[15.5151,51.30374]]}},{"type":"Feature","properties":{"numer":"A4,E40","klasa":"autostrada","kat":"krajowa"},"geometry":{"type":"LineString","coordinates":[[15.53162,51.30874],[15.53077,51.30849]]}},{"type":"Feature","properties":{"numer":"2279D","klasa":"","kat":"powiatowa"},"geometry":{"type":"LineString","coordinates":[[15.279,51.23517],[15.27868,51.23482],[15.27796,51.23428],[15.27556,51.23288],[15.27565,51.23248]]}},{"type":"Feature","properties":{"numer":"2279D","klasa":"","kat":"powiatowa"},"geometry":{"type":"LineString","coordinates":[[15.27905,51.23523],[15.279,51.23517]]}},{"type":"Feature","properties":{"numer":"2283D","klasa":"","kat":"powiatowa"},"geometry":{"type":"LineString","coordinates":[[15.35491,51.25481],[15.35737,51.25233],[15.3576,51.25193],[15.35707,51.24907],[15.3574,51.24722],[15.35799,51.24536],[15.35835,51.24337],[15.3583,51.24285],[15.35789,51.24139],[15.35816,51.24004],[15.35808,51.23972],[15.35738,51.23854],[15.35689,51.23722],[15.35589,51.23672],[15.35479,51.23559],[15.35487,51.23484],[15.35534,51.23343],[15.35489,51.23247],[15.35437,51.22995],[15.35439,51.22894],[15.35471,51.22805],[15.35577,51.22687],[15.35657,51.22541],[15.35669,51.22502],[15.35666,51.22421],[15.35707,51.2232]]}},{"type":"Feature","properties":{"numer":"A4,E40","klasa":"autostrada","kat":"krajowa"},"geometry":{"type":"LineString","coordinates":[[15.35491,51.25481],[15.33439,51.23974],[15.33136,51.23783],[15.32811,51.23608],[15.32581,51.23499],[15.3235,51.234],[15.31851,51.23218],[15.29405,51.22479]]}},{"type":"Feature","properties":{"numer":"2279D","klasa":"","kat":"powiatowa"},"geometry":{"type":"LineString","coordinates":[[15.297670245981788,51.267894797714355],[15.29756,51.26759],[15.29709,51.2648],[15.2961,51.26303],[15.29588,51.26173],[15.29553,51.26085],[15.29548,51.26014],[15.29508,51.25869],[15.29429,51.2565],[15.29415,51.2545],[15.29336,51.25342],[15.29289,51.25256],[15.29203,51.25184],[15.2916,51.25075],[15.29162,51.25053],[15.29217,51.24995],[15.29221,51.24972],[15.29026,51.24839],[15.28846,51.24759],[15.28706,51.24653],[15.28688,51.24611],[15.28718,51.2451],[15.28698,51.24406],[15.28624,51.24291],[15.28513,51.23986],[15.28405,51.23876],[15.28313,51.23825],[15.28168,51.2371],[15.27983,51.23605],[15.2795,51.23581],[15.27905,51.23523]]}},{"type":"Feature","properties":{"numer":"2283D","klasa":"","kat":"powiatowa"},"geometry":{"type":"LineString","coordinates":[[15.35328,51.2603],[15.35328,51.25937],[15.35401,51.25663],[15.35491,51.25481]]}},{"type":"Feature","properties":{"numer":"2302D","klasa":"","kat":"powiatowa"},"geometry":{"type":"LineString","coordinates":[[15.29518,51.31726],[15.29583,51.31795],[15.2964,51.31828],[15.2968,51.31977],[15.29663,51.32026],[15.29602,51.32122],[15.29558,51.32267],[15.29512,51.32579],[15.2951,51.32796],[15.29486,51.32881],[15.29423,51.33013],[15.29301,51.33135],[15.29201,51.33291],[15.29078,51.33563],[15.28962,51.33892],[15.28868,51.34045],[15.28799,51.34189],[15.2875,51.34242],[15.28625,51.34338],[15.2855,51.34424],[15.28434,51.34611],[15.28321,51.34768],[15.28204,51.34982],[15.28108,51.35112],[15.28017,51.35379],[15.27965,51.35492],[15.27875,51.35741],[15.27812,51.36202],[15.27845,51.36341],[15.27826,51.3639]]}},{"type":"Feature","properties":{"numer":"350","klasa":"droga gĹ‚Ăłwna","kat":"wojewodzka"},"geometry":{"type":"LineString","coordinates":[[15.42114,51.33373],[15.41577,51.33379],[15.41332,51.33389],[15.41258,51.33398],[15.4121,51.33418],[15.41036,51.33523],[15.40988,51.33541],[15.38613,51.3408],[15.3782,51.34419],[15.36301,51.34841],[15.35809,51.34988],[15.35271,51.35077],[15.34685,51.35195],[15.34421,51.35262],[15.34237,51.35296],[15.34185,51.35303],[15.33767,51.35308],[15.3371,51.35314],[15.33145,51.35493],[15.32586,51.35716],[15.32052,51.35817],[15.31845,51.35874],[15.3182,51.35871]]}},{"type":"Feature","properties":{"numer":"350","klasa":"droga gĹ‚Ăłwna","kat":"wojewodzka"},"geometry":{"type":"LineString","coordinates":[[15.31812,51.3587],[15.3182,51.35871]]}},{"type":"Feature","properties":{"numer":"350","klasa":"droga gĹ‚Ăłwna","kat":"wojewodzka"},"geometry":{"type":"LineString","coordinates":[[15.31812,51.3587],[15.31419,51.35825],[15.31279,51.35795],[15.3123,51.35792],[15.31195,51.35805],[15.30874,51.36037],[15.30805,51.36068],[15.30541,51.36157],[15.30413,51.36196],[15.303,51.36215],[15.3021,51.36213],[15.30009,51.3619]]}},{"type":"Feature","properties":{"numer":"","klasa":"droga gĹ‚Ăłwna","kat":"gminna"},"geometry":{"type":"LineString","coordinates":[[15.42723,51.29358],[15.42761,51.29327],[15.42764,51.29294],[15.42691,51.29155],[15.42656,51.29108],[15.42591,51.2905],[15.42543,51.28953],[15.42497,51.28892],[15.42234,51.2869],[15.42073,51.28509],[15.42039,51.28462],[15.41952,51.28285],[15.41759,51.28041],[15.41585,51.27892],[15.4137,51.2775],[15.41264,51.27667],[15.41226,51.27626],[15.41219,51.27591],[15.41229,51.27568],[15.41319,51.27492],[15.41388,51.27383],[15.41407,51.27324],[15.41352,51.27186],[15.41221,51.27037],[15.41199,51.26961]]}},{"type":"Feature","properties":{"numer":"2281D","klasa":"","kat":"powiatowa"},"geometry":{"type":"LineString","coordinates":[[15.43081,51.29905],[15.43091,51.29912],[15.43116,51.29911],[15.43221,51.29891],[15.43263,51.29875],[15.43482,51.29725],[15.4356,51.29661],[15.43712,51.29583],[15.43729,51.29551],[15.43721,51.29462],[15.43795,51.29398],[15.43845,51.29325],[15.4396,51.29223],[15.43985,51.29167],[15.43989,51.29151],[15.43907,51.29075],[15.43782,51.2901],[15.43645,51.28923],[15.43549,51.28847],[15.43512,51.28799],[15.43435,51.28595],[15.43337,51.28471],[15.43341,51.28447],[15.43381,51.28394],[15.43595,51.28269],[15.43685,51.28192],[15.43722,51.28147],[15.43742,51.28097],[15.43737,51.27952],[15.43702,51.27895],[15.43548,51.27733],[15.4349,51.27685],[15.43435,51.27654],[15.43375,51.27634],[15.43241,51.27614],[15.4304,51.27563],[15.42737,51.27513],[15.42635,51.27485],[15.42561,51.2745],[15.42504,51.27393],[15.42424,51.27288],[15.42402,51.27116],[15.42336,51.26934],[15.42328,51.26837]]}},{"type":"Feature","properties":{"numer":"A4,E40","klasa":"autostrada","kat":"krajowa"},"geometry":{"type":"LineString","coordinates":[[15.47826,51.28561],[15.47718,51.28521]]}},{"type":"Feature","properties":{"numer":"2281D","klasa":"","kat":"powiatowa"},"geometry":{"type":"LineString","coordinates":[[15.42723,51.29358],[15.42784,51.29441],[15.42794,51.2951],[15.42877,51.29608],[15.42915,51.2971],[15.42966,51.2977],[15.43,51.29846],[15.43027,51.2987]]}},{"type":"Feature","properties":{"numer":"","klasa":"droga gĹ‚Ăłwna","kat":"gminna"},"geometry":{"type":"LineString","coordinates":[[15.41649,51.30315],[15.41706,51.30079],[15.41744,51.30022],[15.41792,51.29989],[15.41896,51.29945],[15.42064,51.29854],[15.42184,51.29773],[15.42277,51.2973],[15.42532,51.29535],[15.42642,51.29414],[15.42723,51.29358]]}},{"type":"Feature","properties":{"numer":"2281D","klasa":"","kat":"powiatowa"},"geometry":{"type":"LineString","coordinates":[[15.43027,51.2987],[15.43081,51.29905]]}},{"type":"Feature","properties":{"numer":"","klasa":"droga gĹ‚Ăłwna","kat":"gminna"},"geometry":{"type":"LineString","coordinates":[[15.41649,51.30315],[15.41646,51.30319]]}},{"type":"Feature","properties":{"numer":"350","klasa":"droga gĹ‚Ăłwna","kat":"wojewodzka"},"geometry":{"type":"LineString","coordinates":[[15.49442,51.29346],[15.49202,51.29499],[15.49017,51.29591],[15.48086,51.30121],[15.47977,51.30174],[15.4747,51.30364],[15.47254,51.30455],[15.47083,51.30551],[15.46866,51.30693],[15.46297,51.30971],[15.46238,51.31019],[15.45409,51.31825],[15.45308,51.31909],[15.4502,51.32069],[15.44459,51.32294],[15.44238,51.32437],[15.4332,51.32927],[15.43297,51.32946],[15.43285,51.32977],[15.4329,51.33039],[15.43275,51.33069],[15.4314,51.33246],[15.4306,51.33276]]}},{"type":"Feature","properties":{"numer":"","klasa":"droga gĹ‚Ăłwna","kat":"gminna"},"geometry":{"type":"LineString","coordinates":[[15.42126,51.33362],[15.42126,51.33316],[15.42156,51.33194],[15.42135,51.33165],[15.42058,51.33117],[15.42041,51.33089],[15.4206,51.32948],[15.42054,51.32833],[15.42031,51.3274],[15.42044,51.32713],[15.42105,51.32655],[15.42132,51.3258],[15.42135,51.32538],[15.42112,51.3243],[15.42121,51.32372],[15.42056,51.32253],[15.42016,51.3213],[15.41835,51.31246],[15.41787,51.3117],[15.41551,51.31018],[15.41509,51.3098],[15.41478,51.30908],[15.4149,51.30759],[15.41462,51.3072],[15.41365,51.30644],[15.41348,51.306],[15.41354,51.30571],[15.41381,51.30537],[15.41646,51.30319]]}},{"type":"Feature","properties":{"numer":"350","klasa":"droga gĹ‚Ăłwna","kat":"wojewodzka"},"geometry":{"type":"LineString","coordinates":[[15.42966,51.33303],[15.4306,51.33276]]}},{"type":"Feature","properties":{"numer":"350","klasa":"droga gĹ‚Ăłwna","kat":"wojewodzka"},"geometry":{"type":"LineString","coordinates":[[15.248584446444232,51.367920703308876],[15.25188,51.36783],[15.25415,51.36795],[15.25986,51.36791],[15.26034,51.36766],[15.2621,51.36628],[15.26361,51.36545],[15.26418,51.36525],[15.26969,51.36381],[15.27046,51.3637],[15.27159,51.36367],[15.27533,51.3641],[15.27696,51.36403]]}},{"type":"Feature","properties":{"numer":"350","klasa":"droga gĹ‚Ăłwna","kat":"wojewodzka"},"geometry":{"type":"LineString","coordinates":[[15.42966,51.33303],[15.42886,51.33328],[15.42823,51.33376],[15.42796,51.33386],[15.42493,51.33367],[15.42144,51.33373]]}},{"type":"Feature","properties":{"numer":"","klasa":"droga gĹ‚Ăłwna","kat":"gminna"},"geometry":{"type":"LineString","coordinates":[[15.42126,51.33362],[15.42129,51.33372]]}},{"type":"Feature","properties":{"numer":"350","klasa":"droga gĹ‚Ăłwna","kat":"wojewodzka"},"geometry":{"type":"LineString","coordinates":[[15.42129,51.33372],[15.42144,51.33373]]}},{"type":"Feature","properties":{"numer":"350","klasa":"droga gĹ‚Ăłwna","kat":"wojewodzka"},"geometry":{"type":"LineString","coordinates":[[15.42114,51.33373],[15.42129,51.33372]]}},{"type":"Feature","properties":{"numer":"2271D","klasa":"droga zbiorcza","kat":"powiatowa"},"geometry":{"type":"LineString","coordinates":[[15.4213,51.33381],[15.42129,51.33372]]}},{"type":"Feature","properties":{"numer":"2271D","klasa":"droga zbiorcza","kat":"powiatowa"},"geometry":{"type":"LineString","coordinates":[[15.4213,51.33381],[15.42153,51.33652],[15.42174,51.3373],[15.42258,51.3391],[15.42253,51.33962],[15.42097,51.34174],[15.42005,51.34532],[15.41986,51.34568],[15.41422,51.35173],[15.41376,51.35228],[15.41367,51.35253],[15.41432,51.35606],[15.41509,51.35799],[15.41502,51.35983],[15.4146,51.36218],[15.41455,51.36299],[15.41494,51.36484],[15.41567,51.36659],[15.4157,51.3671]]}},{"type":"Feature","properties":{"numer":"2271D","klasa":"droga zbiorcza","kat":"powiatowa"},"geometry":{"type":"LineString","coordinates":[[15.4157,51.3671],[15.41562,51.36794],[15.415,51.36974],[15.41436,51.37291]]}},{"type":"Feature","properties":{"numer":"2271D","klasa":"droga zbiorcza","kat":"powiatowa"},"geometry":{"type":"LineString","coordinates":[[15.41436,51.37291],[15.41394,51.37361],[15.41336,51.3742],[15.40862,51.37804],[15.40798,51.37874],[15.40743,51.3797],[15.4052,51.3847]]}},{"type":"Feature","properties":{"numer":"2299D","klasa":"","kat":"powiatowa"},"geometry":{"type":"LineString","coordinates":[[15.41436,51.37291],[15.41443,51.37365],[15.41526,51.375],[15.41599,51.37895],[15.41598,51.38145],[15.41584,51.38301],[15.4155,51.38437],[15.41498,51.38533],[15.41293,51.38699],[15.4114,51.38766],[15.41054,51.38906],[15.41038,51.3895]]}},{"type":"Feature","properties":{"numer":"2300D","klasa":"","kat":"powiatowa"},"geometry":{"type":"LineString","coordinates":[[15.4052,51.3847],[15.40666,51.38584],[15.40893,51.38785],[15.41038,51.3895]]}},{"type":"Feature","properties":{"numer":"350","klasa":"droga gĹ‚Ăłwna","kat":"wojewodzka"},"geometry":{"type":"LineString","coordinates":[[15.30001,51.36189],[15.30009,51.3619]]}},{"type":"Feature","properties":{"numer":"350","klasa":"droga gĹ‚Ăłwna","kat":"wojewodzka"},"geometry":{"type":"LineString","coordinates":[[15.30001,51.36189],[15.29855,51.36194],[15.29354,51.36244],[15.28454,51.36271],[15.28189,51.36266]]}},{"type":"Feature","properties":{"numer":"350","klasa":"droga gĹ‚Ăłwna","kat":"wojewodzka"},"geometry":{"type":"LineString","coordinates":[[15.28185,51.36266],[15.28189,51.36266]]}},{"type":"Feature","properties":{"numer":"350","klasa":"droga gĹ‚Ăłwna","kat":"wojewodzka"},"geometry":{"type":"LineString","coordinates":[[15.28185,51.36266],[15.28036,51.36265],[15.27942,51.36306],[15.27826,51.3639]]}},{"type":"Feature","properties":{"numer":"350","klasa":"droga gĹ‚Ăłwna","kat":"wojewodzka"},"geometry":{"type":"LineString","coordinates":[[15.27826,51.3639],[15.27816,51.36394]]}},{"type":"Feature","properties":{"numer":"350","klasa":"droga gĹ‚Ăłwna","kat":"wojewodzka"},"geometry":{"type":"LineString","coordinates":[[15.27808,51.36397],[15.27816,51.36394]]}},{"type":"Feature","properties":{"numer":"350","klasa":"droga gĹ‚Ăłwna","kat":"wojewodzka"},"geometry":{"type":"LineString","coordinates":[[15.27754,51.36408],[15.27808,51.36397]]}},{"type":"Feature","properties":{"numer":"350","klasa":"droga gĹ‚Ăłwna","kat":"wojewodzka"},"geometry":{"type":"LineString","coordinates":[[15.27696,51.36403],[15.27742,51.36407]]}},{"type":"Feature","properties":{"numer":"350","klasa":"droga gĹ‚Ăłwna","kat":"wojewodzka"},"geometry":{"type":"LineString","coordinates":[[15.27742,51.36407],[15.27754,51.36408]]}},{"type":"Feature","properties":{"numer":"2303D","klasa":"","kat":"powiatowa"},"geometry":{"type":"LineString","coordinates":[[15.26506,51.39884],[15.26654,51.39863],[15.2677,51.39837],[15.27003,51.3975],[15.27163,51.39704],[15.27439,51.39604],[15.2782,51.39495],[15.28076,51.394],[15.28171,51.3935],[15.28242,51.39299],[15.28368,51.39163],[15.28465,51.39109],[15.28677,51.38891],[15.28702,51.38855],[15.28711,51.38813],[15.28703,51.38746],[15.28637,51.38594],[15.28599,51.38466],[15.28555,51.38286],[15.28498,51.37932],[15.28328,51.37394],[15.28306,51.3715],[15.28284,51.37072],[15.28227,51.36952],[15.28105,51.36779],[15.2805,51.36724],[15.27864,51.36593],[15.27737,51.36469],[15.27683,51.36428],[15.27696,51.36403]]}},{"type":"Feature","properties":{"numer":"2300D","klasa":"","kat":"powiatowa"},"geometry":{"type":"LineString","coordinates":[[15.41038,51.3895],[15.41049,51.39028],[15.41064,51.39048],[15.41109,51.39053],[15.41266,51.39039],[15.41365,51.39064]]}},{"type":"Feature","properties":{"numer":"2300D","klasa":"","kat":"powiatowa"},"geometry":{"type":"LineString","coordinates":[[15.41365,51.39064],[15.41482,51.3909]]}},{"type":"Feature","properties":{"numer":"2300D","klasa":"","kat":"powiatowa"},"geometry":{"type":"LineString","coordinates":[[15.41482,51.3909],[15.41564,51.39111],[15.41596,51.39129],[15.41662,51.39233],[15.41747,51.39275],[15.41829,51.393],[15.42148,51.39308],[15.42921,51.39403]]}},{"type":"Feature","properties":{"numer":"2300D","klasa":"","kat":"powiatowa"},"geometry":{"type":"LineString","coordinates":[[15.42921,51.39403],[15.43511,51.39451]]}},{"type":"Feature","properties":{"numer":"2271D","klasa":"droga zbiorcza","kat":"powiatowa"},"geometry":{"type":"LineString","coordinates":[[15.4052,51.3847],[15.40181,51.39233],[15.39975,51.3985],[15.39948,51.39963],[15.39943,51.40269],[15.39929,51.40343],[15.3968,51.41181],[15.39607,51.41339],[15.39383,51.41667],[15.39347,51.41743],[15.38911,51.43055],[15.38923,51.431]]}},{"type":"Feature","properties":{"numer":"A18,E36","klasa":"autostrada","kat":"krajowa"},"geometry":{"type":"LineString","coordinates":[[15.48885,51.41516],[15.48553,51.41633],[15.4823,51.41734],[15.47724,51.41866],[15.47399,51.41936],[15.40857,51.43112],[15.40557,51.43148],[15.40375,51.43159],[15.39991,51.43168]]}},{"type":"Feature","properties":{"numer":"2271D","klasa":"droga zbiorcza","kat":"powiatowa"},"geometry":{"type":"LineString","coordinates":[[15.38923,51.431],[15.38918,51.43109]]}},{"type":"Feature","properties":{"numer":"2271D","klasa":"droga zbiorcza","kat":"powiatowa"},"geometry":{"type":"LineString","coordinates":[[15.38918,51.43109],[15.38887,51.43132],[15.38878,51.43159]]}},{"type":"Feature","properties":{"numer":"A18,E36","klasa":"autostrada","kat":"krajowa"},"geometry":{"type":"LineString","coordinates":[[15.39991,51.43168],[15.39781,51.43171]]}},{"type":"Feature","properties":{"numer":"2271D","klasa":"droga zbiorcza","kat":"powiatowa"},"geometry":{"type":"LineString","coordinates":[[15.38878,51.43159],[15.38869,51.43187]]}},{"type":"Feature","properties":{"numer":"A18,E36","klasa":"autostrada","kat":"krajowa"},"geometry":{"type":"LineString","coordinates":[[15.38869,51.43187],[15.38232,51.43198],[15.38031,51.43208],[15.37756,51.43235],[15.37391,51.43299],[15.37189,51.43349],[15.36964,51.43418],[15.36794,51.43482],[15.36596,51.43569],[15.34332,51.44672]]}},{"type":"Feature","properties":{"numer":"A18,E36","klasa":"autostrada","kat":"krajowa"},"geometry":{"type":"LineString","coordinates":[[15.34332,51.44672],[15.34315,51.4468]]}},{"type":"Feature","properties":{"numer":"18,E36","klasa":"droga gĹ‚Ăłwna ruchu przyĹ›pieszonego","kat":"gminna"},"geometry":{"type":"LineString","coordinates":[[15.34314407300317,51.446802891408055],[15.34315,51.4468]]}},{"type":"Feature","properties":{"numer":"2301D","klasa":"","kat":"powiatowa"},"geometry":{"type":"LineString","coordinates":[[15.370033261196738,51.49062972442784],[15.37033,51.49076]]}},{"type":"Feature","properties":{"numer":"A18,E36","klasa":"autostrada","kat":"krajowa"},"geometry":{"type":"LineString","coordinates":[[15.39781,51.43171],[15.38869,51.43187]]}},{"type":"Feature","properties":{"numer":"2271D","klasa":"droga zbiorcza","kat":"powiatowa"},"geometry":{"type":"LineString","coordinates":[[15.38869,51.43187],[15.38862,51.43205]]}},{"type":"Feature","properties":{"numer":"2271D","klasa":"droga zbiorcza","kat":"powiatowa"},"geometry":{"type":"LineString","coordinates":[[15.38862,51.43205],[15.38531,51.44217],[15.38298,51.45149],[15.38297,51.45199],[15.38364,51.45517],[15.38355,51.45587],[15.38061,51.46111],[15.37894,51.46583],[15.37893,51.46701],[15.37911,51.46781],[15.38047,51.47077]]}},{"type":"Feature","properties":{"numer":"2271D","klasa":"droga zbiorcza","kat":"powiatowa"},"geometry":{"type":"LineString","coordinates":[[15.38211,51.4723],[15.38273,51.4727]]}},{"type":"Feature","properties":{"numer":"2271D","klasa":"droga zbiorcza","kat":"powiatowa"},"geometry":{"type":"LineString","coordinates":[[15.38273,51.4727],[15.38366,51.47315]]}},{"type":"Feature","properties":{"numer":"2271D","klasa":"droga zbiorcza","kat":"powiatowa"},"geometry":{"type":"LineString","coordinates":[[15.38366,51.47315],[15.38402,51.47333]]}},{"type":"Feature","properties":{"numer":"2271D","klasa":"droga zbiorcza","kat":"powiatowa"},"geometry":{"type":"LineString","coordinates":[[15.38402,51.47333],[15.38461,51.47368],[15.38498,51.47402],[15.38537,51.47502],[15.38688,51.47697],[15.38696,51.4774],[15.38661,51.47914],[15.38606,51.47979],[15.38473,51.48067],[15.384,51.48096],[15.38239,51.48142],[15.38162,51.48174],[15.38059,51.4824],[15.37985,51.48309],[15.37893,51.48477],[15.37861,51.48723],[15.37761,51.48931],[15.37761,51.4899],[15.37734,51.49071],[15.37694,51.49135],[15.37497,51.49386]]}},{"type":"Feature","properties":{"numer":"2271D","klasa":"droga zbiorcza","kat":"powiatowa"},"geometry":{"type":"LineString","coordinates":[[15.37497,51.49386],[15.37453,51.49452],[15.37434,51.49568],[15.37484,51.49661],[15.37571,51.49749],[15.37582,51.49781],[15.37576,51.49801],[15.37503,51.49875],[15.37449,51.50021],[15.37488,51.50269],[15.37517,51.50309],[15.37602,51.50382],[15.38593,51.51159],[15.38616,51.51222],[15.38647,51.51518],[15.3867,51.51609],[15.38724,51.51762],[15.38877,51.52032],[15.38971,51.52557],[15.39068,51.52837]]}},{"type":"Feature","properties":{"numer":"2301D","klasa":"","kat":"powiatowa"},"geometry":{"type":"LineString","coordinates":[[15.37033,51.49076],[15.37368,51.49176],[15.37416,51.49201],[15.37493,51.49279],[15.37497,51.49386]]}},{"type":"Feature","properties":{"numer":"1064F","klasa":"droga zbiorcza","kat":"powiatowa"},"geometry":{"type":"LineString","coordinates":[[15.390717717797138,51.5286394128367],[15.39068,51.52837]]}},{"type":"Feature","properties":{"numer":"1063F","klasa":"droga zbiorcza","kat":"powiatowa"},"geometry":{"type":"LineString","coordinates":[[15.437870191204613,51.527235173996175],[15.44857,51.52578],[15.44939,51.52585],[15.449872740528814,51.52598471828711]]}}]}