{"type":"FeatureCollection","features":[{"type":"Feature","properties":{"numer":"1113D","klasa":"droga zbiorcza","kat":"powiatowa"},"geometry":{"type":"LineString","coordinates":[[16.69602745,51.495754749999996],[16.69624,51.496]]}},{"type":"Feature","properties":{"numer":"1113D","klasa":"droga zbiorcza","kat":"powiatowa"},"geometry":{"type":"LineString","coordinates":[[16.69621,51.49596],[16.69658,51.49653],[16.69677,51.49764]]}},{"type":"Feature","properties":{"numer":"1114D","klasa":"","kat":"powiatowa"},"geometry":{"type":"LineString","coordinates":[[16.7497,51.48729],[16.749690301358235,51.486388026315794]]}},{"type":"Feature","properties":{"numer":"1114D","klasa":"","kat":"powiatowa"},"geometry":{"type":"LineString","coordinates":[[16.7497,51.48734],[16.7497,51.48729]]}},{"type":"Feature","properties":{"numer":"1114D","klasa":"","kat":"powiatowa"},"geometry":{"type":"LineString","coordinates":[[16.75183,51.49387],[16.75168,51.49301],[16.7497,51.48734]]}},{"type":"Feature","properties":{"numer":"1112D","klasa":"","kat":"powiatowa"},"geometry":{"type":"LineString","coordinates":[[16.75183,51.49387],[16.75451,51.49366],[16.75837,51.50236],[16.75955,51.50458],[16.75983,51.50488],[16.76036,51.50519],[16.760662047697373,51.50528688322369]]}},{"type":"Feature","properties":{"numer":"1113D","klasa":"","kat":"powiatowa"},"geometry":{"type":"LineString","coordinates":[[16.70029,51.50025],[16.70376,51.50003],[16.7047,51.49983],[16.70488,51.49993],[16.7047,51.50402],[16.70394,51.50525],[16.70489,51.507],[16.70479,51.50714],[16.70431,51.5074],[16.70436,51.50776]]}},{"type":"Feature","properties":{"numer":"1114D","klasa":"","kat":"powiatowa"},"geometry":{"type":"LineString","coordinates":[[16.72136,51.51985],[16.72595,51.51952],[16.72918,51.51891],[16.72966,51.51877],[16.73001,51.51855],[16.73198,51.51643],[16.73302,51.51405],[16.73381,51.51307],[16.73578,51.51123],[16.73777,51.5103],[16.73866,51.50954],[16.74214,51.5062],[16.7464,51.5013],[16.74746,51.50024],[16.74767,51.49969],[16.74761,51.49918],[16.74677,51.49768],[16.74598,51.49567],[16.7458,51.49484],[16.7459,51.49443],[16.74617,51.49427],[16.74726,51.49414],[16.74877,51.49363],[16.7492,51.49356],[16.7498,51.4936],[16.75068,51.49394],[16.75183,51.49387]]}},{"type":"Feature","properties":{"numer":"36","klasa":"droga gĹ‚Ăłwna ruchu przyĹ›pieszonego","kat":"krajowa"},"geometry":{"type":"LineString","coordinates":[[16.644715909652902,51.514599595429985],[16.64477,51.51468]]}},{"type":"Feature","properties":{"numer":"1103D","klasa":"","kat":"powiatowa"},"geometry":{"type":"LineString","coordinates":[[16.64636,51.51706],[16.64166,51.51892],[16.63689,51.52127],[16.63441,51.52272],[16.63378,51.523],[16.63185,51.52367],[16.63066,51.52388],[16.62899,51.52402],[16.62836,51.5242],[16.62736,51.52471],[16.62427,51.52529],[16.62388,51.52525],[16.62213,51.52463],[16.61956,51.52468],[16.61731,51.52488],[16.61594,51.52518],[16.6137,51.52548],[16.61197,51.52592],[16.61069,51.52592],[16.60582,51.52511],[16.59892,51.52378],[16.59604,51.52287],[16.59479,51.52255],[16.5925,51.52234],[16.58999,51.52197],[16.58913,51.5221],[16.58806,51.52248],[16.58663,51.52275],[16.58476,51.52352],[16.58415,51.52366]]}},{"type":"Feature","properties":{"numer":"1100D","klasa":"droga zbiorcza","kat":"powiatowa"},"geometry":{"type":"LineString","coordinates":[[16.59112,51.54118],[16.591,51.54101],[16.59117,51.54055],[16.59352,51.53719],[16.59351,51.53656],[16.59324,51.53635],[16.59218,51.5364],[16.59185,51.53621],[16.59084,51.53465],[16.58819,51.53111],[16.5856,51.52828],[16.58463,51.52393],[16.58441,51.52373],[16.58415,51.52366]]}},{"type":"Feature","properties":{"numer":"1100D","klasa":"droga zbiorcza","kat":"powiatowa"},"geometry":{"type":"LineString","coordinates":[[16.60946,51.54978],[16.60832,51.54956],[16.60694,51.54901],[16.60582,51.54825],[16.60355,51.54631],[16.602,51.54557],[16.60111,51.54497],[16.59615,51.54236],[16.59258,51.54144],[16.59112,51.54118]]}},{"type":"Feature","properties":{"numer":"1112D","klasa":"","kat":"powiatowa"},"geometry":{"type":"LineString","coordinates":[[16.77097,51.50972],[16.77424,51.51625],[16.77558,51.52323],[16.77557,51.52367],[16.77512,51.52457],[16.77508,51.52504],[16.77626,51.52864],[16.77663,51.52933],[16.77673,51.53018],[16.77734,51.532],[16.7785,51.53436]]}},{"type":"Feature","properties":{"numer":"1110D","klasa":"","kat":"powiatowa"},"geometry":{"type":"LineString","coordinates":[[16.794288463099242,51.53108473697274],[16.79412,51.53114]]}},{"type":"Feature","properties":{"numer":"1110D","klasa":"","kat":"powiatowa"},"geometry":{"type":"LineString","coordinates":[[16.79412,51.53114],[16.7789,51.53449]]}},{"type":"Feature","properties":{"numer":"1112D","klasa":"","kat":"powiatowa"},"geometry":{"type":"LineString","coordinates":[[16.7785,51.53436],[16.7789,51.53449]]}},{"type":"Feature","properties":{"numer":"1112D","klasa":"","kat":"powiatowa"},"geometry":{"type":"LineString","coordinates":[[16.7785,51.53436],[16.77844,51.53458]]}},{"type":"Feature","properties":{"numer":"1110D","klasa":"","kat":"powiatowa"},"geometry":{"type":"LineString","coordinates":[[16.7789,51.53449],[16.77844,51.53458]]}},{"type":"Feature","properties":{"numer":"1111D","klasa":"","kat":"powiatowa"},"geometry":{"type":"LineString","coordinates":[[16.77905,51.55453],[16.78496,51.55555]]}},{"type":"Feature","properties":{"numer":"1111D","klasa":"","kat":"powiatowa"},"geometry":{"type":"LineString","coordinates":[[16.78496,51.55555],[16.80111,51.5583],[16.80614,51.56333],[16.80892,51.56586],[16.81084,51.5654],[16.81216,51.56496],[16.81521,51.56378]]}},{"type":"Feature","properties":{"numer":"1111D","klasa":"","kat":"powiatowa"},"geometry":{"type":"LineString","coordinates":[[16.81521327787557,51.5637790602421],[16.81521,51.56378]]}},{"type":"Feature","properties":{"numer":"36","klasa":"droga gĹ‚Ăłwna ruchu przyĹ›pieszonego","kat":"krajowa"},"geometry":{"type":"LineString","coordinates":[[16.79198,51.59695],[16.79233,51.59715]]}},{"type":"Feature","properties":{"numer":"36","klasa":"droga gĹ‚Ăłwna ruchu przyĹ›pieszonego","kat":"krajowa"},"geometry":{"type":"LineString","coordinates":[[16.79233,51.59715],[16.795435013821667,51.59920066333393]]}},{"type":"Feature","properties":{"numer":"1099D","klasa":"","kat":"powiatowa"},"geometry":{"type":"LineString","coordinates":[[16.5780073083337,51.503889043697704],[16.57489,51.50692],[16.57465,51.50734],[16.57452,51.50789],[16.57454,51.50921],[16.57413,51.51011],[16.57423,51.51088],[16.57356,51.51143],[16.57276,51.5117],[16.57239,51.51191],[16.57188,51.51253],[16.57185,51.51316],[16.57292,51.51414],[16.57309,51.51441],[16.5733,51.51575],[16.57434,51.51837],[16.57445,51.51893],[16.57493,51.52191],[16.57472,51.52223],[16.57374,51.5232]]}},{"type":"Feature","properties":{"numer":"334","klasa":"","kat":"wojewodzka"},"geometry":{"type":"LineString","coordinates":[[16.54395,51.52444],[16.54307,51.52444],[16.543,51.52389],[16.54282,51.52367],[16.54162,51.52346],[16.54002,51.52302],[16.53752,51.52203],[16.53514,51.52026],[16.53449,51.5197],[16.53334,51.51844],[16.53013,51.51555],[16.52465,51.50724],[16.52157,51.50581],[16.519446693732355,51.503228139327135]]}},{"type":"Feature","properties":{"numer":"334","klasa":"","kat":"wojewodzka"},"geometry":{"type":"LineString","coordinates":[[16.52174,51.54357],[16.52187,51.54356]]}},{"type":"Feature","properties":{"numer":"334","klasa":"","kat":"wojewodzka"},"geometry":{"type":"LineString","coordinates":[[16.51463,51.54667],[16.51716,51.54519],[16.51913,51.54418],[16.5208,51.54366],[16.52174,51.54357]]}},{"type":"Feature","properties":{"numer":"323","klasa":"droga gĹ‚Ăłwna","kat":"wojewodzka"},"geometry":{"type":"LineString","coordinates":[[16.425059938604562,51.57704476606612],[16.42636,51.57879]]}},{"type":"Feature","properties":{"numer":"1099D","klasa":"","kat":"powiatowa"},"geometry":{"type":"LineString","coordinates":[[16.57338,51.52348],[16.57374,51.5232]]}},{"type":"Feature","properties":{"numer":"1100D","klasa":"droga zbiorcza","kat":"powiatowa"},"geometry":{"type":"LineString","coordinates":[[16.58415,51.52366],[16.58125,51.52408],[16.57564,51.52449],[16.5737,51.52449],[16.57351,51.52441],[16.57352,51.52373],[16.57338,51.52348]]}},{"type":"Feature","properties":{"numer":"1100D","klasa":"droga zbiorcza","kat":"powiatowa"},"geometry":{"type":"LineString","coordinates":[[16.54395,51.52444],[16.54761,51.52455],[16.5491,51.52507],[16.55071,51.52537],[16.55225,51.52609],[16.55467,51.5262],[16.56421,51.52513],[16.57105,51.52369],[16.57302,51.52343],[16.57338,51.52348]]}},{"type":"Feature","properties":{"numer":"334","klasa":"","kat":"wojewodzka"},"geometry":{"type":"LineString","coordinates":[[16.54343,51.52644],[16.54396,51.52594],[16.54395,51.52444]]}},{"type":"Feature","properties":{"numer":"334","klasa":"","kat":"wojewodzka"},"geometry":{"type":"LineString","coordinates":[[16.53803,51.53315],[16.54052,51.52844],[16.54072,51.52823],[16.54281,51.52693],[16.54343,51.52644]]}},{"type":"Feature","properties":{"numer":"1098D","klasa":"","kat":"powiatowa"},"geometry":{"type":"LineString","coordinates":[[16.59112,51.54118],[16.58889,51.54085],[16.58767,51.54131],[16.58706,51.54126],[16.58635,51.54145],[16.58503,51.54105],[16.58427,51.54106],[16.5804,51.54082],[16.57744,51.54038],[16.57268,51.53992],[16.57236,51.53995],[16.57016,51.54069],[16.56588,51.54034],[16.56405,51.54006],[16.55918,51.54038],[16.5582,51.54032],[16.55664,51.54065],[16.55581,51.54068],[16.55528,51.54052],[16.55507,51.54014],[16.55426,51.53984],[16.55405,51.53962],[16.55445,51.53858],[16.55448,51.53601],[16.55434,51.53552],[16.54434,51.52842],[16.54388,51.52782],[16.54343,51.52644]]}},{"type":"Feature","properties":{"numer":"1086D","klasa":"droga zbiorcza","kat":"powiatowa"},"geometry":{"type":"LineString","coordinates":[[16.53685,51.54267],[16.53716,51.54196],[16.53796,51.54138],[16.53807,51.5412],[16.53811,51.5397],[16.53913,51.53749],[16.53803,51.53315]]}},{"type":"Feature","properties":{"numer":"334","klasa":"","kat":"wojewodzka"},"geometry":{"type":"LineString","coordinates":[[16.52187,51.54356],[16.52255,51.54342],[16.52376,51.54283],[16.52452,51.54257],[16.52703,51.54013],[16.53366,51.53574],[16.53719,51.53381],[16.53803,51.53315]]}},{"type":"Feature","properties":{"numer":"100849D","klasa":"droga lokalna","kat":"powiatowa"},"geometry":{"type":"LineString","coordinates":[[16.58492,51.58569],[16.58294,51.58618]]}},{"type":"Feature","properties":{"numer":"100849D","klasa":"droga lokalna","kat":"powiatowa"},"geometry":{"type":"LineString","coordinates":[[16.58294,51.58618],[16.57175,51.58885],[16.57097,51.58919],[16.57067,51.58943]]}},{"type":"Feature","properties":{"numer":"334","klasa":"","kat":"wojewodzka"},"geometry":{"type":"LineString","coordinates":[[16.51455,51.54669],[16.51463,51.54667]]}},{"type":"Feature","properties":{"numer":"334","klasa":"","kat":"wojewodzka"},"geometry":{"type":"LineString","coordinates":[[16.42909,51.58166],[16.42903,51.57984],[16.42953,51.57903],[16.43001,51.57765],[16.43162,51.57657],[16.43282,51.57646],[16.4338,51.57646],[16.43554,51.57677],[16.44237,51.57839],[16.44649,51.57876],[16.4475,51.57878],[16.45279,51.57839],[16.45788,51.57694],[16.45991,51.57547],[16.46872,51.57046],[16.46933,51.57016],[16.47155,51.56941],[16.47184,51.56925],[16.47185,51.56881],[16.47137,51.56788],[16.47068,51.56737],[16.46962,51.56694],[16.46937,51.56669],[16.46898,51.56336],[16.4691,51.56209],[16.46897,51.56135],[16.46873,51.56075],[16.4614,51.55081],[16.46143,51.5505],[16.46174,51.54979],[16.4625,51.54849],[16.46316,51.54876],[16.46383,51.54892],[16.46526,51.54908],[16.47174,51.54834],[16.47615,51.54745],[16.47799,51.54733],[16.4808,51.54737],[16.48639,51.5471],[16.49062,51.54766],[16.49111,51.54763],[16.4934,51.54714],[16.49596,51.54681],[16.49972,51.54693],[16.5042,51.54674],[16.50657,51.54687],[16.51375,51.5468],[16.51455,51.54669]]}},{"type":"Feature","properties":{"numer":"1086D","klasa":"droga zbiorcza","kat":"powiatowa"},"geometry":{"type":"LineString","coordinates":[[16.50777,51.61426],[16.50568,51.61358],[16.5048,51.61301],[16.50375,51.61145],[16.50268,51.60953],[16.50184,51.60758],[16.50218,51.60726],[16.50525,51.60544],[16.50707,51.60382],[16.50818,51.60276],[16.50977,51.6005],[16.51459,51.59602],[16.51485,51.59548],[16.51489,51.5943],[16.53208,51.56974],[16.53241,51.56903],[16.53412,51.56349],[16.53564,51.55773],[16.53582,51.55752],[16.537,51.55731],[16.53729,51.55717],[16.53534,51.55427],[16.53479,51.55219],[16.53442,51.54997],[16.53533,51.54705],[16.53655,51.54489],[16.53672,51.54435],[16.53685,51.54267]]}},{"type":"Feature","properties":{"numer":"1086D","klasa":"droga zbiorcza","kat":"powiatowa"},"geometry":{"type":"LineString","coordinates":[[16.50793,51.61431],[16.50777,51.61426]]}},{"type":"Feature","properties":{"numer":"1086D","klasa":"droga zbiorcza","kat":"powiatowa"},"geometry":{"type":"LineString","coordinates":[[16.50911,51.61481],[16.50873,51.61459],[16.50793,51.61431]]}},{"type":"Feature","properties":{"numer":"1086D","klasa":"droga zbiorcza","kat":"powiatowa"},"geometry":{"type":"LineString","coordinates":[[16.50917,51.61485],[16.50911,51.61481]]}},{"type":"Feature","properties":{"numer":"1086D","klasa":"droga zbiorcza","kat":"powiatowa"},"geometry":{"type":"LineString","coordinates":[[16.5095,51.61516],[16.50917,51.61485]]}},{"type":"Feature","properties":{"numer":"1086D","klasa":"droga zbiorcza","kat":"powiatowa"},"geometry":{"type":"LineString","coordinates":[[16.50979,51.61546],[16.5095,51.61516]]}},{"type":"Feature","properties":{"numer":"1086D","klasa":"droga zbiorcza","kat":"powiatowa"},"geometry":{"type":"LineString","coordinates":[[16.51,51.61568],[16.50979,51.61546]]}},{"type":"Feature","properties":{"numer":"1086D","klasa":"droga zbiorcza","kat":"powiatowa"},"geometry":{"type":"LineString","coordinates":[[16.51028,51.61596],[16.51,51.61568]]}},{"type":"Feature","properties":{"numer":"323","klasa":"droga gĹ‚Ăłwna","kat":"wojewodzka"},"geometry":{"type":"LineString","coordinates":[[16.42697,51.57969],[16.42636,51.57879]]}},{"type":"Feature","properties":{"numer":"323","klasa":"droga gĹ‚Ăłwna","kat":"wojewodzka"},"geometry":{"type":"LineString","coordinates":[[16.42742,51.58177],[16.42733,51.58073],[16.42697,51.57969]]}},{"type":"Feature","properties":{"numer":"334","klasa":"","kat":"wojewodzka"},"geometry":{"type":"LineString","coordinates":[[16.42909,51.58166],[16.42911,51.58202]]}},{"type":"Feature","properties":{"numer":"334","klasa":"","kat":"wojewodzka"},"geometry":{"type":"LineString","coordinates":[[16.42742,51.58177],[16.42759,51.58186],[16.42814,51.58192]]}},{"type":"Feature","properties":{"numer":"334","klasa":"","kat":"wojewodzka"},"geometry":{"type":"LineString","coordinates":[[16.42814,51.58192],[16.42858,51.58197]]}},{"type":"Feature","properties":{"numer":"334","klasa":"","kat":"wojewodzka"},"geometry":{"type":"LineString","coordinates":[[16.42858,51.58197],[16.42911,51.58202]]}},{"type":"Feature","properties":{"numer":"","klasa":"droga zbiorcza","kat":"powiatowa"},"geometry":{"type":"LineString","coordinates":[[16.42911,51.58202],[16.42921,51.58238]]}},{"type":"Feature","properties":{"numer":"323","klasa":"droga gĹ‚Ăłwna","kat":"wojewodzka"},"geometry":{"type":"LineString","coordinates":[[16.42705,51.58302],[16.42742,51.58177]]}},{"type":"Feature","properties":{"numer":"323","klasa":"droga gĹ‚Ăłwna","kat":"wojewodzka"},"geometry":{"type":"LineString","coordinates":[[16.42368,51.59095],[16.42705,51.58302]]}},{"type":"Feature","properties":{"numer":"323","klasa":"droga gĹ‚Ăłwna","kat":"wojewodzka"},"geometry":{"type":"LineString","coordinates":[[16.42368,51.59095],[16.4226,51.59352]]}},{"type":"Feature","properties":{"numer":"","klasa":"droga zbiorcza","kat":"powiatowa"},"geometry":{"type":"LineString","coordinates":[[16.42308,51.60641],[16.42309,51.60607],[16.42218,51.60498],[16.42218,51.60466],[16.42677,51.59291],[16.42666,51.59266],[16.42566,51.59232],[16.42556,51.59219],[16.42559,51.59184],[16.42583,51.5914],[16.42781,51.58914],[16.4297,51.58342],[16.42921,51.58238]]}},{"type":"Feature","properties":{"numer":"323","klasa":"droga gĹ‚Ăłwna","kat":"wojewodzka"},"geometry":{"type":"LineString","coordinates":[[16.4226,51.59352],[16.42154,51.59607]]}},{"type":"Feature","properties":{"numer":"323","klasa":"droga gĹ‚Ăłwna","kat":"wojewodzka"},"geometry":{"type":"LineString","coordinates":[[16.42154,51.59607],[16.42147,51.59623]]}},{"type":"Feature","properties":{"numer":"323","klasa":"droga gĹ‚Ăłwna","kat":"wojewodzka"},"geometry":{"type":"LineString","coordinates":[[16.42147,51.59623],[16.41771,51.60522],[16.41715,51.60614],[16.41572,51.60787],[16.41552,51.60832],[16.41544,51.60909],[16.4156,51.6099]]}},{"type":"Feature","properties":{"numer":"","klasa":"","kat":"gminna"},"geometry":{"type":"LineString","coordinates":[[16.42333,51.60641],[16.42308,51.60641]]}},{"type":"Feature","properties":{"numer":"","klasa":"droga zbiorcza","kat":"powiatowa"},"geometry":{"type":"LineString","coordinates":[[16.42308,51.60641],[16.42244,51.60689],[16.42,51.60838],[16.41793,51.60908]]}},{"type":"Feature","properties":{"numer":"","klasa":"droga zbiorcza","kat":"powiatowa"},"geometry":{"type":"LineString","coordinates":[[16.41793,51.60908],[16.4156,51.6099]]}},{"type":"Feature","properties":{"numer":"","klasa":"droga zbiorcza","kat":"powiatowa"},"geometry":{"type":"LineString","coordinates":[[16.41793,51.60908],[16.41823,51.60938],[16.42005,51.61069],[16.42964,51.61522],[16.43105,51.61652]]}},{"type":"Feature","properties":{"numer":"","klasa":"droga zbiorcza","kat":"powiatowa"},"geometry":{"type":"LineString","coordinates":[[16.4156,51.6099],[16.41345,51.61063],[16.41001,51.61149],[16.40889,51.61173],[16.40501,51.61233],[16.39269,51.61536],[16.37918,51.61832],[16.37789,51.61842]]}},{"type":"Feature","properties":{"numer":"323","klasa":"droga gĹ‚Ăłwna","kat":"wojewodzka"},"geometry":{"type":"LineString","coordinates":[[16.4156,51.6099],[16.41658,51.61171],[16.41736,51.61242],[16.41866,51.61312],[16.42003,51.61352],[16.42645,51.6145],[16.42812,51.61501],[16.42949,51.61568],[16.4302,51.61616],[16.4311,51.61699],[16.43411,51.6209],[16.43479,51.62185],[16.4355,51.62357],[16.43681,51.62506]]}},{"type":"Feature","properties":{"numer":"1094D","klasa":"","kat":"powiatowa"},"geometry":{"type":"LineString","coordinates":[[16.3561,51.62296],[16.35786,51.62095],[16.35795,51.62071],[16.35793,51.61947],[16.3578,51.61871],[16.35793,51.61813],[16.35765,51.61772],[16.3579,51.61726],[16.35759,51.61668]]}},{"type":"Feature","properties":{"numer":"1093D","klasa":"","kat":"powiatowa"},"geometry":{"type":"LineString","coordinates":[[16.37708,51.64339],[16.37693,51.64325],[16.37482,51.63689],[16.37466,51.63661],[16.37383,51.63577],[16.37334,51.63532],[16.37062,51.63386],[16.36726,51.63254],[16.36377,51.63148],[16.3597,51.62555],[16.3561,51.62296]]}},{"type":"Feature","properties":{"numer":"1094D","klasa":"","kat":"powiatowa"},"geometry":{"type":"LineString","coordinates":[[16.35996,51.65065],[16.35854,51.65034],[16.35483,51.65028],[16.35401,51.65041],[16.35285,51.65048],[16.35225,51.65032],[16.34919,51.64856],[16.34864,51.64802],[16.34816,51.64678],[16.34795,51.64514],[16.3477,51.64476],[16.34696,51.64416],[16.34664,51.64401],[16.34496,51.64415],[16.34408,51.64301],[16.3438,51.64231],[16.34412,51.64107],[16.34462,51.64027],[16.34496,51.64006],[16.34633,51.63991],[16.34757,51.63897],[16.34844,51.63769],[16.34929,51.63676],[16.35002,51.6357],[16.35295,51.63049],[16.3545,51.62575],[16.3561,51.62296]]}},{"type":"Feature","properties":{"numer":"1095D","klasa":"","kat":"powiatowa"},"geometry":{"type":"LineString","coordinates":[[16.38138,51.64133],[16.38143,51.64131]]}},{"type":"Feature","properties":{"numer":"1095D","klasa":"","kat":"powiatowa"},"geometry":{"type":"LineString","coordinates":[[16.37708,51.64339],[16.38138,51.64133]]}},{"type":"Feature","properties":{"numer":"1093D,1095D","klasa":"","kat":"powiatowa"},"geometry":{"type":"LineString","coordinates":[[16.37704,51.64351],[16.37708,51.64339]]}},{"type":"Feature","properties":{"numer":"1095D","klasa":"","kat":"powiatowa"},"geometry":{"type":"LineString","coordinates":[[16.37679,51.64374],[16.37704,51.64351]]}},{"type":"Feature","properties":{"numer":"1093D","klasa":"","kat":"powiatowa"},"geometry":{"type":"LineString","coordinates":[[16.37715,51.64393],[16.37704,51.64351]]}},{"type":"Feature","properties":{"numer":"1093D","klasa":"","kat":"powiatowa"},"geometry":{"type":"LineString","coordinates":[[16.37679,51.64374],[16.37715,51.64393]]}},{"type":"Feature","properties":{"numer":"1086D","klasa":"droga zbiorcza","kat":"powiatowa"},"geometry":{"type":"LineString","coordinates":[[16.50917,51.61949],[16.50885,51.61728],[16.50904,51.61705],[16.51053,51.61633],[16.51056,51.61626],[16.51028,51.61596]]}},{"type":"Feature","properties":{"numer":"1082D","klasa":"","kat":"powiatowa"},"geometry":{"type":"LineString","coordinates":[[16.50917,51.61949],[16.49799,51.62172],[16.49157,51.62337],[16.4899,51.62388],[16.46844,51.63394],[16.46816,51.63402],[16.467,51.63411],[16.46674,51.63423],[16.46646,51.6345]]}},{"type":"Feature","properties":{"numer":"1086D","klasa":"droga zbiorcza","kat":"powiatowa"},"geometry":{"type":"LineString","coordinates":[[16.51493,51.65477],[16.51324,51.64711],[16.51336,51.64528],[16.51439,51.64034],[16.51516,51.63805],[16.5152,51.63761],[16.51483,51.63624],[16.51194,51.63093],[16.50975,51.62828],[16.50928,51.62386],[16.50871,51.62111],[16.50917,51.61949]]}},{"type":"Feature","properties":{"numer":"323","klasa":"droga gĹ‚Ăłwna","kat":"wojewodzka"},"geometry":{"type":"LineString","coordinates":[[16.46646,51.6345],[16.48294,51.63898],[16.50185,51.6453],[16.50222,51.64553],[16.50269,51.646],[16.50482,51.64707],[16.5059,51.64779],[16.50818,51.64982],[16.51196,51.65231],[16.51248,51.65357],[16.51251,51.65629],[16.5129,51.65756]]}},{"type":"Feature","properties":{"numer":"1086D","klasa":"droga zbiorcza","kat":"powiatowa"},"geometry":{"type":"LineString","coordinates":[[16.51493,51.65477],[16.51481,51.65496]]}},{"type":"Feature","properties":{"numer":"323","klasa":"droga gĹ‚Ăłwna","kat":"wojewodzka"},"geometry":{"type":"LineString","coordinates":[[16.5129,51.65756],[16.51306,51.65785]]}},{"type":"Feature","properties":{"numer":"323","klasa":"droga gĹ‚Ăłwna","kat":"wojewodzka"},"geometry":{"type":"LineString","coordinates":[[16.51303,51.65814],[16.51306,51.65785]]}},{"type":"Feature","properties":{"numer":"323","klasa":"droga gĹ‚Ăłwna","kat":"wojewodzka"},"geometry":{"type":"LineString","coordinates":[[16.51615,51.66933],[16.51443,51.66627],[16.5141,51.6654],[16.51393,51.66431],[16.51397,51.66116],[16.51367,51.6601],[16.51309,51.65878],[16.51303,51.65814]]}},{"type":"Feature","properties":{"numer":"324","klasa":"droga gĹ‚Ăłwna","kat":"wojewodzka"},"geometry":{"type":"LineString","coordinates":[[16.52551,51.66828],[16.5281,51.66823]]}},{"type":"Feature","properties":{"numer":"324","klasa":"droga gĹ‚Ăłwna","kat":"wojewodzka"},"geometry":{"type":"LineString","coordinates":[[16.51691,51.66957],[16.51877,51.66922],[16.52285,51.6686],[16.52551,51.66828]]}},{"type":"Feature","properties":{"numer":"1113D","klasa":"","kat":"powiatowa"},"geometry":{"type":"LineString","coordinates":[[16.69677,51.49764],[16.69699,51.4993],[16.69691,51.5],[16.69706,51.50022],[16.69736,51.50032],[16.69839,51.50034],[16.70029,51.50025]]}},{"type":"Feature","properties":{"numer":"1115D","klasa":"","kat":"powiatowa"},"geometry":{"type":"LineString","coordinates":[[16.646433028764804,51.50193243678001],[16.64666,51.50192],[16.65623,51.50209],[16.65699,51.50215],[16.66012,51.50277],[16.66325,51.50266],[16.67247,51.50335],[16.68015,51.50565],[16.68363,51.50648],[16.69496,51.50826],[16.69599,51.50831],[16.70167,51.50818],[16.70436,51.50776]]}},{"type":"Feature","properties":{"numer":"36","klasa":"droga gĹ‚Ăłwna ruchu przyĹ›pieszonego","kat":"krajowa"},"geometry":{"type":"LineString","coordinates":[[16.64477,51.51468],[16.64479,51.51473]]}},{"type":"Feature","properties":{"numer":"36","klasa":"droga gĹ‚Ăłwna ruchu przyĹ›pieszonego","kat":"krajowa"},"geometry":{"type":"LineString","coordinates":[[16.64636,51.51706],[16.64492,51.51532],[16.64477,51.51468]]}},{"type":"Feature","properties":{"numer":"1113D","klasa":"","kat":"powiatowa"},"geometry":{"type":"LineString","coordinates":[[16.70097,51.51736],[16.70095,51.5174]]}},{"type":"Feature","properties":{"numer":"1113D","klasa":"","kat":"powiatowa"},"geometry":{"type":"LineString","coordinates":[[16.70095,51.5174],[16.69996,51.5191],[16.6994,51.52064],[16.69916,51.52099],[16.69709,51.52299],[16.69434,51.52427],[16.69407,51.52446],[16.69314,51.52663]]}},{"type":"Feature","properties":{"numer":"1114D","klasa":"","kat":"powiatowa"},"geometry":{"type":"LineString","coordinates":[[16.69314,51.52663],[16.68893,51.52713],[16.68665,51.52728],[16.68404,51.52721],[16.68329,51.5273],[16.68296,51.52743]]}},{"type":"Feature","properties":{"numer":"36","klasa":"droga gĹ‚Ăłwna ruchu przyĹ›pieszonego","kat":"krajowa"},"geometry":{"type":"LineString","coordinates":[[16.68268,51.55229],[16.68219,51.5517],[16.67997,51.54954],[16.67741,51.54746],[16.67323,51.54342],[16.66614,51.53922],[16.65894,51.53473],[16.65588,51.53224],[16.65541,51.53153],[16.65283,51.52651],[16.64684,51.51763],[16.64636,51.51706]]}},{"type":"Feature","properties":{"numer":"1113D","klasa":"","kat":"powiatowa"},"geometry":{"type":"LineString","coordinates":[[16.68296,51.52743],[16.68393,51.5364],[16.68377,51.53745],[16.68386,51.54357],[16.68268,51.55229]]}},{"type":"Feature","properties":{"numer":"36","klasa":"droga gĹ‚Ăłwna ruchu przyĹ›pieszonego","kat":"krajowa"},"geometry":{"type":"LineString","coordinates":[[16.68354,51.55377],[16.68268,51.55229]]}},{"type":"Feature","properties":{"numer":"1112D","klasa":"","kat":"powiatowa"},"geometry":{"type":"LineString","coordinates":[[16.770328174904943,51.50908091254753],[16.77056,51.5093]]}},{"type":"Feature","properties":{"numer":"1112D","klasa":"","kat":"powiatowa"},"geometry":{"type":"LineString","coordinates":[[16.77056,51.5093],[16.77097,51.50972]]}},{"type":"Feature","properties":{"numer":"1113D","klasa":"","kat":"powiatowa"},"geometry":{"type":"LineString","coordinates":[[16.70436,51.50776],[16.70461,51.50836],[16.70453,51.50871],[16.70329,51.50905],[16.70253,51.50955],[16.70263,51.5104],[16.70253,51.51107],[16.70145,51.51644],[16.70097,51.51736]]}},{"type":"Feature","properties":{"numer":"1114D","klasa":"","kat":"powiatowa"},"geometry":{"type":"LineString","coordinates":[[16.72126,51.51987],[16.72136,51.51985]]}},{"type":"Feature","properties":{"numer":"1114D","klasa":"","kat":"powiatowa"},"geometry":{"type":"LineString","coordinates":[[16.72126,51.51987],[16.71951,51.52019],[16.71827,51.52106],[16.71753,51.5214],[16.7095,51.52352],[16.70364,51.52474],[16.69851,51.52565],[16.69587,51.52598],[16.69429,51.52641],[16.69314,51.52663]]}},{"type":"Feature","properties":{"numer":"1110D","klasa":"","kat":"powiatowa"},"geometry":{"type":"LineString","coordinates":[[16.77844,51.53458],[16.77271,51.53586],[16.76861,51.53767],[16.76756,51.53822],[16.76082,51.54258],[16.75682,51.55119],[16.75714,51.55388],[16.75697,51.5546],[16.75667,51.5552]]}},{"type":"Feature","properties":{"numer":"1110D","klasa":"","kat":"powiatowa"},"geometry":{"type":"LineString","coordinates":[[16.75667,51.5552],[16.75643,51.55563]]}},{"type":"Feature","properties":{"numer":"1111D","klasa":"","kat":"powiatowa"},"geometry":{"type":"LineString","coordinates":[[16.75073,51.5613],[16.75305,51.5612],[16.75465,51.56093],[16.75854,51.55987],[16.76346,51.5587],[16.77402,51.55598],[16.77905,51.55453]]}},{"type":"Feature","properties":{"numer":"1110D","klasa":"","kat":"powiatowa"},"geometry":{"type":"LineString","coordinates":[[16.75643,51.55563],[16.75601,51.55626],[16.75529,51.55706],[16.75111,51.56104]]}},{"type":"Feature","properties":{"numer":"36","klasa":"droga gĹ‚Ăłwna ruchu przyĹ›pieszonego","kat":"krajowa"},"geometry":{"type":"LineString","coordinates":[[16.68786,51.55709],[16.68663,51.55653],[16.68585,51.55603],[16.68394,51.55427],[16.68354,51.55377]]}},{"type":"Feature","properties":{"numer":"1100D","klasa":"droga zbiorcza","kat":"powiatowa"},"geometry":{"type":"LineString","coordinates":[[16.68354,51.55377],[16.68253,51.55376],[16.68199,51.55383],[16.67853,51.55444],[16.67605,51.5544],[16.6711,51.55468],[16.66903,51.55465],[16.66545,51.55403],[16.66459,51.55436],[16.66009,51.55531],[16.65751,51.55554],[16.65477,51.55537],[16.65397,51.55538],[16.65173,51.55589],[16.65105,51.55597],[16.64204,51.55555],[16.63341,51.55637],[16.62602,51.55801],[16.62486,51.55839]]}},{"type":"Feature","properties":{"numer":"36","klasa":"droga gĹ‚Ăłwna ruchu przyĹ›pieszonego","kat":"krajowa"},"geometry":{"type":"LineString","coordinates":[[16.68802,51.55718],[16.68786,51.55709]]}},{"type":"Feature","properties":{"numer":"36","klasa":"droga gĹ‚Ăłwna ruchu przyĹ›pieszonego","kat":"krajowa"},"geometry":{"type":"LineString","coordinates":[[16.68879,51.55812],[16.68849,51.55748],[16.68802,51.55718]]}},{"type":"Feature","properties":{"numer":"36","klasa":"droga gĹ‚Ăłwna ruchu przyĹ›pieszonego","kat":"krajowa"},"geometry":{"type":"LineString","coordinates":[[16.68895,51.5584],[16.68879,51.55812]]}},{"type":"Feature","properties":{"numer":"36","klasa":"droga gĹ‚Ăłwna ruchu przyĹ›pieszonego","kat":"krajowa"},"geometry":{"type":"LineString","coordinates":[[16.68972,51.55957],[16.68895,51.5584]]}},{"type":"Feature","properties":{"numer":"36","klasa":"droga gĹ‚Ăłwna ruchu przyĹ›pieszonego","kat":"krajowa"},"geometry":{"type":"LineString","coordinates":[[16.68985,51.55983],[16.68972,51.55957]]}},{"type":"Feature","properties":{"numer":"36","klasa":"droga gĹ‚Ăłwna ruchu przyĹ›pieszonego","kat":"krajowa"},"geometry":{"type":"LineString","coordinates":[[16.69024,51.56145],[16.69006,51.56138],[16.68987,51.56089],[16.68996,51.56021],[16.68985,51.55983]]}},{"type":"Feature","properties":{"numer":"36","klasa":"droga gĹ‚Ăłwna ruchu przyĹ›pieszonego","kat":"krajowa"},"geometry":{"type":"LineString","coordinates":[[16.69024,51.56145],[16.69077,51.56154],[16.69135,51.56191],[16.69218,51.56334]]}},{"type":"Feature","properties":{"numer":"36","klasa":"droga gĹ‚Ăłwna ruchu przyĹ›pieszonego","kat":"krajowa"},"geometry":{"type":"LineString","coordinates":[[16.69218,51.56334],[16.69133,51.56329],[16.69092,51.56311],[16.69046,51.56242],[16.69024,51.56145]]}},{"type":"Feature","properties":{"numer":"1100D","klasa":"droga zbiorcza","kat":"powiatowa"},"geometry":{"type":"LineString","coordinates":[[16.62486,51.55839],[16.62407,51.55673],[16.62437,51.55392],[16.62411,51.5527],[16.62347,51.54793],[16.62326,51.54741],[16.62292,51.54711],[16.62227,51.54684],[16.62161,51.54668],[16.6205,51.54673],[16.61998,51.54695],[16.61947,51.54743],[16.61811,51.5478],[16.61609,51.54819],[16.61228,51.54945],[16.61118,51.54964],[16.60946,51.54978]]}},{"type":"Feature","properties":{"numer":"1101D","klasa":"","kat":"powiatowa"},"geometry":{"type":"LineString","coordinates":[[16.6047,51.55999],[16.60384,51.55914],[16.6013,51.55868],[16.60084,51.55831],[16.60084,51.55782],[16.60131,51.5574],[16.60149,51.55695],[16.60186,51.55476],[16.60169,51.55396],[16.60196,51.55294],[16.60235,51.55254],[16.60382,51.55213],[16.60695,51.55032],[16.60791,51.55003],[16.60946,51.54978]]}},{"type":"Feature","properties":{"numer":"1101D","klasa":"","kat":"powiatowa"},"geometry":{"type":"LineString","coordinates":[[16.62486,51.55839],[16.6225,51.55965],[16.61823,51.56106],[16.61729,51.56121],[16.61598,51.56115],[16.61386,51.56089],[16.61029,51.55993],[16.60746,51.55935],[16.60566,51.55984],[16.6047,51.55999]]}},{"type":"Feature","properties":{"numer":"100849D","klasa":"droga lokalna","kat":"powiatowa"},"geometry":{"type":"LineString","coordinates":[[16.6047,51.55999],[16.60584,51.56127]]}},{"type":"Feature","properties":{"numer":"100849D","klasa":"droga lokalna","kat":"powiatowa"},"geometry":{"type":"LineString","coordinates":[[16.60584,51.56127],[16.60567,51.5617]]}},{"type":"Feature","properties":{"numer":"100849D","klasa":"droga lokalna","kat":"powiatowa"},"geometry":{"type":"LineString","coordinates":[[16.6031,51.5664],[16.60449,51.56448],[16.60567,51.5617]]}},{"type":"Feature","properties":{"numer":"100849D","klasa":"droga lokalna","kat":"powiatowa"},"geometry":{"type":"LineString","coordinates":[[16.60059,51.56973],[16.60086,51.56952],[16.6031,51.5664]]}},{"type":"Feature","properties":{"numer":"100849D","klasa":"droga lokalna","kat":"powiatowa"},"geometry":{"type":"LineString","coordinates":[[16.5978,51.57005],[16.59923,51.57],[16.60059,51.56973]]}},{"type":"Feature","properties":{"numer":"100849D","klasa":"droga lokalna","kat":"powiatowa"},"geometry":{"type":"LineString","coordinates":[[16.5953,51.57273],[16.59704,51.5703],[16.5978,51.57005]]}},{"type":"Feature","properties":{"numer":"100849D","klasa":"droga lokalna","kat":"powiatowa"},"geometry":{"type":"LineString","coordinates":[[16.59553,51.57315],[16.5953,51.57273]]}},{"type":"Feature","properties":{"numer":"36","klasa":"droga gĹ‚Ăłwna ruchu przyĹ›pieszonego","kat":"krajowa"},"geometry":{"type":"LineString","coordinates":[[16.69247,51.56372],[16.69218,51.56334]]}},{"type":"Feature","properties":{"numer":"36","klasa":"droga gĹ‚Ăłwna ruchu przyĹ›pieszonego","kat":"krajowa"},"geometry":{"type":"LineString","coordinates":[[16.69247,51.56372],[16.69272,51.56391]]}},{"type":"Feature","properties":{"numer":"36","klasa":"droga gĹ‚Ăłwna ruchu przyĹ›pieszonego","kat":"krajowa"},"geometry":{"type":"LineString","coordinates":[[16.69272,51.56391],[16.69389,51.56487]]}},{"type":"Feature","properties":{"numer":"1110D","klasa":"","kat":"powiatowa"},"geometry":{"type":"LineString","coordinates":[[16.70079,51.56375],[16.69947,51.56406],[16.69821,51.56454],[16.69433,51.56512]]}},{"type":"Feature","properties":{"numer":"36","klasa":"droga gĹ‚Ăłwna ruchu przyĹ›pieszonego","kat":"krajowa"},"geometry":{"type":"LineString","coordinates":[[16.69389,51.56487],[16.69433,51.56512]]}},{"type":"Feature","properties":{"numer":"36","klasa":"droga gĹ‚Ăłwna ruchu przyĹ›pieszonego","kat":"krajowa"},"geometry":{"type":"LineString","coordinates":[[16.69433,51.56512],[16.69486,51.56562],[16.69508,51.56652]]}},{"type":"Feature","properties":{"numer":"1083D","klasa":"droga zbiorcza","kat":"powiatowa"},"geometry":{"type":"LineString","coordinates":[[16.69508,51.56652],[16.6952,51.56968],[16.69542,51.57134],[16.695,51.57436]]}},{"type":"Feature","properties":{"numer":"1083D","klasa":"droga zbiorcza","kat":"powiatowa"},"geometry":{"type":"LineString","coordinates":[[16.695,51.57436],[16.69495,51.57466],[16.69475,51.57489],[16.68999,51.57834],[16.68937,51.57912]]}},{"type":"Feature","properties":{"numer":"120155D","klasa":"","kat":"powiatowa"},"geometry":{"type":"LineString","coordinates":[[16.68885,51.57915],[16.68937,51.57912]]}},{"type":"Feature","properties":{"numer":"1084D","klasa":"","kat":"powiatowa"},"geometry":{"type":"LineString","coordinates":[[16.62437,51.59684],[16.62547,51.59661],[16.62805,51.59649],[16.62992,51.59607],[16.63139,51.59517],[16.64544,51.58846],[16.64958,51.58594],[16.65389,51.5845],[16.65522,51.58391],[16.66252,51.57925],[16.66317,51.5788],[16.6652,51.57709],[16.67207,51.57301],[16.67705,51.57112],[16.67977,51.56974],[16.68773,51.5665],[16.69005,51.56587],[16.6914,51.56559],[16.69266,51.56541],[16.69389,51.56487]]}},{"type":"Feature","properties":{"numer":"1110D","klasa":"","kat":"powiatowa"},"geometry":{"type":"LineString","coordinates":[[16.75111,51.56104],[16.75073,51.5613]]}},{"type":"Feature","properties":{"numer":"1110D","klasa":"","kat":"powiatowa"},"geometry":{"type":"LineString","coordinates":[[16.73065,51.56239],[16.73014,51.56227],[16.72972,51.56207],[16.72844,51.56094],[16.72792,51.56059],[16.72605,51.56]]}},{"type":"Feature","properties":{"numer":"1110D","klasa":"","kat":"powiatowa"},"geometry":{"type":"LineString","coordinates":[[16.75073,51.5613],[16.75034,51.56143],[16.74983,51.56145]]}},{"type":"Feature","properties":{"numer":"1110D","klasa":"","kat":"powiatowa"},"geometry":{"type":"LineString","coordinates":[[16.72605,51.56],[16.72462,51.5597],[16.72242,51.55977],[16.72144,51.55985],[16.71803,51.56054],[16.71725,51.56055],[16.71567,51.56041],[16.71377,51.56052],[16.70828,51.56165],[16.70502,51.56256],[16.70239,51.56352],[16.70079,51.56375]]}},{"type":"Feature","properties":{"numer":"1110D","klasa":"","kat":"powiatowa"},"geometry":{"type":"LineString","coordinates":[[16.74983,51.56145],[16.74708,51.56113],[16.74592,51.56118],[16.74054,51.5622],[16.73684,51.56323],[16.7361,51.56335],[16.73556,51.56332],[16.73065,51.56239]]}},{"type":"Feature","properties":{"numer":"1108D","klasa":"","kat":"powiatowa"},"geometry":{"type":"LineString","coordinates":[[16.74983,51.56145],[16.74841,51.5618],[16.74816,51.56353],[16.7483,51.56433],[16.74811,51.566],[16.74725,51.56773],[16.74738,51.56897],[16.74851,51.56979],[16.74872,51.57007],[16.7491,51.57615],[16.74966,51.57896],[16.7491,51.58481],[16.74921,51.58688],[16.7495,51.58875],[16.74933,51.58936]]}},{"type":"Feature","properties":{"numer":"36","klasa":"droga gĹ‚Ăłwna ruchu przyĹ›pieszonego","kat":"krajowa"},"geometry":{"type":"LineString","coordinates":[[16.69508,51.56652],[16.6953,51.56672],[16.69801,51.56756],[16.70675,51.57101],[16.71668,51.57649],[16.72101,51.57915],[16.72883,51.582],[16.73268,51.58284],[16.73368,51.58316],[16.73731,51.58474],[16.74304,51.58795],[16.74391,51.58831],[16.74628,51.58911]]}},{"type":"Feature","properties":{"numer":"36","klasa":"droga gĹ‚Ăłwna ruchu przyĹ›pieszonego","kat":"krajowa"},"geometry":{"type":"LineString","coordinates":[[16.74628,51.58911],[16.74933,51.58936]]}},{"type":"Feature","properties":{"numer":"36","klasa":"droga gĹ‚Ăłwna ruchu przyĹ›pieszonego","kat":"krajowa"},"geometry":{"type":"LineString","coordinates":[[16.74933,51.58936],[16.75203,51.58953],[16.7537,51.58984],[16.75489,51.58995],[16.77112,51.58967],[16.77238,51.58975],[16.77369,51.59013],[16.78622,51.59446],[16.7904,51.59618],[16.79198,51.59695]]}},{"type":"Feature","properties":{"numer":"1106D","klasa":"","kat":"powiatowa"},"geometry":{"type":"LineString","coordinates":[[16.70631,51.61072],[16.70661,51.61007],[16.70794,51.6091],[16.70863,51.609],[16.70959,51.60901],[16.71156,51.60866],[16.71231,51.60836],[16.71675,51.60505],[16.71717,51.60455],[16.71946,51.59986],[16.71983,51.59947],[16.72042,51.59908],[16.72193,51.59838],[16.72596,51.59713],[16.73191,51.59543],[16.73691,51.59251],[16.74628,51.58911]]}},{"type":"Feature","properties":{"numer":"100849D","klasa":"droga lokalna","kat":"powiatowa"},"geometry":{"type":"LineString","coordinates":[[16.57067,51.58943],[16.57066,51.58972]]}},{"type":"Feature","properties":{"numer":"100849D","klasa":"droga lokalna","kat":"powiatowa"},"geometry":{"type":"LineString","coordinates":[[16.57066,51.58972],[16.57044,51.59135],[16.57174,51.59335]]}},{"type":"Feature","properties":{"numer":"1085D","klasa":"","kat":"powiatowa"},"geometry":{"type":"LineString","coordinates":[[16.57174,51.59335],[16.57196,51.59382],[16.57159,51.59399],[16.56817,51.59447],[16.56772,51.59443],[16.56749,51.59414],[16.56722,51.59408],[16.5658,51.59422],[16.56543,51.59432],[16.56505,51.59464],[16.56494,51.5949],[16.56499,51.59508],[16.56584,51.59639],[16.56629,51.59702],[16.56685,51.59737],[16.56777,51.5987]]}},{"type":"Feature","properties":{"numer":"1085D","klasa":"","kat":"powiatowa"},"geometry":{"type":"LineString","coordinates":[[16.56777,51.5987],[16.568,51.59895]]}},{"type":"Feature","properties":{"numer":"1085D","klasa":"","kat":"powiatowa"},"geometry":{"type":"LineString","coordinates":[[16.568,51.59895],[16.56823,51.59906],[16.56881,51.59913],[16.5729,51.59939]]}},{"type":"Feature","properties":{"numer":"1085D","klasa":"","kat":"powiatowa"},"geometry":{"type":"LineString","coordinates":[[16.5729,51.59939],[16.57313,51.59941]]}},{"type":"Feature","properties":{"numer":"1085D","klasa":"","kat":"powiatowa"},"geometry":{"type":"LineString","coordinates":[[16.57313,51.59941],[16.57574,51.59958],[16.57678,51.59985]]}},{"type":"Feature","properties":{"numer":"1085D","klasa":"","kat":"powiatowa"},"geometry":{"type":"LineString","coordinates":[[16.57678,51.59985],[16.57714,51.60001]]}},{"type":"Feature","properties":{"numer":"1085D","klasa":"","kat":"powiatowa"},"geometry":{"type":"LineString","coordinates":[[16.58217,51.59994],[16.58432,51.59989],[16.58459,51.59999]]}},{"type":"Feature","properties":{"numer":"1085D","klasa":"","kat":"powiatowa"},"geometry":{"type":"LineString","coordinates":[[16.58171,51.59996],[16.58217,51.59994]]}},{"type":"Feature","properties":{"numer":"1083D","klasa":"droga zbiorcza","kat":"powiatowa"},"geometry":{"type":"LineString","coordinates":[[16.68937,51.57912],[16.68897,51.57984],[16.68787,51.5804],[16.68733,51.58081],[16.68668,51.58167],[16.68596,51.5831],[16.68456,51.58492],[16.68276,51.58653],[16.68262,51.58683],[16.68239,51.58808],[16.68052,51.59077],[16.67948,51.59244],[16.67887,51.59287],[16.67851,51.59298],[16.67767,51.59305],[16.67705,51.59338],[16.67691,51.59587],[16.67608,51.59684],[16.67563,51.59794],[16.67493,51.59849],[16.67419,51.59943],[16.6725,51.60007],[16.67022,51.60116],[16.66801,51.60179],[16.66441,51.60266],[16.66284,51.60324],[16.66082,51.60373],[16.65852,51.60491],[16.65657,51.60561],[16.65302,51.60733],[16.65241,51.60743],[16.64986,51.60744],[16.64892,51.60776],[16.64758,51.60792]]}},{"type":"Feature","properties":{"numer":"1105D","klasa":"","kat":"powiatowa"},"geometry":{"type":"LineString","coordinates":[[16.69089,51.61419],[16.69135,51.60993],[16.69126,51.60744],[16.69139,51.60673],[16.69191,51.60595],[16.69646,51.60161],[16.69684,51.60105],[16.69712,51.60017],[16.69745,51.59655],[16.69733,51.59236],[16.69623,51.58844],[16.69594,51.58705],[16.69577,51.58311],[16.695,51.57436]]}},{"type":"Feature","properties":{"numer":"1083D","klasa":"droga zbiorcza","kat":"powiatowa"},"geometry":{"type":"LineString","coordinates":[[16.64751,51.60794],[16.64758,51.60792]]}},{"type":"Feature","properties":{"numer":"1106D","klasa":"","kat":"powiatowa"},"geometry":{"type":"LineString","coordinates":[[16.69089,51.61419],[16.6913,51.61401],[16.69596,51.61309],[16.69751,51.61287],[16.70631,51.61072]]}},{"type":"Feature","properties":{"numer":"1105D","klasa":"","kat":"powiatowa"},"geometry":{"type":"LineString","coordinates":[[16.68482,51.63675],[16.68557,51.63315],[16.68542,51.63266],[16.68479,51.63174],[16.68451,51.63044],[16.68477,51.62567],[16.68523,51.62486],[16.68722,51.62268],[16.69036,51.61719],[16.69061,51.61663],[16.69089,51.61419]]}},{"type":"Feature","properties":{"numer":"324","klasa":"droga gĹ‚Ăłwna","kat":"wojewodzka"},"geometry":{"type":"LineString","coordinates":[[16.64817,51.64568],[16.65122,51.64512],[16.65201,51.64491],[16.65694,51.64274],[16.66221,51.64111],[16.6639,51.6408],[16.66657,51.64064],[16.66775,51.6405],[16.67086,51.63996],[16.67505,51.63914],[16.67659,51.63877],[16.67773,51.63838],[16.6804,51.63725],[16.68249,51.63694],[16.68482,51.63675]]}},{"type":"Feature","properties":{"numer":"1104D","klasa":"","kat":"powiatowa"},"geometry":{"type":"LineString","coordinates":[[16.68482,51.63675],[16.6844,51.63786],[16.68493,51.64015],[16.68499,51.64111],[16.684,51.64266],[16.68324,51.64345],[16.683,51.64428],[16.68277,51.64439],[16.68205,51.64442],[16.68183,51.64453],[16.68133,51.64622],[16.68127,51.64686],[16.68138,51.64701]]}},{"type":"Feature","properties":{"numer":"1087D","klasa":"","kat":"powiatowa"},"geometry":{"type":"LineString","coordinates":[[16.67978,51.64681],[16.68126,51.647]]}},{"type":"Feature","properties":{"numer":"1104D","klasa":"","kat":"powiatowa"},"geometry":{"type":"LineString","coordinates":[[16.681388243801653,51.647018243801654],[16.68138,51.64701]]}},{"type":"Feature","properties":{"numer":"1087D","klasa":"","kat":"powiatowa"},"geometry":{"type":"LineString","coordinates":[[16.64817,51.64568],[16.64937,51.64647],[16.65142,51.64743],[16.65273,51.64775],[16.65586,51.64781],[16.65813,51.64763],[16.66159,51.64839],[16.66388,51.64868],[16.6645,51.64862],[16.66598,51.64827],[16.66828,51.6481],[16.67098,51.64721],[16.67892,51.647],[16.67978,51.64681]]}},{"type":"Feature","properties":{"numer":"100849D","klasa":"droga lokalna","kat":"powiatowa"},"geometry":{"type":"LineString","coordinates":[[16.59727,51.57595],[16.59553,51.57315]]}},{"type":"Feature","properties":{"numer":"100849D","klasa":"droga lokalna","kat":"powiatowa"},"geometry":{"type":"LineString","coordinates":[[16.59917,51.57987],[16.5983,51.57759],[16.59727,51.57595]]}},{"type":"Feature","properties":{"numer":"100849D","klasa":"droga lokalna","kat":"powiatowa"},"geometry":{"type":"LineString","coordinates":[[16.59465,51.58249],[16.59707,51.58091],[16.59917,51.57987]]}},{"type":"Feature","properties":{"numer":"100849D","klasa":"droga lokalna","kat":"powiatowa"},"geometry":{"type":"LineString","coordinates":[[16.59425,51.58265],[16.59465,51.58249]]}},{"type":"Feature","properties":{"numer":"100849D","klasa":"droga lokalna","kat":"powiatowa"},"geometry":{"type":"LineString","coordinates":[[16.59425,51.58265],[16.59348,51.58293],[16.59072,51.58427]]}},{"type":"Feature","properties":{"numer":"100849D","klasa":"droga lokalna","kat":"powiatowa"},"geometry":{"type":"LineString","coordinates":[[16.59072,51.58427],[16.58931,51.58471],[16.58492,51.58569]]}},{"type":"Feature","properties":{"numer":"1084D","klasa":"","kat":"powiatowa"},"geometry":{"type":"LineString","coordinates":[[16.59019,51.60064],[16.59164,51.60029],[16.59206,51.59979],[16.59252,51.59955],[16.59414,51.59916],[16.59564,51.5991],[16.5968,51.59915],[16.5971,51.59929],[16.59771,51.59996],[16.59796,51.60004],[16.60137,51.5989],[16.60435,51.59856],[16.61136,51.59682],[16.61236,51.59692],[16.61376,51.59742],[16.61772,51.59797],[16.61887,51.59837],[16.62013,51.59862],[16.62099,51.5986],[16.6214,51.59847],[16.62167,51.59819],[16.62204,51.5974],[16.62223,51.59727],[16.62437,51.59684]]}},{"type":"Feature","properties":{"numer":"1085D","klasa":"","kat":"powiatowa"},"geometry":{"type":"LineString","coordinates":[[16.58472,51.60006],[16.58543,51.60041],[16.58888,51.60013],[16.59,51.60018],[16.59014,51.60024],[16.59019,51.60064]]}},{"type":"Feature","properties":{"numer":"1083D","klasa":"droga zbiorcza","kat":"powiatowa"},"geometry":{"type":"LineString","coordinates":[[16.59348,51.65506],[16.59343,51.65414],[16.59414,51.65328],[16.59454,51.65252],[16.59912,51.64863],[16.61322,51.64108],[16.61946,51.63713],[16.62451,51.63027],[16.6254,51.62985],[16.62767,51.62919],[16.62848,51.62877],[16.63191,51.62538],[16.636,51.62097],[16.63775,51.61969],[16.64023,51.61864],[16.64108,51.61815],[16.64175,51.61764],[16.64347,51.61594],[16.64493,51.61363],[16.64527,51.61262],[16.64568,51.61204],[16.64639,51.60965],[16.64712,51.60817],[16.64751,51.60794]]}},{"type":"Feature","properties":{"numer":"324","klasa":"droga gĹ‚Ăłwna","kat":"wojewodzka"},"geometry":{"type":"LineString","coordinates":[[16.59348,51.65506],[16.5979,51.65452],[16.59957,51.65421],[16.60242,51.6536],[16.60569,51.6525],[16.6071,51.65212],[16.61001,51.65181],[16.61079,51.65166],[16.61164,51.65133],[16.61249,51.6507],[16.6134,51.65038],[16.61492,51.65027],[16.61701,51.6498],[16.61958,51.64945],[16.6332,51.64793],[16.64147,51.6469],[16.64817,51.64568]]}},{"type":"Feature","properties":{"numer":"1085D","klasa":"","kat":"powiatowa"},"geometry":{"type":"LineString","coordinates":[[16.57714,51.60001],[16.58171,51.59996]]}},{"type":"Feature","properties":{"numer":"1085D","klasa":"","kat":"powiatowa"},"geometry":{"type":"LineString","coordinates":[[16.58459,51.59999],[16.58472,51.60006]]}},{"type":"Feature","properties":{"numer":"1084D","klasa":"","kat":"powiatowa"},"geometry":{"type":"LineString","coordinates":[[16.58139,51.62638],[16.57762,51.62155],[16.57596,51.61972],[16.57451,51.61595],[16.57448,51.61566],[16.57475,51.6153],[16.57669,51.61361],[16.57847,51.61231],[16.58181,51.61046],[16.58472,51.60861],[16.58756,51.60735],[16.58841,51.60677],[16.58861,51.60647],[16.58861,51.60618],[16.58767,51.6046],[16.58739,51.60394],[16.58737,51.6035],[16.58765,51.60311],[16.58842,51.60249],[16.59018,51.60165],[16.59031,51.60137],[16.59006,51.60078],[16.59019,51.60064]]}},{"type":"Feature","properties":{"numer":"1084D","klasa":"droga zbiorcza","kat":"powiatowa"},"geometry":{"type":"LineString","coordinates":[[16.58172,51.64231],[16.57968,51.64077],[16.57935,51.64043],[16.57934,51.64027],[16.58056,51.63853],[16.58083,51.63835],[16.58221,51.6381],[16.5833,51.63775],[16.58491,51.63774],[16.58472,51.63634],[16.58545,51.6329],[16.58528,51.63252],[16.58477,51.63196],[16.5837,51.63108],[16.58334,51.63068],[16.58294,51.6293],[16.58202,51.62789],[16.58139,51.62638]]}},{"type":"Feature","properties":{"numer":"1084D","klasa":"","kat":"powiatowa"},"geometry":{"type":"LineString","coordinates":[[16.58074,51.65317],[16.58053,51.65301],[16.58072,51.64873],[16.58181,51.64271],[16.58172,51.64231]]}},{"type":"Feature","properties":{"numer":"1084D","klasa":"droga zbiorcza","kat":"powiatowa"},"geometry":{"type":"LineString","coordinates":[[16.58194,51.66011],[16.58203,51.65493],[16.58223,51.65479],[16.58324,51.6547],[16.58343,51.65458],[16.58335,51.65358],[16.58327,51.65328],[16.58313,51.65319],[16.58172,51.65311],[16.58074,51.65317]]}},{"type":"Feature","properties":{"numer":"324","klasa":"droga gĹ‚Ăłwna","kat":"wojewodzka"},"geometry":{"type":"LineString","coordinates":[[16.5561,51.66498],[16.55965,51.66446],[16.56525,51.66325],[16.57212,51.66162],[16.57335,51.66145],[16.57812,51.66111],[16.57909,51.66098],[16.57998,51.66076],[16.58194,51.66011]]}},{"type":"Feature","properties":{"numer":"1076D","klasa":"droga zbiorcza","kat":"powiatowa"},"geometry":{"type":"LineString","coordinates":[[16.5561,51.66498],[16.55863,51.66531]]}},{"type":"Feature","properties":{"numer":"1076D","klasa":"droga zbiorcza","kat":"powiatowa"},"geometry":{"type":"LineString","coordinates":[[16.55863,51.66531],[16.56029,51.66618]]}},{"type":"Feature","properties":{"numer":"1077D","klasa":"droga zbiorcza","kat":"powiatowa"},"geometry":{"type":"LineString","coordinates":[[16.55863,51.66531],[16.56806,51.66655]]}},{"type":"Feature","properties":{"numer":"36","klasa":"droga gĹ‚Ăłwna ruchu przyĹ›pieszonego","kat":"krajowa"},"geometry":{"type":"LineString","coordinates":[[16.7964,51.59984],[16.796390672451196,51.59983381778742]]}},{"type":"Feature","properties":{"numer":"810748P","klasa":"droga zbiorcza","kat":"powiatowa"},"geometry":{"type":"LineString","coordinates":[[16.802530921985817,51.600829078014186],[16.80253,51.60083]]}},{"type":"Feature","properties":{"numer":"","klasa":"droga wewnÄ™trzna","kat":"gminna"},"geometry":{"type":"LineString","coordinates":[[16.802530921985817,51.600829078014186],[16.80253,51.60083]]}},{"type":"Feature","properties":{"numer":"36","klasa":"droga gĹ‚Ăłwna ruchu przyĹ›pieszonego","kat":"krajowa"},"geometry":{"type":"LineString","coordinates":[[16.7964,51.59984],[16.80061,51.60262]]}},{"type":"Feature","properties":{"numer":"36","klasa":"droga gĹ‚Ăłwna ruchu przyĹ›pieszonego","kat":"krajowa"},"geometry":{"type":"LineString","coordinates":[[16.80061,51.60262],[16.80061494356659,51.6026228248952]]}},{"type":"Feature","properties":{"numer":"324","klasa":"droga gĹ‚Ăłwna","kat":"wojewodzka"},"geometry":{"type":"LineString","coordinates":[[16.75929,51.61891],[16.76065,51.61852],[16.76477,51.61672],[16.76743,51.61583],[16.76998,51.61441],[16.77446,51.61251],[16.77791,51.61189],[16.781437924768042,51.61140647731606]]}},{"type":"Feature","properties":{"numer":"324","klasa":"droga gĹ‚Ăłwna","kat":"wojewodzka"},"geometry":{"type":"LineString","coordinates":[[16.78354834560908,51.610911121813025],[16.78432,51.61064],[16.7867,51.6095],[16.79046,51.60743],[16.79239,51.60681],[16.79586,51.6051],[16.79898,51.60377],[16.79963,51.60339],[16.80061,51.60262]]}},{"type":"Feature","properties":{"numer":"1096D","klasa":"","kat":"powiatowa"},"geometry":{"type":"LineString","coordinates":[[16.37789,51.61842],[16.37798,51.61855],[16.37826,51.61865],[16.39743,51.62335],[16.41065,51.62509],[16.41151,51.62601],[16.41214,51.62644]]}},{"type":"Feature","properties":{"numer":"1095D","klasa":"","kat":"powiatowa"},"geometry":{"type":"LineString","coordinates":[[16.41214,51.62644],[16.41393,51.62591],[16.41566,51.62614],[16.41668,51.62644],[16.41747,51.62643],[16.42052,51.6257],[16.4281,51.62362],[16.42868,51.62369],[16.43035,51.62412],[16.43681,51.62506]]}},{"type":"Feature","properties":{"numer":"323","klasa":"droga gĹ‚Ăłwna","kat":"wojewodzka"},"geometry":{"type":"LineString","coordinates":[[16.43681,51.62506],[16.44029,51.62606],[16.44579,51.62729],[16.44993,51.62793],[16.45193,51.62862],[16.45945,51.63155]]}},{"type":"Feature","properties":{"numer":"323","klasa":"droga gĹ‚Ăłwna","kat":"wojewodzka"},"geometry":{"type":"LineString","coordinates":[[16.45945,51.63155],[16.4606,51.632]]}},{"type":"Feature","properties":{"numer":"323","klasa":"droga gĹ‚Ăłwna","kat":"wojewodzka"},"geometry":{"type":"LineString","coordinates":[[16.4606,51.632],[16.46205,51.63256],[16.46646,51.6345]]}},{"type":"Feature","properties":{"numer":"1095D","klasa":"","kat":"powiatowa"},"geometry":{"type":"LineString","coordinates":[[16.38143,51.64131],[16.38515,51.63957],[16.39003,51.6371],[16.39698,51.63171],[16.39766,51.63145],[16.40249,51.6302],[16.40522,51.62907],[16.40859,51.62743],[16.41009,51.62706],[16.41214,51.62644]]}},{"type":"Feature","properties":{"numer":"1081D","klasa":"","kat":"powiatowa"},"geometry":{"type":"LineString","coordinates":[[16.47233,51.67668],[16.47106,51.67366],[16.46832,51.66802],[16.46777,51.66667],[16.46782,51.66541],[16.46769,51.66492],[16.46731,51.66394],[16.46655,51.66283],[16.46574,51.66061],[16.46547,51.65935],[16.46496,51.65811],[16.45916,51.6519],[16.45761,51.65],[16.4555,51.64769],[16.45007,51.63967],[16.44908,51.63798],[16.4491,51.63781],[16.44923,51.63773],[16.4514,51.63706],[16.45248,51.6369],[16.45408,51.63677],[16.45569,51.63649],[16.45714,51.63605],[16.45843,51.63545],[16.46045,51.635],[16.46145,51.63453],[16.46186,51.63442]]}},{"type":"Feature","properties":{"numer":"1092D","klasa":"","kat":"powiatowa"},"geometry":{"type":"LineString","coordinates":[[16.40395,51.67881],[16.40146,51.67627],[16.40075,51.67571],[16.39958,51.67504],[16.39802,51.67448],[16.39381,51.67326],[16.39224,51.67265],[16.39004,51.6716],[16.38718,51.67046],[16.38587,51.67006],[16.38466,51.66979],[16.37811,51.66783],[16.37408,51.6656],[16.37375,51.66506],[16.37343,51.66389],[16.37343,51.6624],[16.37453,51.66072],[16.37541,51.65891],[16.37537,51.65723],[16.37555,51.65687],[16.37585,51.65655],[16.37811,51.65553],[16.37901,51.65476],[16.38144,51.65303],[16.38313,51.651],[16.3833,51.65035],[16.38326,51.64944]]}},{"type":"Feature","properties":{"numer":"1093D","klasa":"","kat":"powiatowa"},"geometry":{"type":"LineString","coordinates":[[16.38326,51.64944],[16.38628,51.64945],[16.39195,51.65018],[16.39395,51.65063],[16.39729,51.65083],[16.40564,51.65172],[16.41222,51.65314],[16.41285,51.6534],[16.41547,51.65687],[16.41808,51.65929],[16.41912,51.66085],[16.42037,51.66208],[16.42103,51.66308],[16.42363,51.6657],[16.42627,51.66861],[16.4268,51.66907],[16.43023,51.67119],[16.43095,51.6719],[16.43159,51.67349],[16.43197,51.67501],[16.43294,51.68176]]}},{"type":"Feature","properties":{"numer":"324","klasa":"droga gĹ‚Ăłwna","kat":"wojewodzka"},"geometry":{"type":"LineString","coordinates":[[16.44025,51.68265],[16.44235,51.68252],[16.44337,51.68231],[16.44595,51.68119],[16.44954,51.68007],[16.47233,51.67668]]}},{"type":"Feature","properties":{"numer":"1076D","klasa":"droga zbiorcza","kat":"powiatowa"},"geometry":{"type":"LineString","coordinates":[[16.56029,51.66618],[16.56035,51.66622]]}},{"type":"Feature","properties":{"numer":"100705D","klasa":"droga lokalna","kat":"powiatowa"},"geometry":{"type":"LineString","coordinates":[[16.53884,51.66619],[16.53745,51.66633]]}},{"type":"Feature","properties":{"numer":"100705D","klasa":"droga lokalna","kat":"powiatowa"},"geometry":{"type":"LineString","coordinates":[[16.54025,51.66637],[16.53884,51.66619]]}},{"type":"Feature","properties":{"numer":"100705D","klasa":"droga lokalna","kat":"powiatowa"},"geometry":{"type":"LineString","coordinates":[[16.53745,51.66633],[16.53734,51.66634]]}},{"type":"Feature","properties":{"numer":"100705D","klasa":"droga lokalna","kat":"powiatowa"},"geometry":{"type":"LineString","coordinates":[[16.53734,51.66634],[16.53667,51.66637]]}},{"type":"Feature","properties":{"numer":"100705D","klasa":"droga lokalna","kat":"powiatowa"},"geometry":{"type":"LineString","coordinates":[[16.53667,51.66637],[16.53584,51.66636]]}},{"type":"Feature","properties":{"numer":"100705D","klasa":"droga lokalna","kat":"powiatowa"},"geometry":{"type":"LineString","coordinates":[[16.53584,51.66636],[16.53499,51.66637]]}},{"type":"Feature","properties":{"numer":"324","klasa":"droga gĹ‚Ăłwna","kat":"wojewodzka"},"geometry":{"type":"LineString","coordinates":[[16.5434,51.66783],[16.54837,51.66681],[16.55141,51.66595],[16.5561,51.66498]]}},{"type":"Feature","properties":{"numer":"100683D","klasa":"droga lokalna","kat":"powiatowa"},"geometry":{"type":"LineString","coordinates":[[16.5367,51.6667],[16.53745,51.66633]]}},{"type":"Feature","properties":{"numer":"100705D","klasa":"droga lokalna","kat":"powiatowa"},"geometry":{"type":"LineString","coordinates":[[16.54146,51.66666],[16.54025,51.66637]]}},{"type":"Feature","properties":{"numer":"1077D","klasa":"droga zbiorcza","kat":"powiatowa"},"geometry":{"type":"LineString","coordinates":[[16.56806,51.66655],[16.56822,51.66659]]}},{"type":"Feature","properties":{"numer":"100683D","klasa":"droga lokalna","kat":"powiatowa"},"geometry":{"type":"LineString","coordinates":[[16.5367,51.6667],[16.53628,51.66704]]}},{"type":"Feature","properties":{"numer":"100705D","klasa":"droga lokalna","kat":"powiatowa"},"geometry":{"type":"LineString","coordinates":[[16.54324,51.66776],[16.5424,51.66701],[16.54146,51.66666]]}},{"type":"Feature","properties":{"numer":"100683D","klasa":"droga lokalna","kat":"powiatowa"},"geometry":{"type":"LineString","coordinates":[[16.53628,51.66704],[16.53587,51.66779],[16.53559,51.66794]]}},{"type":"Feature","properties":{"numer":"100705D","klasa":"droga lokalna","kat":"powiatowa"},"geometry":{"type":"LineString","coordinates":[[16.5434,51.66783],[16.54324,51.66776]]}},{"type":"Feature","properties":{"numer":"100699D","klasa":"","kat":"powiatowa"},"geometry":{"type":"LineString","coordinates":[[16.5281,51.66823],[16.53039,51.66823]]}},{"type":"Feature","properties":{"numer":"100699D","klasa":"droga lokalna","kat":"powiatowa"},"geometry":{"type":"LineString","coordinates":[[16.53472,51.66827],[16.5351,51.6682]]}},{"type":"Feature","properties":{"numer":"100699D","klasa":"droga lokalna","kat":"powiatowa"},"geometry":{"type":"LineString","coordinates":[[16.53039,51.66823],[16.53103,51.66824]]}},{"type":"Feature","properties":{"numer":"100699D","klasa":"droga lokalna","kat":"powiatowa"},"geometry":{"type":"LineString","coordinates":[[16.53103,51.66824],[16.53112,51.66824]]}},{"type":"Feature","properties":{"numer":"100699D","klasa":"droga lokalna","kat":"powiatowa"},"geometry":{"type":"LineString","coordinates":[[16.53112,51.66824],[16.53234,51.66829]]}},{"type":"Feature","properties":{"numer":"100699D","klasa":"droga lokalna","kat":"powiatowa"},"geometry":{"type":"LineString","coordinates":[[16.53349,51.6683],[16.53472,51.66827]]}},{"type":"Feature","properties":{"numer":"100699D","klasa":"droga lokalna","kat":"powiatowa"},"geometry":{"type":"LineString","coordinates":[[16.53234,51.66829],[16.53253,51.66829]]}},{"type":"Feature","properties":{"numer":"100699D","klasa":"droga lokalna","kat":"powiatowa"},"geometry":{"type":"LineString","coordinates":[[16.53253,51.66829],[16.53349,51.6683]]}},{"type":"Feature","properties":{"numer":"324","klasa":"droga gĹ‚Ăłwna","kat":"wojewodzka"},"geometry":{"type":"LineString","coordinates":[[16.54196,51.66953],[16.54267,51.66931],[16.54308,51.66904],[16.54328,51.66874],[16.54327,51.66808],[16.5434,51.66783]]}},{"type":"Feature","properties":{"numer":"1076D","klasa":"droga zbiorcza","kat":"powiatowa"},"geometry":{"type":"LineString","coordinates":[[16.56035,51.66622],[16.56184,51.66701],[16.56334,51.66826],[16.56437,51.6696],[16.56492,51.67127]]}},{"type":"Feature","properties":{"numer":"324","klasa":"droga gĹ‚Ăłwna","kat":"wojewodzka"},"geometry":{"type":"LineString","coordinates":[[16.5281,51.66823],[16.52842,51.669],[16.52881,51.66945],[16.52922,51.66976],[16.53019,51.67019],[16.53109,51.67038],[16.53166,51.67042],[16.53486,51.67035]]}},{"type":"Feature","properties":{"numer":"100710D","klasa":"droga lokalna","kat":"powiatowa"},"geometry":{"type":"LineString","coordinates":[[16.54207,51.67007],[16.54196,51.66953]]}},{"type":"Feature","properties":{"numer":"324","klasa":"droga gĹ‚Ăłwna","kat":"wojewodzka"},"geometry":{"type":"LineString","coordinates":[[16.53486,51.67035],[16.53607,51.67026],[16.5376,51.66992],[16.54096,51.66972],[16.54196,51.66953]]}},{"type":"Feature","properties":{"numer":"100710D","klasa":"droga lokalna","kat":"powiatowa"},"geometry":{"type":"LineString","coordinates":[[16.54269,51.67079],[16.54207,51.67007]]}},{"type":"Feature","properties":{"numer":"","klasa":"","kat":"gminna"},"geometry":{"type":"LineString","coordinates":[[16.53486,51.67035],[16.53487,51.67071]]}},{"type":"Feature","properties":{"numer":"100710D","klasa":"droga lokalna","kat":"powiatowa"},"geometry":{"type":"LineString","coordinates":[[16.54283,51.67105],[16.54269,51.67079]]}},{"type":"Feature","properties":{"numer":"","klasa":"","kat":"gminna"},"geometry":{"type":"LineString","coordinates":[[16.53487,51.67071],[16.53519,51.67143]]}},{"type":"Feature","properties":{"numer":"100707D","klasa":"droga lokalna","kat":"powiatowa"},"geometry":{"type":"LineString","coordinates":[[16.54028,51.67152],[16.54199,51.67134],[16.54283,51.67105]]}},{"type":"Feature","properties":{"numer":"1076D","klasa":"droga zbiorcza","kat":"powiatowa"},"geometry":{"type":"LineString","coordinates":[[16.56492,51.67127],[16.56494,51.67133]]}},{"type":"Feature","properties":{"numer":"100707D","klasa":"droga lokalna","kat":"powiatowa"},"geometry":{"type":"LineString","coordinates":[[16.54003,51.67156],[16.54028,51.67152]]}},{"type":"Feature","properties":{"numer":"","klasa":"droga lokalna","kat":"gminna"},"geometry":{"type":"LineString","coordinates":[[16.53568,51.67186],[16.53519,51.67143]]}},{"type":"Feature","properties":{"numer":"100707D","klasa":"droga lokalna","kat":"powiatowa"},"geometry":{"type":"LineString","coordinates":[[16.53868,51.67181],[16.54003,51.67156]]}},{"type":"Feature","properties":{"numer":"","klasa":"","kat":"gminna"},"geometry":{"type":"LineString","coordinates":[[16.53568,51.67186],[16.5369,51.67236]]}},{"type":"Feature","properties":{"numer":"","klasa":"","kat":"gminna"},"geometry":{"type":"LineString","coordinates":[[16.5369,51.67236],[16.53708,51.67247]]}},{"type":"Feature","properties":{"numer":"","klasa":"droga lokalna","kat":"gminna"},"geometry":{"type":"LineString","coordinates":[[16.53683,51.67259],[16.53708,51.67247]]}},{"type":"Feature","properties":{"numer":"100722D","klasa":"droga lokalna","kat":"powiatowa"},"geometry":{"type":"LineString","coordinates":[[16.54023,51.67346],[16.53993,51.67305],[16.5386,51.67183]]}},{"type":"Feature","properties":{"numer":"","klasa":"droga lokalna","kat":"gminna"},"geometry":{"type":"LineString","coordinates":[[16.53561,51.67315],[16.53683,51.67259]]}},{"type":"Feature","properties":{"numer":"","klasa":"droga lokalna","kat":"gminna"},"geometry":{"type":"LineString","coordinates":[[16.53529,51.6733],[16.53561,51.67315]]}},{"type":"Feature","properties":{"numer":"","klasa":"droga lokalna","kat":"gminna"},"geometry":{"type":"LineString","coordinates":[[16.53301,51.67471],[16.53529,51.6733]]}},{"type":"Feature","properties":{"numer":"100722D","klasa":"droga lokalna","kat":"powiatowa"},"geometry":{"type":"LineString","coordinates":[[16.54125,51.67515],[16.54023,51.67346]]}},{"type":"Feature","properties":{"numer":"","klasa":"droga lokalna","kat":"gminna"},"geometry":{"type":"LineString","coordinates":[[16.5327,51.67492],[16.53301,51.67471]]}},{"type":"Feature","properties":{"numer":"","klasa":"droga lokalna","kat":"gminna"},"geometry":{"type":"LineString","coordinates":[[16.53201,51.67536],[16.5327,51.67492]]}},{"type":"Feature","properties":{"numer":"","klasa":"droga lokalna","kat":"gminna"},"geometry":{"type":"LineString","coordinates":[[16.53191,51.67543],[16.53201,51.67536]]}},{"type":"Feature","properties":{"numer":"100722D","klasa":"droga lokalna","kat":"powiatowa"},"geometry":{"type":"LineString","coordinates":[[16.54137,51.67597],[16.5415,51.67559],[16.54125,51.67515]]}},{"type":"Feature","properties":{"numer":"","klasa":"droga lokalna","kat":"gminna"},"geometry":{"type":"LineString","coordinates":[[16.53147,51.67572],[16.53191,51.67543]]}},{"type":"Feature","properties":{"numer":"323","klasa":"droga gĹ‚Ăłwna","kat":"wojewodzka"},"geometry":{"type":"LineString","coordinates":[[16.51637,51.66968],[16.51615,51.66933]]}},{"type":"Feature","properties":{"numer":"324","klasa":"droga gĹ‚Ăłwna","kat":"wojewodzka"},"geometry":{"type":"LineString","coordinates":[[16.51637,51.66968],[16.51691,51.66957]]}},{"type":"Feature","properties":{"numer":"324","klasa":"droga gĹ‚Ăłwna","kat":"wojewodzka"},"geometry":{"type":"LineString","coordinates":[[16.5158,51.6698],[16.51637,51.66968]]}},{"type":"Feature","properties":{"numer":"323","klasa":"droga gĹ‚Ăłwna","kat":"wojewodzka"},"geometry":{"type":"LineString","coordinates":[[16.5165,51.67004],[16.51637,51.66968]]}},{"type":"Feature","properties":{"numer":"324","klasa":"droga gĹ‚Ăłwna","kat":"wojewodzka"},"geometry":{"type":"LineString","coordinates":[[16.48721,51.67413],[16.48912,51.67366],[16.49361,51.67306],[16.50368,51.67234],[16.50919,51.67103],[16.5158,51.6698]]}},{"type":"Feature","properties":{"numer":"1080D","klasa":"","kat":"powiatowa"},"geometry":{"type":"LineString","coordinates":[[16.48791,51.6758],[16.48721,51.67413]]}},{"type":"Feature","properties":{"numer":"323","klasa":"droga gĹ‚Ăłwna","kat":"wojewodzka"},"geometry":{"type":"LineString","coordinates":[[16.52681,51.67998],[16.52125,51.67758],[16.52058,51.67719],[16.51958,51.67642],[16.51887,51.6756],[16.51846,51.67491],[16.5165,51.67004]]}},{"type":"Feature","properties":{"numer":"324","klasa":"droga gĹ‚Ăłwna","kat":"wojewodzka"},"geometry":{"type":"LineString","coordinates":[[16.47233,51.67668],[16.47602,51.67611],[16.47878,51.6755],[16.48527,51.6745],[16.48721,51.67413]]}},{"type":"Feature","properties":{"numer":"323","klasa":"droga gĹ‚Ăłwna","kat":"wojewodzka"},"geometry":{"type":"LineString","coordinates":[[16.52717,51.68028],[16.52681,51.67998]]}},{"type":"Feature","properties":{"numer":"323","klasa":"droga gĹ‚Ăłwna","kat":"wojewodzka"},"geometry":{"type":"LineString","coordinates":[[16.52702,51.68066],[16.52717,51.68028]]}},{"type":"Feature","properties":{"numer":"","klasa":"droga lokalna","kat":"gminna"},"geometry":{"type":"LineString","coordinates":[[16.53122,51.67591],[16.53147,51.67572]]}},{"type":"Feature","properties":{"numer":"100722D","klasa":"droga lokalna","kat":"powiatowa"},"geometry":{"type":"LineString","coordinates":[[16.54092,51.67684],[16.54137,51.67597]]}},{"type":"Feature","properties":{"numer":"100725D","klasa":"droga lokalna","kat":"powiatowa"},"geometry":{"type":"LineString","coordinates":[[16.54092,51.67684],[16.5411,51.67694]]}},{"type":"Feature","properties":{"numer":"100725D","klasa":"droga lokalna","kat":"powiatowa"},"geometry":{"type":"LineString","coordinates":[[16.54236,51.67853],[16.54131,51.67733],[16.5411,51.67694]]}},{"type":"Feature","properties":{"numer":"1076D","klasa":"droga zbiorcza","kat":"powiatowa"},"geometry":{"type":"LineString","coordinates":[[16.57721,51.68492],[16.5761,51.68394],[16.57331,51.68037],[16.57186,51.67875],[16.57096,51.67798],[16.56639,51.6747],[16.56587,51.67417],[16.56494,51.67133]]}},{"type":"Feature","properties":{"numer":"100722D","klasa":"droga lokalna","kat":"powiatowa"},"geometry":{"type":"LineString","coordinates":[[16.54266,51.67883],[16.54236,51.67853]]}},{"type":"Feature","properties":{"numer":"100725D","klasa":"droga lokalna","kat":"powiatowa"},"geometry":{"type":"LineString","coordinates":[[16.54342,51.67955],[16.54266,51.67883]]}},{"type":"Feature","properties":{"numer":"","klasa":"","kat":"gminna"},"geometry":{"type":"LineString","coordinates":[[16.52717,51.68028],[16.52766,51.68008]]}},{"type":"Feature","properties":{"numer":"100725D","klasa":"droga lokalna","kat":"powiatowa"},"geometry":{"type":"LineString","coordinates":[[16.54723,51.68088],[16.54521,51.6803],[16.54342,51.67955]]}},{"type":"Feature","properties":{"numer":"100725D","klasa":"droga lokalna","kat":"powiatowa"},"geometry":{"type":"LineString","coordinates":[[16.55087,51.68211],[16.54723,51.68088]]}},{"type":"Feature","properties":{"numer":"100725D","klasa":"droga lokalna","kat":"powiatowa"},"geometry":{"type":"LineString","coordinates":[[16.55093,51.68213],[16.55087,51.68211]]}},{"type":"Feature","properties":{"numer":"100725D","klasa":"droga lokalna","kat":"powiatowa"},"geometry":{"type":"LineString","coordinates":[[16.55335,51.68237],[16.55179,51.68232],[16.55093,51.68213]]}},{"type":"Feature","properties":{"numer":"100725D","klasa":"droga lokalna","kat":"powiatowa"},"geometry":{"type":"LineString","coordinates":[[16.55368,51.68237],[16.55335,51.68237]]}},{"type":"Feature","properties":{"numer":"100725D","klasa":"droga lokalna","kat":"powiatowa"},"geometry":{"type":"LineString","coordinates":[[16.55517,51.6824],[16.55368,51.68237]]}},{"type":"Feature","properties":{"numer":"100725D","klasa":"droga lokalna","kat":"powiatowa"},"geometry":{"type":"LineString","coordinates":[[16.55796,51.68382],[16.55754,51.68365],[16.5556,51.68253],[16.55517,51.6824]]}},{"type":"Feature","properties":{"numer":"100725D","klasa":"droga lokalna","kat":"powiatowa"},"geometry":{"type":"LineString","coordinates":[[16.5581,51.68385],[16.55796,51.68382]]}},{"type":"Feature","properties":{"numer":"100725D","klasa":"droga lokalna","kat":"powiatowa"},"geometry":{"type":"LineString","coordinates":[[16.56056,51.68439],[16.5581,51.68385]]}},{"type":"Feature","properties":{"numer":"100725D","klasa":"droga lokalna","kat":"powiatowa"},"geometry":{"type":"LineString","coordinates":[[16.56224,51.68458],[16.56056,51.68439]]}},{"type":"Feature","properties":{"numer":"100725D","klasa":"droga lokalna","kat":"powiatowa"},"geometry":{"type":"LineString","coordinates":[[16.56468,51.68486],[16.56224,51.68458]]}},{"type":"Feature","properties":{"numer":"100725D","klasa":"droga lokalna","kat":"powiatowa"},"geometry":{"type":"LineString","coordinates":[[16.57195,51.68586],[16.56622,51.68497],[16.56468,51.68486]]}},{"type":"Feature","properties":{"numer":"1080D","klasa":"","kat":"powiatowa"},"geometry":{"type":"LineString","coordinates":[[16.49206,51.68682],[16.48987,51.68047],[16.48791,51.6758]]}},{"type":"Feature","properties":{"numer":"1069D","klasa":"","kat":"powiatowa"},"geometry":{"type":"LineString","coordinates":[[16.49401,51.69238],[16.49422,51.69229],[16.49789,51.6919],[16.49939,51.69058],[16.50665,51.68651],[16.50712,51.68601],[16.50795,51.68438],[16.50876,51.68365],[16.50987,51.683],[16.51269,51.6819],[16.51563,51.68099],[16.52035,51.67995],[16.52142,51.67982],[16.52209,51.67986],[16.52239,51.67968],[16.52421,51.67935],[16.52437,51.67909]]}},{"type":"Feature","properties":{"numer":"1080D","klasa":"","kat":"powiatowa"},"geometry":{"type":"LineString","coordinates":[[16.49401,51.69238],[16.4938,51.69062],[16.49353,51.68962],[16.49254,51.68753],[16.49206,51.68682]]}},{"type":"Feature","properties":{"numer":"323","klasa":"droga gĹ‚Ăłwna","kat":"wojewodzka"},"geometry":{"type":"LineString","coordinates":[[16.52133,51.70429],[16.52208,51.70117],[16.52189,51.69992],[16.52214,51.69976],[16.52373,51.69932],[16.52397,51.69913],[16.52402,51.6989],[16.52333,51.69588],[16.52292,51.69011],[16.52261,51.68925],[16.52159,51.6874],[16.52144,51.68681],[16.52146,51.68625],[16.52196,51.68511],[16.52398,51.68277],[16.52443,51.68241],[16.52608,51.68154],[16.5269,51.68086],[16.52702,51.68066]]}},{"type":"Feature","properties":{"numer":"1069D","klasa":"","kat":"powiatowa"},"geometry":{"type":"LineString","coordinates":[[16.48304,51.70779],[16.48761,51.70335],[16.48863,51.70171],[16.49067,51.69994],[16.49199,51.69837],[16.49259,51.69816],[16.49402,51.69823],[16.49428,51.69813],[16.49432,51.69668],[16.4938,51.69338],[16.4938,51.69286],[16.49401,51.69238]]}},{"type":"Feature","properties":{"numer":"323","klasa":"droga gĹ‚Ăłwna","kat":"wojewodzka"},"geometry":{"type":"LineString","coordinates":[[16.52173,51.70903],[16.52194,51.70826],[16.5212,51.70494],[16.52133,51.70429]]}},{"type":"Feature","properties":{"numer":"1070D","klasa":"","kat":"powiatowa"},"geometry":{"type":"LineString","coordinates":[[16.51318,51.71246],[16.51437,51.71175],[16.51543,51.71067],[16.51576,51.70983],[16.51582,51.70797],[16.51599,51.70768],[16.52133,51.70429]]}},{"type":"Feature","properties":{"numer":"1069D","klasa":"","kat":"powiatowa"},"geometry":{"type":"LineString","coordinates":[[16.48258,51.71504],[16.48259,51.71312],[16.48283,51.71151],[16.48304,51.70779]]}},{"type":"Feature","properties":{"numer":"1072D","klasa":"","kat":"powiatowa"},"geometry":{"type":"LineString","coordinates":[[16.48258,51.71504],[16.48421,51.71507],[16.49787,51.71323],[16.51198,51.71266],[16.51269,51.7126],[16.51318,51.71246]]}},{"type":"Feature","properties":{"numer":"1069D","klasa":"","kat":"powiatowa"},"geometry":{"type":"LineString","coordinates":[[16.48227,51.71629],[16.48258,51.71504]]}},{"type":"Feature","properties":{"numer":"","klasa":"droga zbiorcza","kat":"powiatowa"},"geometry":{"type":"LineString","coordinates":[[16.35759,51.61668],[16.36103,51.61585],[16.36204,51.61585],[16.36525,51.61624],[16.36758,51.61705],[16.37067,51.61693],[16.37169,51.61697],[16.37434,51.61777],[16.37715,51.61835],[16.37789,51.61842]]}},{"type":"Feature","properties":{"numer":"","klasa":"droga zbiorcza","kat":"powiatowa"},"geometry":{"type":"LineString","coordinates":[[16.33577,51.61822],[16.34813,51.61774],[16.34988,51.61734],[16.35488,51.61682],[16.35576,51.61676],[16.35669,51.61684],[16.35759,51.61668]]}},{"type":"Feature","properties":{"numer":"1093D","klasa":"","kat":"powiatowa"},"geometry":{"type":"LineString","coordinates":[[16.37846,51.64556],[16.37715,51.64393]]}},{"type":"Feature","properties":{"numer":"1093D","klasa":"","kat":"powiatowa"},"geometry":{"type":"LineString","coordinates":[[16.37855,51.64571],[16.37846,51.64556]]}},{"type":"Feature","properties":{"numer":"1093D","klasa":"","kat":"powiatowa"},"geometry":{"type":"LineString","coordinates":[[16.38008,51.64848],[16.37978,51.64809],[16.3791,51.64659],[16.37855,51.64571]]}},{"type":"Feature","properties":{"numer":"1095D","klasa":"","kat":"powiatowa"},"geometry":{"type":"LineString","coordinates":[[16.35996,51.65065],[16.36447,51.64756],[16.36486,51.64747],[16.36617,51.64749],[16.36701,51.6473],[16.37382,51.6439],[16.37434,51.6438],[16.37679,51.64374]]}},{"type":"Feature","properties":{"numer":"1093D","klasa":"","kat":"powiatowa"},"geometry":{"type":"LineString","coordinates":[[16.38048,51.6489],[16.38008,51.64848]]}},{"type":"Feature","properties":{"numer":"1093D","klasa":"","kat":"powiatowa"},"geometry":{"type":"LineString","coordinates":[[16.38048,51.6489],[16.38115,51.64962],[16.38138,51.6497],[16.38245,51.64946],[16.38326,51.64944]]}},{"type":"Feature","properties":{"numer":"1095D","klasa":"","kat":"powiatowa"},"geometry":{"type":"LineString","coordinates":[[16.31943,51.66616],[16.32429,51.6658],[16.32574,51.66517],[16.32685,51.6649],[16.33266,51.6639],[16.35057,51.66123],[16.35115,51.66109],[16.35265,51.66025],[16.35409,51.65992],[16.35628,51.65849],[16.35697,51.65787],[16.35792,51.65762],[16.35829,51.65738],[16.35837,51.65707],[16.35808,51.65635],[16.35809,51.6559],[16.35866,51.65184],[16.35899,51.65135],[16.35996,51.65065]]}},{"type":"Feature","properties":{"numer":"1091D","klasa":"","kat":"powiatowa"},"geometry":{"type":"LineString","coordinates":[[16.31943,51.66616],[16.32528,51.67385],[16.32613,51.67672],[16.32587,51.67802],[16.32635,51.67913],[16.32638,51.67981],[16.32628,51.68018],[16.32637,51.68043],[16.32655,51.68051],[16.32779,51.68053],[16.32905,51.68041],[16.33209,51.68076],[16.33293,51.68072]]}},{"type":"Feature","properties":{"numer":"1091D","klasa":"","kat":"powiatowa"},"geometry":{"type":"LineString","coordinates":[[16.33293,51.68072],[16.33316,51.6807]]}},{"type":"Feature","properties":{"numer":"1091D","klasa":"","kat":"powiatowa"},"geometry":{"type":"LineString","coordinates":[[16.33316,51.6807],[16.33495,51.68053],[16.33537,51.68056],[16.33603,51.68071],[16.33666,51.68107]]}},{"type":"Feature","properties":{"numer":"1095D","klasa":"","kat":"powiatowa"},"geometry":{"type":"LineString","coordinates":[[16.268894304478465,51.683049840034336],[16.27117,51.6829],[16.27659,51.68281],[16.28077,51.68205],[16.28309,51.68057],[16.2839,51.67917],[16.28551,51.67817],[16.28564,51.67731],[16.28689,51.67724],[16.28745,51.67712],[16.28783,51.67678],[16.28983,51.6762],[16.29128,51.67543],[16.29627,51.6736],[16.29745,51.6734],[16.30134,51.67311],[16.30459,51.67232],[16.30687,51.6719],[16.3073,51.67169],[16.31169,51.6682],[16.31403,51.66728],[16.31465,51.66672],[16.31674,51.66637],[16.31943,51.66616]]}},{"type":"Feature","properties":{"numer":"1091D","klasa":"","kat":"powiatowa"},"geometry":{"type":"LineString","coordinates":[[16.33666,51.68107],[16.33712,51.6814]]}},{"type":"Feature","properties":{"numer":"1091D","klasa":"","kat":"powiatowa"},"geometry":{"type":"LineString","coordinates":[[16.36008,51.68904],[16.35903,51.68796],[16.35817,51.68754],[16.35714,51.68718],[16.35517,51.6857],[16.35453,51.68491],[16.35413,51.68413],[16.35409,51.68388],[16.3545,51.68302],[16.35435,51.68276],[16.35399,51.6826],[16.35202,51.68229],[16.35029,51.6823],[16.34816,51.68221],[16.34481,51.68239],[16.34409,51.68235],[16.33839,51.68193],[16.33769,51.68172],[16.33712,51.6814]]}},{"type":"Feature","properties":{"numer":"324","klasa":"droga gĹ‚Ăłwna","kat":"wojewodzka"},"geometry":{"type":"LineString","coordinates":[[16.37002,51.688],[16.37013,51.68796]]}},{"type":"Feature","properties":{"numer":"324","klasa":"droga gĹ‚Ăłwna","kat":"wojewodzka"},"geometry":{"type":"LineString","coordinates":[[16.36491,51.68896],[16.36799,51.68887],[16.36859,51.6887],[16.37002,51.688]]}},{"type":"Feature","properties":{"numer":"324","klasa":"droga gĹ‚Ăłwna","kat":"wojewodzka"},"geometry":{"type":"LineString","coordinates":[[16.36377,51.68897],[16.36491,51.68896]]}},{"type":"Feature","properties":{"numer":"324","klasa":"droga gĹ‚Ăłwna","kat":"wojewodzka"},"geometry":{"type":"LineString","coordinates":[[16.36008,51.68904],[16.36377,51.68897]]}},{"type":"Feature","properties":{"numer":"324","klasa":"droga gĹ‚Ăłwna","kat":"wojewodzka"},"geometry":{"type":"LineString","coordinates":[[16.326678170222497,51.702115139850136],[16.32837,51.70183],[16.32918,51.70155],[16.33021,51.70104],[16.33429,51.69883],[16.33752,51.69629],[16.34071,51.69403],[16.34226,51.69318],[16.3444,51.69258],[16.34748,51.69094],[16.34846,51.69069],[16.35161,51.69033],[16.36008,51.68904]]}},{"type":"Feature","properties":{"numer":"1107D","klasa":"","kat":"powiatowa"},"geometry":{"type":"LineString","coordinates":[[16.70631,51.61072],[16.70635,51.6114],[16.70613,51.61317],[16.70641,51.61353],[16.70673,51.61371],[16.73333,51.61824],[16.73357,51.6184],[16.73411,51.62054]]}},{"type":"Feature","properties":{"numer":"324","klasa":"droga gĹ‚Ăłwna","kat":"wojewodzka"},"geometry":{"type":"LineString","coordinates":[[16.75918,51.61892],[16.75929,51.61891]]}},{"type":"Feature","properties":{"numer":"324","klasa":"droga gĹ‚Ăłwna","kat":"wojewodzka"},"geometry":{"type":"LineString","coordinates":[[16.73424,51.62071],[16.73721,51.61941],[16.73856,51.61892],[16.74108,51.61811],[16.74201,51.61795],[16.74271,51.61798],[16.75128,51.61914],[16.7577,51.61901],[16.75918,51.61892]]}},{"type":"Feature","properties":{"numer":"1107D","klasa":"","kat":"powiatowa"},"geometry":{"type":"LineString","coordinates":[[16.73411,51.62054],[16.73424,51.62071]]}},{"type":"Feature","properties":{"numer":"324","klasa":"droga gĹ‚Ăłwna","kat":"wojewodzka"},"geometry":{"type":"LineString","coordinates":[[16.68482,51.63675],[16.68654,51.63656],[16.68758,51.63626],[16.68823,51.63591],[16.69073,51.63416],[16.69172,51.63367],[16.6932,51.633],[16.6955,51.6322],[16.69872,51.63138],[16.6999,51.63098],[16.70299,51.62955],[16.70495,51.6283],[16.70584,51.62796],[16.71137,51.62675],[16.7173,51.62515],[16.71832,51.6251],[16.72038,51.62547],[16.72268,51.62563],[16.72339,51.62556],[16.72518,51.62518],[16.72838,51.625],[16.72957,51.62477],[16.7302,51.62451],[16.7309,51.62403],[16.73282,51.62199],[16.73424,51.62071]]}},{"type":"Feature","properties":{"numer":"5476P","klasa":"droga zbiorcza","kat":"powiatowa"},"geometry":{"type":"LineString","coordinates":[[16.63859,51.67157],[16.6385979749555,51.671569965625196]]}},{"type":"Feature","properties":{"numer":"5477P","klasa":"droga zbiorcza","kat":"powiatowa"},"geometry":{"type":"LineString","coordinates":[[16.67029,51.69478],[16.67157,51.69403],[16.67214964176047,51.69360088024566]]}},{"type":"Feature","properties":{"numer":"324","klasa":"droga gĹ‚Ăłwna","kat":"wojewodzka"},"geometry":{"type":"LineString","coordinates":[[16.58194,51.66011],[16.58945,51.65753],[16.5903,51.65702],[16.59196,51.65548],[16.59248,51.65525],[16.59348,51.65506]]}},{"type":"Feature","properties":{"numer":"1077D","klasa":"droga zbiorcza","kat":"powiatowa"},"geometry":{"type":"LineString","coordinates":[[16.56822,51.66659],[16.57065,51.66743],[16.57544,51.67044],[16.57605,51.67069],[16.58095,51.67204],[16.59159,51.67331],[16.59756,51.67332],[16.59982,51.67321],[16.60357,51.67291],[16.60658,51.67282],[16.61247,51.67317],[16.61357,51.67317],[16.61706,51.67298],[16.6244,51.67227],[16.62734,51.67231],[16.63132,51.67151],[16.6327,51.67148],[16.6341,51.67156],[16.63559,51.67135],[16.63631,51.67137],[16.63706,51.67153],[16.63834,51.67161],[16.63883,51.67182],[16.639778158017567,51.67247713922009]]}},{"type":"Feature","properties":{"numer":"1076D","klasa":"droga zbiorcza","kat":"powiatowa"},"geometry":{"type":"LineString","coordinates":[[16.61515,51.715],[16.61456,51.71313],[16.61328,51.70769],[16.6116,51.70502],[16.6084,51.70059],[16.60789,51.70016],[16.60509,51.69826],[16.60409,51.6973],[16.6002,51.69695],[16.59143,51.69524],[16.5907,51.69504],[16.58831,51.69267],[16.58622,51.69091],[16.58553,51.69052],[16.58432,51.6902],[16.58407,51.69006],[16.58363,51.68963],[16.5833,51.68879],[16.5826,51.68817],[16.58022,51.68654],[16.57721,51.68492]]}},{"type":"Feature","properties":{"numer":"1074D","klasa":"","kat":"powiatowa"},"geometry":{"type":"LineString","coordinates":[[16.61515,51.715],[16.62276,51.71367],[16.6233,51.71345],[16.62377,51.71314],[16.62604,51.71108],[16.62697,51.71062],[16.64374,51.7064]]}},{"type":"Feature","properties":{"numer":"1076D","klasa":"droga zbiorcza","kat":"powiatowa"},"geometry":{"type":"LineString","coordinates":[[16.61515,51.715],[16.61562,51.71651],[16.61563,51.71768],[16.6163,51.71864],[16.61682,51.71968],[16.61874,51.72252],[16.61927,51.72394],[16.62098,51.72753],[16.62892,51.73359],[16.63298,51.73735],[16.6334,51.73796],[16.63347,51.73832],[16.63335,51.73878],[16.63222,51.74099],[16.62644371658717,51.74730183286833]]}},{"type":"Feature","properties":{"numer":"5477P","klasa":"droga zbiorcza","kat":"powiatowa"},"geometry":{"type":"LineString","coordinates":[[16.67002355967227,51.69491964745247],[16.67029,51.69478]]}},{"type":"Feature","properties":{"numer":"1074D","klasa":"","kat":"powiatowa"},"geometry":{"type":"LineString","coordinates":[[16.65826,51.70299],[16.663756678441203,51.69869259685506]]}},{"type":"Feature","properties":{"numer":"1074D","klasa":"","kat":"powiatowa"},"geometry":{"type":"LineString","coordinates":[[16.64374,51.7064],[16.64429,51.70618],[16.64591,51.70516],[16.64772,51.70455],[16.64839,51.70449],[16.64995,51.70458],[16.65242,51.70451],[16.65746,51.70339],[16.65826,51.70299]]}},{"type":"Feature","properties":{"numer":"324","klasa":"droga gĹ‚Ăłwna","kat":"wojewodzka"},"geometry":{"type":"LineString","coordinates":[[16.40395,51.67881],[16.40897,51.67776],[16.40982,51.6777],[16.41088,51.67778],[16.41877,51.67866],[16.41939,51.6788],[16.42051,51.67924],[16.42126,51.67942],[16.4243,51.67953],[16.42862,51.67985],[16.42956,51.68011],[16.43294,51.68176]]}},{"type":"Feature","properties":{"numer":"324","klasa":"droga gĹ‚Ăłwna","kat":"wojewodzka"},"geometry":{"type":"LineString","coordinates":[[16.43294,51.68176],[16.43351,51.682],[16.43403,51.6821],[16.43896,51.68262],[16.44025,51.68265]]}},{"type":"Feature","properties":{"numer":"324","klasa":"droga gĹ‚Ăłwna","kat":"wojewodzka"},"geometry":{"type":"LineString","coordinates":[[16.37013,51.68796],[16.37084,51.68775],[16.37761,51.68635],[16.3824,51.68567],[16.38314,51.68541],[16.38377,51.68506],[16.38523,51.684],[16.38565,51.68383],[16.3876,51.68345],[16.38862,51.68316],[16.38924,51.68287],[16.3902,51.68216],[16.3906,51.68199],[16.39539,51.68078],[16.39678,51.68064],[16.39885,51.68066],[16.39997,51.68047],[16.40158,51.67989],[16.403,51.67908],[16.40395,51.67881]]}},{"type":"Feature","properties":{"numer":"305","klasa":"droga zbiorcza","kat":"wojewodzka"},"geometry":{"type":"LineString","coordinates":[[16.44025,51.68265],[16.44032,51.68285],[16.44105,51.68358],[16.44065,51.68429],[16.44038,51.68548],[16.44002,51.6859],[16.43829,51.68714],[16.43368,51.691],[16.43282,51.69156],[16.43252,51.69188],[16.43228,51.69268],[16.4307,51.69422],[16.42792,51.69613],[16.42571,51.69707],[16.4216,51.69921],[16.42101,51.69967],[16.42044,51.7004],[16.41928,51.70273],[16.41885,51.70456],[16.41873,51.70559],[16.42096,51.71343]]}},{"type":"Feature","properties":{"numer":"1090D","klasa":"","kat":"powiatowa"},"geometry":{"type":"LineString","coordinates":[[16.36377,51.68897],[16.36359,51.69024],[16.36363,51.6907],[16.3645,51.69204],[16.36477,51.69211],[16.36809,51.69152],[16.36829,51.69184],[16.36864,51.69309],[16.37021,51.69587],[16.37086,51.69671],[16.37187,51.69773],[16.37373,51.6993],[16.37532,51.69984],[16.37922,51.70347],[16.381,51.70458],[16.38437,51.70772],[16.3864,51.70872],[16.38761,51.7095],[16.38867,51.71002],[16.40627,51.71538],[16.40705,51.71555],[16.40856,51.7156],[16.40947,51.71556],[16.4126,51.71481],[16.41393,51.71473],[16.4151,51.71455],[16.41597,51.71429],[16.417,51.71388],[16.41805,51.71366],[16.4198,51.71347],[16.42096,51.71343]]}},{"type":"Feature","properties":{"numer":"1089D","klasa":"","kat":"powiatowa"},"geometry":{"type":"LineString","coordinates":[[16.42096,51.71343],[16.42423,51.71313],[16.42658,51.71257],[16.42995,51.71222],[16.4318,51.71193],[16.43984,51.71013],[16.4482,51.7085],[16.45478,51.70615],[16.45908,51.70322],[16.46062,51.70315],[16.46358,51.70269],[16.46405,51.70267],[16.4649,51.70284],[16.48237,51.7075],[16.48304,51.70779]]}},{"type":"Feature","properties":{"numer":"305","klasa":"droga zbiorcza","kat":"wojewodzka"},"geometry":{"type":"LineString","coordinates":[[16.42096,51.71343],[16.42149,51.71518],[16.42536,51.72348],[16.42628,51.72478],[16.42666,51.72607],[16.42768,51.72744]]}},{"type":"Feature","properties":{"numer":"1069D","klasa":"","kat":"powiatowa"},"geometry":{"type":"LineString","coordinates":[[16.45691,51.7264],[16.45913,51.72579],[16.46136,51.72466],[16.46233,51.72426],[16.46729,51.72323],[16.46771,51.72293],[16.46773,51.72246]]}},{"type":"Feature","properties":{"numer":"1069D","klasa":"","kat":"powiatowa"},"geometry":{"type":"LineString","coordinates":[[16.43214,51.72598],[16.43265,51.72589],[16.43325,51.7259],[16.43567,51.72636],[16.43855,51.72619],[16.44106,51.72643],[16.44622,51.72632],[16.45134,51.72706],[16.45391,51.7266],[16.45577,51.72665],[16.45691,51.7264]]}},{"type":"Feature","properties":{"numer":"1069D","klasa":"","kat":"powiatowa"},"geometry":{"type":"LineString","coordinates":[[16.42777,51.72756],[16.42938,51.72702],[16.43062,51.72637],[16.43214,51.72598]]}},{"type":"Feature","properties":{"numer":"1069D","klasa":"","kat":"powiatowa"},"geometry":{"type":"LineString","coordinates":[[16.48227,51.71629],[16.48104,51.71633],[16.47956,51.71651],[16.47801,51.7169],[16.47691,51.71758],[16.47473,51.71979],[16.46799,51.72208],[16.4678,51.72221],[16.46773,51.72246]]}},{"type":"Feature","properties":{"numer":"323","klasa":"droga gĹ‚Ăłwna","kat":"wojewodzka"},"geometry":{"type":"LineString","coordinates":[[16.53152,51.73159],[16.53147,51.72967],[16.531,51.72576],[16.53112,51.7219],[16.53102,51.72149],[16.5306,51.72099],[16.52507,51.71575],[16.52093,51.71135],[16.52066,51.71084],[16.52065,51.7103],[16.52102,51.70972],[16.52173,51.70903]]}},{"type":"Feature","properties":{"numer":"1070D","klasa":"","kat":"powiatowa"},"geometry":{"type":"LineString","coordinates":[[16.49106,51.73005],[16.49544,51.72461],[16.50012,51.72154],[16.50289,51.72006],[16.50826,51.71689],[16.51112,51.7147],[16.51158,51.71378],[16.51318,51.71246]]}},{"type":"Feature","properties":{"numer":"1071D","klasa":"","kat":"powiatowa"},"geometry":{"type":"LineString","coordinates":[[16.48227,51.71629],[16.48322,51.71769],[16.48399,51.71952],[16.48483,51.72109],[16.4849,51.72227],[16.48557,51.72262],[16.49106,51.73005]]}},{"type":"Feature","properties":{"numer":"1070D","klasa":"","kat":"powiatowa"},"geometry":{"type":"LineString","coordinates":[[16.47578,51.74405],[16.47864,51.74319],[16.47914,51.74297],[16.4814,51.74089],[16.48179,51.74011],[16.48282,51.73601],[16.48316,51.73567],[16.48481,51.73453],[16.48637,51.7339],[16.48804,51.7331],[16.48917,51.73279],[16.49115,51.7325],[16.49134,51.73241],[16.49124,51.73163],[16.49074,51.73065],[16.49106,51.73005]]}},{"type":"Feature","properties":{"numer":"1068D","klasa":"droga zbiorcza","kat":"powiatowa"},"geometry":{"type":"LineString","coordinates":[[16.52328,51.744],[16.52303,51.74393],[16.5179,51.74342],[16.51503,51.74365],[16.51216,51.74372],[16.50666,51.7448],[16.50446,51.74547],[16.50215,51.74598],[16.49966,51.74627],[16.49546,51.74636],[16.49392,51.74625],[16.48774,51.74555],[16.48146,51.74674],[16.47631,51.74747],[16.47605,51.74736],[16.47578,51.74405]]}},{"type":"Feature","properties":{"numer":"323","klasa":"droga gĹ‚Ăłwna","kat":"wojewodzka"},"geometry":{"type":"LineString","coordinates":[[16.526,51.76569],[16.52559,51.76316],[16.52509,51.75745],[16.524,51.75115],[16.52328,51.744]]}},{"type":"Feature","properties":{"numer":"100750D","klasa":"droga lokalna","kat":"powiatowa"},"geometry":{"type":"LineString","coordinates":[[16.52265,51.76643],[16.526,51.76569]]}},{"type":"Feature","properties":{"numer":"100750D","klasa":"droga lokalna","kat":"powiatowa"},"geometry":{"type":"LineString","coordinates":[[16.52173,51.76663],[16.52265,51.76643]]}},{"type":"Feature","properties":{"numer":"100750D","klasa":"droga lokalna","kat":"powiatowa"},"geometry":{"type":"LineString","coordinates":[[16.52045,51.76691],[16.52173,51.76663]]}},{"type":"Feature","properties":{"numer":"100725D","klasa":"droga lokalna","kat":"powiatowa"},"geometry":{"type":"LineString","coordinates":[[16.57721,51.68492],[16.57582,51.6851],[16.57261,51.68594]]}},{"type":"Feature","properties":{"numer":"100725D","klasa":"droga lokalna","kat":"powiatowa"},"geometry":{"type":"LineString","coordinates":[[16.57261,51.68594],[16.57195,51.68586]]}},{"type":"Feature","properties":{"numer":"323","klasa":"droga gĹ‚Ăłwna","kat":"wojewodzka"},"geometry":{"type":"LineString","coordinates":[[16.53152,51.73163],[16.53152,51.73159]]}},{"type":"Feature","properties":{"numer":"323","klasa":"droga gĹ‚Ăłwna","kat":"wojewodzka"},"geometry":{"type":"LineString","coordinates":[[16.52328,51.744],[16.52299,51.74015],[16.52314,51.73931],[16.52352,51.73854],[16.52423,51.73772],[16.52515,51.73703],[16.52635,51.73643],[16.52925,51.73529],[16.52992,51.73491],[16.53051,51.73446],[16.53107,51.73382],[16.53139,51.73319],[16.53152,51.73256],[16.53152,51.73163]]}},{"type":"Feature","properties":{"numer":"323","klasa":"droga gĹ‚Ăłwna","kat":"wojewodzka"},"geometry":{"type":"LineString","coordinates":[[16.52839,51.77],[16.527,51.7679],[16.526,51.76569]]}},{"type":"Feature","properties":{"numer":"323","klasa":"droga gĹ‚Ăłwna","kat":"wojewodzka"},"geometry":{"type":"LineString","coordinates":[[16.52844,51.77008],[16.52839,51.77]]}},{"type":"Feature","properties":{"numer":"323","klasa":"droga gĹ‚Ăłwna","kat":"wojewodzka"},"geometry":{"type":"LineString","coordinates":[[16.541846375517533,51.78110759864319],[16.53975,51.78004],[16.53857,51.77893],[16.53648,51.77752],[16.53511,51.77626],[16.52944,51.77153],[16.52902,51.77103],[16.52844,51.77008]]}},{"type":"Feature","properties":{"numer":"305","klasa":"droga zbiorcza","kat":"wojewodzka"},"geometry":{"type":"LineString","coordinates":[[16.42768,51.72744],[16.42774,51.72752]]}},{"type":"Feature","properties":{"numer":"305","klasa":"droga zbiorcza","kat":"wojewodzka"},"geometry":{"type":"LineString","coordinates":[[16.42774,51.72752],[16.42777,51.72756]]}},{"type":"Feature","properties":{"numer":"305","klasa":"droga zbiorcza","kat":"wojewodzka"},"geometry":{"type":"LineString","coordinates":[[16.42777,51.72756],[16.42791,51.728],[16.42739,51.72889],[16.42757,51.72988]]}},{"type":"Feature","properties":{"numer":"1068D","klasa":"droga zbiorcza","kat":"powiatowa"},"geometry":{"type":"LineString","coordinates":[[16.45586,51.7449],[16.45503,51.74466],[16.45443,51.74431],[16.45177,51.74161],[16.45058,51.74093],[16.4334,51.73637],[16.43223,51.73591],[16.43036,51.73447],[16.42885,51.73222],[16.42782,51.73019],[16.42757,51.72988]]}},{"type":"Feature","properties":{"numer":"305","klasa":"droga zbiorcza","kat":"wojewodzka"},"geometry":{"type":"LineString","coordinates":[[16.42757,51.72988],[16.42745,51.73022],[16.42655,51.73123],[16.42572,51.73295],[16.42518,51.7336],[16.42422,51.73434],[16.42113,51.73549],[16.41907,51.73647],[16.41628,51.73915],[16.41606,51.73964],[16.41566,51.74272],[16.41545,51.74326],[16.41445,51.74485],[16.41397,51.74546],[16.413,51.74641],[16.40898,51.74951],[16.40839,51.7502],[16.40825,51.75092],[16.40873,51.75407],[16.40866,51.7546],[16.40823,51.75534],[16.40546,51.75849]]}},{"type":"Feature","properties":{"numer":"1068D","klasa":"droga zbiorcza","kat":"powiatowa"},"geometry":{"type":"LineString","coordinates":[[16.47578,51.74405],[16.47086,51.74549],[16.47054,51.74543],[16.4692,51.74473],[16.4674,51.74449],[16.46171,51.74499],[16.45626,51.74496],[16.45586,51.7449]]}},{"type":"Feature","properties":{"numer":"1088D","klasa":"","kat":"powiatowa"},"geometry":{"type":"LineString","coordinates":[[16.45586,51.7449],[16.45313,51.74717],[16.4529,51.74747],[16.45284,51.74795],[16.45324,51.75112],[16.45311,51.75136],[16.45287,51.75153],[16.45101,51.75179],[16.44412,51.75319],[16.44217,51.75349],[16.44074,51.75358],[16.43926,51.75357],[16.43633,51.75321]]}},{"type":"Feature","properties":{"numer":"1088D","klasa":"","kat":"powiatowa"},"geometry":{"type":"LineString","coordinates":[[16.43633,51.75321],[16.43627,51.75323]]}},{"type":"Feature","properties":{"numer":"1088D","klasa":"","kat":"powiatowa"},"geometry":{"type":"LineString","coordinates":[[16.43627,51.75323],[16.43593,51.75354],[16.4356,51.75459],[16.43513,51.75494],[16.43453,51.75519],[16.42879,51.75485]]}},{"type":"Feature","properties":{"numer":"1088D","klasa":"","kat":"powiatowa"},"geometry":{"type":"LineString","coordinates":[[16.42871,51.75485],[16.42879,51.75485]]}},{"type":"Feature","properties":{"numer":"100750D","klasa":"droga lokalna","kat":"powiatowa"},"geometry":{"type":"LineString","coordinates":[[16.51786,51.76747],[16.52045,51.76691]]}},{"type":"Feature","properties":{"numer":"100750D","klasa":"droga lokalna","kat":"powiatowa"},"geometry":{"type":"LineString","coordinates":[[16.5165,51.76778],[16.51786,51.76747]]}},{"type":"Feature","properties":{"numer":"100750D","klasa":"droga lokalna","kat":"powiatowa"},"geometry":{"type":"LineString","coordinates":[[16.51569,51.76796],[16.5165,51.76778]]}},{"type":"Feature","properties":{"numer":"100750D","klasa":"droga lokalna","kat":"powiatowa"},"geometry":{"type":"LineString","coordinates":[[16.51283,51.76859],[16.51569,51.76796]]}},{"type":"Feature","properties":{"numer":"100750D","klasa":"droga lokalna","kat":"powiatowa"},"geometry":{"type":"LineString","coordinates":[[16.51093,51.769],[16.51283,51.76859]]}},{"type":"Feature","properties":{"numer":"100750D","klasa":"droga lokalna","kat":"powiatowa"},"geometry":{"type":"LineString","coordinates":[[16.50133,51.76901],[16.50594,51.76891]]}},{"type":"Feature","properties":{"numer":"100750D","klasa":"droga lokalna","kat":"powiatowa"},"geometry":{"type":"LineString","coordinates":[[16.51067,51.76906],[16.51093,51.769]]}},{"type":"Feature","properties":{"numer":"100750D","klasa":"droga lokalna","kat":"powiatowa"},"geometry":{"type":"LineString","coordinates":[[16.49598,51.76914],[16.50133,51.76901]]}},{"type":"Feature","properties":{"numer":"100750D","klasa":"droga lokalna","kat":"powiatowa"},"geometry":{"type":"LineString","coordinates":[[16.50594,51.76891],[16.50692,51.76984]]}},{"type":"Feature","properties":{"numer":"100750D","klasa":"droga lokalna","kat":"powiatowa"},"geometry":{"type":"LineString","coordinates":[[16.50759,51.76974],[16.51067,51.76906]]}},{"type":"Feature","properties":{"numer":"1088D","klasa":"","kat":"powiatowa"},"geometry":{"type":"LineString","coordinates":[[16.40546,51.75849],[16.41153,51.75819],[16.41452,51.75784],[16.41859,51.75699],[16.42092,51.75632],[16.42177,51.75622],[16.42871,51.75485]]}},{"type":"Feature","properties":{"numer":"305","klasa":"droga zbiorcza","kat":"wojewodzka"},"geometry":{"type":"LineString","coordinates":[[16.40546,51.75849],[16.40337,51.76079]]}},{"type":"Feature","properties":{"numer":"305","klasa":"droga zbiorcza","kat":"wojewodzka"},"geometry":{"type":"LineString","coordinates":[[16.40337,51.76079],[16.40328,51.76089]]}},{"type":"Feature","properties":{"numer":"305","klasa":"droga zbiorcza","kat":"wojewodzka"},"geometry":{"type":"LineString","coordinates":[[16.39658,51.76844],[16.40328,51.76089]]}},{"type":"Feature","properties":{"numer":"305","klasa":"droga zbiorcza","kat":"wojewodzka"},"geometry":{"type":"LineString","coordinates":[[16.396442315485796,51.7685952536319],[16.39658,51.76844]]}},{"type":"Feature","properties":{"numer":"1067D","klasa":"","kat":"powiatowa"},"geometry":{"type":"LineString","coordinates":[[16.4517,51.78064],[16.45321,51.78056],[16.45445,51.78031],[16.46504,51.77752],[16.4686,51.77633],[16.48093,51.77363],[16.48608,51.77235]]}},{"type":"Feature","properties":{"numer":"1067D","klasa":"","kat":"powiatowa"},"geometry":{"type":"LineString","coordinates":[[16.43873,51.78074],[16.44308,51.78019],[16.44788,51.78012],[16.44868,51.78016],[16.45065,51.78055],[16.4517,51.78064]]}},{"type":"Feature","properties":{"numer":"100750D","klasa":"droga lokalna","kat":"powiatowa"},"geometry":{"type":"LineString","coordinates":[[16.50692,51.76984],[16.50759,51.76974]]}},{"type":"Feature","properties":{"numer":"100750D","klasa":"droga lokalna","kat":"powiatowa"},"geometry":{"type":"LineString","coordinates":[[16.49533,51.77097],[16.49582,51.76928],[16.49598,51.76914]]}},{"type":"Feature","properties":{"numer":"100750D","klasa":"droga lokalna","kat":"powiatowa"},"geometry":{"type":"LineString","coordinates":[[16.49499,51.77224],[16.49533,51.77097]]}},{"type":"Feature","properties":{"numer":"100750D","klasa":"droga lokalna","kat":"powiatowa"},"geometry":{"type":"LineString","coordinates":[[16.49495,51.77236],[16.49499,51.77224]]}},{"type":"Feature","properties":{"numer":"100750D","klasa":"droga lokalna","kat":"powiatowa"},"geometry":{"type":"LineString","coordinates":[[16.48608,51.77235],[16.48769,51.77296],[16.48764,51.77363],[16.48772,51.77378]]}},{"type":"Feature","properties":{"numer":"100750D","klasa":"droga lokalna","kat":"powiatowa"},"geometry":{"type":"LineString","coordinates":[[16.48772,51.77378],[16.48994,51.77413],[16.49346,51.77273],[16.49495,51.77236]]}},{"type":"Feature","properties":{"numer":"1067D","klasa":"","kat":"powiatowa"},"geometry":{"type":"LineString","coordinates":[[16.43458,51.78257],[16.43545,51.78176],[16.43593,51.78143],[16.43873,51.78074]]}},{"type":"Feature","properties":{"numer":"1067D","klasa":"","kat":"powiatowa"},"geometry":{"type":"LineString","coordinates":[[16.434,51.78308],[16.43458,51.78257]]}},{"type":"Feature","properties":{"numer":"1067D","klasa":"","kat":"powiatowa"},"geometry":{"type":"LineString","coordinates":[[16.43384,51.78321],[16.434,51.78308]]}},{"type":"Feature","properties":{"numer":"1067D","klasa":"","kat":"powiatowa"},"geometry":{"type":"LineString","coordinates":[[16.43332,51.78355],[16.43384,51.78321]]}},{"type":"Feature","properties":{"numer":"1067D","klasa":"","kat":"powiatowa"},"geometry":{"type":"LineString","coordinates":[[16.41656425813066,51.78364934271231],[16.4196,51.78403],[16.42145,51.78436],[16.42458,51.78422],[16.43002,51.78427],[16.43135,51.78434],[16.43214,51.78425],[16.43332,51.78355]]}}]}