{"type":"FeatureCollection","features":[{"type":"Feature","properties":{"numer":"2786D","klasa":"droga zbiorcza","kat":"powiatowa"},"geometry":{"type":"LineString","coordinates":[[16.125610278451536,51.10836106785418],[16.12227,51.1101],[16.12137,51.11048],[16.11655,51.1116],[16.11531,51.11184],[16.11467,51.11187],[16.11356,51.11167],[16.11304,51.11145],[16.11258,51.11113],[16.11164997514705,51.109924412227656]]}},{"type":"Feature","properties":{"numer":"2206D","klasa":"droga zbiorcza","kat":"powiatowa"},"geometry":{"type":"LineString","coordinates":[[16.08398,51.11664],[16.08418,51.1165],[16.08511,51.11621],[16.08563,51.11595],[16.08693,51.11489],[16.08745,51.11298],[16.08796,51.11238],[16.08812,51.11227],[16.08898,51.11228],[16.08953,51.11211],[16.09054,51.11136],[16.09139,51.10954],[16.0926,51.10825],[16.09337,51.1072],[16.09403,51.10394],[16.09467,51.10208],[16.09611758692196,51.1007811377618]]}},{"type":"Feature","properties":{"numer":"2176D","klasa":"droga zbiorcza","kat":"powiatowa"},"geometry":{"type":"LineString","coordinates":[[16.23585,51.1102],[16.23271,51.10873],[16.22911,51.10507],[16.22862,51.10471],[16.228289187119337,51.10461254716095]]}},{"type":"Feature","properties":{"numer":"2188D","klasa":"droga zbiorcza","kat":"powiatowa"},"geometry":{"type":"LineString","coordinates":[[16.23585,51.1102],[16.23608,51.10878],[16.23621,51.10861],[16.23654,51.10845],[16.23767,51.10815],[16.24083,51.10752],[16.2438546666388,51.107084313946764]]}},{"type":"Feature","properties":{"numer":"2189D","klasa":"droga zbiorcza","kat":"powiatowa"},"geometry":{"type":"LineString","coordinates":[[16.194970159880747,51.1214684736796],[16.19815,51.12237],[16.19877,51.12241],[16.20344,51.12182]]}},{"type":"Feature","properties":{"numer":"2176D","klasa":"droga zbiorcza","kat":"powiatowa"},"geometry":{"type":"LineString","coordinates":[[16.23652,51.11036],[16.23585,51.1102]]}},{"type":"Feature","properties":{"numer":"2187D","klasa":"droga zbiorcza","kat":"powiatowa"},"geometry":{"type":"LineString","coordinates":[[16.24883,51.11692],[16.25912,51.11514],[16.26243,51.11507],[16.26311,51.115],[16.26354,51.11479],[16.271311422875723,51.108910427084474]]}},{"type":"Feature","properties":{"numer":"2176D","klasa":"droga zbiorcza","kat":"powiatowa"},"geometry":{"type":"LineString","coordinates":[[16.24467,51.11459],[16.24365,51.11387],[16.24188,51.1129],[16.23874,51.11088],[16.23769,51.11045],[16.23652,51.11036]]}},{"type":"Feature","properties":{"numer":"2186D","klasa":"droga zbiorcza","kat":"powiatowa"},"geometry":{"type":"LineString","coordinates":[[16.27877261379574,51.10922350631136],[16.27918,51.10977],[16.27938,51.11025],[16.27949,51.11428],[16.27918,51.11496],[16.2782,51.11598],[16.27773,51.11663],[16.2774,51.11741],[16.2773,51.11837],[16.27765,51.12099],[16.27794,51.12137],[16.27933,51.12223]]}},{"type":"Feature","properties":{"numer":"2176D","klasa":"droga zbiorcza","kat":"powiatowa"},"geometry":{"type":"LineString","coordinates":[[16.24883,51.11692],[16.24817,51.11638],[16.24642,51.11576],[16.24578,51.11545],[16.24467,51.11459]]}},{"type":"Feature","properties":{"numer":"2185D","klasa":"","kat":"powiatowa"},"geometry":{"type":"LineString","coordinates":[[16.27933,51.12223],[16.2806,51.1215],[16.28224,51.11988],[16.28464,51.11865],[16.28528,51.11821],[16.28681,51.11643],[16.28751,51.11582],[16.28794,51.11558],[16.28869,51.11522],[16.29075,51.11467],[16.29313,51.11383],[16.29497,51.11344]]}},{"type":"Feature","properties":{"numer":"2176D","klasa":"droga zbiorcza","kat":"powiatowa"},"geometry":{"type":"LineString","coordinates":[[16.24883,51.11692],[16.24974,51.11815],[16.25009,51.11901]]}},{"type":"Feature","properties":{"numer":"2187D","klasa":"droga zbiorcza","kat":"powiatowa"},"geometry":{"type":"LineString","coordinates":[[16.23093,51.12223],[16.23811,51.12083],[16.24252,51.11958],[16.24346,51.11925],[16.24623,51.11798],[16.24795,51.11742],[16.24883,51.11692]]}},{"type":"Feature","properties":{"numer":"2176D","klasa":"droga zbiorcza","kat":"powiatowa"},"geometry":{"type":"LineString","coordinates":[[16.25009,51.11901],[16.25124,51.12125],[16.25151,51.12146],[16.25242,51.12169]]}},{"type":"Feature","properties":{"numer":"2190D","klasa":"droga zbiorcza","kat":"powiatowa"},"geometry":{"type":"LineString","coordinates":[[16.0658,51.12108],[16.065835970082336,51.12088987242194]]}},{"type":"Feature","properties":{"numer":"2185D","klasa":"droga zbiorcza","kat":"powiatowa"},"geometry":{"type":"LineString","coordinates":[[16.29497,51.11344],[16.295123805174036,51.11337430747408]]}},{"type":"Feature","properties":{"numer":"E65,S3","klasa":"droga ekspresowa","kat":"krajowa"},"geometry":{"type":"LineString","coordinates":[[16.09685,51.12595],[16.09851,51.12537],[16.10061,51.12476],[16.1282,51.1174],[16.13123,51.11648],[16.13322305063337,51.11573952632718]]}},{"type":"Feature","properties":{"numer":"2206D","klasa":"droga zbiorcza","kat":"powiatowa"},"geometry":{"type":"LineString","coordinates":[[16.08398,51.11664],[16.08399,51.11684]]}},{"type":"Feature","properties":{"numer":"2190D","klasa":"droga zbiorcza","kat":"powiatowa"},"geometry":{"type":"LineString","coordinates":[[16.06579,51.12115],[16.0658,51.12108]]}},{"type":"Feature","properties":{"numer":"2206D","klasa":"droga zbiorcza","kat":"powiatowa"},"geometry":{"type":"LineString","coordinates":[[16.0965,51.12584],[16.09094,51.12414],[16.09061,51.12398],[16.0898,51.12327],[16.08925,51.12295],[16.08858,51.12232],[16.08779,51.1218],[16.0872,51.12152],[16.08521,51.12081],[16.08427,51.11967],[16.08399,51.11835],[16.08399,51.11684]]}},{"type":"Feature","properties":{"numer":"2190D","klasa":"droga zbiorcza","kat":"powiatowa"},"geometry":{"type":"LineString","coordinates":[[16.06536,51.12414],[16.06579,51.12115]]}},{"type":"Feature","properties":{"numer":"2190D","klasa":"droga zbiorcza","kat":"powiatowa"},"geometry":{"type":"LineString","coordinates":[[16.06202,51.12626],[16.06362,51.12572],[16.06536,51.12495],[16.06547,51.12469],[16.06536,51.12414]]}},{"type":"Feature","properties":{"numer":"2206D","klasa":"droga zbiorcza","kat":"powiatowa"},"geometry":{"type":"LineString","coordinates":[[16.09685,51.12595],[16.0965,51.12584]]}},{"type":"Feature","properties":{"numer":"2206D","klasa":"droga zbiorcza","kat":"powiatowa"},"geometry":{"type":"LineString","coordinates":[[16.09725,51.12606],[16.09685,51.12595]]}},{"type":"Feature","properties":{"numer":"2206D","klasa":"droga zbiorcza","kat":"powiatowa"},"geometry":{"type":"LineString","coordinates":[[16.11187,51.14321],[16.11053,51.14213],[16.10729,51.13797],[16.10609,51.1367],[16.10551,51.13587],[16.10494,51.13473],[16.10465,51.13283],[16.10376,51.12926],[16.10355,51.12863],[16.10323,51.12816],[16.10291,51.1279],[16.10195,51.12748],[16.09725,51.12606]]}},{"type":"Feature","properties":{"numer":"2206D","klasa":"droga zbiorcza","kat":"powiatowa"},"geometry":{"type":"LineString","coordinates":[[16.11259,51.14481],[16.11187,51.14321]]}},{"type":"Feature","properties":{"numer":"2187D","klasa":"droga zbiorcza","kat":"powiatowa"},"geometry":{"type":"LineString","coordinates":[[16.22812,51.12296],[16.22926,51.12273],[16.23004,51.12241],[16.23093,51.12223]]}},{"type":"Feature","properties":{"numer":"2187D","klasa":"droga zbiorcza","kat":"powiatowa"},"geometry":{"type":"LineString","coordinates":[[16.21553,51.12747],[16.21647,51.12694],[16.21769,51.12647],[16.22412,51.12508],[16.22487,51.1247],[16.22595,51.12387],[16.22812,51.12296]]}},{"type":"Feature","properties":{"numer":"2176D","klasa":"droga zbiorcza","kat":"powiatowa"},"geometry":{"type":"LineString","coordinates":[[16.25242,51.12169],[16.25252,51.12185],[16.25247,51.12256],[16.25266,51.12312],[16.25247,51.12461],[16.25134,51.12601],[16.25049,51.12768],[16.25027,51.12823],[16.25035,51.12915]]}},{"type":"Feature","properties":{"numer":"2187D","klasa":"droga zbiorcza","kat":"powiatowa"},"geometry":{"type":"LineString","coordinates":[[16.21553,51.12747],[16.21425,51.12887],[16.21363,51.13136],[16.21298,51.13305],[16.21311,51.13325],[16.21453,51.13436]]}},{"type":"Feature","properties":{"numer":"2186D","klasa":"droga zbiorcza","kat":"powiatowa"},"geometry":{"type":"LineString","coordinates":[[16.27933,51.12223],[16.27982,51.12344],[16.28064,51.12404],[16.28231,51.12642],[16.28273,51.12745],[16.28282,51.12824],[16.28357,51.12916],[16.28429,51.1308],[16.28473,51.13146],[16.28474,51.13178],[16.2838,51.13364],[16.28143,51.13644],[16.27889,51.14042],[16.27855,51.14074],[16.278,51.14106],[16.27594,51.14192],[16.27547,51.14229],[16.27517,51.14273]]}},{"type":"Feature","properties":{"numer":"2187D","klasa":"droga zbiorcza","kat":"powiatowa"},"geometry":{"type":"LineString","coordinates":[[16.21453,51.13436],[16.21488,51.13462],[16.21489,51.1365]]}},{"type":"Feature","properties":{"numer":"2187D","klasa":"droga zbiorcza","kat":"powiatowa"},"geometry":{"type":"LineString","coordinates":[[16.21489,51.1365],[16.21445,51.13664]]}},{"type":"Feature","properties":{"numer":"2176D","klasa":"droga zbiorcza","kat":"powiatowa"},"geometry":{"type":"LineString","coordinates":[[16.2422,51.14407],[16.24361,51.14251],[16.24469,51.14159],[16.24681,51.14002],[16.24887,51.1372],[16.24969,51.1365],[16.24995,51.13614],[16.25032,51.13513],[16.25034,51.13452],[16.24997,51.13371],[16.24917,51.13079],[16.24981,51.13004],[16.25035,51.12915]]}},{"type":"Feature","properties":{"numer":"2202D","klasa":"droga zbiorcza","kat":"powiatowa"},"geometry":{"type":"LineString","coordinates":[[16.21489,51.1365],[16.21538,51.13711],[16.21584,51.1374],[16.21769,51.13779]]}},{"type":"Feature","properties":{"numer":"2202D","klasa":"droga zbiorcza","kat":"powiatowa"},"geometry":{"type":"LineString","coordinates":[[16.21769,51.13779],[16.21783,51.13781]]}},{"type":"Feature","properties":{"numer":"A4,E40","klasa":"autostrada","kat":"krajowa"},"geometry":{"type":"LineString","coordinates":[[16.27504,51.14309],[16.30285,51.13205],[16.30551,51.13114],[16.30773,51.13054],[16.31125,51.12987],[16.312147574641422,51.129774032899974]]}},{"type":"Feature","properties":{"numer":"2184D","klasa":"droga zbiorcza","kat":"powiatowa"},"geometry":{"type":"LineString","coordinates":[[16.3443547834904,51.14796464690445],[16.3441,51.15252]]}},{"type":"Feature","properties":{"numer":"2189D","klasa":"droga zbiorcza","kat":"powiatowa"},"geometry":{"type":"LineString","coordinates":[[16.20344,51.12182],[16.20481,51.12167],[16.20511,51.12172]]}},{"type":"Feature","properties":{"numer":"2189D","klasa":"droga zbiorcza","kat":"powiatowa"},"geometry":{"type":"LineString","coordinates":[[16.20511,51.12172],[16.20533,51.12338],[16.20545,51.12372],[16.20568,51.1239],[16.20731,51.12451],[16.20989,51.12516],[16.21365,51.12659],[16.21553,51.12747]]}},{"type":"Feature","properties":{"numer":"320","klasa":"droga gĹ‚Ăłwna ruchu przyĹ›pieszonego","kat":"wojewodzka"},"geometry":{"type":"LineString","coordinates":[[16.17644,51.1417],[16.17686,51.14065],[16.17675,51.14005],[16.17602,51.13876],[16.17485,51.13735],[16.17471,51.13694],[16.17505,51.13232],[16.17597,51.1287],[16.17617,51.12723],[16.17613843274429,51.126988685867445]]}},{"type":"Feature","properties":{"numer":"2187D","klasa":"droga zbiorcza","kat":"powiatowa"},"geometry":{"type":"LineString","coordinates":[[16.20579,51.14011],[16.20584,51.13958],[16.20663,51.13848],[16.20726,51.13807],[16.20856,51.13745],[16.20915,51.13689],[16.20961,51.1367],[16.2109,51.13663],[16.21389,51.13669],[16.21445,51.13664]]}},{"type":"Feature","properties":{"numer":"2175D","klasa":"droga zbiorcza","kat":"powiatowa"},"geometry":{"type":"LineString","coordinates":[[16.14061,51.15508],[16.14045,51.15454],[16.14039,51.15365],[16.13924,51.15194],[16.13877,51.14975],[16.13798,51.14829],[16.13769,51.14632],[16.13743,51.14535],[16.13508,51.14045],[16.13476,51.13783],[16.13464,51.1347],[16.13469,51.1331],[16.13342,51.13176],[16.13361,51.13051],[16.13376,51.13015],[16.13403,51.12974],[16.13449,51.12937],[16.13473,51.12933],[16.13561,51.12946],[16.13616,51.12946],[16.137311108754922,51.12905610219126]]}},{"type":"Feature","properties":{"numer":"2187D","klasa":"droga zbiorcza","kat":"powiatowa"},"geometry":{"type":"LineString","coordinates":[[16.19582,51.14018],[16.19615,51.14013],[16.20009,51.1406],[16.204,51.14048],[16.20561,51.14068],[16.20576,51.1406],[16.20579,51.14011]]}},{"type":"Feature","properties":{"numer":"320","klasa":"droga gĹ‚Ăłwna ruchu przyĹ›pieszonego","kat":"wojewodzka"},"geometry":{"type":"LineString","coordinates":[[16.17643,51.1418],[16.17644,51.1417]]}},{"type":"Feature","properties":{"numer":"2187D","klasa":"droga zbiorcza","kat":"powiatowa"},"geometry":{"type":"LineString","coordinates":[[16.17729,51.14891],[16.17754,51.14886],[16.17928,51.14803],[16.18883,51.14488],[16.19416,51.1423],[16.19529,51.14119],[16.19582,51.14018]]}},{"type":"Feature","properties":{"numer":"320","klasa":"droga gĹ‚Ăłwna ruchu przyĹ›pieszonego","kat":"wojewodzka"},"geometry":{"type":"LineString","coordinates":[[16.17729,51.14891],[16.17693,51.1469],[16.17643,51.1418]]}},{"type":"Feature","properties":{"numer":"E65,S3","klasa":"droga ekspresowa","kat":"krajowa"},"geometry":{"type":"LineString","coordinates":[[16.10247,51.16234],[16.1027,51.16067],[16.10255,51.15876],[16.10207,51.15701],[16.10108,51.15507],[16.1003,51.15395],[16.09932,51.15279],[16.09075,51.14377],[16.08959,51.14244],[16.08889,51.14149],[16.08825,51.14038],[16.08776,51.13917],[16.08747,51.138],[16.08737,51.13606],[16.08754,51.13492],[16.08781,51.13398],[16.08854,51.13241],[16.08968,51.13076],[16.09063,51.12975],[16.09168,51.12884],[16.09279,51.12803],[16.09429,51.12713],[16.09685,51.12595]]}},{"type":"Feature","properties":{"numer":"2206D","klasa":"droga zbiorcza","kat":"powiatowa"},"geometry":{"type":"LineString","coordinates":[[16.14033,51.15524],[16.13779,51.15517],[16.13718,51.15509],[16.13281,51.15394],[16.13048,51.15323],[16.12701,51.15157],[16.12458,51.15074],[16.12262,51.14982],[16.11522,51.14742],[16.11293,51.1454],[16.11259,51.14481]]}},{"type":"Feature","properties":{"numer":"2206D","klasa":"droga zbiorcza","kat":"powiatowa"},"geometry":{"type":"LineString","coordinates":[[16.14033,51.15524],[16.14061,51.15508]]}},{"type":"Feature","properties":{"numer":"2175D","klasa":"droga zbiorcza","kat":"powiatowa"},"geometry":{"type":"LineString","coordinates":[[16.14073,51.15538],[16.14061,51.15508]]}},{"type":"Feature","properties":{"numer":"2206D","klasa":"droga zbiorcza","kat":"powiatowa"},"geometry":{"type":"LineString","coordinates":[[16.14073,51.15538],[16.14033,51.15524]]}},{"type":"Feature","properties":{"numer":"2203D","klasa":"droga zbiorcza","kat":"powiatowa"},"geometry":{"type":"LineString","coordinates":[[16.07676,51.15694],[16.07726,51.15683]]}},{"type":"Feature","properties":{"numer":"2175D","klasa":"droga zbiorcza","kat":"powiatowa"},"geometry":{"type":"LineString","coordinates":[[16.14288,51.15973],[16.1426,51.15818],[16.14137,51.15696],[16.14073,51.15538]]}},{"type":"Feature","properties":{"numer":"2203D","klasa":"droga zbiorcza","kat":"powiatowa"},"geometry":{"type":"LineString","coordinates":[[16.07726,51.15683],[16.07922,51.15649],[16.08353,51.15592],[16.08419,51.15595],[16.09119,51.15764],[16.09199,51.15796],[16.09953,51.16172],[16.10202,51.16226]]}},{"type":"Feature","properties":{"numer":"2203D","klasa":"droga zbiorcza","kat":"powiatowa"},"geometry":{"type":"LineString","coordinates":[[16.14553,51.15882],[16.14288,51.15973]]}},{"type":"Feature","properties":{"numer":"2175D","klasa":"droga zbiorcza","kat":"powiatowa"},"geometry":{"type":"LineString","coordinates":[[16.14293,51.15995],[16.14288,51.15973]]}},{"type":"Feature","properties":{"numer":"2202D","klasa":"droga zbiorcza","kat":"powiatowa"},"geometry":{"type":"LineString","coordinates":[[16.21783,51.13781],[16.22145,51.13885],[16.22408,51.1392],[16.22787,51.13957],[16.23524,51.14109],[16.23651,51.14153],[16.23759,51.14213],[16.23994,51.14309],[16.24112,51.14367],[16.2422,51.14407]]}},{"type":"Feature","properties":{"numer":"2186D","klasa":"droga zbiorcza","kat":"powiatowa"},"geometry":{"type":"LineString","coordinates":[[16.27517,51.14273],[16.27504,51.14309]]}},{"type":"Feature","properties":{"numer":"2186D","klasa":"droga zbiorcza","kat":"powiatowa"},"geometry":{"type":"LineString","coordinates":[[16.27504,51.14309],[16.27492,51.14341]]}},{"type":"Feature","properties":{"numer":"A4,E40","klasa":"autostrada","kat":"krajowa"},"geometry":{"type":"LineString","coordinates":[[16.25575,51.14902],[16.26116,51.14806],[16.26395,51.14736],[16.26726,51.1462],[16.27504,51.14309]]}},{"type":"Feature","properties":{"numer":"2202D","klasa":"droga zbiorcza","kat":"powiatowa"},"geometry":{"type":"LineString","coordinates":[[16.2422,51.14407],[16.24477,51.14479],[16.24618,51.14508],[16.24868,51.1463],[16.25012,51.14686],[16.25469,51.14841],[16.25551,51.14886]]}},{"type":"Feature","properties":{"numer":"2176D","klasa":"droga zbiorcza","kat":"powiatowa"},"geometry":{"type":"LineString","coordinates":[[16.23962,51.15159],[16.24047,51.15025],[16.24071,51.14778],[16.24091,51.14702],[16.24257,51.14459],[16.24219,51.14429],[16.2422,51.14407]]}},{"type":"Feature","properties":{"numer":"2186D","klasa":"droga zbiorcza","kat":"powiatowa"},"geometry":{"type":"LineString","coordinates":[[16.27492,51.14341],[16.27455,51.14441],[16.27318,51.14613],[16.27203,51.14786],[16.26738,51.15116],[16.26712,51.1515],[16.26677,51.15234]]}},{"type":"Feature","properties":{"numer":"2202D","klasa":"droga zbiorcza","kat":"powiatowa"},"geometry":{"type":"LineString","coordinates":[[16.25551,51.14886],[16.25575,51.14902]]}},{"type":"Feature","properties":{"numer":"2202D","klasa":"droga zbiorcza","kat":"powiatowa"},"geometry":{"type":"LineString","coordinates":[[16.25575,51.14902],[16.25607,51.14922]]}},{"type":"Feature","properties":{"numer":"A4,E40","klasa":"autostrada","kat":"krajowa"},"geometry":{"type":"LineString","coordinates":[[16.23953,51.15172],[16.25575,51.14902]]}},{"type":"Feature","properties":{"numer":"320","klasa":"droga gĹ‚Ăłwna ruchu przyĹ›pieszonego","kat":"wojewodzka"},"geometry":{"type":"LineString","coordinates":[[16.17312,51.15492],[16.17339,51.15464],[16.17423,51.15406],[16.17485,51.1533],[16.17604,51.15213],[16.17732,51.14994],[16.17729,51.14891]]}},{"type":"Feature","properties":{"numer":"2203D","klasa":"droga zbiorcza","kat":"powiatowa"},"geometry":{"type":"LineString","coordinates":[[16.17312,51.15492],[16.17228,51.1545],[16.17194,51.15445],[16.16772,51.15513],[16.16722,51.15535],[16.16592,51.1564],[16.16522,51.15666],[16.16404,51.15694]]}},{"type":"Feature","properties":{"numer":"A4,E40","klasa":"autostrada","kat":"krajowa"},"geometry":{"type":"LineString","coordinates":[[16.17301,51.16078],[16.18519,51.1604],[16.18751,51.16027],[16.18924,51.16009],[16.23953,51.15172]]}},{"type":"Feature","properties":{"numer":"2203D","klasa":"droga zbiorcza","kat":"powiatowa"},"geometry":{"type":"LineString","coordinates":[[16.16404,51.15694],[16.16314,51.15715]]}},{"type":"Feature","properties":{"numer":"320","klasa":"droga gĹ‚Ăłwna ruchu przyĹ›pieszonego","kat":"wojewodzka"},"geometry":{"type":"LineString","coordinates":[[16.17299,51.16055],[16.17298,51.15972],[16.17327,51.15832],[16.17295,51.15553],[16.17312,51.15492]]}},{"type":"Feature","properties":{"numer":"2203D","klasa":"droga zbiorcza","kat":"powiatowa"},"geometry":{"type":"LineString","coordinates":[[16.15749,51.15877],[16.1571,51.15882],[16.15668,51.15873],[16.15284,51.1571],[16.15166,51.15685],[16.15049,51.15691],[16.15,51.1576],[16.1496,51.15783],[16.14629,51.15857]]}},{"type":"Feature","properties":{"numer":"2203D","klasa":"droga zbiorcza","kat":"powiatowa"},"geometry":{"type":"LineString","coordinates":[[16.16314,51.15715],[16.16141,51.15753],[16.15999,51.1575],[16.15874,51.15766],[16.15774,51.15835],[16.15749,51.15877]]}},{"type":"Feature","properties":{"numer":"2203D","klasa":"droga zbiorcza","kat":"powiatowa"},"geometry":{"type":"LineString","coordinates":[[16.14629,51.15857],[16.146,51.15866]]}},{"type":"Feature","properties":{"numer":"2203D","klasa":"droga zbiorcza","kat":"powiatowa"},"geometry":{"type":"LineString","coordinates":[[16.146,51.15866],[16.14553,51.15882]]}},{"type":"Feature","properties":{"numer":"320","klasa":"droga gĹ‚Ăłwna ruchu przyĹ›pieszonego","kat":"wojewodzka"},"geometry":{"type":"LineString","coordinates":[[16.17299,51.16065],[16.17299,51.16055]]}},{"type":"Feature","properties":{"numer":"2177D","klasa":"droga zbiorcza","kat":"powiatowa"},"geometry":{"type":"LineString","coordinates":[[16.326549004653447,51.1442411151383],[16.32538,51.14449],[16.32322,51.14535],[16.32206,51.14595],[16.31663,51.15014],[16.31406,51.15172],[16.31162,51.15279],[16.31041,51.15327],[16.30963,51.15348],[16.30694,51.15406],[16.30554,51.15444],[16.30285,51.15495],[16.3019,51.15542],[16.30044,51.15555],[16.29794,51.15616],[16.29481,51.1568],[16.29408,51.15708]]}},{"type":"Feature","properties":{"numer":"2201D","klasa":"droga zbiorcza","kat":"powiatowa"},"geometry":{"type":"LineString","coordinates":[[16.3441,51.15252],[16.34751,51.15224],[16.3479,51.15235],[16.34927,51.15297],[16.34982,51.15311],[16.35223,51.15331],[16.35884,51.15407],[16.36464,51.15538],[16.36589,51.15633],[16.36618,51.15636],[16.36694,51.15626],[16.36711,51.15639],[16.36747,51.15734],[16.36758,51.15749],[16.36794,51.15765],[16.36843,51.15766],[16.36979,51.15742],[16.37154,51.157],[16.37228,51.15698],[16.37319,51.1572],[16.37524,51.15827],[16.37638,51.15854],[16.37729,51.15865]]}},{"type":"Feature","properties":{"numer":"2201D","klasa":"droga zbiorcza","kat":"powiatowa"},"geometry":{"type":"LineString","coordinates":[[16.37729,51.15865],[16.37743,51.15873]]}},{"type":"Feature","properties":{"numer":"2201D","klasa":"droga zbiorcza","kat":"powiatowa"},"geometry":{"type":"LineString","coordinates":[[16.37743,51.15873],[16.37804,51.15901],[16.37914,51.15935],[16.38148,51.1594]]}},{"type":"Feature","properties":{"numer":"2192D","klasa":"droga zbiorcza","kat":"powiatowa"},"geometry":{"type":"LineString","coordinates":[[16.38148,51.1594],[16.37927,51.16031]]}},{"type":"Feature","properties":{"numer":"2184D","klasa":"droga zbiorcza","kat":"powiatowa"},"geometry":{"type":"LineString","coordinates":[[16.3441,51.15252],[16.34399,51.15437],[16.34385,51.15501],[16.34361,51.15555],[16.3431,51.15625],[16.33668,51.16074],[16.33628,51.16114],[16.33231,51.16824],[16.33213,51.17071]]}},{"type":"Feature","properties":{"numer":"2192D","klasa":"droga zbiorcza","kat":"powiatowa"},"geometry":{"type":"LineString","coordinates":[[16.37927,51.16031],[16.37773,51.16132],[16.37726,51.16151],[16.37258,51.16278],[16.36411,51.16549],[16.36239,51.1658],[16.36032,51.1659]]}},{"type":"Feature","properties":{"numer":"2192D","klasa":"droga zbiorcza","kat":"powiatowa"},"geometry":{"type":"LineString","coordinates":[[16.36032,51.1659],[16.36009,51.16591]]}},{"type":"Feature","properties":{"numer":"2192D","klasa":"droga zbiorcza","kat":"powiatowa"},"geometry":{"type":"LineString","coordinates":[[16.36009,51.16591],[16.35915,51.16595]]}},{"type":"Feature","properties":{"numer":"2192D","klasa":"droga zbiorcza","kat":"powiatowa"},"geometry":{"type":"LineString","coordinates":[[16.35915,51.16595],[16.35718,51.16609],[16.3485,51.16767],[16.3479,51.16767],[16.34693,51.16745],[16.34659,51.16744],[16.33965,51.16818],[16.33744,51.16909],[16.33649,51.17035]]}},{"type":"Feature","properties":{"numer":"2203D","klasa":"droga zbiorcza","kat":"powiatowa"},"geometry":{"type":"LineString","coordinates":[[16.12548,51.16035],[16.125,51.16058],[16.12345,51.16072],[16.12319,51.16081]]}},{"type":"Feature","properties":{"numer":"2203D","klasa":"droga zbiorcza","kat":"powiatowa"},"geometry":{"type":"LineString","coordinates":[[16.14288,51.15973],[16.14085,51.16022],[16.13824,51.1607],[16.13599,51.16129],[16.13359,51.16176],[16.13179,51.16167],[16.13008,51.1608],[16.12676,51.15995],[16.1264,51.15993],[16.12572,51.16006],[16.12548,51.16035]]}},{"type":"Feature","properties":{"numer":"2175D","klasa":"droga zbiorcza","kat":"powiatowa"},"geometry":{"type":"LineString","coordinates":[[16.14382,51.16156],[16.14318,51.16055],[16.14293,51.15995]]}},{"type":"Feature","properties":{"numer":"2175D","klasa":"droga zbiorcza","kat":"powiatowa"},"geometry":{"type":"LineString","coordinates":[[16.14387,51.16164],[16.14382,51.16156]]}},{"type":"Feature","properties":{"numer":"2175D","klasa":"droga zbiorcza","kat":"powiatowa"},"geometry":{"type":"LineString","coordinates":[[16.14395,51.16176],[16.14387,51.16164]]}},{"type":"Feature","properties":{"numer":"2175D","klasa":"droga zbiorcza","kat":"powiatowa"},"geometry":{"type":"LineString","coordinates":[[16.14399,51.16183],[16.14395,51.16176]]}},{"type":"Feature","properties":{"numer":"2203D","klasa":"droga zbiorcza","kat":"powiatowa"},"geometry":{"type":"LineString","coordinates":[[16.12117,51.16325],[16.12169,51.16267],[16.12315,51.16197],[16.12319,51.16081]]}},{"type":"Feature","properties":{"numer":"2203D","klasa":"droga zbiorcza","kat":"powiatowa"},"geometry":{"type":"LineString","coordinates":[[16.10202,51.16226],[16.10247,51.16234]]}},{"type":"Feature","properties":{"numer":"2203D","klasa":"droga zbiorcza","kat":"powiatowa"},"geometry":{"type":"LineString","coordinates":[[16.10247,51.16234],[16.10298,51.16244]]}},{"type":"Feature","properties":{"numer":"2203D","klasa":"droga zbiorcza","kat":"powiatowa"},"geometry":{"type":"LineString","coordinates":[[16.10298,51.16244],[16.10596,51.16286]]}},{"type":"Feature","properties":{"numer":"2190D","klasa":"droga zbiorcza","kat":"powiatowa"},"geometry":{"type":"LineString","coordinates":[[16.04888,51.1378],[16.04913,51.13761],[16.04935,51.13703],[16.04965,51.13595],[16.04977,51.13486],[16.05043,51.1336],[16.05144,51.1308],[16.05167,51.13044],[16.05212,51.13013],[16.0534,51.12965],[16.05409,51.12946],[16.05597,51.12912],[16.05655,51.12893],[16.06202,51.12626]]}},{"type":"Feature","properties":{"numer":"2190D","klasa":"droga zbiorcza","kat":"powiatowa"},"geometry":{"type":"LineString","coordinates":[[16.04854,51.13802],[16.04888,51.1378]]}},{"type":"Feature","properties":{"numer":"2618D","klasa":"","kat":"powiatowa"},"geometry":{"type":"LineString","coordinates":[[16.036131572866196,51.141473030190085],[16.03631,51.14148],[16.03824,51.14172],[16.04041,51.14223],[16.04371,51.14336],[16.04642,51.14407],[16.04668,51.14441],[16.04669,51.14481]]}},{"type":"Feature","properties":{"numer":"2190D","klasa":"droga zbiorcza","kat":"powiatowa"},"geometry":{"type":"LineString","coordinates":[[16.04669,51.14481],[16.04771,51.14298],[16.04799,51.14106],[16.04792,51.13939],[16.0482,51.13857],[16.04854,51.13802]]}},{"type":"Feature","properties":{"numer":"2190D","klasa":"droga zbiorcza","kat":"powiatowa"},"geometry":{"type":"LineString","coordinates":[[16.04584,51.15302],[16.04579,51.15042],[16.04532,51.14943],[16.04522,51.14839],[16.04542,51.14691],[16.04669,51.14481]]}},{"type":"Feature","properties":{"numer":"364","klasa":"droga gĹ‚Ăłwna","kat":"wojewodzka"},"geometry":{"type":"LineString","coordinates":[[16.017399143580086,51.159354973726145],[16.01823,51.15948],[16.0196,51.15982],[16.02923,51.16392]]}},{"type":"Feature","properties":{"numer":"2190D","klasa":"droga zbiorcza","kat":"powiatowa"},"geometry":{"type":"LineString","coordinates":[[16.04586,51.15307],[16.04584,51.15302]]}},{"type":"Feature","properties":{"numer":"2190D","klasa":"droga zbiorcza","kat":"powiatowa"},"geometry":{"type":"LineString","coordinates":[[16.0464,51.15446],[16.04586,51.15307]]}},{"type":"Feature","properties":{"numer":"2190D","klasa":"droga zbiorcza","kat":"powiatowa"},"geometry":{"type":"LineString","coordinates":[[16.0464,51.15446],[16.0464,51.15445]]}},{"type":"Feature","properties":{"numer":"2190D","klasa":"droga zbiorcza","kat":"powiatowa"},"geometry":{"type":"LineString","coordinates":[[16.02923,51.16392],[16.02985,51.16368],[16.03282,51.163],[16.0402,51.16153],[16.04278,51.16132],[16.04684,51.16073],[16.04642,51.15957],[16.04661,51.1566],[16.04636,51.15533],[16.0464,51.15446]]}},{"type":"Feature","properties":{"numer":"2617D","klasa":"","kat":"powiatowa"},"geometry":{"type":"LineString","coordinates":[[16.02923,51.16392],[16.02902375,51.16398875]]}},{"type":"Feature","properties":{"numer":"364","klasa":"droga gĹ‚Ăłwna","kat":"wojewodzka"},"geometry":{"type":"LineString","coordinates":[[16.02923,51.16392],[16.03192,51.16506],[16.03591,51.16604],[16.03735,51.16645],[16.03797,51.1667],[16.04147,51.16963],[16.04414,51.17128],[16.04476,51.17159],[16.04823,51.17289],[16.05118,51.17358],[16.05381,51.17402],[16.05855,51.17512]]}},{"type":"Feature","properties":{"numer":"2203D","klasa":"droga zbiorcza","kat":"powiatowa"},"geometry":{"type":"LineString","coordinates":[[16.12114,51.1633],[16.12117,51.16325]]}},{"type":"Feature","properties":{"numer":"2203D","klasa":"droga zbiorcza","kat":"powiatowa"},"geometry":{"type":"LineString","coordinates":[[16.10596,51.16286],[16.10878,51.16326],[16.10937,51.16328],[16.11115,51.16324],[16.11373,51.163],[16.11448,51.16317],[16.11657,51.16399],[16.1173,51.16412],[16.11876,51.16384],[16.1206,51.16363],[16.12088,51.16354],[16.12114,51.1633]]}},{"type":"Feature","properties":{"numer":"A4,E40","klasa":"autostrada","kat":"krajowa"},"geometry":{"type":"LineString","coordinates":[[16.10582,51.16654],[16.12627,51.16278],[16.12907,51.16232],[16.13266,51.16199],[16.14387,51.16164]]}},{"type":"Feature","properties":{"numer":"2181D","klasa":"droga zbiorcza","kat":"powiatowa"},"geometry":{"type":"LineString","coordinates":[[16.10596,51.16286],[16.10567,51.1631],[16.10502,51.16303],[16.10469,51.16311],[16.10455,51.16328],[16.10443,51.1639],[16.1048,51.16522],[16.10573,51.16636]]}},{"type":"Feature","properties":{"numer":"E65,S3","klasa":"droga ekspresowa","kat":"krajowa"},"geometry":{"type":"LineString","coordinates":[[16.0995,51.16771],[16.10068,51.16628],[16.1014,51.16516],[16.10204,51.1638],[16.10247,51.16234]]}},{"type":"Feature","properties":{"numer":"2203D","klasa":"droga zbiorcza","kat":"powiatowa"},"geometry":{"type":"LineString","coordinates":[[16.06143,51.17448],[16.06035,51.17233],[16.06044,51.16849],[16.06019,51.16693],[16.05825,51.16607],[16.05537,51.16507],[16.05522,51.16461],[16.056,51.16426],[16.05625,51.16392],[16.05664,51.16302],[16.05878,51.161],[16.05922,51.16035],[16.05954,51.16013],[16.06361,51.15929],[16.07044,51.15831],[16.07245,51.15763],[16.07421,51.15747],[16.07676,51.15694]]}},{"type":"Feature","properties":{"numer":"2181D","klasa":"droga zbiorcza","kat":"powiatowa"},"geometry":{"type":"LineString","coordinates":[[16.10573,51.16636],[16.10582,51.16654]]}},{"type":"Feature","properties":{"numer":"2181D","klasa":"droga zbiorcza","kat":"powiatowa"},"geometry":{"type":"LineString","coordinates":[[16.10582,51.16654],[16.105899064531474,51.16672448390677]]}},{"type":"Feature","properties":{"numer":"A4,E40","klasa":"autostrada","kat":"krajowa"},"geometry":{"type":"LineString","coordinates":[[16.0995,51.16771],[16.10582,51.16654]]}},{"type":"Feature","properties":{"numer":"A4,E40","klasa":"autostrada","kat":"krajowa"},"geometry":{"type":"LineString","coordinates":[[16.06152,51.1747],[16.0995,51.16771]]}},{"type":"Feature","properties":{"numer":"E65,S3","klasa":"droga ekspresowa","kat":"krajowa"},"geometry":{"type":"LineString","coordinates":[[16.087613953707233,51.18054018339056],[16.08879,51.17887],[16.0995,51.16771]]}},{"type":"Feature","properties":{"numer":"2203D","klasa":"droga zbiorcza","kat":"powiatowa"},"geometry":{"type":"LineString","coordinates":[[16.06152,51.1747],[16.06161,51.1749]]}},{"type":"Feature","properties":{"numer":"2203D","klasa":"droga zbiorcza","kat":"powiatowa"},"geometry":{"type":"LineString","coordinates":[[16.06202,51.17589],[16.06161,51.1749]]}},{"type":"Feature","properties":{"numer":"364","klasa":"droga gĹ‚Ăłwna","kat":"wojewodzka"},"geometry":{"type":"LineString","coordinates":[[16.06202,51.17589],[16.06643,51.17679],[16.07814,51.17975]]}},{"type":"Feature","properties":{"numer":"364","klasa":"droga gĹ‚Ăłwna","kat":"wojewodzka"},"geometry":{"type":"LineString","coordinates":[[16.07814,51.17975],[16.07848,51.17982],[16.07918,51.17976],[16.08018,51.18004],[16.08238,51.18049],[16.08380997626958,51.18054958234456]]}},{"type":"Feature","properties":{"numer":"2203D","klasa":"droga zbiorcza","kat":"powiatowa"},"geometry":{"type":"LineString","coordinates":[[16.06143,51.17448],[16.06152,51.1747]]}},{"type":"Feature","properties":{"numer":"A4,E40","klasa":"autostrada","kat":"krajowa"},"geometry":{"type":"LineString","coordinates":[[16.06152,51.1747],[16.0589,51.1752]]}},{"type":"Feature","properties":{"numer":"364","klasa":"droga gĹ‚Ăłwna","kat":"wojewodzka"},"geometry":{"type":"LineString","coordinates":[[16.05855,51.17512],[16.0589,51.1752]]}},{"type":"Feature","properties":{"numer":"364","klasa":"droga gĹ‚Ăłwna","kat":"wojewodzka"},"geometry":{"type":"LineString","coordinates":[[16.0589,51.1752],[16.05927,51.17529]]}},{"type":"Feature","properties":{"numer":"364","klasa":"droga gĹ‚Ăłwna","kat":"wojewodzka"},"geometry":{"type":"LineString","coordinates":[[16.05927,51.17529],[16.06202,51.17589]]}},{"type":"Feature","properties":{"numer":"A4,E40","klasa":"autostrada","kat":"krajowa"},"geometry":{"type":"LineString","coordinates":[[16.0589,51.1752],[16.05644,51.17566],[16.05444,51.17613],[16.05304,51.17652],[16.05032,51.17746],[16.04868,51.17815],[16.04637,51.17931],[16.04177,51.18203]]}},{"type":"Feature","properties":{"numer":"2202D","klasa":"droga zbiorcza","kat":"powiatowa"},"geometry":{"type":"LineString","coordinates":[[16.25607,51.14922],[16.2566,51.14942],[16.25884,51.14982],[16.2624,51.15095],[16.26517,51.15196],[16.26641,51.15231],[16.26677,51.15234]]}},{"type":"Feature","properties":{"numer":"2176D","klasa":"droga zbiorcza","kat":"powiatowa"},"geometry":{"type":"LineString","coordinates":[[16.23953,51.15172],[16.23962,51.15159]]}},{"type":"Feature","properties":{"numer":"2176D","klasa":"droga zbiorcza","kat":"powiatowa"},"geometry":{"type":"LineString","coordinates":[[16.23938,51.15192],[16.23953,51.15172]]}},{"type":"Feature","properties":{"numer":"2202D","klasa":"droga zbiorcza","kat":"powiatowa"},"geometry":{"type":"LineString","coordinates":[[16.26677,51.15234],[16.26936,51.1521],[16.27122,51.15212],[16.27231,51.15196],[16.27343,51.15199],[16.27492,51.15178],[16.27601,51.15254],[16.27692,51.15297],[16.28201,51.15394],[16.28534,51.15519],[16.28855,51.15556],[16.29087,51.15601],[16.29263,51.15649],[16.29408,51.15708]]}},{"type":"Feature","properties":{"numer":"2176D","klasa":"droga zbiorcza","kat":"powiatowa"},"geometry":{"type":"LineString","coordinates":[[16.21656,51.15776],[16.21819,51.15702],[16.2194,51.15677],[16.23145,51.15621],[16.23329,51.15596],[16.23458,51.15551],[16.23537,51.15508],[16.23873,51.15257],[16.23938,51.15192]]}},{"type":"Feature","properties":{"numer":"2176D","klasa":"droga zbiorcza","kat":"powiatowa"},"geometry":{"type":"LineString","coordinates":[[16.21636,51.15785],[16.21656,51.15776]]}},{"type":"Feature","properties":{"numer":"2176D","klasa":"droga zbiorcza","kat":"powiatowa"},"geometry":{"type":"LineString","coordinates":[[16.2121,51.16053],[16.21254,51.16011],[16.21429,51.15887],[16.21636,51.15785]]}},{"type":"Feature","properties":{"numer":"2176D","klasa":"droga zbiorcza","kat":"powiatowa"},"geometry":{"type":"LineString","coordinates":[[16.2121,51.16053],[16.21193,51.16067]]}},{"type":"Feature","properties":{"numer":"2186D","klasa":"droga zbiorcza","kat":"powiatowa"},"geometry":{"type":"LineString","coordinates":[[16.26677,51.15234],[16.26469,51.15399],[16.26232,51.15758],[16.26071,51.15958],[16.26064,51.15998],[16.26108,51.16518],[16.26083,51.16563],[16.25808,51.16894],[16.25767,51.16977],[16.25737,51.17082],[16.25744,51.17124],[16.25847,51.17395]]}},{"type":"Feature","properties":{"numer":"2177D","klasa":"droga zbiorcza","kat":"powiatowa"},"geometry":{"type":"LineString","coordinates":[[16.29408,51.15708],[16.29275,51.15789],[16.28683,51.16273],[16.28624,51.16332],[16.28533,51.16466],[16.28458,51.16536],[16.28071,51.16801],[16.27849,51.16968],[16.27784,51.17005],[16.27596,51.17069],[16.27505,51.17109],[16.2702,51.17397],[16.26732,51.17584],[16.26617,51.1767]]}},{"type":"Feature","properties":{"numer":"333","klasa":"droga gĹ‚Ăłwna ruchu przyĹ›pieszonego","kat":"wojewodzka"},"geometry":{"type":"LineString","coordinates":[[16.17301,51.16078],[16.17299,51.16065]]}},{"type":"Feature","properties":{"numer":"333","klasa":"droga gĹ‚Ăłwna ruchu przyĹ›pieszonego","kat":"wojewodzka"},"geometry":{"type":"LineString","coordinates":[[16.1730188182021,51.160965182244034],[16.17301,51.16078]]}},{"type":"Feature","properties":{"numer":"A4,E40","klasa":"autostrada","kat":"krajowa"},"geometry":{"type":"LineString","coordinates":[[16.14387,51.16164],[16.17301,51.16078]]}},{"type":"Feature","properties":{"numer":"2175D","klasa":"droga zbiorcza","kat":"powiatowa"},"geometry":{"type":"LineString","coordinates":[[16.14399,51.16183],[16.144016696546522,51.16186860731344]]}},{"type":"Feature","properties":{"numer":"2176D","klasa":"droga zbiorcza","kat":"powiatowa"},"geometry":{"type":"LineString","coordinates":[[16.18741,51.16997],[16.20672,51.16275],[16.21022,51.16153],[16.21193,51.16067]]}},{"type":"Feature","properties":{"numer":"14","klasa":"","kat":"krajowa"},"geometry":{"type":"LineString","coordinates":[[16.18572,51.16428],[16.185396803791285,51.16436287082275]]}},{"type":"Feature","properties":{"numer":"14","klasa":"","kat":"krajowa"},"geometry":{"type":"LineString","coordinates":[[16.18717583746523,51.16949756681581],[16.18741,51.16997]]}},{"type":"Feature","properties":{"numer":"2176D","klasa":"droga zbiorcza","kat":"powiatowa"},"geometry":{"type":"LineString","coordinates":[[16.18741,51.16997],[16.18734759056351,51.16999328533899]]}},{"type":"Feature","properties":{"numer":"2192D","klasa":"droga zbiorcza","kat":"powiatowa"},"geometry":{"type":"LineString","coordinates":[[16.26941,51.18176],[16.27197,51.18191],[16.27413,51.18159],[16.27528,51.18162],[16.27684,51.18124],[16.27824,51.18114],[16.28174,51.18065],[16.28306,51.18033],[16.28562,51.18019],[16.29351,51.17782],[16.29465,51.17754],[16.29972,51.17693],[16.30776,51.17631],[16.31139,51.1759],[16.31222,51.17573],[16.31854,51.17396],[16.32035,51.17352],[16.32339,51.17291],[16.33213,51.17071]]}},{"type":"Feature","properties":{"numer":"2177D","klasa":"droga zbiorcza","kat":"powiatowa"},"geometry":{"type":"LineString","coordinates":[[16.26611,51.17675],[16.26617,51.1767]]}},{"type":"Feature","properties":{"numer":"2198D","klasa":"droga zbiorcza","kat":"powiatowa"},"geometry":{"type":"LineString","coordinates":[[16.26142,51.17989],[16.26087,51.17905],[16.25976,51.17689],[16.25847,51.17395]]}},{"type":"Feature","properties":{"numer":"2186D","klasa":"droga zbiorcza","kat":"powiatowa"},"geometry":{"type":"LineString","coordinates":[[16.25274,51.18207],[16.25274,51.18153],[16.25299,51.18109],[16.25527,51.1788],[16.25644,51.1771],[16.25715,51.17565],[16.25831,51.17426],[16.25847,51.17395]]}},{"type":"Feature","properties":{"numer":"2177D","klasa":"droga zbiorcza","kat":"powiatowa"},"geometry":{"type":"LineString","coordinates":[[16.26142,51.17989],[16.26466,51.17785],[16.26611,51.17675]]}},{"type":"Feature","properties":{"numer":"2177D","klasa":"droga zbiorcza","kat":"powiatowa"},"geometry":{"type":"LineString","coordinates":[[16.25788,51.18119],[16.26142,51.17989]]}},{"type":"Feature","properties":{"numer":"2198D","klasa":"droga zbiorcza","kat":"powiatowa"},"geometry":{"type":"LineString","coordinates":[[16.26253,51.18132],[16.26142,51.17989]]}},{"type":"Feature","properties":{"numer":"2192D","klasa":"droga zbiorcza","kat":"powiatowa"},"geometry":{"type":"LineString","coordinates":[[16.25788,51.18119],[16.2604,51.18137],[16.26253,51.18132]]}},{"type":"Feature","properties":{"numer":"2192D","klasa":"droga zbiorcza","kat":"powiatowa"},"geometry":{"type":"LineString","coordinates":[[16.26253,51.18132],[16.26927,51.18176]]}},{"type":"Feature","properties":{"numer":"2177D","klasa":"droga zbiorcza","kat":"powiatowa"},"geometry":{"type":"LineString","coordinates":[[16.25274,51.18207],[16.25475,51.1814],[16.25695,51.18117],[16.25788,51.18119]]}},{"type":"Feature","properties":{"numer":"2192D","klasa":"droga zbiorcza","kat":"powiatowa"},"geometry":{"type":"LineString","coordinates":[[16.26927,51.18176],[16.26941,51.18176]]}},{"type":"Feature","properties":{"numer":"2198D","klasa":"droga zbiorcza","kat":"powiatowa"},"geometry":{"type":"LineString","coordinates":[[16.26653,51.18717],[16.26253,51.18132]]}},{"type":"Feature","properties":{"numer":"2177D","klasa":"droga zbiorcza","kat":"powiatowa"},"geometry":{"type":"LineString","coordinates":[[16.22178,51.18996],[16.22666,51.18868],[16.23134,51.18693],[16.23216,51.1867],[16.23439,51.18625],[16.23613,51.18602],[16.24378,51.18517],[16.24839,51.18427],[16.24963,51.18373],[16.25,51.18326],[16.25044,51.18293],[16.25274,51.18207]]}},{"type":"Feature","properties":{"numer":"2198D","klasa":"droga zbiorcza","kat":"powiatowa"},"geometry":{"type":"LineString","coordinates":[[16.26657,51.18722],[16.26653,51.18717]]}},{"type":"Feature","properties":{"numer":"2177D","klasa":"droga zbiorcza","kat":"powiatowa"},"geometry":{"type":"LineString","coordinates":[[16.22161,51.19002],[16.22178,51.18996]]}},{"type":"Feature","properties":{"numer":"2198D","klasa":"droga zbiorcza","kat":"powiatowa"},"geometry":{"type":"LineString","coordinates":[[16.26657,51.18722],[16.2673,51.18839],[16.26755,51.19052],[16.26784,51.19139],[16.27076,51.19519]]}},{"type":"Feature","properties":{"numer":"2177D","klasa":"droga zbiorcza","kat":"powiatowa"},"geometry":{"type":"LineString","coordinates":[[16.221559244992296,51.19003339599384],[16.22161,51.19002]]}},{"type":"Feature","properties":{"numer":"2198D","klasa":"droga zbiorcza","kat":"powiatowa"},"geometry":{"type":"LineString","coordinates":[[16.27076,51.19519],[16.27131,51.19507],[16.27341,51.19488],[16.27526,51.19483],[16.27679,51.1947]]}},{"type":"Feature","properties":{"numer":"2178D","klasa":"droga zbiorcza","kat":"powiatowa"},"geometry":{"type":"LineString","coordinates":[[16.25098,51.20048],[16.25535,51.19977],[16.25943,51.19887],[16.26603,51.19676],[16.2684,51.19562],[16.27076,51.19519]]}},{"type":"Feature","properties":{"numer":"333","klasa":"droga gĹ‚Ăłwna ruchu przyĹ›pieszonego","kat":"wojewodzka"},"geometry":{"type":"LineString","coordinates":[[16.11993273585877,51.19546003368886],[16.11938,51.19568]]}},{"type":"Feature","properties":{"numer":"333","klasa":"droga gĹ‚Ăłwna ruchu przyĹ›pieszonego","kat":"wojewodzka"},"geometry":{"type":"LineString","coordinates":[[16.11938,51.19568],[16.11691,51.19675],[16.11451,51.19833],[16.11389,51.1988],[16.11346,51.19927],[16.11318,51.19977],[16.11306,51.20026]]}},{"type":"Feature","properties":{"numer":"2196D","klasa":"droga zbiorcza","kat":"powiatowa"},"geometry":{"type":"LineString","coordinates":[[16.34538,51.19683],[16.34649,51.19648],[16.34856,51.19603],[16.34948,51.19562],[16.35088,51.19518]]}},{"type":"Feature","properties":{"numer":"2200D","klasa":"droga zbiorcza","kat":"powiatowa"},"geometry":{"type":"LineString","coordinates":[[16.38273,51.19872],[16.38388,51.19861],[16.38395,51.1985],[16.3838,51.19613],[16.38361,51.19557],[16.38296,51.19453],[16.38144,51.19334]]}},{"type":"Feature","properties":{"numer":"2184D,2196D","klasa":"droga zbiorcza","kat":"powiatowa"},"geometry":{"type":"LineString","coordinates":[[16.34491,51.19714],[16.34527,51.19699],[16.34538,51.19683]]}},{"type":"Feature","properties":{"numer":"2196D","klasa":"droga zbiorcza","kat":"powiatowa"},"geometry":{"type":"LineString","coordinates":[[16.32185,51.20188],[16.32418,51.20238],[16.32653,51.2024],[16.32729,51.20233],[16.32862,51.20205],[16.33221,51.20177],[16.33354,51.20159],[16.33575,51.2009],[16.33914,51.19915],[16.34158,51.1981],[16.34216,51.19774],[16.34358,51.19758],[16.34491,51.19714]]}},{"type":"Feature","properties":{"numer":"2184D","klasa":"droga zbiorcza","kat":"powiatowa"},"geometry":{"type":"LineString","coordinates":[[16.34491,51.19714],[16.34517,51.19777],[16.34631,51.19943],[16.34649,51.20259],[16.34704,51.20447]]}},{"type":"Feature","properties":{"numer":"2198D","klasa":"droga zbiorcza","kat":"powiatowa"},"geometry":{"type":"LineString","coordinates":[[16.3064,51.20135],[16.30845,51.20132]]}},{"type":"Feature","properties":{"numer":"2198D","klasa":"droga zbiorcza","kat":"powiatowa"},"geometry":{"type":"LineString","coordinates":[[16.30845,51.20132],[16.30869,51.20135]]}},{"type":"Feature","properties":{"numer":"2196D","klasa":"droga zbiorcza","kat":"powiatowa"},"geometry":{"type":"LineString","coordinates":[[16.30943,51.20139],[16.3105,51.20127],[16.31178,51.20141]]}},{"type":"Feature","properties":{"numer":"2196D","klasa":"droga zbiorcza","kat":"powiatowa"},"geometry":{"type":"LineString","coordinates":[[16.30869,51.20135],[16.30943,51.20139]]}},{"type":"Feature","properties":{"numer":"2198D","klasa":"droga zbiorcza","kat":"powiatowa"},"geometry":{"type":"LineString","coordinates":[[16.30065,51.20151],[16.30262,51.20156],[16.3064,51.20135]]}},{"type":"Feature","properties":{"numer":"2198D","klasa":"droga zbiorcza","kat":"powiatowa"},"geometry":{"type":"LineString","coordinates":[[16.27679,51.1947],[16.27728,51.19496],[16.27752,51.19561],[16.27769,51.19578],[16.27992,51.19646],[16.28332,51.19776],[16.28559,51.19801],[16.29233,51.19901],[16.29548,51.19927],[16.29615,51.19947],[16.29658,51.1997],[16.29867,51.20119],[16.29949,51.20145],[16.30065,51.20151]]}},{"type":"Feature","properties":{"numer":"2178D","klasa":"droga zbiorcza","kat":"powiatowa"},"geometry":{"type":"LineString","coordinates":[[16.225140301252576,51.20454050816553],[16.22563,51.20458],[16.22852,51.20507],[16.23207,51.20507],[16.2336,51.20488],[16.23448,51.20464],[16.23627,51.20374],[16.23694,51.20349],[16.24069,51.20249],[16.24456,51.20162],[16.25098,51.20048]]}},{"type":"Feature","properties":{"numer":"364","klasa":"droga zbiorcza","kat":"wojewodzka"},"geometry":{"type":"LineString","coordinates":[[16.091174238080388,51.18066565596759],[16.08907,51.18051],[16.087893236694068,51.18055002596279]]}},{"type":"Feature","properties":{"numer":"2204D","klasa":"droga zbiorcza","kat":"powiatowa"},"geometry":{"type":"LineString","coordinates":[[16.07814,51.17975],[16.06798,51.18679],[16.06421,51.18843],[16.06323,51.18868],[16.06238,51.18867],[16.06222,51.18858],[16.06215,51.18836],[16.06195,51.18694],[16.06222,51.1864],[16.06215,51.18567],[16.06147,51.18483],[16.06061,51.18419],[16.06002,51.18349],[16.05984,51.18323],[16.05983,51.18247],[16.05948,51.18226],[16.05938,51.18201],[16.05943,51.18153],[16.06202,51.17589]]}},{"type":"Feature","properties":{"numer":"E65,S3","klasa":"droga ekspresowa","kat":"krajowa"},"geometry":{"type":"LineString","coordinates":[[16.11306,51.20026],[16.11074,51.19886],[16.10842,51.19781],[16.09579,51.19358],[16.09407,51.19293],[16.09186,51.1918],[16.09032,51.19073],[16.08903,51.18955],[16.08811,51.18843],[16.0874,51.18725],[16.08688,51.18586],[16.08665,51.18443],[16.08671,51.18317],[16.08696361514575,51.182220417710106]]}},{"type":"Feature","properties":{"numer":"A4,E40","klasa":"autostrada","kat":"krajowa"},"geometry":{"type":"LineString","coordinates":[[16.04177,51.18203],[16.0417529355015,51.18204009129811]]}},{"type":"Feature","properties":{"numer":"2267D","klasa":"droga gĹ‚Ăłwna","kat":"powiatowa"},"geometry":{"type":"LineString","coordinates":[[15.97019011660567,51.20559151587369],[15.97024,51.20624],[15.9697,51.20733],[15.97014,51.20822],[15.97015,51.20845],[15.96991,51.20898],[15.9691,51.21017],[15.96876,51.21167],[15.96877,51.21201],[15.96901,51.21243],[15.96989,51.21343],[15.97006,51.21399],[15.97004,51.21437],[15.96988,51.2147],[15.96924,51.21508],[15.96853,51.21529],[15.96747,51.21546],[15.96722,51.21605]]}},{"type":"Feature","properties":{"numer":"2611D","klasa":"droga zbiorcza","kat":"powiatowa"},"geometry":{"type":"LineString","coordinates":[[16.052903458744186,51.21297040828164],[16.0562,51.21275],[16.05799,51.21292],[16.05823,51.21307],[16.05834,51.21329],[16.05859,51.21482],[16.0589571669219,51.215564257274124]]}},{"type":"Feature","properties":{"numer":"A4,E40","klasa":"autostrada","kat":"krajowa"},"geometry":{"type":"LineString","coordinates":[[15.995996195492005,51.20606175680838],[15.99416,51.20774],[15.98728,51.21459],[15.9849,51.21647],[15.984208133140273,51.21691683068024]]}},{"type":"Feature","properties":{"numer":"A4,E40","klasa":"autostrada","kat":"krajowa"},"geometry":{"type":"LineString","coordinates":[[15.983173626185723,51.217557421862814],[15.98175,51.21834],[15.97259,51.22245]]}},{"type":"Feature","properties":{"numer":"328","klasa":"droga gĹ‚Ăłwna","kat":"wojewodzka"},"geometry":{"type":"LineString","coordinates":[[15.93077,51.22623],[15.92966,51.22293],[15.92932020353361,51.220640844858]]}},{"type":"Feature","properties":{"numer":"2267D","klasa":"droga gĹ‚Ăłwna","kat":"powiatowa"},"geometry":{"type":"LineString","coordinates":[[15.95633,51.21981],[15.9562,51.21985]]}},{"type":"Feature","properties":{"numer":"2267D","klasa":"droga gĹ‚Ăłwna","kat":"powiatowa"},"geometry":{"type":"LineString","coordinates":[[15.9562,51.21985],[15.95479,51.22017],[15.95392,51.22014],[15.95356,51.22033],[15.9535,51.22051],[15.95383,51.2219],[15.95278,51.22301],[15.95221,51.22474],[15.95179,51.22527],[15.951,51.22573],[15.94689,51.22708],[15.94644,51.22737],[15.94628,51.22756]]}},{"type":"Feature","properties":{"numer":"A4,E40","klasa":"autostrada","kat":"krajowa"},"geometry":{"type":"LineString","coordinates":[[15.97259,51.22245],[15.9697,51.22371],[15.96785,51.2244],[15.96511,51.2252],[15.96355,51.22556],[15.96022,51.22613],[15.94611,51.22785]]}},{"type":"Feature","properties":{"numer":"2631D","klasa":"","kat":"powiatowa"},"geometry":{"type":"LineString","coordinates":[[15.93077,51.22623],[15.93025,51.22635]]}},{"type":"Feature","properties":{"numer":"2631D","klasa":"","kat":"powiatowa"},"geometry":{"type":"LineString","coordinates":[[15.93025,51.22635],[15.93011,51.22637]]}},{"type":"Feature","properties":{"numer":"2631D","klasa":"","kat":"powiatowa"},"geometry":{"type":"LineString","coordinates":[[15.92974,51.22645],[15.93011,51.22637]]}},{"type":"Feature","properties":{"numer":"2267D","klasa":"droga gĹ‚Ăłwna","kat":"powiatowa"},"geometry":{"type":"LineString","coordinates":[[15.96722,51.21605],[15.96715,51.21614]]}},{"type":"Feature","properties":{"numer":"2611D","klasa":"","kat":"powiatowa"},"geometry":{"type":"LineString","coordinates":[[16.06128807007437,51.21865799989526],[16.06129,51.21866]]}},{"type":"Feature","properties":{"numer":"2267D","klasa":"droga gĹ‚Ăłwna","kat":"powiatowa"},"geometry":{"type":"LineString","coordinates":[[15.96715,51.21614],[15.96689,51.21628],[15.96593,51.21629],[15.96545,51.2164],[15.96448,51.21704],[15.96276,51.21776],[15.95995,51.21873],[15.95784,51.21925],[15.95633,51.21981]]}},{"type":"Feature","properties":{"numer":"2217D","klasa":"droga zbiorcza","kat":"powiatowa"},"geometry":{"type":"LineString","coordinates":[[15.97236,51.22237],[15.97259,51.22245]]}},{"type":"Feature","properties":{"numer":"2217D","klasa":"droga zbiorcza","kat":"powiatowa"},"geometry":{"type":"LineString","coordinates":[[15.97259,51.22245],[15.97283,51.22253]]}},{"type":"Feature","properties":{"numer":"2217D","klasa":"droga zbiorcza","kat":"powiatowa"},"geometry":{"type":"LineString","coordinates":[[15.97283,51.22253],[15.97675,51.22383],[15.97814,51.22444],[15.9799,51.22477],[15.98122,51.22604]]}},{"type":"Feature","properties":{"numer":"2217D","klasa":"droga zbiorcza","kat":"powiatowa"},"geometry":{"type":"LineString","coordinates":[[15.9866,51.22942],[15.98668,51.22917],[15.98661,51.22906],[15.98571,51.22889],[15.98328,51.22808],[15.98134,51.22718],[15.98097,51.22681],[15.98122,51.22604]]}},{"type":"Feature","properties":{"numer":"104281D","klasa":"droga lokalna","kat":"powiatowa"},"geometry":{"type":"LineString","coordinates":[[15.9867,51.22956],[15.9866,51.22942]]}},{"type":"Feature","properties":{"numer":"2217D","klasa":"droga zbiorcza","kat":"powiatowa"},"geometry":{"type":"LineString","coordinates":[[15.98633,51.22965],[15.9866,51.22942]]}},{"type":"Feature","properties":{"numer":"2217D","klasa":"droga zbiorcza","kat":"powiatowa"},"geometry":{"type":"LineString","coordinates":[[15.9867,51.22956],[15.98633,51.22965]]}},{"type":"Feature","properties":{"numer":"2173D","klasa":"droga zbiorcza","kat":"powiatowa"},"geometry":{"type":"LineString","coordinates":[[16.13327,51.21843],[16.133271919402393,51.21842945267041]]}},{"type":"Feature","properties":{"numer":"94","klasa":"droga gĹ‚Ăłwna","kat":"krajowa"},"geometry":{"type":"LineString","coordinates":[[16.08014,51.22014],[16.08007,51.22016]]}},{"type":"Feature","properties":{"numer":"2174D","klasa":"droga zbiorcza","kat":"powiatowa"},"geometry":{"type":"LineString","coordinates":[[16.137522399585105,51.22137980435638],[16.13751,51.22151]]}},{"type":"Feature","properties":{"numer":"2611D","klasa":"droga zbiorcza","kat":"powiatowa"},"geometry":{"type":"LineString","coordinates":[[16.06884,51.2246],[16.06709,51.2236],[16.06129,51.21866]]}},{"type":"Feature","properties":{"numer":"94","klasa":"droga gĹ‚Ăłwna","kat":"krajowa"},"geometry":{"type":"LineString","coordinates":[[16.08007,51.22016],[16.07356,51.22163],[16.07254,51.22194],[16.07155,51.22249],[16.07006,51.22405],[16.06884,51.2246]]}},{"type":"Feature","properties":{"numer":"2209D","klasa":"droga zbiorcza","kat":"powiatowa"},"geometry":{"type":"LineString","coordinates":[[16.09718,51.2356],[16.09865,51.23512],[16.10469,51.23266],[16.10468,51.23244],[16.10394,51.23182],[16.10376,51.23144],[16.10422,51.23014],[16.10645,51.2259],[16.1066,51.2249],[16.10669,51.22188],[16.1081,51.22166],[16.10923,51.22181],[16.10977,51.22137],[16.11008,51.21902],[16.11028,51.21612],[16.11082,51.21362]]}},{"type":"Feature","properties":{"numer":"94","klasa":"droga gĹ‚Ăłwna","kat":"krajowa"},"geometry":{"type":"LineString","coordinates":[[16.06884,51.2246],[16.06651,51.2255]]}},{"type":"Feature","properties":{"numer":"2611D","klasa":"droga zbiorcza","kat":"powiatowa"},"geometry":{"type":"LineString","coordinates":[[16.07066,51.22556],[16.06975,51.22515],[16.06884,51.2246]]}},{"type":"Feature","properties":{"numer":"2267D","klasa":"droga gĹ‚Ăłwna","kat":"powiatowa"},"geometry":{"type":"LineString","coordinates":[[15.94628,51.22756],[15.94611,51.22785]]}},{"type":"Feature","properties":{"numer":"328","klasa":"droga gĹ‚Ăłwna","kat":"wojewodzka"},"geometry":{"type":"LineString","coordinates":[[15.93166,51.22959],[15.93137,51.22811],[15.93077,51.22623]]}},{"type":"Feature","properties":{"numer":"2267D","klasa":"droga gĹ‚Ăłwna","kat":"powiatowa"},"geometry":{"type":"LineString","coordinates":[[15.94611,51.22785],[15.94601,51.22805]]}},{"type":"Feature","properties":{"numer":"2631D","klasa":"","kat":"powiatowa"},"geometry":{"type":"LineString","coordinates":[[15.92974,51.22645],[15.922355974413652,51.22813638472137]]}},{"type":"Feature","properties":{"numer":"A4,E40","klasa":"autostrada","kat":"krajowa"},"geometry":{"type":"LineString","coordinates":[[15.94611,51.22785],[15.93166,51.22959]]}},{"type":"Feature","properties":{"numer":"328","klasa":"droga gĹ‚Ăłwna","kat":"wojewodzka"},"geometry":{"type":"LineString","coordinates":[[15.93214,51.23194],[15.93166,51.22959]]}},{"type":"Feature","properties":{"numer":"2267D","klasa":"droga gĹ‚Ăłwna","kat":"powiatowa"},"geometry":{"type":"LineString","coordinates":[[15.94601,51.22805],[15.9456,51.2292],[15.94412,51.2314],[15.94263,51.23267],[15.94229,51.23326],[15.94197,51.23358],[15.94153,51.23377],[15.94101,51.23385]]}},{"type":"Feature","properties":{"numer":"2267D","klasa":"droga gĹ‚Ăłwna","kat":"powiatowa"},"geometry":{"type":"LineString","coordinates":[[15.93251,51.23199],[15.93214,51.23194]]}},{"type":"Feature","properties":{"numer":"2267D","klasa":"droga gĹ‚Ăłwna","kat":"powiatowa"},"geometry":{"type":"LineString","coordinates":[[15.94101,51.23385],[15.9363,51.23305],[15.93413,51.2325],[15.93251,51.23199]]}},{"type":"Feature","properties":{"numer":"333","klasa":"droga gĹ‚Ăłwna ruchu przyĹ›pieszonego","kat":"wojewodzka"},"geometry":{"type":"LineString","coordinates":[[16.11306,51.20026],[16.11321,51.20125],[16.11359,51.20185],[16.11412,51.20238]]}},{"type":"Feature","properties":{"numer":"333","klasa":"droga gĹ‚Ăłwna ruchu przyĹ›pieszonego","kat":"wojewodzka"},"geometry":{"type":"LineString","coordinates":[[16.11435,51.20259],[16.11412,51.20238]]}},{"type":"Feature","properties":{"numer":"333","klasa":"droga gĹ‚Ăłwna ruchu przyĹ›pieszonego","kat":"wojewodzka"},"geometry":{"type":"LineString","coordinates":[[16.11465,51.20282],[16.11435,51.20259]]}},{"type":"Feature","properties":{"numer":"333","klasa":"droga gĹ‚Ăłwna ruchu przyĹ›pieszonego","kat":"wojewodzka"},"geometry":{"type":"LineString","coordinates":[[16.11465,51.20282],[16.11487,51.20301]]}},{"type":"Feature","properties":{"numer":"E65,S3","klasa":"droga ekspresowa","kat":"krajowa"},"geometry":{"type":"LineString","coordinates":[[16.12561,51.21191],[16.125528144997382,51.211832292526196]]}},{"type":"Feature","properties":{"numer":"E65,S3","klasa":"droga ekspresowa","kat":"krajowa"},"geometry":{"type":"LineString","coordinates":[[16.123250135681648,51.209669708156675],[16.11515,51.20198],[16.11306,51.20026]]}},{"type":"Feature","properties":{"numer":"333","klasa":"droga gĹ‚Ăłwna ruchu przyĹ›pieszonego","kat":"wojewodzka"},"geometry":{"type":"LineString","coordinates":[[16.12309,51.21025],[16.11702,51.2044],[16.11487,51.20301]]}},{"type":"Feature","properties":{"numer":"2199D","klasa":"droga zbiorcza","kat":"powiatowa"},"geometry":{"type":"LineString","coordinates":[[16.25496,51.22101],[16.25502,51.22071],[16.25468,51.21993],[16.25355,51.21462],[16.25165,51.20676],[16.25115,51.20298],[16.25138,51.20152],[16.25098,51.20048]]}},{"type":"Feature","properties":{"numer":"94","klasa":"droga zbiorcza","kat":"krajowa"},"geometry":{"type":"LineString","coordinates":[[16.232853955500616,51.21903160692213],[16.23317,51.21916]]}},{"type":"Feature","properties":{"numer":"2179D","klasa":"droga zbiorcza","kat":"powiatowa"},"geometry":{"type":"LineString","coordinates":[[16.25496,51.22101],[16.25671,51.22022],[16.25953,51.22008],[16.26104,51.21983],[16.26334,51.21874],[16.26464,51.21828],[16.2662,51.21795],[16.2673,51.21757],[16.26801,51.21744],[16.26894,51.21745],[16.26972,51.21736],[16.27866,51.21781],[16.27923,51.21794],[16.28174,51.21882],[16.28306,51.21919]]}},{"type":"Feature","properties":{"numer":"2179D","klasa":"droga zbiorcza","kat":"powiatowa"},"geometry":{"type":"LineString","coordinates":[[16.28306,51.21919],[16.28313,51.2192]]}},{"type":"Feature","properties":{"numer":"333","klasa":"droga gĹ‚Ăłwna","kat":"wojewodzka"},"geometry":{"type":"LineString","coordinates":[[16.12343,51.21161],[16.123430742696232,51.21158771911299]]}},{"type":"Feature","properties":{"numer":"333","klasa":"droga gĹ‚Ăłwna","kat":"wojewodzka"},"geometry":{"type":"LineString","coordinates":[[16.123113785429585,51.210300213684675],[16.12309,51.21025]]}},{"type":"Feature","properties":{"numer":"333,94","klasa":"droga gĹ‚Ăłwna","kat":"gminna"},"geometry":{"type":"LineString","coordinates":[[16.125738511371473,51.211856822880776],[16.12561,51.21191]]}},{"type":"Feature","properties":{"numer":"333","klasa":"droga gĹ‚Ăłwna ruchu przyĹ›pieszonego","kat":"wojewodzka"},"geometry":{"type":"LineString","coordinates":[[16.12336,51.2121],[16.12343,51.21161]]}},{"type":"Feature","properties":{"numer":"333,94","klasa":"droga gĹ‚Ăłwna","kat":"gminna"},"geometry":{"type":"LineString","coordinates":[[16.12561,51.21191],[16.12392,51.21255]]}},{"type":"Feature","properties":{"numer":"2200D","klasa":"droga zbiorcza","kat":"powiatowa"},"geometry":{"type":"LineString","coordinates":[[16.34704,51.20447],[16.34971,51.20427],[16.35778,51.20275],[16.36101,51.20235],[16.36341,51.20216],[16.37136,51.20108],[16.375,51.20051],[16.38074,51.19937],[16.38273,51.19872]]}},{"type":"Feature","properties":{"numer":"2196D","klasa":"droga zbiorcza","kat":"powiatowa"},"geometry":{"type":"LineString","coordinates":[[16.31178,51.20141],[16.31593,51.20188],[16.31815,51.20169]]}},{"type":"Feature","properties":{"numer":"2196D","klasa":"droga zbiorcza","kat":"powiatowa"},"geometry":{"type":"LineString","coordinates":[[16.31815,51.20169],[16.32007,51.20162],[16.32171,51.20186]]}},{"type":"Feature","properties":{"numer":"2196D","klasa":"droga zbiorcza","kat":"powiatowa"},"geometry":{"type":"LineString","coordinates":[[16.32171,51.20186],[16.32185,51.20188]]}},{"type":"Feature","properties":{"numer":"2198D","klasa":"droga zbiorcza","kat":"powiatowa"},"geometry":{"type":"LineString","coordinates":[[16.30869,51.20135],[16.31049,51.21305],[16.31083,51.2138],[16.31135,51.2143]]}},{"type":"Feature","properties":{"numer":"2198D","klasa":"droga zbiorcza","kat":"powiatowa"},"geometry":{"type":"LineString","coordinates":[[16.31135,51.2143],[16.31142,51.21437]]}},{"type":"Feature","properties":{"numer":"2198D","klasa":"droga zbiorcza","kat":"powiatowa"},"geometry":{"type":"LineString","coordinates":[[16.31142,51.21437],[16.31297,51.21552]]}},{"type":"Feature","properties":{"numer":"2184D","klasa":"droga zbiorcza","kat":"powiatowa"},"geometry":{"type":"LineString","coordinates":[[16.35917,51.22586],[16.35866,51.223],[16.35845,51.22239],[16.35794,51.22155],[16.35675,51.22026],[16.35404,51.2168],[16.35233,51.21485],[16.35033,51.21277],[16.34922,51.21204],[16.34704,51.20447]]}},{"type":"Feature","properties":{"numer":"2198D","klasa":"droga zbiorcza","kat":"powiatowa"},"geometry":{"type":"LineString","coordinates":[[16.31297,51.21552],[16.3134,51.21583],[16.31382,51.21674],[16.31493,51.217],[16.31521,51.21713],[16.31552,51.21752],[16.3157,51.2181]]}},{"type":"Feature","properties":{"numer":"2198D","klasa":"droga zbiorcza","kat":"powiatowa"},"geometry":{"type":"LineString","coordinates":[[16.3157,51.2181],[16.31599,51.2183],[16.31786,51.21885],[16.31808,51.21899],[16.31809,51.21924],[16.31748,51.22068]]}},{"type":"Feature","properties":{"numer":"2192D","klasa":"droga zbiorcza","kat":"powiatowa"},"geometry":{"type":"LineString","coordinates":[[16.33287,51.17186],[16.3355,51.17124],[16.33605,51.17087],[16.33649,51.17035]]}},{"type":"Feature","properties":{"numer":"2184D,2192D","klasa":"droga zbiorcza","kat":"powiatowa"},"geometry":{"type":"LineString","coordinates":[[16.33287,51.17186],[16.33213,51.17071]]}},{"type":"Feature","properties":{"numer":"2200D","klasa":"droga zbiorcza","kat":"powiatowa"},"geometry":{"type":"LineString","coordinates":[[16.36803,51.17857],[16.36582,51.17549],[16.36496,51.17394],[16.36272,51.17217],[16.36234,51.17177],[16.36181,51.17009],[16.36109,51.16907],[16.36009,51.1682],[16.35915,51.16595]]}},{"type":"Feature","properties":{"numer":"2200D","klasa":"droga zbiorcza","kat":"powiatowa"},"geometry":{"type":"LineString","coordinates":[[16.37591,51.18734],[16.37477,51.18635],[16.37426,51.18504],[16.37345,51.18405],[16.37318,51.18384],[16.3722,51.18333],[16.37186,51.18304],[16.37008,51.18065],[16.36803,51.17857]]}},{"type":"Feature","properties":{"numer":"2184D","klasa":"droga zbiorcza","kat":"powiatowa"},"geometry":{"type":"LineString","coordinates":[[16.34538,51.19683],[16.34506,51.19567],[16.34094,51.18897],[16.3364,51.17969],[16.33389,51.17359],[16.33335,51.17292],[16.33287,51.17186]]}},{"type":"Feature","properties":{"numer":"2196D","klasa":"droga zbiorcza","kat":"powiatowa"},"geometry":{"type":"LineString","coordinates":[[16.37496,51.18788],[16.37546,51.18767],[16.37591,51.18734]]}},{"type":"Feature","properties":{"numer":"2196D,2200D","klasa":"droga zbiorcza","kat":"powiatowa"},"geometry":{"type":"LineString","coordinates":[[16.3766,51.188],[16.37591,51.18734]]}},{"type":"Feature","properties":{"numer":"2200D","klasa":"droga zbiorcza","kat":"powiatowa"},"geometry":{"type":"LineString","coordinates":[[16.37798,51.18964],[16.37751,51.18928],[16.37698,51.18834],[16.3766,51.188]]}},{"type":"Feature","properties":{"numer":"2200D","klasa":"droga zbiorcza","kat":"powiatowa"},"geometry":{"type":"LineString","coordinates":[[16.38144,51.19334],[16.37987,51.19169],[16.37872,51.19025],[16.37798,51.18964]]}},{"type":"Feature","properties":{"numer":"2196D","klasa":"droga zbiorcza","kat":"powiatowa"},"geometry":{"type":"LineString","coordinates":[[16.35088,51.19518],[16.35322,51.19465],[16.35466,51.194],[16.35685,51.19335],[16.35906,51.19289],[16.36105,51.19233],[16.36248,51.19207],[16.36915,51.18986],[16.37056,51.18952],[16.37184,51.18899],[16.37496,51.18788]]}},{"type":"Feature","properties":{"numer":"2196D","klasa":"droga zbiorcza","kat":"powiatowa"},"geometry":{"type":"LineString","coordinates":[[16.3766,51.188],[16.3857,51.18604],[16.38836,51.18528],[16.3895,51.18387],[16.39021,51.18318],[16.39142,51.18227],[16.39216,51.18131],[16.39289,51.18071],[16.3941,51.18],[16.39609,51.17954],[16.3964,51.17913],[16.39649,51.17845],[16.39677,51.1782],[16.40383,51.17476],[16.40571,51.17322]]}},{"type":"Feature","properties":{"numer":"2068D","klasa":"droga zbiorcza","kat":"powiatowa"},"geometry":{"type":"LineString","coordinates":[[16.43726,51.19479],[16.43629,51.19387],[16.43329,51.19064],[16.4282,51.18604],[16.42089,51.18282],[16.4179,51.18123],[16.41759,51.18088],[16.41633,51.17881],[16.41511,51.17729],[16.41452,51.17566],[16.41424,51.17527],[16.41383,51.17493],[16.41185,51.17426]]}},{"type":"Feature","properties":{"numer":"2068D","klasa":"droga zbiorcza","kat":"powiatowa"},"geometry":{"type":"LineString","coordinates":[[16.43726,51.19479],[16.4376,51.19525],[16.43797,51.19605]]}},{"type":"Feature","properties":{"numer":"2068D","klasa":"droga zbiorcza","kat":"powiatowa"},"geometry":{"type":"LineString","coordinates":[[16.43797,51.19605],[16.43887,51.19709],[16.43955,51.1982],[16.4396,51.1993],[16.43923,51.20005],[16.43932,51.201],[16.43957,51.20156],[16.44026,51.20214]]}},{"type":"Feature","properties":{"numer":"2068D","klasa":"droga zbiorcza","kat":"powiatowa"},"geometry":{"type":"LineString","coordinates":[[16.44026,51.20214],[16.44029,51.20216]]}},{"type":"Feature","properties":{"numer":"2068D","klasa":"droga zbiorcza","kat":"powiatowa"},"geometry":{"type":"LineString","coordinates":[[16.44029,51.20216],[16.44195,51.20363],[16.44757,51.20985],[16.44886,51.21202]]}},{"type":"Feature","properties":{"numer":"2068D","klasa":"droga zbiorcza","kat":"powiatowa"},"geometry":{"type":"LineString","coordinates":[[16.44886,51.21202],[16.44889,51.21208]]}},{"type":"Feature","properties":{"numer":"2068D","klasa":"droga zbiorcza","kat":"powiatowa"},"geometry":{"type":"LineString","coordinates":[[16.44889,51.21208],[16.44890002099881,51.21209527009343]]}},{"type":"Feature","properties":{"numer":"94","klasa":"droga gĹ‚Ăłwna ruchu przyĹ›pieszonego","kat":"krajowa"},"geometry":{"type":"LineString","coordinates":[[16.45052402616243,51.218738616686515],[16.43804,51.22443]]}},{"type":"Feature","properties":{"numer":"94","klasa":"droga gĹ‚Ăłwna","kat":"krajowa"},"geometry":{"type":"LineString","coordinates":[[16.43668,51.22505],[16.43804,51.22443]]}},{"type":"Feature","properties":{"numer":"94","klasa":"droga gĹ‚Ăłwna","kat":"krajowa"},"geometry":{"type":"LineString","coordinates":[[16.42444,51.23085],[16.42514,51.23037],[16.42614,51.22986],[16.43668,51.22505]]}},{"type":"Feature","properties":{"numer":"2179D","klasa":"droga zbiorcza","kat":"powiatowa"},"geometry":{"type":"LineString","coordinates":[[16.37459,51.22461],[16.37804,51.22527],[16.37867,51.22558],[16.38026,51.22659],[16.38128,51.22697],[16.38619,51.22681],[16.39225,51.22708],[16.39334,51.22704],[16.39402,51.22709],[16.39992,51.22848],[16.41879,51.23161]]}},{"type":"Feature","properties":{"numer":"338","klasa":"droga gĹ‚Ăłwna","kat":"wojewodzka"},"geometry":{"type":"LineString","coordinates":[[16.43668,51.22505],[16.44039,51.23348]]}},{"type":"Feature","properties":{"numer":"94","klasa":"droga gĹ‚Ăłwna","kat":"krajowa"},"geometry":{"type":"LineString","coordinates":[[16.4241,51.23114],[16.42444,51.23085]]}},{"type":"Feature","properties":{"numer":"94","klasa":"droga gĹ‚Ăłwna","kat":"krajowa"},"geometry":{"type":"LineString","coordinates":[[16.42368,51.2315],[16.4241,51.23114]]}},{"type":"Feature","properties":{"numer":"2179D,94","klasa":"droga gĹ‚Ăłwna","kat":"powiatowa"},"geometry":{"type":"LineString","coordinates":[[16.42286,51.23227],[16.42368,51.2315]]}},{"type":"Feature","properties":{"numer":"2179D","klasa":"droga zbiorcza","kat":"powiatowa"},"geometry":{"type":"LineString","coordinates":[[16.41879,51.23161],[16.42115,51.23199],[16.42221,51.23208],[16.42286,51.23227]]}},{"type":"Feature","properties":{"numer":"2179D","klasa":"droga zbiorcza","kat":"powiatowa"},"geometry":{"type":"LineString","coordinates":[[16.44039,51.23348],[16.44393,51.23305],[16.44712,51.23224],[16.45305,51.23136],[16.45402,51.23127],[16.461053790837024,51.231222474386236]]}},{"type":"Feature","properties":{"numer":"2179D","klasa":"droga zbiorcza","kat":"powiatowa"},"geometry":{"type":"LineString","coordinates":[[16.42368,51.2315],[16.42545,51.23227],[16.42584,51.23259],[16.42604,51.2329],[16.4264,51.23311],[16.4271,51.2332],[16.42801,51.23318],[16.42869,51.23349],[16.42938,51.23416],[16.42969,51.23435],[16.43007,51.23445],[16.43082,51.23445]]}},{"type":"Feature","properties":{"numer":"2179D","klasa":"droga zbiorcza","kat":"powiatowa"},"geometry":{"type":"LineString","coordinates":[[16.44039,51.23348],[16.43888,51.23369],[16.4351,51.23446],[16.43381,51.23436],[16.43195,51.23466],[16.43101,51.23449]]}},{"type":"Feature","properties":{"numer":"2179D","klasa":"droga zbiorcza","kat":"powiatowa"},"geometry":{"type":"LineString","coordinates":[[16.43082,51.23445],[16.43101,51.23449]]}},{"type":"Feature","properties":{"numer":"2191D","klasa":"droga zbiorcza","kat":"powiatowa"},"geometry":{"type":"LineString","coordinates":[[16.44906,51.24508],[16.45497,51.24352],[16.45565,51.24327],[16.45714,51.24254],[16.4579,51.24179],[16.45872,51.24129],[16.46101,51.2386],[16.46501,51.23556],[16.46554,51.23524],[16.46907,51.23394],[16.46906,51.23309],[16.46923,51.2321],[16.46969,51.23128],[16.470303092756645,51.23063771235018]]}},{"type":"Feature","properties":{"numer":"338","klasa":"droga gĹ‚Ăłwna","kat":"wojewodzka"},"geometry":{"type":"LineString","coordinates":[[16.44039,51.23348],[16.44251,51.23839],[16.44302,51.23932],[16.44366,51.24014],[16.44654,51.24315]]}},{"type":"Feature","properties":{"numer":"338","klasa":"droga gĹ‚Ăłwna","kat":"wojewodzka"},"geometry":{"type":"LineString","coordinates":[[16.44654,51.24315],[16.44671,51.24332]]}},{"type":"Feature","properties":{"numer":"338","klasa":"droga gĹ‚Ăłwna","kat":"wojewodzka"},"geometry":{"type":"LineString","coordinates":[[16.44671,51.24332],[16.44831,51.24527]]}},{"type":"Feature","properties":{"numer":"2191D","klasa":"droga zbiorcza","kat":"powiatowa"},"geometry":{"type":"LineString","coordinates":[[16.44893,51.24512],[16.44906,51.24508]]}},{"type":"Feature","properties":{"numer":"2191D","klasa":"droga zbiorcza","kat":"powiatowa"},"geometry":{"type":"LineString","coordinates":[[16.44831,51.24527],[16.44893,51.24512]]}},{"type":"Feature","properties":{"numer":"2191D","klasa":"droga zbiorcza","kat":"powiatowa"},"geometry":{"type":"LineString","coordinates":[[16.44544,51.24628],[16.4464,51.24583],[16.44831,51.24527]]}},{"type":"Feature","properties":{"numer":"2191D","klasa":"droga zbiorcza","kat":"powiatowa"},"geometry":{"type":"LineString","coordinates":[[16.43776,51.25063],[16.44003,51.24883],[16.44544,51.24628]]}},{"type":"Feature","properties":{"numer":"94","klasa":"droga gĹ‚Ăłwna","kat":"krajowa"},"geometry":{"type":"LineString","coordinates":[[16.38059,51.2659],[16.3924,51.26047],[16.3936,51.25977],[16.42286,51.23227]]}},{"type":"Feature","properties":{"numer":"338","klasa":"droga gĹ‚Ăłwna","kat":"wojewodzka"},"geometry":{"type":"LineString","coordinates":[[16.44831,51.24527],[16.45334,51.25212],[16.45426,51.25308]]}},{"type":"Feature","properties":{"numer":"2191D","klasa":"droga zbiorcza","kat":"powiatowa"},"geometry":{"type":"LineString","coordinates":[[16.43328,51.25421],[16.43432,51.2532],[16.4363,51.25184],[16.43776,51.25063]]}},{"type":"Feature","properties":{"numer":"338","klasa":"droga gĹ‚Ăłwna","kat":"wojewodzka"},"geometry":{"type":"LineString","coordinates":[[16.45426,51.25308],[16.45546,51.254]]}},{"type":"Feature","properties":{"numer":"2191D","klasa":"droga zbiorcza","kat":"powiatowa"},"geometry":{"type":"LineString","coordinates":[[16.43319,51.25431],[16.43328,51.25421]]}},{"type":"Feature","properties":{"numer":"2191D","klasa":"droga zbiorcza","kat":"powiatowa"},"geometry":{"type":"LineString","coordinates":[[16.43269,51.25478],[16.43319,51.25431]]}},{"type":"Feature","properties":{"numer":"338","klasa":"droga gĹ‚Ăłwna","kat":"wojewodzka"},"geometry":{"type":"LineString","coordinates":[[16.45546,51.254],[16.45678,51.25475],[16.45833,51.25528]]}},{"type":"Feature","properties":{"numer":"2191D","klasa":"droga zbiorcza","kat":"powiatowa"},"geometry":{"type":"LineString","coordinates":[[16.42962,51.25593],[16.43077,51.25536],[16.43239,51.25493],[16.43269,51.25478]]}},{"type":"Feature","properties":{"numer":"338","klasa":"droga gĹ‚Ăłwna","kat":"wojewodzka"},"geometry":{"type":"LineString","coordinates":[[16.45833,51.25528],[16.459997749897664,51.25580331155147]]}},{"type":"Feature","properties":{"numer":"2191D","klasa":"droga zbiorcza","kat":"powiatowa"},"geometry":{"type":"LineString","coordinates":[[16.38641,51.27057],[16.38975,51.27103],[16.39108,51.27133],[16.39243,51.27178],[16.39355,51.27189],[16.39396,51.27214],[16.39442,51.27281],[16.39489,51.27311],[16.39758,51.27431],[16.39838,51.27447],[16.40195,51.27435],[16.40349,51.27414],[16.40585,51.27351],[16.40795,51.2727],[16.41072,51.27221],[16.41348,51.27136],[16.41373,51.27119],[16.41411,51.27057],[16.41736,51.26788],[16.42191,51.26326],[16.42549,51.25826],[16.42962,51.25593]]}},{"type":"Feature","properties":{"numer":"2191D","klasa":"droga zbiorcza","kat":"powiatowa"},"geometry":{"type":"LineString","coordinates":[[16.38613,51.27054],[16.38641,51.27057]]}},{"type":"Feature","properties":{"numer":"94","klasa":"droga gĹ‚Ăłwna","kat":"krajowa"},"geometry":{"type":"LineString","coordinates":[[16.37341,51.26894],[16.37408,51.26876]]}},{"type":"Feature","properties":{"numer":"2222D","klasa":"droga zbiorcza","kat":"powiatowa"},"geometry":{"type":"LineString","coordinates":[[16.37325,51.26929],[16.37408,51.26876]]}},{"type":"Feature","properties":{"numer":"94","klasa":"droga gĹ‚Ăłwna","kat":"krajowa"},"geometry":{"type":"LineString","coordinates":[[16.36371,51.27073],[16.36699,51.27034],[16.37341,51.26894]]}},{"type":"Feature","properties":{"numer":"2222D","klasa":"droga zbiorcza","kat":"powiatowa"},"geometry":{"type":"LineString","coordinates":[[16.36497,51.27187],[16.36595,51.27174],[16.36943,51.27098],[16.37325,51.26929]]}},{"type":"Feature","properties":{"numer":"2184D,94","klasa":"droga gĹ‚Ăłwna","kat":"powiatowa"},"geometry":{"type":"LineString","coordinates":[[16.36359,51.27074],[16.36371,51.27073]]}},{"type":"Feature","properties":{"numer":"94","klasa":"droga gĹ‚Ăłwna","kat":"krajowa"},"geometry":{"type":"LineString","coordinates":[[16.35643,51.27149],[16.36359,51.27074]]}},{"type":"Feature","properties":{"numer":"104587D","klasa":"droga lokalna","kat":"powiatowa"},"geometry":{"type":"LineString","coordinates":[[16.35251,51.27117],[16.35279,51.27132]]}},{"type":"Feature","properties":{"numer":"94","klasa":"droga gĹ‚Ăłwna","kat":"krajowa"},"geometry":{"type":"LineString","coordinates":[[16.35251,51.27117],[16.35345,51.27131],[16.35643,51.27149]]}},{"type":"Feature","properties":{"numer":"2184D","klasa":"droga zbiorcza","kat":"powiatowa"},"geometry":{"type":"LineString","coordinates":[[16.36368,51.27199],[16.36359,51.27074]]}},{"type":"Feature","properties":{"numer":"2191D","klasa":"droga zbiorcza","kat":"powiatowa"},"geometry":{"type":"LineString","coordinates":[[16.37159,51.27232],[16.3795,51.27091],[16.38474,51.27042],[16.38613,51.27054]]}},{"type":"Feature","properties":{"numer":"333","klasa":"droga gĹ‚Ăłwna ruchu przyĹ›pieszonego","kat":"wojewodzka"},"geometry":{"type":"LineString","coordinates":[[16.1235,51.21243],[16.12336,51.2121]]}},{"type":"Feature","properties":{"numer":"333","klasa":"droga gĹ‚Ăłwna ruchu przyĹ›pieszonego","kat":"wojewodzka"},"geometry":{"type":"LineString","coordinates":[[16.1236,51.21265],[16.1235,51.21243]]}},{"type":"Feature","properties":{"numer":"333,94","klasa":"droga gĹ‚Ăłwna","kat":"gminna"},"geometry":{"type":"LineString","coordinates":[[16.12392,51.21255],[16.1236,51.21265]]}},{"type":"Feature","properties":{"numer":"94","klasa":"droga gĹ‚Ăłwna","kat":"krajowa"},"geometry":{"type":"LineString","coordinates":[[16.1236,51.21265],[16.12327,51.21271]]}},{"type":"Feature","properties":{"numer":"94","klasa":"droga gĹ‚Ăłwna","kat":"krajowa"},"geometry":{"type":"LineString","coordinates":[[16.12327,51.21271],[16.1227,51.21283]]}},{"type":"Feature","properties":{"numer":"94","klasa":"droga gĹ‚Ăłwna","kat":"krajowa"},"geometry":{"type":"LineString","coordinates":[[16.1227,51.21283],[16.12121,51.21308],[16.11082,51.21362]]}},{"type":"Feature","properties":{"numer":"E65,S3","klasa":"droga ekspresowa","kat":"krajowa"},"geometry":{"type":"LineString","coordinates":[[16.13316930038968,51.21906813044184],[16.12561,51.21191]]}},{"type":"Feature","properties":{"numer":"94","klasa":"droga gĹ‚Ăłwna","kat":"krajowa"},"geometry":{"type":"LineString","coordinates":[[16.11082,51.21362],[16.0939,51.21624],[16.09168,51.21683],[16.08452,51.21908],[16.08014,51.22014]]}},{"type":"Feature","properties":{"numer":"2198D","klasa":"droga zbiorcza","kat":"powiatowa"},"geometry":{"type":"LineString","coordinates":[[16.31748,51.22068],[16.31719,51.22141]]}},{"type":"Feature","properties":{"numer":"2198D","klasa":"droga zbiorcza","kat":"powiatowa"},"geometry":{"type":"LineString","coordinates":[[16.31719,51.22141],[16.31698,51.22197],[16.31655,51.2223]]}},{"type":"Feature","properties":{"numer":"2179D,2198D","klasa":"droga zbiorcza","kat":"powiatowa"},"geometry":{"type":"LineString","coordinates":[[16.31655,51.2223],[16.31595,51.2224],[16.31382,51.22206]]}},{"type":"Feature","properties":{"numer":"2179D,2198D","klasa":"droga zbiorcza","kat":"powiatowa"},"geometry":{"type":"LineString","coordinates":[[16.31382,51.22206],[16.31353,51.22253],[16.31207,51.22405]]}},{"type":"Feature","properties":{"numer":"2179D","klasa":"droga zbiorcza","kat":"powiatowa"},"geometry":{"type":"LineString","coordinates":[[16.31033,51.22383],[16.31128,51.22389],[16.31207,51.22405]]}},{"type":"Feature","properties":{"numer":"2198D","klasa":"droga zbiorcza","kat":"powiatowa"},"geometry":{"type":"LineString","coordinates":[[16.31207,51.22405],[16.31116,51.22442]]}},{"type":"Feature","properties":{"numer":"2195D","klasa":"droga zbiorcza","kat":"powiatowa"},"geometry":{"type":"LineString","coordinates":[[16.31433,51.22521],[16.31368,51.22472],[16.31225,51.22407],[16.31207,51.22405]]}},{"type":"Feature","properties":{"numer":"2179D","klasa":"droga zbiorcza","kat":"powiatowa"},"geometry":{"type":"LineString","coordinates":[[16.36383,51.22527],[16.36918,51.22483],[16.36977,51.22491],[16.3706,51.22482],[16.37302,51.2248],[16.37459,51.22461]]}},{"type":"Feature","properties":{"numer":"2179D","klasa":"droga zbiorcza","kat":"powiatowa"},"geometry":{"type":"LineString","coordinates":[[16.35954,51.22581],[16.36383,51.22527]]}},{"type":"Feature","properties":{"numer":"2179D","klasa":"droga zbiorcza","kat":"powiatowa"},"geometry":{"type":"LineString","coordinates":[[16.31655,51.2223],[16.31949,51.22324],[16.32086,51.22406],[16.32126,51.22418],[16.32277,51.22436],[16.32396,51.22461],[16.33112,51.22504],[16.33265,51.22559],[16.33456,51.22657],[16.33796,51.22681],[16.33901,51.22759],[16.33986,51.22786],[16.3455,51.22819],[16.34708,51.22837],[16.34865,51.22883],[16.35081,51.22902],[16.35195,51.22872],[16.3593,51.22724]]}},{"type":"Feature","properties":{"numer":"2179D","klasa":"droga zbiorcza","kat":"powiatowa"},"geometry":{"type":"LineString","coordinates":[[16.28313,51.2192],[16.28393,51.21932],[16.28859,51.21962],[16.29059,51.22009],[16.29372,51.22129],[16.29545,51.22178],[16.29933,51.22244],[16.30477,51.22258],[16.30574,51.22267],[16.30819,51.22318],[16.30939,51.2237],[16.31033,51.22383]]}},{"type":"Feature","properties":{"numer":"94","klasa":"droga gĹ‚Ăłwna","kat":"krajowa"},"geometry":{"type":"LineString","coordinates":[[16.23317,51.21916],[16.23521,51.2205],[16.23782,51.22138],[16.2386,51.22154],[16.2413,51.22189],[16.24382,51.22204],[16.24561,51.22244],[16.24597,51.22259],[16.24636,51.22292],[16.24682,51.22392]]}},{"type":"Feature","properties":{"numer":"2179D","klasa":"droga zbiorcza","kat":"powiatowa"},"geometry":{"type":"LineString","coordinates":[[16.24682,51.22392],[16.24876,51.22361],[16.24997,51.22354],[16.25136,51.22321],[16.2539,51.22289],[16.25425,51.22269],[16.25439,51.22192],[16.25496,51.22101]]}},{"type":"Feature","properties":{"numer":"2179D,94","klasa":"droga gĹ‚Ăłwna","kat":"powiatowa"},"geometry":{"type":"LineString","coordinates":[[16.24682,51.22392],[16.24757,51.22551]]}},{"type":"Feature","properties":{"numer":"2179D","klasa":"droga zbiorcza","kat":"powiatowa"},"geometry":{"type":"LineString","coordinates":[[16.24737,51.22568],[16.24757,51.22551]]}},{"type":"Feature","properties":{"numer":"2179D","klasa":"droga zbiorcza","kat":"powiatowa"},"geometry":{"type":"LineString","coordinates":[[16.21909510416667,51.22633],[16.21915,51.22633]]}},{"type":"Feature","properties":{"numer":"2179D","klasa":"droga zbiorcza","kat":"powiatowa"},"geometry":{"type":"LineString","coordinates":[[16.21915,51.22633],[16.2207,51.22642],[16.22263,51.2267],[16.22364,51.22696],[16.22599,51.22778],[16.22916,51.22827],[16.22994,51.22824],[16.23055,51.22812],[16.23526,51.22694],[16.23595,51.22687],[16.23672,51.22694],[16.23935,51.22787],[16.24052,51.22804],[16.24482,51.22738],[16.24737,51.22568]]}},{"type":"Feature","properties":{"numer":"94","klasa":"droga gĹ‚Ăłwna","kat":"krajowa"},"geometry":{"type":"LineString","coordinates":[[16.24757,51.22551],[16.24808,51.22601],[16.24879,51.22647],[16.27178,51.24078]]}},{"type":"Feature","properties":{"numer":"94","klasa":"droga gĹ‚Ăłwna","kat":"krajowa"},"geometry":{"type":"LineString","coordinates":[[16.06651,51.2255],[16.06636,51.22556]]}},{"type":"Feature","properties":{"numer":"2611D","klasa":"droga zbiorcza","kat":"powiatowa"},"geometry":{"type":"LineString","coordinates":[[16.0708,51.2256],[16.07066,51.22556]]}},{"type":"Feature","properties":{"numer":"94","klasa":"droga gĹ‚Ăłwna","kat":"krajowa"},"geometry":{"type":"LineString","coordinates":[[16.06636,51.22556],[16.06553,51.22588]]}},{"type":"Feature","properties":{"numer":"94","klasa":"droga gĹ‚Ăłwna","kat":"krajowa"},"geometry":{"type":"LineString","coordinates":[[16.06553,51.22588],[16.06543,51.22592]]}},{"type":"Feature","properties":{"numer":"2611D","klasa":"droga zbiorcza","kat":"powiatowa"},"geometry":{"type":"LineString","coordinates":[[16.09718,51.2356],[16.09671,51.23551],[16.09527,51.23547],[16.09502,51.23538],[16.09438,51.23491],[16.09391,51.2348],[16.0912,51.23482],[16.08841,51.23498],[16.08765,51.23489],[16.08695,51.23468],[16.08229,51.2328],[16.07945,51.23115],[16.07743,51.23026],[16.07551,51.2292],[16.07354,51.22859],[16.07311,51.22812],[16.07264,51.22651],[16.07243,51.2262],[16.07208,51.22599],[16.0708,51.2256]]}},{"type":"Feature","properties":{"numer":"2174D","klasa":"droga zbiorcza","kat":"powiatowa"},"geometry":{"type":"LineString","coordinates":[[16.12969,51.24407],[16.12968,51.24294],[16.1298,51.24261],[16.13158,51.24135],[16.13516,51.23944],[16.13563,51.23902],[16.13584,51.23855],[16.13592,51.23704],[16.13583,51.23595],[16.13594,51.23467],[16.13629,51.2332],[16.13688,51.22875],[16.13718,51.22587],[16.13721,51.22397],[16.13695,51.22335],[16.135122105161265,51.221560587157875]]}},{"type":"Feature","properties":{"numer":"E65,S3","klasa":"droga ekspresowa","kat":"krajowa"},"geometry":{"type":"LineString","coordinates":[[16.14952,51.24949],[16.1493,51.24799],[16.14878,51.24673],[16.148110668837838,51.245655299260754]]}},{"type":"Feature","properties":{"numer":"E65,S3","klasa":"droga ekspresowa","kat":"krajowa"},"geometry":{"type":"LineString","coordinates":[[16.144525955158585,51.24056459806781],[16.1438,51.23917],[16.14325,51.2374],[16.14138,51.22958],[16.14047,51.22731],[16.13948,51.22563],[16.1385,51.22433],[16.13721,51.22293],[16.135742250343153,51.221513879728064]]}},{"type":"Feature","properties":{"numer":"2611D","klasa":"droga zbiorcza","kat":"powiatowa"},"geometry":{"type":"LineString","coordinates":[[16.09852,51.23618],[16.09718,51.2356]]}},{"type":"Feature","properties":{"numer":"2611D","klasa":"droga zbiorcza","kat":"powiatowa"},"geometry":{"type":"LineString","coordinates":[[16.09961,51.23722],[16.09922,51.23656],[16.09852,51.23618]]}},{"type":"Feature","properties":{"numer":"2611D","klasa":"droga zbiorcza","kat":"powiatowa"},"geometry":{"type":"LineString","coordinates":[[16.10285,51.24135],[16.10233,51.24118],[16.10018,51.23823],[16.09961,51.23722]]}},{"type":"Feature","properties":{"numer":"333","klasa":"droga gĹ‚Ăłwna","kat":"wojewodzka"},"geometry":{"type":"LineString","coordinates":[[16.16462,51.24558],[16.16478552640243,51.24524050859423]]}},{"type":"Feature","properties":{"numer":"1250D","klasa":"droga zbiorcza","kat":"powiatowa"},"geometry":{"type":"LineString","coordinates":[[16.178850302674803,51.24324669999639],[16.179,51.24339],[16.18197,51.24681],[16.1846,51.2507],[16.1854,51.25156]]}},{"type":"Feature","properties":{"numer":"333","klasa":"droga gĹ‚Ăłwna ruchu przyĹ›pieszonego","kat":"wojewodzka"},"geometry":{"type":"LineString","coordinates":[[16.16251,51.25037],[16.16304,51.24975],[16.164,51.24699],[16.16462,51.24558]]}},{"type":"Feature","properties":{"numer":"2210D","klasa":"droga zbiorcza","kat":"powiatowa"},"geometry":{"type":"LineString","coordinates":[[16.14463,51.24883],[16.14511,51.249]]}},{"type":"Feature","properties":{"numer":"2210D","klasa":"droga zbiorcza","kat":"powiatowa"},"geometry":{"type":"LineString","coordinates":[[16.14511,51.249],[16.14579,51.24914],[16.1483,51.24937]]}},{"type":"Feature","properties":{"numer":"2210D","klasa":"droga zbiorcza","kat":"powiatowa"},"geometry":{"type":"LineString","coordinates":[[16.1483,51.24937],[16.14952,51.24949]]}},{"type":"Feature","properties":{"numer":"2198D","klasa":"droga zbiorcza","kat":"powiatowa"},"geometry":{"type":"LineString","coordinates":[[16.31116,51.22442],[16.30865,51.22519],[16.30061,51.22823],[16.29784,51.22989],[16.29014,51.23333],[16.28827,51.23423],[16.28768,51.23477],[16.28732,51.23528],[16.28543,51.23997],[16.28349,51.24376]]}},{"type":"Feature","properties":{"numer":"94","klasa":"droga gĹ‚Ăłwna","kat":"krajowa"},"geometry":{"type":"LineString","coordinates":[[16.27178,51.24078],[16.27199,51.24088]]}},{"type":"Feature","properties":{"numer":"94","klasa":"droga gĹ‚Ăłwna","kat":"krajowa"},"geometry":{"type":"LineString","coordinates":[[16.27199,51.24088],[16.27284,51.24118]]}},{"type":"Feature","properties":{"numer":"94","klasa":"droga gĹ‚Ăłwna","kat":"krajowa"},"geometry":{"type":"LineString","coordinates":[[16.27284,51.24118],[16.28246,51.24357],[16.28349,51.24376]]}},{"type":"Feature","properties":{"numer":"94","klasa":"droga gĹ‚Ăłwna","kat":"krajowa"},"geometry":{"type":"LineString","coordinates":[[16.28349,51.24376],[16.28541,51.24429],[16.28676,51.24444],[16.28801,51.24502],[16.28871,51.24525]]}},{"type":"Feature","properties":{"numer":"94","klasa":"droga gĹ‚Ăłwna","kat":"krajowa"},"geometry":{"type":"LineString","coordinates":[[16.28871,51.24525],[16.28879,51.24526]]}},{"type":"Feature","properties":{"numer":"2180D","klasa":"droga zbiorcza","kat":"powiatowa"},"geometry":{"type":"LineString","coordinates":[[16.25436,51.25731],[16.25339,51.25701],[16.25079,51.25596],[16.24878,51.25531],[16.24507,51.25362],[16.24085,51.25207],[16.2398,51.25186],[16.23457,51.25135],[16.22429,51.25011],[16.22305,51.24977],[16.22109,51.24886],[16.21966,51.24791],[16.21752,51.24613],[16.21737,51.24583],[16.2174,51.24512],[16.21712,51.24458],[16.21669,51.24444],[16.21498,51.24421],[16.214608372690446,51.244005225768205]]}},{"type":"Feature","properties":{"numer":"94","klasa":"droga gĹ‚Ăłwna","kat":"krajowa"},"geometry":{"type":"LineString","coordinates":[[16.28879,51.24526],[16.29047,51.24546],[16.29321,51.24617],[16.29467,51.24663],[16.29677,51.2471]]}},{"type":"Feature","properties":{"numer":"2197D","klasa":"droga zbiorcza","kat":"powiatowa"},"geometry":{"type":"LineString","coordinates":[[16.27284,51.24118],[16.26933,51.24463],[16.26846,51.25025],[16.26829,51.25036],[16.26755,51.25051],[16.26566,51.2515],[16.26445,51.25169],[16.26404,51.25194]]}},{"type":"Feature","properties":{"numer":"2611D","klasa":"droga zbiorcza","kat":"powiatowa"},"geometry":{"type":"LineString","coordinates":[[16.10285,51.24135],[16.1037,51.24139]]}},{"type":"Feature","properties":{"numer":"2210D","klasa":"droga zbiorcza","kat":"powiatowa"},"geometry":{"type":"LineString","coordinates":[[16.10265,51.24172],[16.10285,51.24135]]}},{"type":"Feature","properties":{"numer":"2210D","klasa":"droga zbiorcza","kat":"powiatowa"},"geometry":{"type":"LineString","coordinates":[[16.11343,51.24267],[16.11274,51.24279],[16.11085,51.24264],[16.1077,51.24156],[16.1037,51.24139]]}},{"type":"Feature","properties":{"numer":"2210D","klasa":"droga zbiorcza","kat":"powiatowa"},"geometry":{"type":"LineString","coordinates":[[16.11351,51.24264],[16.11343,51.24267]]}},{"type":"Feature","properties":{"numer":"2210D","klasa":"droga zbiorcza","kat":"powiatowa"},"geometry":{"type":"LineString","coordinates":[[16.12559,51.24391],[16.12472,51.24378],[16.12434,51.24356],[16.12407,51.24329],[16.12359,51.24315],[16.12025,51.24322],[16.11846,51.24315],[16.1161,51.24299],[16.11422,51.2425],[16.11387,51.2425],[16.11351,51.24264]]}},{"type":"Feature","properties":{"numer":"2210D","klasa":"droga zbiorcza","kat":"powiatowa"},"geometry":{"type":"LineString","coordinates":[[16.12564,51.24392],[16.12559,51.24391]]}},{"type":"Feature","properties":{"numer":"2210D","klasa":"droga zbiorcza","kat":"powiatowa"},"geometry":{"type":"LineString","coordinates":[[16.1292,51.24421],[16.12765,51.2442],[16.12708,51.24412],[16.12649,51.24392],[16.12564,51.24392]]}},{"type":"Feature","properties":{"numer":"2174D","klasa":"droga zbiorcza","kat":"powiatowa"},"geometry":{"type":"LineString","coordinates":[[16.1292,51.24421],[16.12947,51.24418],[16.12969,51.24407]]}},{"type":"Feature","properties":{"numer":"2174D","klasa":"droga zbiorcza","kat":"powiatowa"},"geometry":{"type":"LineString","coordinates":[[16.12969,51.24407],[16.12975,51.24439]]}},{"type":"Feature","properties":{"numer":"2210D","klasa":"droga zbiorcza","kat":"powiatowa"},"geometry":{"type":"LineString","coordinates":[[16.12975,51.24439],[16.12958,51.24428],[16.1292,51.24421]]}},{"type":"Feature","properties":{"numer":"2179D","klasa":"droga zbiorcza","kat":"powiatowa"},"geometry":{"type":"LineString","coordinates":[[16.35917,51.22586],[16.35954,51.22581]]}},{"type":"Feature","properties":{"numer":"2179D,2184D","klasa":"droga zbiorcza","kat":"powiatowa"},"geometry":{"type":"LineString","coordinates":[[16.3593,51.22724],[16.35917,51.22586]]}},{"type":"Feature","properties":{"numer":"2184D","klasa":"droga zbiorcza","kat":"powiatowa"},"geometry":{"type":"LineString","coordinates":[[16.3593,51.22724],[16.35918,51.23054],[16.3599,51.23238],[16.35987,51.23289],[16.35949,51.23415],[16.35964,51.2346],[16.3601,51.23529],[16.36015,51.23764],[16.36051,51.23826],[16.36206,51.2395],[16.36224,51.23982],[16.36236,51.24041]]}},{"type":"Feature","properties":{"numer":"2195D","klasa":"droga zbiorcza","kat":"powiatowa"},"geometry":{"type":"LineString","coordinates":[[16.31084,51.2518],[16.31104,51.25134],[16.31166,51.24841],[16.31557,51.23961],[16.31581,51.23831],[16.31555,51.23496],[16.31574,51.23438],[16.31687,51.23261],[16.31713,51.23173],[16.31757,51.22695],[16.31752,51.22662],[16.31733,51.2264],[16.31698,51.22621],[16.31472,51.22542],[16.31433,51.22521]]}},{"type":"Feature","properties":{"numer":"2184D","klasa":"droga zbiorcza","kat":"powiatowa"},"geometry":{"type":"LineString","coordinates":[[16.36236,51.24041],[16.36237,51.24045]]}},{"type":"Feature","properties":{"numer":"94","klasa":"droga gĹ‚Ăłwna","kat":"krajowa"},"geometry":{"type":"LineString","coordinates":[[16.29685,51.24712],[16.30183,51.24831],[16.30581,51.24957],[16.30857,51.25055],[16.31084,51.2518]]}},{"type":"Feature","properties":{"numer":"2184D","klasa":"droga zbiorcza","kat":"powiatowa"},"geometry":{"type":"LineString","coordinates":[[16.36237,51.24045],[16.36253,51.24063],[16.36412,51.24121],[16.36443,51.24155],[16.36434,51.24177],[16.36365,51.24226],[16.36343,51.24314],[16.36347,51.24384],[16.36336,51.24452],[16.36282,51.2461],[16.36281,51.24648],[16.36311,51.24745],[16.36267,51.25076],[16.36282,51.25345],[16.36452,51.25931],[16.36509,51.26037],[16.36629,51.2617],[16.3668,51.26376],[16.36668,51.2654],[16.36633,51.26641],[16.36383,51.27036],[16.36371,51.27073]]}},{"type":"Feature","properties":{"numer":"94","klasa":"droga gĹ‚Ăłwna","kat":"krajowa"},"geometry":{"type":"LineString","coordinates":[[16.31084,51.2518],[16.31189,51.25238],[16.31291,51.25322],[16.31408,51.25363],[16.31504,51.25424],[16.31658,51.25488],[16.3203,51.25573],[16.32273,51.25592],[16.32531,51.25628],[16.32619,51.25651],[16.32661,51.25683],[16.32689,51.25765],[16.32737,51.25808],[16.32948,51.25893],[16.3338,51.26051],[16.336,51.26154],[16.3393,51.26342],[16.34339,51.26562],[16.34521,51.26679],[16.34677,51.2675],[16.3487,51.26936],[16.34927,51.26977],[16.35222,51.27112],[16.35251,51.27117]]}},{"type":"Feature","properties":{"numer":"94","klasa":"droga gĹ‚Ăłwna","kat":"krajowa"},"geometry":{"type":"LineString","coordinates":[[16.38045,51.26597],[16.38059,51.2659]]}},{"type":"Feature","properties":{"numer":"94","klasa":"droga gĹ‚Ăłwna","kat":"krajowa"},"geometry":{"type":"LineString","coordinates":[[16.37408,51.26876],[16.37564,51.26818],[16.38045,51.26597]]}},{"type":"Feature","properties":{"numer":"2217D","klasa":"droga zbiorcza","kat":"powiatowa"},"geometry":{"type":"LineString","coordinates":[[15.98633,51.22965],[15.98573,51.2298],[15.98536,51.23007]]}},{"type":"Feature","properties":{"numer":"2217D","klasa":"droga zbiorcza","kat":"powiatowa"},"geometry":{"type":"LineString","coordinates":[[15.98531,51.23012],[15.98536,51.23007]]}},{"type":"Feature","properties":{"numer":"2217D","klasa":"droga zbiorcza","kat":"powiatowa"},"geometry":{"type":"LineString","coordinates":[[15.98531,51.23012],[15.98514,51.23041],[15.98511,51.23086],[15.98517,51.23523]]}},{"type":"Feature","properties":{"numer":"94","klasa":"droga gĹ‚Ăłwna","kat":"krajowa"},"geometry":{"type":"LineString","coordinates":[[16.02836,51.24091],[16.02979,51.24014],[16.03301,51.23884],[16.03721,51.23731],[16.04858,51.23239],[16.06543,51.22592]]}},{"type":"Feature","properties":{"numer":"2217D","klasa":"droga zbiorcza","kat":"powiatowa"},"geometry":{"type":"LineString","coordinates":[[15.98517,51.23527],[15.98517,51.23523]]}},{"type":"Feature","properties":{"numer":"2217D","klasa":"droga zbiorcza","kat":"powiatowa"},"geometry":{"type":"LineString","coordinates":[[15.98517,51.23527],[15.98519,51.2378]]}},{"type":"Feature","properties":{"numer":"2216D","klasa":"droga gĹ‚Ăłwna","kat":"powiatowa"},"geometry":{"type":"LineString","coordinates":[[15.96593,51.23728],[15.96686,51.23731],[15.96867,51.23723],[15.97115,51.23772],[15.97904,51.23825],[15.98038,51.23821],[15.98519,51.2378]]}},{"type":"Feature","properties":{"numer":"2210D","klasa":"droga zbiorcza","kat":"powiatowa"},"geometry":{"type":"LineString","coordinates":[[16.02854,51.24114],[16.02836,51.24091]]}},{"type":"Feature","properties":{"numer":"2216D","klasa":"droga gĹ‚Ăłwna","kat":"powiatowa"},"geometry":{"type":"LineString","coordinates":[[15.98519,51.2378],[15.98565,51.23794],[15.98637,51.23835],[15.98738,51.2395],[15.98772,51.24418],[15.98764,51.24534]]}},{"type":"Feature","properties":{"numer":"94","klasa":"droga gĹ‚Ăłwna","kat":"krajowa"},"geometry":{"type":"LineString","coordinates":[[16.02536,51.24234],[16.02583,51.24223],[16.02721,51.24136],[16.02836,51.24091]]}},{"type":"Feature","properties":{"numer":"2266D","klasa":"","kat":"powiatowa"},"geometry":{"type":"LineString","coordinates":[[15.798033159372741,51.24138488072068],[15.79802,51.2414]]}},{"type":"Feature","properties":{"numer":"2266D","klasa":"droga gĹ‚Ăłwna","kat":"powiatowa"},"geometry":{"type":"LineString","coordinates":[[15.79802,51.2414],[15.79564,51.24487],[15.79397,51.24665],[15.79046,51.24951],[15.78869,51.25215]]}},{"type":"Feature","properties":{"numer":"2266D","klasa":"droga gĹ‚Ăłwna","kat":"powiatowa"},"geometry":{"type":"LineString","coordinates":[[15.78869,51.25215],[15.78737,51.25408],[15.78665,51.25471]]}},{"type":"Feature","properties":{"numer":"2268D","klasa":"droga gĹ‚Ăłwna","kat":"powiatowa"},"geometry":{"type":"LineString","coordinates":[[15.84697,51.25881],[15.84733,51.25849],[15.8476,51.25795],[15.84922,51.25405],[15.84933,51.25349]]}},{"type":"Feature","properties":{"numer":"2219D","klasa":"droga gĹ‚Ăłwna","kat":"powiatowa"},"geometry":{"type":"LineString","coordinates":[[15.84697,51.25881],[15.84739,51.25889]]}},{"type":"Feature","properties":{"numer":"2216D","klasa":"droga gĹ‚Ăłwna","kat":"powiatowa"},"geometry":{"type":"LineString","coordinates":[[15.94101,51.23385],[15.94225,51.23419],[15.94299,51.23427],[15.94914,51.23367],[15.94979,51.23368],[15.95048,51.23391],[15.95179,51.2348],[15.95255,51.23514],[15.95686,51.23557],[15.96047,51.23648],[15.96593,51.23728]]}},{"type":"Feature","properties":{"numer":"328","klasa":"droga gĹ‚Ăłwna","kat":"wojewodzka"},"geometry":{"type":"LineString","coordinates":[[15.93388,51.24286],[15.93398,51.24258],[15.93358,51.24131],[15.93445,51.23688],[15.93422,51.23616],[15.93289,51.23405],[15.93214,51.23194]]}},{"type":"Feature","properties":{"numer":"A4,E40","klasa":"autostrada","kat":"krajowa"},"geometry":{"type":"LineString","coordinates":[[15.93166,51.22959],[15.92605,51.23027],[15.925881308880388,51.230295372241564]]}},{"type":"Feature","properties":{"numer":"104290D,328","klasa":"droga gĹ‚Ăłwna","kat":"powiatowa"},"geometry":{"type":"LineString","coordinates":[[15.93388,51.24286],[15.93324,51.24324]]}},{"type":"Feature","properties":{"numer":"2215D","klasa":"droga gĹ‚Ăłwna","kat":"powiatowa"},"geometry":{"type":"LineString","coordinates":[[15.96593,51.23728],[15.96227,51.24092],[15.96011,51.24371],[15.95926,51.24531],[15.95809,51.2493],[15.95714,51.25136],[15.95621,51.25306],[15.95475,51.25517],[15.95299,51.25709],[15.95299,51.25807],[15.95251,51.25942],[15.95261,51.26027]]}},{"type":"Feature","properties":{"numer":"2268D","klasa":"","kat":"powiatowa"},"geometry":{"type":"LineString","coordinates":[[15.849350849704244,51.25341107810544],[15.84935,51.25342]]}},{"type":"Feature","properties":{"numer":"2268D","klasa":"droga gĹ‚Ăłwna","kat":"powiatowa"},"geometry":{"type":"LineString","coordinates":[[15.84933,51.25349],[15.84935,51.25342]]}},{"type":"Feature","properties":{"numer":"328","klasa":"droga gĹ‚Ăłwna","kat":"wojewodzka"},"geometry":{"type":"LineString","coordinates":[[15.93324,51.24324],[15.9331,51.24344],[15.93253,51.24557],[15.93176,51.24671],[15.92996,51.24855],[15.92951,51.24934],[15.92935,51.24986],[15.92915,51.25142],[15.92906,51.25589],[15.92854,51.25829],[15.92866,51.26062],[15.92857,51.26272],[15.92834,51.26386],[15.92873,51.26501],[15.92855,51.2654],[15.92756,51.26672]]}},{"type":"Feature","properties":{"numer":"2210D","klasa":"droga zbiorcza","kat":"powiatowa"},"geometry":{"type":"LineString","coordinates":[[16.14018,51.24767],[16.13677,51.24663],[16.13275,51.24524],[16.13024,51.24479],[16.12998,51.24466],[16.12975,51.24439]]}},{"type":"Feature","properties":{"numer":"2210D","klasa":"droga zbiorcza","kat":"powiatowa"},"geometry":{"type":"LineString","coordinates":[[16.14022,51.24768],[16.14018,51.24767]]}},{"type":"Feature","properties":{"numer":"2210D","klasa":"droga zbiorcza","kat":"powiatowa"},"geometry":{"type":"LineString","coordinates":[[16.1408,51.24782],[16.14022,51.24768]]}},{"type":"Feature","properties":{"numer":"2210D","klasa":"droga zbiorcza","kat":"powiatowa"},"geometry":{"type":"LineString","coordinates":[[16.1408,51.24782],[16.14092,51.24785]]}},{"type":"Feature","properties":{"numer":"2210D","klasa":"droga zbiorcza","kat":"powiatowa"},"geometry":{"type":"LineString","coordinates":[[16.14092,51.24785],[16.14223,51.24819]]}},{"type":"Feature","properties":{"numer":"2210D","klasa":"droga zbiorcza","kat":"powiatowa"},"geometry":{"type":"LineString","coordinates":[[16.14223,51.24819],[16.14251,51.24826]]}},{"type":"Feature","properties":{"numer":"2210D","klasa":"droga zbiorcza","kat":"powiatowa"},"geometry":{"type":"LineString","coordinates":[[16.14251,51.24826],[16.14463,51.24883]]}},{"type":"Feature","properties":{"numer":"2210D","klasa":"droga zbiorcza","kat":"powiatowa"},"geometry":{"type":"LineString","coordinates":[[16.10265,51.24172],[16.10195,51.24213],[16.09834,51.24383],[16.09489,51.24465],[16.09406,51.245],[16.09332,51.24549],[16.09276,51.24609],[16.09219,51.24772],[16.09111,51.24922],[16.08966,51.25051],[16.08567,51.2554],[16.08547,51.25559],[16.08494,51.25585],[16.08449,51.25594],[16.08312,51.25586],[16.08133,51.25601],[16.0804,51.25597],[16.07838,51.25566],[16.07692,51.25578],[16.0755,51.25571],[16.07399,51.25591],[16.07241,51.25586],[16.07008,51.25594],[16.06808,51.25636],[16.06518,51.25664]]}},{"type":"Feature","properties":{"numer":"2194D","klasa":"droga zbiorcza","kat":"powiatowa"},"geometry":{"type":"LineString","coordinates":[[16.1483,51.24937],[16.14781,51.25033],[16.14365,51.25468],[16.1413,51.25698],[16.13988,51.25866]]}},{"type":"Feature","properties":{"numer":"2210D","klasa":"droga zbiorcza","kat":"powiatowa"},"geometry":{"type":"LineString","coordinates":[[16.06518,51.25664],[16.06512,51.25664]]}},{"type":"Feature","properties":{"numer":"94","klasa":"droga gĹ‚Ăłwna","kat":"krajowa"},"geometry":{"type":"LineString","coordinates":[[16.02525,51.24234],[16.02536,51.24234]]}},{"type":"Feature","properties":{"numer":"94","klasa":"droga gĹ‚Ăłwna","kat":"krajowa"},"geometry":{"type":"LineString","coordinates":[[15.98764,51.24534],[15.99373,51.2437],[15.99543,51.24335],[16.01092,51.24147],[16.01639,51.2412],[16.01898,51.24129],[16.02047,51.24145],[16.02525,51.24234]]}},{"type":"Feature","properties":{"numer":"2216D,94","klasa":"droga gĹ‚Ăłwna","kat":"powiatowa"},"geometry":{"type":"LineString","coordinates":[[15.98764,51.24534],[15.98601,51.24576]]}},{"type":"Feature","properties":{"numer":"2210D","klasa":"droga zbiorcza","kat":"powiatowa"},"geometry":{"type":"LineString","coordinates":[[16.05303,51.25395],[16.05264,51.25213],[16.05236,51.25182],[16.05186,51.25162],[16.05012,51.25121],[16.04675,51.24985],[16.03958,51.24651],[16.03771,51.24587],[16.03645,51.24514],[16.03052,51.24266],[16.02902,51.24193],[16.02854,51.24114]]}},{"type":"Feature","properties":{"numer":"2216D","klasa":"droga gĹ‚Ăłwna","kat":"powiatowa"},"geometry":{"type":"LineString","coordinates":[[15.98601,51.24576],[15.98761,51.2469],[15.98971,51.24745],[15.99077,51.24765],[15.99113,51.24767],[15.99238,51.2475],[15.99397,51.24749],[15.9948,51.2474],[15.99584,51.24743],[15.99973,51.248],[16.00011,51.24827],[16.0022,51.24831],[16.00604,51.24792],[16.00745,51.24785],[16.00872,51.24762],[16.0093,51.24741],[16.01081,51.2477],[16.01178,51.24773],[16.01214,51.24782],[16.01261,51.24809],[16.01327,51.24885],[16.01427,51.2493],[16.01787,51.25033],[16.02214,51.25098],[16.02332,51.25134],[16.02595,51.25281],[16.02613,51.25309],[16.02629,51.2541],[16.0289,51.25396],[16.03101,51.25409],[16.03327,51.25452],[16.03474,51.25457]]}},{"type":"Feature","properties":{"numer":"94","klasa":"droga gĹ‚Ăłwna","kat":"krajowa"},"geometry":{"type":"LineString","coordinates":[[15.98601,51.24576],[15.98264,51.24666],[15.98096,51.24718],[15.97563,51.24962],[15.97457,51.25001],[15.97077,51.25097],[15.96962,51.25134],[15.96888,51.2517],[15.96763,51.25247],[15.96558,51.25414],[15.96479,51.25463],[15.9602,51.25641],[15.95798,51.25741],[15.95564,51.25857],[15.95261,51.26027]]}},{"type":"Feature","properties":{"numer":"2216D","klasa":"droga gĹ‚Ăłwna","kat":"powiatowa"},"geometry":{"type":"LineString","coordinates":[[16.03502,51.25458],[16.03599,51.2548],[16.03683,51.25509],[16.03727,51.25513],[16.04215,51.2547],[16.0444,51.25432],[16.04581,51.25429],[16.0481,51.25407],[16.04925,51.25372],[16.05031,51.25353],[16.05137,51.25354],[16.05235,51.25384],[16.05303,51.25395]]}},{"type":"Feature","properties":{"numer":"2216D","klasa":"droga gĹ‚Ăłwna","kat":"powiatowa"},"geometry":{"type":"LineString","coordinates":[[16.03474,51.25457],[16.03502,51.25458]]}},{"type":"Feature","properties":{"numer":"2210D","klasa":"droga zbiorcza","kat":"powiatowa"},"geometry":{"type":"LineString","coordinates":[[16.05629,51.25626],[16.05469,51.25702],[16.05431,51.25707],[16.05405,51.25695],[16.05285,51.25587],[16.05302,51.25513],[16.05303,51.25395]]}},{"type":"Feature","properties":{"numer":"2210D","klasa":"droga zbiorcza","kat":"powiatowa"},"geometry":{"type":"LineString","coordinates":[[16.06512,51.25664],[16.06397,51.25668],[16.06366,51.25662],[16.06356,51.25647],[16.06361,51.25588],[16.06352,51.25561],[16.06324,51.25539],[16.06292,51.2553],[16.05866,51.25515],[16.05818,51.25531],[16.05629,51.25626]]}},{"type":"Feature","properties":{"numer":"2218D","klasa":"droga gĹ‚Ăłwna","kat":"powiatowa"},"geometry":{"type":"LineString","coordinates":[[15.88881,51.25561],[15.88898,51.25558]]}},{"type":"Feature","properties":{"numer":"2218D","klasa":"droga gĹ‚Ăłwna","kat":"powiatowa"},"geometry":{"type":"LineString","coordinates":[[15.88652,51.25611],[15.88703,51.25605],[15.88758,51.25618],[15.88783,51.25617],[15.88842,51.25574],[15.88881,51.25561]]}},{"type":"Feature","properties":{"numer":"2218D","klasa":"droga gĹ‚Ăłwna","kat":"powiatowa"},"geometry":{"type":"LineString","coordinates":[[15.88898,51.25558],[15.88959,51.25554],[15.88979,51.25597],[15.89022,51.25642],[15.89059,51.25752],[15.8912,51.25819],[15.89225,51.25896],[15.89354,51.25901],[15.8945,51.25946],[15.8956,51.25972],[15.89714,51.25973],[15.90013,51.26013],[15.90061,51.26033],[15.90112,51.26066],[15.90159,51.26122],[15.90239,51.26179],[15.90241,51.26203],[15.90186,51.26289],[15.90201,51.26307],[15.90265,51.26336],[15.90504,51.26397],[15.90681,51.26434],[15.90881,51.26455],[15.91041,51.26431],[15.91093,51.26412],[15.91162,51.26403],[15.91346,51.26396],[15.91442,51.2638],[15.9162,51.26375],[15.91677,51.26399],[15.91793,51.26476],[15.92051,51.26559],[15.92134,51.26613],[15.92235,51.26657]]}},{"type":"Feature","properties":{"numer":"94","klasa":"droga gĹ‚Ăłwna","kat":"krajowa"},"geometry":{"type":"LineString","coordinates":[[15.95261,51.26027],[15.95037,51.26154],[15.94863,51.26289]]}},{"type":"Feature","properties":{"numer":"328,94","klasa":"droga gĹ‚Ăłwna","kat":"gminna"},"geometry":{"type":"LineString","coordinates":[[15.94863,51.26289],[15.94781,51.2634],[15.94689,51.26374]]}},{"type":"Feature","properties":{"numer":"2219D","klasa":"droga gĹ‚Ăłwna","kat":"powiatowa"},"geometry":{"type":"LineString","coordinates":[[15.92299,51.26936],[15.92015,51.26837],[15.91813,51.26797],[15.91739,51.26765],[15.91408,51.26735],[15.9113,51.26725],[15.9092,51.26677],[15.90882,51.26686],[15.90815,51.26722],[15.90746,51.26732],[15.90408,51.26701],[15.90218,51.26704],[15.89636,51.26851],[15.89591,51.2685],[15.89498,51.26768],[15.89448,51.26747],[15.89139,51.26732],[15.89061,51.26715],[15.8901,51.26676],[15.88882,51.26529],[15.88819,51.26487],[15.88749,51.26457],[15.88096,51.26294],[15.87545,51.2614],[15.87514,51.26112],[15.87528,51.25977],[15.8752,51.25959],[15.87491,51.25944],[15.87291,51.25936],[15.8722,51.25925],[15.87139,51.25894],[15.87049,51.25831],[15.86824,51.25778],[15.86791,51.25776],[15.86658,51.25797],[15.86437,51.25777],[15.86357,51.25782],[15.86081,51.2585],[15.85628,51.25987],[15.85499,51.26005],[15.85426,51.26003],[15.85321,51.25985],[15.85007,51.25913],[15.84739,51.25889]]}},{"type":"Feature","properties":{"numer":"328,94","klasa":"droga gĹ‚Ăłwna","kat":"gminna"},"geometry":{"type":"LineString","coordinates":[[15.94652,51.26385],[15.94689,51.26374]]}},{"type":"Feature","properties":{"numer":"328,94","klasa":"droga gĹ‚Ăłwna","kat":"gminna"},"geometry":{"type":"LineString","coordinates":[[15.94652,51.26385],[15.94226,51.26514],[15.94075,51.26548],[15.93492,51.26588],[15.9281,51.26704]]}},{"type":"Feature","properties":{"numer":"104383D","klasa":"droga lokalna","kat":"powiatowa"},"geometry":{"type":"LineString","coordinates":[[15.92403,51.26688],[15.92308,51.26687],[15.92235,51.26657]]}},{"type":"Feature","properties":{"numer":"328","klasa":"droga gĹ‚Ăłwna","kat":"wojewodzka"},"geometry":{"type":"LineString","coordinates":[[15.92756,51.26672],[15.92751,51.26678]]}},{"type":"Feature","properties":{"numer":"A4,E40","klasa":"autostrada","kat":"krajowa"},"geometry":{"type":"LineString","coordinates":[[15.830656633712787,51.25904253979667],[15.80027,51.2714],[15.79657,51.27297],[15.79437,51.27401]]}},{"type":"Feature","properties":{"numer":"2268D","klasa":"droga gĹ‚Ăłwna","kat":"powiatowa"},"geometry":{"type":"LineString","coordinates":[[15.84567,51.27589],[15.84553,51.2711],[15.84494,51.2708],[15.84329,51.27023],[15.84298,51.26991],[15.84296,51.26958],[15.84362,51.26686],[15.84346,51.26416],[15.84352,51.26365],[15.84376,51.26325],[15.84553,51.2615],[15.8457,51.26109],[15.84571,51.26],[15.84592,51.25953],[15.84697,51.25881]]}},{"type":"Feature","properties":{"numer":"94","klasa":"droga gĹ‚Ăłwna","kat":"krajowa"},"geometry":{"type":"LineString","coordinates":[[15.77226,51.27206],[15.76882,51.27094],[15.767960730906207,51.27074252822068]]}},{"type":"Feature","properties":{"numer":"94","klasa":"droga gĹ‚Ăłwna","kat":"krajowa"},"geometry":{"type":"LineString","coordinates":[[15.7729,51.27227],[15.77226,51.27206]]}},{"type":"Feature","properties":{"numer":"94","klasa":"droga gĹ‚Ăłwna","kat":"krajowa"},"geometry":{"type":"LineString","coordinates":[[15.78478,51.27274],[15.77809,51.2719],[15.77686,51.272],[15.77466,51.27244],[15.77386,51.27245],[15.7729,51.27227]]}},{"type":"Feature","properties":{"numer":"94","klasa":"droga gĹ‚Ăłwna","kat":"krajowa"},"geometry":{"type":"LineString","coordinates":[[15.78648,51.27296],[15.78478,51.27274]]}},{"type":"Feature","properties":{"numer":"94","klasa":"droga gĹ‚Ăłwna","kat":"krajowa"},"geometry":{"type":"LineString","coordinates":[[15.79393,51.27395],[15.78648,51.27296]]}},{"type":"Feature","properties":{"numer":"94","klasa":"droga gĹ‚Ăłwna","kat":"krajowa"},"geometry":{"type":"LineString","coordinates":[[15.79437,51.27401],[15.79393,51.27395]]}},{"type":"Feature","properties":{"numer":"94","klasa":"droga gĹ‚Ăłwna","kat":"krajowa"},"geometry":{"type":"LineString","coordinates":[[15.79488,51.27408],[15.79437,51.27401]]}},{"type":"Feature","properties":{"numer":"328","klasa":"droga gĹ‚Ăłwna","kat":"wojewodzka"},"geometry":{"type":"LineString","coordinates":[[15.92751,51.26678],[15.92761,51.26716]]}},{"type":"Feature","properties":{"numer":"328,94","klasa":"droga gĹ‚Ăłwna","kat":"gminna"},"geometry":{"type":"LineString","coordinates":[[15.9281,51.26704],[15.92761,51.26716]]}},{"type":"Feature","properties":{"numer":"104383D","klasa":"droga lokalna","kat":"powiatowa"},"geometry":{"type":"LineString","coordinates":[[15.9265,51.26765],[15.92558,51.26747],[15.92474,51.26695],[15.92403,51.26688]]}},{"type":"Feature","properties":{"numer":"328,94","klasa":"droga gĹ‚Ăłwna","kat":"gminna"},"geometry":{"type":"LineString","coordinates":[[15.92761,51.26716],[15.92677,51.26751]]}},{"type":"Feature","properties":{"numer":"104310D","klasa":"droga lokalna","kat":"powiatowa"},"geometry":{"type":"LineString","coordinates":[[15.9281,51.26704],[15.92922,51.26765]]}},{"type":"Feature","properties":{"numer":"328","klasa":"droga gĹ‚Ăłwna","kat":"wojewodzka"},"geometry":{"type":"LineString","coordinates":[[15.94684,51.27226],[15.94729,51.27169],[15.94852,51.26883],[15.94868,51.26763],[15.94909,51.26721],[15.94925,51.26682],[15.94934,51.26486],[15.94915,51.26428],[15.9487,51.26348],[15.94863,51.26289]]}},{"type":"Feature","properties":{"numer":"94","klasa":"droga gĹ‚Ăłwna","kat":"krajowa"},"geometry":{"type":"LineString","coordinates":[[15.92677,51.26751],[15.9265,51.26765]]}},{"type":"Feature","properties":{"numer":"94","klasa":"droga gĹ‚Ăłwna","kat":"krajowa"},"geometry":{"type":"LineString","coordinates":[[15.9265,51.26765],[15.92628,51.26776]]}},{"type":"Feature","properties":{"numer":"94","klasa":"droga gĹ‚Ăłwna","kat":"krajowa"},"geometry":{"type":"LineString","coordinates":[[15.92628,51.26776],[15.92589,51.26795]]}},{"type":"Feature","properties":{"numer":"104310D","klasa":"droga lokalna","kat":"powiatowa"},"geometry":{"type":"LineString","coordinates":[[15.93119,51.26895],[15.93071,51.26852],[15.92922,51.26765]]}},{"type":"Feature","properties":{"numer":"94","klasa":"droga gĹ‚Ăłwna","kat":"krajowa"},"geometry":{"type":"LineString","coordinates":[[15.92589,51.26795],[15.92321,51.26925]]}},{"type":"Feature","properties":{"numer":"94","klasa":"droga gĹ‚Ăłwna","kat":"krajowa"},"geometry":{"type":"LineString","coordinates":[[15.92321,51.26925],[15.92299,51.26936]]}},{"type":"Feature","properties":{"numer":"94","klasa":"droga gĹ‚Ăłwna","kat":"krajowa"},"geometry":{"type":"LineString","coordinates":[[15.92299,51.26936],[15.92276,51.26947]]}},{"type":"Feature","properties":{"numer":"104310D","klasa":"droga lokalna","kat":"powiatowa"},"geometry":{"type":"LineString","coordinates":[[15.93244,51.27],[15.93199,51.26974],[15.93119,51.26895]]}},{"type":"Feature","properties":{"numer":"104390D","klasa":"droga lokalna","kat":"powiatowa"},"geometry":{"type":"LineString","coordinates":[[15.93784,51.26954],[15.93706,51.26953],[15.93643,51.26961]]}},{"type":"Feature","properties":{"numer":"104390D","klasa":"droga lokalna","kat":"powiatowa"},"geometry":{"type":"LineString","coordinates":[[15.93643,51.26961],[15.93513,51.2698]]}},{"type":"Feature","properties":{"numer":"104390D","klasa":"droga lokalna","kat":"powiatowa"},"geometry":{"type":"LineString","coordinates":[[15.94008,51.2699],[15.93784,51.26954]]}},{"type":"Feature","properties":{"numer":"104390D","klasa":"droga lokalna","kat":"powiatowa"},"geometry":{"type":"LineString","coordinates":[[15.93513,51.2698],[15.93244,51.27]]}},{"type":"Feature","properties":{"numer":"104390D","klasa":"droga lokalna","kat":"powiatowa"},"geometry":{"type":"LineString","coordinates":[[15.94071,51.27004],[15.94008,51.2699]]}},{"type":"Feature","properties":{"numer":"104378D","klasa":"droga lokalna","kat":"powiatowa"},"geometry":{"type":"LineString","coordinates":[[15.9323,51.27023],[15.9324,51.27007]]}},{"type":"Feature","properties":{"numer":"104390D","klasa":"droga lokalna","kat":"powiatowa"},"geometry":{"type":"LineString","coordinates":[[15.94195,51.27042],[15.94071,51.27004]]}},{"type":"Feature","properties":{"numer":"2219D","klasa":"droga gĹ‚Ăłwna","kat":"powiatowa"},"geometry":{"type":"LineString","coordinates":[[15.92679,51.27116],[15.92597,51.27066],[15.92505,51.27039],[15.92299,51.26936]]}},{"type":"Feature","properties":{"numer":"104378D","klasa":"droga lokalna","kat":"powiatowa"},"geometry":{"type":"LineString","coordinates":[[15.93225,51.27031],[15.9323,51.27023]]}},{"type":"Feature","properties":{"numer":"104393D","klasa":"droga lokalna","kat":"powiatowa"},"geometry":{"type":"LineString","coordinates":[[15.93225,51.27031],[15.93313,51.2707],[15.93383,51.27082]]}},{"type":"Feature","properties":{"numer":"104390D","klasa":"droga lokalna","kat":"powiatowa"},"geometry":{"type":"LineString","coordinates":[[15.94297,51.27073],[15.94195,51.27042]]}},{"type":"Feature","properties":{"numer":"104378D","klasa":"droga lokalna","kat":"powiatowa"},"geometry":{"type":"LineString","coordinates":[[15.93183,51.27103],[15.93225,51.27031]]}},{"type":"Feature","properties":{"numer":"104390D","klasa":"droga lokalna","kat":"powiatowa"},"geometry":{"type":"LineString","coordinates":[[15.94346,51.27083],[15.94297,51.27073]]}},{"type":"Feature","properties":{"numer":"94","klasa":"droga gĹ‚Ăłwna","kat":"krajowa"},"geometry":{"type":"LineString","coordinates":[[15.92276,51.26947],[15.92107,51.27027],[15.92008,51.27064],[15.91667,51.27173],[15.91512,51.27212]]}},{"type":"Feature","properties":{"numer":"104390D","klasa":"droga lokalna","kat":"powiatowa"},"geometry":{"type":"LineString","coordinates":[[15.94429,51.27095],[15.94346,51.27083]]}},{"type":"Feature","properties":{"numer":"104390D","klasa":"droga lokalna","kat":"powiatowa"},"geometry":{"type":"LineString","coordinates":[[15.94463,51.271],[15.94429,51.27095]]}},{"type":"Feature","properties":{"numer":"104390D","klasa":"droga lokalna","kat":"powiatowa"},"geometry":{"type":"LineString","coordinates":[[15.94585,51.27117],[15.94463,51.271]]}},{"type":"Feature","properties":{"numer":"104393D","klasa":"droga lokalna","kat":"powiatowa"},"geometry":{"type":"LineString","coordinates":[[15.93383,51.27082],[15.93532,51.27102],[15.93651,51.27137]]}},{"type":"Feature","properties":{"numer":"2225D","klasa":"droga gĹ‚Ăłwna","kat":"powiatowa"},"geometry":{"type":"LineString","coordinates":[[15.93011,51.27118],[15.92724,51.27112],[15.92679,51.27116]]}},{"type":"Feature","properties":{"numer":"104390D","klasa":"droga lokalna","kat":"powiatowa"},"geometry":{"type":"LineString","coordinates":[[15.947,51.27132],[15.94616,51.27121]]}},{"type":"Feature","properties":{"numer":"2225D","klasa":"droga gĹ‚Ăłwna","kat":"powiatowa"},"geometry":{"type":"LineString","coordinates":[[15.93011,51.27118],[15.93122,51.27146]]}},{"type":"Feature","properties":{"numer":"2225D","klasa":"droga gĹ‚Ăłwna","kat":"powiatowa"},"geometry":{"type":"LineString","coordinates":[[15.92679,51.27116],[15.92582,51.27163]]}},{"type":"Feature","properties":{"numer":"2225D","klasa":"droga gĹ‚Ăłwna","kat":"powiatowa"},"geometry":{"type":"LineString","coordinates":[[15.93099,51.27185],[15.92902,51.27133],[15.92705,51.27127],[15.92679,51.27116]]}},{"type":"Feature","properties":{"numer":"104395D","klasa":"droga wewnÄ™trzna","kat":"powiatowa"},"geometry":{"type":"LineString","coordinates":[[15.93122,51.27146],[15.93153,51.27157]]}},{"type":"Feature","properties":{"numer":"104393D","klasa":"droga lokalna","kat":"powiatowa"},"geometry":{"type":"LineString","coordinates":[[15.93651,51.27137],[15.93651,51.27181]]}},{"type":"Feature","properties":{"numer":"104395D","klasa":"droga wewnÄ™trzna","kat":"powiatowa"},"geometry":{"type":"LineString","coordinates":[[15.93153,51.27157],[15.93189,51.27169]]}},{"type":"Feature","properties":{"numer":"104395D","klasa":"droga wewnÄ™trzna","kat":"powiatowa"},"geometry":{"type":"LineString","coordinates":[[15.93099,51.27185],[15.93122,51.27146]]}},{"type":"Feature","properties":{"numer":"104313D","klasa":"droga lokalna","kat":"powiatowa"},"geometry":{"type":"LineString","coordinates":[[15.92582,51.27163],[15.92596,51.27175]]}},{"type":"Feature","properties":{"numer":"104395D","klasa":"droga wewnÄ™trzna","kat":"powiatowa"},"geometry":{"type":"LineString","coordinates":[[15.93189,51.27169],[15.93172,51.27201]]}},{"type":"Feature","properties":{"numer":"104395D","klasa":"droga wewnÄ™trzna","kat":"powiatowa"},"geometry":{"type":"LineString","coordinates":[[15.93125,51.27191],[15.93099,51.27185]]}},{"type":"Feature","properties":{"numer":"2225D","klasa":"droga gĹ‚Ăłwna","kat":"powiatowa"},"geometry":{"type":"LineString","coordinates":[[15.92582,51.27163],[15.92513,51.27186],[15.92367,51.27201],[15.92081,51.27181],[15.91938,51.2718],[15.9153,51.27218],[15.91512,51.27212]]}},{"type":"Feature","properties":{"numer":"104393D","klasa":"droga lokalna","kat":"powiatowa"},"geometry":{"type":"LineString","coordinates":[[15.93649,51.27205],[15.93651,51.27181]]}},{"type":"Feature","properties":{"numer":"104395D","klasa":"droga wewnÄ™trzna","kat":"powiatowa"},"geometry":{"type":"LineString","coordinates":[[15.93172,51.27201],[15.93125,51.27191]]}},{"type":"Feature","properties":{"numer":"104313D","klasa":"droga lokalna","kat":"powiatowa"},"geometry":{"type":"LineString","coordinates":[[15.92596,51.27175],[15.92646,51.27229],[15.92698,51.2731]]}},{"type":"Feature","properties":{"numer":"328","klasa":"droga gĹ‚Ăłwna","kat":"wojewodzka"},"geometry":{"type":"LineString","coordinates":[[15.94654,51.2726],[15.94684,51.27226]]}},{"type":"Feature","properties":{"numer":"94","klasa":"droga gĹ‚Ăłwna","kat":"krajowa"},"geometry":{"type":"LineString","coordinates":[[15.91512,51.27212],[15.91398,51.27232],[15.90834,51.2729]]}},{"type":"Feature","properties":{"numer":"104389D","klasa":"droga lokalna","kat":"powiatowa"},"geometry":{"type":"LineString","coordinates":[[15.93144,51.27251],[15.93141,51.27257]]}},{"type":"Feature","properties":{"numer":"104389D","klasa":"droga lokalna","kat":"powiatowa"},"geometry":{"type":"LineString","coordinates":[[15.93141,51.27257],[15.93123,51.27286]]}},{"type":"Feature","properties":{"numer":"104387D","klasa":"droga wewnÄ™trzna","kat":"powiatowa"},"geometry":{"type":"LineString","coordinates":[[15.93623,51.27303],[15.93571,51.27282],[15.93505,51.27275]]}},{"type":"Feature","properties":{"numer":"94","klasa":"droga gĹ‚Ăłwna","kat":"krajowa"},"geometry":{"type":"LineString","coordinates":[[15.90834,51.2729],[15.90713,51.27302]]}},{"type":"Feature","properties":{"numer":"104386D","klasa":"droga lokalna","kat":"powiatowa"},"geometry":{"type":"LineString","coordinates":[[15.93095,51.27324],[15.92932,51.2727]]}},{"type":"Feature","properties":{"numer":"104329D","klasa":"droga lokalna","kat":"powiatowa"},"geometry":{"type":"LineString","coordinates":[[15.93498,51.27324],[15.93505,51.27275]]}},{"type":"Feature","properties":{"numer":"104386D","klasa":"droga lokalna","kat":"powiatowa"},"geometry":{"type":"LineString","coordinates":[[15.92712,51.27336],[15.92779,51.27328],[15.92932,51.2727]]}},{"type":"Feature","properties":{"numer":"104337D","klasa":"droga lokalna","kat":"powiatowa"},"geometry":{"type":"LineString","coordinates":[[15.93123,51.27286],[15.93095,51.27324]]}},{"type":"Feature","properties":{"numer":"104387D","klasa":"droga wewnÄ™trzna","kat":"powiatowa"},"geometry":{"type":"LineString","coordinates":[[15.93647,51.27318],[15.93623,51.27303]]}},{"type":"Feature","properties":{"numer":"328","klasa":"droga gĹ‚Ăłwna","kat":"wojewodzka"},"geometry":{"type":"LineString","coordinates":[[15.94297,51.2738],[15.94344,51.27375],[15.94551,51.27327],[15.94609,51.273],[15.94654,51.2726]]}},{"type":"Feature","properties":{"numer":"104313D","klasa":"droga lokalna","kat":"powiatowa"},"geometry":{"type":"LineString","coordinates":[[15.92698,51.2731],[15.92712,51.27336]]}},{"type":"Feature","properties":{"numer":"2226D","klasa":"droga gĹ‚Ăłwna","kat":"powiatowa"},"geometry":{"type":"LineString","coordinates":[[15.93623,51.27347],[15.93647,51.27318]]}},{"type":"Feature","properties":{"numer":"104329D","klasa":"droga lokalna","kat":"powiatowa"},"geometry":{"type":"LineString","coordinates":[[15.93492,51.27352],[15.93498,51.27324]]}},{"type":"Feature","properties":{"numer":"104386D","klasa":"droga lokalna","kat":"powiatowa"},"geometry":{"type":"LineString","coordinates":[[15.93247,51.27364],[15.93095,51.27324]]}},{"type":"Feature","properties":{"numer":"2225D","klasa":"droga gĹ‚Ăłwna","kat":"powiatowa"},"geometry":{"type":"LineString","coordinates":[[15.93647,51.27318],[15.93772,51.27345],[15.94205,51.27372]]}},{"type":"Feature","properties":{"numer":"104375D","klasa":"droga lokalna","kat":"powiatowa"},"geometry":{"type":"LineString","coordinates":[[15.93623,51.27347],[15.93592,51.27341],[15.93538,51.27352],[15.93492,51.27352]]}},{"type":"Feature","properties":{"numer":"94","klasa":"droga gĹ‚Ăłwna","kat":"krajowa"},"geometry":{"type":"LineString","coordinates":[[15.90713,51.27302],[15.89651,51.27409]]}},{"type":"Feature","properties":{"numer":"2226D","klasa":"droga gĹ‚Ăłwna","kat":"powiatowa"},"geometry":{"type":"LineString","coordinates":[[15.93599,51.2739],[15.93623,51.27347]]}},{"type":"Feature","properties":{"numer":"104386D","klasa":"droga lokalna","kat":"powiatowa"},"geometry":{"type":"LineString","coordinates":[[15.93345,51.27379],[15.93247,51.27364]]}},{"type":"Feature","properties":{"numer":"328","klasa":"droga gĹ‚Ăłwna","kat":"wojewodzka"},"geometry":{"type":"LineString","coordinates":[[15.94205,51.27372],[15.94297,51.2738]]}},{"type":"Feature","properties":{"numer":"104386D","klasa":"droga lokalna","kat":"powiatowa"},"geometry":{"type":"LineString","coordinates":[[15.93482,51.27388],[15.93345,51.27379]]}},{"type":"Feature","properties":{"numer":"104386D","klasa":"droga lokalna","kat":"powiatowa"},"geometry":{"type":"LineString","coordinates":[[15.93599,51.2739],[15.93482,51.27388]]}},{"type":"Feature","properties":{"numer":"2220D","klasa":"","kat":"powiatowa"},"geometry":{"type":"LineString","coordinates":[[15.89645,51.27432],[15.89651,51.27409]]}},{"type":"Feature","properties":{"numer":"328","klasa":"droga gĹ‚Ăłwna","kat":"wojewodzka"},"geometry":{"type":"LineString","coordinates":[[15.94262,51.27509],[15.94218,51.27441],[15.94205,51.27372]]}},{"type":"Feature","properties":{"numer":"328","klasa":"droga gĹ‚Ăłwna","kat":"wojewodzka"},"geometry":{"type":"LineString","coordinates":[[15.94262,51.27509],[15.94283,51.2739],[15.94297,51.2738]]}},{"type":"Feature","properties":{"numer":"2226D","klasa":"droga gĹ‚Ăłwna","kat":"powiatowa"},"geometry":{"type":"LineString","coordinates":[[15.93511,51.27709],[15.93529,51.27675],[15.93553,51.27525],[15.93599,51.2739]]}},{"type":"Feature","properties":{"numer":"94","klasa":"droga gĹ‚Ăłwna","kat":"krajowa"},"geometry":{"type":"LineString","coordinates":[[15.89651,51.27409],[15.89197,51.27454],[15.88497,51.27457],[15.8763,51.27497],[15.87402,51.27525],[15.8647,51.27692],[15.86282,51.2771],[15.85874,51.27716],[15.85694,51.2771],[15.85478,51.27689],[15.84759,51.27598],[15.84567,51.27589]]}},{"type":"Feature","properties":{"numer":"328","klasa":"droga gĹ‚Ăłwna","kat":"wojewodzka"},"geometry":{"type":"LineString","coordinates":[[15.94303,51.27685],[15.94262,51.27509]]}},{"type":"Feature","properties":{"numer":"328","klasa":"droga gĹ‚Ăłwna","kat":"wojewodzka"},"geometry":{"type":"LineString","coordinates":[[15.93511,51.27709],[15.93571,51.27698],[15.94303,51.27685]]}},{"type":"Feature","properties":{"numer":"2194D","klasa":"droga zbiorcza","kat":"powiatowa"},"geometry":{"type":"LineString","coordinates":[[15.97411,51.27826],[15.97376,51.27854],[15.97202,51.27898],[15.97154,51.27988],[15.97121,51.2801],[15.97063,51.28015],[15.96632,51.27979],[15.96081,51.27891],[15.9603,51.27856],[15.95779,51.2764],[15.95646,51.27564],[15.95595,51.27546],[15.95528,51.27539],[15.95411,51.27549],[15.95312,51.27512],[15.95201,51.27505],[15.94803,51.2745],[15.94589,51.27401],[15.94407,51.27395],[15.94297,51.2738]]}},{"type":"Feature","properties":{"numer":"2214D","klasa":"droga zbiorcza","kat":"powiatowa"},"geometry":{"type":"LineString","coordinates":[[16.05695,51.26383],[16.05678,51.2618],[16.05698,51.25822],[16.05695,51.25674],[16.05671,51.25635],[16.05629,51.25626]]}},{"type":"Feature","properties":{"numer":"2214D","klasa":"droga zbiorcza","kat":"powiatowa"},"geometry":{"type":"LineString","coordinates":[[16.05696,51.26393],[16.05695,51.26383]]}},{"type":"Feature","properties":{"numer":"2214D","klasa":"droga zbiorcza","kat":"powiatowa"},"geometry":{"type":"LineString","coordinates":[[16.05219,51.27842],[16.05103,51.27713],[16.05045,51.27628],[16.05029,51.27575],[16.05017,51.27413],[16.05165,51.26819],[16.05179,51.26799],[16.05205,51.26786],[16.05651,51.2665],[16.05703,51.26624],[16.05716,51.26592],[16.05696,51.26393]]}},{"type":"Feature","properties":{"numer":"2194D","klasa":"droga zbiorcza","kat":"powiatowa"},"geometry":{"type":"LineString","coordinates":[[15.97411,51.27826],[15.97439,51.2779]]}},{"type":"Feature","properties":{"numer":"2194D","klasa":"droga zbiorcza","kat":"powiatowa"},"geometry":{"type":"LineString","coordinates":[[16.05219,51.27842],[16.04908,51.27932],[16.04822,51.27968],[16.0469,51.28041],[16.0401,51.28282],[16.0395,51.28295],[16.0374,51.28305],[16.03681,51.28317],[16.03437,51.28409],[16.0311,51.28471],[16.02752,51.28593],[16.02486,51.28632],[16.02299,51.28629],[16.02161,51.28673],[16.02093,51.28679],[16.02008,51.28669],[16.01967,51.2865],[16.01954,51.28635],[16.01948,51.28567],[16.0193,51.28556],[16.01452,51.28547],[16.01396,51.28559],[16.01337,51.28616],[16.01299,51.28637],[16.01171,51.28669],[16.01108,51.28673],[16.01012,51.28659],[16.00477,51.28534],[16.00049,51.28482],[15.9982,51.28496],[15.99606,51.28486],[15.99447,51.28462],[15.99412,51.28474],[15.9937,51.28542],[15.9933,51.2857],[15.99245,51.28577],[15.99061,51.28555],[15.98917,51.28478],[15.98774,51.28366],[15.98695,51.28322],[15.98616,51.28262],[15.98468,51.28103],[15.98426,51.28034],[15.98393,51.28011],[15.98267,51.27975],[15.98051,51.27864],[15.97882,51.27817],[15.9753,51.2776],[15.97469,51.27768],[15.97439,51.2779]]}},{"type":"Feature","properties":{"numer":"335","klasa":"droga gĹ‚Ăłwna","kat":"wojewodzka"},"geometry":{"type":"LineString","coordinates":[[15.96735,51.29605],[15.96773,51.2962]]}},{"type":"Feature","properties":{"numer":"335","klasa":"droga gĹ‚Ăłwna","kat":"wojewodzka"},"geometry":{"type":"LineString","coordinates":[[15.96773,51.2962],[15.96997,51.29711]]}},{"type":"Feature","properties":{"numer":"335","klasa":"droga gĹ‚Ăłwna","kat":"wojewodzka"},"geometry":{"type":"LineString","coordinates":[[15.96997,51.29711],[15.97375,51.29865],[15.97486,51.29932],[15.97794,51.30166],[15.97871,51.30235],[15.97966,51.30352],[15.98019,51.30484]]}},{"type":"Feature","properties":{"numer":"335","klasa":"droga gĹ‚Ăłwna","kat":"wojewodzka"},"geometry":{"type":"LineString","coordinates":[[15.98021,51.3049],[15.98019,51.30484]]}},{"type":"Feature","properties":{"numer":"335","klasa":"droga gĹ‚Ăłwna","kat":"wojewodzka"},"geometry":{"type":"LineString","coordinates":[[15.98021,51.3049],[15.98045,51.30556]]}},{"type":"Feature","properties":{"numer":"2194D","klasa":"droga zbiorcza","kat":"powiatowa"},"geometry":{"type":"LineString","coordinates":[[16.13988,51.25866],[16.13981,51.25874]]}},{"type":"Feature","properties":{"numer":"2194D","klasa":"droga zbiorcza","kat":"powiatowa"},"geometry":{"type":"LineString","coordinates":[[16.08156,51.27781],[16.08239,51.27799],[16.08301,51.27795],[16.08553,51.27697],[16.08604,51.2769],[16.0866,51.27702],[16.08692,51.27723],[16.08727,51.27776],[16.08771,51.27785],[16.08854,51.27742],[16.09148,51.27622],[16.09463,51.27545],[16.09721,51.27546],[16.09981,51.27508],[16.10566,51.27445],[16.10779,51.27372],[16.11176,51.27274],[16.11543,51.27169],[16.11826,51.27109],[16.12252,51.26998],[16.12539,51.26939],[16.12627,51.26909],[16.12765,51.26895],[16.12837,51.26876],[16.1314,51.2676],[16.13281,51.26664],[16.1348,51.26547],[16.1358,51.26425],[16.13744,51.26171],[16.1386,51.26038],[16.13981,51.25874]]}},{"type":"Feature","properties":{"numer":"2194D","klasa":"droga zbiorcza","kat":"powiatowa"},"geometry":{"type":"LineString","coordinates":[[16.07855,51.27678],[16.07891,51.27691]]}},{"type":"Feature","properties":{"numer":"2194D","klasa":"droga zbiorcza","kat":"powiatowa"},"geometry":{"type":"LineString","coordinates":[[16.07891,51.27691],[16.08104,51.27763]]}},{"type":"Feature","properties":{"numer":"2194D","klasa":"droga zbiorcza","kat":"powiatowa"},"geometry":{"type":"LineString","coordinates":[[16.05219,51.27842],[16.05487,51.27819],[16.05632,51.27825],[16.06017,51.27859],[16.0625,51.27825],[16.06597,51.27743],[16.06751,51.27718],[16.07126,51.277],[16.073,51.27712],[16.07444,51.27711],[16.07773,51.27666],[16.0781,51.27667],[16.07855,51.27678]]}},{"type":"Feature","properties":{"numer":"2194D","klasa":"droga zbiorcza","kat":"powiatowa"},"geometry":{"type":"LineString","coordinates":[[16.08104,51.27763],[16.08156,51.27781]]}},{"type":"Feature","properties":{"numer":"1227D","klasa":"droga zbiorcza","kat":"powiatowa"},"geometry":{"type":"LineString","coordinates":[[16.12942,51.29276],[16.13003,51.29259],[16.13404,51.29186],[16.13468,51.29166],[16.13481,51.29152],[16.13508,51.29024],[16.13605,51.28823],[16.13644,51.2879],[16.137,51.28781],[16.13748,51.28784],[16.13992,51.28836],[16.1405,51.28838],[16.14589,51.28688],[16.15118,51.28652]]}},{"type":"Feature","properties":{"numer":"1227D","klasa":"","kat":"powiatowa"},"geometry":{"type":"LineString","coordinates":[[16.129360292559902,51.29280595460278],[16.12942,51.29276]]}},{"type":"Feature","properties":{"numer":"1227D","klasa":"","kat":"powiatowa"},"geometry":{"type":"LineString","coordinates":[[16.072842380320612,51.302522493993614],[16.07442,51.30237],[16.076551558547926,51.30254587116732]]}},{"type":"Feature","properties":{"numer":"328","klasa":"droga gĹ‚Ăłwna","kat":"wojewodzka"},"geometry":{"type":"LineString","coordinates":[[15.92996,51.27999],[15.93243,51.27851],[15.93463,51.27797],[15.93476,51.27781],[15.93484,51.27736],[15.93511,51.27709]]}},{"type":"Feature","properties":{"numer":"328","klasa":"droga gĹ‚Ăłwna","kat":"wojewodzka"},"geometry":{"type":"LineString","coordinates":[[15.92996,51.27999],[15.92993,51.28001]]}},{"type":"Feature","properties":{"numer":"328","klasa":"droga gĹ‚Ăłwna","kat":"wojewodzka"},"geometry":{"type":"LineString","coordinates":[[15.92945,51.28036],[15.92993,51.28001]]}},{"type":"Feature","properties":{"numer":"2220D","klasa":"","kat":"powiatowa"},"geometry":{"type":"LineString","coordinates":[[15.84148,51.2919],[15.84587,51.29107],[15.84728,51.29104],[15.84999,51.29126],[15.85241,51.29131],[15.85547,51.29104],[15.85736,51.29104],[15.86008,51.29065],[15.8682,51.29],[15.86936,51.28981],[15.87147,51.28924],[15.87412,51.28872],[15.87544,51.28834],[15.87606,51.28812],[15.87723,51.28749],[15.87958,51.28657],[15.88213,51.28503],[15.88288,51.2844],[15.88497,51.28214],[15.88694,51.28035],[15.88825,51.27969],[15.88919,51.2787],[15.89099,51.2774],[15.89597,51.27473],[15.89645,51.27432]]}},{"type":"Feature","properties":{"numer":"335","klasa":"droga gĹ‚Ăłwna","kat":"wojewodzka"},"geometry":{"type":"LineString","coordinates":[[15.96735,51.29605],[15.96631,51.29556],[15.96553,51.29506],[15.95985,51.29104],[15.95666,51.28845],[15.95097,51.28453],[15.94918,51.2834],[15.94832,51.28262],[15.94676,51.28088],[15.94347,51.27764],[15.94303,51.27685]]}},{"type":"Feature","properties":{"numer":"2213D","klasa":"","kat":"powiatowa"},"geometry":{"type":"LineString","coordinates":[[15.93072,51.29918],[15.93118,51.29825],[15.93169,51.29777],[15.93173,51.29705],[15.93101,51.29139],[15.92935,51.28341],[15.92977,51.28212],[15.92945,51.28036]]}},{"type":"Feature","properties":{"numer":"328","klasa":"droga gĹ‚Ăłwna","kat":"wojewodzka"},"geometry":{"type":"LineString","coordinates":[[15.90531,51.29937],[15.90715,51.29848],[15.90912,51.29767],[15.90968,51.29733],[15.91111,51.29591],[15.91845,51.28906],[15.92945,51.28036]]}},{"type":"Feature","properties":{"numer":"2212D","klasa":"droga zbiorcza","kat":"powiatowa"},"geometry":{"type":"LineString","coordinates":[[15.90531,51.29937],[15.90569,51.2993],[15.90886,51.29924],[15.91116,51.29877],[15.91337,51.2987],[15.91536,51.29872],[15.91667,51.29885],[15.91903,51.29875],[15.9225,51.29905],[15.92485,51.29876],[15.92555,51.29877],[15.92618,51.29898],[15.92674,51.29905],[15.92717,51.29904],[15.92842,51.2988],[15.92945,51.29891],[15.93072,51.29918]]}},{"type":"Feature","properties":{"numer":"2212D","klasa":"droga zbiorcza","kat":"powiatowa"},"geometry":{"type":"LineString","coordinates":[[15.93072,51.29918],[15.93148,51.29939],[15.9343,51.29943],[15.9348,51.29939],[15.93618,51.29907],[15.9376,51.29903],[15.93938,51.29932],[15.94052,51.29961],[15.94205,51.29969],[15.94502,51.30013],[15.94553,51.30025],[15.94776,51.30108],[15.94904,51.30179],[15.95258,51.30294],[15.95306,51.30329],[15.95385,51.30363],[15.95403,51.30441],[15.95451,51.3047],[15.95585,51.30498],[15.95745,51.30493],[15.96223,51.30498],[15.96258,51.30491],[15.96302,51.30468],[15.96589,51.30176],[15.96705,51.29911],[15.96735,51.29869],[15.96804,51.29808],[15.96997,51.29711]]}},{"type":"Feature","properties":{"numer":"328","klasa":"droga gĹ‚Ăłwna","kat":"wojewodzka"},"geometry":{"type":"LineString","coordinates":[[15.89245,51.32799],[15.89397,51.3256],[15.89644,51.3227],[15.89857,51.31646],[15.89893,51.31269],[15.8989,51.31161],[15.89909,51.31144],[15.89941,51.31136],[15.90054,51.31134],[15.90118,51.31119],[15.90224,51.30969],[15.9023,51.30933],[15.90189,51.30751],[15.90201,51.30631],[15.90135,51.30413],[15.90122,51.30324],[15.90129,51.30266],[15.90155,51.30198],[15.90212,51.30115],[15.9029,51.30057],[15.90531,51.29937]]}},{"type":"Feature","properties":{"numer":"335","klasa":"droga gĹ‚Ăłwna","kat":"wojewodzka"},"geometry":{"type":"LineString","coordinates":[[15.98045,51.30556],[15.98047,51.30563]]}},{"type":"Feature","properties":{"numer":"335","klasa":"droga gĹ‚Ăłwna","kat":"wojewodzka"},"geometry":{"type":"LineString","coordinates":[[15.98047,51.30563],[15.98099,51.3071],[15.98192,51.30858]]}},{"type":"Feature","properties":{"numer":"335","klasa":"droga gĹ‚Ăłwna","kat":"wojewodzka"},"geometry":{"type":"LineString","coordinates":[[15.98192,51.30858],[15.98199,51.30866]]}},{"type":"Feature","properties":{"numer":"335","klasa":"droga gĹ‚Ăłwna","kat":"wojewodzka"},"geometry":{"type":"LineString","coordinates":[[15.98199,51.30866],[15.98229,51.30915],[15.98237,51.31015]]}},{"type":"Feature","properties":{"numer":"335","klasa":"droga gĹ‚Ăłwna","kat":"wojewodzka"},"geometry":{"type":"LineString","coordinates":[[15.98237,51.31015],[15.98259,51.31027],[15.98372,51.31054],[15.9849,51.3111],[15.98509,51.31131],[15.98508,51.31179]]}},{"type":"Feature","properties":{"numer":"2211D","klasa":"droga zbiorcza","kat":"powiatowa"},"geometry":{"type":"LineString","coordinates":[[15.97936,51.31254],[15.98126,51.3116],[15.98237,51.31015]]}},{"type":"Feature","properties":{"numer":"335","klasa":"droga gĹ‚Ăłwna","kat":"wojewodzka"},"geometry":{"type":"LineString","coordinates":[[15.98508,51.31179],[15.98507,51.31186]]}},{"type":"Feature","properties":{"numer":"2211D","klasa":"droga zbiorcza","kat":"powiatowa"},"geometry":{"type":"LineString","coordinates":[[15.97928,51.31257],[15.97936,51.31254]]}},{"type":"Feature","properties":{"numer":"335","klasa":"droga gĹ‚Ăłwna","kat":"wojewodzka"},"geometry":{"type":"LineString","coordinates":[[15.98507,51.31186],[15.98488,51.31313],[15.98493,51.31344]]}},{"type":"Feature","properties":{"numer":"335","klasa":"droga gĹ‚Ăłwna","kat":"wojewodzka"},"geometry":{"type":"LineString","coordinates":[[15.98493,51.31344],[15.98497,51.31351]]}},{"type":"Feature","properties":{"numer":"335","klasa":"droga gĹ‚Ăłwna","kat":"wojewodzka"},"geometry":{"type":"LineString","coordinates":[[15.98497,51.31351],[15.98541,51.31394],[15.98616,51.31431],[15.98653,51.31459],[15.98696,51.31567],[15.98787,51.31902],[15.98891,51.32036],[15.98928,51.32069],[15.98989,51.32104],[15.99127,51.32162],[15.99245,51.3219],[15.99813,51.32196],[16.00162,51.3224],[16.00219,51.3226],[16.00381,51.32351]]}},{"type":"Feature","properties":{"numer":"1232D","klasa":"droga zbiorcza","kat":"powiatowa"},"geometry":{"type":"LineString","coordinates":[[16.00381,51.32351],[16.0072,51.32461],[16.01028,51.32613],[16.01322,51.32733]]}},{"type":"Feature","properties":{"numer":"94","klasa":"droga gĹ‚Ăłwna","kat":"krajowa"},"geometry":{"type":"LineString","coordinates":[[15.81506,51.27675],[15.79488,51.27408]]}},{"type":"Feature","properties":{"numer":"94","klasa":"droga gĹ‚Ăłwna","kat":"krajowa"},"geometry":{"type":"LineString","coordinates":[[15.84567,51.27589],[15.84385,51.27603],[15.83216,51.2779],[15.83038,51.27808],[15.82805,51.27806],[15.81506,51.27675]]}},{"type":"Feature","properties":{"numer":"2269D","klasa":"droga gĹ‚Ăłwna","kat":"powiatowa"},"geometry":{"type":"LineString","coordinates":[[15.81506,51.27675],[15.81438,51.27837],[15.81404,51.27875]]}},{"type":"Feature","properties":{"numer":"2269D","klasa":"droga gĹ‚Ăłwna","kat":"powiatowa"},"geometry":{"type":"LineString","coordinates":[[15.81398,51.27879],[15.81404,51.27875]]}},{"type":"Feature","properties":{"numer":"2269D","klasa":"droga gĹ‚Ăłwna","kat":"powiatowa"},"geometry":{"type":"LineString","coordinates":[[15.81398,51.27879],[15.81317,51.27943],[15.81152,51.28177],[15.8107,51.28259]]}},{"type":"Feature","properties":{"numer":"A4,E40","klasa":"autostrada","kat":"krajowa"},"geometry":{"type":"LineString","coordinates":[[15.79437,51.27401],[15.79119,51.27565],[15.78885,51.27699],[15.777169327227455,51.28416373010892]]}},{"type":"Feature","properties":{"numer":"2269D","klasa":"droga zbiorcza","kat":"powiatowa"},"geometry":{"type":"LineString","coordinates":[[15.8107,51.28259],[15.81075,51.28275],[15.81102,51.28288],[15.81233,51.28283],[15.81279,51.28291],[15.8132,51.28311],[15.81484,51.28484],[15.81565,51.28584],[15.81666,51.28813],[15.81719,51.28958],[15.81658,51.2931],[15.81682,51.29549],[15.8175,51.29609]]}},{"type":"Feature","properties":{"numer":"2220D","klasa":"","kat":"powiatowa"},"geometry":{"type":"LineString","coordinates":[[15.84135,51.29194],[15.84148,51.2919]]}},{"type":"Feature","properties":{"numer":"2220D","klasa":"","kat":"powiatowa"},"geometry":{"type":"LineString","coordinates":[[15.8175,51.29609],[15.81765,51.29539],[15.81786,51.2951],[15.81837,51.29484],[15.81893,51.29466],[15.8219,51.29403],[15.82393,51.29328],[15.82451,51.29314],[15.82784,51.29263],[15.82968,51.29244],[15.83615,51.29234],[15.8381,51.29222],[15.84014,51.29224],[15.84135,51.29194]]}},{"type":"Feature","properties":{"numer":"2269D","klasa":"droga zbiorcza","kat":"powiatowa"},"geometry":{"type":"LineString","coordinates":[[15.81665,51.29696],[15.81755,51.29673],[15.81781,51.29658],[15.81784,51.2964],[15.8175,51.29609]]}},{"type":"Feature","properties":{"numer":"2182D","klasa":"droga zbiorcza","kat":"powiatowa"},"geometry":{"type":"LineString","coordinates":[[16.42345,51.12946],[16.423370757252997,51.12929367731123]]}},{"type":"Feature","properties":{"numer":"2182D","klasa":"","kat":"powiatowa"},"geometry":{"type":"LineString","coordinates":[[16.42345,51.12946],[16.4243,51.1313],[16.42457,51.13235]]}},{"type":"Feature","properties":{"numer":"2069D","klasa":"","kat":"powiatowa"},"geometry":{"type":"LineString","coordinates":[[16.43255,51.13296],[16.43532,51.13298],[16.4375,51.13284],[16.44279,51.13274],[16.44609,51.13253],[16.44869,51.13218],[16.44897,51.13227],[16.4488,51.13317]]}},{"type":"Feature","properties":{"numer":"2182D","klasa":"","kat":"powiatowa"},"geometry":{"type":"LineString","coordinates":[[16.42457,51.13235],[16.42473,51.13265],[16.42509,51.13293],[16.42606,51.13278],[16.42876,51.13309]]}},{"type":"Feature","properties":{"numer":"2069D","klasa":"","kat":"powiatowa"},"geometry":{"type":"LineString","coordinates":[[16.43244,51.13297],[16.43255,51.13296]]}},{"type":"Feature","properties":{"numer":"2069D","klasa":"","kat":"powiatowa"},"geometry":{"type":"LineString","coordinates":[[16.42876,51.13309],[16.42999,51.13322]]}},{"type":"Feature","properties":{"numer":"2069D","klasa":"","kat":"powiatowa"},"geometry":{"type":"LineString","coordinates":[[16.42999,51.13322],[16.43083,51.13337],[16.43131,51.13336],[16.43166,51.13327],[16.43215,51.13301],[16.43244,51.13297]]}},{"type":"Feature","properties":{"numer":"2182D","klasa":"","kat":"powiatowa"},"geometry":{"type":"LineString","coordinates":[[16.42876,51.13309],[16.42865,51.13376],[16.42826,51.13402]]}},{"type":"Feature","properties":{"numer":"2069D","klasa":"","kat":"powiatowa"},"geometry":{"type":"LineString","coordinates":[[16.44862,51.1338],[16.44857,51.13407]]}},{"type":"Feature","properties":{"numer":"2182D","klasa":"","kat":"powiatowa"},"geometry":{"type":"LineString","coordinates":[[16.42826,51.13402],[16.42817,51.13408]]}},{"type":"Feature","properties":{"numer":"2069D","klasa":"","kat":"powiatowa"},"geometry":{"type":"LineString","coordinates":[[16.44857,51.13407],[16.44856,51.13411]]}},{"type":"Feature","properties":{"numer":"2069D","klasa":"","kat":"powiatowa"},"geometry":{"type":"LineString","coordinates":[[16.44856,51.13411],[16.44855289506326,51.13417216819648]]}},{"type":"Feature","properties":{"numer":"2183D","klasa":"droga zbiorcza","kat":"powiatowa"},"geometry":{"type":"LineString","coordinates":[[16.408543148788926,51.129403633218],[16.40878,51.13073],[16.40931,51.1317],[16.41003,51.13255],[16.41036,51.13312],[16.41046,51.13439],[16.41029,51.13592],[16.40595,51.14059],[16.40547,51.14087],[16.4029,51.14192],[16.40203,51.14264],[16.40084,51.14388],[16.40395,51.15319],[16.40485,51.15514],[16.40495,51.15571],[16.40486,51.15628]]}},{"type":"Feature","properties":{"numer":"2182D","klasa":"","kat":"powiatowa"},"geometry":{"type":"LineString","coordinates":[[16.42817,51.13408],[16.42807,51.13429],[16.42849,51.13543],[16.42911,51.1361],[16.43148,51.1382],[16.4359,51.14093],[16.43925,51.14269],[16.44188,51.14476],[16.44289,51.14592],[16.44381,51.15264],[16.44386,51.15347],[16.44376,51.15405],[16.44472,51.15484],[16.44504,51.15526]]}},{"type":"Feature","properties":{"numer":"2192D","klasa":"droga zbiorcza","kat":"powiatowa"},"geometry":{"type":"LineString","coordinates":[[16.44635,51.15645],[16.46239,51.1543],[16.465038772432017,51.154152845976]]}},{"type":"Feature","properties":{"numer":"2182D","klasa":"","kat":"powiatowa"},"geometry":{"type":"LineString","coordinates":[[16.44504,51.15526],[16.44506,51.15544]]}},{"type":"Feature","properties":{"numer":"2182D","klasa":"","kat":"powiatowa"},"geometry":{"type":"LineString","coordinates":[[16.44506,51.15544],[16.44539,51.15568],[16.44602,51.15649]]}},{"type":"Feature","properties":{"numer":"2183D","klasa":"droga zbiorcza","kat":"powiatowa"},"geometry":{"type":"LineString","coordinates":[[16.40486,51.15628],[16.40485,51.15637]]}},{"type":"Feature","properties":{"numer":"2192D","klasa":"droga zbiorcza","kat":"powiatowa"},"geometry":{"type":"LineString","coordinates":[[16.44602,51.15649],[16.44635,51.15645]]}},{"type":"Feature","properties":{"numer":"2192D","klasa":"droga zbiorcza","kat":"powiatowa"},"geometry":{"type":"LineString","coordinates":[[16.44381,51.15659],[16.4424,51.15673],[16.44153,51.15669],[16.43861,51.1559],[16.43766,51.15575],[16.43684,51.15572],[16.43221,51.15609],[16.42235,51.15642],[16.41505,51.15734]]}},{"type":"Feature","properties":{"numer":"2192D","klasa":"droga zbiorcza","kat":"powiatowa"},"geometry":{"type":"LineString","coordinates":[[16.44381,51.15659],[16.4446,51.15654],[16.44499,51.15661],[16.44602,51.15649]]}},{"type":"Feature","properties":{"numer":"2183D","klasa":"droga zbiorcza","kat":"powiatowa"},"geometry":{"type":"LineString","coordinates":[[16.40485,51.15637],[16.40474,51.157]]}},{"type":"Feature","properties":{"numer":"2192D","klasa":"droga zbiorcza","kat":"powiatowa"},"geometry":{"type":"LineString","coordinates":[[16.41505,51.15734],[16.41451,51.15721],[16.41346,51.15646],[16.41313,51.15638],[16.40905,51.15671],[16.40751,51.15667],[16.40545,51.157],[16.40474,51.157]]}},{"type":"Feature","properties":{"numer":"2192D","klasa":"droga zbiorcza","kat":"powiatowa"},"geometry":{"type":"LineString","coordinates":[[16.40474,51.157],[16.40335,51.15697]]}},{"type":"Feature","properties":{"numer":"2192D","klasa":"droga zbiorcza","kat":"powiatowa"},"geometry":{"type":"LineString","coordinates":[[16.40335,51.15697],[16.39961,51.15677],[16.39757,51.15676],[16.39551,51.15697],[16.39211,51.15769]]}},{"type":"Feature","properties":{"numer":"2192D","klasa":"droga zbiorcza","kat":"powiatowa"},"geometry":{"type":"LineString","coordinates":[[16.39211,51.15769],[16.38934,51.15784],[16.38661,51.15825],[16.38478,51.15817],[16.38148,51.1594]]}},{"type":"Feature","properties":{"numer":"2068D","klasa":"droga zbiorcza","kat":"powiatowa"},"geometry":{"type":"LineString","coordinates":[[16.39211,51.15769],[16.39289,51.15906],[16.39376,51.16197],[16.39427,51.16263],[16.39526,51.16334],[16.39672,51.16415],[16.4042,51.169],[16.40464,51.16933],[16.40538,51.17011],[16.40609,51.17037],[16.40716,51.17062],[16.40876,51.17167],[16.40921,51.17222],[16.40995,51.17268]]}},{"type":"Feature","properties":{"numer":"104702D","klasa":"droga gĹ‚Ăłwna","kat":"powiatowa"},"geometry":{"type":"LineString","coordinates":[[16.41387,51.17245],[16.41627,51.17218]]}},{"type":"Feature","properties":{"numer":"104702D","klasa":"droga gĹ‚Ăłwna","kat":"powiatowa"},"geometry":{"type":"LineString","coordinates":[[16.41088,51.17292],[16.41143,51.17292],[16.41387,51.17245]]}},{"type":"Feature","properties":{"numer":"2068D","klasa":"droga zbiorcza","kat":"powiatowa"},"geometry":{"type":"LineString","coordinates":[[16.40995,51.17268],[16.41045,51.17284]]}},{"type":"Feature","properties":{"numer":"104702D","klasa":"droga gĹ‚Ăłwna","kat":"powiatowa"},"geometry":{"type":"LineString","coordinates":[[16.39899,51.17248],[16.40222,51.1727],[16.40502,51.17322],[16.40571,51.17322]]}},{"type":"Feature","properties":{"numer":"2196D","klasa":"droga zbiorcza","kat":"powiatowa"},"geometry":{"type":"LineString","coordinates":[[16.40976,51.17288],[16.41045,51.17284]]}},{"type":"Feature","properties":{"numer":"2068D","klasa":"droga zbiorcza","kat":"powiatowa"},"geometry":{"type":"LineString","coordinates":[[16.41045,51.17284],[16.41088,51.17292]]}},{"type":"Feature","properties":{"numer":"2196D","klasa":"droga zbiorcza","kat":"powiatowa"},"geometry":{"type":"LineString","coordinates":[[16.4089,51.17295],[16.40976,51.17288]]}},{"type":"Feature","properties":{"numer":"104702D","klasa":"droga gĹ‚Ăłwna","kat":"powiatowa"},"geometry":{"type":"LineString","coordinates":[[16.40857,51.17298],[16.4089,51.17295]]}},{"type":"Feature","properties":{"numer":"2196D","klasa":"droga zbiorcza","kat":"powiatowa"},"geometry":{"type":"LineString","coordinates":[[16.40772,51.17305],[16.40857,51.17298]]}},{"type":"Feature","properties":{"numer":"104702D","klasa":"droga gĹ‚Ăłwna","kat":"powiatowa"},"geometry":{"type":"LineString","coordinates":[[16.40743,51.17307],[16.40772,51.17305]]}},{"type":"Feature","properties":{"numer":"2196D","klasa":"droga zbiorcza","kat":"powiatowa"},"geometry":{"type":"LineString","coordinates":[[16.40571,51.17322],[16.40743,51.17307]]}},{"type":"Feature","properties":{"numer":"2068D","klasa":"droga zbiorcza","kat":"powiatowa"},"geometry":{"type":"LineString","coordinates":[[16.41088,51.17292],[16.41158,51.17405],[16.41185,51.17426]]}},{"type":"Feature","properties":{"numer":"2210D","klasa":"droga zbiorcza","kat":"powiatowa"},"geometry":{"type":"LineString","coordinates":[[16.14952,51.24949],[16.15302,51.24954]]}},{"type":"Feature","properties":{"numer":"2210D","klasa":"droga zbiorcza","kat":"powiatowa"},"geometry":{"type":"LineString","coordinates":[[16.15302,51.24954],[16.15309,51.24953]]}},{"type":"Feature","properties":{"numer":"2210D","klasa":"droga zbiorcza","kat":"powiatowa"},"geometry":{"type":"LineString","coordinates":[[16.15309,51.24953],[16.15508,51.2496],[16.15651,51.24952],[16.15946,51.24982],[16.16104,51.25027],[16.16179,51.25037],[16.16219,51.25033],[16.16251,51.25037]]}},{"type":"Feature","properties":{"numer":"2210D","klasa":"droga zbiorcza","kat":"powiatowa"},"geometry":{"type":"LineString","coordinates":[[16.16251,51.25037],[16.16346,51.25061],[16.16394,51.25063]]}},{"type":"Feature","properties":{"numer":"2210D","klasa":"droga zbiorcza","kat":"powiatowa"},"geometry":{"type":"LineString","coordinates":[[16.16394,51.25063],[16.16552,51.25054]]}},{"type":"Feature","properties":{"numer":"2210D","klasa":"droga zbiorcza","kat":"powiatowa"},"geometry":{"type":"LineString","coordinates":[[16.16552,51.25054],[16.16732,51.25054],[16.16875,51.25079],[16.16998,51.25075],[16.17164,51.25106],[16.17393,51.25116],[16.1755,51.25136],[16.18201,51.25182],[16.18346,51.25205],[16.18387,51.25204],[16.18457,51.25173],[16.1854,51.25156]]}},{"type":"Feature","properties":{"numer":"E65,S3","klasa":"droga ekspresowa","kat":"krajowa"},"geometry":{"type":"LineString","coordinates":[[16.15315,51.26829],[16.15311,51.26645],[16.15268,51.26469],[16.15189,51.26297],[16.14982,51.25962],[16.14937,51.25857],[16.14898,51.25714],[16.14885,51.25606],[16.14888,51.25467],[16.14952,51.24949]]}},{"type":"Feature","properties":{"numer":"333","klasa":"droga gĹ‚Ăłwna ruchu przyĹ›pieszonego","kat":"wojewodzka"},"geometry":{"type":"LineString","coordinates":[[16.15592,51.26798],[16.15646,51.26764],[16.15663,51.26738],[16.15663,51.26713],[16.15629,51.2664],[16.1563,51.26594],[16.16095,51.25238],[16.16139,51.25148],[16.16251,51.25037]]}},{"type":"Feature","properties":{"numer":"1250D","klasa":"droga zbiorcza","kat":"powiatowa"},"geometry":{"type":"LineString","coordinates":[[16.21162,51.28088],[16.20795,51.27401],[16.20615,51.27189],[16.20471,51.27052],[16.20181,51.2682],[16.19978,51.26637],[16.19726,51.26301],[16.19686,51.26122],[16.19662,51.26082],[16.19166,51.2569],[16.18943,51.2558],[16.18732,51.25435],[16.18684,51.25379],[16.18631,51.2524],[16.1854,51.25156]]}},{"type":"Feature","properties":{"numer":"333","klasa":"droga gĹ‚Ăłwna ruchu przyĹ›pieszonego","kat":"wojewodzka"},"geometry":{"type":"LineString","coordinates":[[16.15592,51.26798],[16.1557,51.2681]]}},{"type":"Feature","properties":{"numer":"94","klasa":"droga gĹ‚Ăłwna","kat":"krajowa"},"geometry":{"type":"LineString","coordinates":[[16.29677,51.2471],[16.29685,51.24712]]}},{"type":"Feature","properties":{"numer":"2197D","klasa":"droga zbiorcza","kat":"powiatowa"},"geometry":{"type":"LineString","coordinates":[[16.26404,51.25194],[16.26377,51.25228]]}},{"type":"Feature","properties":{"numer":"2197D","klasa":"droga zbiorcza","kat":"powiatowa"},"geometry":{"type":"LineString","coordinates":[[16.26377,51.25228],[16.26316,51.2531],[16.26257,51.25431],[16.26223,51.25737],[16.26206,51.25762],[16.26174,51.25774],[16.26128,51.25778],[16.25928,51.25771],[16.25706,51.25898]]}},{"type":"Feature","properties":{"numer":"2180D,2197D","klasa":"droga zbiorcza","kat":"powiatowa"},"geometry":{"type":"LineString","coordinates":[[16.25706,51.25898],[16.25564,51.25774],[16.25436,51.25731]]}},{"type":"Feature","properties":{"numer":"2180D","klasa":"droga zbiorcza","kat":"powiatowa"},"geometry":{"type":"LineString","coordinates":[[16.25706,51.25898],[16.25756,51.25932],[16.25962,51.26029],[16.26048,51.26088],[16.26131,51.26252],[16.26268,51.264],[16.26377,51.2647],[16.26499,51.26517],[16.26759,51.26555],[16.26832,51.26575],[16.2741,51.26766],[16.27768,51.26969],[16.27871,51.27033],[16.28012,51.27139],[16.28104,51.27176],[16.28149,51.27215]]}},{"type":"Feature","properties":{"numer":"2197D","klasa":"droga zbiorcza","kat":"powiatowa"},"geometry":{"type":"LineString","coordinates":[[16.22769,51.28032],[16.22786,51.28021],[16.22862,51.27832],[16.22947,51.27676],[16.23063,51.27423],[16.23114,51.27344],[16.23198,51.27291],[16.23757,51.2705],[16.23871,51.26982],[16.24365,51.26565],[16.24706,51.26216],[16.24881,51.26097],[16.25311,51.25852],[16.25436,51.25731]]}},{"type":"Feature","properties":{"numer":"2180D","klasa":"droga zbiorcza","kat":"powiatowa"},"geometry":{"type":"LineString","coordinates":[[16.28149,51.27215],[16.28154,51.27219]]}},{"type":"Feature","properties":{"numer":"2197D","klasa":"droga zbiorcza","kat":"powiatowa"},"geometry":{"type":"LineString","coordinates":[[16.21202,51.28082],[16.21432,51.28045],[16.21894,51.27985],[16.21989,51.27979],[16.22191,51.27977],[16.22308,51.28007],[16.2245,51.28],[16.22769,51.28032]]}},{"type":"Feature","properties":{"numer":"1250D","klasa":"droga zbiorcza","kat":"powiatowa"},"geometry":{"type":"LineString","coordinates":[[16.21162,51.28088],[16.21202,51.28082]]}},{"type":"Feature","properties":{"numer":"1250D","klasa":"droga zbiorcza","kat":"powiatowa"},"geometry":{"type":"LineString","coordinates":[[16.21202,51.28082],[16.21213,51.28152],[16.2126,51.2823],[16.21299,51.28371],[16.2128,51.28426],[16.21188,51.28554],[16.21155,51.28642],[16.2114,51.28703],[16.21126,51.28864],[16.21082,51.28967]]}},{"type":"Feature","properties":{"numer":"104588D","klasa":"droga lokalna","kat":"powiatowa"},"geometry":{"type":"LineString","coordinates":[[16.36385,51.2774],[16.36361,51.27645],[16.36359,51.27588]]}},{"type":"Feature","properties":{"numer":"104588D","klasa":"droga lokalna","kat":"powiatowa"},"geometry":{"type":"LineString","coordinates":[[16.36387,51.27746],[16.36385,51.2774]]}},{"type":"Feature","properties":{"numer":"36","klasa":"droga gĹ‚Ăłwna","kat":"krajowa"},"geometry":{"type":"LineString","coordinates":[[16.34779,51.28057],[16.34827,51.27592],[16.34852,51.27498]]}},{"type":"Feature","properties":{"numer":"104588D","klasa":"droga lokalna","kat":"powiatowa"},"geometry":{"type":"LineString","coordinates":[[16.36393,51.27884],[16.364,51.2781],[16.36387,51.27746]]}},{"type":"Feature","properties":{"numer":"104588D","klasa":"droga lokalna","kat":"powiatowa"},"geometry":{"type":"LineString","coordinates":[[16.36386,51.27928],[16.36393,51.27884]]}},{"type":"Feature","properties":{"numer":"104588D","klasa":"droga lokalna","kat":"powiatowa"},"geometry":{"type":"LineString","coordinates":[[16.36382,51.27935],[16.36386,51.27928]]}},{"type":"Feature","properties":{"numer":"104588D","klasa":"droga lokalna","kat":"powiatowa"},"geometry":{"type":"LineString","coordinates":[[16.36378,51.27942],[16.36382,51.27935]]}},{"type":"Feature","properties":{"numer":"2180D","klasa":"droga zbiorcza","kat":"powiatowa"},"geometry":{"type":"LineString","coordinates":[[16.28154,51.27219],[16.28468,51.27417],[16.28676,51.27536],[16.28845,51.27591],[16.28907,51.27621],[16.29279,51.27857],[16.29559,51.27853],[16.29797,51.27858],[16.30981,51.28089],[16.31582,51.28249],[16.31895,51.2832],[16.32282,51.28421],[16.32492,51.28452],[16.33318,51.28517],[16.33464,51.28536],[16.34604,51.28768],[16.34652,51.28788],[16.34679,51.28827]]}},{"type":"Feature","properties":{"numer":"104588D","klasa":"droga lokalna","kat":"powiatowa"},"geometry":{"type":"LineString","coordinates":[[16.36147,51.28138],[16.36378,51.27942]]}},{"type":"Feature","properties":{"numer":"36","klasa":"droga gĹ‚Ăłwna","kat":"krajowa"},"geometry":{"type":"LineString","coordinates":[[16.34774,51.281],[16.34779,51.28057]]}},{"type":"Feature","properties":{"numer":"333","klasa":"droga gĹ‚Ăłwna ruchu przyĹ›pieszonego","kat":"wojewodzka"},"geometry":{"type":"LineString","coordinates":[[16.1557,51.2681],[16.15547,51.26823]]}},{"type":"Feature","properties":{"numer":"E65,S3","klasa":"droga ekspresowa","kat":"krajowa"},"geometry":{"type":"LineString","coordinates":[[16.15315,51.26829],[16.15547,51.26823]]}},{"type":"Feature","properties":{"numer":"333","klasa":"droga gĹ‚Ăłwna ruchu przyĹ›pieszonego","kat":"wojewodzka"},"geometry":{"type":"LineString","coordinates":[[16.15547,51.26823],[16.15568,51.26837]]}},{"type":"Feature","properties":{"numer":"333","klasa":"droga gĹ‚Ăłwna ruchu przyĹ›pieszonego","kat":"wojewodzka"},"geometry":{"type":"LineString","coordinates":[[16.15568,51.26837],[16.15596,51.26854]]}},{"type":"Feature","properties":{"numer":"E65,S3","klasa":"droga ekspresowa","kat":"krajowa"},"geometry":{"type":"LineString","coordinates":[[16.15175,51.28648],[16.15079,51.28456],[16.15023,51.28279],[16.14993,51.28062],[16.14997,51.27914],[16.15038,51.27703],[16.15268,51.27053],[16.15315,51.26829]]}},{"type":"Feature","properties":{"numer":"333","klasa":"droga gĹ‚Ăłwna ruchu przyĹ›pieszonego","kat":"wojewodzka"},"geometry":{"type":"LineString","coordinates":[[16.15593,51.28627],[16.15621,51.28477],[16.15611,51.2837],[16.15574,51.28286],[16.15395,51.27964],[16.15225,51.27454],[16.15254,51.27308],[16.15342,51.27009],[16.15382,51.26968],[16.15425,51.26944],[16.15592,51.26902],[16.15609,51.26878],[16.15596,51.26854]]}},{"type":"Feature","properties":{"numer":"1227D","klasa":"droga zbiorcza","kat":"powiatowa"},"geometry":{"type":"LineString","coordinates":[[16.1523,51.28645],[16.15593,51.28627]]}},{"type":"Feature","properties":{"numer":"1227D","klasa":"droga zbiorcza","kat":"powiatowa"},"geometry":{"type":"LineString","coordinates":[[16.15175,51.28648],[16.1523,51.28645]]}},{"type":"Feature","properties":{"numer":"1227D","klasa":"droga zbiorcza","kat":"powiatowa"},"geometry":{"type":"LineString","coordinates":[[16.15118,51.28652],[16.15175,51.28648]]}},{"type":"Feature","properties":{"numer":"333","klasa":"droga gĹ‚Ăłwna ruchu przyĹ›pieszonego","kat":"wojewodzka"},"geometry":{"type":"LineString","coordinates":[[16.15733,51.2929],[16.15699,51.2898],[16.15677,51.28907],[16.15593,51.2872],[16.15593,51.28627]]}},{"type":"Feature","properties":{"numer":"E65,S3","klasa":"droga ekspresowa","kat":"krajowa"},"geometry":{"type":"LineString","coordinates":[[16.1561,51.29308],[16.15542,51.29193],[16.15175,51.28648]]}},{"type":"Feature","properties":{"numer":"E65,S3","klasa":"droga ekspresowa","kat":"krajowa"},"geometry":{"type":"LineString","coordinates":[[16.1561,51.29308],[16.156102364963502,51.29308472992701]]}},{"type":"Feature","properties":{"numer":"","klasa":"droga gĹ‚Ăłwna","kat":"gminna"},"geometry":{"type":"LineString","coordinates":[[16.15733,51.2929],[16.157350561916264,51.29303882072116]]}},{"type":"Feature","properties":{"numer":"1244D","klasa":"droga zbiorcza","kat":"powiatowa"},"geometry":{"type":"LineString","coordinates":[[16.35011,51.30499],[16.34967,51.30415],[16.35017,51.30295],[16.35016,51.30221],[16.3499,51.30119],[16.34544,51.29455],[16.34619,51.29365],[16.34701,51.29292],[16.35254,51.28905]]}},{"type":"Feature","properties":{"numer":"36","klasa":"droga gĹ‚Ăłwna","kat":"krajowa"},"geometry":{"type":"LineString","coordinates":[[16.3328,51.30566],[16.33765,51.29952],[16.34483,51.29446],[16.34583,51.29354],[16.34618,51.29306],[16.34655,51.29226],[16.34698,51.28845]]}},{"type":"Feature","properties":{"numer":"1244D","klasa":"droga zbiorcza","kat":"powiatowa"},"geometry":{"type":"LineString","coordinates":[[16.34173,51.30695],[16.34172,51.30684],[16.34196,51.30678],[16.34371,51.30647],[16.34493,51.30634],[16.35011,51.30499]]}},{"type":"Feature","properties":{"numer":"1244D","klasa":"droga zbiorcza","kat":"powiatowa"},"geometry":{"type":"LineString","coordinates":[[16.34818,51.32282],[16.34672,51.31815],[16.34709,51.3157],[16.3469,51.315],[16.34613,51.31331],[16.34211,51.30785],[16.34173,51.30695]]}},{"type":"Feature","properties":{"numer":"36","klasa":"droga gĹ‚Ăłwna ruchu przyĹ›pieszonego","kat":"krajowa"},"geometry":{"type":"LineString","coordinates":[[16.332725253595374,51.305756367265474],[16.3328,51.30566]]}},{"type":"Feature","properties":{"numer":"1244D","klasa":"droga zbiorcza","kat":"powiatowa"},"geometry":{"type":"LineString","coordinates":[[16.34693,51.32527],[16.34527,51.32429],[16.34651,51.32352],[16.3481,51.32315],[16.34818,51.32282]]}},{"type":"Feature","properties":{"numer":"1244D","klasa":"droga zbiorcza","kat":"powiatowa"},"geometry":{"type":"LineString","coordinates":[[16.34693,51.32527],[16.350646375572875,51.328505650374396]]}},{"type":"Feature","properties":{"numer":"1250D","klasa":"droga zbiorcza","kat":"powiatowa"},"geometry":{"type":"LineString","coordinates":[[16.214423221736702,51.29516116535795],[16.21419,51.29497],[16.21395,51.29458],[16.21377,51.29396],[16.2128,51.2932],[16.21169,51.29164],[16.21126870937962,51.29101175960118]]}},{"type":"Feature","properties":{"numer":"1250D","klasa":"droga zbiorcza","kat":"powiatowa"},"geometry":{"type":"LineString","coordinates":[[16.210886232064247,51.2899172663732],[16.21082,51.28967]]}},{"type":"Feature","properties":{"numer":"104587D","klasa":"droga lokalna","kat":"powiatowa"},"geometry":{"type":"LineString","coordinates":[[16.35279,51.27132],[16.35366,51.27159]]}},{"type":"Feature","properties":{"numer":"36","klasa":"droga gĹ‚Ăłwna","kat":"krajowa"},"geometry":{"type":"LineString","coordinates":[[16.35412,51.27173],[16.35643,51.27149]]}},{"type":"Feature","properties":{"numer":"104587D","klasa":"droga lokalna","kat":"powiatowa"},"geometry":{"type":"LineString","coordinates":[[16.35366,51.27159],[16.35412,51.27173]]}},{"type":"Feature","properties":{"numer":"104587D","klasa":"droga lokalna","kat":"powiatowa"},"geometry":{"type":"LineString","coordinates":[[16.35412,51.27173],[16.35449,51.27184]]}},{"type":"Feature","properties":{"numer":"104587D","klasa":"droga lokalna","kat":"powiatowa"},"geometry":{"type":"LineString","coordinates":[[16.35486,51.27194],[16.35449,51.27184]]}},{"type":"Feature","properties":{"numer":"2222D","klasa":"droga zbiorcza","kat":"powiatowa"},"geometry":{"type":"LineString","coordinates":[[16.36368,51.27199],[16.36497,51.27187]]}},{"type":"Feature","properties":{"numer":"36","klasa":"droga gĹ‚Ăłwna","kat":"krajowa"},"geometry":{"type":"LineString","coordinates":[[16.35216,51.27216],[16.35412,51.27173]]}},{"type":"Feature","properties":{"numer":"104547D","klasa":"droga lokalna","kat":"powiatowa"},"geometry":{"type":"LineString","coordinates":[[16.36318,51.27198],[16.36368,51.27199]]}},{"type":"Feature","properties":{"numer":"104587D","klasa":"droga lokalna","kat":"powiatowa"},"geometry":{"type":"LineString","coordinates":[[16.35486,51.27194],[16.35517,51.27204]]}},{"type":"Feature","properties":{"numer":"104587D","klasa":"droga lokalna","kat":"powiatowa"},"geometry":{"type":"LineString","coordinates":[[16.35517,51.27204],[16.35529,51.27207]]}},{"type":"Feature","properties":{"numer":"104587D","klasa":"droga lokalna","kat":"powiatowa"},"geometry":{"type":"LineString","coordinates":[[16.35529,51.27207],[16.35573,51.2722]]}},{"type":"Feature","properties":{"numer":"104547D","klasa":"droga lokalna","kat":"powiatowa"},"geometry":{"type":"LineString","coordinates":[[16.3608,51.27244],[16.36233,51.27207],[16.36318,51.27198]]}},{"type":"Feature","properties":{"numer":"36","klasa":"droga gĹ‚Ăłwna","kat":"krajowa"},"geometry":{"type":"LineString","coordinates":[[16.35173,51.2723],[16.35216,51.27216]]}},{"type":"Feature","properties":{"numer":"104587D","klasa":"droga lokalna","kat":"powiatowa"},"geometry":{"type":"LineString","coordinates":[[16.35573,51.2722],[16.35635,51.27238]]}},{"type":"Feature","properties":{"numer":"104587D","klasa":"droga lokalna","kat":"powiatowa"},"geometry":{"type":"LineString","coordinates":[[16.35635,51.27238],[16.35645,51.27241]]}},{"type":"Feature","properties":{"numer":"2223D","klasa":"droga zbiorcza","kat":"powiatowa"},"geometry":{"type":"LineString","coordinates":[[16.36531,51.27303],[16.36497,51.27187]]}},{"type":"Feature","properties":{"numer":"104587D","klasa":"droga lokalna","kat":"powiatowa"},"geometry":{"type":"LineString","coordinates":[[16.35645,51.27241],[16.35707,51.27262]]}},{"type":"Feature","properties":{"numer":"2222D","klasa":"droga zbiorcza","kat":"powiatowa"},"geometry":{"type":"LineString","coordinates":[[16.36265,51.27326],[16.36268,51.27266],[16.3633,51.27215],[16.36368,51.27199]]}},{"type":"Feature","properties":{"numer":"104587D","klasa":"droga lokalna","kat":"powiatowa"},"geometry":{"type":"LineString","coordinates":[[16.35707,51.27262],[16.35719,51.27266]]}},{"type":"Feature","properties":{"numer":"2191D","klasa":"","kat":"powiatowa"},"geometry":{"type":"LineString","coordinates":[[16.3654,51.27302],[16.36787,51.27271],[16.37048,51.2725],[16.37159,51.27232]]}},{"type":"Feature","properties":{"numer":"36","klasa":"droga gĹ‚Ăłwna","kat":"krajowa"},"geometry":{"type":"LineString","coordinates":[[16.34966,51.2735],[16.35053,51.27284],[16.35173,51.2723]]}},{"type":"Feature","properties":{"numer":"104587D","klasa":"droga lokalna","kat":"powiatowa"},"geometry":{"type":"LineString","coordinates":[[16.35719,51.27266],[16.3575,51.27283],[16.35799,51.27336]]}},{"type":"Feature","properties":{"numer":"2191D","klasa":"droga zbiorcza","kat":"powiatowa"},"geometry":{"type":"LineString","coordinates":[[16.3654,51.27302],[16.36531,51.27303]]}},{"type":"Feature","properties":{"numer":"104548D","klasa":"droga lokalna","kat":"powiatowa"},"geometry":{"type":"LineString","coordinates":[[16.36104,51.27363],[16.3608,51.27244]]}},{"type":"Feature","properties":{"numer":"2223D","klasa":"droga zbiorcza","kat":"powiatowa"},"geometry":{"type":"LineString","coordinates":[[16.3652,51.27357],[16.36531,51.27303]]}},{"type":"Feature","properties":{"numer":"104589D","klasa":"droga lokalna","kat":"powiatowa"},"geometry":{"type":"LineString","coordinates":[[16.36278,51.27343],[16.36265,51.27326]]}},{"type":"Feature","properties":{"numer":"104589D","klasa":"droga lokalna","kat":"powiatowa"},"geometry":{"type":"LineString","coordinates":[[16.36303,51.27356],[16.36278,51.27343]]}},{"type":"Feature","properties":{"numer":"104589D","klasa":"droga lokalna","kat":"powiatowa"},"geometry":{"type":"LineString","coordinates":[[16.36303,51.27356],[16.36391,51.27357]]}},{"type":"Feature","properties":{"numer":"104545D","klasa":"droga lokalna","kat":"powiatowa"},"geometry":{"type":"LineString","coordinates":[[16.3652,51.27357],[16.36491,51.27357]]}},{"type":"Feature","properties":{"numer":"104545D","klasa":"droga lokalna","kat":"powiatowa"},"geometry":{"type":"LineString","coordinates":[[16.36491,51.27357],[16.36403,51.2736]]}},{"type":"Feature","properties":{"numer":"104545D","klasa":"droga lokalna","kat":"powiatowa"},"geometry":{"type":"LineString","coordinates":[[16.36403,51.2736],[16.36391,51.27357]]}},{"type":"Feature","properties":{"numer":"104587D","klasa":"droga lokalna","kat":"powiatowa"},"geometry":{"type":"LineString","coordinates":[[16.35799,51.27336],[16.35855,51.27386]]}},{"type":"Feature","properties":{"numer":"104587D","klasa":"droga lokalna","kat":"powiatowa"},"geometry":{"type":"LineString","coordinates":[[16.36005,51.27377],[16.36104,51.27363]]}},{"type":"Feature","properties":{"numer":"104587D","klasa":"droga lokalna","kat":"powiatowa"},"geometry":{"type":"LineString","coordinates":[[16.35868,51.27391],[16.35904,51.27393],[16.36005,51.27377]]}},{"type":"Feature","properties":{"numer":"104587D","klasa":"droga lokalna","kat":"powiatowa"},"geometry":{"type":"LineString","coordinates":[[16.35855,51.27386],[16.35868,51.27391]]}},{"type":"Feature","properties":{"numer":"2223D","klasa":"droga zbiorcza","kat":"powiatowa"},"geometry":{"type":"LineString","coordinates":[[16.36383,51.27471],[16.36484,51.27426],[16.36502,51.27407],[16.3652,51.27357]]}},{"type":"Feature","properties":{"numer":"36","klasa":"droga gĹ‚Ăłwna","kat":"krajowa"},"geometry":{"type":"LineString","coordinates":[[16.34852,51.27498],[16.34905,51.27411],[16.34966,51.2735]]}},{"type":"Feature","properties":{"numer":"104588D","klasa":"droga lokalna","kat":"powiatowa"},"geometry":{"type":"LineString","coordinates":[[16.36378,51.27491],[16.36383,51.27471]]}},{"type":"Feature","properties":{"numer":"104588D","klasa":"droga lokalna","kat":"powiatowa"},"geometry":{"type":"LineString","coordinates":[[16.36361,51.27564],[16.36378,51.27491]]}},{"type":"Feature","properties":{"numer":"104588D","klasa":"droga lokalna","kat":"powiatowa"},"geometry":{"type":"LineString","coordinates":[[16.36359,51.27588],[16.36361,51.27564]]}},{"type":"Feature","properties":{"numer":"104588D","klasa":"droga lokalna","kat":"powiatowa"},"geometry":{"type":"LineString","coordinates":[[16.36029,51.28236],[16.36147,51.28138]]}},{"type":"Feature","properties":{"numer":"104588D","klasa":"droga lokalna","kat":"powiatowa"},"geometry":{"type":"LineString","coordinates":[[16.35964,51.2829],[16.36029,51.28236]]}},{"type":"Feature","properties":{"numer":"104588D","klasa":"droga lokalna","kat":"powiatowa"},"geometry":{"type":"LineString","coordinates":[[16.35935,51.28314],[16.35964,51.2829]]}},{"type":"Feature","properties":{"numer":"104581D,1244D","klasa":"droga zbiorcza","kat":"powiatowa"},"geometry":{"type":"LineString","coordinates":[[16.35911,51.28334],[16.35935,51.28314]]}},{"type":"Feature","properties":{"numer":"36","klasa":"droga gĹ‚Ăłwna","kat":"krajowa"},"geometry":{"type":"LineString","coordinates":[[16.34711,51.28717],[16.34774,51.281]]}},{"type":"Feature","properties":{"numer":"1244D","klasa":"droga zbiorcza","kat":"powiatowa"},"geometry":{"type":"LineString","coordinates":[[16.35911,51.28334],[16.35521,51.28663]]}},{"type":"Feature","properties":{"numer":"104581D,1244D","klasa":"droga zbiorcza","kat":"powiatowa"},"geometry":{"type":"LineString","coordinates":[[16.35519,51.28665],[16.35521,51.28663]]}},{"type":"Feature","properties":{"numer":"1244D","klasa":"droga zbiorcza","kat":"powiatowa"},"geometry":{"type":"LineString","coordinates":[[16.35456,51.28752],[16.35519,51.28665]]}},{"type":"Feature","properties":{"numer":"36","klasa":"droga gĹ‚Ăłwna","kat":"krajowa"},"geometry":{"type":"LineString","coordinates":[[16.3471,51.28735],[16.34711,51.28717]]}},{"type":"Feature","properties":{"numer":"104582D,1244D","klasa":"droga zbiorcza","kat":"powiatowa"},"geometry":{"type":"LineString","coordinates":[[16.35449,51.2876],[16.35456,51.28752]]}},{"type":"Feature","properties":{"numer":"1244D","klasa":"droga zbiorcza","kat":"powiatowa"},"geometry":{"type":"LineString","coordinates":[[16.35406,51.28798],[16.35449,51.2876]]}},{"type":"Feature","properties":{"numer":"36","klasa":"droga gĹ‚Ăłwna","kat":"krajowa"},"geometry":{"type":"LineString","coordinates":[[16.34699,51.28834],[16.3471,51.28735]]}},{"type":"Feature","properties":{"numer":"1244D","klasa":"droga zbiorcza","kat":"powiatowa"},"geometry":{"type":"LineString","coordinates":[[16.35381,51.28815],[16.35406,51.28798]]}},{"type":"Feature","properties":{"numer":"1244D","klasa":"droga zbiorcza","kat":"powiatowa"},"geometry":{"type":"LineString","coordinates":[[16.35373,51.28821],[16.35381,51.28815]]}},{"type":"Feature","properties":{"numer":"104583D,1244D","klasa":"droga zbiorcza","kat":"powiatowa"},"geometry":{"type":"LineString","coordinates":[[16.35368,51.28825],[16.35373,51.28821]]}},{"type":"Feature","properties":{"numer":"2180D","klasa":"droga zbiorcza","kat":"powiatowa"},"geometry":{"type":"LineString","coordinates":[[16.34679,51.28827],[16.34699,51.28834]]}},{"type":"Feature","properties":{"numer":"36","klasa":"droga gĹ‚Ăłwna","kat":"krajowa"},"geometry":{"type":"LineString","coordinates":[[16.34698,51.28845],[16.34699,51.28834]]}},{"type":"Feature","properties":{"numer":"1244D","klasa":"droga zbiorcza","kat":"powiatowa"},"geometry":{"type":"LineString","coordinates":[[16.35254,51.28905],[16.35368,51.28825]]}},{"type":"Feature","properties":{"numer":"292","klasa":"droga zbiorcza","kat":"wojewodzka"},"geometry":{"type":"LineString","coordinates":[[16.35254,51.28905],[16.34963,51.28851],[16.34698,51.28845]]}},{"type":"Feature","properties":{"numer":"292","klasa":"droga zbiorcza","kat":"wojewodzka"},"geometry":{"type":"LineString","coordinates":[[16.394530345174736,51.30166759672083],[16.39363,51.3015],[16.39324,51.30137],[16.38309,51.2971],[16.37865,51.29482],[16.3777,51.29443],[16.35949,51.29039],[16.35458,51.28953],[16.35254,51.28905]]}},{"type":"Feature","properties":{"numer":"2211D","klasa":"droga zbiorcza","kat":"powiatowa"},"geometry":{"type":"LineString","coordinates":[[15.91466,51.32908],[15.91713,51.32778],[15.91784,51.32751],[15.92115,51.32689],[15.92372,51.32651],[15.92795,51.3262],[15.92953,51.32595],[15.93456,51.3255],[15.93575,51.32543],[15.93722,51.32561],[15.93945,51.32557],[15.94053,51.32533],[15.94226,51.32511],[15.9457,51.32438],[15.95184,51.32272],[15.9541,51.32204],[15.95614,51.3216],[15.96027,51.32088],[15.96316,51.32022],[15.96539,51.31931],[15.96568,51.31898],[15.96672,51.31857],[15.96807,51.3179],[15.97254,51.31634],[15.97469,51.31539],[15.97584,51.31479],[15.9774,51.3135],[15.97928,51.31257]]}},{"type":"Feature","properties":{"numer":"2221D","klasa":"","kat":"powiatowa"},"geometry":{"type":"LineString","coordinates":[[15.89194,51.32871],[15.89067,51.32854],[15.88872,51.32724],[15.88365,51.3253],[15.88093,51.32445],[15.87819,51.32328],[15.87442,51.3224],[15.87225,51.32228],[15.87062,51.32236],[15.86841,51.32268],[15.86679,51.3226],[15.86549,51.32267],[15.86354,51.32311],[15.86103,51.32384],[15.86009,51.32389],[15.85863,51.32428],[15.85828,51.32424],[15.85591,51.32349],[15.85378,51.32311],[15.85071,51.3223],[15.85045,51.32189],[15.85045,51.32156],[15.84961,51.32091],[15.84889,51.32067],[15.84786,51.3206],[15.84744,51.32044],[15.84513,51.31844],[15.84413,51.31802],[15.843,51.31798],[15.84257,51.31786],[15.84064,51.31663],[15.83975,51.31629]]}},{"type":"Feature","properties":{"numer":"328","klasa":"droga gĹ‚Ăłwna","kat":"wojewodzka"},"geometry":{"type":"LineString","coordinates":[[15.89242,51.32803],[15.89245,51.32799]]}},{"type":"Feature","properties":{"numer":"328","klasa":"droga gĹ‚Ăłwna","kat":"wojewodzka"},"geometry":{"type":"LineString","coordinates":[[15.89242,51.32803],[15.89194,51.32871]]}},{"type":"Feature","properties":{"numer":"2211D","klasa":"droga zbiorcza","kat":"powiatowa"},"geometry":{"type":"LineString","coordinates":[[15.91456,51.32913],[15.91466,51.32908]]}},{"type":"Feature","properties":{"numer":"328","klasa":"droga gĹ‚Ăłwna","kat":"wojewodzka"},"geometry":{"type":"LineString","coordinates":[[15.89194,51.32871],[15.89188,51.33035],[15.89202,51.33528],[15.89187,51.33559],[15.89123,51.33603],[15.89112,51.33621],[15.89119,51.3364],[15.89208,51.33723],[15.89217,51.33914]]}},{"type":"Feature","properties":{"numer":"2211D","klasa":"droga zbiorcza","kat":"powiatowa"},"geometry":{"type":"LineString","coordinates":[[15.89217,51.33914],[15.90568,51.33373],[15.91456,51.32913]]}},{"type":"Feature","properties":{"numer":"328","klasa":"droga gĹ‚Ăłwna","kat":"wojewodzka"},"geometry":{"type":"LineString","coordinates":[[15.89217,51.33914],[15.8923,51.34035],[15.89183,51.34103],[15.8919,51.34179],[15.89167,51.34276],[15.89195,51.34389]]}},{"type":"Feature","properties":{"numer":"328","klasa":"droga gĹ‚Ăłwna","kat":"wojewodzka"},"geometry":{"type":"LineString","coordinates":[[15.89195,51.34389],[15.89196,51.34391]]}},{"type":"Feature","properties":{"numer":"328","klasa":"droga gĹ‚Ăłwna","kat":"wojewodzka"},"geometry":{"type":"LineString","coordinates":[[15.89196,51.34391],[15.89197,51.34434],[15.89054,51.34535],[15.89018,51.34572],[15.89005,51.34609]]}},{"type":"Feature","properties":{"numer":"","klasa":"droga zbiorcza","kat":"powiatowa"},"geometry":{"type":"LineString","coordinates":[[16.01322,51.32733],[16.013767251331622,51.32747618357489]]}},{"type":"Feature","properties":{"numer":"335","klasa":"droga gĹ‚Ăłwna","kat":"wojewodzka"},"geometry":{"type":"LineString","coordinates":[[16.00381,51.32351],[16.007863093571945,51.32631832326146]]}},{"type":"Feature","properties":{"numer":"335","klasa":"droga gĹ‚Ăłwna","kat":"wojewodzka"},"geometry":{"type":"LineString","coordinates":[[16.008409024658924,51.32669659011948],[16.00915,51.32721],[16.01138,51.32942],[16.01144662540496,51.32950977709008]]}},{"type":"Feature","properties":{"numer":"328","klasa":"droga gĹ‚Ăłwna","kat":"wojewodzka"},"geometry":{"type":"LineString","coordinates":[[15.89005,51.34609],[15.89004,51.34615]]}},{"type":"Feature","properties":{"numer":"328","klasa":"droga gĹ‚Ăłwna","kat":"wojewodzka"},"geometry":{"type":"LineString","coordinates":[[15.89004,51.34615],[15.8901,51.34643]]}},{"type":"Feature","properties":{"numer":"328","klasa":"droga zbiorcza","kat":"wojewodzka"},"geometry":{"type":"LineString","coordinates":[[15.8901,51.34643],[15.89089,51.34813]]}},{"type":"Feature","properties":{"numer":"328","klasa":"droga zbiorcza","kat":"wojewodzka"},"geometry":{"type":"LineString","coordinates":[[15.89089,51.34813],[15.89091,51.34816]]}},{"type":"Feature","properties":{"numer":"328","klasa":"droga zbiorcza","kat":"wojewodzka"},"geometry":{"type":"LineString","coordinates":[[15.89091,51.34816],[15.89496,51.35684],[15.89519,51.35704],[15.89701,51.35768]]}},{"type":"Feature","properties":{"numer":"328","klasa":"droga zbiorcza","kat":"wojewodzka"},"geometry":{"type":"LineString","coordinates":[[15.89701,51.35768],[15.89707,51.3577]]}},{"type":"Feature","properties":{"numer":"328","klasa":"droga zbiorcza","kat":"wojewodzka"},"geometry":{"type":"LineString","coordinates":[[15.89707,51.3577],[15.8985,51.3582],[15.89876,51.35835],[15.89904,51.35955],[15.89903,51.35987],[15.89845,51.36074],[15.897743915362055,51.362429559669366]]}},{"type":"Feature","properties":{"numer":"2269D","klasa":"droga zbiorcza","kat":"powiatowa"},"geometry":{"type":"LineString","coordinates":[[15.81665,51.29696],[15.81568,51.2971],[15.81431,51.29714],[15.80961,51.29699],[15.80504,51.29705],[15.803,51.29672],[15.8017,51.2968],[15.80109,51.29692],[15.80073,51.29856],[15.79959,51.30058],[15.79894,51.30094],[15.79755,51.3014],[15.79721,51.30182],[15.79728,51.30222],[15.79802,51.30378],[15.79835,51.3048],[15.79879,51.30682],[15.79936,51.30741],[15.79962,51.30788],[15.79968,51.30821],[15.79952,51.30895],[15.80009,51.30997]]}},{"type":"Feature","properties":{"numer":"2221D","klasa":"","kat":"powiatowa"},"geometry":{"type":"LineString","coordinates":[[15.83975,51.31629],[15.83919,51.316],[15.83688,51.31375],[15.83623,51.31329],[15.8353,51.31299],[15.83347,51.31272],[15.83269,51.31252],[15.83167,51.31184],[15.83073,51.31133],[15.82957,51.31087],[15.82865,51.31022],[15.82791,51.30983],[15.82298,51.30849],[15.82108,51.30785],[15.82003,51.3073],[15.81888,51.30636],[15.81792,51.30595],[15.81729,51.30555],[15.817,51.30504],[15.81684,51.3037],[15.81619,51.30263],[15.81655,51.3015],[15.81665,51.29696]]}},{"type":"Feature","properties":{"numer":"2270D","klasa":"droga gĹ‚Ăłwna","kat":"powiatowa"},"geometry":{"type":"LineString","coordinates":[[15.80009,51.30997],[15.79777,51.31098],[15.79621,51.31153],[15.79365,51.31199],[15.7901,51.31315],[15.7867,51.31462],[15.78309,51.31674],[15.78214,51.31714],[15.78088,51.31745],[15.77957,51.31795],[15.7781,51.3184],[15.772659357209593,51.31974820849463]]}},{"type":"Feature","properties":{"numer":"2269D","klasa":"droga zbiorcza","kat":"powiatowa"},"geometry":{"type":"LineString","coordinates":[[15.81402,51.34639],[15.81482,51.34514],[15.81454,51.34391],[15.8141,51.34338],[15.81348,51.343],[15.81113,51.34195],[15.81011,51.34095],[15.80921,51.34041],[15.80763,51.33926],[15.80385,51.33564],[15.80351,51.33509],[15.80416,51.33169],[15.80426,51.33061],[15.80353,51.3282],[15.80292,51.32528],[15.80247,51.32401],[15.80219,51.3223],[15.80215,51.31961],[15.80241,51.31693],[15.80223,51.31406],[15.80211,51.31373],[15.80153,51.31311],[15.80091,51.31156],[15.80009,51.30997]]}},{"type":"Feature","properties":{"numer":"2269D","klasa":"","kat":"powiatowa"},"geometry":{"type":"LineString","coordinates":[[15.814007501768284,51.346494985146414],[15.81402,51.34639]]}}]}