{"type":"FeatureCollection","features":[{"type":"Feature","properties":{"numer":"104515O","klasa":"droga lokalna","kat":"powiatowa"},"geometry":{"type":"LineString","coordinates":[[17.09924,50.5759],[17.09924929879771,50.575896669087385]]}},{"type":"Feature","properties":{"numer":"3187D","klasa":"","kat":"powiatowa"},"geometry":{"type":"LineString","coordinates":[[17.08295,50.5973],[17.08407,50.59475],[17.08415,50.5943],[17.08466,50.59343],[17.08486,50.59266],[17.08506,50.59126],[17.08478,50.59061],[17.08467,50.58934],[17.08288,50.58653],[17.08108,50.58421],[17.07923,50.58236],[17.07798,50.5814],[17.07774,50.58112],[17.07775,50.58085],[17.07882,50.57942],[17.0788,50.57912]]}},{"type":"Feature","properties":{"numer":"3189D","klasa":"","kat":"powiatowa"},"geometry":{"type":"LineString","coordinates":[[17.08295,50.5973],[17.08186,50.59705],[17.07918,50.59694],[17.07533,50.59703],[17.07287,50.59677],[17.07216,50.59675],[17.07171,50.59684],[17.07089,50.5972],[17.06954,50.59761],[17.06816,50.59789]]}},{"type":"Feature","properties":{"numer":"3189D","klasa":"","kat":"powiatowa"},"geometry":{"type":"LineString","coordinates":[[17.08736,50.5979],[17.08375,50.5975],[17.08295,50.5973]]}},{"type":"Feature","properties":{"numer":"3187D","klasa":"","kat":"powiatowa"},"geometry":{"type":"LineString","coordinates":[[17.08295,50.5973],[17.08303,50.59812],[17.08431,50.60265]]}},{"type":"Feature","properties":{"numer":"118286D","klasa":"droga lokalna","kat":"powiatowa"},"geometry":{"type":"LineString","coordinates":[[17.04546,50.60025],[17.0456,50.60059]]}},{"type":"Feature","properties":{"numer":"118286D","klasa":"droga lokalna","kat":"powiatowa"},"geometry":{"type":"LineString","coordinates":[[17.0456,50.60059],[17.04563,50.60074]]}},{"type":"Feature","properties":{"numer":"118286D","klasa":"droga lokalna","kat":"powiatowa"},"geometry":{"type":"LineString","coordinates":[[17.04563,50.60074],[17.04508,50.60224]]}},{"type":"Feature","properties":{"numer":"396","klasa":"droga gĹ‚Ăłwna","kat":"wojewodzka"},"geometry":{"type":"LineString","coordinates":[[17.04655,50.61019],[17.04979,50.60655],[17.04991,50.6061],[17.04975,50.60558]]}},{"type":"Feature","properties":{"numer":"396","klasa":"droga gĹ‚Ăłwna","kat":"wojewodzka"},"geometry":{"type":"LineString","coordinates":[[17.04655,50.61019],[17.04651,50.61023]]}},{"type":"Feature","properties":{"numer":"3187D","klasa":"","kat":"powiatowa"},"geometry":{"type":"LineString","coordinates":[[17.08431,50.60265],[17.08457,50.60366],[17.08526,50.60521],[17.08661,50.60644],[17.08693,50.60779],[17.08732,50.61194],[17.08731,50.6143],[17.08709,50.61645],[17.08708,50.61832],[17.08736,50.62287],[17.08717,50.62449],[17.08686,50.62456]]}},{"type":"Feature","properties":{"numer":"3190D","klasa":"","kat":"powiatowa"},"geometry":{"type":"LineString","coordinates":[[17.0788,50.57912],[17.08332,50.5796],[17.08796,50.57979],[17.08971,50.57982],[17.09323,50.57966],[17.09382,50.57944],[17.09808,50.57642],[17.09924,50.5759]]}},{"type":"Feature","properties":{"numer":"385","klasa":"droga zbiorcza","kat":"wojewodzka"},"geometry":{"type":"LineString","coordinates":[[17.08716,50.62627],[17.08742,50.62642],[17.08805,50.62648],[17.09216,50.62603],[17.09328,50.62603],[17.09591,50.62663],[17.10111,50.62803],[17.1025,50.62821],[17.10325,50.62821],[17.1044,50.62812],[17.10708,50.62762],[17.10985,50.62677],[17.11173,50.62674],[17.11607,50.62618],[17.1194,50.62599],[17.12473,50.62512]]}},{"type":"Feature","properties":{"numer":"385","klasa":"droga zbiorcza","kat":"wojewodzka"},"geometry":{"type":"LineString","coordinates":[[17.12473,50.62512],[17.1257,50.6249],[17.12803,50.62408],[17.13016,50.62359],[17.1318,50.62288],[17.13225,50.62276],[17.13329,50.62276],[17.13584,50.62364],[17.1362,50.62382],[17.13638,50.62405],[17.13717,50.62613],[17.13768,50.6268],[17.13905,50.62806],[17.14273,50.63113],[17.144031602135918,50.63212240929137]]}},{"type":"Feature","properties":{"numer":"3186D","klasa":"","kat":"powiatowa"},"geometry":{"type":"LineString","coordinates":[[17.12473,50.62512],[17.12489,50.62582],[17.12476,50.62626],[17.12448,50.62682],[17.12389,50.62731],[17.12247,50.62923],[17.12205,50.63024],[17.12189,50.63152],[17.11992,50.63537],[17.11744,50.63831],[17.11664,50.63903],[17.11641,50.63934],[17.1142,50.64863],[17.1133,50.65216],[17.11311,50.65253],[17.11307,50.65301]]}},{"type":"Feature","properties":{"numer":"3187D","klasa":"","kat":"powiatowa"},"geometry":{"type":"LineString","coordinates":[[17.08607,50.62676],[17.08607,50.62751],[17.08634,50.62842],[17.08659,50.63003],[17.08638,50.63261],[17.09078,50.63962],[17.09287,50.64327],[17.09367,50.6439],[17.09701,50.64613],[17.10523,50.65151],[17.1059,50.65215],[17.10696,50.65412],[17.10763,50.65479]]}},{"type":"Feature","properties":{"numer":"3186D","klasa":"","kat":"powiatowa"},"geometry":{"type":"LineString","coordinates":[[17.11307,50.65301],[17.11142,50.65375]]}},{"type":"Feature","properties":{"numer":"3170D","klasa":"","kat":"powiatowa"},"geometry":{"type":"LineString","coordinates":[[17.11142,50.65375],[17.11228,50.65372],[17.11329,50.65358],[17.11505,50.65376],[17.11968,50.65492],[17.1201,50.65496],[17.1345,50.65293],[17.1359,50.65281],[17.13709,50.65281],[17.13718347588265,50.65282570860269]]}},{"type":"Feature","properties":{"numer":"3170D","klasa":"","kat":"powiatowa"},"geometry":{"type":"LineString","coordinates":[[17.10763,50.65479],[17.10985,50.65406],[17.11082,50.65382],[17.11142,50.65375]]}},{"type":"Feature","properties":{"numer":"3170D","klasa":"","kat":"powiatowa"},"geometry":{"type":"LineString","coordinates":[[17.09972,50.65724],[17.10037,50.65713],[17.10373,50.65626],[17.10547,50.65594],[17.10695,50.65536],[17.10763,50.65479]]}},{"type":"Feature","properties":{"numer":"3170D","klasa":"","kat":"powiatowa"},"geometry":{"type":"LineString","coordinates":[[17.07786,50.65829],[17.0791,50.6579],[17.08187,50.65729],[17.09329,50.65548],[17.09375,50.65555],[17.09972,50.65724]]}},{"type":"Feature","properties":{"numer":"3185D","klasa":"","kat":"powiatowa"},"geometry":{"type":"LineString","coordinates":[[17.09972,50.65724],[17.09935,50.65776],[17.09929,50.65806],[17.09969,50.66],[17.09922,50.66081],[17.09873,50.66226],[17.09935,50.6638],[17.099,50.66438],[17.09862,50.6646]]}},{"type":"Feature","properties":{"numer":"3205D","klasa":"","kat":"powiatowa"},"geometry":{"type":"LineString","coordinates":[[17.07786,50.65829],[17.07822,50.65842],[17.07915,50.65828],[17.07951,50.65833],[17.08545,50.66156],[17.08805,50.66248],[17.09046,50.66302],[17.09558,50.66395],[17.09727,50.66417],[17.0982,50.66453],[17.09862,50.6646]]}},{"type":"Feature","properties":{"numer":"385,396","klasa":"droga gĹ‚Ăłwna","kat":"gminna"},"geometry":{"type":"LineString","coordinates":[[17.03849,50.59781],[17.03897,50.59829]]}},{"type":"Feature","properties":{"numer":"118286D","klasa":"droga lokalna","kat":"powiatowa"},"geometry":{"type":"LineString","coordinates":[[17.04439,50.59908],[17.04496,50.59956],[17.04546,50.60025]]}},{"type":"Feature","properties":{"numer":"385,396","klasa":"droga gĹ‚Ăłwna","kat":"gminna"},"geometry":{"type":"LineString","coordinates":[[17.03897,50.59829],[17.03861,50.59857],[17.03618,50.5992],[17.03563,50.59956],[17.0354,50.59995],[17.03542,50.60041],[17.03625,50.60189],[17.03678,50.60234],[17.03774,50.60291]]}},{"type":"Feature","properties":{"numer":"118286D","klasa":"droga lokalna","kat":"powiatowa"},"geometry":{"type":"LineString","coordinates":[[17.04508,50.60224],[17.04471,50.6028]]}},{"type":"Feature","properties":{"numer":"118249D,3174D","klasa":"droga zbiorcza","kat":"powiatowa"},"geometry":{"type":"LineString","coordinates":[[17.03774,50.60291],[17.03655,50.60359]]}},{"type":"Feature","properties":{"numer":"118249D,3174D","klasa":"droga zbiorcza","kat":"powiatowa"},"geometry":{"type":"LineString","coordinates":[[17.03655,50.60359],[17.03643,50.60366]]}},{"type":"Feature","properties":{"numer":"385,396","klasa":"droga gĹ‚Ăłwna","kat":"gminna"},"geometry":{"type":"LineString","coordinates":[[17.03774,50.60291],[17.03971,50.60384],[17.04041,50.60399],[17.04151,50.60406],[17.04261,50.60399],[17.04338,50.60381],[17.0439,50.60357],[17.04452,50.60302],[17.04486,50.60284],[17.0467,50.60372],[17.0491,50.60505],[17.04975,50.60558]]}},{"type":"Feature","properties":{"numer":"118249D,3174D","klasa":"droga zbiorcza","kat":"powiatowa"},"geometry":{"type":"LineString","coordinates":[[17.03643,50.60366],[17.03402,50.60561]]}},{"type":"Feature","properties":{"numer":"396","klasa":"droga gĹ‚Ăłwna","kat":"wojewodzka"},"geometry":{"type":"LineString","coordinates":[[17.0323,50.64059],[17.03195,50.64035],[17.03163,50.63992],[17.0317,50.63933],[17.03697,50.6272],[17.03841,50.62269],[17.03878,50.62214],[17.04129,50.6193],[17.04172,50.61817],[17.0417,50.61662],[17.0426,50.61529],[17.04346,50.61369],[17.04651,50.61023]]}},{"type":"Feature","properties":{"numer":"396","klasa":"droga gĹ‚Ăłwna","kat":"wojewodzka"},"geometry":{"type":"LineString","coordinates":[[17.01921,50.64827],[17.02024,50.64808],[17.02994,50.64526],[17.03072,50.64513],[17.03187,50.64507],[17.0325,50.64482],[17.03272,50.64459],[17.0331,50.64378],[17.03343,50.642],[17.0331,50.6411],[17.0323,50.64059]]}},{"type":"Feature","properties":{"numer":"118215D","klasa":"droga lokalna","kat":"powiatowa"},"geometry":{"type":"LineString","coordinates":[[16.9468,50.61641],[16.94686,50.61754]]}},{"type":"Feature","properties":{"numer":"118215D","klasa":"droga lokalna","kat":"powiatowa"},"geometry":{"type":"LineString","coordinates":[[16.94751,50.6179],[16.94686,50.61754]]}},{"type":"Feature","properties":{"numer":"3174D","klasa":"droga zbiorcza","kat":"powiatowa"},"geometry":{"type":"LineString","coordinates":[[16.94588,50.61789],[16.94751,50.6179]]}},{"type":"Feature","properties":{"numer":"3174D","klasa":"droga zbiorcza","kat":"powiatowa"},"geometry":{"type":"LineString","coordinates":[[16.94751,50.6179],[16.9496,50.61827],[16.95125,50.6182],[16.95183,50.61824],[16.95294,50.61874],[16.95481,50.61925]]}},{"type":"Feature","properties":{"numer":"3174D","klasa":"droga zbiorcza","kat":"powiatowa"},"geometry":{"type":"LineString","coordinates":[[16.95481,50.61925],[16.95487,50.61927]]}},{"type":"Feature","properties":{"numer":"3174D","klasa":"droga zbiorcza","kat":"powiatowa"},"geometry":{"type":"LineString","coordinates":[[16.95487,50.61927],[16.95546,50.61952],[16.95628,50.62003],[16.9575,50.62022],[16.95999,50.62048],[16.96123,50.6204],[16.96243,50.62057],[16.96579,50.62073],[16.97079,50.62008],[16.97107,50.61991],[16.97131,50.61912],[16.97202,50.61886],[16.97257,50.6188],[16.97441,50.61888],[16.97697,50.61839],[16.98171,50.61911],[16.98446,50.61995],[16.99147,50.62022],[16.99352,50.61992]]}},{"type":"Feature","properties":{"numer":"3172D","klasa":"","kat":"powiatowa"},"geometry":{"type":"LineString","coordinates":[[16.96076,50.64526],[16.96062,50.64446],[16.96069,50.64416],[16.96113,50.64324],[16.96208,50.64212],[16.96409,50.64102],[16.96559,50.6403],[16.96785,50.64023],[16.96818,50.64037],[16.96872,50.64093],[16.96985,50.64148],[16.97198,50.64292],[16.9743,50.6448],[16.97754,50.64646],[16.97856,50.64683],[16.9795,50.64706],[16.98403,50.64795],[16.98585,50.64839],[16.9874,50.64858],[16.98837,50.64893],[16.98936,50.64963]]}},{"type":"Feature","properties":{"numer":"3172D","klasa":"","kat":"powiatowa"},"geometry":{"type":"LineString","coordinates":[[16.96078,50.6453],[16.96076,50.64526]]}},{"type":"Feature","properties":{"numer":"3172D","klasa":"","kat":"powiatowa"},"geometry":{"type":"LineString","coordinates":[[16.95868,50.64868],[16.96077,50.6458],[16.96086,50.64551],[16.96078,50.6453]]}},{"type":"Feature","properties":{"numer":"3172D","klasa":"","kat":"powiatowa"},"geometry":{"type":"LineString","coordinates":[[16.95838,50.64874],[16.95868,50.64868]]}},{"type":"Feature","properties":{"numer":"3183D","klasa":"","kat":"powiatowa"},"geometry":{"type":"LineString","coordinates":[[16.99389,50.62287],[16.99391,50.62283]]}},{"type":"Feature","properties":{"numer":"3183D","klasa":"","kat":"powiatowa"},"geometry":{"type":"LineString","coordinates":[[16.99381,50.62313],[16.99389,50.62287]]}},{"type":"Feature","properties":{"numer":"3183D","klasa":"","kat":"powiatowa"},"geometry":{"type":"LineString","coordinates":[[16.99381,50.62321],[16.99381,50.62313]]}},{"type":"Feature","properties":{"numer":"3183D","klasa":"","kat":"powiatowa"},"geometry":{"type":"LineString","coordinates":[[16.99601,50.62788],[16.99435,50.6274],[16.99385,50.62712],[16.99364,50.6268],[16.9935,50.62641],[16.9935,50.62579],[16.99381,50.62452],[16.99381,50.62321]]}},{"type":"Feature","properties":{"numer":"3183D","klasa":"","kat":"powiatowa"},"geometry":{"type":"LineString","coordinates":[[16.99601,50.62788],[16.99709,50.62854],[16.99846,50.62998],[16.99889,50.63177],[17.00048,50.63359],[17.00156,50.63575],[17.002,50.63706],[17.00261,50.63824],[17.00418,50.64013],[17.00973,50.64505],[17.00943,50.64633],[17.00948,50.6471],[17.00928,50.64923],[17.00942,50.64941],[17.01084,50.65046]]}},{"type":"Feature","properties":{"numer":"396","klasa":"droga gĹ‚Ăłwna","kat":"wojewodzka"},"geometry":{"type":"LineString","coordinates":[[17.01146,50.65008],[17.01199,50.64989],[17.01916,50.64828]]}},{"type":"Feature","properties":{"numer":"396","klasa":"droga gĹ‚Ăłwna","kat":"wojewodzka"},"geometry":{"type":"LineString","coordinates":[[17.0113,50.65016],[17.01146,50.65008]]}},{"type":"Feature","properties":{"numer":"396","klasa":"droga gĹ‚Ăłwna","kat":"wojewodzka"},"geometry":{"type":"LineString","coordinates":[[17.0112,50.65022],[17.0113,50.65016]]}},{"type":"Feature","properties":{"numer":"396","klasa":"droga gĹ‚Ăłwna","kat":"wojewodzka"},"geometry":{"type":"LineString","coordinates":[[17.01084,50.65046],[17.0112,50.65022]]}},{"type":"Feature","properties":{"numer":"3172D","klasa":"","kat":"powiatowa"},"geometry":{"type":"LineString","coordinates":[[16.98936,50.64963],[16.9906,50.65034],[16.99477,50.65187],[16.99557,50.6521],[17.00522,50.65333],[17.00717,50.6535],[17.01074,50.65363]]}},{"type":"Feature","properties":{"numer":"385","klasa":"droga zbiorcza","kat":"wojewodzka"},"geometry":{"type":"LineString","coordinates":[[17.04975,50.60558],[17.05121,50.60645],[17.05249,50.60872],[17.05289,50.60911],[17.05446,50.60976],[17.06219,50.61362],[17.06659,50.61596],[17.06875,50.61701],[17.0701,50.61805],[17.0715,50.61854],[17.07433,50.61888],[17.07488,50.61904],[17.07528,50.61924],[17.07675,50.62049],[17.07743,50.62088],[17.08573,50.62385],[17.08614,50.62404],[17.08686,50.62456]]}},{"type":"Feature","properties":{"numer":"3187D,385","klasa":"droga zbiorcza","kat":"powiatowa"},"geometry":{"type":"LineString","coordinates":[[17.08686,50.62456],[17.0871,50.62478],[17.08723,50.62508],[17.08727,50.62574],[17.08716,50.62627]]}},{"type":"Feature","properties":{"numer":"3187D,3188D","klasa":"","kat":"powiatowa"},"geometry":{"type":"LineString","coordinates":[[17.08607,50.62676],[17.08716,50.62627]]}},{"type":"Feature","properties":{"numer":"3188D","klasa":"","kat":"powiatowa"},"geometry":{"type":"LineString","coordinates":[[17.0323,50.64059],[17.03287,50.64037],[17.03366,50.64034],[17.03515,50.64013],[17.03665,50.63969],[17.03815,50.63908],[17.03884,50.63893],[17.04005,50.6389],[17.04054,50.63878],[17.04135,50.63843],[17.04173,50.63836],[17.05079,50.63727],[17.05306,50.63682],[17.05445,50.63681],[17.05708,50.63604],[17.05826,50.63527],[17.05903,50.6349],[17.06147,50.63414],[17.06334,50.63394],[17.06577,50.63386],[17.06706,50.63386],[17.06807,50.634],[17.06873,50.63392],[17.07055,50.63343],[17.07266,50.63262],[17.0743,50.63221],[17.07623,50.63126],[17.07763,50.63102],[17.07866,50.63063],[17.07977,50.62999],[17.08088,50.62907],[17.0815,50.62866],[17.08272,50.62822],[17.08452,50.62714],[17.08607,50.62676]]}},{"type":"Feature","properties":{"numer":"3170D","klasa":"","kat":"powiatowa"},"geometry":{"type":"LineString","coordinates":[[17.0733,50.65745],[17.07327,50.65745]]}},{"type":"Feature","properties":{"numer":"3170D","klasa":"","kat":"powiatowa"},"geometry":{"type":"LineString","coordinates":[[17.0733,50.65745],[17.07384,50.65733],[17.0742,50.65736],[17.07554,50.65828],[17.07615,50.65841],[17.07694,50.65848],[17.07786,50.65829]]}},{"type":"Feature","properties":{"numer":"3170D","klasa":"","kat":"powiatowa"},"geometry":{"type":"LineString","coordinates":[[17.07327,50.65745],[17.06979,50.65681],[17.06484,50.65662],[17.06273,50.65676],[17.06033,50.65704],[17.05553,50.6578],[17.05008,50.65832],[17.0448,50.65851],[17.03288,50.65924],[17.02459,50.65911],[17.02406,50.65901]]}},{"type":"Feature","properties":{"numer":"118219D,3184D","klasa":"droga zbiorcza","kat":"powiatowa"},"geometry":{"type":"LineString","coordinates":[[17.03737,50.68193],[17.03754,50.68206],[17.038,50.68216],[17.03854,50.68254],[17.03976,50.68251],[17.04105,50.68279],[17.04219,50.68294],[17.04248,50.68313],[17.04286,50.6839],[17.04328,50.68409],[17.04401,50.68414],[17.04564,50.68383],[17.04753,50.68337],[17.049,50.68286],[17.04949,50.68283],[17.051,50.6831],[17.05361,50.68373],[17.05657,50.68408],[17.05835,50.68468],[17.05906,50.685],[17.05907,50.68518],[17.05885,50.68549],[17.05891,50.68566],[17.05909,50.68575],[17.05941,50.68572],[17.05979,50.68551],[17.0607,50.68525]]}},{"type":"Feature","properties":{"numer":"3184D","klasa":"","kat":"powiatowa"},"geometry":{"type":"LineString","coordinates":[[17.06765,50.68909],[17.06725,50.68894],[17.06528,50.68786],[17.065,50.68763],[17.06483,50.68721],[17.06494,50.68627],[17.0646,50.68588],[17.06429,50.68577],[17.06351,50.68582],[17.06249,50.68539],[17.06151,50.68522],[17.06105,50.68519],[17.0607,50.68525]]}},{"type":"Feature","properties":{"numer":"3184D","klasa":"","kat":"powiatowa"},"geometry":{"type":"LineString","coordinates":[[17.06795519737599,50.689087961790776],[17.06783,50.6891]]}},{"type":"Feature","properties":{"numer":"3172D","klasa":"","kat":"powiatowa"},"geometry":{"type":"LineString","coordinates":[[16.95857,50.64882],[16.95868,50.64868]]}},{"type":"Feature","properties":{"numer":"3172D","klasa":"","kat":"powiatowa"},"geometry":{"type":"LineString","coordinates":[[16.95854,50.64886],[16.95838,50.64874]]}},{"type":"Feature","properties":{"numer":"3171D,3172D","klasa":"","kat":"powiatowa"},"geometry":{"type":"LineString","coordinates":[[16.95854,50.64886],[16.95857,50.64882]]}},{"type":"Feature","properties":{"numer":"3171D","klasa":"","kat":"powiatowa"},"geometry":{"type":"LineString","coordinates":[[16.95857,50.64882],[16.95893,50.64902],[16.95966,50.64915],[16.96138,50.64971],[16.96449,50.64966],[16.96659,50.64978],[16.96935,50.65011],[16.97001,50.65013],[16.97134,50.65064],[16.97422,50.6513],[16.97889,50.65193],[16.97951,50.65188]]}},{"type":"Feature","properties":{"numer":"3171D","klasa":"","kat":"powiatowa"},"geometry":{"type":"LineString","coordinates":[[16.9819,50.65104],[16.98303,50.65068],[16.98336,50.65067],[16.98546,50.65113],[16.98633,50.65157],[16.98732,50.65185],[16.98752,50.65184],[16.98866,50.65096],[16.98936,50.64963]]}},{"type":"Feature","properties":{"numer":"3171D","klasa":"","kat":"powiatowa"},"geometry":{"type":"LineString","coordinates":[[16.98184,50.65106],[16.9819,50.65104]]}},{"type":"Feature","properties":{"numer":"3171D","klasa":"","kat":"powiatowa"},"geometry":{"type":"LineString","coordinates":[[16.97951,50.65188],[16.98184,50.65106]]}},{"type":"Feature","properties":{"numer":"3171D","klasa":"","kat":"powiatowa"},"geometry":{"type":"LineString","coordinates":[[16.9508,50.66291],[16.95101,50.66258],[16.95188,50.66232],[16.95208,50.66219],[16.95214,50.66202],[16.952,50.65987],[16.95175,50.6584],[16.9519,50.65829],[16.95247,50.65813],[16.95275,50.65785],[16.9539,50.65531],[16.95444,50.65478],[16.95524,50.65347],[16.95615,50.65252],[16.95683,50.6516],[16.95766,50.65027],[16.95842,50.64928],[16.95854,50.64886]]}},{"type":"Feature","properties":{"numer":"3170D","klasa":"","kat":"powiatowa"},"geometry":{"type":"LineString","coordinates":[[16.98611,50.66391],[16.98614,50.66388]]}},{"type":"Feature","properties":{"numer":"3171D","klasa":"","kat":"powiatowa"},"geometry":{"type":"LineString","coordinates":[[16.9429,50.66641],[16.9441,50.66609],[16.94477,50.6655],[16.94588,50.66501],[16.94712,50.66475],[16.94851,50.66468],[16.94939,50.66439],[16.94975,50.66411],[16.95012,50.66358],[16.95069,50.66312],[16.9508,50.66291]]}},{"type":"Feature","properties":{"numer":"396","klasa":"droga gĹ‚Ăłwna","kat":"wojewodzka"},"geometry":{"type":"LineString","coordinates":[[17.01074,50.65363],[17.01055,50.65104],[17.0106,50.65078],[17.01084,50.65046]]}},{"type":"Feature","properties":{"numer":"396","klasa":"droga gĹ‚Ăłwna","kat":"wojewodzka"},"geometry":{"type":"LineString","coordinates":[[17.01098,50.65485],[17.01098,50.65416],[17.01074,50.65363]]}},{"type":"Feature","properties":{"numer":"396","klasa":"droga gĹ‚Ăłwna","kat":"wojewodzka"},"geometry":{"type":"LineString","coordinates":[[17.01234,50.65682],[17.012,50.65658],[17.01133,50.65524],[17.01098,50.65485]]}},{"type":"Feature","properties":{"numer":"3170D","klasa":"","kat":"powiatowa"},"geometry":{"type":"LineString","coordinates":[[17.021,50.65596],[17.01906,50.6561],[17.01267,50.65703]]}},{"type":"Feature","properties":{"numer":"396","klasa":"droga gĹ‚Ăłwna","kat":"wojewodzka"},"geometry":{"type":"LineString","coordinates":[[17.01238,50.65685],[17.01234,50.65682]]}},{"type":"Feature","properties":{"numer":"396","klasa":"droga gĹ‚Ăłwna","kat":"wojewodzka"},"geometry":{"type":"LineString","coordinates":[[17.01267,50.65703],[17.01238,50.65685]]}},{"type":"Feature","properties":{"numer":"3170D","klasa":"","kat":"powiatowa"},"geometry":{"type":"LineString","coordinates":[[17.01267,50.65703],[17.01246,50.65721],[17.01238,50.6576],[17.01209,50.65775],[17.01039,50.65816],[17.0069,50.6588],[17.00391,50.65917],[16.99836,50.65918],[16.99754,50.65929],[16.99374,50.66101],[16.98949,50.66282],[16.98835,50.66326],[16.98641,50.66376],[16.98614,50.66388]]}},{"type":"Feature","properties":{"numer":"396","klasa":"droga gĹ‚Ăłwna","kat":"wojewodzka"},"geometry":{"type":"LineString","coordinates":[[17.01611,50.66428],[17.01718,50.66311],[17.01722,50.66285],[17.01704,50.66222],[17.01408,50.65821],[17.01363,50.65775],[17.01267,50.65703]]}},{"type":"Feature","properties":{"numer":"3210D","klasa":"droga gĹ‚Ăłwna","kat":"powiatowa"},"geometry":{"type":"LineString","coordinates":[[17.01609,50.66435],[17.01611,50.66428]]}},{"type":"Feature","properties":{"numer":"396","klasa":"droga gĹ‚Ăłwna","kat":"wojewodzka"},"geometry":{"type":"LineString","coordinates":[[17.01605,50.66494],[17.01609,50.66435]]}},{"type":"Feature","properties":{"numer":"396","klasa":"droga gĹ‚Ăłwna","kat":"wojewodzka"},"geometry":{"type":"LineString","coordinates":[[17.01916,50.64828],[17.01921,50.64827]]}},{"type":"Feature","properties":{"numer":"3170D","klasa":"","kat":"powiatowa"},"geometry":{"type":"LineString","coordinates":[[17.0211,50.65596],[17.021,50.65596]]}},{"type":"Feature","properties":{"numer":"3170D","klasa":"","kat":"powiatowa"},"geometry":{"type":"LineString","coordinates":[[17.02398,50.65899],[17.02345,50.65899],[17.02294,50.65885],[17.02221,50.65832],[17.02206,50.65806],[17.02163,50.6563],[17.0214,50.65604],[17.0211,50.65596]]}},{"type":"Feature","properties":{"numer":"3170D","klasa":"","kat":"powiatowa"},"geometry":{"type":"LineString","coordinates":[[17.02406,50.65901],[17.02398,50.65899]]}},{"type":"Feature","properties":{"numer":"3184D","klasa":"","kat":"powiatowa"},"geometry":{"type":"LineString","coordinates":[[17.02248,50.67084],[17.02241,50.67092]]}},{"type":"Feature","properties":{"numer":"3184D","klasa":"","kat":"powiatowa"},"geometry":{"type":"LineString","coordinates":[[17.01844,50.67194],[17.02189,50.67115],[17.02241,50.67092]]}},{"type":"Feature","properties":{"numer":"3184D","klasa":"","kat":"powiatowa"},"geometry":{"type":"LineString","coordinates":[[17.02248,50.67084],[17.02305,50.67029],[17.02348,50.67023],[17.02403,50.67049],[17.02511,50.67078],[17.02731,50.67162],[17.03104,50.67262],[17.03149,50.67282],[17.03279,50.67464],[17.03701,50.67999],[17.03737,50.68193]]}},{"type":"Feature","properties":{"numer":"396","klasa":"droga gĹ‚Ăłwna","kat":"wojewodzka"},"geometry":{"type":"LineString","coordinates":[[17.02058,50.68634],[17.02129,50.68414],[17.02177,50.68176],[17.02231,50.6804],[17.02238,50.67982],[17.02222,50.67878],[17.02142,50.67653],[17.02148,50.67509],[17.02135,50.67456],[17.02109,50.67421],[17.02033,50.67363],[17.01953,50.67277],[17.01844,50.67194]]}},{"type":"Feature","properties":{"numer":"396","klasa":"droga gĹ‚Ăłwna","kat":"wojewodzka"},"geometry":{"type":"LineString","coordinates":[[17.02056,50.6864],[17.02058,50.68634]]}},{"type":"Feature","properties":{"numer":"396","klasa":"droga gĹ‚Ăłwna","kat":"wojewodzka"},"geometry":{"type":"LineString","coordinates":[[17.020779338245756,50.6928494778151],[17.01993,50.6887],[17.01995,50.68829],[17.02056,50.6864]]}},{"type":"Feature","properties":{"numer":"3170D","klasa":"","kat":"powiatowa"},"geometry":{"type":"LineString","coordinates":[[16.97728,50.66898],[16.97777,50.66824],[16.97816,50.66724],[16.9785,50.6669],[16.98074,50.66642],[16.98134,50.66639],[16.98279,50.66648],[16.98321,50.66639],[16.9847,50.665],[16.98611,50.66391]]}},{"type":"Feature","properties":{"numer":"3170D","klasa":"","kat":"powiatowa"},"geometry":{"type":"LineString","coordinates":[[16.94693,50.67193],[16.97635,50.66912],[16.97728,50.66898]]}},{"type":"Feature","properties":{"numer":"3204D","klasa":"","kat":"powiatowa"},"geometry":{"type":"LineString","coordinates":[[16.96287,50.68341],[16.96337,50.68311],[16.96422,50.68238],[16.96537,50.68207],[16.96652,50.68085],[16.97068,50.67727],[16.97727,50.66915],[16.97728,50.66898]]}},{"type":"Feature","properties":{"numer":"3169D","klasa":"","kat":"powiatowa"},"geometry":{"type":"LineString","coordinates":[[16.99515,50.68587],[16.99455,50.6859],[16.99423,50.68584],[16.99288,50.68515],[16.99139,50.68395],[16.99063,50.68284],[16.98968,50.68228],[16.98924,50.68192],[16.98904,50.68148],[16.98894,50.6803],[16.98851,50.67925],[16.98862,50.67908],[16.98908,50.67884],[16.98912,50.67864],[16.98881,50.67845],[16.98816,50.67854],[16.98784,50.67842],[16.98776,50.67783],[16.9869,50.67666],[16.98493,50.67436],[16.98392,50.67295],[16.97728,50.66898]]}},{"type":"Feature","properties":{"numer":"3070D","klasa":"droga zbiorcza","kat":"powiatowa"},"geometry":{"type":"LineString","coordinates":[[16.93814,50.67396],[16.94965,50.67966],[16.95489,50.68248],[16.95578,50.68272],[16.96287,50.68341]]}},{"type":"Feature","properties":{"numer":"3070D,3204D","klasa":"droga zbiorcza","kat":"powiatowa"},"geometry":{"type":"LineString","coordinates":[[16.96287,50.68341],[16.96299,50.68359]]}},{"type":"Feature","properties":{"numer":"3070D,3204D","klasa":"droga zbiorcza","kat":"powiatowa"},"geometry":{"type":"LineString","coordinates":[[16.96299,50.68359],[16.96301,50.68362]]}},{"type":"Feature","properties":{"numer":"3070D,3204D","klasa":"droga zbiorcza","kat":"powiatowa"},"geometry":{"type":"LineString","coordinates":[[16.96301,50.68362],[16.96315,50.684]]}},{"type":"Feature","properties":{"numer":"3070D","klasa":"droga zbiorcza","kat":"powiatowa"},"geometry":{"type":"LineString","coordinates":[[16.96315,50.684],[16.96402,50.68462],[16.96742,50.68627],[16.96901,50.68742],[16.96938,50.68775],[16.97127,50.6902]]}},{"type":"Feature","properties":{"numer":"3204D","klasa":"","kat":"powiatowa"},"geometry":{"type":"LineString","coordinates":[[16.944540893680223,50.69956320803032],[16.94509,50.69539],[16.94502,50.69344],[16.94585,50.69178],[16.94547,50.68998],[16.94566,50.6895],[16.94582,50.68941],[16.9468,50.68925],[16.94803,50.68939],[16.94889,50.68939],[16.94987,50.68914],[16.95127,50.68905],[16.95161,50.68871],[16.95271,50.68658],[16.95312,50.68625],[16.95763,50.68478],[16.95882,50.68411],[16.95991,50.68402],[16.96132,50.68417],[16.96315,50.684]]}},{"type":"Feature","properties":{"numer":"3070D","klasa":"","kat":"powiatowa"},"geometry":{"type":"LineString","coordinates":[[16.97160376103292,50.69062927126561],[16.97127,50.6902]]}},{"type":"Feature","properties":{"numer":"3205D","klasa":"","kat":"powiatowa"},"geometry":{"type":"LineString","coordinates":[[17.09862,50.6646],[17.09909,50.66485],[17.09963,50.66548],[17.10151,50.66908],[17.10247,50.6706],[17.10288,50.67105],[17.10393,50.67158],[17.10457,50.67177],[17.10648372085241,50.671994423554125]]}},{"type":"Feature","properties":{"numer":"3141D","klasa":"","kat":"powiatowa"},"geometry":{"type":"LineString","coordinates":[[16.81532,50.41511],[16.8156,50.41441],[16.81598,50.41386],[16.81599,50.41329]]}},{"type":"Feature","properties":{"numer":"3141D","klasa":"","kat":"powiatowa"},"geometry":{"type":"LineString","coordinates":[[16.81532,50.41511],[16.81553,50.41544],[16.81653,50.41595],[16.81716,50.41693],[16.81824,50.41786]]}},{"type":"Feature","properties":{"numer":"3141D","klasa":"","kat":"powiatowa"},"geometry":{"type":"LineString","coordinates":[[16.81832,50.4179],[16.81824,50.41786]]}},{"type":"Feature","properties":{"numer":"3141D","klasa":"","kat":"powiatowa"},"geometry":{"type":"LineString","coordinates":[[16.81832,50.4179],[16.81915,50.41828],[16.8198,50.4187],[16.82087,50.41947],[16.82137,50.42005]]}},{"type":"Feature","properties":{"numer":"390","klasa":"","kat":"wojewodzka"},"geometry":{"type":"LineString","coordinates":[[16.86885,50.44355],[16.86785,50.44339],[16.86612,50.44329],[16.86516,50.44343],[16.86139,50.4443],[16.86115,50.44426],[16.86091,50.44411],[16.85984,50.44312],[16.85933,50.44288],[16.85907,50.44284],[16.85882,50.44304],[16.85908,50.44348],[16.85909,50.44377],[16.85897,50.44415],[16.8587,50.44444],[16.85774,50.44469],[16.85724,50.44473],[16.85654,50.44463],[16.85618,50.44444],[16.85623,50.44418],[16.85739,50.44343],[16.85747,50.44303],[16.85731,50.44285],[16.85542,50.4417],[16.8554,50.44149],[16.8556,50.44138],[16.85638,50.44139],[16.85784,50.44107],[16.85887,50.44104],[16.85903,50.44093],[16.85904,50.44077],[16.85865,50.44041],[16.85698,50.43997],[16.85642,50.43973],[16.8547,50.43857],[16.85394,50.43795],[16.85315,50.43671],[16.85279,50.43595],[16.85228,50.43379],[16.84979,50.43129],[16.84953,50.43116],[16.84908,50.43112],[16.84783,50.43148],[16.84691,50.43138],[16.84669,50.43123],[16.84666,50.42872],[16.84675,50.42836],[16.8471,50.42809],[16.84802,50.42811],[16.84825,50.42802],[16.84843,50.42787],[16.8486,50.42726],[16.84856,50.42695],[16.84794,50.42637],[16.84759,50.42585],[16.84726,50.42483],[16.84727,50.42433],[16.8478,50.42374],[16.84783,50.42352],[16.84691,50.42258],[16.84615,50.42212],[16.8446,50.42146],[16.84396,50.42094],[16.84361,50.41995],[16.84281,50.41927],[16.84204,50.41846],[16.84183,50.41809],[16.84195,50.41687],[16.84152,50.4159],[16.84158,50.41475],[16.84144,50.41446],[16.84089,50.41384],[16.84008,50.4132],[16.83951,50.41223],[16.83847,50.41104],[16.83636,50.40986],[16.83517,50.40904],[16.83452,50.40849],[16.83417,50.40795],[16.83407,50.40701],[16.83418,50.40669],[16.83449,50.40647],[16.835,50.4064],[16.83684,50.40643],[16.83787,50.40636],[16.83904,50.40647],[16.83963,50.40645],[16.84016,50.40622],[16.84148,50.40524],[16.84205,50.405],[16.84293,50.4048],[16.84322,50.40454],[16.84405,50.40335],[16.84506,50.40233],[16.84595,50.40161],[16.84601,50.40117],[16.84568,50.40071],[16.842682761823678,50.39941573806022]]}},{"type":"Feature","properties":{"numer":"390","klasa":"","kat":"wojewodzka"},"geometry":{"type":"LineString","coordinates":[[16.8698,50.4436],[16.86915,50.44362],[16.86885,50.44355]]}},{"type":"Feature","properties":{"numer":"390","klasa":"","kat":"wojewodzka"},"geometry":{"type":"LineString","coordinates":[[16.8698,50.4436],[16.8698,50.44361]]}},{"type":"Feature","properties":{"numer":"46","klasa":"droga gĹ‚Ăłwna ruchu przyĹ›pieszonego","kat":"krajowa"},"geometry":{"type":"LineString","coordinates":[[16.87579,50.44458],[16.87704,50.4444],[16.88058,50.44472]]}},{"type":"Feature","properties":{"numer":"3141D","klasa":"","kat":"powiatowa"},"geometry":{"type":"LineString","coordinates":[[16.82141,50.42009],[16.82137,50.42005]]}},{"type":"Feature","properties":{"numer":"3141D","klasa":"","kat":"powiatowa"},"geometry":{"type":"LineString","coordinates":[[16.82141,50.42009],[16.82175,50.42043],[16.82238,50.42078],[16.82301,50.42175],[16.82471,50.42356],[16.82699,50.42463],[16.82758,50.42526],[16.82801,50.42661],[16.82785,50.42741],[16.82806,50.42906],[16.82839,50.42952],[16.82842,50.43011],[16.82864,50.43062],[16.82851,50.43143]]}},{"type":"Feature","properties":{"numer":"3141D","klasa":"","kat":"powiatowa"},"geometry":{"type":"LineString","coordinates":[[16.82851,50.43143],[16.8285,50.4315]]}},{"type":"Feature","properties":{"numer":"3141D","klasa":"","kat":"powiatowa"},"geometry":{"type":"LineString","coordinates":[[16.8285,50.4315],[16.82848,50.43186],[16.82871,50.43263],[16.82811,50.43381],[16.82854,50.43449],[16.82939,50.43502]]}},{"type":"Feature","properties":{"numer":"3141D","klasa":"","kat":"powiatowa"},"geometry":{"type":"LineString","coordinates":[[16.82939,50.43502],[16.82946,50.43506]]}},{"type":"Feature","properties":{"numer":"46","klasa":"droga gĹ‚Ăłwna ruchu przyĹ›pieszonego","kat":"krajowa"},"geometry":{"type":"LineString","coordinates":[[16.79769,50.43686],[16.79774,50.43682]]}},{"type":"Feature","properties":{"numer":"3141D","klasa":"","kat":"powiatowa"},"geometry":{"type":"LineString","coordinates":[[16.82946,50.43506],[16.83027,50.43568],[16.83096,50.43701],[16.8322,50.43806],[16.83268,50.43883]]}},{"type":"Feature","properties":{"numer":"46","klasa":"droga gĹ‚Ăłwna ruchu przyĹ›pieszonego","kat":"krajowa"},"geometry":{"type":"LineString","coordinates":[[16.79774,50.43682],[16.79908,50.43582],[16.79987,50.43547],[16.80059,50.43536],[16.80244,50.43536],[16.80312,50.4353],[16.80471,50.43474],[16.80707,50.43432],[16.80981,50.43366],[16.81119,50.43357],[16.81411,50.4336],[16.81495,50.43371],[16.81661,50.43416],[16.81717,50.43423],[16.81802,50.43422],[16.819,50.43408],[16.81972,50.4341],[16.8206,50.43435],[16.82098,50.43458],[16.82129,50.43491],[16.82223,50.43639],[16.82244,50.4376],[16.82325,50.43912],[16.82413,50.44024],[16.82454,50.44059],[16.82542,50.44091],[16.83062,50.44173],[16.8313,50.4421],[16.83169,50.44263]]}},{"type":"Feature","properties":{"numer":"46","klasa":"droga gĹ‚Ăłwna ruchu przyĹ›pieszonego","kat":"krajowa"},"geometry":{"type":"LineString","coordinates":[[16.79125,50.4402],[16.79253,50.44026],[16.79327,50.44009],[16.79443,50.43916],[16.79548,50.43798],[16.79708,50.43726],[16.79769,50.43686]]}},{"type":"Feature","properties":{"numer":"3141D","klasa":"","kat":"powiatowa"},"geometry":{"type":"LineString","coordinates":[[16.83268,50.43883],[16.83271,50.43889]]}},{"type":"Feature","properties":{"numer":"3141D","klasa":"","kat":"powiatowa"},"geometry":{"type":"LineString","coordinates":[[16.83271,50.43889],[16.83327,50.44007],[16.83308,50.44095]]}},{"type":"Feature","properties":{"numer":"46","klasa":"droga gĹ‚Ăłwna ruchu przyĹ›pieszonego","kat":"krajowa"},"geometry":{"type":"LineString","coordinates":[[16.79002,50.4403],[16.79125,50.4402]]}},{"type":"Feature","properties":{"numer":"46","klasa":"droga gĹ‚Ăłwna ruchu przyĹ›pieszonego","kat":"krajowa"},"geometry":{"type":"LineString","coordinates":[[16.79002,50.4403],[16.78993,50.44031]]}},{"type":"Feature","properties":{"numer":"3143D","klasa":"droga zbiorcza","kat":"powiatowa"},"geometry":{"type":"LineString","coordinates":[[16.79192,50.44094],[16.79181,50.44067],[16.79125,50.4402]]}},{"type":"Feature","properties":{"numer":"3141D","klasa":"","kat":"powiatowa"},"geometry":{"type":"LineString","coordinates":[[16.83308,50.44095],[16.83306,50.441]]}},{"type":"Feature","properties":{"numer":"3143D","klasa":"droga zbiorcza","kat":"powiatowa"},"geometry":{"type":"LineString","coordinates":[[16.79195,50.44104],[16.79192,50.44094]]}},{"type":"Feature","properties":{"numer":"3141D","klasa":"","kat":"powiatowa"},"geometry":{"type":"LineString","coordinates":[[16.83306,50.441],[16.8328,50.4416],[16.83169,50.44263]]}},{"type":"Feature","properties":{"numer":"46","klasa":"droga gĹ‚Ăłwna ruchu przyĹ›pieszonego","kat":"krajowa"},"geometry":{"type":"LineString","coordinates":[[16.83169,50.44263],[16.83223,50.44347],[16.8326,50.44378]]}},{"type":"Feature","properties":{"numer":"3143D","klasa":"droga zbiorcza","kat":"powiatowa"},"geometry":{"type":"LineString","coordinates":[[16.79359,50.44557],[16.79303,50.44416],[16.79302,50.44309],[16.79274,50.44242],[16.79276,50.44188],[16.79251,50.44143],[16.79195,50.44104]]}},{"type":"Feature","properties":{"numer":"46","klasa":"droga gĹ‚Ăłwna ruchu przyĹ›pieszonego","kat":"krajowa"},"geometry":{"type":"LineString","coordinates":[[16.8326,50.44378],[16.8327,50.44383]]}},{"type":"Feature","properties":{"numer":"46","klasa":"droga gĹ‚Ăłwna ruchu przyĹ›pieszonego","kat":"krajowa"},"geometry":{"type":"LineString","coordinates":[[16.8327,50.44383],[16.83591,50.44566],[16.83629,50.44595],[16.8366,50.44642]]}},{"type":"Feature","properties":{"numer":"3143D","klasa":"droga zbiorcza","kat":"powiatowa"},"geometry":{"type":"LineString","coordinates":[[16.79363,50.44563],[16.79359,50.44557]]}},{"type":"Feature","properties":{"numer":"46","klasa":"droga gĹ‚Ăłwna ruchu przyĹ›pieszonego","kat":"krajowa"},"geometry":{"type":"LineString","coordinates":[[16.8366,50.44642],[16.83664,50.4465]]}},{"type":"Feature","properties":{"numer":"3143D","klasa":"droga zbiorcza","kat":"powiatowa"},"geometry":{"type":"LineString","coordinates":[[16.79615,50.44956],[16.79534,50.44875],[16.79529,50.44807],[16.79407,50.44661],[16.79363,50.44563]]}},{"type":"Feature","properties":{"numer":"46","klasa":"droga gĹ‚Ăłwna ruchu przyĹ›pieszonego","kat":"krajowa"},"geometry":{"type":"LineString","coordinates":[[16.83664,50.4465],[16.83703,50.44704],[16.8392,50.44896]]}},{"type":"Feature","properties":{"numer":"46","klasa":"droga gĹ‚Ăłwna ruchu przyĹ›pieszonego","kat":"krajowa"},"geometry":{"type":"LineString","coordinates":[[16.8392,50.44896],[16.83922,50.44901]]}},{"type":"Feature","properties":{"numer":"3143D","klasa":"droga zbiorcza","kat":"powiatowa"},"geometry":{"type":"LineString","coordinates":[[16.79622,50.44963],[16.79615,50.44956]]}},{"type":"Feature","properties":{"numer":"3143D","klasa":"droga zbiorcza","kat":"powiatowa"},"geometry":{"type":"LineString","coordinates":[[16.79622,50.44963],[16.79647,50.44996],[16.79659,50.45052],[16.79834,50.45251],[16.79873,50.45364],[16.79922,50.4544]]}},{"type":"Feature","properties":{"numer":"46","klasa":"droga gĹ‚Ăłwna ruchu przyĹ›pieszonego","kat":"krajowa"},"geometry":{"type":"LineString","coordinates":[[16.83922,50.44901],[16.8392,50.44931],[16.83871,50.44997],[16.83873,50.45024],[16.84004,50.45112],[16.84127,50.45286],[16.84193,50.4534],[16.84247,50.45371],[16.84315,50.45395],[16.84485,50.45387],[16.84556,50.45397],[16.84795,50.45504],[16.84873,50.45528],[16.84929,50.45531],[16.84985,50.45524],[16.85023,50.45514],[16.8508,50.45486]]}},{"type":"Feature","properties":{"numer":"3143D","klasa":"droga zbiorcza","kat":"powiatowa"},"geometry":{"type":"LineString","coordinates":[[16.79922,50.4544],[16.79926,50.45444]]}},{"type":"Feature","properties":{"numer":"46","klasa":"droga gĹ‚Ăłwna ruchu przyĹ›pieszonego","kat":"krajowa"},"geometry":{"type":"LineString","coordinates":[[16.89308,50.4481],[16.89425,50.44854],[16.89556,50.44881],[16.90298,50.4492],[16.90856,50.44983],[16.90891937003969,50.449839214616404]]}},{"type":"Feature","properties":{"numer":"3193D","klasa":"droga zbiorcza","kat":"powiatowa"},"geometry":{"type":"LineString","coordinates":[[16.932,50.47442],[16.93131,50.47447],[16.9299,50.47484],[16.92929,50.47488],[16.92641,50.47482],[16.92531,50.47461],[16.92441,50.47433],[16.92358,50.47397],[16.92261,50.47338],[16.9199,50.47139],[16.91326,50.46795],[16.9116,50.46721],[16.90929,50.46655],[16.90768,50.46584],[16.90625,50.46502],[16.90539,50.46478],[16.90518,50.46391],[16.90467,50.46286],[16.90429,50.46226],[16.90388,50.46183],[16.89999,50.45928],[16.8986,50.45862],[16.89794,50.45818],[16.89713,50.45749],[16.89623,50.45649],[16.89541,50.45494],[16.89455,50.45196],[16.89352,50.4495],[16.89308,50.4481]]}},{"type":"Feature","properties":{"numer":"3202D","klasa":"droga zbiorcza","kat":"powiatowa"},"geometry":{"type":"LineString","coordinates":[[16.93369,50.47284],[16.93374,50.47234],[16.93329,50.47069],[16.93372,50.46868],[16.93205,50.46496],[16.93062,50.46361],[16.93072,50.46246],[16.93237,50.46203],[16.93503,50.4617],[16.93596,50.46166],[16.93819,50.46187],[16.93871,50.46184],[16.93867,50.46158],[16.93893,50.46094],[16.93884,50.46077],[16.93848,50.46051]]}},{"type":"Feature","properties":{"numer":"3201D","klasa":"droga zbiorcza","kat":"powiatowa"},"geometry":{"type":"LineString","coordinates":[[16.93369,50.47284],[16.9339,50.47406],[16.93429,50.47422],[16.93502,50.47438],[16.93543,50.47438],[16.93825,50.47407],[16.94057,50.47413],[16.94421,50.47402]]}},{"type":"Feature","properties":{"numer":"46","klasa":"droga gĹ‚Ăłwna ruchu przyĹ›pieszonego","kat":"krajowa"},"geometry":{"type":"LineString","coordinates":[[16.764833625586128,50.43137034769531],[16.76484,50.43137],[16.7656,50.43143],[16.76693,50.43174],[16.76827,50.43218],[16.77185,50.43425],[16.77326,50.43497],[16.7748,50.43558],[16.77643,50.43609],[16.77951,50.43664],[16.78008,50.43681],[16.78088,50.4372],[16.78128,50.43749],[16.78237,50.43879],[16.78321,50.43925],[16.78386,50.43942],[16.78616,50.43963],[16.78945,50.4403],[16.78993,50.44031]]}},{"type":"Feature","properties":{"numer":"3198D","klasa":"","kat":"powiatowa"},"geometry":{"type":"LineString","coordinates":[[17.04852,50.48722],[17.0485,50.48719]]}},{"type":"Feature","properties":{"numer":"3198D","klasa":"","kat":"powiatowa"},"geometry":{"type":"LineString","coordinates":[[17.05,50.49082],[17.04902,50.49017],[17.04876,50.48773],[17.04852,50.48722]]}},{"type":"Feature","properties":{"numer":"3198D","klasa":"","kat":"powiatowa"},"geometry":{"type":"LineString","coordinates":[[17.05,50.49082],[17.05001,50.49083]]}},{"type":"Feature","properties":{"numer":"3198D","klasa":"","kat":"powiatowa"},"geometry":{"type":"LineString","coordinates":[[17.05254,50.49381],[17.05225,50.4936],[17.05155,50.49332],[17.05123,50.4922],[17.05,50.49082]]}},{"type":"Feature","properties":{"numer":"3192D","klasa":"","kat":"powiatowa"},"geometry":{"type":"LineString","coordinates":[[17.0523,50.49532],[17.05223,50.4949],[17.05254,50.49381]]}},{"type":"Feature","properties":{"numer":"3198D","klasa":"","kat":"powiatowa"},"geometry":{"type":"LineString","coordinates":[[17.062452603525163,50.496395796347414],[17.06207,50.49634],[17.05863,50.49625],[17.05792,50.49616],[17.05701,50.49584],[17.05602,50.49527],[17.05446,50.49386],[17.05414,50.4938],[17.05307,50.49392],[17.05254,50.49381]]}},{"type":"Feature","properties":{"numer":"3192D","klasa":"","kat":"powiatowa"},"geometry":{"type":"LineString","coordinates":[[17.05232,50.49534],[17.0523,50.49532]]}},{"type":"Feature","properties":{"numer":"3192D","klasa":"","kat":"powiatowa"},"geometry":{"type":"LineString","coordinates":[[17.06248,50.51567],[17.06311,50.51487],[17.06313,50.5145],[17.06172,50.51412],[17.05984,50.51283],[17.05594,50.50624],[17.05461,50.50439],[17.05395,50.50116],[17.05219,50.4971],[17.05217,50.49671],[17.05244,50.4957],[17.05232,50.49534]]}},{"type":"Feature","properties":{"numer":"3192D","klasa":"","kat":"powiatowa"},"geometry":{"type":"LineString","coordinates":[[17.06242,50.51573],[17.06248,50.51567]]}},{"type":"Feature","properties":{"numer":"3192D","klasa":"","kat":"powiatowa"},"geometry":{"type":"LineString","coordinates":[[17.05939,50.51972],[17.06043,50.51897],[17.06072,50.51848],[17.06083,50.51796],[17.06142,50.51671],[17.06213,50.51615],[17.06242,50.51573]]}},{"type":"Feature","properties":{"numer":"3192D","klasa":"","kat":"powiatowa"},"geometry":{"type":"LineString","coordinates":[[17.05932,50.51977],[17.05939,50.51972]]}},{"type":"Feature","properties":{"numer":"3192D","klasa":"","kat":"powiatowa"},"geometry":{"type":"LineString","coordinates":[[17.05237,50.55005],[17.05267,50.54967],[17.05227,50.5485],[17.05025,50.54669],[17.0483,50.54544],[17.04752,50.54478],[17.04651,50.54415],[17.04606,50.54366],[17.04601,50.5433],[17.04633,50.54256],[17.04637,50.54195],[17.04564,50.54077],[17.04479,50.53874],[17.04523,50.5377],[17.04552,50.53595],[17.04547,50.53559],[17.04509,50.53491],[17.04511,50.53442],[17.04548,50.53365],[17.04849,50.52956],[17.04902,50.52808],[17.0495,50.52709],[17.04956,50.52631],[17.05004,50.52525],[17.05037,50.52512],[17.05128,50.52515],[17.05169,50.52508],[17.05197,50.5249],[17.05244,50.52432],[17.05276,50.52418],[17.05322,50.52417],[17.05344,50.52424],[17.05362,50.5244],[17.05376,50.52478],[17.0541,50.52489],[17.05438,50.52481],[17.05463,50.52432],[17.05492,50.52413],[17.0558,50.52409],[17.05682,50.52418],[17.05722,50.52408],[17.0581,50.52324],[17.05858,50.52257],[17.05873,50.52197],[17.05854,50.52122],[17.05892,50.52032],[17.05932,50.51977]]}},{"type":"Feature","properties":{"numer":"3191D","klasa":"","kat":"powiatowa"},"geometry":{"type":"LineString","coordinates":[[17.05237,50.55005],[17.05281,50.54997],[17.0542,50.55007],[17.05653,50.55005],[17.05941,50.54976],[17.06494,50.54899],[17.06528,50.54872],[17.06853608283066,50.544441427743855]]}},{"type":"Feature","properties":{"numer":"3191D","klasa":"","kat":"powiatowa"},"geometry":{"type":"LineString","coordinates":[[17.05142,50.55089],[17.05237,50.55005]]}},{"type":"Feature","properties":{"numer":"3191D","klasa":"","kat":"powiatowa"},"geometry":{"type":"LineString","coordinates":[[17.05083,50.56418],[17.05135,50.56326],[17.05142,50.56297],[17.05121,50.56256],[17.05067,50.56215],[17.05066,50.56197],[17.05096,50.56167],[17.05228,50.5609],[17.05255,50.56063],[17.05269,50.55896],[17.05246,50.55777],[17.05256,50.55673],[17.05277,50.55599],[17.05224,50.55478],[17.0513,50.55358],[17.05135,50.55272],[17.05116,50.55219],[17.05115,50.55167],[17.05142,50.55089]]}},{"type":"Feature","properties":{"numer":"3191D","klasa":"","kat":"powiatowa"},"geometry":{"type":"LineString","coordinates":[[17.05081,50.56423],[17.05083,50.56418]]}},{"type":"Feature","properties":{"numer":"3191D","klasa":"","kat":"powiatowa"},"geometry":{"type":"LineString","coordinates":[[17.0457,50.57049],[17.04607,50.56968],[17.0472,50.56905],[17.04979,50.56647],[17.05045,50.56544],[17.05081,50.56423]]}},{"type":"Feature","properties":{"numer":"3191D","klasa":"","kat":"powiatowa"},"geometry":{"type":"LineString","coordinates":[[17.04566,50.57059],[17.0457,50.57049]]}},{"type":"Feature","properties":{"numer":"3190D","klasa":"","kat":"powiatowa"},"geometry":{"type":"LineString","coordinates":[[17.07535,50.57833],[17.0761,50.57857],[17.0788,50.57912]]}},{"type":"Feature","properties":{"numer":"3190D","klasa":"","kat":"powiatowa"},"geometry":{"type":"LineString","coordinates":[[17.03604,50.59519],[17.03621,50.59492],[17.03651,50.59364],[17.03682,50.5932],[17.0387,50.59221],[17.0406,50.59083],[17.04108,50.59035],[17.04168,50.58946],[17.04205,50.58915],[17.04256,50.58894],[17.04437,50.58887],[17.04516,50.58868],[17.04946,50.58702],[17.05142,50.58607],[17.05365,50.58522],[17.06041,50.58148],[17.06297,50.58039],[17.06322,50.58004],[17.06324,50.57937],[17.06352,50.57849],[17.06387,50.57826],[17.0654,50.57769],[17.06628,50.57715],[17.06751,50.57663],[17.06786,50.5766],[17.06917,50.5771],[17.06989,50.57724],[17.07062,50.57724],[17.07157,50.57759],[17.07263,50.57759],[17.07499,50.57814],[17.07535,50.57833]]}},{"type":"Feature","properties":{"numer":"382","klasa":"droga gĹ‚Ăłwna","kat":"wojewodzka"},"geometry":{"type":"LineString","coordinates":[[17.00647,50.4748],[17.006586034368805,50.47474106190791]]}},{"type":"Feature","properties":{"numer":"382","klasa":"droga gĹ‚Ăłwna","kat":"wojewodzka"},"geometry":{"type":"LineString","coordinates":[[17.00647,50.4748],[17.00137,50.47825],[16.99985,50.47901]]}},{"type":"Feature","properties":{"numer":"1645O","klasa":"","kat":"powiatowa"},"geometry":{"type":"LineString","coordinates":[[16.94421,50.47402],[16.94446729166667,50.474073125000004]]}},{"type":"Feature","properties":{"numer":"382","klasa":"droga gĹ‚Ăłwna","kat":"wojewodzka"},"geometry":{"type":"LineString","coordinates":[[16.99985,50.47901],[16.95272,50.49795]]}},{"type":"Feature","properties":{"numer":"3199D","klasa":"","kat":"powiatowa"},"geometry":{"type":"LineString","coordinates":[[16.95682,50.50039],[16.95731,50.50009],[16.9577,50.49997],[16.95889,50.49977],[16.96723,50.49759],[16.97138,50.49678],[16.97443,50.49584],[16.97604,50.49488],[16.97765,50.49418],[16.97864,50.49351],[16.9792,50.49282],[16.98062,50.49057],[16.9811,50.49016],[16.98182,50.49005],[16.98405,50.49],[16.98624,50.49032],[16.98783,50.49072],[16.98986,50.49068],[16.99056,50.49059],[16.99204,50.49014],[16.99403,50.48917],[16.99576,50.48874]]}},{"type":"Feature","properties":{"numer":"382","klasa":"droga gĹ‚Ăłwna","kat":"wojewodzka"},"geometry":{"type":"LineString","coordinates":[[16.95263,50.49798],[16.95272,50.49795]]}},{"type":"Feature","properties":{"numer":"3210D","klasa":"droga gĹ‚Ăłwna","kat":"powiatowa"},"geometry":{"type":"LineString","coordinates":[[16.99985,50.47901],[16.99976,50.47952],[16.99955,50.47977],[16.99849,50.48021],[16.99458,50.48288],[16.99416,50.48363],[16.99414,50.48405],[16.99426,50.4844]]}},{"type":"Feature","properties":{"numer":"3210D","klasa":"droga gĹ‚Ăłwna","kat":"powiatowa"},"geometry":{"type":"LineString","coordinates":[[16.99426,50.4844],[16.99428,50.48446]]}},{"type":"Feature","properties":{"numer":"3210D","klasa":"droga gĹ‚Ăłwna","kat":"powiatowa"},"geometry":{"type":"LineString","coordinates":[[16.99428,50.48446],[16.99578,50.4887]]}},{"type":"Feature","properties":{"numer":"3210D","klasa":"droga gĹ‚Ăłwna","kat":"powiatowa"},"geometry":{"type":"LineString","coordinates":[[16.99578,50.4887],[16.99576,50.48874]]}},{"type":"Feature","properties":{"numer":"3210D","klasa":"droga gĹ‚Ăłwna","kat":"powiatowa"},"geometry":{"type":"LineString","coordinates":[[16.99576,50.48874],[16.99624,50.48959],[16.99677,50.49017],[16.99703,50.49088],[16.99761,50.49143]]}},{"type":"Feature","properties":{"numer":"3210D","klasa":"droga gĹ‚Ăłwna","kat":"powiatowa"},"geometry":{"type":"LineString","coordinates":[[16.99761,50.49143],[16.99767,50.49147]]}},{"type":"Feature","properties":{"numer":"3210D","klasa":"droga gĹ‚Ăłwna","kat":"powiatowa"},"geometry":{"type":"LineString","coordinates":[[16.99767,50.49147],[16.99938,50.49238],[16.9996,50.49258],[16.99959,50.49301],[16.99877,50.49414],[16.9987,50.49465]]}},{"type":"Feature","properties":{"numer":"3210D","klasa":"droga gĹ‚Ăłwna","kat":"powiatowa"},"geometry":{"type":"LineString","coordinates":[[16.9987,50.49465],[16.99874,50.49471]]}},{"type":"Feature","properties":{"numer":"3210D","klasa":"droga gĹ‚Ăłwna","kat":"powiatowa"},"geometry":{"type":"LineString","coordinates":[[16.99874,50.49471],[16.9991,50.4949],[17.00052,50.49481],[17.00111,50.49498],[17.00212,50.49571],[17.00273,50.49658],[17.00359,50.49709]]}},{"type":"Feature","properties":{"numer":"3210D","klasa":"droga gĹ‚Ăłwna","kat":"powiatowa"},"geometry":{"type":"LineString","coordinates":[[17.00359,50.49709],[17.00372,50.49716]]}},{"type":"Feature","properties":{"numer":"3198D","klasa":"","kat":"powiatowa"},"geometry":{"type":"LineString","coordinates":[[17.02982,50.48378],[17.02991,50.48346],[17.02891,50.48057],[17.02796,50.47869],[17.02146,50.47847],[17.02037,50.47824],[17.019763587814968,50.478204328695]]}},{"type":"Feature","properties":{"numer":"3198D","klasa":"","kat":"powiatowa"},"geometry":{"type":"LineString","coordinates":[[17.02979,50.48383],[17.02982,50.48378]]}},{"type":"Feature","properties":{"numer":"3198D","klasa":"","kat":"powiatowa"},"geometry":{"type":"LineString","coordinates":[[17.0485,50.48719],[17.04802,50.48633],[17.04718,50.48541],[17.04203,50.48533],[17.03923,50.48497],[17.03742,50.48517],[17.03663,50.48515],[17.03458,50.48488],[17.03282,50.48437],[17.03042,50.48434],[17.02987,50.48413],[17.02979,50.48383]]}},{"type":"Feature","properties":{"numer":"3193D","klasa":"droga zbiorcza","kat":"powiatowa"},"geometry":{"type":"LineString","coordinates":[[17.01102,50.53735],[17.01192,50.53712],[17.01269,50.53703],[17.01339,50.53702],[17.01422,50.53716],[17.01882,50.53877],[17.01996,50.53903],[17.02134,50.53964],[17.02297,50.54003],[17.02521,50.54073],[17.02575,50.54099],[17.02843,50.54271],[17.03105,50.54404],[17.03268,50.54451],[17.04181,50.54784],[17.05009,50.55098],[17.05041,50.55103],[17.05112,50.55088],[17.05142,50.55089]]}},{"type":"Feature","properties":{"numer":"3191D","klasa":"","kat":"powiatowa"},"geometry":{"type":"LineString","coordinates":[[17.03169,50.59158],[17.03159,50.59019],[17.03193,50.58952],[17.03211,50.58865],[17.03249,50.58804],[17.03214,50.58745],[17.03204,50.58692],[17.03269,50.58567],[17.03288,50.58548],[17.0335,50.58516],[17.03675,50.58408],[17.03892,50.5826],[17.03998,50.58111],[17.03986,50.58076],[17.03928,50.58004],[17.03928,50.57916],[17.0394,50.57878],[17.03958,50.5785],[17.04032,50.57785],[17.04172,50.57706],[17.0438,50.57563],[17.0447,50.57479],[17.04506,50.57355],[17.04559,50.57266],[17.04596,50.57165],[17.04592,50.5714],[17.04565,50.57102],[17.04566,50.57059]]}},{"type":"Feature","properties":{"numer":"3210D","klasa":"droga gĹ‚Ăłwna","kat":"powiatowa"},"geometry":{"type":"LineString","coordinates":[[17.00372,50.49716],[17.00454,50.4976],[17.00515,50.49829],[17.00626,50.49926],[17.00676,50.50012],[17.00702,50.50031],[17.00989,50.50181],[17.01109,50.50219],[17.01177,50.50269],[17.01319,50.50321],[17.01423,50.50399]]}},{"type":"Feature","properties":{"numer":"3210D","klasa":"droga gĹ‚Ăłwna","kat":"powiatowa"},"geometry":{"type":"LineString","coordinates":[[17.01426,50.50401],[17.01423,50.50399]]}},{"type":"Feature","properties":{"numer":"3210D","klasa":"droga gĹ‚Ăłwna","kat":"powiatowa"},"geometry":{"type":"LineString","coordinates":[[17.01426,50.50401],[17.01611,50.50558],[17.01686,50.5066],[17.01774,50.50754],[17.01821,50.50927],[17.01785,50.51179],[17.0139,50.51485],[17.01299,50.51601],[17.01102,50.51957],[17.00994,50.52303],[17.00978,50.52591],[17.00779,50.53145],[17.00724,50.53359],[17.00644,50.53455],[17.00506,50.53594],[17.00335,50.5369],[17.00212,50.53811]]}},{"type":"Feature","properties":{"numer":"3193D","klasa":"droga zbiorcza","kat":"powiatowa"},"geometry":{"type":"LineString","coordinates":[[16.99546,50.5356],[16.99553,50.53562]]}},{"type":"Feature","properties":{"numer":"3193D","klasa":"droga zbiorcza","kat":"powiatowa"},"geometry":{"type":"LineString","coordinates":[[16.99553,50.53562],[16.99719,50.53597],[16.99771,50.53614],[17.0,50.53735],[17.00212,50.53811]]}},{"type":"Feature","properties":{"numer":"3193D","klasa":"droga zbiorcza","kat":"powiatowa"},"geometry":{"type":"LineString","coordinates":[[17.01099,50.53736],[17.01102,50.53735]]}},{"type":"Feature","properties":{"numer":"3193D","klasa":"droga zbiorcza","kat":"powiatowa"},"geometry":{"type":"LineString","coordinates":[[17.00212,50.53811],[17.0029,50.53823],[17.0067,50.53827],[17.00772,50.53851],[17.0081,50.53853],[17.00913,50.5382],[17.00993,50.53766],[17.01099,50.53736]]}},{"type":"Feature","properties":{"numer":"3210D","klasa":"droga gĹ‚Ăłwna","kat":"powiatowa"},"geometry":{"type":"LineString","coordinates":[[17.00212,50.53811],[17.00136,50.53912],[16.99691,50.54913],[16.99657,50.55081],[16.99662,50.55171],[16.99695,50.55252],[16.99993,50.55707]]}},{"type":"Feature","properties":{"numer":"3196D","klasa":"","kat":"powiatowa"},"geometry":{"type":"LineString","coordinates":[[16.99993,50.55707],[16.99982,50.5572]]}},{"type":"Feature","properties":{"numer":"3210D","klasa":"droga gĹ‚Ăłwna","kat":"powiatowa"},"geometry":{"type":"LineString","coordinates":[[16.99993,50.55707],[17.00016,50.55725]]}},{"type":"Feature","properties":{"numer":"3193D","klasa":"droga zbiorcza","kat":"powiatowa"},"geometry":{"type":"LineString","coordinates":[[16.96172,50.52343],[16.96189,50.52347]]}},{"type":"Feature","properties":{"numer":"3193D","klasa":"droga zbiorcza","kat":"powiatowa"},"geometry":{"type":"LineString","coordinates":[[16.97104,50.5235],[16.97112,50.52352]]}},{"type":"Feature","properties":{"numer":"3193D","klasa":"droga zbiorcza","kat":"powiatowa"},"geometry":{"type":"LineString","coordinates":[[16.97112,50.52352],[16.97241,50.52387],[16.97293,50.52447],[16.97367,50.52486]]}},{"type":"Feature","properties":{"numer":"3193D","klasa":"droga zbiorcza","kat":"powiatowa"},"geometry":{"type":"LineString","coordinates":[[16.97376,50.52491],[16.97367,50.52486]]}},{"type":"Feature","properties":{"numer":"3193D","klasa":"droga zbiorcza","kat":"powiatowa"},"geometry":{"type":"LineString","coordinates":[[16.97376,50.52491],[16.97668,50.52602],[16.97705,50.52633],[16.97679,50.52759],[16.97628,50.53177],[16.97634,50.53204],[16.97652,50.53223]]}},{"type":"Feature","properties":{"numer":"3193D","klasa":"droga zbiorcza","kat":"powiatowa"},"geometry":{"type":"LineString","coordinates":[[16.97658,50.53227],[16.97652,50.53223]]}},{"type":"Feature","properties":{"numer":"3193D","klasa":"droga zbiorcza","kat":"powiatowa"},"geometry":{"type":"LineString","coordinates":[[16.97658,50.53227],[16.9778,50.53301],[16.97896,50.5333],[16.9807,50.53428],[16.98213,50.53487],[16.98296,50.53485],[16.98402,50.53448],[16.98505,50.53396],[16.98544,50.53386],[16.98616,50.53382],[16.98654,50.53386],[16.9875,50.53416],[16.98842,50.53424],[16.98921,50.53458],[16.99142,50.53526],[16.99427,50.53534],[16.99546,50.5356]]}},{"type":"Feature","properties":{"numer":"3196D","klasa":"","kat":"powiatowa"},"geometry":{"type":"LineString","coordinates":[[16.98468,50.55737],[16.98326,50.55781],[16.98113,50.55833]]}},{"type":"Feature","properties":{"numer":"3196D","klasa":"","kat":"powiatowa"},"geometry":{"type":"LineString","coordinates":[[16.94677,50.56438],[16.9496,50.5636],[16.95169,50.56312],[16.95618,50.56234],[16.95789,50.56187],[16.95987,50.56152],[16.96515,50.56087],[16.97214,50.55972],[16.97911,50.55878],[16.98113,50.55833]]}},{"type":"Feature","properties":{"numer":"385,396","klasa":"droga gĹ‚Ăłwna","kat":"gminna"},"geometry":{"type":"LineString","coordinates":[[16.94479,50.58395],[16.9456,50.58392],[16.94655,50.58379],[16.94771,50.58348],[16.95088,50.58299],[16.95162,50.58293],[16.95232,50.58297],[16.9543,50.58337],[16.95561,50.58371],[16.95698,50.58418],[16.9581,50.58445],[16.96164,50.58655],[16.96253,50.58681]]}},{"type":"Feature","properties":{"numer":"3210D","klasa":"droga gĹ‚Ăłwna","kat":"powiatowa"},"geometry":{"type":"LineString","coordinates":[[17.01648,50.57842],[17.01651,50.57876],[17.01732,50.58006],[17.01981,50.5823],[17.0209,50.5829],[17.02803,50.58743],[17.02852,50.58791]]}},{"type":"Feature","properties":{"numer":"3210D","klasa":"droga gĹ‚Ăłwna","kat":"powiatowa"},"geometry":{"type":"LineString","coordinates":[[17.02852,50.58791],[17.02852,50.58795]]}},{"type":"Feature","properties":{"numer":"3210D","klasa":"droga gĹ‚Ăłwna","kat":"powiatowa"},"geometry":{"type":"LineString","coordinates":[[17.02852,50.58795],[17.02821,50.5897],[17.02832,50.59019]]}},{"type":"Feature","properties":{"numer":"3210D","klasa":"droga gĹ‚Ăłwna","kat":"powiatowa"},"geometry":{"type":"LineString","coordinates":[[17.02832,50.59019],[17.02839,50.5903]]}},{"type":"Feature","properties":{"numer":"3210D","klasa":"droga gĹ‚Ăłwna","kat":"powiatowa"},"geometry":{"type":"LineString","coordinates":[[17.02839,50.5903],[17.02888,50.59076],[17.02989,50.5912]]}},{"type":"Feature","properties":{"numer":"385,396","klasa":"droga gĹ‚Ăłwna","kat":"gminna"},"geometry":{"type":"LineString","coordinates":[[17.02989,50.5912],[17.03117,50.59142]]}},{"type":"Feature","properties":{"numer":"385,396","klasa":"droga gĹ‚Ăłwna","kat":"gminna"},"geometry":{"type":"LineString","coordinates":[[17.03117,50.59142],[17.03134,50.59146]]}},{"type":"Feature","properties":{"numer":"385,396","klasa":"droga gĹ‚Ăłwna","kat":"gminna"},"geometry":{"type":"LineString","coordinates":[[17.03134,50.59146],[17.03169,50.59158]]}},{"type":"Feature","properties":{"numer":"385,396","klasa":"droga gĹ‚Ăłwna","kat":"gminna"},"geometry":{"type":"LineString","coordinates":[[17.03169,50.59158],[17.03204,50.59181],[17.03268,50.59253],[17.03604,50.59519]]}},{"type":"Feature","properties":{"numer":"385,396","klasa":"droga gĹ‚Ăłwna","kat":"gminna"},"geometry":{"type":"LineString","coordinates":[[17.03604,50.59519],[17.03849,50.59781]]}},{"type":"Feature","properties":{"numer":"3196D","klasa":"","kat":"powiatowa"},"geometry":{"type":"LineString","coordinates":[[16.99982,50.5572],[16.99529,50.55701],[16.99033,50.55733],[16.98616,50.5572],[16.98468,50.55737]]}},{"type":"Feature","properties":{"numer":"3196D","klasa":"","kat":"powiatowa"},"geometry":{"type":"LineString","coordinates":[[17.00016,50.55725],[16.99982,50.5572]]}},{"type":"Feature","properties":{"numer":"3210D","klasa":"droga gĹ‚Ăłwna","kat":"powiatowa"},"geometry":{"type":"LineString","coordinates":[[17.00016,50.55725],[17.0024,50.55817],[17.00653,50.55968],[17.00908,50.56026],[17.01002,50.56084],[17.01054,50.56157],[17.01249,50.56609],[17.01404,50.56922]]}},{"type":"Feature","properties":{"numer":"3197D","klasa":"","kat":"powiatowa"},"geometry":{"type":"LineString","coordinates":[[16.98468,50.55737],[16.98542,50.55814],[16.98746,50.55885],[16.98866,50.55942],[16.98961,50.56015],[16.99042,50.56123],[16.99074,50.56148],[16.9912,50.56165],[16.9929,50.56195],[16.99327,50.56219],[16.99454,50.56339],[16.99743,50.56436],[16.99899,50.5651],[16.99972,50.5657],[17.00356,50.56723],[17.00609,50.56787],[17.01041,50.56782],[17.0122,50.56815],[17.01268,50.56834],[17.01404,50.56922]]}},{"type":"Feature","properties":{"numer":"3210D","klasa":"droga gĹ‚Ăłwna","kat":"powiatowa"},"geometry":{"type":"LineString","coordinates":[[17.01404,50.56922],[17.0151,50.57132],[17.01518,50.57209],[17.01546,50.57258],[17.01564,50.57327],[17.01617,50.57414],[17.01622,50.57478],[17.01602,50.57611],[17.01638,50.57719],[17.01666,50.57762],[17.0165,50.57837]]}},{"type":"Feature","properties":{"numer":"3210D","klasa":"droga gĹ‚Ăłwna","kat":"powiatowa"},"geometry":{"type":"LineString","coordinates":[[17.0165,50.57837],[17.01648,50.57842]]}},{"type":"Feature","properties":{"numer":"385,396","klasa":"droga gĹ‚Ăłwna","kat":"gminna"},"geometry":{"type":"LineString","coordinates":[[16.98851,50.59318],[16.99197,50.59368],[17.00361,50.59374],[17.00491,50.5936],[17.00785,50.59362],[17.0086,50.59342],[17.01073,50.59232],[17.01174,50.59205],[17.01247,50.59195],[17.01424,50.5918],[17.01663,50.5919],[17.01789,50.59187],[17.02004,50.59244],[17.02173,50.5927],[17.02224,50.59271],[17.02299,50.59259],[17.02384,50.59217],[17.02432,50.59202],[17.02668,50.59197],[17.02816,50.5918],[17.02903,50.59161],[17.02955,50.59127],[17.02989,50.5912]]}},{"type":"Feature","properties":{"numer":"3174D","klasa":"droga zbiorcza","kat":"powiatowa"},"geometry":{"type":"LineString","coordinates":[[16.99295,50.61761],[16.993,50.61726],[16.99357,50.61641],[16.99526,50.61528],[16.99584,50.61469],[16.99611,50.61397],[16.99603,50.61326],[16.99616,50.61301],[16.9974,50.61223],[16.99836,50.61133],[16.99965,50.6108],[17.01009,50.60825],[17.01301,50.6073],[17.0156,50.60692],[17.01755,50.60682],[17.01789,50.60669],[17.01831,50.60635],[17.01869,50.60625],[17.02016,50.60631],[17.02215,50.60587],[17.0231,50.60589],[17.02642,50.60655],[17.0268,50.60672],[17.02797,50.60759],[17.02828,50.60763],[17.02855,50.60752],[17.02894,50.60705],[17.02922,50.60689],[17.03402,50.60561]]}},{"type":"Feature","properties":{"numer":"3174D","klasa":"droga zbiorcza","kat":"powiatowa"},"geometry":{"type":"LineString","coordinates":[[16.99352,50.61992],[16.99297,50.61858],[16.99295,50.61761]]}},{"type":"Feature","properties":{"numer":"3183D","klasa":"","kat":"powiatowa"},"geometry":{"type":"LineString","coordinates":[[16.99391,50.62283],[16.99392,50.62117],[16.99352,50.61992]]}},{"type":"Feature","properties":{"numer":"385,396","klasa":"droga gĹ‚Ăłwna","kat":"gminna"},"geometry":{"type":"LineString","coordinates":[[16.96253,50.58681],[16.96257,50.58682]]}},{"type":"Feature","properties":{"numer":"3195D","klasa":"","kat":"powiatowa"},"geometry":{"type":"LineString","coordinates":[[16.98862,50.59276],[16.98882,50.59159],[16.98788,50.58945],[16.98508,50.58601],[16.98291,50.58365],[16.98242,50.58261],[16.98177,50.58163],[16.98153,50.58149],[16.98154,50.58097]]}},{"type":"Feature","properties":{"numer":"385,396","klasa":"droga gĹ‚Ăłwna","kat":"gminna"},"geometry":{"type":"LineString","coordinates":[[16.96257,50.58682],[16.96389,50.58707],[16.96631,50.58732],[16.97062,50.58858],[16.97253,50.58897],[16.97533,50.58926],[16.97947,50.58928],[16.97978,50.58951],[16.98013,50.59086],[16.98035,50.59131]]}},{"type":"Feature","properties":{"numer":"385,396","klasa":"droga gĹ‚Ăłwna","kat":"gminna"},"geometry":{"type":"LineString","coordinates":[[16.98035,50.59131],[16.98038,50.59134]]}},{"type":"Feature","properties":{"numer":"385,396","klasa":"droga gĹ‚Ăłwna","kat":"gminna"},"geometry":{"type":"LineString","coordinates":[[16.98038,50.59134],[16.98056,50.59145]]}},{"type":"Feature","properties":{"numer":"385,396","klasa":"droga gĹ‚Ăłwna","kat":"gminna"},"geometry":{"type":"LineString","coordinates":[[16.98056,50.59145],[16.98668,50.59311],[16.98719,50.59318],[16.98851,50.59318]]}},{"type":"Feature","properties":{"numer":"3195D","klasa":"","kat":"powiatowa"},"geometry":{"type":"LineString","coordinates":[[16.98861,50.59281],[16.98862,50.59276]]}},{"type":"Feature","properties":{"numer":"3195D","klasa":"","kat":"powiatowa"},"geometry":{"type":"LineString","coordinates":[[16.98851,50.59318],[16.98861,50.59281]]}},{"type":"Feature","properties":{"numer":"3194D","klasa":"","kat":"powiatowa"},"geometry":{"type":"LineString","coordinates":[[16.98056,50.59145],[16.97937,50.59137],[16.97813,50.59156],[16.97777,50.5918],[16.97735,50.5926],[16.97708,50.59288],[16.97376,50.59454],[16.97133,50.59547],[16.97069,50.59621],[16.97059,50.59695],[16.97016,50.59725],[16.96964,50.59856],[16.96898,50.59908],[16.96904,50.59967],[16.96893,50.59982],[16.96748,50.60038],[16.96639,50.60101],[16.96413,50.60156],[16.96337,50.60185],[16.96079,50.60214],[16.95961,50.60208],[16.95539,50.60131],[16.95283,50.60116],[16.95108,50.60082],[16.95029,50.60058],[16.94815,50.60049],[16.94642,50.60004],[16.94604,50.60008],[16.94368,50.60067],[16.94242,50.60087],[16.94104,50.60123],[16.94039,50.60131],[16.9402,50.6014]]}},{"type":"Feature","properties":{"numer":"118215D","klasa":"droga lokalna","kat":"powiatowa"},"geometry":{"type":"LineString","coordinates":[[16.94672,50.61462],[16.94686,50.61565],[16.9468,50.61641]]}},{"type":"Feature","properties":{"numer":"46","klasa":"droga gĹ‚Ăłwna ruchu przyĹ›pieszonego","kat":"krajowa"},"geometry":{"type":"LineString","coordinates":[[16.88058,50.44472],[16.88069,50.44472]]}},{"type":"Feature","properties":{"numer":"390","klasa":"","kat":"wojewodzka"},"geometry":{"type":"LineString","coordinates":[[16.86628,50.44721],[16.86637,50.44695],[16.86768,50.44613],[16.86825,50.44567],[16.86892,50.44474],[16.86988,50.44384],[16.8698,50.44361]]}},{"type":"Feature","properties":{"numer":"390,46","klasa":"droga gĹ‚Ăłwna ruchu przyĹ›pieszonego","kat":"gminna"},"geometry":{"type":"LineString","coordinates":[[16.86628,50.44721],[16.86804,50.44714],[16.86925,50.44694],[16.87037,50.44653],[16.87351,50.44513],[16.87421,50.44491],[16.87579,50.44458]]}},{"type":"Feature","properties":{"numer":"46","klasa":"droga gĹ‚Ăłwna ruchu przyĹ›pieszonego","kat":"krajowa"},"geometry":{"type":"LineString","coordinates":[[16.88069,50.44472],[16.88242,50.44484],[16.88598,50.44573],[16.88738,50.44589],[16.89308,50.4481]]}},{"type":"Feature","properties":{"numer":"46","klasa":"droga gĹ‚Ăłwna ruchu przyĹ›pieszonego","kat":"krajowa"},"geometry":{"type":"LineString","coordinates":[[16.8508,50.45486],[16.85319,50.45247],[16.85371,50.45076],[16.85401,50.45041],[16.85451,50.4501],[16.85654,50.44922],[16.85863,50.44846],[16.86162,50.44712],[16.86249,50.44701],[16.86457,50.44722],[16.86628,50.44721]]}},{"type":"Feature","properties":{"numer":"390","klasa":"droga zbiorcza","kat":"wojewodzka"},"geometry":{"type":"LineString","coordinates":[[16.8829,50.4716],[16.88302,50.47081],[16.8823,50.46765],[16.88224,50.46699],[16.88239,50.46492],[16.88345,50.46176],[16.88381,50.45864],[16.88377,50.45758],[16.8832,50.45404],[16.88143,50.44948],[16.88069,50.44793],[16.87807,50.44598],[16.87579,50.44458]]}},{"type":"Feature","properties":{"numer":"3142D","klasa":"droga zbiorcza","kat":"powiatowa"},"geometry":{"type":"LineString","coordinates":[[16.8508,50.45486],[16.85088,50.45504],[16.84976,50.45693],[16.84936,50.45714],[16.84837,50.45732],[16.84885,50.45878],[16.84882,50.45916],[16.84734,50.46177],[16.84692,50.46232],[16.84669,50.46506],[16.84646,50.46618],[16.84674,50.46818],[16.84579,50.47034],[16.84565,50.4716],[16.84592,50.47241],[16.84651,50.4731],[16.84685,50.47461],[16.84678,50.47839]]}},{"type":"Feature","properties":{"numer":"3142D","klasa":"droga zbiorcza","kat":"powiatowa"},"geometry":{"type":"LineString","coordinates":[[16.84678,50.47839],[16.84678,50.47847]]}},{"type":"Feature","properties":{"numer":"3142D","klasa":"droga zbiorcza","kat":"powiatowa"},"geometry":{"type":"LineString","coordinates":[[16.84635,50.4832],[16.84671,50.48109],[16.84678,50.47847]]}},{"type":"Feature","properties":{"numer":"3181D","klasa":"droga zbiorcza","kat":"powiatowa"},"geometry":{"type":"LineString","coordinates":[[16.8829,50.4716],[16.88179,50.47188],[16.88066,50.47251],[16.87956,50.47256],[16.87878,50.47279],[16.87546,50.47419],[16.87524,50.47437],[16.87502,50.47479],[16.87489,50.47566],[16.87424,50.47622],[16.87369,50.47687],[16.87343,50.47782],[16.87349,50.47874],[16.8729,50.48068],[16.87274,50.48228],[16.872,50.48337],[16.87186,50.48472],[16.87235,50.4865],[16.87243,50.48718],[16.87234,50.4892],[16.87183,50.49004],[16.87196,50.49093]]}},{"type":"Feature","properties":{"numer":"3143D","klasa":"droga zbiorcza","kat":"powiatowa"},"geometry":{"type":"LineString","coordinates":[[16.79926,50.45444],[16.79952,50.45489],[16.79984,50.45515]]}},{"type":"Feature","properties":{"numer":"3143D","klasa":"droga zbiorcza","kat":"powiatowa"},"geometry":{"type":"LineString","coordinates":[[16.79984,50.45515],[16.79993,50.45522]]}},{"type":"Feature","properties":{"numer":"3143D","klasa":"droga zbiorcza","kat":"powiatowa"},"geometry":{"type":"LineString","coordinates":[[16.79993,50.45522],[16.80087,50.45599],[16.80256,50.45699],[16.80368,50.4582],[16.80379,50.45844],[16.80382,50.45863],[16.80348,50.4597],[16.80318,50.46025],[16.80307,50.46079],[16.80322,50.46113],[16.80386,50.46181],[16.80405,50.46241],[16.80397,50.46264],[16.80367,50.46285],[16.80255,50.4632],[16.80232,50.46343],[16.80233,50.46371],[16.80272,50.46432],[16.80347,50.46489],[16.80404,50.46556],[16.80517,50.46608],[16.80538,50.46625],[16.80681,50.46791],[16.80729,50.46864]]}},{"type":"Feature","properties":{"numer":"3143D","klasa":"droga zbiorcza","kat":"powiatowa"},"geometry":{"type":"LineString","coordinates":[[16.80729,50.46864],[16.80734,50.46872]]}},{"type":"Feature","properties":{"numer":"3143D","klasa":"droga zbiorcza","kat":"powiatowa"},"geometry":{"type":"LineString","coordinates":[[16.80734,50.46872],[16.80755,50.46912],[16.80849,50.46961],[16.80874,50.46992],[16.80873,50.47097],[16.80923,50.47243],[16.80923,50.47344],[16.80887,50.47435],[16.80895,50.47547],[16.81191,50.47726],[16.81207,50.47771],[16.81197,50.47844],[16.81203,50.47892],[16.81234,50.47945],[16.81231,50.47963]]}},{"type":"Feature","properties":{"numer":"3143D","klasa":"droga zbiorcza","kat":"powiatowa"},"geometry":{"type":"LineString","coordinates":[[16.81225,50.4797],[16.81231,50.47963]]}},{"type":"Feature","properties":{"numer":"3143D","klasa":"droga zbiorcza","kat":"powiatowa"},"geometry":{"type":"LineString","coordinates":[[16.81225,50.4797],[16.81222,50.48003],[16.81274,50.4807],[16.81325,50.48113],[16.81409,50.48162],[16.81525,50.48267],[16.8169,50.48479],[16.818,50.48539],[16.819,50.4869],[16.82134,50.48828],[16.82167,50.48859],[16.82198,50.48908],[16.8222,50.48917],[16.82286,50.48922]]}},{"type":"Feature","properties":{"numer":"3144D","klasa":"","kat":"powiatowa"},"geometry":{"type":"LineString","coordinates":[[16.82639,50.49158],[16.82672,50.49136],[16.82925,50.49039],[16.83077,50.48994],[16.83332,50.48895],[16.83477,50.48822],[16.83733,50.48709],[16.84035,50.48542],[16.84133,50.48465],[16.84301,50.48369],[16.84342,50.48361],[16.8446,50.48363],[16.84635,50.4832]]}},{"type":"Feature","properties":{"numer":"3145D","klasa":"","kat":"powiatowa"},"geometry":{"type":"LineString","coordinates":[[16.78276,50.48174],[16.78332,50.48226],[16.78354,50.48387],[16.78409,50.48471],[16.78451,50.48573],[16.785,50.48629],[16.78615,50.48694],[16.78776,50.48832],[16.78854,50.48843],[16.78976,50.48834],[16.79015,50.48838],[16.79046,50.48854],[16.79208,50.49015],[16.79338,50.49195],[16.79379,50.49236],[16.79539,50.49342],[16.7961,50.49374]]}},{"type":"Feature","properties":{"numer":"3143D","klasa":"droga zbiorcza","kat":"powiatowa"},"geometry":{"type":"LineString","coordinates":[[16.82286,50.48922],[16.823,50.48924]]}},{"type":"Feature","properties":{"numer":"3201D","klasa":"droga zbiorcza","kat":"powiatowa"},"geometry":{"type":"LineString","coordinates":[[16.93218,50.47443],[16.93232,50.47406],[16.93369,50.47284]]}},{"type":"Feature","properties":{"numer":"3193D","klasa":"droga zbiorcza","kat":"powiatowa"},"geometry":{"type":"LineString","coordinates":[[16.93204,50.47442],[16.932,50.47442]]}},{"type":"Feature","properties":{"numer":"3193D","klasa":"droga zbiorcza","kat":"powiatowa"},"geometry":{"type":"LineString","coordinates":[[16.93218,50.47443],[16.93204,50.47442]]}},{"type":"Feature","properties":{"numer":"3193D","klasa":"droga zbiorcza","kat":"powiatowa"},"geometry":{"type":"LineString","coordinates":[[16.93217,50.47793],[16.93279,50.47668],[16.93248,50.47589],[16.93244,50.47532],[16.93218,50.47443]]}},{"type":"Feature","properties":{"numer":"3193D","klasa":"droga zbiorcza","kat":"powiatowa"},"geometry":{"type":"LineString","coordinates":[[16.93215,50.47796],[16.93217,50.47793]]}},{"type":"Feature","properties":{"numer":"3193D","klasa":"droga zbiorcza","kat":"powiatowa"},"geometry":{"type":"LineString","coordinates":[[16.93142,50.48133],[16.93144,50.47992],[16.93155,50.47939],[16.93215,50.47796]]}},{"type":"Feature","properties":{"numer":"3193D","klasa":"droga zbiorcza","kat":"powiatowa"},"geometry":{"type":"LineString","coordinates":[[16.9314,50.48139],[16.93142,50.48133]]}},{"type":"Feature","properties":{"numer":"3193D","klasa":"droga zbiorcza","kat":"powiatowa"},"geometry":{"type":"LineString","coordinates":[[16.92965,50.48823],[16.9314,50.48139]]}},{"type":"Feature","properties":{"numer":"3193D","klasa":"droga zbiorcza","kat":"powiatowa"},"geometry":{"type":"LineString","coordinates":[[16.92964,50.48825],[16.92965,50.48823]]}},{"type":"Feature","properties":{"numer":"3193D","klasa":"droga zbiorcza","kat":"powiatowa"},"geometry":{"type":"LineString","coordinates":[[16.92726,50.4979],[16.92756,50.49757],[16.92767,50.49595],[16.92964,50.48825]]}},{"type":"Feature","properties":{"numer":"390","klasa":"droga zbiorcza","kat":"wojewodzka"},"geometry":{"type":"LineString","coordinates":[[16.87708,50.49556],[16.87764,50.49478],[16.878,50.49339],[16.88161,50.47636],[16.88188,50.4746],[16.88195,50.47338],[16.8829,50.4716]]}},{"type":"Feature","properties":{"numer":"3181D","klasa":"droga zbiorcza","kat":"powiatowa"},"geometry":{"type":"LineString","coordinates":[[16.87196,50.49093],[16.87195,50.49096]]}},{"type":"Feature","properties":{"numer":"3142D","klasa":"droga zbiorcza","kat":"powiatowa"},"geometry":{"type":"LineString","coordinates":[[16.8519,50.50179],[16.85179,50.50154],[16.85068,50.50035],[16.85016,50.49953],[16.85002,50.49913],[16.84956,50.49751],[16.84948,50.4962],[16.84913,50.49428],[16.84946,50.4911],[16.8494,50.49028],[16.84923,50.48985],[16.84692,50.48602],[16.84635,50.48457],[16.84635,50.4832]]}},{"type":"Feature","properties":{"numer":"3181D","klasa":"droga zbiorcza","kat":"powiatowa"},"geometry":{"type":"LineString","coordinates":[[16.87195,50.49096],[16.87232,50.49176],[16.87273,50.49206],[16.873,50.49251],[16.87313,50.49295],[16.87314,50.49392],[16.8734,50.49445],[16.8731,50.49558],[16.8726,50.49621],[16.87256,50.49646],[16.87292,50.4968],[16.87412,50.49742],[16.87441,50.49766]]}},{"type":"Feature","properties":{"numer":"390","klasa":"droga zbiorcza","kat":"wojewodzka"},"geometry":{"type":"LineString","coordinates":[[16.87441,50.49766],[16.87708,50.49556]]}},{"type":"Feature","properties":{"numer":"390","klasa":"droga zbiorcza","kat":"wojewodzka"},"geometry":{"type":"LineString","coordinates":[[16.87441,50.49766],[16.87315,50.49862],[16.87289,50.49898],[16.87058,50.50719]]}},{"type":"Feature","properties":{"numer":"3181D","klasa":"droga zbiorcza","kat":"powiatowa"},"geometry":{"type":"LineString","coordinates":[[16.87441,50.49766],[16.87741,50.49967],[16.87814,50.49992],[16.87954,50.50011],[16.88004,50.50025],[16.88068,50.50018],[16.88136,50.50137],[16.88227,50.50192],[16.88407,50.50359],[16.88606,50.50504],[16.88658,50.50527],[16.88792,50.50534],[16.88866,50.50574],[16.88933,50.50633],[16.88921,50.50731],[16.8905,50.50802]]}},{"type":"Feature","properties":{"numer":"3143D","klasa":"droga zbiorcza","kat":"powiatowa"},"geometry":{"type":"LineString","coordinates":[[16.8519,50.50179],[16.85554,50.50267],[16.85916,50.50313],[16.8606,50.50351],[16.86099,50.50368],[16.86136,50.50397],[16.86421,50.50713],[16.86471,50.50803],[16.8649,50.50884],[16.86701,50.51115],[16.8679,50.51182],[16.86835,50.51197],[16.8692,50.5121]]}},{"type":"Feature","properties":{"numer":"390","klasa":"droga zbiorcza","kat":"wojewodzka"},"geometry":{"type":"LineString","coordinates":[[16.87058,50.50719],[16.87056,50.50724]]}},{"type":"Feature","properties":{"numer":"390","klasa":"droga zbiorcza","kat":"wojewodzka"},"geometry":{"type":"LineString","coordinates":[[16.87056,50.50724],[16.86944,50.51112]]}},{"type":"Feature","properties":{"numer":"3143D","klasa":"droga zbiorcza","kat":"powiatowa"},"geometry":{"type":"LineString","coordinates":[[16.823,50.48924],[16.82385,50.48987],[16.82467,50.49081],[16.82639,50.49158]]}},{"type":"Feature","properties":{"numer":"3145D","klasa":"","kat":"powiatowa"},"geometry":{"type":"LineString","coordinates":[[16.7961,50.49374],[16.79617,50.49377]]}},{"type":"Feature","properties":{"numer":"3143D","klasa":"droga zbiorcza","kat":"powiatowa"},"geometry":{"type":"LineString","coordinates":[[16.82639,50.49158],[16.82681,50.49183],[16.82884,50.49352],[16.829,50.49386],[16.82904,50.49449],[16.82988,50.49579],[16.8319,50.49789]]}},{"type":"Feature","properties":{"numer":"3145D","klasa":"","kat":"powiatowa"},"geometry":{"type":"LineString","coordinates":[[16.79617,50.49377],[16.79698,50.4942],[16.79803,50.49494],[16.79933,50.49604]]}},{"type":"Feature","properties":{"numer":"3145D","klasa":"","kat":"powiatowa"},"geometry":{"type":"LineString","coordinates":[[16.79933,50.49604],[16.79937,50.49607]]}},{"type":"Feature","properties":{"numer":"3149D","klasa":"","kat":"powiatowa"},"geometry":{"type":"LineString","coordinates":[[16.83185,50.49792],[16.8319,50.49789]]}},{"type":"Feature","properties":{"numer":"3149D","klasa":"","kat":"powiatowa"},"geometry":{"type":"LineString","coordinates":[[16.83182,50.49804],[16.83185,50.49792]]}},{"type":"Feature","properties":{"numer":"3143D","klasa":"droga zbiorcza","kat":"powiatowa"},"geometry":{"type":"LineString","coordinates":[[16.8319,50.49789],[16.83217,50.49783],[16.83309,50.49785],[16.83583,50.49801],[16.83875,50.49876],[16.84184,50.49915],[16.84406,50.49969],[16.84662,50.50056],[16.84894,50.50094],[16.8519,50.50179]]}},{"type":"Feature","properties":{"numer":"3145D","klasa":"","kat":"powiatowa"},"geometry":{"type":"LineString","coordinates":[[16.79937,50.49607],[16.79978,50.49645],[16.8,50.49681],[16.80126,50.49956],[16.80136,50.50006],[16.80068,50.50162],[16.799,50.50468],[16.79875,50.5057],[16.79838,50.50614],[16.79849,50.50678]]}},{"type":"Feature","properties":{"numer":"3149D","klasa":"","kat":"powiatowa"},"geometry":{"type":"LineString","coordinates":[[16.79896,50.50694],[16.80393,50.50645],[16.81132,50.50558],[16.81305,50.5055],[16.81535,50.5056],[16.83089,50.5069],[16.83161,50.50686],[16.83195,50.50668],[16.83217,50.50638],[16.8327,50.50333],[16.83257,50.50225],[16.83164,50.4994],[16.83182,50.49804]]}},{"type":"Feature","properties":{"numer":"3182D","klasa":"","kat":"powiatowa"},"geometry":{"type":"LineString","coordinates":[[16.87708,50.49556],[16.87756,50.49546],[16.88489,50.49208],[16.88564,50.49182],[16.88638,50.49171],[16.88811,50.4917],[16.89656,50.49067],[16.8974,50.49065],[16.89796,50.49077],[16.89853,50.49101],[16.89914,50.49161],[16.89934,50.49291],[16.89919,50.49402],[16.89935,50.49459],[16.89924,50.4952],[16.89941,50.4958],[16.89981,50.49636],[16.90005,50.49694],[16.90026,50.49695],[16.90317,50.49605],[16.90784,50.49394],[16.90968,50.49394],[16.91025,50.49388],[16.91231,50.49343],[16.91351,50.49297],[16.91377,50.49305],[16.91517,50.49416],[16.91755,50.49572],[16.91953,50.49722],[16.92135,50.49914],[16.92292,50.49999]]}},{"type":"Feature","properties":{"numer":"3193D","klasa":"droga zbiorcza","kat":"powiatowa"},"geometry":{"type":"LineString","coordinates":[[16.92723,50.49793],[16.92726,50.4979]]}},{"type":"Feature","properties":{"numer":"3193D","klasa":"droga zbiorcza","kat":"powiatowa"},"geometry":{"type":"LineString","coordinates":[[16.92305,50.50002],[16.92324,50.49979],[16.92393,50.49942],[16.92723,50.49793]]}},{"type":"Feature","properties":{"numer":"3182D","klasa":"","kat":"powiatowa"},"geometry":{"type":"LineString","coordinates":[[16.92292,50.49999],[16.92298,50.50001]]}},{"type":"Feature","properties":{"numer":"3182D","klasa":"","kat":"powiatowa"},"geometry":{"type":"LineString","coordinates":[[16.92298,50.50001],[16.92305,50.50002]]}},{"type":"Feature","properties":{"numer":"3193D","klasa":"droga zbiorcza","kat":"powiatowa"},"geometry":{"type":"LineString","coordinates":[[16.92283,50.50047],[16.92305,50.50002]]}},{"type":"Feature","properties":{"numer":"3193D","klasa":"droga zbiorcza","kat":"powiatowa"},"geometry":{"type":"LineString","coordinates":[[16.92283,50.50047],[16.92529,50.50196],[16.92708,50.50316]]}},{"type":"Feature","properties":{"numer":"382","klasa":"droga gĹ‚Ăłwna","kat":"wojewodzka"},"geometry":{"type":"LineString","coordinates":[[16.94579,50.5004],[16.94104,50.50153],[16.93962,50.50195],[16.93574,50.50374],[16.93298,50.50483],[16.93213,50.50532],[16.93134,50.50599]]}},{"type":"Feature","properties":{"numer":"3193D","klasa":"droga zbiorcza","kat":"powiatowa"},"geometry":{"type":"LineString","coordinates":[[16.92708,50.50316],[16.92746,50.50355]]}},{"type":"Feature","properties":{"numer":"3193D","klasa":"droga zbiorcza","kat":"powiatowa"},"geometry":{"type":"LineString","coordinates":[[16.92746,50.50355],[16.92898,50.50506],[16.92941,50.50535],[16.92993,50.50555]]}},{"type":"Feature","properties":{"numer":"3146D","klasa":"","kat":"powiatowa"},"geometry":{"type":"LineString","coordinates":[[16.76672,50.4988],[16.76689,50.49956],[16.76677,50.50001],[16.7669,50.50076],[16.76756,50.50167],[16.76779,50.50238],[16.76823,50.50294],[16.76862,50.50386],[16.76867,50.50489],[16.77238,50.50582],[16.77654,50.50718],[16.77711,50.50748],[16.77843,50.50878],[16.77927,50.50927],[16.78024,50.50972],[16.78165,50.51019],[16.78233,50.51034],[16.78339,50.51044]]}},{"type":"Feature","properties":{"numer":"3145D","klasa":"droga zbiorcza","kat":"powiatowa"},"geometry":{"type":"LineString","coordinates":[[16.79849,50.50678],[16.79854,50.50702]]}},{"type":"Feature","properties":{"numer":"3149D","klasa":"","kat":"powiatowa"},"geometry":{"type":"LineString","coordinates":[[16.7989,50.50695],[16.79896,50.50694]]}},{"type":"Feature","properties":{"numer":"3149D","klasa":"","kat":"powiatowa"},"geometry":{"type":"LineString","coordinates":[[16.79854,50.50702],[16.7989,50.50695]]}},{"type":"Feature","properties":{"numer":"3149D","klasa":"","kat":"powiatowa"},"geometry":{"type":"LineString","coordinates":[[16.78339,50.51044],[16.78367,50.5103],[16.79854,50.50702]]}},{"type":"Feature","properties":{"numer":"3149D","klasa":"","kat":"powiatowa"},"geometry":{"type":"LineString","coordinates":[[16.78337,50.51053],[16.78339,50.51044]]}},{"type":"Feature","properties":{"numer":"3149D","klasa":"","kat":"powiatowa"},"geometry":{"type":"LineString","coordinates":[[16.78336,50.51122],[16.78337,50.51053]]}},{"type":"Feature","properties":{"numer":"3149D","klasa":"","kat":"powiatowa"},"geometry":{"type":"LineString","coordinates":[[16.78044,50.5129],[16.78034,50.51246],[16.78047,50.51229],[16.78316,50.51147],[16.78336,50.51122]]}},{"type":"Feature","properties":{"numer":"3149D","klasa":"","kat":"powiatowa"},"geometry":{"type":"LineString","coordinates":[[16.78044,50.513],[16.78044,50.5129]]}},{"type":"Feature","properties":{"numer":"3149D","klasa":"","kat":"powiatowa"},"geometry":{"type":"LineString","coordinates":[[16.77993,50.51456],[16.78044,50.513]]}},{"type":"Feature","properties":{"numer":"382","klasa":"droga gĹ‚Ăłwna","kat":"wojewodzka"},"geometry":{"type":"LineString","coordinates":[[16.95263,50.49798],[16.94798,50.49981],[16.94579,50.5004]]}},{"type":"Feature","properties":{"numer":"3199D","klasa":"","kat":"powiatowa"},"geometry":{"type":"LineString","coordinates":[[16.94579,50.5004],[16.94653,50.50089],[16.94696,50.50099],[16.95388,50.50029],[16.9544,50.50032],[16.95524,50.50057],[16.95577,50.50064],[16.95622,50.50061],[16.95682,50.50039]]}},{"type":"Feature","properties":{"numer":"3200D","klasa":"","kat":"powiatowa"},"geometry":{"type":"LineString","coordinates":[[16.95742,50.50552],[16.95788,50.50485],[16.95802,50.5044],[16.9586,50.50406],[16.95864,50.50391],[16.95809,50.5036],[16.95673,50.5032],[16.95685,50.50258],[16.95763,50.50167],[16.95724,50.50084],[16.95682,50.50039]]}},{"type":"Feature","properties":{"numer":"3200D","klasa":"","kat":"powiatowa"},"geometry":{"type":"LineString","coordinates":[[16.94918,50.51841],[16.94951,50.5183],[16.951,50.5168],[16.95311,50.51379],[16.95393,50.51244],[16.95444,50.51073],[16.9548,50.51001],[16.957,50.50727],[16.95742,50.50552]]}},{"type":"Feature","properties":{"numer":"3193D","klasa":"droga zbiorcza","kat":"powiatowa"},"geometry":{"type":"LineString","coordinates":[[16.94918,50.51841],[16.95057,50.51912],[16.953,50.51998],[16.95384,50.52083],[16.95502,50.5212],[16.95631,50.52144],[16.95653,50.5216],[16.95675,50.52204]]}},{"type":"Feature","properties":{"numer":"3193D","klasa":"droga zbiorcza","kat":"powiatowa"},"geometry":{"type":"LineString","coordinates":[[16.95675,50.52204],[16.95681,50.5221]]}},{"type":"Feature","properties":{"numer":"3193D","klasa":"droga zbiorcza","kat":"powiatowa"},"geometry":{"type":"LineString","coordinates":[[16.95681,50.5221],[16.95731,50.52244],[16.95776,50.52261],[16.95891,50.52295],[16.96029,50.52316]]}},{"type":"Feature","properties":{"numer":"3193D","klasa":"droga zbiorcza","kat":"powiatowa"},"geometry":{"type":"LineString","coordinates":[[16.96029,50.52316],[16.96042,50.52318]]}},{"type":"Feature","properties":{"numer":"3193D","klasa":"droga zbiorcza","kat":"powiatowa"},"geometry":{"type":"LineString","coordinates":[[16.96042,50.52318],[16.96172,50.52343]]}},{"type":"Feature","properties":{"numer":"3193D","klasa":"droga zbiorcza","kat":"powiatowa"},"geometry":{"type":"LineString","coordinates":[[16.96189,50.52347],[16.9628,50.52359],[16.9636,50.52349],[16.96489,50.52344],[16.96625,50.52317],[16.96819,50.52314],[16.97031,50.52334],[16.97104,50.5235]]}},{"type":"Feature","properties":{"numer":"3193D","klasa":"droga zbiorcza","kat":"powiatowa"},"geometry":{"type":"LineString","coordinates":[[16.93002,50.50558],[16.92993,50.50555]]}},{"type":"Feature","properties":{"numer":"3180D","klasa":"","kat":"powiatowa"},"geometry":{"type":"LineString","coordinates":[[16.8905,50.50802],[16.89224,50.50918],[16.89391,50.51011],[16.89396,50.51071],[16.89454,50.5109],[16.89631,50.51076],[16.89862,50.51016],[16.90373,50.50907],[16.9115,50.50652],[16.91291,50.50583],[16.91445,50.50524],[16.91714,50.50461],[16.91865,50.50413],[16.9193,50.50375],[16.92095,50.50304],[16.92137,50.50277],[16.92199,50.50205],[16.92232,50.5012],[16.92283,50.50047]]}},{"type":"Feature","properties":{"numer":"3193D","klasa":"droga zbiorcza","kat":"powiatowa"},"geometry":{"type":"LineString","coordinates":[[16.93002,50.50558],[16.93134,50.50599]]}},{"type":"Feature","properties":{"numer":"3193D,382","klasa":"droga gĹ‚Ăłwna","kat":"powiatowa"},"geometry":{"type":"LineString","coordinates":[[16.93239,50.50857],[16.93237,50.50769],[16.93212,50.50727],[16.93134,50.50638],[16.93134,50.50599]]}},{"type":"Feature","properties":{"numer":"382","klasa":"droga gĹ‚Ăłwna","kat":"wojewodzka"},"geometry":{"type":"LineString","coordinates":[[16.93238,50.5086],[16.93239,50.50857]]}},{"type":"Feature","properties":{"numer":"382","klasa":"droga gĹ‚Ăłwna","kat":"wojewodzka"},"geometry":{"type":"LineString","coordinates":[[16.93234,50.5087],[16.93238,50.5086]]}},{"type":"Feature","properties":{"numer":"382","klasa":"droga gĹ‚Ăłwna","kat":"wojewodzka"},"geometry":{"type":"LineString","coordinates":[[16.93234,50.5087],[16.9319,50.50945],[16.93128,50.51006],[16.92905,50.51104],[16.92747,50.51151],[16.92618,50.51202],[16.92552,50.51241],[16.9251,50.51279]]}},{"type":"Feature","properties":{"numer":"382","klasa":"droga gĹ‚Ăłwna","kat":"wojewodzka"},"geometry":{"type":"LineString","coordinates":[[16.92508,50.51281],[16.9251,50.51279]]}},{"type":"Feature","properties":{"numer":"3193D","klasa":"droga zbiorcza","kat":"powiatowa"},"geometry":{"type":"LineString","coordinates":[[16.93239,50.50857],[16.93382,50.50922],[16.93552,50.50962],[16.93643,50.51004],[16.93731,50.51077],[16.93835,50.51219],[16.94087,50.5139],[16.94126,50.51407],[16.94403,50.51483],[16.94688,50.51611],[16.94918,50.51841]]}},{"type":"Feature","properties":{"numer":"382","klasa":"droga gĹ‚Ăłwna","kat":"wojewodzka"},"geometry":{"type":"LineString","coordinates":[[16.92508,50.51281],[16.92387,50.51399],[16.92307,50.51442],[16.92258,50.51456],[16.92038,50.51492],[16.91796,50.51573],[16.91668,50.516],[16.91592,50.51634],[16.91243,50.51907],[16.91174,50.52003],[16.91088,50.5207],[16.91004,50.5212],[16.90901,50.52208]]}},{"type":"Feature","properties":{"numer":"3180D","klasa":"","kat":"powiatowa"},"geometry":{"type":"LineString","coordinates":[[16.86944,50.51112],[16.87039,50.5113],[16.87099,50.51126],[16.8714,50.51104],[16.87223,50.5101],[16.87295,50.50983],[16.87434,50.50981],[16.87797,50.50943],[16.87837,50.50948],[16.8793,50.50988],[16.87962,50.50994],[16.88079,50.50969],[16.88263,50.51017],[16.88304,50.51021],[16.88463,50.5099],[16.88587,50.50983],[16.88681,50.51],[16.88798,50.51041],[16.88846,50.51041],[16.88884,50.51027],[16.88937,50.5098],[16.88997,50.50864],[16.8905,50.50802]]}},{"type":"Feature","properties":{"numer":"390","klasa":"droga zbiorcza","kat":"wojewodzka"},"geometry":{"type":"LineString","coordinates":[[16.86944,50.51112],[16.8694,50.51129]]}},{"type":"Feature","properties":{"numer":"390","klasa":"droga zbiorcza","kat":"wojewodzka"},"geometry":{"type":"LineString","coordinates":[[16.8694,50.51129],[16.86939,50.51133]]}},{"type":"Feature","properties":{"numer":"390","klasa":"droga zbiorcza","kat":"wojewodzka"},"geometry":{"type":"LineString","coordinates":[[16.86939,50.51133],[16.8692,50.5121]]}},{"type":"Feature","properties":{"numer":"390","klasa":"droga zbiorcza","kat":"wojewodzka"},"geometry":{"type":"LineString","coordinates":[[16.8692,50.5121],[16.86982,50.51263]]}},{"type":"Feature","properties":{"numer":"390","klasa":"droga zbiorcza","kat":"wojewodzka"},"geometry":{"type":"LineString","coordinates":[[16.86982,50.51263],[16.87053,50.51328]]}},{"type":"Feature","properties":{"numer":"390","klasa":"droga zbiorcza","kat":"wojewodzka"},"geometry":{"type":"LineString","coordinates":[[16.87053,50.51328],[16.87085,50.51369],[16.87084,50.51517],[16.87143,50.51632]]}},{"type":"Feature","properties":{"numer":"382","klasa":"droga gĹ‚Ăłwna","kat":"wojewodzka"},"geometry":{"type":"LineString","coordinates":[[16.88602,50.51859],[16.88432,50.51856],[16.88235,50.51828],[16.88182,50.51815],[16.88024,50.51746],[16.8793,50.51715],[16.87666,50.51682],[16.87398,50.51621],[16.87231,50.51604],[16.87143,50.51632]]}},{"type":"Feature","properties":{"numer":"382","klasa":"droga gĹ‚Ăłwna","kat":"wojewodzka"},"geometry":{"type":"LineString","coordinates":[[16.88602,50.51859],[16.88614,50.51859]]}},{"type":"Feature","properties":{"numer":"382","klasa":"droga gĹ‚Ăłwna","kat":"wojewodzka"},"geometry":{"type":"LineString","coordinates":[[16.87143,50.51632],[16.87302,50.51929],[16.87321,50.52061],[16.87287,50.52161],[16.87323,50.5225],[16.87325,50.52301]]}},{"type":"Feature","properties":{"numer":"3145D","klasa":"droga zbiorcza","kat":"powiatowa"},"geometry":{"type":"LineString","coordinates":[[16.736192875731945,50.47620095640859],[16.73649,50.47611]]}},{"type":"Feature","properties":{"numer":"3145D","klasa":"","kat":"powiatowa"},"geometry":{"type":"LineString","coordinates":[[16.73649,50.47611],[16.73816,50.47544],[16.74067,50.47488],[16.74275,50.47432],[16.74367,50.47377],[16.74626,50.47337],[16.74816,50.47349],[16.7486,50.47346],[16.74984,50.47317],[16.75127,50.47318],[16.7515,50.47307],[16.7516,50.47291],[16.75187,50.47223],[16.75239,50.47187],[16.75474,50.47253],[16.75564,50.47265],[16.75899,50.47262],[16.7621,50.47281],[16.76344,50.47279],[16.7657,50.47344],[16.76671,50.47427],[16.76912,50.47546],[16.77083,50.47613],[16.77322,50.47673],[16.77658,50.47806],[16.77968,50.48068],[16.78065,50.48103],[16.78201,50.4813],[16.78276,50.48174]]}},{"type":"Feature","properties":{"numer":"8,E67","klasa":"droga gĹ‚Ăłwna ruchu przyĹ›pieszonego","kat":"gminna"},"geometry":{"type":"LineString","coordinates":[[16.706660847426736,50.47692010606502],[16.70717,50.47757],[16.71048,50.4804],[16.71068,50.48087],[16.71055,50.48192],[16.71069,50.4824],[16.71105,50.48289],[16.71194,50.48358],[16.71241,50.48451],[16.71312,50.48541],[16.71434,50.48651],[16.7166,50.48798],[16.71797,50.48944],[16.72009,50.49113],[16.72211,50.49382],[16.72378,50.49527],[16.72423,50.49587],[16.72447,50.49639],[16.72545,50.49955],[16.72611,50.50041],[16.72935,50.50407],[16.72977,50.50438],[16.7303,50.50464],[16.73272,50.50522],[16.73398,50.50525],[16.7364,50.50495]]}},{"type":"Feature","properties":{"numer":"3146D","klasa":"","kat":"powiatowa"},"geometry":{"type":"LineString","coordinates":[[16.76551,50.49545],[16.76558,50.49503],[16.76544,50.4937],[16.76572,50.49302],[16.76601,50.49264],[16.76699,50.4923],[16.76793,50.49169],[16.76887,50.4908],[16.76939,50.48988],[16.76933,50.48879],[16.7697,50.48785],[16.76989,50.4876],[16.77096,50.487],[16.77354,50.48579],[16.77449,50.48517],[16.77594,50.48448],[16.7784,50.48311],[16.7804,50.48233],[16.78176,50.48224],[16.78244,50.48209],[16.78266,50.48196],[16.78276,50.48174]]}},{"type":"Feature","properties":{"numer":"3146D","klasa":"","kat":"powiatowa"},"geometry":{"type":"LineString","coordinates":[[16.76672,50.4988],[16.76622,50.49844],[16.76629,50.49777],[16.76566,50.4965],[16.76563,50.49623],[16.76577,50.49579],[16.76551,50.49545]]}},{"type":"Feature","properties":{"numer":"3146D","klasa":"","kat":"powiatowa"},"geometry":{"type":"LineString","coordinates":[[16.76672,50.4988],[16.76673,50.49881]]}},{"type":"Feature","properties":{"numer":"8,E67","klasa":"droga gĹ‚Ăłwna ruchu przyĹ›pieszonego","kat":"gminna"},"geometry":{"type":"LineString","coordinates":[[16.7364,50.50495],[16.7374,50.50483]]}},{"type":"Feature","properties":{"numer":"3340D","klasa":"","kat":"powiatowa"},"geometry":{"type":"LineString","coordinates":[[16.72081,50.50515],[16.72105,50.50538],[16.7221,50.50592]]}},{"type":"Feature","properties":{"numer":"8,E67","klasa":"droga gĹ‚Ăłwna ruchu przyĹ›pieszonego","kat":"gminna"},"geometry":{"type":"LineString","coordinates":[[16.7374,50.50483],[16.73844,50.50477],[16.73987,50.50491],[16.74657,50.50639],[16.75139,50.50712]]}},{"type":"Feature","properties":{"numer":"3340D","klasa":"","kat":"powiatowa"},"geometry":{"type":"LineString","coordinates":[[16.75158,50.50697],[16.75191,50.50679]]}},{"type":"Feature","properties":{"numer":"3340D","klasa":"","kat":"powiatowa"},"geometry":{"type":"LineString","coordinates":[[16.75139,50.50712],[16.75158,50.50697]]}},{"type":"Feature","properties":{"numer":"3340D","klasa":"","kat":"powiatowa"},"geometry":{"type":"LineString","coordinates":[[16.68481,50.51438],[16.68518,50.51448],[16.68553,50.51443],[16.68737,50.51306],[16.68811,50.51277],[16.68888,50.51263],[16.68991,50.51255],[16.69194,50.51213],[16.69354,50.51171],[16.69499,50.51112],[16.69627,50.51095],[16.69778,50.51048],[16.69851,50.51009],[16.69962,50.50882],[16.70182,50.50772],[16.70314,50.50745],[16.7042,50.50705],[16.70561,50.50669],[16.70757,50.50604],[16.70998,50.50497],[16.71098,50.50445],[16.71291,50.50384],[16.71445,50.50305],[16.71488,50.503],[16.7155,50.50307],[16.71948,50.50417],[16.72008,50.50444],[16.72081,50.50515]]}},{"type":"Feature","properties":{"numer":"3340D","klasa":"","kat":"powiatowa"},"geometry":{"type":"LineString","coordinates":[[16.7221,50.50592],[16.72301,50.50653],[16.72348,50.50697],[16.72406,50.50857],[16.72545,50.51056],[16.72647,50.51148],[16.72761,50.51194],[16.72825,50.51205],[16.72902,50.51199],[16.73167,50.51158],[16.73291,50.51112],[16.73364,50.51074],[16.73475,50.51005],[16.73696,50.50844],[16.73778,50.50744],[16.73807,50.50722],[16.73946,50.50667],[16.73995,50.50591],[16.7416,50.50625],[16.74296,50.50679],[16.74414,50.5067],[16.74626,50.50688],[16.74855,50.50691],[16.75103,50.5073],[16.75139,50.50712]]}},{"type":"Feature","properties":{"numer":"3340D","klasa":"","kat":"powiatowa"},"geometry":{"type":"LineString","coordinates":[[16.75191,50.50679],[16.75221,50.5067],[16.75408,50.50744],[16.75801,50.50875],[16.7731,50.51428],[16.77405,50.51448],[16.77496,50.51456],[16.77654,50.51459],[16.77854,50.51439],[16.77962,50.51447],[16.77993,50.51456]]}},{"type":"Feature","properties":{"numer":"8,E67","klasa":"droga gĹ‚Ăłwna ruchu przyĹ›pieszonego","kat":"gminna"},"geometry":{"type":"LineString","coordinates":[[16.75139,50.50712],[16.75325,50.50759],[16.75467,50.50824],[16.75605,50.50918],[16.75775,50.51051],[16.75858,50.51154],[16.75953,50.51344],[16.76019,50.51449],[16.76485,50.52006],[16.7721,50.52727],[16.7734,50.52829]]}},{"type":"Feature","properties":{"numer":"3149D","klasa":"","kat":"powiatowa"},"geometry":{"type":"LineString","coordinates":[[16.7734,50.52829],[16.77309,50.52839],[16.77141,50.52838],[16.77017,50.52825],[16.76895,50.52834],[16.7685,50.5283],[16.76772,50.5281],[16.76661,50.52748],[16.76493,50.52712],[16.76173,50.52758],[16.76063,50.52766],[16.75924,50.52809],[16.75718,50.52831],[16.75519,50.52889],[16.75326,50.52906],[16.75247,50.52905],[16.75167,50.52918]]}},{"type":"Feature","properties":{"numer":"3149D,8,E67","klasa":"droga gĹ‚Ăłwna ruchu przyĹ›pieszonego","kat":"powiatowa"},"geometry":{"type":"LineString","coordinates":[[16.7734,50.52829],[16.77443,50.52893]]}},{"type":"Feature","properties":{"numer":"3149D","klasa":"","kat":"powiatowa"},"geometry":{"type":"LineString","coordinates":[[16.75161,50.52919],[16.75167,50.52918]]}},{"type":"Feature","properties":{"numer":"3149D","klasa":"","kat":"powiatowa"},"geometry":{"type":"LineString","coordinates":[[16.75161,50.52919],[16.75045,50.52944],[16.74979,50.52967]]}},{"type":"Feature","properties":{"numer":"3340D","klasa":"droga zbiorcza","kat":"powiatowa"},"geometry":{"type":"LineString","coordinates":[[16.68481,50.51438],[16.68475418604651,50.514359069767444]]}},{"type":"Feature","properties":{"numer":"3148D","klasa":"droga zbiorcza","kat":"powiatowa"},"geometry":{"type":"LineString","coordinates":[[16.663891639344264,50.54461836065574],[16.66384,50.54467]]}},{"type":"Feature","properties":{"numer":"3147D","klasa":"","kat":"powiatowa"},"geometry":{"type":"LineString","coordinates":[[16.68845,50.55065],[16.6875,50.54978]]}},{"type":"Feature","properties":{"numer":"3147D","klasa":"","kat":"powiatowa"},"geometry":{"type":"LineString","coordinates":[[16.68845,50.55065],[16.69024,50.55234],[16.69093,50.55288],[16.69191,50.55272],[16.69376,50.55194],[16.69437,50.55192],[16.70589,50.55533]]}},{"type":"Feature","properties":{"numer":"3149D","klasa":"","kat":"powiatowa"},"geometry":{"type":"LineString","coordinates":[[16.74979,50.52967],[16.74974,50.52969]]}},{"type":"Feature","properties":{"numer":"3158D","klasa":"","kat":"powiatowa"},"geometry":{"type":"LineString","coordinates":[[16.70818,50.53347],[16.70932,50.5334],[16.71085,50.53301],[16.71129,50.533],[16.71256,50.53326],[16.71435,50.53411],[16.71606,50.53438],[16.71717,50.53466]]}},{"type":"Feature","properties":{"numer":"3149D","klasa":"","kat":"powiatowa"},"geometry":{"type":"LineString","coordinates":[[16.74974,50.52969],[16.74759,50.53088],[16.74562,50.53143],[16.7434,50.53228],[16.74067,50.53371],[16.73561,50.53535],[16.73335,50.53679],[16.73142,50.53775],[16.73089,50.5386],[16.73086,50.53877],[16.73108,50.53905]]}},{"type":"Feature","properties":{"numer":"3158D","klasa":"droga zbiorcza","kat":"powiatowa"},"geometry":{"type":"LineString","coordinates":[[16.73123,50.53946],[16.73058,50.53932],[16.72818,50.53853],[16.72554,50.53825],[16.72334,50.53763],[16.72199,50.53709],[16.72109,50.53682],[16.71926,50.53597],[16.71776,50.53496],[16.71717,50.53466]]}},{"type":"Feature","properties":{"numer":"3149D","klasa":"droga zbiorcza","kat":"powiatowa"},"geometry":{"type":"LineString","coordinates":[[16.73124,50.53921],[16.73108,50.53905]]}},{"type":"Feature","properties":{"numer":"3149D,3158D","klasa":"droga zbiorcza","kat":"powiatowa"},"geometry":{"type":"LineString","coordinates":[[16.7313,50.53929],[16.73124,50.53921]]}},{"type":"Feature","properties":{"numer":"3149D,3158D","klasa":"droga zbiorcza","kat":"powiatowa"},"geometry":{"type":"LineString","coordinates":[[16.73142,50.53929],[16.7313,50.53929]]}},{"type":"Feature","properties":{"numer":"3149D,3158D","klasa":"droga zbiorcza","kat":"powiatowa"},"geometry":{"type":"LineString","coordinates":[[16.7313,50.53929],[16.73126,50.5394]]}},{"type":"Feature","properties":{"numer":"3149D,3158D","klasa":"","kat":"powiatowa"},"geometry":{"type":"LineString","coordinates":[[16.73126,50.5394],[16.73123,50.53946]]}},{"type":"Feature","properties":{"numer":"3149D","klasa":"","kat":"powiatowa"},"geometry":{"type":"LineString","coordinates":[[16.72741,50.542],[16.72902,50.54129],[16.7299,50.54077],[16.73088,50.54001],[16.73123,50.53946]]}},{"type":"Feature","properties":{"numer":"3158D","klasa":"droga zbiorcza","kat":"powiatowa"},"geometry":{"type":"LineString","coordinates":[[16.73142,50.53929],[16.73217,50.53928],[16.73262,50.53935],[16.73346,50.53974],[16.73509,50.54026],[16.73654,50.54048],[16.73782,50.54124],[16.73818,50.54136],[16.7408,50.54158],[16.74338,50.54258],[16.74508,50.54335],[16.74776,50.54384]]}},{"type":"Feature","properties":{"numer":"3149D","klasa":"","kat":"powiatowa"},"geometry":{"type":"LineString","coordinates":[[16.72736,50.54202],[16.72741,50.542]]}},{"type":"Feature","properties":{"numer":"3158D","klasa":"droga zbiorcza","kat":"powiatowa"},"geometry":{"type":"LineString","coordinates":[[16.74776,50.54384],[16.74779,50.54384]]}},{"type":"Feature","properties":{"numer":"3158D","klasa":"droga zbiorcza","kat":"powiatowa"},"geometry":{"type":"LineString","coordinates":[[16.74779,50.54384],[16.74871,50.54406]]}},{"type":"Feature","properties":{"numer":"3158D","klasa":"droga zbiorcza","kat":"powiatowa"},"geometry":{"type":"LineString","coordinates":[[16.74871,50.54406],[16.74878,50.54407]]}},{"type":"Feature","properties":{"numer":"3149D","klasa":"","kat":"powiatowa"},"geometry":{"type":"LineString","coordinates":[[16.71793,50.54954],[16.71813,50.54913],[16.71896,50.54855],[16.72049,50.5469],[16.72146,50.54552],[16.72315,50.54447],[16.72421,50.54365],[16.72602,50.54263],[16.72736,50.54202]]}},{"type":"Feature","properties":{"numer":"3158D","klasa":"droga zbiorcza","kat":"powiatowa"},"geometry":{"type":"LineString","coordinates":[[16.74878,50.54407],[16.75151,50.54467],[16.75393,50.54604],[16.7547,50.54633],[16.75625,50.54651],[16.75802,50.54684],[16.75863,50.54704],[16.75961,50.54752],[16.76041,50.54777],[16.76489,50.54831],[16.76801,50.54918],[16.76984,50.55]]}},{"type":"Feature","properties":{"numer":"3149D","klasa":"","kat":"powiatowa"},"geometry":{"type":"LineString","coordinates":[[16.71792,50.54958],[16.71793,50.54954]]}},{"type":"Feature","properties":{"numer":"3156D","klasa":"","kat":"powiatowa"},"geometry":{"type":"LineString","coordinates":[[16.77096,50.55085],[16.76984,50.55]]}},{"type":"Feature","properties":{"numer":"3149D","klasa":"","kat":"powiatowa"},"geometry":{"type":"LineString","coordinates":[[16.70589,50.55533],[16.70676,50.55481],[16.70934,50.55382],[16.71121,50.55287],[16.71277,50.55235],[16.71632,50.55089],[16.71762,50.55004],[16.71792,50.54958]]}},{"type":"Feature","properties":{"numer":"385","klasa":"","kat":"wojewodzka"},"geometry":{"type":"LineString","coordinates":[[16.636214452141058,50.57090985516373],[16.63639,50.57093],[16.63733,50.57128],[16.63782,50.57138],[16.64075,50.57128],[16.64243,50.5707],[16.64351,50.57039],[16.644,50.57034],[16.64751,50.57147],[16.64811,50.57194],[16.64836,50.57239],[16.64734,50.57324],[16.64735,50.57345],[16.65135,50.5748],[16.65171,50.57498],[16.65227,50.57543],[16.65315,50.57555],[16.65406,50.57592],[16.65444,50.5759],[16.65444,50.57579],[16.65249,50.57478],[16.65272,50.57456],[16.65324,50.57469]]}},{"type":"Feature","properties":{"numer":"3149D","klasa":"","kat":"powiatowa"},"geometry":{"type":"LineString","coordinates":[[16.77982,50.5148],[16.77993,50.51456]]}},{"type":"Feature","properties":{"numer":"3149D","klasa":"","kat":"powiatowa"},"geometry":{"type":"LineString","coordinates":[[16.77982,50.5148],[16.77841,50.51804]]}},{"type":"Feature","properties":{"numer":"3149D","klasa":"","kat":"powiatowa"},"geometry":{"type":"LineString","coordinates":[[16.77841,50.51804],[16.77793,50.51955],[16.77714,50.52105],[16.77674,50.52263],[16.77672,50.52317],[16.77707,50.52422]]}},{"type":"Feature","properties":{"numer":"3160D","klasa":"","kat":"powiatowa"},"geometry":{"type":"LineString","coordinates":[[16.81264,50.52743],[16.80959,50.5263],[16.80637,50.52564],[16.78817,50.52036],[16.7841,50.51937],[16.78091,50.51877],[16.77962,50.51826],[16.77841,50.51804]]}},{"type":"Feature","properties":{"numer":"3149D","klasa":"","kat":"powiatowa"},"geometry":{"type":"LineString","coordinates":[[16.77708,50.52426],[16.77707,50.52422]]}},{"type":"Feature","properties":{"numer":"3149D","klasa":"","kat":"powiatowa"},"geometry":{"type":"LineString","coordinates":[[16.77708,50.52426],[16.77723,50.52486]]}},{"type":"Feature","properties":{"numer":"3149D","klasa":"","kat":"powiatowa"},"geometry":{"type":"LineString","coordinates":[[16.77723,50.52486],[16.77723,50.52564],[16.7762,50.52774]]}},{"type":"Feature","properties":{"numer":"3160D","klasa":"","kat":"powiatowa"},"geometry":{"type":"LineString","coordinates":[[16.81268,50.52745],[16.81264,50.52743]]}},{"type":"Feature","properties":{"numer":"3149D","klasa":"","kat":"powiatowa"},"geometry":{"type":"LineString","coordinates":[[16.7762,50.52774],[16.77618,50.52781]]}},{"type":"Feature","properties":{"numer":"3160D","klasa":"","kat":"powiatowa"},"geometry":{"type":"LineString","coordinates":[[16.82478,50.52894],[16.82365,50.52835],[16.8227,50.52824],[16.82132,50.5283],[16.81945,50.52873],[16.8186,50.52873],[16.81561,50.52797],[16.81362,50.52726],[16.81339,50.52729],[16.81305,50.52755],[16.81268,50.52745]]}},{"type":"Feature","properties":{"numer":"382","klasa":"droga gĹ‚Ăłwna","kat":"wojewodzka"},"geometry":{"type":"LineString","coordinates":[[16.90901,50.52208],[16.90852,50.52217],[16.90761,50.52217],[16.90557,50.52196],[16.90465,50.52217],[16.90321,50.52188],[16.90241,50.52127],[16.90051,50.52049],[16.89704,50.5184],[16.89596,50.51806],[16.89482,50.51814],[16.89327,50.51862],[16.89276,50.51869],[16.89185,50.51864],[16.89014,50.51841],[16.88918,50.5184],[16.88722,50.51815],[16.88681,50.5182],[16.88637,50.51854],[16.88614,50.51859]]}},{"type":"Feature","properties":{"numer":"3179D","klasa":"","kat":"powiatowa"},"geometry":{"type":"LineString","coordinates":[[16.90901,50.52208],[16.91006,50.52232],[16.91114,50.52278],[16.91166,50.52347],[16.91308,50.52438],[16.91327,50.52485],[16.91316,50.52531],[16.91251,50.52627],[16.91235,50.52688],[16.91123,50.52743],[16.91095,50.52768],[16.90976,50.5301],[16.90878,50.53116],[16.90789,50.53174],[16.90586,50.53214],[16.9048,50.53245],[16.90192,50.53593],[16.89635,50.53553],[16.8936,50.53499]]}},{"type":"Feature","properties":{"numer":"3178D","klasa":"droga zbiorcza","kat":"powiatowa"},"geometry":{"type":"LineString","coordinates":[[16.90019,50.54114],[16.89402,50.53652],[16.89391,50.53626],[16.89402,50.53531],[16.8936,50.53499]]}},{"type":"Feature","properties":{"numer":"3177D","klasa":"droga zbiorcza","kat":"powiatowa"},"geometry":{"type":"LineString","coordinates":[[16.90019,50.54114],[16.89982,50.54135]]}},{"type":"Feature","properties":{"numer":"3178D","klasa":"droga zbiorcza","kat":"powiatowa"},"geometry":{"type":"LineString","coordinates":[[16.90073,50.54143],[16.90019,50.54114]]}},{"type":"Feature","properties":{"numer":"3178D","klasa":"droga zbiorcza","kat":"powiatowa"},"geometry":{"type":"LineString","coordinates":[[16.90331,50.54131],[16.9034,50.54131]]}},{"type":"Feature","properties":{"numer":"3177D","klasa":"droga zbiorcza","kat":"powiatowa"},"geometry":{"type":"LineString","coordinates":[[16.89978,50.54138],[16.89982,50.54135]]}},{"type":"Feature","properties":{"numer":"3178D","klasa":"droga zbiorcza","kat":"powiatowa"},"geometry":{"type":"LineString","coordinates":[[16.90331,50.54131],[16.90176,50.54151],[16.90081,50.54145]]}},{"type":"Feature","properties":{"numer":"3178D","klasa":"droga zbiorcza","kat":"powiatowa"},"geometry":{"type":"LineString","coordinates":[[16.90073,50.54143],[16.90081,50.54145]]}},{"type":"Feature","properties":{"numer":"3178D","klasa":"droga zbiorcza","kat":"powiatowa"},"geometry":{"type":"LineString","coordinates":[[16.90799,50.54172],[16.9034,50.54131]]}},{"type":"Feature","properties":{"numer":"3178D","klasa":"droga zbiorcza","kat":"powiatowa"},"geometry":{"type":"LineString","coordinates":[[16.87325,50.52301],[16.87382,50.52303]]}},{"type":"Feature","properties":{"numer":"3178D","klasa":"droga zbiorcza","kat":"powiatowa"},"geometry":{"type":"LineString","coordinates":[[16.87382,50.52303],[16.87403,50.52301]]}},{"type":"Feature","properties":{"numer":"382","klasa":"droga gĹ‚Ăłwna","kat":"wojewodzka"},"geometry":{"type":"LineString","coordinates":[[16.87325,50.52301],[16.87308,50.52334],[16.87142,50.5247],[16.86916,50.52695]]}},{"type":"Feature","properties":{"numer":"3178D","klasa":"droga zbiorcza","kat":"powiatowa"},"geometry":{"type":"LineString","coordinates":[[16.88625,50.52985],[16.88621,50.52847],[16.8861,50.52823],[16.88591,50.52809],[16.88517,50.52774],[16.8814,50.52657],[16.8786,50.52528],[16.87813,50.52503],[16.87748,50.52449],[16.87543,50.52306],[16.87497,50.52295],[16.87403,50.52301]]}},{"type":"Feature","properties":{"numer":"3160D","klasa":"","kat":"powiatowa"},"geometry":{"type":"LineString","coordinates":[[16.86916,50.52695],[16.86755,50.52621],[16.86596,50.52596],[16.85959,50.52607],[16.85402,50.52585],[16.85317,50.52593],[16.85259,50.52613],[16.85193,50.52658],[16.85098,50.52747],[16.85027,50.52774],[16.84683,50.52763],[16.83551,50.52753],[16.82993,50.52767],[16.82921,50.52784],[16.82684,50.52906],[16.82601,50.52934],[16.82542,50.52933],[16.82478,50.52894]]}},{"type":"Feature","properties":{"numer":"382","klasa":"droga gĹ‚Ăłwna","kat":"wojewodzka"},"geometry":{"type":"LineString","coordinates":[[16.86916,50.52695],[16.86732,50.52863],[16.86546,50.53067],[16.86496,50.53168],[16.8649,50.53214]]}},{"type":"Feature","properties":{"numer":"3178D","klasa":"droga zbiorcza","kat":"powiatowa"},"geometry":{"type":"LineString","coordinates":[[16.88619,50.53004],[16.88625,50.52985]]}},{"type":"Feature","properties":{"numer":"382","klasa":"droga gĹ‚Ăłwna","kat":"wojewodzka"},"geometry":{"type":"LineString","coordinates":[[16.8649,50.53214],[16.86494,50.53231]]}},{"type":"Feature","properties":{"numer":"3178D","klasa":"droga zbiorcza","kat":"powiatowa"},"geometry":{"type":"LineString","coordinates":[[16.8936,50.53499],[16.8919,50.53388],[16.89055,50.53233],[16.88643,50.53017]]}},{"type":"Feature","properties":{"numer":"382","klasa":"droga gĹ‚Ăłwna","kat":"wojewodzka"},"geometry":{"type":"LineString","coordinates":[[16.86494,50.53231],[16.86497,50.5326],[16.86487,50.53285],[16.86389,50.5338],[16.86376,50.53415],[16.86425,50.53539],[16.86437,50.5374],[16.86464,50.53901],[16.86465,50.53979],[16.86442,50.54066]]}},{"type":"Feature","properties":{"numer":"3149D","klasa":"","kat":"powiatowa"},"geometry":{"type":"LineString","coordinates":[[16.77618,50.52781],[16.77587,50.52895],[16.77533,50.52945]]}},{"type":"Feature","properties":{"numer":"3149D,8,E67","klasa":"droga gĹ‚Ăłwna ruchu przyĹ›pieszonego","kat":"powiatowa"},"geometry":{"type":"LineString","coordinates":[[16.77443,50.52893],[16.77448,50.52896]]}},{"type":"Feature","properties":{"numer":"3149D,8,E67","klasa":"droga gĹ‚Ăłwna ruchu przyĹ›pieszonego","kat":"powiatowa"},"geometry":{"type":"LineString","coordinates":[[16.77448,50.52896],[16.77533,50.52945]]}},{"type":"Feature","properties":{"numer":"3159D","klasa":"","kat":"powiatowa"},"geometry":{"type":"LineString","coordinates":[[16.82263,50.53034],[16.82336,50.52989],[16.82417,50.52915],[16.82478,50.52894]]}},{"type":"Feature","properties":{"numer":"3159D","klasa":"","kat":"powiatowa"},"geometry":{"type":"LineString","coordinates":[[16.82245,50.53064],[16.82263,50.53034]]}},{"type":"Feature","properties":{"numer":"8,E67","klasa":"droga gĹ‚Ăłwna ruchu przyĹ›pieszonego","kat":"gminna"},"geometry":{"type":"LineString","coordinates":[[16.77533,50.52945],[16.79324,50.5398],[16.79793,50.54288],[16.79874,50.54359],[16.79933,50.54455],[16.79947,50.54534],[16.798,50.55417]]}},{"type":"Feature","properties":{"numer":"3159D","klasa":"","kat":"powiatowa"},"geometry":{"type":"LineString","coordinates":[[16.82814,50.55446],[16.82784,50.55084],[16.82761,50.54954],[16.82697,50.54733],[16.82674,50.547],[16.82591,50.54636],[16.82583,50.54591],[16.82391,50.54543],[16.82177,50.54517],[16.82097,50.54498],[16.82013,50.54492],[16.81812,50.54432],[16.81675,50.54374],[16.81364,50.54282],[16.81322,50.54171],[16.81299,50.54024],[16.81294,50.53896],[16.81393,50.5385],[16.82245,50.53064]]}},{"type":"Feature","properties":{"numer":"3158D","klasa":"droga zbiorcza","kat":"powiatowa"},"geometry":{"type":"LineString","coordinates":[[16.76984,50.55],[16.77599,50.5507],[16.77862,50.55151],[16.78038,50.55186],[16.78149,50.55222],[16.78395,50.55261],[16.78972,50.5537],[16.79269,50.55402]]}},{"type":"Feature","properties":{"numer":"3158D","klasa":"droga zbiorcza","kat":"powiatowa"},"geometry":{"type":"LineString","coordinates":[[16.798,50.55417],[16.79942,50.55457],[16.80093,50.55459],[16.80171,50.55454],[16.80323,50.55426],[16.80487,50.55425],[16.80603,50.55417],[16.80749,50.55425],[16.81075,50.55402],[16.81438,50.55355],[16.81645,50.55337],[16.82289,50.55369],[16.82723,50.55437],[16.82814,50.55446]]}},{"type":"Feature","properties":{"numer":"3158D","klasa":"droga zbiorcza","kat":"powiatowa"},"geometry":{"type":"LineString","coordinates":[[16.79269,50.55402],[16.79326,50.55397],[16.79565,50.55422],[16.79746,50.55406],[16.798,50.55417]]}},{"type":"Feature","properties":{"numer":"382","klasa":"droga gĹ‚Ăłwna","kat":"wojewodzka"},"geometry":{"type":"LineString","coordinates":[[16.86442,50.54066],[16.86441,50.54071]]}},{"type":"Feature","properties":{"numer":"382","klasa":"droga gĹ‚Ăłwna","kat":"wojewodzka"},"geometry":{"type":"LineString","coordinates":[[16.86441,50.54071],[16.86376,50.54275],[16.86064,50.54666],[16.85906,50.55011],[16.85641,50.55295],[16.85348,50.55706],[16.85246,50.55804],[16.84658,50.56204]]}},{"type":"Feature","properties":{"numer":"3158D","klasa":"droga zbiorcza","kat":"powiatowa"},"geometry":{"type":"LineString","coordinates":[[16.84524,50.56187],[16.84637,50.56219]]}},{"type":"Feature","properties":{"numer":"382","klasa":"droga gĹ‚Ăłwna","kat":"wojewodzka"},"geometry":{"type":"LineString","coordinates":[[16.8465,50.5621],[16.84658,50.56204]]}},{"type":"Feature","properties":{"numer":"382","klasa":"droga gĹ‚Ăłwna","kat":"wojewodzka"},"geometry":{"type":"LineString","coordinates":[[16.8465,50.5621],[16.84637,50.56219]]}},{"type":"Feature","properties":{"numer":"3158D","klasa":"droga zbiorcza","kat":"powiatowa"},"geometry":{"type":"LineString","coordinates":[[16.84637,50.56219],[16.84901,50.56337],[16.84963,50.5635],[16.85044,50.56349]]}},{"type":"Feature","properties":{"numer":"3177D","klasa":"droga zbiorcza","kat":"powiatowa"},"geometry":{"type":"LineString","coordinates":[[16.89978,50.54138],[16.89925,50.5424],[16.89856,50.54301],[16.89781,50.54393],[16.89613,50.54544],[16.89462,50.54654],[16.89262,50.5485],[16.89236,50.54902],[16.89203,50.55071],[16.89176,50.55117],[16.89116,50.55164],[16.88975,50.55246],[16.88901,50.55322],[16.88827,50.55429],[16.88649,50.55552],[16.88554,50.557],[16.88196,50.56129],[16.8816,50.56195],[16.88145,50.56264],[16.88149,50.56471],[16.88183,50.56722],[16.88122,50.5688],[16.88114,50.56998],[16.88161,50.57229],[16.88197,50.57303],[16.88235,50.5745],[16.8831,50.57637],[16.88302,50.57767],[16.8831,50.57844],[16.88291,50.57931],[16.88268,50.5824],[16.88274,50.58419],[16.88306,50.58519]]}},{"type":"Feature","properties":{"numer":"3158D","klasa":"droga zbiorcza","kat":"powiatowa"},"geometry":{"type":"LineString","coordinates":[[16.8505,50.56348],[16.85044,50.56349]]}},{"type":"Feature","properties":{"numer":"3158D","klasa":"droga zbiorcza","kat":"powiatowa"},"geometry":{"type":"LineString","coordinates":[[16.8505,50.56348],[16.85148,50.56336],[16.85187,50.56338],[16.85553,50.56526],[16.85656,50.56623],[16.85696,50.56683],[16.85719,50.56774],[16.85792,50.56866],[16.85805,50.56896],[16.85798,50.56948],[16.85763,50.5704],[16.8577,50.57341],[16.8579,50.57407],[16.85911,50.57614],[16.85944,50.57644],[16.86162,50.5776],[16.86239,50.57816],[16.86738,50.58227],[16.868,50.58301],[16.86825,50.58352]]}},{"type":"Feature","properties":{"numer":"385,396","klasa":"droga gĹ‚Ăłwna","kat":"gminna"},"geometry":{"type":"LineString","coordinates":[[16.85448,50.58229],[16.85452,50.58229]]}},{"type":"Feature","properties":{"numer":"3157D","klasa":"","kat":"powiatowa"},"geometry":{"type":"LineString","coordinates":[[16.79269,50.55402],[16.79188,50.55787],[16.79154,50.5606]]}},{"type":"Feature","properties":{"numer":"8,E67","klasa":"droga gĹ‚Ăłwna ruchu przyĹ›pieszonego","kat":"gminna"},"geometry":{"type":"LineString","coordinates":[[16.798,50.55417],[16.79764,50.55525],[16.79705,50.55606],[16.79602,50.5569],[16.79375,50.55818],[16.79279,50.55884],[16.79201,50.55966],[16.79154,50.5606]]}},{"type":"Feature","properties":{"numer":"3158D","klasa":"droga zbiorcza","kat":"powiatowa"},"geometry":{"type":"LineString","coordinates":[[16.82814,50.55446],[16.8283,50.5553],[16.82892,50.55575],[16.83737,50.55928],[16.83948,50.56006],[16.84313,50.56119]]}},{"type":"Feature","properties":{"numer":"3156D","klasa":"","kat":"powiatowa"},"geometry":{"type":"LineString","coordinates":[[16.77096,50.55085],[16.77209,50.5516],[16.77378,50.55256],[16.77839,50.55643],[16.78012,50.558],[16.78136,50.55949],[16.78496,50.56222],[16.7863,50.56337],[16.78849,50.56575],[16.78914,50.56674]]}},{"type":"Feature","properties":{"numer":"3158D","klasa":"droga zbiorcza","kat":"powiatowa"},"geometry":{"type":"LineString","coordinates":[[16.84313,50.56119],[16.84328,50.56124]]}},{"type":"Feature","properties":{"numer":"3158D","klasa":"droga zbiorcza","kat":"powiatowa"},"geometry":{"type":"LineString","coordinates":[[16.84518,50.56185],[16.84328,50.56124]]}},{"type":"Feature","properties":{"numer":"3158D","klasa":"droga zbiorcza","kat":"powiatowa"},"geometry":{"type":"LineString","coordinates":[[16.84518,50.56185],[16.84524,50.56187]]}},{"type":"Feature","properties":{"numer":"8,E67","klasa":"droga gĹ‚Ăłwna ruchu przyĹ›pieszonego","kat":"gminna"},"geometry":{"type":"LineString","coordinates":[[16.79154,50.5606],[16.79093,50.56315],[16.78914,50.56674]]}},{"type":"Feature","properties":{"numer":"8,E67","klasa":"droga gĹ‚Ăłwna ruchu przyĹ›pieszonego","kat":"gminna"},"geometry":{"type":"LineString","coordinates":[[16.78914,50.56674],[16.78904,50.56734],[16.7891,50.56779],[16.78969,50.56888]]}},{"type":"Feature","properties":{"numer":"382","klasa":"droga gĹ‚Ăłwna","kat":"wojewodzka"},"geometry":{"type":"LineString","coordinates":[[16.84637,50.56219],[16.84573,50.56279],[16.84559,50.56335],[16.84544,50.56595],[16.84573,50.56705],[16.84624,50.56808],[16.84631,50.56851],[16.8458,50.57034],[16.84537,50.57144],[16.84505,50.57176],[16.84146,50.57421],[16.83808,50.57616]]}},{"type":"Feature","properties":{"numer":"382,385","klasa":"droga gĹ‚Ăłwna","kat":"gminna"},"geometry":{"type":"LineString","coordinates":[[16.83278,50.57104],[16.83189,50.57084]]}},{"type":"Feature","properties":{"numer":"382,385","klasa":"droga gĹ‚Ăłwna","kat":"gminna"},"geometry":{"type":"LineString","coordinates":[[16.83808,50.57616],[16.83738,50.57511],[16.8367,50.57367],[16.83596,50.57272],[16.83528,50.57216],[16.83446,50.57168],[16.83278,50.57104]]}},{"type":"Feature","properties":{"numer":"8,E67","klasa":"droga gĹ‚Ăłwna ruchu przyĹ›pieszonego","kat":"gminna"},"geometry":{"type":"LineString","coordinates":[[16.78969,50.56888],[16.79201,50.57191],[16.79258,50.57251],[16.79713,50.57603],[16.80074,50.57844]]}},{"type":"Feature","properties":{"numer":"3154D","klasa":"","kat":"powiatowa"},"geometry":{"type":"LineString","coordinates":[[16.78969,50.56888],[16.78951,50.56902],[16.78912,50.57219],[16.78961,50.5737],[16.78957,50.57545],[16.78979,50.57658],[16.78969,50.57696],[16.78887,50.57851]]}},{"type":"Feature","properties":{"numer":"382,385","klasa":"droga gĹ‚Ăłwna","kat":"gminna"},"geometry":{"type":"LineString","coordinates":[[16.83189,50.57084],[16.83036,50.57069],[16.82897,50.57074],[16.82763,50.57096],[16.82637,50.57134],[16.82515,50.57195],[16.8194,50.5756],[16.81795,50.5764],[16.81578,50.57727],[16.81127,50.5785]]}},{"type":"Feature","properties":{"numer":"385,396","klasa":"droga gĹ‚Ăłwna","kat":"gminna"},"geometry":{"type":"LineString","coordinates":[[16.83808,50.57616],[16.83591,50.57719],[16.83141,50.5787],[16.83068,50.57904]]}},{"type":"Feature","properties":{"numer":"8,E67","klasa":"droga gĹ‚Ăłwna ruchu przyĹ›pieszonego","kat":"gminna"},"geometry":{"type":"LineString","coordinates":[[16.80074,50.57844],[16.80176,50.57905]]}},{"type":"Feature","properties":{"numer":"3155D","klasa":"","kat":"powiatowa"},"geometry":{"type":"LineString","coordinates":[[16.78887,50.57851],[16.79007,50.57865],[16.79803,50.57915],[16.80123,50.57925],[16.80153,50.57918]]}},{"type":"Feature","properties":{"numer":"3155D","klasa":"droga zbiorcza","kat":"powiatowa"},"geometry":{"type":"LineString","coordinates":[[16.80153,50.57918],[16.80176,50.57905]]}},{"type":"Feature","properties":{"numer":"3178D","klasa":"droga zbiorcza","kat":"powiatowa"},"geometry":{"type":"LineString","coordinates":[[16.90806,50.54173],[16.90799,50.54172]]}},{"type":"Feature","properties":{"numer":"3178D","klasa":"droga zbiorcza","kat":"powiatowa"},"geometry":{"type":"LineString","coordinates":[[16.94677,50.56438],[16.94663,50.56426],[16.94321,50.56305],[16.93953,50.5619],[16.93872,50.56135],[16.9378,50.56087],[16.93705,50.56025],[16.93464,50.55811],[16.93394,50.55708],[16.93368,50.55686],[16.93281,50.55646],[16.93027,50.55582],[16.92839,50.55461],[16.92808,50.55455],[16.92733,50.55458],[16.92704,50.55447],[16.92661,50.55405],[16.92639,50.55344],[16.92566,50.55266],[16.92526,50.55178],[16.92515,50.55088],[16.92466,50.54998],[16.92406,50.54938],[16.92322,50.5488],[16.92279,50.54827],[16.92197,50.54679],[16.92126,50.5448],[16.92089,50.54437],[16.91984,50.54369],[16.91778,50.54268],[16.9168,50.54229],[16.90806,50.54173]]}},{"type":"Feature","properties":{"numer":"3178D","klasa":"droga zbiorcza","kat":"powiatowa"},"geometry":{"type":"LineString","coordinates":[[16.94479,50.58395],[16.94465,50.58178],[16.94506,50.57909],[16.94432,50.5777],[16.94426,50.57734],[16.94514,50.57558],[16.9459,50.57299],[16.94677,50.56438]]}},{"type":"Feature","properties":{"numer":"385,396","klasa":"droga gĹ‚Ăłwna","kat":"gminna"},"geometry":{"type":"LineString","coordinates":[[16.8832,50.58516],[16.8882,50.58459],[16.89486,50.58311],[16.90157,50.58184],[16.9025,50.58173],[16.90314,50.58178],[16.90557,50.58235],[16.90662,50.58252],[16.90765,50.58253],[16.90962,50.58238],[16.91117,50.58267],[16.91179,50.58271],[16.91559,50.58259],[16.92062,50.58211],[16.92432,50.58242],[16.92674,50.58239],[16.9271,50.58233],[16.92789,50.58194],[16.92851,50.58177],[16.93052,50.58179],[16.93154,50.58185],[16.9326,50.58206],[16.93422,50.58243],[16.93573,50.58292],[16.9365,50.58309],[16.93902,50.58322],[16.94077,50.58373],[16.94479,50.58395]]}},{"type":"Feature","properties":{"numer":"118215D","klasa":"droga lokalna","kat":"powiatowa"},"geometry":{"type":"LineString","coordinates":[[16.9402,50.6014],[16.9407,50.60386]]}},{"type":"Feature","properties":{"numer":"118215D","klasa":"droga lokalna","kat":"powiatowa"},"geometry":{"type":"LineString","coordinates":[[16.9407,50.60386],[16.94074,50.60394]]}},{"type":"Feature","properties":{"numer":"118215D","klasa":"droga lokalna","kat":"powiatowa"},"geometry":{"type":"LineString","coordinates":[[16.94074,50.60394],[16.94078,50.60403]]}},{"type":"Feature","properties":{"numer":"118215D","klasa":"droga lokalna","kat":"powiatowa"},"geometry":{"type":"LineString","coordinates":[[16.94078,50.60403],[16.94417,50.6096]]}},{"type":"Feature","properties":{"numer":"118215D","klasa":"droga lokalna","kat":"powiatowa"},"geometry":{"type":"LineString","coordinates":[[16.94417,50.6096],[16.94653,50.61362],[16.94672,50.61462]]}},{"type":"Feature","properties":{"numer":"3174D","klasa":"droga zbiorcza","kat":"powiatowa"},"geometry":{"type":"LineString","coordinates":[[16.90234,50.61567],[16.90281,50.61528],[16.90463,50.61415],[16.90509,50.61343],[16.90532,50.61278],[16.90613,50.61224],[16.9068,50.61198],[16.90907,50.61184],[16.91092,50.61221],[16.91203,50.61251],[16.91326,50.61259],[16.9174,50.6122],[16.9199,50.61213],[16.92174,50.61181],[16.92245,50.61158],[16.92291,50.61151],[16.92345,50.61157],[16.92484,50.61191],[16.92616,50.61209],[16.9289,50.61359],[16.9323,50.61503]]}},{"type":"Feature","properties":{"numer":"","klasa":"droga lokalna","kat":"gminna"},"geometry":{"type":"LineString","coordinates":[[16.83068,50.57904],[16.8293,50.57946]]}},{"type":"Feature","properties":{"numer":"382,385","klasa":"droga gĹ‚Ăłwna","kat":"gminna"},"geometry":{"type":"LineString","coordinates":[[16.81127,50.5785],[16.80381,50.58047]]}},{"type":"Feature","properties":{"numer":"","klasa":"droga lokalna","kat":"gminna"},"geometry":{"type":"LineString","coordinates":[[16.8293,50.57946],[16.82898,50.57958]]}},{"type":"Feature","properties":{"numer":"8,E67","klasa":"droga gĹ‚Ăłwna ruchu przyĹ›pieszonego","kat":"gminna"},"geometry":{"type":"LineString","coordinates":[[16.80176,50.57905],[16.80299,50.5798],[16.80381,50.58047]]}},{"type":"Feature","properties":{"numer":"","klasa":"droga wewnÄ™trzna","kat":"gminna"},"geometry":{"type":"LineString","coordinates":[[16.80732,50.58012],[16.80706,50.57961]]}},{"type":"Feature","properties":{"numer":"","klasa":"droga lokalna","kat":"gminna"},"geometry":{"type":"LineString","coordinates":[[16.82898,50.57958],[16.8274,50.58021]]}},{"type":"Feature","properties":{"numer":"","klasa":"droga lokalna","kat":"gminna"},"geometry":{"type":"LineString","coordinates":[[16.8274,50.58021],[16.82699,50.58044]]}},{"type":"Feature","properties":{"numer":"","klasa":"droga wewnÄ™trzna","kat":"gminna"},"geometry":{"type":"LineString","coordinates":[[16.80732,50.58012],[16.8069,50.58173]]}},{"type":"Feature","properties":{"numer":"","klasa":"droga lokalna","kat":"gminna"},"geometry":{"type":"LineString","coordinates":[[16.82699,50.58044],[16.82631,50.58075],[16.82523,50.58097],[16.824,50.58142]]}},{"type":"Feature","properties":{"numer":"382,8,E67,385","klasa":"droga gĹ‚Ăłwna ruchu przyĹ›pieszonego","kat":"gminna"},"geometry":{"type":"LineString","coordinates":[[16.80488,50.58215],[16.80447,50.58129],[16.80381,50.58047]]}},{"type":"Feature","properties":{"numer":"","klasa":"droga lokalna","kat":"gminna"},"geometry":{"type":"LineString","coordinates":[[16.824,50.58142],[16.82313,50.58187]]}},{"type":"Feature","properties":{"numer":"","klasa":"droga lokalna","kat":"gminna"},"geometry":{"type":"LineString","coordinates":[[16.82313,50.58187],[16.82207,50.58236]]}},{"type":"Feature","properties":{"numer":"","klasa":"droga lokalna","kat":"gminna"},"geometry":{"type":"LineString","coordinates":[[16.80795,50.58262],[16.80728,50.58227],[16.807,50.58199],[16.8069,50.58173]]}},{"type":"Feature","properties":{"numer":"382,8,E67,385","klasa":"droga gĹ‚Ăłwna ruchu przyĹ›pieszonego","kat":"gminna"},"geometry":{"type":"LineString","coordinates":[[16.80488,50.58215],[16.8049,50.58223]]}},{"type":"Feature","properties":{"numer":"382,8,E67,385","klasa":"droga gĹ‚Ăłwna ruchu przyĹ›pieszonego","kat":"gminna"},"geometry":{"type":"LineString","coordinates":[[16.8049,50.58227],[16.8049,50.58223]]}},{"type":"Feature","properties":{"numer":"","klasa":"droga lokalna","kat":"gminna"},"geometry":{"type":"LineString","coordinates":[[16.82202,50.58239],[16.82144,50.58273]]}},{"type":"Feature","properties":{"numer":"","klasa":"droga lokalna","kat":"gminna"},"geometry":{"type":"LineString","coordinates":[[16.82144,50.58273],[16.82109,50.58295]]}},{"type":"Feature","properties":{"numer":"385,396","klasa":"droga gĹ‚Ăłwna","kat":"gminna"},"geometry":{"type":"LineString","coordinates":[[16.83068,50.57904],[16.83928,50.58668]]}},{"type":"Feature","properties":{"numer":"","klasa":"droga lokalna","kat":"gminna"},"geometry":{"type":"LineString","coordinates":[[16.80887,50.58313],[16.80795,50.58262]]}},{"type":"Feature","properties":{"numer":"3154D","klasa":"","kat":"powiatowa"},"geometry":{"type":"LineString","coordinates":[[16.78887,50.57851],[16.78786,50.57952],[16.78737,50.58048],[16.78716,50.58149],[16.78671,50.58242],[16.78563,50.58397],[16.78514,50.58505],[16.78514,50.5859],[16.7853,50.58646],[16.78643,50.58755]]}},{"type":"Feature","properties":{"numer":"","klasa":"droga lokalna","kat":"gminna"},"geometry":{"type":"LineString","coordinates":[[16.82109,50.58295],[16.82078,50.58318]]}},{"type":"Feature","properties":{"numer":"","klasa":"droga lokalna","kat":"gminna"},"geometry":{"type":"LineString","coordinates":[[16.80935,50.58368],[16.80919,50.58337],[16.80887,50.58313]]}},{"type":"Feature","properties":{"numer":"","klasa":"droga lokalna","kat":"gminna"},"geometry":{"type":"LineString","coordinates":[[16.82078,50.58318],[16.81982,50.58384]]}},{"type":"Feature","properties":{"numer":"","klasa":"droga lokalna","kat":"gminna"},"geometry":{"type":"LineString","coordinates":[[16.80942,50.58394],[16.80935,50.58368]]}},{"type":"Feature","properties":{"numer":"382,8,E67,385","klasa":"droga gĹ‚Ăłwna ruchu przyĹ›pieszonego","kat":"gminna"},"geometry":{"type":"LineString","coordinates":[[16.8051,50.58559],[16.80487,50.5846],[16.80498,50.58307],[16.8049,50.58227]]}},{"type":"Feature","properties":{"numer":"","klasa":"droga lokalna","kat":"gminna"},"geometry":{"type":"LineString","coordinates":[[16.81982,50.58384],[16.81938,50.58411]]}},{"type":"Feature","properties":{"numer":"","klasa":"droga lokalna","kat":"gminna"},"geometry":{"type":"LineString","coordinates":[[16.80942,50.58394],[16.80948,50.58416]]}},{"type":"Feature","properties":{"numer":"","klasa":"droga lokalna","kat":"gminna"},"geometry":{"type":"LineString","coordinates":[[16.81938,50.58411],[16.81878,50.58441]]}},{"type":"Feature","properties":{"numer":"","klasa":"droga lokalna","kat":"gminna"},"geometry":{"type":"LineString","coordinates":[[16.80948,50.58416],[16.80956,50.5845]]}},{"type":"Feature","properties":{"numer":"","klasa":"droga lokalna","kat":"gminna"},"geometry":{"type":"LineString","coordinates":[[16.81878,50.58441],[16.81796,50.5847],[16.81558,50.58511]]}},{"type":"Feature","properties":{"numer":"","klasa":"droga lokalna","kat":"gminna"},"geometry":{"type":"LineString","coordinates":[[16.81558,50.58511],[16.81429,50.58485],[16.81289,50.58486]]}},{"type":"Feature","properties":{"numer":"","klasa":"droga lokalna","kat":"gminna"},"geometry":{"type":"LineString","coordinates":[[16.81289,50.58486],[16.81222,50.5852],[16.81199,50.58524]]}},{"type":"Feature","properties":{"numer":"","klasa":"droga lokalna","kat":"gminna"},"geometry":{"type":"LineString","coordinates":[[16.80956,50.5845],[16.80991,50.58559],[16.81002,50.5856]]}},{"type":"Feature","properties":{"numer":"","klasa":"droga lokalna","kat":"gminna"},"geometry":{"type":"LineString","coordinates":[[16.81199,50.58524],[16.81125,50.58533],[16.81052,50.58564],[16.81002,50.5856]]}},{"type":"Feature","properties":{"numer":"382,8,E67,385","klasa":"droga gĹ‚Ăłwna ruchu przyĹ›pieszonego","kat":"gminna"},"geometry":{"type":"LineString","coordinates":[[16.80524,50.58592],[16.8051,50.58559]]}},{"type":"Feature","properties":{"numer":"","klasa":"droga lokalna","kat":"gminna"},"geometry":{"type":"LineString","coordinates":[[16.83461,50.58769],[16.83573,50.58757],[16.83928,50.58668]]}},{"type":"Feature","properties":{"numer":"","klasa":"droga lokalna","kat":"gminna"},"geometry":{"type":"LineString","coordinates":[[16.82968,50.58758],[16.82988,50.58758]]}},{"type":"Feature","properties":{"numer":"3154D","klasa":"","kat":"powiatowa"},"geometry":{"type":"LineString","coordinates":[[16.78645,50.58761],[16.78643,50.58755]]}},{"type":"Feature","properties":{"numer":"","klasa":"droga lokalna","kat":"gminna"},"geometry":{"type":"LineString","coordinates":[[16.82907,50.58759],[16.82968,50.58758]]}},{"type":"Feature","properties":{"numer":"","klasa":"droga lokalna","kat":"gminna"},"geometry":{"type":"LineString","coordinates":[[16.82988,50.58758],[16.83265,50.58765]]}},{"type":"Feature","properties":{"numer":"","klasa":"droga lokalna","kat":"gminna"},"geometry":{"type":"LineString","coordinates":[[16.82459,50.58772],[16.82907,50.58759]]}},{"type":"Feature","properties":{"numer":"","klasa":"droga lokalna","kat":"gminna"},"geometry":{"type":"LineString","coordinates":[[16.83265,50.58765],[16.83461,50.58769]]}},{"type":"Feature","properties":{"numer":"","klasa":"droga lokalna","kat":"gminna"},"geometry":{"type":"LineString","coordinates":[[16.82436,50.58774],[16.82459,50.58772]]}},{"type":"Feature","properties":{"numer":"","klasa":"droga lokalna","kat":"gminna"},"geometry":{"type":"LineString","coordinates":[[16.82351,50.58783],[16.82436,50.58774]]}},{"type":"Feature","properties":{"numer":"382,8,E67,385","klasa":"droga gĹ‚Ăłwna ruchu przyĹ›pieszonego","kat":"gminna"},"geometry":{"type":"LineString","coordinates":[[16.80692,50.58981],[16.80524,50.58592]]}},{"type":"Feature","properties":{"numer":"","klasa":"droga lokalna","kat":"gminna"},"geometry":{"type":"LineString","coordinates":[[16.82245,50.58799],[16.82351,50.58783]]}},{"type":"Feature","properties":{"numer":"","klasa":"droga lokalna","kat":"gminna"},"geometry":{"type":"LineString","coordinates":[[16.82142,50.58813],[16.82245,50.58799]]}},{"type":"Feature","properties":{"numer":"","klasa":"droga lokalna","kat":"gminna"},"geometry":{"type":"LineString","coordinates":[[16.82054,50.58827],[16.82142,50.58813]]}},{"type":"Feature","properties":{"numer":"","klasa":"droga lokalna","kat":"gminna"},"geometry":{"type":"LineString","coordinates":[[16.82072,50.58955],[16.82047,50.58881],[16.82054,50.58827]]}},{"type":"Feature","properties":{"numer":"118321D","klasa":"droga lokalna","kat":"powiatowa"},"geometry":{"type":"LineString","coordinates":[[16.8083,50.58963],[16.80804,50.58967]]}},{"type":"Feature","properties":{"numer":"385","klasa":"droga zbiorcza","kat":"wojewodzka"},"geometry":{"type":"LineString","coordinates":[[16.80657,50.58979],[16.80648,50.58979]]}},{"type":"Feature","properties":{"numer":"385","klasa":"droga zbiorcza","kat":"wojewodzka"},"geometry":{"type":"LineString","coordinates":[[16.80692,50.58981],[16.80657,50.58979]]}},{"type":"Feature","properties":{"numer":"","klasa":"droga lokalna","kat":"gminna"},"geometry":{"type":"LineString","coordinates":[[16.8216,50.59078],[16.82072,50.58955]]}},{"type":"Feature","properties":{"numer":"118318D","klasa":"droga lokalna","kat":"powiatowa"},"geometry":{"type":"LineString","coordinates":[[16.80934,50.59106],[16.80868,50.58982],[16.8083,50.58963]]}},{"type":"Feature","properties":{"numer":"3154D","klasa":"","kat":"powiatowa"},"geometry":{"type":"LineString","coordinates":[[16.78638,50.59315],[16.78635,50.5923],[16.78656,50.58902],[16.78645,50.58761]]}},{"type":"Feature","properties":{"numer":"382,8,E67","klasa":"droga gĹ‚Ăłwna ruchu przyĹ›pieszonego","kat":"gminna"},"geometry":{"type":"LineString","coordinates":[[16.80692,50.58981],[16.80717,50.59068],[16.80714,50.5916]]}},{"type":"Feature","properties":{"numer":"118318D","klasa":"droga lokalna","kat":"powiatowa"},"geometry":{"type":"LineString","coordinates":[[16.81088,50.59146],[16.8101,50.59142],[16.80963,50.59127],[16.80934,50.59106]]}},{"type":"Feature","properties":{"numer":"118318D","klasa":"droga lokalna","kat":"powiatowa"},"geometry":{"type":"LineString","coordinates":[[16.81239,50.59144],[16.81163,50.59147]]}},{"type":"Feature","properties":{"numer":"118318D","klasa":"droga lokalna","kat":"powiatowa"},"geometry":{"type":"LineString","coordinates":[[16.81258,50.59149],[16.81239,50.59144]]}},{"type":"Feature","properties":{"numer":"118318D","klasa":"droga lokalna","kat":"powiatowa"},"geometry":{"type":"LineString","coordinates":[[16.81163,50.59147],[16.81088,50.59146]]}},{"type":"Feature","properties":{"numer":"","klasa":"droga lokalna","kat":"gminna"},"geometry":{"type":"LineString","coordinates":[[16.82322,50.5922],[16.8216,50.59078]]}},{"type":"Feature","properties":{"numer":"385","klasa":"droga zbiorcza","kat":"wojewodzka"},"geometry":{"type":"LineString","coordinates":[[16.80648,50.58979],[16.80572,50.58983],[16.79973,50.59069],[16.78916,50.5927],[16.78668,50.59344]]}},{"type":"Feature","properties":{"numer":"382,8,E67","klasa":"droga gĹ‚Ăłwna ruchu przyĹ›pieszonego","kat":"gminna"},"geometry":{"type":"LineString","coordinates":[[16.80711,50.59174],[16.80714,50.5916]]}},{"type":"Feature","properties":{"numer":"118311D","klasa":"droga lokalna","kat":"powiatowa"},"geometry":{"type":"LineString","coordinates":[[16.81258,50.59149],[16.81263,50.59236]]}},{"type":"Feature","properties":{"numer":"118311D","klasa":"droga lokalna","kat":"powiatowa"},"geometry":{"type":"LineString","coordinates":[[16.81263,50.59236],[16.81264,50.59246]]}},{"type":"Feature","properties":{"numer":"","klasa":"droga lokalna","kat":"gminna"},"geometry":{"type":"LineString","coordinates":[[16.82174,50.5927],[16.82259,50.59249],[16.82322,50.5922]]}},{"type":"Feature","properties":{"numer":"118311D","klasa":"droga lokalna","kat":"powiatowa"},"geometry":{"type":"LineString","coordinates":[[16.81264,50.59246],[16.81263,50.59273]]}},{"type":"Feature","properties":{"numer":"118311D","klasa":"droga lokalna","kat":"powiatowa"},"geometry":{"type":"LineString","coordinates":[[16.81263,50.59273],[16.81261,50.59298]]}},{"type":"Feature","properties":{"numer":"","klasa":"droga lokalna","kat":"gminna"},"geometry":{"type":"LineString","coordinates":[[16.8194,50.59312],[16.82174,50.5927]]}},{"type":"Feature","properties":{"numer":"3154D","klasa":"","kat":"powiatowa"},"geometry":{"type":"LineString","coordinates":[[16.78668,50.59344],[16.78638,50.59315]]}},{"type":"Feature","properties":{"numer":"3154D","klasa":"droga zbiorcza","kat":"powiatowa"},"geometry":{"type":"LineString","coordinates":[[16.78638,50.59315],[16.7864,50.59352]]}},{"type":"Feature","properties":{"numer":"","klasa":"droga lokalna","kat":"gminna"},"geometry":{"type":"LineString","coordinates":[[16.81827,50.5936],[16.8194,50.59312]]}},{"type":"Feature","properties":{"numer":"385","klasa":"droga zbiorcza","kat":"wojewodzka"},"geometry":{"type":"LineString","coordinates":[[16.78668,50.59344],[16.7864,50.59352]]}},{"type":"Feature","properties":{"numer":"385","klasa":"droga zbiorcza","kat":"wojewodzka"},"geometry":{"type":"LineString","coordinates":[[16.7864,50.59352],[16.78602,50.59364]]}},{"type":"Feature","properties":{"numer":"3154D","klasa":"droga zbiorcza","kat":"powiatowa"},"geometry":{"type":"LineString","coordinates":[[16.7864,50.59352],[16.7864,50.59381]]}},{"type":"Feature","properties":{"numer":"3154D","klasa":"","kat":"powiatowa"},"geometry":{"type":"LineString","coordinates":[[16.78602,50.59364],[16.7864,50.59381]]}},{"type":"Feature","properties":{"numer":"","klasa":"droga lokalna","kat":"gminna"},"geometry":{"type":"LineString","coordinates":[[16.81729,50.59404],[16.81827,50.5936]]}},{"type":"Feature","properties":{"numer":"","klasa":"droga lokalna","kat":"gminna"},"geometry":{"type":"LineString","coordinates":[[16.81657,50.59437],[16.81729,50.59404]]}},{"type":"Feature","properties":{"numer":"","klasa":"droga lokalna","kat":"gminna"},"geometry":{"type":"LineString","coordinates":[[16.81253,50.5944],[16.81273,50.59441]]}},{"type":"Feature","properties":{"numer":"","klasa":"droga lokalna","kat":"gminna"},"geometry":{"type":"LineString","coordinates":[[16.81231,50.5945],[16.81253,50.5944]]}},{"type":"Feature","properties":{"numer":"","klasa":"droga lokalna","kat":"gminna"},"geometry":{"type":"LineString","coordinates":[[16.81225,50.59455],[16.81231,50.5945]]}},{"type":"Feature","properties":{"numer":"","klasa":"droga lokalna","kat":"gminna"},"geometry":{"type":"LineString","coordinates":[[16.81299,50.59473],[16.81273,50.59441]]}},{"type":"Feature","properties":{"numer":"","klasa":"droga lokalna","kat":"gminna"},"geometry":{"type":"LineString","coordinates":[[16.81563,50.5948],[16.81657,50.59437]]}},{"type":"Feature","properties":{"numer":"","klasa":"droga lokalna","kat":"gminna"},"geometry":{"type":"LineString","coordinates":[[16.8154,50.59492],[16.81563,50.5948]]}},{"type":"Feature","properties":{"numer":"","klasa":"droga lokalna","kat":"gminna"},"geometry":{"type":"LineString","coordinates":[[16.81323,50.59503],[16.81299,50.59473]]}},{"type":"Feature","properties":{"numer":"382,8,E67","klasa":"droga gĹ‚Ăłwna ruchu przyĹ›pieszonego","kat":"gminna"},"geometry":{"type":"LineString","coordinates":[[16.80489,50.59807],[16.80491,50.59718],[16.80508,50.59652],[16.80711,50.59174]]}},{"type":"Feature","properties":{"numer":"","klasa":"droga lokalna","kat":"gminna"},"geometry":{"type":"LineString","coordinates":[[16.81099,50.59547],[16.81225,50.59455]]}},{"type":"Feature","properties":{"numer":"","klasa":"droga lokalna","kat":"gminna"},"geometry":{"type":"LineString","coordinates":[[16.81469,50.59573],[16.8154,50.59492]]}},{"type":"Feature","properties":{"numer":"","klasa":"droga lokalna","kat":"gminna"},"geometry":{"type":"LineString","coordinates":[[16.81469,50.59573],[16.81372,50.59541],[16.81323,50.59503]]}},{"type":"Feature","properties":{"numer":"","klasa":"droga lokalna","kat":"gminna"},"geometry":{"type":"LineString","coordinates":[[16.81065,50.59572],[16.81099,50.59547]]}},{"type":"Feature","properties":{"numer":"","klasa":"droga lokalna","kat":"gminna"},"geometry":{"type":"LineString","coordinates":[[16.81048,50.59585],[16.81065,50.59572]]}},{"type":"Feature","properties":{"numer":"","klasa":"droga lokalna","kat":"gminna"},"geometry":{"type":"LineString","coordinates":[[16.80995,50.59624],[16.81048,50.59585]]}},{"type":"Feature","properties":{"numer":"118349D","klasa":"droga lokalna","kat":"powiatowa"},"geometry":{"type":"LineString","coordinates":[[16.81469,50.59573],[16.81405,50.59652]]}},{"type":"Feature","properties":{"numer":"","klasa":"droga lokalna","kat":"gminna"},"geometry":{"type":"LineString","coordinates":[[16.80903,50.59691],[16.80995,50.59624]]}},{"type":"Feature","properties":{"numer":"3175D","klasa":"droga zbiorcza","kat":"powiatowa"},"geometry":{"type":"LineString","coordinates":[[16.81469,50.59573],[16.81594,50.59621],[16.81674,50.59669],[16.81781,50.5976],[16.81837,50.59843]]}},{"type":"Feature","properties":{"numer":"","klasa":"droga lokalna","kat":"gminna"},"geometry":{"type":"LineString","coordinates":[[16.80834,50.59743],[16.80903,50.59691]]}},{"type":"Feature","properties":{"numer":"118349D","klasa":"droga lokalna","kat":"powiatowa"},"geometry":{"type":"LineString","coordinates":[[16.81405,50.59652],[16.81459,50.59894]]}},{"type":"Feature","properties":{"numer":"","klasa":"droga lokalna","kat":"gminna"},"geometry":{"type":"LineString","coordinates":[[16.80725,50.59823],[16.80834,50.59743]]}},{"type":"Feature","properties":{"numer":"382,8,E67","klasa":"droga gĹ‚Ăłwna ruchu przyĹ›pieszonego","kat":"gminna"},"geometry":{"type":"LineString","coordinates":[[16.80491,50.59819],[16.80489,50.59807]]}},{"type":"Feature","properties":{"numer":"118350D","klasa":"droga lokalna","kat":"powiatowa"},"geometry":{"type":"LineString","coordinates":[[16.81762,50.59854],[16.81837,50.59843]]}},{"type":"Feature","properties":{"numer":"","klasa":"droga lokalna","kat":"gminna"},"geometry":{"type":"LineString","coordinates":[[16.80626,50.59896],[16.80725,50.59823]]}},{"type":"Feature","properties":{"numer":"118350D","klasa":"droga lokalna","kat":"powiatowa"},"geometry":{"type":"LineString","coordinates":[[16.81666,50.59869],[16.81762,50.59854]]}},{"type":"Feature","properties":{"numer":"118350D","klasa":"droga lokalna","kat":"powiatowa"},"geometry":{"type":"LineString","coordinates":[[16.81572,50.59884],[16.81666,50.59869]]}},{"type":"Feature","properties":{"numer":"3175D","klasa":"droga zbiorcza","kat":"powiatowa"},"geometry":{"type":"LineString","coordinates":[[16.81837,50.59843],[16.81889,50.59925]]}},{"type":"Feature","properties":{"numer":"382,8,E67","klasa":"droga gĹ‚Ăłwna ruchu przyĹ›pieszonego","kat":"gminna"},"geometry":{"type":"LineString","coordinates":[[16.80535,50.59949],[16.80491,50.59819]]}},{"type":"Feature","properties":{"numer":"118350D","klasa":"droga lokalna","kat":"powiatowa"},"geometry":{"type":"LineString","coordinates":[[16.81459,50.59894],[16.81572,50.59884]]}},{"type":"Feature","properties":{"numer":"","klasa":"droga lokalna","kat":"gminna"},"geometry":{"type":"LineString","coordinates":[[16.80608,50.59908],[16.80626,50.59896]]}},{"type":"Feature","properties":{"numer":"","klasa":"","kat":"gminna"},"geometry":{"type":"LineString","coordinates":[[16.80608,50.59908],[16.80535,50.59949]]}},{"type":"Feature","properties":{"numer":"382","klasa":"droga gĹ‚Ăłwna","kat":"wojewodzka"},"geometry":{"type":"LineString","coordinates":[[16.80429,50.59999],[16.80535,50.59949]]}},{"type":"Feature","properties":{"numer":"8,E67","klasa":"droga gĹ‚Ăłwna ruchu przyĹ›pieszonego","kat":"gminna"},"geometry":{"type":"LineString","coordinates":[[16.80663,50.60099],[16.80592,50.60029],[16.80535,50.59949]]}},{"type":"Feature","properties":{"numer":"385,396","klasa":"droga gĹ‚Ăłwna","kat":"gminna"},"geometry":{"type":"LineString","coordinates":[[16.85452,50.58229],[16.85556,50.58224],[16.85628,50.5823],[16.8616,50.58342],[16.86416,50.58357],[16.86827,50.58371]]}},{"type":"Feature","properties":{"numer":"3158D","klasa":"droga zbiorcza","kat":"powiatowa"},"geometry":{"type":"LineString","coordinates":[[16.86825,50.58352],[16.86827,50.58371]]}},{"type":"Feature","properties":{"numer":"385,396","klasa":"droga gĹ‚Ăłwna","kat":"gminna"},"geometry":{"type":"LineString","coordinates":[[16.83928,50.58668],[16.84119,50.58618],[16.85329,50.58258],[16.85448,50.58229]]}},{"type":"Feature","properties":{"numer":"385,396","klasa":"droga gĹ‚Ăłwna","kat":"gminna"},"geometry":{"type":"LineString","coordinates":[[16.86827,50.58371],[16.87098,50.58398],[16.8736,50.58451],[16.875,50.58486],[16.87791,50.58593],[16.87843,50.58604],[16.87915,50.58601],[16.88306,50.58519]]}},{"type":"Feature","properties":{"numer":"3177D,385","klasa":"droga gĹ‚Ăłwna","kat":"powiatowa"},"geometry":{"type":"LineString","coordinates":[[16.88306,50.58519],[16.8832,50.58516]]}},{"type":"Feature","properties":{"numer":"3177D","klasa":"droga zbiorcza","kat":"powiatowa"},"geometry":{"type":"LineString","coordinates":[[16.88532,50.61518],[16.88543,50.61497],[16.88525,50.61117],[16.88615,50.60963],[16.88609,50.60893],[16.88619,50.6085],[16.88715,50.60744],[16.88728,50.60713],[16.88706,50.60437],[16.88714,50.60283],[16.88691,50.60128],[16.88697,50.60079],[16.88728,50.59985],[16.88728,50.59946],[16.88681,50.59823],[16.88671,50.59687],[16.88628,50.59613],[16.88562,50.59553],[16.88514,50.59452],[16.88458,50.59391],[16.88461,50.59273],[16.88418,50.59208],[16.8836,50.58909],[16.88361,50.58859],[16.8839,50.58748],[16.88348,50.58638],[16.8832,50.58516]]}},{"type":"Feature","properties":{"numer":"3174D","klasa":"droga zbiorcza","kat":"powiatowa"},"geometry":{"type":"LineString","coordinates":[[16.8216,50.59078],[16.82353,50.59115],[16.82697,50.59252],[16.82874,50.59313],[16.83152,50.59437],[16.83205,50.59479],[16.83482,50.59815],[16.83617,50.60023],[16.83678,50.60069],[16.83753,50.60116],[16.83973,50.60212],[16.84137,50.6028],[16.8435,50.60355],[16.8446,50.60408],[16.85045,50.60801],[16.8547,50.61034],[16.85625,50.61128],[16.85874,50.61329],[16.86046,50.61526],[16.86127,50.61568],[16.86347,50.61655],[16.86398,50.61664],[16.86577,50.61661],[16.86825,50.61695],[16.86873,50.61696],[16.87434,50.61592],[16.87775,50.6154],[16.87968,50.61492],[16.88038,50.61482],[16.88192,50.61478],[16.88532,50.61518]]}},{"type":"Feature","properties":{"numer":"3174D","klasa":"droga zbiorcza","kat":"powiatowa"},"geometry":{"type":"LineString","coordinates":[[16.88532,50.61518],[16.89251,50.61561],[16.89655,50.61626],[16.89769,50.61576],[16.90016,50.61592],[16.90205,50.61581]]}},{"type":"Feature","properties":{"numer":"3165D","klasa":"","kat":"powiatowa"},"geometry":{"type":"LineString","coordinates":[[16.84905,50.61854],[16.84728,50.61966]]}},{"type":"Feature","properties":{"numer":"3070D","klasa":"droga zbiorcza","kat":"powiatowa"},"geometry":{"type":"LineString","coordinates":[[16.84905,50.61854],[16.84966,50.61894],[16.85098,50.62011]]}},{"type":"Feature","properties":{"numer":"3148D","klasa":"","kat":"powiatowa"},"geometry":{"type":"LineString","coordinates":[[16.66384,50.54467],[16.66329,50.54528],[16.66293,50.54633],[16.66233,50.54747],[16.66247,50.54802],[16.66349,50.5487],[16.66362,50.549],[16.66361,50.54944],[16.66231,50.55069],[16.66203,50.55083],[16.66103,50.551],[16.66037,50.55142],[16.66012,50.55319],[16.65915,50.55479],[16.6591,50.55524],[16.65933,50.55572],[16.65973,50.55607],[16.66463,50.55903],[16.66498,50.5597],[16.6649,50.56118],[16.66499,50.56155],[16.66538,50.56211],[16.66677,50.56361]]}},{"type":"Feature","properties":{"numer":"3149D","klasa":"","kat":"powiatowa"},"geometry":{"type":"LineString","coordinates":[[16.69567,50.5589],[16.69661,50.55838],[16.69952,50.55758],[16.70138,50.55735],[16.70228,50.55713],[16.70498,50.55605],[16.70589,50.55533]]}},{"type":"Feature","properties":{"numer":"3149D","klasa":"","kat":"powiatowa"},"geometry":{"type":"LineString","coordinates":[[16.69567,50.5589],[16.69566,50.5589]]}},{"type":"Feature","properties":{"numer":"3149D","klasa":"","kat":"powiatowa"},"geometry":{"type":"LineString","coordinates":[[16.68386,50.56831],[16.68611,50.56529],[16.68668,50.56471],[16.68766,50.56396],[16.68895,50.5627],[16.69191,50.56094],[16.69316,50.55989],[16.69567,50.5589]]}},{"type":"Feature","properties":{"numer":"3148D","klasa":"","kat":"powiatowa"},"geometry":{"type":"LineString","coordinates":[[16.66683,50.56367],[16.66677,50.56361]]}},{"type":"Feature","properties":{"numer":"3149D","klasa":"","kat":"powiatowa"},"geometry":{"type":"LineString","coordinates":[[16.68385,50.56833],[16.68386,50.56831]]}},{"type":"Feature","properties":{"numer":"3148D","klasa":"","kat":"powiatowa"},"geometry":{"type":"LineString","coordinates":[[16.66683,50.56367],[16.66717,50.56397],[16.66896,50.56471],[16.67086,50.56587],[16.67146,50.56637],[16.67267,50.56776],[16.67313,50.56816],[16.67893,50.57147],[16.67943,50.57187],[16.68072,50.57334]]}},{"type":"Feature","properties":{"numer":"3149D","klasa":"","kat":"powiatowa"},"geometry":{"type":"LineString","coordinates":[[16.68072,50.57334],[16.68243,50.57186],[16.68309,50.57046],[16.68385,50.56833]]}},{"type":"Feature","properties":{"numer":"3149D","klasa":"","kat":"powiatowa"},"geometry":{"type":"LineString","coordinates":[[16.67985,50.5741],[16.68034,50.57377],[16.68072,50.57334]]}},{"type":"Feature","properties":{"numer":"3149D","klasa":"","kat":"powiatowa"},"geometry":{"type":"LineString","coordinates":[[16.67983,50.57412],[16.67985,50.5741]]}},{"type":"Feature","properties":{"numer":"3149D","klasa":"","kat":"powiatowa"},"geometry":{"type":"LineString","coordinates":[[16.67979,50.57417],[16.67983,50.57412]]}},{"type":"Feature","properties":{"numer":"385","klasa":"","kat":"wojewodzka"},"geometry":{"type":"LineString","coordinates":[[16.67866,50.57543],[16.67813,50.57552],[16.67046,50.57545],[16.66907,50.57533],[16.66853,50.57499],[16.66818,50.57494],[16.6659,50.57534],[16.66506,50.57533],[16.66467,50.57519],[16.66328,50.57407],[16.66284,50.57393],[16.66234,50.57407],[16.66151,50.575],[16.66114,50.57523]]}},{"type":"Feature","properties":{"numer":"385","klasa":"droga zbiorcza","kat":"wojewodzka"},"geometry":{"type":"LineString","coordinates":[[16.67979,50.57417],[16.67959,50.57418],[16.67927,50.57433],[16.67866,50.57543]]}},{"type":"Feature","properties":{"numer":"385","klasa":"","kat":"wojewodzka"},"geometry":{"type":"LineString","coordinates":[[16.65324,50.57469],[16.65463,50.57507],[16.65623,50.57516],[16.65685,50.5754],[16.65929,50.57577],[16.65957,50.57573],[16.65958,50.57549],[16.65972,50.57541],[16.66114,50.57523]]}},{"type":"Feature","properties":{"numer":"385","klasa":"droga zbiorcza","kat":"wojewodzka"},"geometry":{"type":"LineString","coordinates":[[16.70314,50.58987],[16.70182,50.58883],[16.70001,50.58599],[16.69884,50.58513],[16.69807,50.58471],[16.69689,50.58423],[16.68801,50.5795],[16.68744,50.57914],[16.68611,50.57803],[16.68389,50.57685],[16.68269,50.5757],[16.68141,50.57473],[16.68084,50.57443],[16.67979,50.57417]]}},{"type":"Feature","properties":{"numer":"3150D","klasa":"","kat":"powiatowa"},"geometry":{"type":"LineString","coordinates":[[16.6522,50.59331],[16.65306,50.59317],[16.6539,50.59293],[16.65786,50.59158],[16.65881,50.59096],[16.66104,50.58866],[16.66361,50.58686],[16.66503,50.58616],[16.66763,50.58535],[16.66821,50.58507],[16.67131,50.58278],[16.67247,50.5817],[16.67405,50.58054],[16.67633,50.57911],[16.67725,50.57807],[16.67866,50.57543]]}},{"type":"Feature","properties":{"numer":"3150D","klasa":"","kat":"powiatowa"},"geometry":{"type":"LineString","coordinates":[[16.65216,50.59332],[16.6522,50.59331]]}},{"type":"Feature","properties":{"numer":"3153D","klasa":"","kat":"powiatowa"},"geometry":{"type":"LineString","coordinates":[[16.70314,50.58987],[16.70186,50.59145],[16.69974,50.59322],[16.6977,50.59545],[16.69627,50.59667],[16.69487,50.59763],[16.69257,50.59875],[16.68979,50.60068],[16.68685,50.60189],[16.68588,50.60214]]}},{"type":"Feature","properties":{"numer":"3150D","klasa":"","kat":"powiatowa"},"geometry":{"type":"LineString","coordinates":[[16.67515,50.61129],[16.67439,50.61055],[16.6725,50.60956],[16.67167,50.6089],[16.66938,50.606],[16.66879,50.60543],[16.66692,50.60426],[16.66577,50.60343],[16.66381,50.60232],[16.66029,50.5995],[16.65995,50.59939],[16.65883,50.59939],[16.65845,50.59928],[16.65575,50.59741],[16.65516,50.59668],[16.65316,50.59544],[16.65224,50.59467],[16.65156,50.59353],[16.65164,50.59331],[16.65216,50.59332]]}},{"type":"Feature","properties":{"numer":"3153D","klasa":"","kat":"powiatowa"},"geometry":{"type":"LineString","coordinates":[[16.68588,50.60214],[16.6839,50.60276],[16.68259,50.60358],[16.6823,50.60428],[16.68171,50.60517],[16.67832,50.60809],[16.67809,50.6086],[16.67818,50.60936],[16.67806,50.60963],[16.67625,50.61073],[16.67562,50.61094],[16.67515,50.61129]]}},{"type":"Feature","properties":{"numer":"385","klasa":"droga zbiorcza","kat":"wojewodzka"},"geometry":{"type":"LineString","coordinates":[[16.70432,50.59033],[16.70367,50.59014],[16.70314,50.58987]]}},{"type":"Feature","properties":{"numer":"385","klasa":"droga zbiorcza","kat":"wojewodzka"},"geometry":{"type":"LineString","coordinates":[[16.70432,50.59033],[16.7044,50.59035]]}},{"type":"Feature","properties":{"numer":"385","klasa":"droga zbiorcza","kat":"wojewodzka"},"geometry":{"type":"LineString","coordinates":[[16.73822,50.59955],[16.73504,50.59973],[16.73218,50.59924],[16.73062,50.59924],[16.72961,50.59907],[16.72617,50.59782],[16.72391,50.59714],[16.72109,50.59592],[16.71984,50.59547],[16.71828,50.59523],[16.717,50.59491],[16.71191,50.59414],[16.70945,50.59347],[16.70812,50.59288],[16.70576,50.59106],[16.70495,50.59055],[16.7044,50.59035]]}},{"type":"Feature","properties":{"numer":"385","klasa":"droga zbiorcza","kat":"wojewodzka"},"geometry":{"type":"LineString","coordinates":[[16.78602,50.59364],[16.7736,50.5975],[16.76226,50.59851],[16.75762,50.59907],[16.75637,50.59932],[16.75387,50.60015],[16.75295,50.60049],[16.7518,50.60111],[16.75094,50.60105],[16.7473,50.60034],[16.74575,50.60028],[16.74359,50.59994],[16.7405,50.59959],[16.73822,50.59955]]}},{"type":"Feature","properties":{"numer":"3006D","klasa":"droga zbiorcza","kat":"powiatowa"},"geometry":{"type":"LineString","coordinates":[[16.73822,50.59955],[16.73801,50.60029]]}},{"type":"Feature","properties":{"numer":"3006D","klasa":"droga zbiorcza","kat":"powiatowa"},"geometry":{"type":"LineString","coordinates":[[16.73801,50.60029],[16.73799,50.60034]]}},{"type":"Feature","properties":{"numer":"3006D","klasa":"droga zbiorcza","kat":"powiatowa"},"geometry":{"type":"LineString","coordinates":[[16.73799,50.60034],[16.73771,50.60103],[16.73749,50.60219]]}},{"type":"Feature","properties":{"numer":"3152D","klasa":"","kat":"powiatowa"},"geometry":{"type":"LineString","coordinates":[[16.73735,50.6079],[16.73753,50.60607],[16.73749,50.60219]]}},{"type":"Feature","properties":{"numer":"3006D","klasa":"droga zbiorcza","kat":"powiatowa"},"geometry":{"type":"LineString","coordinates":[[16.73749,50.60219],[16.73706,50.60251],[16.73482,50.60332],[16.7331,50.60441],[16.73184,50.60549],[16.73107,50.60588],[16.72626,50.6062],[16.72139,50.60718],[16.717,50.60729],[16.71344,50.60804],[16.71188,50.60823],[16.71163,50.60852],[16.71164,50.60935],[16.70936,50.60944],[16.70903,50.6096]]}},{"type":"Feature","properties":{"numer":"3152D","klasa":"","kat":"powiatowa"},"geometry":{"type":"LineString","coordinates":[[16.73734,50.60796],[16.73735,50.6079]]}},{"type":"Feature","properties":{"numer":"384","klasa":"droga zbiorcza","kat":"wojewodzka"},"geometry":{"type":"LineString","coordinates":[[16.58815,50.62324],[16.58972,50.62234],[16.59043,50.62206],[16.59098,50.62198],[16.59193,50.62249],[16.59275,50.62272],[16.59364,50.62287],[16.59454,50.62333],[16.5955,50.62344],[16.59616,50.62373],[16.59885,50.62402],[16.59903,50.62424],[16.59909,50.62452],[16.59951,50.62494],[16.59967,50.62524],[16.59984,50.62612],[16.60064,50.62747],[16.60037,50.6278],[16.59752,50.62943]]}},{"type":"Feature","properties":{"numer":"384","klasa":"droga zbiorcza","kat":"wojewodzka"},"geometry":{"type":"LineString","coordinates":[[16.59752,50.62943],[16.59746,50.62947]]}},{"type":"Feature","properties":{"numer":"384","klasa":"droga zbiorcza","kat":"wojewodzka"},"geometry":{"type":"LineString","coordinates":[[16.59746,50.62947],[16.59693,50.63048],[16.59621,50.63236],[16.59609,50.63299],[16.59631,50.63308],[16.59654,50.63301],[16.59689,50.63245],[16.59766,50.63173],[16.59801,50.63155],[16.59839,50.63155],[16.59864,50.63174],[16.59841,50.63282],[16.59846,50.63309],[16.59902,50.63345],[16.59966,50.63366]]}},{"type":"Feature","properties":{"numer":"384","klasa":"droga zbiorcza","kat":"wojewodzka"},"geometry":{"type":"LineString","coordinates":[[16.59966,50.63366],[16.59973,50.63365]]}},{"type":"Feature","properties":{"numer":"384","klasa":"droga zbiorcza","kat":"wojewodzka"},"geometry":{"type":"LineString","coordinates":[[16.59973,50.63365],[16.60014,50.63357],[16.60039,50.6336],[16.60056,50.63368],[16.60066,50.63389]]}},{"type":"Feature","properties":{"numer":"384","klasa":"droga zbiorcza","kat":"wojewodzka"},"geometry":{"type":"LineString","coordinates":[[16.60066,50.63389],[16.60068,50.63392]]}},{"type":"Feature","properties":{"numer":"384","klasa":"droga zbiorcza","kat":"wojewodzka"},"geometry":{"type":"LineString","coordinates":[[16.60068,50.63392],[16.60082,50.6341],[16.60124,50.63409]]}},{"type":"Feature","properties":{"numer":"384","klasa":"droga zbiorcza","kat":"wojewodzka"},"geometry":{"type":"LineString","coordinates":[[16.60124,50.63409],[16.60128,50.63408]]}},{"type":"Feature","properties":{"numer":"384","klasa":"droga zbiorcza","kat":"wojewodzka"},"geometry":{"type":"LineString","coordinates":[[16.60128,50.63408],[16.60181,50.63401],[16.60243,50.63427],[16.6034,50.63445],[16.60355,50.6346],[16.60349,50.63478]]}},{"type":"Feature","properties":{"numer":"3006D","klasa":"droga zbiorcza","kat":"powiatowa"},"geometry":{"type":"LineString","coordinates":[[16.70897,50.6097],[16.70903,50.6096]]}},{"type":"Feature","properties":{"numer":"3152D","klasa":"","kat":"powiatowa"},"geometry":{"type":"LineString","coordinates":[[16.73021,50.6276],[16.73022,50.627],[16.73044,50.62658],[16.73124,50.62601],[16.73238,50.62554],[16.73254,50.62521],[16.73253,50.62475],[16.73182,50.62402],[16.73253,50.62271],[16.73256,50.62236],[16.73152,50.61974],[16.73154,50.6195],[16.73325,50.61639],[16.73501,50.61167],[16.73628,50.61011],[16.73712,50.60867],[16.73734,50.60796]]}},{"type":"Feature","properties":{"numer":"3152D","klasa":"","kat":"powiatowa"},"geometry":{"type":"LineString","coordinates":[[16.73021,50.6276],[16.73022,50.62767]]}},{"type":"Feature","properties":{"numer":"3152D","klasa":"","kat":"powiatowa"},"geometry":{"type":"LineString","coordinates":[[16.73022,50.62767],[16.72967,50.6289],[16.72868,50.63035]]}},{"type":"Feature","properties":{"numer":"3029D","klasa":"droga zbiorcza","kat":"powiatowa"},"geometry":{"type":"LineString","coordinates":[[16.72882,50.63426],[16.72938,50.63404],[16.73053,50.63404],[16.73171,50.63333],[16.73602,50.63203],[16.73968,50.6311],[16.74442,50.62887],[16.74706,50.62807],[16.74852,50.62704],[16.74944,50.62494],[16.74962,50.62472],[16.75,50.62458],[16.75062,50.62467],[16.75251,50.62514],[16.75471,50.62626],[16.75592,50.62663],[16.75754,50.62729],[16.75836,50.62778],[16.75921,50.62844],[16.76171,50.63096],[16.76523,50.63218]]}},{"type":"Feature","properties":{"numer":"3152D","klasa":"","kat":"powiatowa"},"geometry":{"type":"LineString","coordinates":[[16.72868,50.63035],[16.72865,50.63038]]}},{"type":"Feature","properties":{"numer":"3152D","klasa":"","kat":"powiatowa"},"geometry":{"type":"LineString","coordinates":[[16.72865,50.63038],[16.72853,50.63095],[16.72865,50.63166],[16.72847,50.63277],[16.72859,50.63308],[16.72907,50.63346]]}},{"type":"Feature","properties":{"numer":"3152D","klasa":"","kat":"powiatowa"},"geometry":{"type":"LineString","coordinates":[[16.72907,50.63346],[16.72909,50.63349]]}},{"type":"Feature","properties":{"numer":"3152D","klasa":"","kat":"powiatowa"},"geometry":{"type":"LineString","coordinates":[[16.72909,50.63349],[16.72882,50.63426]]}},{"type":"Feature","properties":{"numer":"3029D","klasa":"droga zbiorcza","kat":"powiatowa"},"geometry":{"type":"LineString","coordinates":[[16.72765,50.6353],[16.72882,50.63426]]}},{"type":"Feature","properties":{"numer":"3150D","klasa":"","kat":"powiatowa"},"geometry":{"type":"LineString","coordinates":[[16.67538,50.61141],[16.67515,50.61129]]}},{"type":"Feature","properties":{"numer":"3006D","klasa":"droga zbiorcza","kat":"powiatowa"},"geometry":{"type":"LineString","coordinates":[[16.67549,50.61151],[16.67717,50.61249],[16.67806,50.61275],[16.68063,50.61274],[16.68314,50.61304],[16.6863,50.61286],[16.68936,50.61293],[16.69012,50.61281],[16.69338,50.6118],[16.69615,50.61169],[16.6985,50.61177],[16.70388,50.61067],[16.70567,50.61066],[16.70652,50.61052],[16.70693,50.61043],[16.70763,50.60995],[16.70876,50.60982],[16.70897,50.6097]]}},{"type":"Feature","properties":{"numer":"3150D","klasa":"","kat":"powiatowa"},"geometry":{"type":"LineString","coordinates":[[16.67544,50.61145],[16.67538,50.61141]]}},{"type":"Feature","properties":{"numer":"3150D","klasa":"","kat":"powiatowa"},"geometry":{"type":"LineString","coordinates":[[16.67549,50.61151],[16.67544,50.61145]]}},{"type":"Feature","properties":{"numer":"3006D","klasa":"droga zbiorcza","kat":"powiatowa"},"geometry":{"type":"LineString","coordinates":[[16.65553,50.62568],[16.65573,50.62556],[16.65625,50.62469],[16.65629,50.62402],[16.65692,50.62357],[16.65705,50.62338],[16.65757,50.62188],[16.65873,50.62087],[16.65995,50.62033],[16.66041,50.61997],[16.662,50.61899],[16.66275,50.61865],[16.66394,50.61774],[16.66566,50.61668],[16.66664,50.6164],[16.66791,50.61586],[16.66928,50.61559],[16.67044,50.61502],[16.67245,50.61422],[16.67315,50.61364],[16.67389,50.61333],[16.67437,50.613],[16.67513,50.61226],[16.67549,50.61151]]}},{"type":"Feature","properties":{"numer":"3006D","klasa":"droga zbiorcza","kat":"powiatowa"},"geometry":{"type":"LineString","coordinates":[[16.65544,50.62569],[16.65553,50.62568]]}},{"type":"Feature","properties":{"numer":"3006D","klasa":"droga zbiorcza","kat":"powiatowa"},"geometry":{"type":"LineString","coordinates":[[16.65086,50.6276],[16.65106,50.62737],[16.65199,50.62687],[16.65275,50.6262],[16.65378,50.62554],[16.65397,50.62552],[16.65465,50.6257],[16.65544,50.62569]]}},{"type":"Feature","properties":{"numer":"3006D","klasa":"droga zbiorcza","kat":"powiatowa"},"geometry":{"type":"LineString","coordinates":[[16.65084,50.62763],[16.65086,50.6276]]}},{"type":"Feature","properties":{"numer":"3006D","klasa":"droga zbiorcza","kat":"powiatowa"},"geometry":{"type":"LineString","coordinates":[[16.64427138915319,50.63438279733587],[16.64444,50.63433],[16.64583,50.63351],[16.6466,50.63294],[16.64675,50.63268],[16.64688,50.632],[16.64637,50.63132],[16.64648,50.63022],[16.64682,50.62995],[16.64796,50.6295],[16.64862,50.62893],[16.64954,50.62871],[16.65009,50.62844],[16.65049,50.62814],[16.65084,50.62763]]}},{"type":"Feature","properties":{"numer":"3008D","klasa":"","kat":"powiatowa"},"geometry":{"type":"LineString","coordinates":[[16.69088017644838,50.64301106246541],[16.69089,50.6414],[16.69241,50.64014],[16.69305,50.63944],[16.69297,50.63746],[16.69324,50.63724],[16.69526,50.63732],[16.6956,50.63728],[16.69615,50.63698],[16.6965,50.63643],[16.69813,50.63612]]}},{"type":"Feature","properties":{"numer":"3008D","klasa":"","kat":"powiatowa"},"geometry":{"type":"LineString","coordinates":[[16.72726,50.63517],[16.72576,50.63472]]}},{"type":"Feature","properties":{"numer":"3008D","klasa":"","kat":"powiatowa"},"geometry":{"type":"LineString","coordinates":[[16.72576,50.63472],[16.72259,50.63413],[16.71977,50.63389],[16.71766,50.63386],[16.71214,50.63395],[16.70981,50.63381],[16.70613,50.63395],[16.70372,50.6341],[16.70071,50.63457],[16.69789,50.63485],[16.69785,50.63496],[16.6982,50.63585],[16.69813,50.63612]]}},{"type":"Feature","properties":{"numer":"3008D","klasa":"","kat":"powiatowa"},"geometry":{"type":"LineString","coordinates":[[16.72733,50.63519],[16.72726,50.63517]]}},{"type":"Feature","properties":{"numer":"3008D","klasa":"","kat":"powiatowa"},"geometry":{"type":"LineString","coordinates":[[16.72765,50.6353],[16.72733,50.63519]]}},{"type":"Feature","properties":{"numer":"3029D","klasa":"droga zbiorcza","kat":"powiatowa"},"geometry":{"type":"LineString","coordinates":[[16.72455,50.64102],[16.72478,50.63914],[16.72496,50.63877],[16.72552,50.63816],[16.72636,50.63761],[16.72645,50.63741],[16.72641,50.637],[16.72664,50.6367],[16.72724,50.63628],[16.72765,50.6353]]}},{"type":"Feature","properties":{"numer":"3029D","klasa":"droga zbiorcza","kat":"powiatowa"},"geometry":{"type":"LineString","coordinates":[[16.72455,50.64102],[16.72455,50.64106]]}},{"type":"Feature","properties":{"numer":"3029D","klasa":"droga zbiorcza","kat":"powiatowa"},"geometry":{"type":"LineString","coordinates":[[16.72455,50.64106],[16.7246,50.64171],[16.72441,50.64208]]}},{"type":"Feature","properties":{"numer":"382","klasa":"droga gĹ‚Ăłwna","kat":"wojewodzka"},"geometry":{"type":"LineString","coordinates":[[16.7607,50.65107],[16.76135,50.65042],[16.76149,50.64989],[16.76,50.641],[16.76002,50.63982],[16.7604,50.63912],[16.76523,50.63218]]}},{"type":"Feature","properties":{"numer":"3029D","klasa":"droga zbiorcza","kat":"powiatowa"},"geometry":{"type":"LineString","coordinates":[[16.72441,50.64208],[16.72329,50.64218],[16.71607,50.64205],[16.71076,50.64263],[16.70866,50.64292],[16.70795,50.64307],[16.70711,50.64338],[16.70330364845035,50.64517528599167]]}},{"type":"Feature","properties":{"numer":"3151D","klasa":"","kat":"powiatowa"},"geometry":{"type":"LineString","coordinates":[[16.72441,50.64208],[16.72456,50.64235],[16.72465,50.64383],[16.72491,50.64427],[16.7252,50.64456],[16.72559,50.64485],[16.72616,50.64508],[16.7267,50.64542],[16.72784,50.64589],[16.72875,50.64659],[16.72953,50.64671],[16.73013,50.64718],[16.7308,50.64824],[16.7312,50.65034],[16.73108,50.65105],[16.73142,50.65199],[16.7322,50.65286],[16.73336,50.65325],[16.73367,50.65365],[16.73367,50.65392]]}},{"type":"Feature","properties":{"numer":"384","klasa":"droga zbiorcza","kat":"wojewodzka"},"geometry":{"type":"LineString","coordinates":[[16.60349,50.63478],[16.60349,50.63481]]}},{"type":"Feature","properties":{"numer":"384","klasa":"droga zbiorcza","kat":"wojewodzka"},"geometry":{"type":"LineString","coordinates":[[16.60349,50.63481],[16.60359,50.63502],[16.60379,50.63512],[16.604254453854082,50.635248743349024]]}},{"type":"Feature","properties":{"numer":"3151D","klasa":"","kat":"powiatowa"},"geometry":{"type":"LineString","coordinates":[[16.73367,50.65392],[16.73359,50.65431],[16.73365,50.65476],[16.73427,50.65625],[16.73453,50.65745],[16.73475,50.65753],[16.73663,50.6575],[16.73712,50.65756],[16.73806,50.65823],[16.73858,50.65884],[16.73973,50.65968],[16.74028,50.66075],[16.74038,50.66174],[16.74084,50.66294],[16.74083,50.66392],[16.741174211544664,50.664656230248305]]}},{"type":"Feature","properties":{"numer":"382","klasa":"droga gĹ‚Ăłwna","kat":"wojewodzka"},"geometry":{"type":"LineString","coordinates":[[16.74625869617798,50.66369430072309],[16.74915,50.66096],[16.75208,50.65911],[16.75484,50.65773],[16.75519,50.65736],[16.75554,50.65653],[16.75583,50.65614],[16.75902,50.65411],[16.75933,50.6537],[16.76008,50.65171],[16.7607,50.65107]]}},{"type":"Feature","properties":{"numer":"3154D","klasa":"","kat":"powiatowa"},"geometry":{"type":"LineString","coordinates":[[16.7864,50.59381],[16.78652,50.59705],[16.78638,50.60111],[16.78624,50.6013],[16.78509,50.60173],[16.78489,50.60193],[16.78584,50.60386],[16.78327,50.60552],[16.78212,50.60585],[16.7816,50.60655],[16.78185,50.60675]]}},{"type":"Feature","properties":{"numer":"8,E67","klasa":"droga gĹ‚Ăłwna ruchu przyĹ›pieszonego","kat":"gminna"},"geometry":{"type":"LineString","coordinates":[[16.80663,50.60099],[16.80708,50.60136]]}},{"type":"Feature","properties":{"numer":"8,E67","klasa":"droga gĹ‚Ăłwna ruchu przyĹ›pieszonego","kat":"gminna"},"geometry":{"type":"LineString","coordinates":[[16.80708,50.60136],[16.80713,50.60141]]}},{"type":"Feature","properties":{"numer":"3175D","klasa":"droga zbiorcza","kat":"powiatowa"},"geometry":{"type":"LineString","coordinates":[[16.81889,50.59925],[16.8193,50.60025],[16.82005,50.6027],[16.82033,50.60327],[16.82136,50.6048],[16.82405,50.60801],[16.82414,50.60847]]}},{"type":"Feature","properties":{"numer":"382","klasa":"droga gĹ‚Ăłwna","kat":"wojewodzka"},"geometry":{"type":"LineString","coordinates":[[16.80429,50.59999],[16.78656,50.60795],[16.78602,50.60828],[16.78452,50.60975]]}},{"type":"Feature","properties":{"numer":"8,E67","klasa":"droga gĹ‚Ăłwna ruchu przyĹ›pieszonego","kat":"gminna"},"geometry":{"type":"LineString","coordinates":[[16.80713,50.60141],[16.81035,50.60405],[16.81174,50.60489],[16.8128,50.60528],[16.82328,50.60814],[16.82414,50.60847]]}},{"type":"Feature","properties":{"numer":"3154D","klasa":"","kat":"powiatowa"},"geometry":{"type":"LineString","coordinates":[[16.78185,50.60675],[16.78198,50.60685]]}},{"type":"Feature","properties":{"numer":"3154D","klasa":"droga zbiorcza","kat":"powiatowa"},"geometry":{"type":"LineString","coordinates":[[16.78198,50.60685],[16.78209,50.60694]]}},{"type":"Feature","properties":{"numer":"3154D","klasa":"","kat":"powiatowa"},"geometry":{"type":"LineString","coordinates":[[16.78209,50.60694],[16.78271,50.60739],[16.78316,50.60789],[16.78418,50.60954]]}},{"type":"Feature","properties":{"numer":"3070D","klasa":"droga zbiorcza","kat":"powiatowa"},"geometry":{"type":"LineString","coordinates":[[16.81889,50.59925],[16.81974,50.59947],[16.82141,50.60009],[16.82259,50.60063],[16.82351,50.6013],[16.82435,50.60227],[16.82584,50.603],[16.827,50.60394],[16.83069,50.60481],[16.8329,50.60546],[16.83486,50.60661],[16.8356,50.60713],[16.83765,50.60918],[16.8456,50.61645],[16.84599,50.61673],[16.84727,50.61735],[16.84905,50.61854]]}},{"type":"Feature","properties":{"numer":"3154D","klasa":"droga zbiorcza","kat":"powiatowa"},"geometry":{"type":"LineString","coordinates":[[16.78418,50.60954],[16.78452,50.60975]]}},{"type":"Feature","properties":{"numer":"8,E67","klasa":"droga gĹ‚Ăłwna ruchu przyĹ›pieszonego","kat":"gminna"},"geometry":{"type":"LineString","coordinates":[[16.82414,50.60847],[16.82497,50.60896],[16.82572,50.60973],[16.82602,50.61034],[16.82652,50.61184],[16.82707,50.61291]]}},{"type":"Feature","properties":{"numer":"3161D","klasa":"droga zbiorcza","kat":"powiatowa"},"geometry":{"type":"LineString","coordinates":[[16.82707,50.61291],[16.8195,50.61405],[16.81813,50.61419],[16.81745,50.61446],[16.81681,50.61502]]}},{"type":"Feature","properties":{"numer":"3161D","klasa":"droga zbiorcza","kat":"powiatowa"},"geometry":{"type":"LineString","coordinates":[[16.81681,50.61502],[16.81676,50.61504]]}},{"type":"Feature","properties":{"numer":"8,E67","klasa":"droga gĹ‚Ăłwna ruchu przyĹ›pieszonego","kat":"gminna"},"geometry":{"type":"LineString","coordinates":[[16.82707,50.61291],[16.82746,50.61367],[16.82764,50.6143],[16.82813,50.61776],[16.82799,50.62033]]}},{"type":"Feature","properties":{"numer":"3161D","klasa":"droga zbiorcza","kat":"powiatowa"},"geometry":{"type":"LineString","coordinates":[[16.81676,50.61504],[16.8163,50.61521],[16.81528,50.61585],[16.81393,50.61698],[16.81263,50.6178],[16.81089,50.61854],[16.80855,50.61928],[16.80692,50.62075],[16.80563,50.62233]]}},{"type":"Feature","properties":{"numer":"3165D","klasa":"","kat":"powiatowa"},"geometry":{"type":"LineString","coordinates":[[16.84728,50.61966],[16.84295,50.61952],[16.83827,50.61964],[16.83041,50.62008],[16.82799,50.62033]]}},{"type":"Feature","properties":{"numer":"382","klasa":"droga gĹ‚Ăłwna","kat":"wojewodzka"},"geometry":{"type":"LineString","coordinates":[[16.78452,50.60975],[16.77268,50.6215],[16.76523,50.63218]]}},{"type":"Feature","properties":{"numer":"118420D,3161D","klasa":"droga zbiorcza","kat":"powiatowa"},"geometry":{"type":"LineString","coordinates":[[16.80563,50.62233],[16.80406,50.62279]]}},{"type":"Feature","properties":{"numer":"8,E67","klasa":"droga gĹ‚Ăłwna ruchu przyĹ›pieszonego","kat":"gminna"},"geometry":{"type":"LineString","coordinates":[[16.82799,50.62033],[16.82815,50.62511],[16.82801,50.62662],[16.82764,50.62795],[16.82789,50.62949],[16.82751,50.63072],[16.82741,50.63292]]}},{"type":"Feature","properties":{"numer":"3174D","klasa":"droga zbiorcza","kat":"powiatowa"},"geometry":{"type":"LineString","coordinates":[[16.9323,50.61503],[16.93237,50.61506]]}},{"type":"Feature","properties":{"numer":"3174D","klasa":"droga zbiorcza","kat":"powiatowa"},"geometry":{"type":"LineString","coordinates":[[16.90205,50.61581],[16.90234,50.61567]]}},{"type":"Feature","properties":{"numer":"3173D","klasa":"","kat":"powiatowa"},"geometry":{"type":"LineString","coordinates":[[16.90234,50.61567],[16.90237,50.61592]]}},{"type":"Feature","properties":{"numer":"3173D","klasa":"","kat":"powiatowa"},"geometry":{"type":"LineString","coordinates":[[16.90205,50.61581],[16.90237,50.61592]]}},{"type":"Feature","properties":{"numer":"3174D","klasa":"droga zbiorcza","kat":"powiatowa"},"geometry":{"type":"LineString","coordinates":[[16.93237,50.61506],[16.93284,50.61536],[16.93358,50.616],[16.93463,50.61668],[16.93537,50.61688],[16.93646,50.61701],[16.93714,50.61694]]}},{"type":"Feature","properties":{"numer":"3174D","klasa":"droga zbiorcza","kat":"powiatowa"},"geometry":{"type":"LineString","coordinates":[[16.93725,50.61692],[16.93714,50.61694]]}},{"type":"Feature","properties":{"numer":"3174D","klasa":"droga zbiorcza","kat":"powiatowa"},"geometry":{"type":"LineString","coordinates":[[16.93725,50.61692],[16.93756,50.61692],[16.93818,50.61711],[16.93926,50.61725],[16.94045,50.61725],[16.94107,50.61718],[16.94192,50.61731],[16.94428,50.61737],[16.94473,50.61747],[16.94581,50.61789]]}},{"type":"Feature","properties":{"numer":"3174D","klasa":"droga zbiorcza","kat":"powiatowa"},"geometry":{"type":"LineString","coordinates":[[16.94588,50.61789],[16.94581,50.61789]]}},{"type":"Feature","properties":{"numer":"3173D","klasa":"","kat":"powiatowa"},"geometry":{"type":"LineString","coordinates":[[16.88566,50.63798],[16.89074,50.63717],[16.89092,50.63693],[16.89075,50.63603],[16.89085,50.63584],[16.89105,50.63573],[16.8939,50.63549],[16.89468,50.63535],[16.89668,50.63483],[16.89825,50.63468],[16.90411,50.63164],[16.90422,50.63128],[16.90405,50.62888],[16.90447,50.62633],[16.90316,50.62351],[16.90292,50.62278],[16.90262,50.62037],[16.90256,50.61667],[16.90237,50.61592]]}},{"type":"Feature","properties":{"numer":"3172D","klasa":"","kat":"powiatowa"},"geometry":{"type":"LineString","coordinates":[[16.89119,50.64441],[16.89392,50.64365],[16.89776,50.64291],[16.89798,50.64274],[16.89832,50.64191],[16.89859,50.64163],[16.90012,50.64091],[16.90099,50.64066],[16.90188,50.64069],[16.90375,50.64059],[16.90498,50.6404],[16.90803,50.64045],[16.90917,50.6404],[16.90952,50.64045],[16.91017,50.64074],[16.91096,50.6409],[16.91275,50.64107],[16.91409,50.64129],[16.91453,50.64128],[16.91919,50.64027],[16.92138,50.63994],[16.92187,50.63961],[16.92262,50.63873],[16.92289,50.63855],[16.92442,50.63848],[16.92497,50.63837],[16.92691,50.63769],[16.93045,50.6375],[16.94465,50.64071],[16.94835,50.6419],[16.94983,50.64258],[16.95167,50.6442],[16.9519,50.64452],[16.95216,50.64589],[16.9525,50.64629],[16.95345,50.64677],[16.9564,50.64779],[16.95838,50.64874]]}},{"type":"Feature","properties":{"numer":"3164D","klasa":"","kat":"powiatowa"},"geometry":{"type":"LineString","coordinates":[[16.83409,50.63576],[16.83677,50.63465],[16.83606,50.63387],[16.83602,50.63368],[16.83694,50.63297],[16.8371,50.6326],[16.83715,50.63203],[16.83775,50.6312],[16.84251,50.62693],[16.84735,50.62289]]}},{"type":"Feature","properties":{"numer":"3164D","klasa":"","kat":"powiatowa"},"geometry":{"type":"LineString","coordinates":[[16.82741,50.63292],[16.82963,50.63358],[16.83038,50.63394],[16.83145,50.634],[16.83207,50.63394],[16.83327,50.63513],[16.83409,50.63576]]}},{"type":"Feature","properties":{"numer":"3161D","klasa":"droga zbiorcza","kat":"powiatowa"},"geometry":{"type":"LineString","coordinates":[[16.80406,50.62279],[16.79562,50.62687],[16.795,50.62746],[16.79187,50.63106],[16.79166,50.63154],[16.79152,50.63236],[16.79145,50.63521],[16.79056,50.63657],[16.79044,50.63758],[16.78981,50.63977],[16.7876,50.64323],[16.78736,50.64381],[16.78728,50.64526],[16.78738,50.64618],[16.78789,50.6472],[16.78796,50.64824],[16.78817,50.64856]]}},{"type":"Feature","properties":{"numer":"3164D","klasa":"","kat":"powiatowa"},"geometry":{"type":"LineString","coordinates":[[16.84417,50.63915],[16.83551,50.63666],[16.83513,50.6365],[16.83409,50.63576]]}},{"type":"Feature","properties":{"numer":"8,E67","klasa":"droga gĹ‚Ăłwna ruchu przyĹ›pieszonego","kat":"gminna"},"geometry":{"type":"LineString","coordinates":[[16.82741,50.63292],[16.82716,50.63415],[16.82638,50.63544],[16.82526,50.63808],[16.82525,50.63968],[16.82502,50.64195],[16.82527,50.64287],[16.82619,50.64418],[16.82644,50.64472],[16.82693,50.64773],[16.82691,50.64892],[16.82712,50.65056],[16.82734,50.65129],[16.82781,50.65229]]}},{"type":"Feature","properties":{"numer":"3162D","klasa":"","kat":"powiatowa"},"geometry":{"type":"LineString","coordinates":[[16.7607,50.65107],[16.76127,50.65102],[16.76334,50.65056],[16.76528,50.64985],[16.77074,50.64819],[16.77226,50.64748],[16.77285,50.64735],[16.77489,50.64728],[16.77561,50.64736],[16.78038,50.64865],[16.78228,50.64902],[16.78733,50.64917],[16.78783,50.64894],[16.78817,50.64856]]}},{"type":"Feature","properties":{"numer":"3163D","klasa":"droga zbiorcza","kat":"powiatowa"},"geometry":{"type":"LineString","coordinates":[[16.84058,50.65944],[16.84141,50.65792],[16.84104,50.65723],[16.84158,50.65539],[16.84135,50.65374],[16.84348,50.65082],[16.84358,50.65051],[16.84354,50.65026],[16.84248,50.64866],[16.84235,50.64795],[16.84177,50.64683],[16.84101,50.64328],[16.84132,50.6426],[16.84271,50.6414],[16.84417,50.63915]]}},{"type":"Feature","properties":{"numer":"3161D,3162D","klasa":"droga zbiorcza","kat":"powiatowa"},"geometry":{"type":"LineString","coordinates":[[16.78817,50.64856],[16.78884,50.6492],[16.78908,50.64977],[16.78914,50.65029],[16.78899,50.6515]]}},{"type":"Feature","properties":{"numer":"3162D","klasa":"","kat":"powiatowa"},"geometry":{"type":"LineString","coordinates":[[16.81821,50.65399],[16.81853,50.65399],[16.81905,50.65418],[16.81938,50.65419],[16.8208,50.65381],[16.82214,50.65331],[16.82781,50.65229]]}},{"type":"Feature","properties":{"numer":"3162D","klasa":"","kat":"powiatowa"},"geometry":{"type":"LineString","coordinates":[[16.78899,50.6515],[16.79094,50.65188],[16.79184,50.65222],[16.7925,50.65258],[16.79315,50.65313],[16.79384,50.65414],[16.7949,50.655],[16.79576,50.6561],[16.79596,50.65618],[16.799,50.65611],[16.79993,50.65595],[16.80145,50.65599],[16.80288,50.65589],[16.80464,50.65605],[16.8078,50.65581],[16.8098,50.65577],[16.81177,50.65564],[16.81407,50.65532],[16.81589,50.65488],[16.81654,50.65452],[16.81816,50.654]]}},{"type":"Feature","properties":{"numer":"3163D","klasa":"droga zbiorcza","kat":"powiatowa"},"geometry":{"type":"LineString","coordinates":[[16.84735,50.62289],[16.85098,50.62011]]}},{"type":"Feature","properties":{"numer":"3070D","klasa":"droga zbiorcza","kat":"powiatowa"},"geometry":{"type":"LineString","coordinates":[[16.85098,50.62011],[16.85191,50.62064],[16.85474,50.62189],[16.85546,50.62251],[16.85621,50.62263],[16.8582,50.62268],[16.85824,50.62377],[16.86014,50.62673],[16.86053,50.62697],[16.86372,50.62688],[16.86896,50.62689],[16.87186,50.62749],[16.87272,50.62781],[16.87986,50.63273],[16.88381,50.63458],[16.88401,50.63479],[16.88566,50.63798]]}},{"type":"Feature","properties":{"numer":"3163D","klasa":"droga zbiorcza","kat":"powiatowa"},"geometry":{"type":"LineString","coordinates":[[16.84417,50.63915],[16.84766,50.63389],[16.84781,50.63355],[16.84786,50.6304],[16.84814,50.62686],[16.84792,50.62469],[16.84735,50.62289]]}},{"type":"Feature","properties":{"numer":"3070D","klasa":"droga zbiorcza","kat":"powiatowa"},"geometry":{"type":"LineString","coordinates":[[16.88566,50.63798],[16.88669,50.64023]]}},{"type":"Feature","properties":{"numer":"3070D","klasa":"droga zbiorcza","kat":"powiatowa"},"geometry":{"type":"LineString","coordinates":[[16.88669,50.64023],[16.88723,50.64113],[16.89119,50.64441]]}},{"type":"Feature","properties":{"numer":"3166D","klasa":"","kat":"powiatowa"},"geometry":{"type":"LineString","coordinates":[[16.84417,50.63915],[16.84606,50.64003],[16.84789,50.641],[16.85171,50.6455],[16.85202,50.64574],[16.85665,50.64691],[16.85728,50.6468],[16.85841,50.6461],[16.85978,50.64566],[16.86028,50.6457],[16.86128,50.64621],[16.86158,50.64628]]}},{"type":"Feature","properties":{"numer":"3048D","klasa":"","kat":"powiatowa"},"geometry":{"type":"LineString","coordinates":[[16.88669,50.64023],[16.88618,50.64057],[16.88563,50.64136],[16.88473,50.64311],[16.88416,50.64362],[16.88306,50.6449],[16.88261,50.64522],[16.88101,50.64585],[16.88064,50.64608],[16.88035,50.6464],[16.87991,50.64733],[16.87888,50.64835],[16.87835,50.65005],[16.8774,50.65151],[16.87573,50.65364],[16.87592,50.65429],[16.8765,50.65501]]}},{"type":"Feature","properties":{"numer":"3048D","klasa":"","kat":"powiatowa"},"geometry":{"type":"LineString","coordinates":[[16.8765,50.65501],[16.877,50.65566],[16.87789,50.65591],[16.8785,50.65619],[16.8849,50.6607],[16.88675,50.66174],[16.89066,50.6636],[16.89245,50.66425],[16.8939,50.66461],[16.89469,50.66471],[16.89519,50.66474],[16.89556,50.66464]]}},{"type":"Feature","properties":{"numer":"3167D","klasa":"","kat":"powiatowa"},"geometry":{"type":"LineString","coordinates":[[16.85768,50.66543],[16.85962,50.66437],[16.86061,50.664],[16.86172,50.66342],[16.86452,50.66087],[16.86577,50.6603],[16.86934,50.65837],[16.87038,50.65641],[16.87136,50.65532],[16.87167,50.65535],[16.87287,50.65641],[16.87316,50.65653],[16.87329,50.65649],[16.87358,50.65577],[16.8738,50.65556],[16.87462,50.65528],[16.87574,50.65525],[16.8765,50.65501]]}},{"type":"Feature","properties":{"numer":"3167D","klasa":"","kat":"powiatowa"},"geometry":{"type":"LineString","coordinates":[[16.84058,50.65944],[16.84763,50.66326],[16.84922,50.66395],[16.85074,50.66442],[16.85398,50.6652],[16.85572,50.66573],[16.85602,50.66574],[16.85763,50.66544]]}},{"type":"Feature","properties":{"numer":"3162D","klasa":"","kat":"powiatowa"},"geometry":{"type":"LineString","coordinates":[[16.81816,50.654],[16.81821,50.65399]]}},{"type":"Feature","properties":{"numer":"3161D","klasa":"droga zbiorcza","kat":"powiatowa"},"geometry":{"type":"LineString","coordinates":[[16.78899,50.6515],[16.78865,50.65334],[16.7839,50.66015],[16.78379,50.66068],[16.78377,50.66195],[16.78259,50.6668]]}},{"type":"Feature","properties":{"numer":"8,E67","klasa":"droga gĹ‚Ăłwna ruchu przyĹ›pieszonego","kat":"gminna"},"geometry":{"type":"LineString","coordinates":[[16.82781,50.65229],[16.82851,50.65396],[16.82855,50.65619],[16.82784,50.66061],[16.82652,50.66398],[16.82649,50.66503],[16.82682,50.66579],[16.82745,50.66646],[16.83008,50.66812],[16.83071,50.66863],[16.83129,50.66944],[16.83143,50.67024]]}},{"type":"Feature","properties":{"numer":"3163D","klasa":"droga zbiorcza","kat":"powiatowa"},"geometry":{"type":"LineString","coordinates":[[16.83143,50.67024],[16.83202,50.67024],[16.83298,50.66883],[16.836,50.66864],[16.83669,50.66852],[16.83663,50.66789],[16.83672,50.66745],[16.837,50.66702],[16.83851,50.6654],[16.83842,50.66506],[16.83844,50.66397],[16.83895,50.66324],[16.8391,50.66195],[16.84058,50.65944]]}},{"type":"Feature","properties":{"numer":"118060D","klasa":"droga lokalna","kat":"powiatowa"},"geometry":{"type":"LineString","coordinates":[[16.782574781671336,50.666860623833855],[16.78259,50.6668]]}},{"type":"Feature","properties":{"numer":"3070D","klasa":"droga zbiorcza","kat":"powiatowa"},"geometry":{"type":"LineString","coordinates":[[16.89119,50.64441],[16.89866,50.65068],[16.89937,50.65174],[16.90197,50.65704],[16.90252,50.65786],[16.91518,50.66902],[16.91712,50.67044],[16.91779,50.67083]]}},{"type":"Feature","properties":{"numer":"3048D","klasa":"","kat":"powiatowa"},"geometry":{"type":"LineString","coordinates":[[16.89556,50.66464],[16.8956,50.66462]]}},{"type":"Feature","properties":{"numer":"3171D","klasa":"","kat":"powiatowa"},"geometry":{"type":"LineString","coordinates":[[16.91779,50.67083],[16.91969,50.66974],[16.92216,50.66884],[16.92352,50.66814],[16.92902,50.66668],[16.93178,50.6657],[16.93314,50.66565],[16.93369,50.66571],[16.93594,50.66646],[16.9375,50.66676],[16.94093,50.6667],[16.9429,50.66641]]}},{"type":"Feature","properties":{"numer":"3203D","klasa":"","kat":"powiatowa"},"geometry":{"type":"LineString","coordinates":[[16.94693,50.67193],[16.9452,50.66638],[16.94505,50.6663],[16.94487,50.66632],[16.94414,50.66691],[16.94382,50.66704],[16.94336,50.66711],[16.9431,50.66709],[16.94295,50.667],[16.9429,50.66641]]}},{"type":"Feature","properties":{"numer":"3048D","klasa":"","kat":"powiatowa"},"geometry":{"type":"LineString","coordinates":[[16.8956,50.66462],[16.89609,50.66442],[16.89681,50.66452],[16.8985,50.66517],[16.89971,50.66604],[16.90081,50.66737],[16.90169,50.66802],[16.90193,50.66905],[16.9014,50.67055],[16.90148,50.67218],[16.90178,50.6729],[16.90244,50.67364],[16.90301,50.67393],[16.90461,50.67452],[16.90568,50.6753],[16.90627,50.67545],[16.90806,50.67564]]}},{"type":"Feature","properties":{"numer":"3070D","klasa":"droga zbiorcza","kat":"powiatowa"},"geometry":{"type":"LineString","coordinates":[[16.91779,50.67083],[16.93814,50.67396]]}},{"type":"Feature","properties":{"numer":"3170D","klasa":"","kat":"powiatowa"},"geometry":{"type":"LineString","coordinates":[[16.93814,50.67396],[16.94509,50.67215],[16.94693,50.67193]]}},{"type":"Feature","properties":{"numer":"3004D","klasa":"droga zbiorcza","kat":"powiatowa"},"geometry":{"type":"LineString","coordinates":[[16.90954,50.67553],[16.91021,50.67516],[16.91108,50.67485],[16.91779,50.67083]]}},{"type":"Feature","properties":{"numer":"3004D,3048D","klasa":"droga zbiorcza","kat":"powiatowa"},"geometry":{"type":"LineString","coordinates":[[16.90806,50.67564],[16.90954,50.67553]]}},{"type":"Feature","properties":{"numer":"3048D","klasa":"","kat":"powiatowa"},"geometry":{"type":"LineString","coordinates":[[16.90954,50.67553],[16.91129,50.67643],[16.9132,50.67719],[16.91393,50.67769],[16.91524,50.6789],[16.9154,50.67973],[16.91581,50.68052],[16.91579,50.68118],[16.91544,50.68259],[16.91448,50.68333],[16.91425,50.68365],[16.91435,50.68379],[16.91534,50.68439]]}},{"type":"Feature","properties":{"numer":"8,E67","klasa":"droga gĹ‚Ăłwna","kat":"gminna"},"geometry":{"type":"LineString","coordinates":[[16.83143,50.67024],[16.831389260061663,50.67045328555954]]}},{"type":"Feature","properties":{"numer":"3167D","klasa":"","kat":"powiatowa"},"geometry":{"type":"LineString","coordinates":[[16.85763,50.66544],[16.85768,50.66543]]}},{"type":"Feature","properties":{"numer":"3004D","klasa":"droga zbiorcza","kat":"powiatowa"},"geometry":{"type":"LineString","coordinates":[[16.872564206376417,50.68062809393212],[16.87369,50.68087],[16.8741,50.68088],[16.87539,50.68047],[16.87795,50.68001],[16.87938,50.67952],[16.88033,50.67911],[16.8813,50.67881],[16.8833,50.67865],[16.88939,50.6776],[16.89017,50.6776],[16.89336,50.67782],[16.89879,50.67859],[16.90519,50.67697],[16.90599,50.67666],[16.90702,50.67606],[16.90791,50.67589],[16.90806,50.67564]]}},{"type":"Feature","properties":{"numer":"118122D,3048D","klasa":"droga zbiorcza","kat":"powiatowa"},"geometry":{"type":"LineString","coordinates":[[16.91534,50.68439],[16.91498,50.68539],[16.91509,50.68609]]}},{"type":"Feature","properties":{"numer":"3048D","klasa":"","kat":"powiatowa"},"geometry":{"type":"LineString","coordinates":[[16.91509,50.68609],[16.91677,50.68851],[16.91838,50.69027],[16.91845,50.69059],[16.91832,50.69167]]}},{"type":"Feature","properties":{"numer":"3048D","klasa":"","kat":"powiatowa"},"geometry":{"type":"LineString","coordinates":[[16.91832,50.69167],[16.91832,50.69171]]}},{"type":"Feature","properties":{"numer":"3048D","klasa":"","kat":"powiatowa"},"geometry":{"type":"LineString","coordinates":[[16.91832,50.69171],[16.91829,50.692]]}},{"type":"Feature","properties":{"numer":"3048D","klasa":"","kat":"powiatowa"},"geometry":{"type":"LineString","coordinates":[[16.91829,50.692],[16.91829,50.69213]]}},{"type":"Feature","properties":{"numer":"3048D","klasa":"","kat":"powiatowa"},"geometry":{"type":"LineString","coordinates":[[16.91829,50.69213],[16.91832,50.69468],[16.91773,50.6998]]}},{"type":"Feature","properties":{"numer":"3168D","klasa":"","kat":"powiatowa"},"geometry":{"type":"LineString","coordinates":[[16.89646,50.69836],[16.89647,50.69836]]}},{"type":"Feature","properties":{"numer":"3168D","klasa":"","kat":"powiatowa"},"geometry":{"type":"LineString","coordinates":[[16.89646,50.69836],[16.9013,50.70116],[16.90206,50.70147],[16.90268,50.70157],[16.90339,50.70152],[16.90537,50.70118],[16.90997,50.7002],[16.91059,50.7002],[16.91198,50.70038],[16.91611,50.69979],[16.91773,50.6998]]}},{"type":"Feature","properties":{"numer":"3048D","klasa":"","kat":"powiatowa"},"geometry":{"type":"LineString","coordinates":[[16.91773,50.6998],[16.91824,50.7004],[16.91848,50.70208]]}},{"type":"Feature","properties":{"numer":"3086D","klasa":"","kat":"powiatowa"},"geometry":{"type":"LineString","coordinates":[[16.92037,50.70134],[16.92041,50.70133]]}},{"type":"Feature","properties":{"numer":"3086D","klasa":"","kat":"powiatowa"},"geometry":{"type":"LineString","coordinates":[[16.91848,50.70208],[16.91918,50.70184],[16.91982,50.70172],[16.92037,50.70134]]}},{"type":"Feature","properties":{"numer":"3086D","klasa":"","kat":"powiatowa"},"geometry":{"type":"LineString","coordinates":[[16.92041,50.70133],[16.9209,50.70113],[16.92164,50.70041],[16.92359,50.69947],[16.92447,50.6982],[16.9248,50.69796],[16.92545,50.69789],[16.92627,50.69801],[16.92742,50.69822],[16.92835,50.69859],[16.93003,50.70085],[16.93173,50.7073]]}},{"type":"Feature","properties":{"numer":"3204D","klasa":"","kat":"powiatowa"},"geometry":{"type":"LineString","coordinates":[[16.931597368225955,50.707615291322504],[16.93173,50.7073]]}},{"type":"Feature","properties":{"numer":"3048D","klasa":"","kat":"powiatowa"},"geometry":{"type":"LineString","coordinates":[[16.91848,50.70208],[16.91854,50.70242],[16.91887,50.70281],[16.91892,50.70299],[16.91844,50.70366],[16.91823,50.70473],[16.91804,50.70527],[16.91765,50.70578],[16.91744,50.70676],[16.91781,50.70883],[16.91766,50.70928],[16.9168,50.71071],[16.91514,50.71312],[16.91511098240956,50.715905688682376]]}},{"type":"Feature","properties":{"numer":"3168D","klasa":"","kat":"powiatowa"},"geometry":{"type":"LineString","coordinates":[[16.89012,50.69969],[16.89228,50.6988],[16.89314,50.69852],[16.89556,50.69818],[16.89615,50.69821],[16.89646,50.69836]]}},{"type":"Feature","properties":{"numer":"396","klasa":"droga gĹ‚Ăłwna","kat":"wojewodzka"},"geometry":{"type":"LineString","coordinates":[[17.01605,50.66499],[17.01605,50.66494]]}},{"type":"Feature","properties":{"numer":"396","klasa":"droga gĹ‚Ăłwna","kat":"wojewodzka"},"geometry":{"type":"LineString","coordinates":[[17.01844,50.67194],[17.01704,50.67027],[17.01601,50.66767],[17.01605,50.66499]]}}]}