{"type":"FeatureCollection","features":[{"type":"Feature","properties":{"numer":"328","klasa":"droga gĹ‚Ăłwna","kat":"wojewodzka"},"geometry":{"type":"LineString","coordinates":[[15.94098,50.92274],[15.94083,50.92195],[15.940935849172286,50.92153474555488]]}},{"type":"Feature","properties":{"numer":"328","klasa":"droga gĹ‚Ăłwna","kat":"wojewodzka"},"geometry":{"type":"LineString","coordinates":[[15.940999791976227,50.922799375928676],[15.94098,50.92274]]}},{"type":"Feature","properties":{"numer":"328","klasa":"droga gĹ‚Ăłwna","kat":"wojewodzka"},"geometry":{"type":"LineString","coordinates":[[15.941216768302121,50.92368134963628],[15.94134,50.92424],[15.94083,50.926],[15.94101,50.92716],[15.94091,50.92741],[15.94061,50.9277],[15.93814,50.92976],[15.93742,50.93006],[15.93609,50.93025],[15.93564,50.9304],[15.93065,50.93414],[15.92986,50.93448],[15.92883,50.93469]]}},{"type":"Feature","properties":{"numer":"328","klasa":"droga gĹ‚Ăłwna","kat":"wojewodzka"},"geometry":{"type":"LineString","coordinates":[[15.92871,50.93471],[15.92883,50.93469]]}},{"type":"Feature","properties":{"numer":"365","klasa":"droga zbiorcza","kat":"wojewodzka"},"geometry":{"type":"LineString","coordinates":[[15.82884,50.96639],[15.82872,50.9659],[15.82874,50.96522],[15.82931,50.96335],[15.82914,50.96289],[15.82873,50.96253],[15.82783,50.96199],[15.82531,50.96124],[15.8241,50.96062]]}},{"type":"Feature","properties":{"numer":"2605D","klasa":"","kat":"powiatowa"},"geometry":{"type":"LineString","coordinates":[[15.82861,50.96654],[15.82884,50.96639]]}},{"type":"Feature","properties":{"numer":"328","klasa":"droga gĹ‚Ăłwna","kat":"wojewodzka"},"geometry":{"type":"LineString","coordinates":[[15.92871,50.93471],[15.92849,50.93484],[15.92777,50.9357],[15.92509,50.93695],[15.92465,50.93783],[15.92391,50.93867],[15.92384,50.93908],[15.92427,50.93992],[15.92398,50.9419],[15.92455,50.94314]]}},{"type":"Feature","properties":{"numer":"328","klasa":"droga gĹ‚Ăłwna","kat":"wojewodzka"},"geometry":{"type":"LineString","coordinates":[[15.92455,50.94314],[15.92464,50.94323]]}},{"type":"Feature","properties":{"numer":"328","klasa":"droga gĹ‚Ăłwna","kat":"wojewodzka"},"geometry":{"type":"LineString","coordinates":[[15.92464,50.94323],[15.92509,50.94388],[15.92535,50.9448],[15.92531,50.94513],[15.92474,50.9462],[15.92419,50.94827],[15.92391,50.94847],[15.92294,50.9488],[15.92268,50.94906],[15.92263,50.94932],[15.92291,50.95011],[15.92293,50.95052],[15.92274,50.95091],[15.9216,50.95222]]}},{"type":"Feature","properties":{"numer":"328","klasa":"droga gĹ‚Ăłwna","kat":"wojewodzka"},"geometry":{"type":"LineString","coordinates":[[15.9216,50.95222],[15.92153,50.9523]]}},{"type":"Feature","properties":{"numer":"328","klasa":"droga gĹ‚Ăłwna","kat":"wojewodzka"},"geometry":{"type":"LineString","coordinates":[[15.92153,50.9523],[15.92065,50.95331],[15.92039,50.95381],[15.92028,50.95433],[15.92054,50.95559],[15.92044,50.95599],[15.92013,50.95655],[15.91983,50.95685],[15.91868,50.95746],[15.91827,50.95841],[15.91702,50.95925],[15.91609,50.96086],[15.91538,50.96178]]}},{"type":"Feature","properties":{"numer":"2607D","klasa":"","kat":"powiatowa"},"geometry":{"type":"LineString","coordinates":[[15.85958,50.95935],[15.85966,50.95935]]}},{"type":"Feature","properties":{"numer":"2607D","klasa":"","kat":"powiatowa"},"geometry":{"type":"LineString","coordinates":[[15.85966,50.95935],[15.86036,50.95939],[15.86266,50.9601],[15.86322,50.96017],[15.86552,50.96001],[15.86647,50.96006],[15.86735,50.95995],[15.86786,50.95997],[15.87016,50.96039],[15.87073,50.96071],[15.87136,50.96063],[15.87231,50.96074],[15.87271,50.96089],[15.87294,50.96111]]}},{"type":"Feature","properties":{"numer":"2607D","klasa":"","kat":"powiatowa"},"geometry":{"type":"LineString","coordinates":[[15.87294,50.96111],[15.87303,50.96119]]}},{"type":"Feature","properties":{"numer":"2607D","klasa":"","kat":"powiatowa"},"geometry":{"type":"LineString","coordinates":[[15.8852,50.9616],[15.88528,50.96156]]}},{"type":"Feature","properties":{"numer":"2607D","klasa":"","kat":"powiatowa"},"geometry":{"type":"LineString","coordinates":[[15.87303,50.96119],[15.8739,50.96163],[15.87447,50.96181],[15.87724,50.96213],[15.88073,50.96193],[15.88422,50.96186],[15.8852,50.9616]]}},{"type":"Feature","properties":{"numer":"365","klasa":"droga gĹ‚Ăłwna","kat":"wojewodzka"},"geometry":{"type":"LineString","coordinates":[[15.82291,50.95608],[15.822883692753624,50.956011601159425]]}},{"type":"Feature","properties":{"numer":"2607D","klasa":"","kat":"powiatowa"},"geometry":{"type":"LineString","coordinates":[[15.85958,50.95935],[15.85899,50.95935],[15.8584,50.95912],[15.85654,50.95792],[15.85631,50.95748],[15.85597,50.95717],[15.85471,50.95686],[15.85421,50.95663],[15.85387,50.95627],[15.85243,50.95593],[15.85152,50.95546],[15.8501,50.95525],[15.84614,50.95433],[15.84224,50.95428],[15.84088,50.95462],[15.83822,50.95508],[15.83487,50.95601],[15.83333,50.95708],[15.83259,50.95785],[15.832,50.95823],[15.83089,50.95865],[15.8283,50.95945],[15.82523,50.96003],[15.8241,50.96062]]}},{"type":"Feature","properties":{"numer":"365","klasa":"droga zbiorcza","kat":"wojewodzka"},"geometry":{"type":"LineString","coordinates":[[15.8241,50.96062],[15.8222,50.95991],[15.82186,50.9595],[15.8224,50.95718],[15.82291,50.95608]]}},{"type":"Feature","properties":{"numer":"328","klasa":"droga gĹ‚Ăłwna","kat":"wojewodzka"},"geometry":{"type":"LineString","coordinates":[[15.9153,50.96189],[15.91538,50.96178]]}},{"type":"Feature","properties":{"numer":"328","klasa":"droga gĹ‚Ăłwna","kat":"wojewodzka"},"geometry":{"type":"LineString","coordinates":[[15.9153,50.96189],[15.91502,50.9626],[15.91526,50.96385],[15.9151,50.9658],[15.91494,50.96636],[15.91453,50.96682]]}},{"type":"Feature","properties":{"numer":"2607D","klasa":"","kat":"powiatowa"},"geometry":{"type":"LineString","coordinates":[[15.88528,50.96156],[15.88588,50.96156],[15.88809,50.96204],[15.8904,50.96182],[15.89216,50.96182],[15.89253,50.96188],[15.89325,50.96225],[15.89489,50.9628],[15.89572,50.9635],[15.89691,50.96415],[15.90105,50.96585],[15.90404,50.96717],[15.90708,50.9689],[15.90752,50.96908],[15.90793,50.96907],[15.90836,50.96891],[15.90878,50.96865],[15.90911,50.96827],[15.90922,50.96766],[15.90886,50.96691],[15.90904,50.96672],[15.9093,50.9667],[15.90949,50.96679],[15.90957,50.96723],[15.90982,50.96734],[15.91018,50.96724],[15.91041,50.96688],[15.91069,50.96681],[15.91093,50.9669],[15.91117,50.96719],[15.91144,50.96729],[15.91318,50.96724],[15.91407,50.96748]]}},{"type":"Feature","properties":{"numer":"328","klasa":"droga gĹ‚Ăłwna","kat":"wojewodzka"},"geometry":{"type":"LineString","coordinates":[[15.91453,50.96682],[15.9144,50.96695]]}},{"type":"Feature","properties":{"numer":"328","klasa":"droga gĹ‚Ăłwna","kat":"wojewodzka"},"geometry":{"type":"LineString","coordinates":[[15.9144,50.96695],[15.91407,50.96748]]}},{"type":"Feature","properties":{"numer":"365","klasa":"droga zbiorcza","kat":"wojewodzka"},"geometry":{"type":"LineString","coordinates":[[15.87243,50.97741],[15.87061,50.97677],[15.86589,50.97537],[15.86504,50.97482],[15.86386,50.97431],[15.86291,50.97328],[15.86278,50.9726],[15.86188,50.97134],[15.8619,50.97039],[15.86218,50.96917],[15.86241,50.96871],[15.86234,50.96827],[15.86194,50.96797],[15.86054,50.96736],[15.86006,50.96733],[15.85685,50.96755],[15.85567,50.96769],[15.85349,50.96809],[15.85239,50.96807],[15.84576,50.9651],[15.84446,50.96438],[15.84335,50.96347],[15.84271,50.96316],[15.84222,50.96308],[15.84169,50.9631],[15.83659,50.96439],[15.83393,50.96455],[15.82954,50.96654],[15.8291,50.96656],[15.82884,50.96639]]}},{"type":"Feature","properties":{"numer":"328","klasa":"droga gĹ‚Ăłwna","kat":"wojewodzka"},"geometry":{"type":"LineString","coordinates":[[15.91407,50.96748],[15.91401,50.96852],[15.91452,50.96993],[15.91491,50.97068],[15.91496,50.97168],[15.91566,50.97261],[15.91561,50.97412],[15.91587,50.97528],[15.91537,50.97667],[15.91514,50.97698],[15.91457,50.97744],[15.91264,50.97848],[15.91199,50.9798],[15.91148,50.98055],[15.91147,50.98094],[15.91213,50.98207],[15.91188,50.98318]]}},{"type":"Feature","properties":{"numer":"328","klasa":"droga gĹ‚Ăłwna","kat":"wojewodzka"},"geometry":{"type":"LineString","coordinates":[[15.91188,50.98318],[15.91186,50.98326]]}},{"type":"Feature","properties":{"numer":"2606D","klasa":"","kat":"powiatowa"},"geometry":{"type":"LineString","coordinates":[[15.87243,50.97741],[15.87112,50.97915],[15.86951,50.98064],[15.86875,50.98161],[15.86828,50.98195],[15.86705,50.98254],[15.86673,50.98277],[15.86364,50.98603],[15.86164,50.98752],[15.85868,50.98906],[15.85831,50.98934],[15.85824,50.98998],[15.85851,50.99347],[15.85824,50.99516],[15.85778,50.99603],[15.8566,50.99712],[15.85606,50.99725]]}},{"type":"Feature","properties":{"numer":"2600D","klasa":"","kat":"powiatowa"},"geometry":{"type":"LineString","coordinates":[[15.94799,50.98854],[15.94835,50.98843],[15.94935,50.98789],[15.95134,50.98778],[15.9532,50.98718],[15.95432,50.98707],[15.95551,50.98684],[15.9559,50.98685],[15.95698,50.98712],[15.95811,50.98712],[15.95873,50.9871],[15.96054,50.98683]]}},{"type":"Feature","properties":{"numer":"365","klasa":"droga zbiorcza","kat":"wojewodzka"},"geometry":{"type":"LineString","coordinates":[[15.90369,50.99809],[15.90031,50.99648],[15.89707,50.99445],[15.89495,50.99325],[15.89216,50.99196],[15.89103,50.99118],[15.88986,50.99007],[15.8888,50.98968],[15.88763,50.98888],[15.8868,50.9886],[15.88648,50.98841],[15.8855,50.98701],[15.88269,50.98368],[15.88256,50.98339],[15.88247,50.98232],[15.88221,50.98203],[15.88133,50.98165],[15.8801,50.98128],[15.87901,50.98076],[15.87375,50.97787],[15.87243,50.97741]]}},{"type":"Feature","properties":{"numer":"2600D","klasa":"","kat":"powiatowa"},"geometry":{"type":"LineString","coordinates":[[15.94783,50.98858],[15.94799,50.98854]]}},{"type":"Feature","properties":{"numer":"2600D","klasa":"","kat":"powiatowa"},"geometry":{"type":"LineString","coordinates":[[15.94115,50.99217],[15.94157,50.99168],[15.94253,50.99117],[15.94396,50.99009],[15.94552,50.98934],[15.94783,50.98858]]}},{"type":"Feature","properties":{"numer":"328","klasa":"droga gĹ‚Ăłwna","kat":"wojewodzka"},"geometry":{"type":"LineString","coordinates":[[15.91186,50.98326],[15.91175,50.98437],[15.9119,50.98481],[15.91225,50.98507],[15.91378,50.98564],[15.91445,50.98602],[15.91577,50.98659],[15.91689,50.98783],[15.91822,50.98886],[15.91896,50.99061],[15.91899,50.99133],[15.91885,50.9921],[15.91863,50.99226],[15.91785,50.99246],[15.91758,50.99264],[15.91683,50.99466],[15.91623,50.99547],[15.91618,50.99638],[15.91633,50.99751]]}},{"type":"Feature","properties":{"numer":"2600D","klasa":"","kat":"powiatowa"},"geometry":{"type":"LineString","coordinates":[[15.94108,50.99229],[15.94115,50.99217]]}},{"type":"Feature","properties":{"numer":"2600D","klasa":"","kat":"powiatowa"},"geometry":{"type":"LineString","coordinates":[[15.92869,50.99985],[15.92946,50.99972],[15.92989,50.99955],[15.93146,50.99845],[15.93345,50.99755],[15.9351,50.99632],[15.93712,50.99533],[15.93759,50.99495],[15.93783,50.99447],[15.9384,50.99402],[15.93882,50.99348],[15.94048,50.99269],[15.94108,50.99229]]}},{"type":"Feature","properties":{"numer":"2605D","klasa":"","kat":"powiatowa"},"geometry":{"type":"LineString","coordinates":[[15.85614,50.99732],[15.85606,50.99725]]}},{"type":"Feature","properties":{"numer":"2605D","klasa":"","kat":"powiatowa"},"geometry":{"type":"LineString","coordinates":[[15.85618,50.99736],[15.85614,50.99732]]}},{"type":"Feature","properties":{"numer":"328","klasa":"droga gĹ‚Ăłwna","kat":"wojewodzka"},"geometry":{"type":"LineString","coordinates":[[15.91633,50.99751],[15.91635,50.99759]]}},{"type":"Feature","properties":{"numer":"365","klasa":"droga zbiorcza","kat":"wojewodzka"},"geometry":{"type":"LineString","coordinates":[[15.90369,50.99809],[15.90386,50.99816]]}},{"type":"Feature","properties":{"numer":"2605D","klasa":"","kat":"powiatowa"},"geometry":{"type":"LineString","coordinates":[[15.82861,50.96654],[15.82822,50.96736],[15.82779,50.96773]]}},{"type":"Feature","properties":{"numer":"2605D","klasa":"","kat":"powiatowa"},"geometry":{"type":"LineString","coordinates":[[15.82779,50.96773],[15.82728,50.96873],[15.82666,50.96955],[15.82674,50.96974],[15.82732,50.97005],[15.82845,50.97104],[15.83013,50.9721],[15.83276,50.97419],[15.83375,50.97473],[15.83407,50.97509],[15.83444,50.97593],[15.83487,50.97782],[15.83497,50.97881],[15.83448,50.98058],[15.83383,50.98195],[15.83403,50.98268],[15.834,50.98332],[15.83446,50.98414],[15.83442,50.98469],[15.83452,50.98513],[15.83534,50.98624],[15.83545,50.98721],[15.83696,50.98817],[15.83748,50.98861],[15.83829,50.98906],[15.83936,50.98945],[15.84087,50.99019],[15.84236,50.9908],[15.84513,50.99167],[15.84769,50.99306],[15.84921,50.99371],[15.85081,50.99428],[15.85242,50.99526],[15.85386,50.99595],[15.85502,50.99687],[15.85549,50.9971],[15.85606,50.99725]]}},{"type":"Feature","properties":{"numer":"2508D","klasa":"droga zbiorcza","kat":"powiatowa"},"geometry":{"type":"LineString","coordinates":[[15.77565,51.01242],[15.7742,51.01194],[15.7733,51.01149],[15.77234,51.01028],[15.77164,51.00986],[15.77121,51.00978],[15.76871,51.00969],[15.76795,51.00942],[15.76768,51.00914],[15.76761,51.0089],[15.7677,51.00852],[15.76982,51.00616],[15.77012,51.00602],[15.77136,51.00596],[15.77161,51.00577],[15.77152,51.00554],[15.77108,51.00542],[15.76884,51.00511],[15.76551,51.00527],[15.76296,51.00443],[15.76206127626194,51.00417415893588]]}},{"type":"Feature","properties":{"numer":"2508D","klasa":"droga zbiorcza","kat":"powiatowa"},"geometry":{"type":"LineString","coordinates":[[15.77578,51.01246],[15.77565,51.01242]]}},{"type":"Feature","properties":{"numer":"2508D","klasa":"droga zbiorcza","kat":"powiatowa"},"geometry":{"type":"LineString","coordinates":[[15.77578,51.01246],[15.776,51.01263],[15.77702,51.0144],[15.77807,51.0156],[15.77806,51.01586],[15.77772,51.01617]]}},{"type":"Feature","properties":{"numer":"2509D","klasa":"","kat":"powiatowa"},"geometry":{"type":"LineString","coordinates":[[15.77709,51.01624],[15.77772,51.01617]]}},{"type":"Feature","properties":{"numer":"2509D","klasa":"","kat":"powiatowa"},"geometry":{"type":"LineString","coordinates":[[15.77709,51.01624],[15.77698,51.01622]]}},{"type":"Feature","properties":{"numer":"2508D","klasa":"droga zbiorcza","kat":"powiatowa"},"geometry":{"type":"LineString","coordinates":[[15.77772,51.01617],[15.7782,51.01668],[15.77931,51.0173],[15.78002,51.01736],[15.78066,51.01753],[15.78325,51.01781],[15.78402,51.01771],[15.78619,51.01793],[15.78797,51.01828],[15.78895,51.01859],[15.79126,51.01906],[15.79319,51.01918]]}},{"type":"Feature","properties":{"numer":"2508D","klasa":"droga zbiorcza","kat":"powiatowa"},"geometry":{"type":"LineString","coordinates":[[15.79319,51.01918],[15.79333,51.0192]]}},{"type":"Feature","properties":{"numer":"2508D","klasa":"droga zbiorcza","kat":"powiatowa"},"geometry":{"type":"LineString","coordinates":[[15.79333,51.0192],[15.79442,51.01942],[15.79512,51.01946],[15.79769,51.01945],[15.80124,51.01932],[15.80257,51.01944],[15.80448,51.02032],[15.80567,51.02125],[15.80707,51.02216],[15.80868,51.02255],[15.80963,51.02293],[15.81052,51.02297],[15.81136,51.02316],[15.81226,51.02313],[15.81334,51.02385]]}},{"type":"Feature","properties":{"numer":"2600D","klasa":"","kat":"powiatowa"},"geometry":{"type":"LineString","coordinates":[[15.9648,50.98347],[15.96523,50.98285],[15.96556,50.98256],[15.96588,50.98242],[15.96769,50.98251],[15.97003,50.98233],[15.97233,50.98187],[15.97657,50.98084],[15.97906,50.9801],[15.98481,50.97891],[15.98563,50.97883],[15.98765,50.9788],[15.99071,50.97823],[15.991848181297309,50.978172612707695]]}},{"type":"Feature","properties":{"numer":"2600D","klasa":"","kat":"powiatowa"},"geometry":{"type":"LineString","coordinates":[[15.96475,50.98353],[15.9648,50.98347]]}},{"type":"Feature","properties":{"numer":"2600D","klasa":"","kat":"powiatowa"},"geometry":{"type":"LineString","coordinates":[[15.96066,50.98681],[15.96195,50.98679],[15.96255,50.9866],[15.96299,50.986],[15.96308,50.98536],[15.96329,50.98498],[15.96417,50.98394],[15.96475,50.98353]]}},{"type":"Feature","properties":{"numer":"2600D","klasa":"","kat":"powiatowa"},"geometry":{"type":"LineString","coordinates":[[15.96054,50.98683],[15.96066,50.98681]]}},{"type":"Feature","properties":{"numer":"365","klasa":"","kat":"wojewodzka"},"geometry":{"type":"LineString","coordinates":[[15.97408,51.00693],[15.97424,51.00698]]}},{"type":"Feature","properties":{"numer":"365","klasa":"","kat":"wojewodzka"},"geometry":{"type":"LineString","coordinates":[[15.97424,51.00698],[15.97812,51.00922]]}},{"type":"Feature","properties":{"numer":"365","klasa":"droga gĹ‚Ăłwna","kat":"wojewodzka"},"geometry":{"type":"LineString","coordinates":[[15.97812,51.00922],[15.978122841823057,51.00922179624665]]}},{"type":"Feature","properties":{"numer":"365","klasa":"droga gĹ‚Ăłwna","kat":"wojewodzka"},"geometry":{"type":"LineString","coordinates":[[15.979024987864086,51.009792020631075],[15.9813,51.01123],[15.981946377574728,51.01141259253523]]}},{"type":"Feature","properties":{"numer":"2508D","klasa":"droga zbiorcza","kat":"powiatowa"},"geometry":{"type":"LineString","coordinates":[[15.81334,51.02385],[15.81345,51.02393]]}},{"type":"Feature","properties":{"numer":"2509D","klasa":"","kat":"powiatowa"},"geometry":{"type":"LineString","coordinates":[[15.76091,51.03234],[15.76683,51.02428],[15.7682,51.02177],[15.76815,51.02161],[15.76783,51.02142],[15.76568,51.02056],[15.76464,51.02021],[15.76276,51.01974],[15.76232,51.01836],[15.76707,51.01724],[15.77385,51.01665],[15.77639,51.01617],[15.77698,51.01622]]}},{"type":"Feature","properties":{"numer":"2508D","klasa":"droga zbiorcza","kat":"powiatowa"},"geometry":{"type":"LineString","coordinates":[[15.81345,51.02393],[15.81398,51.02422],[15.81526,51.02445],[15.81553,51.02458],[15.81596,51.02546],[15.81701,51.02604],[15.81719,51.02625]]}},{"type":"Feature","properties":{"numer":"2508D","klasa":"droga zbiorcza","kat":"powiatowa"},"geometry":{"type":"LineString","coordinates":[[15.81719,51.02625],[15.81717,51.02632]]}},{"type":"Feature","properties":{"numer":"2508D","klasa":"droga zbiorcza","kat":"powiatowa"},"geometry":{"type":"LineString","coordinates":[[15.81717,51.02632],[15.81778,51.02742],[15.8192,51.02846],[15.8213,51.02976],[15.82242,51.03036],[15.82359,51.03137],[15.82426,51.03336],[15.82513,51.0337],[15.82578,51.03422],[15.82595,51.03441],[15.826,51.03508],[15.82678,51.03573]]}},{"type":"Feature","properties":{"numer":"2508D","klasa":"droga zbiorcza","kat":"powiatowa"},"geometry":{"type":"LineString","coordinates":[[15.82678,51.03573],[15.82688,51.0358]]}},{"type":"Feature","properties":{"numer":"2508D","klasa":"droga zbiorcza","kat":"powiatowa"},"geometry":{"type":"LineString","coordinates":[[15.82688,51.0358],[15.82795,51.03679]]}},{"type":"Feature","properties":{"numer":"2601D","klasa":"","kat":"powiatowa"},"geometry":{"type":"LineString","coordinates":[[15.82795,51.03679],[15.82834,51.03713],[15.8286,51.0377]]}},{"type":"Feature","properties":{"numer":"2509D","klasa":"droga zbiorcza","kat":"powiatowa"},"geometry":{"type":"LineString","coordinates":[[15.76091,51.03234],[15.760633470108933,51.03260839665898]]}},{"type":"Feature","properties":{"numer":"2608D","klasa":"droga zbiorcza","kat":"powiatowa"},"geometry":{"type":"LineString","coordinates":[[15.82849,51.03781],[15.8286,51.0377]]}},{"type":"Feature","properties":{"numer":"365","klasa":"droga zbiorcza","kat":"wojewodzka"},"geometry":{"type":"LineString","coordinates":[[15.90386,50.99816],[15.90541,50.99881]]}},{"type":"Feature","properties":{"numer":"365","klasa":"droga zbiorcza","kat":"wojewodzka"},"geometry":{"type":"LineString","coordinates":[[15.90541,50.99881],[15.90586,50.99901]]}},{"type":"Feature","properties":{"numer":"328","klasa":"droga gĹ‚Ăłwna","kat":"wojewodzka"},"geometry":{"type":"LineString","coordinates":[[15.91635,50.99759],[15.91654,50.99817],[15.91646,50.99862],[15.91622,50.99904],[15.91514,51.00006],[15.91509,51.00067],[15.91479,51.00158],[15.91481,51.00205]]}},{"type":"Feature","properties":{"numer":"2600D","klasa":"","kat":"powiatowa"},"geometry":{"type":"LineString","coordinates":[[15.92869,50.99985],[15.92855,50.99987]]}},{"type":"Feature","properties":{"numer":"2600D","klasa":"","kat":"powiatowa"},"geometry":{"type":"LineString","coordinates":[[15.91653,51.00282],[15.91717,51.00242],[15.9174,51.00186],[15.91787,51.00167],[15.92053,51.00129],[15.92443,51.00022],[15.92663,51.00013],[15.92855,50.99987]]}},{"type":"Feature","properties":{"numer":"365","klasa":"droga zbiorcza","kat":"wojewodzka"},"geometry":{"type":"LineString","coordinates":[[15.90935,51.00515],[15.91107,51.00358],[15.91145,51.00294],[15.91141,51.00259],[15.9105,51.00177],[15.90881,51.00056],[15.9074,50.99972],[15.90586,50.99901]]}},{"type":"Feature","properties":{"numer":"365","klasa":"","kat":"wojewodzka"},"geometry":{"type":"LineString","coordinates":[[15.91494,51.00211],[15.91481,51.00205]]}},{"type":"Feature","properties":{"numer":"365","klasa":"","kat":"wojewodzka"},"geometry":{"type":"LineString","coordinates":[[15.91513,51.00223],[15.91494,51.00211]]}},{"type":"Feature","properties":{"numer":"365","klasa":"","kat":"wojewodzka"},"geometry":{"type":"LineString","coordinates":[[15.91653,51.00282],[15.91573,51.00256],[15.91513,51.00223]]}},{"type":"Feature","properties":{"numer":"328,365","klasa":"droga gĹ‚Ăłwna","kat":"gminna"},"geometry":{"type":"LineString","coordinates":[[15.91481,51.00205],[15.91412,51.00265],[15.91307,51.00338],[15.91246,51.00413],[15.91216,51.00434],[15.9105,51.00525],[15.91004,51.00532],[15.90935,51.00515]]}},{"type":"Feature","properties":{"numer":"365","klasa":"","kat":"wojewodzka"},"geometry":{"type":"LineString","coordinates":[[15.97408,51.00693],[15.9711,51.00667],[15.96965,51.00628],[15.96707,51.00589],[15.965,51.00548],[15.96398,51.00523],[15.96248,51.0047],[15.96068,51.00427],[15.95802,51.00316],[15.9577,51.00309],[15.95535,51.00367],[15.9529,51.00384],[15.95126,51.00428],[15.94852,51.00523],[15.94786,51.00525],[15.94505,51.00507],[15.94086,51.00562],[15.93732,51.00631],[15.93561,51.00651],[15.93359,51.00618],[15.92947,51.00493],[15.92661,51.00441],[15.92188,51.00385],[15.92133,51.0039],[15.92008,51.00433],[15.91933,51.00434],[15.91752,51.00372],[15.91653,51.00282]]}},{"type":"Feature","properties":{"numer":"328","klasa":"droga gĹ‚Ăłwna","kat":"wojewodzka"},"geometry":{"type":"LineString","coordinates":[[15.90631,51.00974],[15.90536,51.00872],[15.90535,51.00848],[15.90662,51.00767],[15.90773,51.00647],[15.90871,51.00578],[15.90935,51.00515]]}},{"type":"Feature","properties":{"numer":"2605D","klasa":"","kat":"powiatowa"},"geometry":{"type":"LineString","coordinates":[[15.85618,50.99736],[15.85739,50.99772],[15.85803,50.99798],[15.85891,50.99848],[15.8595,50.99865],[15.85977,50.99955],[15.86053,51.00038],[15.86107,51.00118],[15.86249,51.0027],[15.8625,51.00321],[15.86201,51.00393],[15.86202,51.0043],[15.86365,51.00585],[15.86428,51.00696],[15.86448,51.00807],[15.86511,51.0091],[15.8674,51.01159],[15.86819,51.01205],[15.87032,51.0126],[15.87098,51.01285],[15.87349,51.01431],[15.87571,51.01574],[15.87905,51.01674],[15.88016,51.01731],[15.88084,51.01788],[15.88224,51.01798],[15.88319,51.01789],[15.88347,51.01793],[15.88372,51.0181],[15.88393,51.01861],[15.88474,51.01919]]}},{"type":"Feature","properties":{"numer":"328","klasa":"droga gĹ‚Ăłwna","kat":"wojewodzka"},"geometry":{"type":"LineString","coordinates":[[15.90643,51.00987],[15.90631,51.00974]]}},{"type":"Feature","properties":{"numer":"328","klasa":"droga gĹ‚Ăłwna","kat":"wojewodzka"},"geometry":{"type":"LineString","coordinates":[[15.89975,51.01235],[15.9021,51.01169],[15.90387,51.0111],[15.90511,51.0105],[15.90628,51.01015],[15.90643,51.00987]]}},{"type":"Feature","properties":{"numer":"328","klasa":"droga gĹ‚Ăłwna","kat":"wojewodzka"},"geometry":{"type":"LineString","coordinates":[[15.89088,51.01576],[15.89493,51.01399],[15.8957,51.01351],[15.89757,51.01275],[15.89809,51.01259],[15.89975,51.01235]]}},{"type":"Feature","properties":{"numer":"2604D","klasa":"","kat":"powiatowa"},"geometry":{"type":"LineString","coordinates":[[15.89975,51.01235],[15.9004,51.01248],[15.9011,51.01248],[15.90345,51.01191],[15.90394,51.01192],[15.90587,51.01236],[15.9081,51.01317],[15.91075,51.01364],[15.91277,51.01439],[15.91396,51.01465],[15.91589,51.01525],[15.91673,51.01531],[15.91834,51.01565],[15.91958,51.01572],[15.92111,51.01608],[15.92201,51.01613],[15.92331,51.01633],[15.92444,51.01637],[15.92491,51.0166],[15.92527,51.01697],[15.92483,51.01834],[15.92529,51.01865],[15.92647,51.01898]]}},{"type":"Feature","properties":{"numer":"328","klasa":"droga gĹ‚Ăłwna","kat":"wojewodzka"},"geometry":{"type":"LineString","coordinates":[[15.89072,51.01584],[15.89088,51.01576]]}},{"type":"Feature","properties":{"numer":"328","klasa":"droga gĹ‚Ăłwna","kat":"wojewodzka"},"geometry":{"type":"LineString","coordinates":[[15.88929,51.01704],[15.89034,51.01604],[15.89072,51.01584]]}},{"type":"Feature","properties":{"numer":"328","klasa":"droga gĹ‚Ăłwna","kat":"wojewodzka"},"geometry":{"type":"LineString","coordinates":[[15.88521,51.01943],[15.88635,51.01866],[15.88716,51.0185],[15.88763,51.01799],[15.88852,51.01758],[15.88929,51.01704]]}},{"type":"Feature","properties":{"numer":"2604D","klasa":"","kat":"powiatowa"},"geometry":{"type":"LineString","coordinates":[[15.92647,51.01898],[15.92658,51.019]]}},{"type":"Feature","properties":{"numer":"2604D","klasa":"","kat":"powiatowa"},"geometry":{"type":"LineString","coordinates":[[15.92658,51.019],[15.92782,51.01921],[15.92855,51.01942],[15.93114,51.01964],[15.93211,51.0195],[15.93374,51.01897],[15.93503,51.01842],[15.93554,51.01832],[15.93664,51.01856],[15.93694,51.0187],[15.93718,51.01896],[15.93752,51.01967],[15.93786,51.01984]]}},{"type":"Feature","properties":{"numer":"2605D","klasa":"","kat":"powiatowa"},"geometry":{"type":"LineString","coordinates":[[15.88474,51.01919],[15.88508,51.01937]]}},{"type":"Feature","properties":{"numer":"2605D","klasa":"","kat":"powiatowa"},"geometry":{"type":"LineString","coordinates":[[15.88508,51.01937],[15.88521,51.01943]]}},{"type":"Feature","properties":{"numer":"2604D","klasa":"","kat":"powiatowa"},"geometry":{"type":"LineString","coordinates":[[15.93786,51.01984],[15.93794,51.01986]]}},{"type":"Feature","properties":{"numer":"2604D","klasa":"","kat":"powiatowa"},"geometry":{"type":"LineString","coordinates":[[15.93794,51.01986],[15.93832,51.02009],[15.93946,51.0214],[15.94141,51.02217],[15.94182,51.0224],[15.94262,51.0235],[15.94255,51.024],[15.94268,51.02423],[15.94484,51.02549],[15.94534,51.02556]]}},{"type":"Feature","properties":{"numer":"328","klasa":"droga gĹ‚Ăłwna","kat":"wojewodzka"},"geometry":{"type":"LineString","coordinates":[[15.8712,51.02617],[15.8719,51.02608],[15.87353,51.02628],[15.8758,51.02625],[15.8767,51.02609],[15.87774,51.02566],[15.87917,51.02493],[15.88091,51.02378],[15.88193,51.02247],[15.88347,51.02113],[15.88461,51.01987],[15.88521,51.01943]]}},{"type":"Feature","properties":{"numer":"2604D","klasa":"","kat":"powiatowa"},"geometry":{"type":"LineString","coordinates":[[15.94534,51.02556],[15.94547,51.02555]]}},{"type":"Feature","properties":{"numer":"328","klasa":"droga gĹ‚Ăłwna","kat":"wojewodzka"},"geometry":{"type":"LineString","coordinates":[[15.87101,51.0262],[15.8712,51.02617]]}},{"type":"Feature","properties":{"numer":"328","klasa":"droga gĹ‚Ăłwna","kat":"wojewodzka"},"geometry":{"type":"LineString","coordinates":[[15.87017,51.02765],[15.87054,51.0267],[15.87079,51.02633],[15.87101,51.0262]]}},{"type":"Feature","properties":{"numer":"2604D","klasa":"droga zbiorcza","kat":"powiatowa"},"geometry":{"type":"LineString","coordinates":[[15.95411,51.0313],[15.954167764029023,51.03133899071959]]}},{"type":"Feature","properties":{"numer":"2604D","klasa":"","kat":"powiatowa"},"geometry":{"type":"LineString","coordinates":[[15.94547,51.02555],[15.94645,51.02555],[15.94739,51.02612],[15.94826,51.02652],[15.9497,51.0278],[15.94989,51.02883],[15.95411,51.0313]]}},{"type":"Feature","properties":{"numer":"2508D","klasa":"droga zbiorcza","kat":"powiatowa"},"geometry":{"type":"LineString","coordinates":[[15.87017,51.02765],[15.86976,51.02788],[15.86936,51.02795],[15.86777,51.02767],[15.86721,51.02768],[15.86606,51.02796],[15.86459,51.02809],[15.86299,51.02867],[15.86206,51.02889],[15.85407,51.02964],[15.85333,51.02983],[15.851,51.03082],[15.85012,51.03102],[15.8493,51.03108],[15.84716,51.03105],[15.84543,51.03131],[15.84209,51.03278],[15.84073,51.0333],[15.84023,51.0336],[15.83906,51.03463],[15.83784,51.03518],[15.83716,51.03532],[15.83514,51.03551],[15.83468,51.03567],[15.83393,51.03607],[15.83304,51.03628],[15.83213,51.0364],[15.82911,51.03649],[15.82837,51.03661],[15.82795,51.03679]]}},{"type":"Feature","properties":{"numer":"2603D","klasa":"","kat":"powiatowa"},"geometry":{"type":"LineString","coordinates":[[15.88929,51.01704],[15.88937,51.01719],[15.889,51.01823],[15.88862,51.01885],[15.88804,51.01943],[15.8873,51.02079],[15.88733,51.02109],[15.88756,51.02134],[15.88927,51.02221],[15.89071,51.02269],[15.89248,51.02294],[15.89579,51.02291],[15.89815,51.02373],[15.90492,51.02753],[15.90535,51.02792],[15.90678,51.02996],[15.90723,51.03179],[15.90866,51.03456],[15.90827,51.03531],[15.90819,51.0379],[15.90726,51.04108],[15.90725,51.04274],[15.90739,51.0431],[15.9088,51.04518],[15.90885,51.04561],[15.90917,51.04637],[15.90943,51.04738],[15.91059,51.04921],[15.91128,51.05151],[15.91126,51.05205],[15.91094,51.05302],[15.91173,51.05743],[15.91167,51.05779],[15.91094,51.05926],[15.9109,51.05985],[15.91102,51.06066]]}},{"type":"Feature","properties":{"numer":"328","klasa":"droga gĹ‚Ăłwna","kat":"wojewodzka"},"geometry":{"type":"LineString","coordinates":[[15.86458,51.06819],[15.86392,51.06649],[15.86432,51.06511],[15.8645,51.06322],[15.86433,51.06266],[15.86338,51.06104],[15.86304,51.05896],[15.86243,51.05788],[15.86243,51.05756],[15.86353,51.05671],[15.86546,51.05551],[15.86899,51.05467],[15.86981,51.05433],[15.87016,51.05409],[15.87049,51.05347],[15.87063,51.05282],[15.87062,51.05061],[15.87078,51.04976],[15.87147,51.04845],[15.87232,51.04716],[15.87381,51.04429],[15.87336,51.04231],[15.87293,51.04138],[15.8727,51.04114],[15.87159,51.04041],[15.86994,51.0396],[15.86844,51.03904],[15.86569,51.03842],[15.8654,51.03823],[15.86524,51.03794],[15.86525,51.03725],[15.86671,51.03503],[15.86726,51.03388],[15.86737,51.03301],[15.86761,51.03285],[15.86902,51.03226],[15.86942,51.03199],[15.86974,51.03158],[15.86994,51.03058],[15.86982,51.02987],[15.87017,51.02765]]}},{"type":"Feature","properties":{"numer":"2602D","klasa":"","kat":"powiatowa"},"geometry":{"type":"LineString","coordinates":[[15.93409,51.05819],[15.934353095474068,51.05821546085233]]}},{"type":"Feature","properties":{"numer":"2601D","klasa":"","kat":"powiatowa"},"geometry":{"type":"LineString","coordinates":[[15.83131,51.05412],[15.83122,51.05414]]}},{"type":"Feature","properties":{"numer":"2601D","klasa":"","kat":"powiatowa"},"geometry":{"type":"LineString","coordinates":[[15.83122,51.05414],[15.83114,51.05414]]}},{"type":"Feature","properties":{"numer":"2608D","klasa":"droga zbiorcza","kat":"powiatowa"},"geometry":{"type":"LineString","coordinates":[[15.79348,51.05476],[15.79348,51.05471]]}},{"type":"Feature","properties":{"numer":"2601D","klasa":"","kat":"powiatowa"},"geometry":{"type":"LineString","coordinates":[[15.83114,51.05414],[15.82995,51.05421],[15.82978,51.05434],[15.83039,51.05627],[15.83068,51.05683],[15.83169,51.05859],[15.83268,51.05952]]}},{"type":"Feature","properties":{"numer":"2608D","klasa":"droga zbiorcza","kat":"powiatowa"},"geometry":{"type":"LineString","coordinates":[[15.79246,51.05922],[15.79344,51.05652],[15.79348,51.05476]]}},{"type":"Feature","properties":{"numer":"2608D","klasa":"droga zbiorcza","kat":"powiatowa"},"geometry":{"type":"LineString","coordinates":[[15.79243,51.05932],[15.79246,51.05922]]}},{"type":"Feature","properties":{"numer":"2601D","klasa":"","kat":"powiatowa"},"geometry":{"type":"LineString","coordinates":[[15.83268,51.05952],[15.83275,51.05955]]}},{"type":"Feature","properties":{"numer":"2608D","klasa":"droga zbiorcza","kat":"powiatowa"},"geometry":{"type":"LineString","coordinates":[[15.79242,51.06055],[15.79232,51.06006],[15.79243,51.05932]]}},{"type":"Feature","properties":{"numer":"2608D","klasa":"droga zbiorcza","kat":"powiatowa"},"geometry":{"type":"LineString","coordinates":[[15.79245,51.06065],[15.79242,51.06055]]}},{"type":"Feature","properties":{"numer":"2608D","klasa":"droga zbiorcza","kat":"powiatowa"},"geometry":{"type":"LineString","coordinates":[[15.7934,51.06529],[15.79356,51.06457],[15.79338,51.06352],[15.79293,51.06302],[15.79292,51.0623],[15.79245,51.06065]]}},{"type":"Feature","properties":{"numer":"2608D","klasa":"droga zbiorcza","kat":"powiatowa"},"geometry":{"type":"LineString","coordinates":[[15.82849,51.03781],[15.82841,51.03787]]}},{"type":"Feature","properties":{"numer":"2601D","klasa":"","kat":"powiatowa"},"geometry":{"type":"LineString","coordinates":[[15.8286,51.0377],[15.82935,51.03899],[15.83049,51.04002],[15.83214,51.04065],[15.83325,51.04092],[15.83491,51.04153],[15.83545,51.04205],[15.8355,51.04221],[15.83552,51.04307],[15.83529,51.04338]]}},{"type":"Feature","properties":{"numer":"2601D","klasa":"","kat":"powiatowa"},"geometry":{"type":"LineString","coordinates":[[15.83529,51.04338],[15.8352,51.04341]]}},{"type":"Feature","properties":{"numer":"2608D","klasa":"droga zbiorcza","kat":"powiatowa"},"geometry":{"type":"LineString","coordinates":[[15.79723,51.04987],[15.79766,51.04997],[15.79824,51.04983],[15.79947,51.0491],[15.80177,51.04815],[15.80218,51.04785],[15.8034,51.04665],[15.80545,51.04603],[15.80631,51.04564],[15.8094,51.04347],[15.81166,51.04235],[15.81358,51.04094],[15.81517,51.04002],[15.81578,51.03991],[15.81889,51.03984],[15.8204,51.03974],[15.82107,51.03955],[15.82213,51.0389],[15.82253,51.03873],[15.82374,51.03859],[15.82535,51.03868],[15.82749,51.03837],[15.82801,51.03822],[15.82841,51.03787]]}},{"type":"Feature","properties":{"numer":"2601D","klasa":"","kat":"powiatowa"},"geometry":{"type":"LineString","coordinates":[[15.8352,51.04341],[15.83502,51.04357],[15.83499,51.04408],[15.8351,51.04466],[15.83542,51.045]]}},{"type":"Feature","properties":{"numer":"2601D","klasa":"","kat":"powiatowa"},"geometry":{"type":"LineString","coordinates":[[15.83542,51.045],[15.83545,51.04507]]}},{"type":"Feature","properties":{"numer":"2601D","klasa":"","kat":"powiatowa"},"geometry":{"type":"LineString","coordinates":[[15.83545,51.04507],[15.83516,51.04555],[15.83409,51.04665],[15.8338,51.04762],[15.833,51.04913],[15.83307,51.04967],[15.83268,51.05008],[15.8326,51.05031],[15.83254,51.05092],[15.83274,51.0514],[15.83263,51.05186],[15.83267,51.05231],[15.83244,51.05318],[15.83179,51.05326],[15.83129,51.05345],[15.83131,51.05412]]}},{"type":"Feature","properties":{"numer":"2608D","klasa":"droga zbiorcza","kat":"powiatowa"},"geometry":{"type":"LineString","coordinates":[[15.79714,51.04984],[15.79723,51.04987]]}},{"type":"Feature","properties":{"numer":"2608D","klasa":"droga zbiorcza","kat":"powiatowa"},"geometry":{"type":"LineString","coordinates":[[15.79348,51.05471],[15.79341,51.05426],[15.79363,51.05313],[15.79352,51.05257],[15.79361,51.05199],[15.7943,51.05157],[15.79471,51.05115],[15.79562,51.05062],[15.7962,51.05012],[15.79677,51.04981],[15.79714,51.04984]]}},{"type":"Feature","properties":{"numer":"2613D","klasa":"","kat":"powiatowa"},"geometry":{"type":"LineString","coordinates":[[15.73897,51.08991],[15.74013,51.08976],[15.74077,51.0898],[15.74217,51.09013],[15.74449,51.09049],[15.74579,51.09084],[15.74657,51.09097],[15.74708,51.09087],[15.74841,51.09003],[15.74885,51.08989],[15.74942,51.08983],[15.7513,51.08985],[15.7523,51.09002],[15.75536,51.09084],[15.75717,51.0912],[15.75926,51.09235],[15.76127,51.09301],[15.76359,51.09434],[15.76543,51.09509],[15.76794,51.09548],[15.76933,51.09579],[15.77109,51.09604],[15.772,51.09611],[15.77431,51.09607],[15.77605,51.09657],[15.77689,51.09672],[15.77814,51.09734],[15.78072,51.09776],[15.78188,51.09785],[15.78281,51.09829],[15.78476,51.09882],[15.78562,51.09928],[15.78682,51.09974],[15.78874,51.10086],[15.79045,51.10134],[15.79324,51.10167],[15.79473,51.10229],[15.79564,51.10306],[15.79682,51.10356],[15.79731,51.10367],[15.79851,51.1037],[15.79917,51.10379],[15.80043,51.10425],[15.80195,51.10493],[15.80237,51.105]]}},{"type":"Feature","properties":{"numer":"2608D","klasa":"droga zbiorcza","kat":"powiatowa"},"geometry":{"type":"LineString","coordinates":[[15.80911,51.11071],[15.80838,51.11005],[15.80785,51.10933],[15.80745,51.10904],[15.80574,51.10818],[15.80473,51.10785],[15.80308,51.10715],[15.80265,51.10631],[15.80237,51.105]]}},{"type":"Feature","properties":{"numer":"2608D","klasa":"droga zbiorcza","kat":"powiatowa"},"geometry":{"type":"LineString","coordinates":[[15.80911,51.11071],[15.80923,51.11084]]}},{"type":"Feature","properties":{"numer":"2608D","klasa":"droga zbiorcza","kat":"powiatowa"},"geometry":{"type":"LineString","coordinates":[[15.8107,51.11298],[15.81014,51.11252],[15.80923,51.11084]]}},{"type":"Feature","properties":{"numer":"2608D","klasa":"droga zbiorcza","kat":"powiatowa"},"geometry":{"type":"LineString","coordinates":[[15.81457,51.11843],[15.81431,51.11793],[15.81367,51.11721],[15.81343,51.11661],[15.8131,51.11619],[15.81245,51.11439],[15.8119,51.11383],[15.8107,51.11298]]}},{"type":"Feature","properties":{"numer":"2608D","klasa":"droga zbiorcza","kat":"powiatowa"},"geometry":{"type":"LineString","coordinates":[[15.8146,51.11853],[15.81457,51.11843]]}},{"type":"Feature","properties":{"numer":"2608D","klasa":"droga zbiorcza","kat":"powiatowa"},"geometry":{"type":"LineString","coordinates":[[15.81513,51.12055],[15.81477,51.11983],[15.8146,51.11853]]}},{"type":"Feature","properties":{"numer":"364","klasa":"droga zbiorcza","kat":"wojewodzka"},"geometry":{"type":"LineString","coordinates":[[15.721138941058939,51.120658396603396],[15.7218,51.12089],[15.7225,51.12147],[15.72318,51.12257],[15.72391,51.12297],[15.72484,51.12315],[15.72589,51.12304],[15.72739,51.12256],[15.72802,51.12245],[15.73068,51.12264],[15.73254,51.12266],[15.73363,51.12243],[15.73575,51.12159],[15.73641,51.12145],[15.73997,51.12137],[15.74389,51.12098],[15.74746,51.1199],[15.74937,51.11965],[15.75025,51.11946],[15.75287,51.11844],[15.75391,51.11834],[15.75753,51.11838],[15.75993,51.1183],[15.76134,51.11836],[15.76788,51.11918],[15.77417,51.11843],[15.77661,51.11872],[15.77839,51.11879],[15.78269,51.11982],[15.78529,51.11958],[15.78617,51.11956],[15.79131,51.12016],[15.7976,51.12002],[15.80128,51.11979],[15.80361,51.11954],[15.80754,51.11956],[15.80874,51.11938],[15.80911,51.11943],[15.81089,51.11995],[15.81256,51.12025],[15.81308,51.12027]]}},{"type":"Feature","properties":{"numer":"364","klasa":"droga zbiorcza","kat":"wojewodzka"},"geometry":{"type":"LineString","coordinates":[[15.81344,51.12023],[15.81308,51.12027]]}},{"type":"Feature","properties":{"numer":"364","klasa":"droga zbiorcza","kat":"wojewodzka"},"geometry":{"type":"LineString","coordinates":[[15.81513,51.12055],[15.8142,51.12019],[15.81344,51.12023]]}},{"type":"Feature","properties":{"numer":"2602D","klasa":"","kat":"powiatowa"},"geometry":{"type":"LineString","coordinates":[[15.91102,51.06066],[15.91229,51.06018],[15.91288,51.06008],[15.91528,51.06019],[15.91716,51.06069],[15.91811,51.06055],[15.91931,51.06009],[15.92095,51.05996],[15.92343,51.06007],[15.92454,51.0599],[15.92682,51.06016],[15.92728,51.06032],[15.92762,51.06156],[15.92728,51.06247],[15.92729,51.06304],[15.92785,51.06372]]}},{"type":"Feature","properties":{"numer":"2602D","klasa":"","kat":"powiatowa"},"geometry":{"type":"LineString","coordinates":[[15.9333,51.06049],[15.93211,51.06133],[15.92944,51.0626],[15.92785,51.06372]]}},{"type":"Feature","properties":{"numer":"2602D","klasa":"","kat":"powiatowa"},"geometry":{"type":"LineString","coordinates":[[15.91102,51.06066],[15.91072,51.06099],[15.91006,51.06114],[15.90945,51.06141],[15.90854,51.06218],[15.90798,51.06252],[15.90772,51.06262],[15.9066,51.06267],[15.90585,51.06284],[15.9051,51.06353],[15.90487,51.06362]]}},{"type":"Feature","properties":{"numer":"2602D","klasa":"","kat":"powiatowa"},"geometry":{"type":"LineString","coordinates":[[15.90479,51.06364],[15.90487,51.06362]]}},{"type":"Feature","properties":{"numer":"2602D","klasa":"","kat":"powiatowa"},"geometry":{"type":"LineString","coordinates":[[15.90479,51.06364],[15.90457,51.06365],[15.90376,51.06314],[15.90308,51.06296],[15.90176,51.06277],[15.89992,51.06273],[15.89909,51.06254],[15.89865,51.06256],[15.89797,51.06286],[15.89524,51.06293],[15.8947,51.06284],[15.89422,51.0625],[15.89307,51.06262],[15.89218,51.06235],[15.89104,51.06224],[15.88934,51.06221],[15.88857,51.06232],[15.88725,51.06229],[15.88695,51.06235],[15.88607,51.06277],[15.88586,51.06294],[15.88562,51.06358],[15.88518,51.06414],[15.88458,51.06444],[15.8833,51.06489],[15.88266,51.06557],[15.88082,51.06714],[15.87946,51.068],[15.87876,51.06859],[15.87694,51.06958],[15.87629,51.06984],[15.875,51.07025],[15.87369,51.07045],[15.87338,51.07039],[15.8728,51.0701],[15.87147,51.07039],[15.86994,51.07027],[15.86965,51.07007],[15.86933,51.06925],[15.86599,51.06967],[15.86535,51.0697]]}},{"type":"Feature","properties":{"numer":"2610D","klasa":"droga zbiorcza","kat":"powiatowa"},"geometry":{"type":"LineString","coordinates":[[15.94268,51.0831],[15.94295,51.0828],[15.94335,51.08134],[15.94472,51.07916],[15.94569,51.07717],[15.9472,51.07517],[15.94888,51.07364],[15.952214766355132,51.06974943925235]]}},{"type":"Feature","properties":{"numer":"2603D","klasa":"","kat":"powiatowa"},"geometry":{"type":"LineString","coordinates":[[15.91102,51.06066],[15.91102,51.06082],[15.91051,51.06173],[15.91081,51.06263],[15.9108,51.06317],[15.91009,51.06452],[15.91011,51.06744],[15.90996,51.07047],[15.91018,51.0709],[15.91082,51.07141],[15.91109,51.07175],[15.91162,51.07278],[15.91187,51.07354],[15.91315,51.07456],[15.91428,51.07524]]}},{"type":"Feature","properties":{"numer":"2601D","klasa":"","kat":"powiatowa"},"geometry":{"type":"LineString","coordinates":[[15.86096,51.0685],[15.86138,51.06827],[15.86161,51.06796],[15.86191,51.06789],[15.86271,51.06793],[15.86458,51.06819]]}},{"type":"Feature","properties":{"numer":"328","klasa":"droga gĹ‚Ăłwna","kat":"wojewodzka"},"geometry":{"type":"LineString","coordinates":[[15.86451,51.0696],[15.86466,51.06881],[15.86458,51.06819]]}},{"type":"Feature","properties":{"numer":"2602D","klasa":"","kat":"powiatowa"},"geometry":{"type":"LineString","coordinates":[[15.86451,51.0696],[15.86516,51.06968]]}},{"type":"Feature","properties":{"numer":"2602D","klasa":"","kat":"powiatowa"},"geometry":{"type":"LineString","coordinates":[[15.86516,51.06968],[15.86535,51.0697]]}},{"type":"Feature","properties":{"numer":"328","klasa":"droga gĹ‚Ăłwna","kat":"wojewodzka"},"geometry":{"type":"LineString","coordinates":[[15.86627,51.077],[15.86536,51.07619],[15.86523,51.07595],[15.86544,51.07477],[15.86511,51.07391],[15.86495,51.07312],[15.86491,51.07164],[15.86482,51.07136],[15.86414,51.07075],[15.86406,51.07052],[15.86451,51.0696]]}},{"type":"Feature","properties":{"numer":"2603D","klasa":"","kat":"powiatowa"},"geometry":{"type":"LineString","coordinates":[[15.91428,51.07524],[15.91434,51.07528]]}},{"type":"Feature","properties":{"numer":"328","klasa":"droga gĹ‚Ăłwna","kat":"wojewodzka"},"geometry":{"type":"LineString","coordinates":[[15.87459,51.08188],[15.87415,51.08177],[15.87243,51.08102],[15.87102,51.08008],[15.86998,51.07951],[15.86627,51.077]]}},{"type":"Feature","properties":{"numer":"328","klasa":"droga gĹ‚Ăłwna","kat":"wojewodzka"},"geometry":{"type":"LineString","coordinates":[[15.87519,51.08201],[15.87459,51.08188]]}},{"type":"Feature","properties":{"numer":"2621D","klasa":"","kat":"powiatowa"},"geometry":{"type":"LineString","coordinates":[[15.94268,51.0831],[15.94321,51.0832],[15.94308,51.08382],[15.9431,51.08453]]}},{"type":"Feature","properties":{"numer":"2621D","klasa":"","kat":"powiatowa"},"geometry":{"type":"LineString","coordinates":[[15.94806,51.08451],[15.94793,51.08415]]}},{"type":"Feature","properties":{"numer":"2621D","klasa":"","kat":"powiatowa"},"geometry":{"type":"LineString","coordinates":[[15.9431,51.08453],[15.94316,51.08468],[15.94344,51.08467],[15.94572,51.08436],[15.94793,51.08415]]}},{"type":"Feature","properties":{"numer":"2621D","klasa":"","kat":"powiatowa"},"geometry":{"type":"LineString","coordinates":[[15.97684,51.09213],[15.97695,51.09214]]}},{"type":"Feature","properties":{"numer":"2621D","klasa":"","kat":"powiatowa"},"geometry":{"type":"LineString","coordinates":[[15.97684,51.09213],[15.97664,51.09219],[15.9764,51.09301],[15.97569,51.09354],[15.97489,51.09395],[15.97471,51.09421],[15.97459,51.09547],[15.97442,51.09595],[15.97389,51.09634],[15.97325,51.09644],[15.97273,51.09637],[15.97212,51.0961],[15.97192,51.09583],[15.97142,51.0944],[15.97109,51.09408],[15.97075,51.09391],[15.96662,51.09351],[15.96461,51.09371],[15.96392,51.09371],[15.9624,51.09335],[15.96079,51.09284]]}},{"type":"Feature","properties":{"numer":"2621D","klasa":"","kat":"powiatowa"},"geometry":{"type":"LineString","coordinates":[[15.97682,51.09694],[15.97651,51.09616],[15.97657,51.09505],[15.97662,51.09469],[15.97731,51.09328],[15.97707,51.09215],[15.97695,51.09214]]}},{"type":"Feature","properties":{"numer":"2601D","klasa":"","kat":"powiatowa"},"geometry":{"type":"LineString","coordinates":[[15.83275,51.05955],[15.83345,51.05994],[15.83382,51.06031],[15.83481,51.06087],[15.8354,51.06159],[15.83558,51.06206],[15.8361,51.06285],[15.83661,51.06324],[15.8371,51.06344],[15.83965,51.06384],[15.84206,51.0645],[15.84596,51.06533],[15.84888,51.06636],[15.85083,51.0666],[15.85223,51.06731],[15.85289,51.06805],[15.85358,51.06838],[15.85695,51.06816],[15.85738,51.06822],[15.85869,51.06863],[15.86096,51.0685]]}},{"type":"Feature","properties":{"numer":"2608D","klasa":"droga zbiorcza","kat":"powiatowa"},"geometry":{"type":"LineString","coordinates":[[15.79338,51.06537],[15.7934,51.06529]]}},{"type":"Feature","properties":{"numer":"2608D","klasa":"droga zbiorcza","kat":"powiatowa"},"geometry":{"type":"LineString","coordinates":[[15.79439,51.07005],[15.79406,51.06805],[15.79337,51.06694],[15.79338,51.06537]]}},{"type":"Feature","properties":{"numer":"2608D","klasa":"droga zbiorcza","kat":"powiatowa"},"geometry":{"type":"LineString","coordinates":[[15.7944,51.07013],[15.79439,51.07005]]}},{"type":"Feature","properties":{"numer":"2608D","klasa":"droga zbiorcza","kat":"powiatowa"},"geometry":{"type":"LineString","coordinates":[[15.79899,51.0751],[15.79902,51.07463],[15.79883,51.07433],[15.7964,51.07266],[15.79495,51.07138],[15.7944,51.07013]]}},{"type":"Feature","properties":{"numer":"2608D","klasa":"droga zbiorcza","kat":"powiatowa"},"geometry":{"type":"LineString","coordinates":[[15.79906,51.07518],[15.79899,51.0751]]}},{"type":"Feature","properties":{"numer":"2608D","klasa":"droga zbiorcza","kat":"powiatowa"},"geometry":{"type":"LineString","coordinates":[[15.8042,51.07859],[15.80423,51.07845],[15.80404,51.07828],[15.80251,51.07733],[15.80087,51.0765],[15.79942,51.07553],[15.79906,51.07518]]}},{"type":"Feature","properties":{"numer":"2608D","klasa":"droga zbiorcza","kat":"powiatowa"},"geometry":{"type":"LineString","coordinates":[[15.80415,51.07868],[15.8042,51.07859]]}},{"type":"Feature","properties":{"numer":"2608D","klasa":"droga zbiorcza","kat":"powiatowa"},"geometry":{"type":"LineString","coordinates":[[15.80237,51.105],[15.802,51.10359],[15.80214,51.10189],[15.80189,51.10055],[15.80242,51.09954],[15.80364,51.09822],[15.80378,51.09773],[15.80334,51.09651],[15.80207,51.09494],[15.80178,51.09423],[15.80171,51.09345],[15.80265,51.09071],[15.80303,51.0875],[15.8042,51.08494],[15.80412,51.08428],[15.80356,51.08344],[15.8033,51.08281],[15.80299,51.08093],[15.80346,51.07983],[15.80348,51.07911],[15.80415,51.07868]]}},{"type":"Feature","properties":{"numer":"2609D","klasa":"","kat":"powiatowa"},"geometry":{"type":"LineString","coordinates":[[15.8107,51.11298],[15.81121,51.11285],[15.8131,51.11267],[15.81361,51.11254],[15.81396,51.11226],[15.81442,51.11097],[15.81473,51.1106],[15.81929,51.10781],[15.81962,51.10736],[15.82061,51.10522],[15.82308,51.10246],[15.82545,51.10013],[15.82819,51.0989],[15.82955,51.0974],[15.83039,51.09681],[15.8315,51.09628],[15.8338,51.09545],[15.83518,51.09466],[15.83704,51.09374],[15.83789,51.09316],[15.83993,51.09093],[15.84187,51.08634],[15.84236,51.08579],[15.84467,51.0848],[15.84709,51.08411],[15.84806,51.08388],[15.85208,51.08323],[15.85276,51.08304],[15.85337,51.08273],[15.85739,51.08005],[15.85795,51.07981],[15.85982,51.07936],[15.86021,51.0792],[15.86048,51.07897],[15.86116,51.07803],[15.86159,51.07772],[15.86201,51.07763],[15.86447,51.07747],[15.86627,51.077]]}},{"type":"Feature","properties":{"numer":"328","klasa":"droga gĹ‚Ăłwna","kat":"wojewodzka"},"geometry":{"type":"LineString","coordinates":[[15.87697,51.08752],[15.87761,51.08677],[15.87805,51.08585],[15.87806,51.08498],[15.87698,51.0831],[15.87652,51.08256],[15.87588,51.08218],[15.87519,51.08201]]}},{"type":"Feature","properties":{"numer":"2603D","klasa":"","kat":"powiatowa"},"geometry":{"type":"LineString","coordinates":[[15.91434,51.07528],[15.91534,51.07595],[15.91495,51.07622],[15.91318,51.07718],[15.91114,51.07804],[15.91033,51.07834],[15.90873,51.07872],[15.90807,51.079],[15.89674,51.0856],[15.89279,51.08777],[15.89148,51.08882],[15.89135,51.08919],[15.89144,51.08948],[15.89384,51.09148],[15.89536,51.09241],[15.89744,51.09342],[15.89854,51.09406],[15.90118,51.09564],[15.90132,51.09594]]}},{"type":"Feature","properties":{"numer":"2610D","klasa":"droga zbiorcza","kat":"powiatowa"},"geometry":{"type":"LineString","coordinates":[[15.92872,51.09122],[15.9291,51.09097],[15.93049,51.09044],[15.93473,51.08854],[15.93619,51.08821],[15.9393,51.08657],[15.94016,51.08595],[15.94136,51.08423],[15.94219,51.08343],[15.94268,51.0831]]}},{"type":"Feature","properties":{"numer":"328","klasa":"droga gĹ‚Ăłwna","kat":"wojewodzka"},"geometry":{"type":"LineString","coordinates":[[15.87697,51.08752],[15.87688,51.08759]]}},{"type":"Feature","properties":{"numer":"2621D","klasa":"","kat":"powiatowa"},"geometry":{"type":"LineString","coordinates":[[15.94806,51.08451],[15.94829,51.08533],[15.94955,51.08831],[15.94914,51.08967],[15.94915,51.09015],[15.94948,51.09098],[15.94996,51.09139],[15.95067,51.09176],[15.95138,51.09189],[15.95518,51.092],[15.9568,51.09181],[15.95816,51.09187],[15.96073,51.09271],[15.96079,51.09284]]}},{"type":"Feature","properties":{"numer":"2610D","klasa":"droga zbiorcza","kat":"powiatowa"},"geometry":{"type":"LineString","coordinates":[[15.92867,51.09126],[15.92872,51.09122]]}},{"type":"Feature","properties":{"numer":"2610D","klasa":"droga zbiorcza","kat":"powiatowa"},"geometry":{"type":"LineString","coordinates":[[15.92829,51.0916],[15.92867,51.09126]]}},{"type":"Feature","properties":{"numer":"2603D","klasa":"","kat":"powiatowa"},"geometry":{"type":"LineString","coordinates":[[15.9159,51.09838],[15.91624,51.09804],[15.91707,51.09777],[15.9177,51.09736],[15.91803,51.09701],[15.91845,51.0961],[15.9189,51.09574],[15.92018,51.09538],[15.92114,51.09493],[15.9228,51.09458],[15.92464,51.09397],[15.9256,51.09338],[15.92672,51.09218],[15.92782,51.09168],[15.92829,51.0916]]}},{"type":"Feature","properties":{"numer":"328","klasa":"droga gĹ‚Ăłwna","kat":"wojewodzka"},"geometry":{"type":"LineString","coordinates":[[15.8871,51.10307],[15.8855,51.10222],[15.88173,51.10102],[15.88132,51.10082],[15.8806,51.10028],[15.87853,51.09837],[15.87567,51.09681],[15.87476,51.0959],[15.87461,51.09551],[15.87471,51.09517],[15.87527,51.09443],[15.87638,51.09349],[15.87648,51.09299],[15.87585,51.09165],[15.87477,51.09004],[15.8747,51.0896],[15.87481,51.08927],[15.87517,51.08882],[15.87688,51.08759]]}},{"type":"Feature","properties":{"numer":"2610D","klasa":"droga zbiorcza","kat":"powiatowa"},"geometry":{"type":"LineString","coordinates":[[15.9234,51.10236],[15.92373,51.10042],[15.92536,51.09864],[15.926,51.09679],[15.92737,51.09384],[15.928,51.0927],[15.92803,51.09211],[15.92829,51.0916]]}},{"type":"Feature","properties":{"numer":"2621D","klasa":"","kat":"powiatowa"},"geometry":{"type":"LineString","coordinates":[[15.97683,51.097],[15.97682,51.09694]]}},{"type":"Feature","properties":{"numer":"2621D","klasa":"","kat":"powiatowa"},"geometry":{"type":"LineString","coordinates":[[15.99361,51.10454],[15.99344,51.10444],[15.99288,51.10445],[15.98694,51.10241],[15.98587,51.10162],[15.98312,51.10002],[15.98181,51.09949],[15.97926,51.09881],[15.97722,51.09782],[15.97696,51.09756],[15.97683,51.097]]}},{"type":"Feature","properties":{"numer":"2622D","klasa":"","kat":"powiatowa"},"geometry":{"type":"LineString","coordinates":[[15.99405,51.1045],[15.99502,51.10442],[15.99602,51.10409],[15.99776,51.10393],[15.99908,51.10408],[15.99978,51.10396],[16.00194,51.10307],[16.00348,51.10209],[16.00447,51.10161],[16.01261,51.0997],[16.01424,51.09915],[16.0154,51.09902],[16.01623,51.09902],[16.01893,51.09973],[16.01956,51.09981],[16.02051,51.09975],[16.02374,51.09927]]}},{"type":"Feature","properties":{"numer":"2603D","klasa":"","kat":"powiatowa"},"geometry":{"type":"LineString","coordinates":[[15.90132,51.09594],[15.90422,51.09598],[15.90617,51.09615],[15.90876,51.09698],[15.91352,51.09804],[15.91439,51.09857],[15.91488,51.09856],[15.91572,51.09835],[15.9159,51.09838]]}},{"type":"Feature","properties":{"numer":"2620D","klasa":"","kat":"powiatowa"},"geometry":{"type":"LineString","coordinates":[[15.92353,51.10241],[15.9246,51.10272],[15.92558,51.10287],[15.92968,51.10329],[15.93076,51.10333],[15.94033,51.10308],[15.94174,51.10296],[15.94383,51.10255],[15.94604,51.10148],[15.95043,51.10045],[15.95128,51.10018],[15.9522,51.09971],[15.95545,51.09719],[15.96079,51.09284]]}},{"type":"Feature","properties":{"numer":"2623D","klasa":"droga zbiorcza","kat":"powiatowa"},"geometry":{"type":"LineString","coordinates":[[15.90132,51.09594],[15.90102,51.0963],[15.89132,51.1003],[15.88771,51.10159],[15.8874,51.10179],[15.88715,51.10217],[15.8871,51.10307]]}},{"type":"Feature","properties":{"numer":"2620D","klasa":"","kat":"powiatowa"},"geometry":{"type":"LineString","coordinates":[[15.9159,51.09838],[15.91631,51.09881],[15.91715,51.09917],[15.91823,51.09997],[15.91984,51.10085],[15.92182,51.10184],[15.9234,51.10236]]}},{"type":"Feature","properties":{"numer":"2610D,2620D","klasa":"droga zbiorcza","kat":"powiatowa"},"geometry":{"type":"LineString","coordinates":[[15.9234,51.10236],[15.92353,51.10241]]}},{"type":"Feature","properties":{"numer":"328","klasa":"droga gĹ‚Ăłwna","kat":"wojewodzka"},"geometry":{"type":"LineString","coordinates":[[15.89325,51.10743],[15.89236,51.10741],[15.89146,51.10709],[15.89086,51.10655],[15.88988,51.10489],[15.88957,51.1046],[15.8871,51.10307]]}},{"type":"Feature","properties":{"numer":"","klasa":"droga zbiorcza","kat":"powiatowa"},"geometry":{"type":"LineString","coordinates":[[15.89894,51.10661],[15.89784,51.10638],[15.89682,51.10629],[15.89602,51.10646],[15.89363,51.10736]]}},{"type":"Feature","properties":{"numer":"","klasa":"droga zbiorcza","kat":"powiatowa"},"geometry":{"type":"LineString","coordinates":[[15.89363,51.10736],[15.89325,51.10743]]}},{"type":"Feature","properties":{"numer":"","klasa":"droga zbiorcza","kat":"powiatowa"},"geometry":{"type":"LineString","coordinates":[[15.90052,51.10887],[15.90074,51.10761],[15.90064,51.10733],[15.90015,51.10704],[15.89894,51.10661]]}},{"type":"Feature","properties":{"numer":"","klasa":"droga zbiorcza","kat":"powiatowa"},"geometry":{"type":"LineString","coordinates":[[15.90052,51.10913],[15.90052,51.10887]]}},{"type":"Feature","properties":{"numer":"328","klasa":"droga gĹ‚Ăłwna","kat":"wojewodzka"},"geometry":{"type":"LineString","coordinates":[[15.88998,51.11133],[15.89143,51.10963],[15.89228,51.10834],[15.89316,51.10762],[15.89325,51.10743]]}},{"type":"Feature","properties":{"numer":"","klasa":"droga zbiorcza","kat":"powiatowa"},"geometry":{"type":"LineString","coordinates":[[15.90064,51.1099],[15.90052,51.10913]]}},{"type":"Feature","properties":{"numer":"","klasa":"droga zbiorcza","kat":"powiatowa"},"geometry":{"type":"LineString","coordinates":[[15.90117,51.11091],[15.90077,51.11029],[15.90064,51.1099]]}},{"type":"Feature","properties":{"numer":"2610D","klasa":"droga zbiorcza","kat":"powiatowa"},"geometry":{"type":"LineString","coordinates":[[15.92353,51.10241],[15.92266,51.1056],[15.91978,51.10948],[15.91943,51.11011],[15.91871,51.11198],[15.91824,51.11256],[15.91695,51.11373],[15.91677,51.11401],[15.91672,51.11432],[15.91703,51.11516],[15.917,51.11549],[15.91678,51.1158],[15.91603,51.11639],[15.91589,51.11686],[15.91632,51.11855],[15.91636,51.1194]]}},{"type":"Feature","properties":{"numer":"328","klasa":"droga gĹ‚Ăłwna","kat":"wojewodzka"},"geometry":{"type":"LineString","coordinates":[[15.88995,51.11137],[15.88998,51.11133]]}},{"type":"Feature","properties":{"numer":"","klasa":"droga zbiorcza","kat":"powiatowa"},"geometry":{"type":"LineString","coordinates":[[15.90226,51.11237],[15.90117,51.11091]]}},{"type":"Feature","properties":{"numer":"328","klasa":"droga gĹ‚Ăłwna","kat":"wojewodzka"},"geometry":{"type":"LineString","coordinates":[[15.88936,51.11195],[15.88977,51.11165],[15.88995,51.11137]]}},{"type":"Feature","properties":{"numer":"328","klasa":"droga gĹ‚Ăłwna","kat":"wojewodzka"},"geometry":{"type":"LineString","coordinates":[[15.88901,51.11214],[15.88936,51.11195]]}},{"type":"Feature","properties":{"numer":"","klasa":"droga zbiorcza","kat":"powiatowa"},"geometry":{"type":"LineString","coordinates":[[15.90279,51.11345],[15.90244,51.11308],[15.90226,51.11237]]}},{"type":"Feature","properties":{"numer":"328","klasa":"droga gĹ‚Ăłwna","kat":"wojewodzka"},"geometry":{"type":"LineString","coordinates":[[15.88719,51.1142],[15.88791,51.1131],[15.88901,51.11214]]}},{"type":"Feature","properties":{"numer":"382","klasa":"droga gĹ‚Ăłwna","kat":"wojewodzka"},"geometry":{"type":"LineString","coordinates":[[16.04204,51.1073],[16.04332772089991,51.10735853276818]]}},{"type":"Feature","properties":{"numer":"2622D","klasa":"","kat":"powiatowa"},"geometry":{"type":"LineString","coordinates":[[15.99385,51.10454],[15.99405,51.1045]]}},{"type":"Feature","properties":{"numer":"2622D","klasa":"","kat":"powiatowa"},"geometry":{"type":"LineString","coordinates":[[15.99361,51.10454],[15.99385,51.10454]]}},{"type":"Feature","properties":{"numer":"2622D","klasa":"","kat":"powiatowa"},"geometry":{"type":"LineString","coordinates":[[15.98428,51.1118],[15.98454,51.11136],[15.98576,51.11061],[15.98631,51.10917],[15.98698,51.10863],[15.98782,51.10818],[15.98797,51.10795],[15.98819,51.1071],[15.9891,51.10614],[15.98945,51.10593],[15.991,51.10544],[15.99186,51.10503],[15.99361,51.10454]]}},{"type":"Feature","properties":{"numer":"2622D","klasa":"","kat":"powiatowa"},"geometry":{"type":"LineString","coordinates":[[15.98428,51.11182],[15.98428,51.1118]]}},{"type":"Feature","properties":{"numer":"382","klasa":"droga zbiorcza","kat":"wojewodzka"},"geometry":{"type":"LineString","coordinates":[[16.04204,51.1073],[16.03931,51.10819],[16.03868,51.10855],[16.0382,51.10911],[16.03761,51.11034],[16.03586,51.11221],[16.03427,51.11406],[16.03221,51.11536],[16.03183,51.1157],[16.03161,51.1161],[16.03161,51.11647],[16.03181,51.11724],[16.03254,51.11898],[16.03243,51.11932],[16.03206,51.11945],[16.02788,51.11948],[16.02659,51.11957],[16.02604,51.1197],[16.02521,51.12015],[16.02394,51.12131],[16.02306,51.12195],[16.02187,51.12256],[16.02135,51.12329],[16.02066,51.12477],[16.02008,51.12533],[16.01947,51.1257],[16.01805,51.12592],[16.01691,51.12587],[16.01535,51.12569],[16.01442,51.12595],[16.01311,51.12617]]}},{"type":"Feature","properties":{"numer":"2622D","klasa":"","kat":"powiatowa"},"geometry":{"type":"LineString","coordinates":[[15.98576,51.13002],[15.98563,51.12939],[15.98536,51.12905],[15.98504,51.12832],[15.98465,51.12824],[15.98298,51.12839],[15.98111,51.12778],[15.98046,51.12749],[15.98026,51.12731],[15.97977,51.12681],[15.97933,51.12597],[15.97822,51.12567],[15.97772,51.12541],[15.97764,51.12496],[15.97803,51.11927],[15.97788,51.11904],[15.97765,51.11889],[15.97635,51.11846],[15.97654,51.11817],[15.97745,51.11755],[15.97812,51.11692],[15.98012,51.11555],[15.98246,51.11375],[15.98345,51.11283],[15.98418,51.11203],[15.98428,51.11182]]}},{"type":"Feature","properties":{"numer":"382","klasa":"droga zbiorcza","kat":"wojewodzka"},"geometry":{"type":"LineString","coordinates":[[16.01311,51.12617],[16.01303,51.12618]]}},{"type":"Feature","properties":{"numer":"382","klasa":"droga zbiorcza","kat":"wojewodzka"},"geometry":{"type":"LineString","coordinates":[[16.01303,51.12618],[16.01072,51.12669],[16.00863,51.12758],[16.00787,51.12781],[16.00612,51.12817],[16.00374,51.12849],[16.00139,51.12898],[15.99916,51.12908],[15.99612,51.12957],[15.99495,51.12967],[15.99344,51.12967],[15.9898,51.1295],[15.98727,51.13005],[15.98576,51.13002]]}},{"type":"Feature","properties":{"numer":"","klasa":"droga zbiorcza","kat":"powiatowa"},"geometry":{"type":"LineString","coordinates":[[15.90333,51.11396],[15.90279,51.11345]]}},{"type":"Feature","properties":{"numer":"","klasa":"droga zbiorcza","kat":"powiatowa"},"geometry":{"type":"LineString","coordinates":[[15.90326,51.11568],[15.90349,51.11431],[15.90333,51.11396]]}},{"type":"Feature","properties":{"numer":"","klasa":"droga zbiorcza","kat":"powiatowa"},"geometry":{"type":"LineString","coordinates":[[15.90346,51.11699],[15.90326,51.11568]]}},{"type":"Feature","properties":{"numer":"","klasa":"droga zbiorcza","kat":"powiatowa"},"geometry":{"type":"LineString","coordinates":[[15.9035,51.11719],[15.90346,51.11699]]}},{"type":"Feature","properties":{"numer":"","klasa":"droga zbiorcza","kat":"powiatowa"},"geometry":{"type":"LineString","coordinates":[[15.9036,51.11765],[15.9035,51.11719]]}},{"type":"Feature","properties":{"numer":"364","klasa":"droga zbiorcza","kat":"wojewodzka"},"geometry":{"type":"LineString","coordinates":[[15.88719,51.1142],[15.88643,51.11407],[15.88233,51.11404],[15.8806,51.11422],[15.87876,51.11454],[15.87708,51.11471],[15.87554,51.11514],[15.87432,51.11561],[15.87172,51.11627],[15.87034,51.11634],[15.86914,51.11649],[15.86673,51.11648],[15.86617,51.11635],[15.86481,51.11583],[15.86447,51.11576],[15.86245,51.11582],[15.86103,51.1161],[15.85945,51.11673],[15.85836,51.11702],[15.8544,51.11727],[15.84922,51.11748],[15.84832,51.11758],[15.84662,51.11792],[15.84354,51.11895],[15.84013,51.11959],[15.83879,51.11991],[15.83385,51.12062],[15.82997,51.12102],[15.82734,51.12116],[15.82171,51.12073],[15.81754,51.1206],[15.81596,51.12075]]}},{"type":"Feature","properties":{"numer":"","klasa":"droga zbiorcza","kat":"powiatowa"},"geometry":{"type":"LineString","coordinates":[[15.90362,51.1179],[15.9036,51.11765]]}},{"type":"Feature","properties":{"numer":"","klasa":"droga zbiorcza","kat":"powiatowa"},"geometry":{"type":"LineString","coordinates":[[15.90458,51.11852],[15.90362,51.1179]]}},{"type":"Feature","properties":{"numer":"","klasa":"droga zbiorcza","kat":"powiatowa"},"geometry":{"type":"LineString","coordinates":[[15.90532,51.11892],[15.90458,51.11852]]}},{"type":"Feature","properties":{"numer":"","klasa":"droga zbiorcza","kat":"powiatowa"},"geometry":{"type":"LineString","coordinates":[[15.90566,51.1191],[15.90532,51.11892]]}},{"type":"Feature","properties":{"numer":"","klasa":"droga zbiorcza","kat":"powiatowa"},"geometry":{"type":"LineString","coordinates":[[15.90584,51.11919],[15.90566,51.1191]]}},{"type":"Feature","properties":{"numer":"","klasa":"droga zbiorcza","kat":"powiatowa"},"geometry":{"type":"LineString","coordinates":[[15.9059,51.11922],[15.90584,51.11919]]}},{"type":"Feature","properties":{"numer":"","klasa":"droga zbiorcza","kat":"powiatowa"},"geometry":{"type":"LineString","coordinates":[[15.90658,51.11959],[15.9059,51.11922]]}},{"type":"Feature","properties":{"numer":"108616D","klasa":"droga zbiorcza","kat":"powiatowa"},"geometry":{"type":"LineString","coordinates":[[15.91636,51.1194],[15.91793,51.11983],[15.91827,51.11986]]}},{"type":"Feature","properties":{"numer":"","klasa":"droga zbiorcza","kat":"powiatowa"},"geometry":{"type":"LineString","coordinates":[[15.9069,51.11976],[15.90658,51.11959]]}},{"type":"Feature","properties":{"numer":"108616D","klasa":"droga zbiorcza","kat":"powiatowa"},"geometry":{"type":"LineString","coordinates":[[15.91827,51.11986],[15.91994,51.11997]]}},{"type":"Feature","properties":{"numer":"108616D","klasa":"droga zbiorcza","kat":"powiatowa"},"geometry":{"type":"LineString","coordinates":[[15.91994,51.11997],[15.92174,51.11992]]}},{"type":"Feature","properties":{"numer":"2610D","klasa":"droga zbiorcza","kat":"powiatowa"},"geometry":{"type":"LineString","coordinates":[[15.91636,51.1194],[15.91616,51.12062]]}},{"type":"Feature","properties":{"numer":"108616D","klasa":"droga zbiorcza","kat":"powiatowa"},"geometry":{"type":"LineString","coordinates":[[15.92174,51.11992],[15.92367,51.12014]]}},{"type":"Feature","properties":{"numer":"","klasa":"droga zbiorcza","kat":"powiatowa"},"geometry":{"type":"LineString","coordinates":[[15.90832,51.1203],[15.9069,51.11976]]}},{"type":"Feature","properties":{"numer":"","klasa":"droga zbiorcza","kat":"powiatowa"},"geometry":{"type":"LineString","coordinates":[[15.92674,51.12012],[15.92613,51.12012]]}},{"type":"Feature","properties":{"numer":"","klasa":"droga zbiorcza","kat":"powiatowa"},"geometry":{"type":"LineString","coordinates":[[15.9277,51.12013],[15.92674,51.12012]]}},{"type":"Feature","properties":{"numer":"","klasa":"droga zbiorcza","kat":"powiatowa"},"geometry":{"type":"LineString","coordinates":[[15.92613,51.12012],[15.92419,51.12018],[15.92367,51.12014]]}},{"type":"Feature","properties":{"numer":"","klasa":"droga zbiorcza","kat":"powiatowa"},"geometry":{"type":"LineString","coordinates":[[15.91081,51.121],[15.90994,51.12086],[15.90832,51.1203]]}},{"type":"Feature","properties":{"numer":"108624D","klasa":"droga lokalna","kat":"powiatowa"},"geometry":{"type":"LineString","coordinates":[[15.91616,51.12062],[15.91573,51.12074],[15.91448,51.12086],[15.91358,51.12115]]}},{"type":"Feature","properties":{"numer":"2610D","klasa":"droga zbiorcza","kat":"powiatowa"},"geometry":{"type":"LineString","coordinates":[[15.91616,51.12062],[15.91646,51.12138]]}},{"type":"Feature","properties":{"numer":"","klasa":"droga zbiorcza","kat":"powiatowa"},"geometry":{"type":"LineString","coordinates":[[15.91189,51.12112],[15.91081,51.121]]}},{"type":"Feature","properties":{"numer":"","klasa":"droga zbiorcza","kat":"powiatowa"},"geometry":{"type":"LineString","coordinates":[[15.91238,51.12122],[15.91189,51.12112]]}},{"type":"Feature","properties":{"numer":"108624D","klasa":"droga lokalna","kat":"powiatowa"},"geometry":{"type":"LineString","coordinates":[[15.91358,51.12115],[15.91333,51.12128]]}},{"type":"Feature","properties":{"numer":"328,364","klasa":"droga gĹ‚Ăłwna","kat":"gminna"},"geometry":{"type":"LineString","coordinates":[[15.91098,51.12827],[15.90846,51.12804],[15.907,51.12778],[15.90576,51.12739],[15.90445,51.1272],[15.90249,51.12711],[15.90096,51.12683],[15.90041,51.12665],[15.89975,51.12617],[15.89915,51.12529],[15.89842,51.12321],[15.89795,51.12288],[15.89708,51.12252],[15.8955,51.12226],[15.89427,51.12224],[15.89348,51.12231],[15.89232,51.12259],[15.89096,51.12273],[15.88977,51.12253],[15.88896,51.12232],[15.88851,51.12212],[15.88735,51.12134],[15.88704,51.121],[15.88689,51.12053],[15.88709,51.12002],[15.88786,51.11896],[15.88984,51.11721],[15.88997,51.1168],[15.88937,51.11597],[15.88804,51.11465],[15.88719,51.1142]]}},{"type":"Feature","properties":{"numer":"","klasa":"droga zbiorcza","kat":"powiatowa"},"geometry":{"type":"LineString","coordinates":[[15.91279,51.12131],[15.91238,51.12122]]}},{"type":"Feature","properties":{"numer":"108624D","klasa":"droga lokalna","kat":"powiatowa"},"geometry":{"type":"LineString","coordinates":[[15.91333,51.12128],[15.91314,51.12138]]}},{"type":"Feature","properties":{"numer":"","klasa":"droga zbiorcza","kat":"powiatowa"},"geometry":{"type":"LineString","coordinates":[[15.91279,51.12131],[15.91314,51.12138]]}},{"type":"Feature","properties":{"numer":"","klasa":"droga zbiorcza","kat":"powiatowa"},"geometry":{"type":"LineString","coordinates":[[15.91646,51.12138],[15.91484,51.12132],[15.91403,51.12149]]}},{"type":"Feature","properties":{"numer":"108613D","klasa":"droga zbiorcza","kat":"powiatowa"},"geometry":{"type":"LineString","coordinates":[[15.91285,51.12143],[15.91314,51.12138]]}},{"type":"Feature","properties":{"numer":"","klasa":"droga zbiorcza","kat":"powiatowa"},"geometry":{"type":"LineString","coordinates":[[15.91349,51.12146],[15.91314,51.12138]]}},{"type":"Feature","properties":{"numer":"108622D","klasa":"droga lokalna","kat":"powiatowa"},"geometry":{"type":"LineString","coordinates":[[15.91311,51.12151],[15.91314,51.12138]]}},{"type":"Feature","properties":{"numer":"","klasa":"droga zbiorcza","kat":"powiatowa"},"geometry":{"type":"LineString","coordinates":[[15.91763,51.12157],[15.91709,51.12143],[15.91646,51.12138]]}},{"type":"Feature","properties":{"numer":"","klasa":"droga zbiorcza","kat":"powiatowa"},"geometry":{"type":"LineString","coordinates":[[15.91385,51.1215],[15.91349,51.12146]]}},{"type":"Feature","properties":{"numer":"","klasa":"droga zbiorcza","kat":"powiatowa"},"geometry":{"type":"LineString","coordinates":[[15.91403,51.12149],[15.91385,51.1215]]}},{"type":"Feature","properties":{"numer":"108622D","klasa":"droga lokalna","kat":"powiatowa"},"geometry":{"type":"LineString","coordinates":[[15.91416,51.12169],[15.91403,51.12149]]}},{"type":"Feature","properties":{"numer":"","klasa":"droga zbiorcza","kat":"powiatowa"},"geometry":{"type":"LineString","coordinates":[[15.91811,51.12181],[15.91763,51.12157]]}},{"type":"Feature","properties":{"numer":"108622D","klasa":"droga lokalna","kat":"powiatowa"},"geometry":{"type":"LineString","coordinates":[[15.91319,51.12197],[15.91305,51.12173],[15.91311,51.12151]]}},{"type":"Feature","properties":{"numer":"108622D","klasa":"droga lokalna","kat":"powiatowa"},"geometry":{"type":"LineString","coordinates":[[15.91319,51.12197],[15.91352,51.12191]]}},{"type":"Feature","properties":{"numer":"120804D","klasa":"droga lokalna","kat":"powiatowa"},"geometry":{"type":"LineString","coordinates":[[15.91416,51.12169],[15.91455,51.12203],[15.91459,51.12239]]}},{"type":"Feature","properties":{"numer":"","klasa":"droga lokalna","kat":"gminna"},"geometry":{"type":"LineString","coordinates":[[15.91352,51.12191],[15.914,51.12235]]}},{"type":"Feature","properties":{"numer":"108613D","klasa":"droga zbiorcza","kat":"powiatowa"},"geometry":{"type":"LineString","coordinates":[[15.91135,51.12347],[15.91199,51.12232],[15.91285,51.12143]]}},{"type":"Feature","properties":{"numer":"","klasa":"droga lokalna","kat":"gminna"},"geometry":{"type":"LineString","coordinates":[[15.91461,51.12251],[15.91459,51.12239]]}},{"type":"Feature","properties":{"numer":"","klasa":"droga lokalna","kat":"gminna"},"geometry":{"type":"LineString","coordinates":[[15.914,51.12235],[15.91424,51.12258],[15.91461,51.12251]]}},{"type":"Feature","properties":{"numer":"","klasa":"droga zbiorcza","kat":"powiatowa"},"geometry":{"type":"LineString","coordinates":[[15.91985,51.12377],[15.91921,51.12273],[15.91811,51.12181]]}},{"type":"Feature","properties":{"numer":"","klasa":"droga zbiorcza","kat":"powiatowa"},"geometry":{"type":"LineString","coordinates":[[15.91989,51.12387],[15.91985,51.12377]]}},{"type":"Feature","properties":{"numer":"","klasa":"droga zbiorcza","kat":"powiatowa"},"geometry":{"type":"LineString","coordinates":[[15.9202,51.12456],[15.91989,51.12387]]}},{"type":"Feature","properties":{"numer":"108613D","klasa":"droga zbiorcza","kat":"powiatowa"},"geometry":{"type":"LineString","coordinates":[[15.91135,51.12347],[15.91133,51.1246],[15.91122,51.12486],[15.91067,51.12549],[15.90978,51.12626]]}},{"type":"Feature","properties":{"numer":"","klasa":"droga zbiorcza","kat":"powiatowa"},"geometry":{"type":"LineString","coordinates":[[15.92063,51.12541],[15.9202,51.12456]]}},{"type":"Feature","properties":{"numer":"","klasa":"droga zbiorcza","kat":"powiatowa"},"geometry":{"type":"LineString","coordinates":[[15.92136,51.12593],[15.92088,51.12568],[15.92063,51.12541]]}},{"type":"Feature","properties":{"numer":"108615D","klasa":"droga lokalna","kat":"powiatowa"},"geometry":{"type":"LineString","coordinates":[[15.91973,51.12643],[15.92018,51.12591],[15.92028,51.12555]]}},{"type":"Feature","properties":{"numer":"","klasa":"droga zbiorcza","kat":"powiatowa"},"geometry":{"type":"LineString","coordinates":[[15.92236,51.12608],[15.92136,51.12593]]}},{"type":"Feature","properties":{"numer":"","klasa":"droga zbiorcza","kat":"powiatowa"},"geometry":{"type":"LineString","coordinates":[[15.92376,51.12622],[15.92236,51.12608]]}},{"type":"Feature","properties":{"numer":"108613D","klasa":"droga zbiorcza","kat":"powiatowa"},"geometry":{"type":"LineString","coordinates":[[15.90978,51.12626],[15.90978,51.12637]]}},{"type":"Feature","properties":{"numer":"","klasa":"droga zbiorcza","kat":"powiatowa"},"geometry":{"type":"LineString","coordinates":[[15.92486,51.12668],[15.92376,51.12622]]}},{"type":"Feature","properties":{"numer":"108611D","klasa":"droga zbiorcza","kat":"powiatowa"},"geometry":{"type":"LineString","coordinates":[[15.90904,51.12674],[15.90923,51.12655],[15.90978,51.12637]]}},{"type":"Feature","properties":{"numer":"","klasa":"droga zbiorcza","kat":"powiatowa"},"geometry":{"type":"LineString","coordinates":[[15.92503,51.12677],[15.92486,51.12668]]}},{"type":"Feature","properties":{"numer":"","klasa":"droga zbiorcza","kat":"powiatowa"},"geometry":{"type":"LineString","coordinates":[[15.92538,51.12695],[15.92503,51.12677]]}},{"type":"Feature","properties":{"numer":"108611D","klasa":"droga zbiorcza","kat":"powiatowa"},"geometry":{"type":"LineString","coordinates":[[15.90904,51.12674],[15.91009,51.12719]]}},{"type":"Feature","properties":{"numer":"108629D","klasa":"droga lokalna","kat":"powiatowa"},"geometry":{"type":"LineString","coordinates":[[15.91973,51.12643],[15.91868,51.12692],[15.91794,51.1275]]}},{"type":"Feature","properties":{"numer":"","klasa":"droga zbiorcza","kat":"powiatowa"},"geometry":{"type":"LineString","coordinates":[[15.92563,51.12711],[15.92538,51.12695]]}},{"type":"Feature","properties":{"numer":"108611D","klasa":"droga zbiorcza","kat":"powiatowa"},"geometry":{"type":"LineString","coordinates":[[15.91088,51.12783],[15.91053,51.12762],[15.91009,51.12719]]}},{"type":"Feature","properties":{"numer":"","klasa":"droga zbiorcza","kat":"powiatowa"},"geometry":{"type":"LineString","coordinates":[[15.92677,51.12798],[15.92563,51.12711]]}},{"type":"Feature","properties":{"numer":"108604D","klasa":"droga lokalna","kat":"powiatowa"},"geometry":{"type":"LineString","coordinates":[[15.91794,51.1275],[15.91713,51.12769]]}},{"type":"Feature","properties":{"numer":"108604D","klasa":"droga lokalna","kat":"powiatowa"},"geometry":{"type":"LineString","coordinates":[[15.91713,51.12769],[15.91557,51.12772]]}},{"type":"Feature","properties":{"numer":"108611D","klasa":"droga zbiorcza","kat":"powiatowa"},"geometry":{"type":"LineString","coordinates":[[15.91094,51.12797],[15.91088,51.12783]]}},{"type":"Feature","properties":{"numer":"108611D","klasa":"droga zbiorcza","kat":"powiatowa"},"geometry":{"type":"LineString","coordinates":[[15.91103,51.12816],[15.91094,51.12797]]}},{"type":"Feature","properties":{"numer":"","klasa":"droga zbiorcza","kat":"powiatowa"},"geometry":{"type":"LineString","coordinates":[[15.92701,51.12816],[15.92677,51.12798]]}},{"type":"Feature","properties":{"numer":"108611D","klasa":"droga zbiorcza","kat":"powiatowa"},"geometry":{"type":"LineString","coordinates":[[15.91098,51.12827],[15.91103,51.12816]]}},{"type":"Feature","properties":{"numer":"108611D","klasa":"droga zbiorcza","kat":"powiatowa"},"geometry":{"type":"LineString","coordinates":[[15.91103,51.1283],[15.91098,51.12827]]}},{"type":"Feature","properties":{"numer":"","klasa":"droga zbiorcza","kat":"powiatowa"},"geometry":{"type":"LineString","coordinates":[[15.92701,51.12816],[15.92789,51.1288]]}},{"type":"Feature","properties":{"numer":"328,364","klasa":"droga gĹ‚Ăłwna","kat":"gminna"},"geometry":{"type":"LineString","coordinates":[[15.91086,51.12906],[15.91082,51.12887],[15.91103,51.1283]]}},{"type":"Feature","properties":{"numer":"","klasa":"droga zbiorcza","kat":"powiatowa"},"geometry":{"type":"LineString","coordinates":[[15.92789,51.1288],[15.92813,51.12898]]}},{"type":"Feature","properties":{"numer":"328,364","klasa":"droga gĹ‚Ăłwna","kat":"gminna"},"geometry":{"type":"LineString","coordinates":[[15.9109,51.12912],[15.91086,51.12906]]}},{"type":"Feature","properties":{"numer":"328,364","klasa":"droga gĹ‚Ăłwna","kat":"gminna"},"geometry":{"type":"LineString","coordinates":[[15.9109,51.12912],[15.91086,51.12906]]}},{"type":"Feature","properties":{"numer":"","klasa":"droga gĹ‚Ăłwna","kat":"gminna"},"geometry":{"type":"LineString","coordinates":[[15.91086,51.12906],[15.91079,51.12912]]}},{"type":"Feature","properties":{"numer":"","klasa":"droga gĹ‚Ăłwna","kat":"gminna"},"geometry":{"type":"LineString","coordinates":[[15.91079,51.12912],[15.91078,51.12914]]}},{"type":"Feature","properties":{"numer":"","klasa":"droga gĹ‚Ăłwna","kat":"gminna"},"geometry":{"type":"LineString","coordinates":[[15.91078,51.12914],[15.91084,51.12923]]}},{"type":"Feature","properties":{"numer":"","klasa":"droga zbiorcza","kat":"powiatowa"},"geometry":{"type":"LineString","coordinates":[[15.92854,51.12978],[15.92833,51.12922],[15.92813,51.12898]]}},{"type":"Feature","properties":{"numer":"","klasa":"droga gĹ‚Ăłwna","kat":"gminna"},"geometry":{"type":"LineString","coordinates":[[15.91078,51.12914],[15.91138,51.12967],[15.9121,51.12987],[15.91228,51.13002]]}},{"type":"Feature","properties":{"numer":"","klasa":"droga gĹ‚Ăłwna","kat":"gminna"},"geometry":{"type":"LineString","coordinates":[[15.91084,51.12923],[15.91146,51.12972],[15.9121,51.12987],[15.91228,51.13002]]}},{"type":"Feature","properties":{"numer":"328,364","klasa":"droga gĹ‚Ăłwna","kat":"gminna"},"geometry":{"type":"LineString","coordinates":[[15.91821,51.13084],[15.91756,51.13019],[15.91677,51.12986],[15.91551,51.12966],[15.91452,51.12964],[15.91296,51.12942],[15.91155,51.12949],[15.91124,51.12939],[15.9109,51.12912]]}},{"type":"Feature","properties":{"numer":"","klasa":"droga zbiorcza","kat":"powiatowa"},"geometry":{"type":"LineString","coordinates":[[15.92874,51.1302],[15.92854,51.12978]]}},{"type":"Feature","properties":{"numer":"","klasa":"droga zbiorcza","kat":"powiatowa"},"geometry":{"type":"LineString","coordinates":[[15.92908,51.13045],[15.92874,51.1302]]}},{"type":"Feature","properties":{"numer":"","klasa":"droga gĹ‚Ăłwna","kat":"gminna"},"geometry":{"type":"LineString","coordinates":[[15.91228,51.13002],[15.91209,51.13029],[15.91121,51.13087],[15.91072,51.13142]]}},{"type":"Feature","properties":{"numer":"2613D","klasa":"droga zbiorcza","kat":"powiatowa"},"geometry":{"type":"LineString","coordinates":[[15.738622258355914,51.089840451671186],[15.73897,51.08991]]}},{"type":"Feature","properties":{"numer":"364","klasa":"droga zbiorcza","kat":"wojewodzka"},"geometry":{"type":"LineString","coordinates":[[15.81596,51.12075],[15.81552,51.1207],[15.81513,51.12055]]}},{"type":"Feature","properties":{"numer":"2612D","klasa":"","kat":"powiatowa"},"geometry":{"type":"LineString","coordinates":[[15.81596,51.12075],[15.8158,51.12101],[15.81705,51.1222],[15.81801,51.12383],[15.82001,51.12483],[15.82094,51.12618],[15.82117,51.12749],[15.82068,51.12857],[15.82065,51.12945]]}},{"type":"Feature","properties":{"numer":"2612D","klasa":"","kat":"powiatowa"},"geometry":{"type":"LineString","coordinates":[[15.82065,51.12945],[15.82062,51.12963]]}},{"type":"Feature","properties":{"numer":"2612D","klasa":"","kat":"powiatowa"},"geometry":{"type":"LineString","coordinates":[[15.82062,51.12963],[15.8205,51.13037],[15.82018,51.13087]]}},{"type":"Feature","properties":{"numer":"2278D","klasa":"","kat":"powiatowa"},"geometry":{"type":"LineString","coordinates":[[15.82018,51.13087],[15.81955,51.13084],[15.81855,51.13121],[15.81615,51.1329],[15.81495,51.13387],[15.81368,51.13456],[15.81349,51.13474]]}},{"type":"Feature","properties":{"numer":"2278D","klasa":"","kat":"powiatowa"},"geometry":{"type":"LineString","coordinates":[[15.81349,51.13474],[15.81346,51.1348]]}},{"type":"Feature","properties":{"numer":"2612D","klasa":"","kat":"powiatowa"},"geometry":{"type":"LineString","coordinates":[[15.82018,51.13087],[15.82048,51.13267],[15.82114,51.13363],[15.82114,51.13419],[15.82092,51.13486],[15.82099,51.13509],[15.82123,51.13542],[15.82212,51.13602],[15.82348,51.13745],[15.824,51.13876],[15.82528,51.13937],[15.82584,51.1399],[15.82622,51.14059],[15.82618,51.14201],[15.82626,51.14219],[15.82665,51.14243],[15.82877,51.14271],[15.8298,51.14315],[15.83077,51.14345],[15.83284,51.14382]]}},{"type":"Feature","properties":{"numer":"2278D","klasa":"","kat":"powiatowa"},"geometry":{"type":"LineString","coordinates":[[15.81346,51.1348],[15.81328,51.13589],[15.81316,51.13608],[15.81211,51.13665],[15.81149,51.13726],[15.8111,51.13747],[15.81012,51.13788],[15.80798,51.1386],[15.80678,51.13916],[15.80402,51.14005],[15.80233,51.14025],[15.79781,51.14096],[15.79733,51.14108],[15.79624,51.14184],[15.79523,51.14238],[15.79309,51.1429],[15.79252,51.14314],[15.79189,51.14361],[15.79146,51.14428],[15.79115,51.14448],[15.78843,51.14512],[15.78824,51.14534],[15.78816,51.14612],[15.78726,51.14672],[15.78655,51.14684],[15.78504,51.14675],[15.78317,51.14712],[15.78188,51.14707],[15.78079,51.14746],[15.77984,51.1475],[15.77847,51.14776],[15.77646,51.14782]]}},{"type":"Feature","properties":{"numer":"2612D","klasa":"","kat":"powiatowa"},"geometry":{"type":"LineString","coordinates":[[15.83284,51.14382],[15.8329,51.14383]]}},{"type":"Feature","properties":{"numer":"2625D","klasa":"","kat":"powiatowa"},"geometry":{"type":"LineString","coordinates":[[15.73732,51.14159],[15.73807,51.14153],[15.73864,51.1416],[15.74295,51.14306],[15.74595,51.14534],[15.74694,51.14643],[15.74995,51.14781],[15.75145,51.1484],[15.75347,51.14976],[15.75401,51.15022]]}},{"type":"Feature","properties":{"numer":"2518D","klasa":"","kat":"powiatowa"},"geometry":{"type":"LineString","coordinates":[[15.73732,51.14159],[15.73683,51.14091],[15.73454,51.13949],[15.73394,51.13874],[15.73351,51.13851],[15.73285,51.13844],[15.72777,51.1389],[15.72741161680695,51.13894637900145]]}},{"type":"Feature","properties":{"numer":"2625D","klasa":"","kat":"powiatowa"},"geometry":{"type":"LineString","coordinates":[[15.73186,51.15294],[15.73153,51.15247],[15.7317,51.1518],[15.73244,51.15133],[15.73421,51.15058],[15.73445,51.15037],[15.73456,51.1501],[15.73453,51.1498],[15.7342,51.14915],[15.73418,51.14758],[15.73344,51.14664],[15.73346,51.14641],[15.73396,51.1455],[15.73319,51.14254],[15.73344,51.14239],[15.73566,51.14183],[15.73732,51.14159]]}},{"type":"Feature","properties":{"numer":"2278D","klasa":"","kat":"powiatowa"},"geometry":{"type":"LineString","coordinates":[[15.73254,51.15768],[15.73264,51.15744],[15.73253,51.15719],[15.73163,51.15648],[15.73109,51.15558],[15.73046,51.15481],[15.73068,51.1542],[15.73128,51.15367],[15.73186,51.15294]]}},{"type":"Feature","properties":{"numer":"2278D","klasa":"","kat":"powiatowa"},"geometry":{"type":"LineString","coordinates":[[15.73252,51.15771],[15.73254,51.15768]]}},{"type":"Feature","properties":{"numer":"2278D","klasa":"","kat":"powiatowa"},"geometry":{"type":"LineString","coordinates":[[15.73158,51.15868],[15.7318,51.15835],[15.73252,51.15771]]}},{"type":"Feature","properties":{"numer":"2278D","klasa":"","kat":"powiatowa"},"geometry":{"type":"LineString","coordinates":[[15.73157,51.15871],[15.73158,51.15868]]}},{"type":"Feature","properties":{"numer":"364,382","klasa":"droga gĹ‚Ăłwna","kat":"gminna"},"geometry":{"type":"LineString","coordinates":[[15.92908,51.13045],[15.9306,51.13127],[15.93138,51.13157]]}},{"type":"Feature","properties":{"numer":"364,382","klasa":"droga gĹ‚Ăłwna","kat":"gminna"},"geometry":{"type":"LineString","coordinates":[[15.9274,51.1328],[15.92784,51.13238],[15.92876,51.13196],[15.92882,51.13133],[15.92908,51.13045]]}},{"type":"Feature","properties":{"numer":"364,382","klasa":"droga gĹ‚Ăłwna","kat":"gminna"},"geometry":{"type":"LineString","coordinates":[[15.93193,51.13174],[15.93138,51.13157]]}},{"type":"Feature","properties":{"numer":"364,382","klasa":"droga gĹ‚Ăłwna","kat":"gminna"},"geometry":{"type":"LineString","coordinates":[[15.93255,51.13169],[15.93193,51.13174]]}},{"type":"Feature","properties":{"numer":"","klasa":"droga gĹ‚Ăłwna","kat":"gminna"},"geometry":{"type":"LineString","coordinates":[[15.91072,51.13142],[15.90988,51.13241]]}},{"type":"Feature","properties":{"numer":"","klasa":"droga gĹ‚Ăłwna","kat":"gminna"},"geometry":{"type":"LineString","coordinates":[[15.91228,51.13002],[15.91209,51.13029],[15.91121,51.13087],[15.91095,51.13115],[15.90917,51.13321],[15.90836,51.1343]]}},{"type":"Feature","properties":{"numer":"","klasa":"droga gĹ‚Ăłwna","kat":"gminna"},"geometry":{"type":"LineString","coordinates":[[15.90988,51.13241],[15.90926,51.1331]]}},{"type":"Feature","properties":{"numer":"364,382","klasa":"droga gĹ‚Ăłwna","kat":"gminna"},"geometry":{"type":"LineString","coordinates":[[15.92719,51.13308],[15.9274,51.1328]]}},{"type":"Feature","properties":{"numer":"364,382","klasa":"droga gĹ‚Ăłwna","kat":"gminna"},"geometry":{"type":"LineString","coordinates":[[15.94948,51.13434],[15.94633,51.13406],[15.94459,51.13399],[15.94295,51.13356],[15.94069,51.13312],[15.93792,51.13228],[15.93568,51.13177],[15.93498,51.13171],[15.93255,51.13169]]}},{"type":"Feature","properties":{"numer":"328,364","klasa":"droga gĹ‚Ăłwna","kat":"gminna"},"geometry":{"type":"LineString","coordinates":[[15.92392,51.13707],[15.92341,51.1364],[15.92247,51.1355],[15.92177,51.13508],[15.92051,51.13461],[15.92027,51.13442],[15.92001,51.13373],[15.91832,51.13101],[15.91756,51.13019],[15.91677,51.12986],[15.91551,51.12966],[15.91452,51.12964],[15.91266,51.1294],[15.91155,51.12949],[15.91124,51.12939],[15.9109,51.12912]]}},{"type":"Feature","properties":{"numer":"382","klasa":"droga zbiorcza","kat":"wojewodzka"},"geometry":{"type":"LineString","coordinates":[[15.98576,51.13002],[15.98391,51.1301],[15.97785,51.12991],[15.97748,51.13001],[15.97626,51.13062],[15.97601,51.13085]]}},{"type":"Feature","properties":{"numer":"382","klasa":"droga zbiorcza","kat":"wojewodzka"},"geometry":{"type":"LineString","coordinates":[[15.97601,51.13085],[15.97576,51.13112]]}},{"type":"Feature","properties":{"numer":"382","klasa":"droga zbiorcza","kat":"wojewodzka"},"geometry":{"type":"LineString","coordinates":[[15.97576,51.13112],[15.97568,51.13117]]}},{"type":"Feature","properties":{"numer":"382","klasa":"droga zbiorcza","kat":"wojewodzka"},"geometry":{"type":"LineString","coordinates":[[15.97568,51.13117],[15.97394,51.13186],[15.97139,51.13248],[15.96984,51.13323]]}},{"type":"Feature","properties":{"numer":"2619D","klasa":"","kat":"powiatowa"},"geometry":{"type":"LineString","coordinates":[[15.97568,51.13117],[15.97653,51.1315],[15.97667,51.13185],[15.97658,51.13399],[15.97617,51.13588],[15.97563,51.13705],[15.97566,51.13728]]}},{"type":"Feature","properties":{"numer":"382","klasa":"droga zbiorcza","kat":"wojewodzka"},"geometry":{"type":"LineString","coordinates":[[15.96984,51.13323],[15.96873,51.13331],[15.9665,51.1333],[15.96501,51.13322],[15.96278,51.13357],[15.95997,51.13438],[15.9587,51.13464],[15.95586,51.13644],[15.95552,51.13658]]}},{"type":"Feature","properties":{"numer":"2618D","klasa":"","kat":"powiatowa"},"geometry":{"type":"LineString","coordinates":[[15.97566,51.13728],[15.97363,51.13685],[15.97106,51.13622],[15.97074,51.13606],[15.96953,51.13475],[15.9699,51.13349],[15.96984,51.13323]]}},{"type":"Feature","properties":{"numer":"2618D","klasa":"","kat":"powiatowa"},"geometry":{"type":"LineString","coordinates":[[15.97566,51.13728],[15.97755,51.13781],[15.97782,51.13806],[15.98092,51.13784],[15.98186,51.13794],[15.98259,51.1383],[15.98315,51.13846],[15.9846,51.13857],[15.98599,51.13853],[15.98642,51.13859],[15.99001,51.1394],[15.99346,51.14071],[15.99485,51.14078],[15.99702,51.14125],[15.99825,51.14137],[15.99855,51.14137],[15.99884,51.14126],[15.99999,51.14042],[16.00101,51.13872],[16.00124,51.1385],[16.0016,51.13834],[16.00768,51.13822],[16.00964,51.13829],[16.01086,51.13814],[16.01201,51.13809],[16.01514,51.1381],[16.01703,51.1383],[16.0187,51.13811],[16.01955,51.1383],[16.02062,51.1389],[16.02158,51.13888],[16.02249,51.13895],[16.02363,51.13908],[16.0247,51.13929],[16.02496,51.13946],[16.0247,51.14024],[16.02584,51.14078],[16.02639,51.1408],[16.02902,51.14052],[16.03247,51.14133],[16.036131572866196,51.141473030190085]]}},{"type":"Feature","properties":{"numer":"","klasa":"droga gĹ‚Ăłwna","kat":"gminna"},"geometry":{"type":"LineString","coordinates":[[15.90926,51.1331],[15.90909,51.13332]]}},{"type":"Feature","properties":{"numer":"","klasa":"droga gĹ‚Ăłwna","kat":"gminna"},"geometry":{"type":"LineString","coordinates":[[15.90909,51.13332],[15.9086,51.13396]]}},{"type":"Feature","properties":{"numer":"","klasa":"droga gĹ‚Ăłwna","kat":"gminna"},"geometry":{"type":"LineString","coordinates":[[15.9086,51.13396],[15.90836,51.1343]]}},{"type":"Feature","properties":{"numer":"","klasa":"droga gĹ‚Ăłwna","kat":"gminna"},"geometry":{"type":"LineString","coordinates":[[15.90836,51.1343],[15.90832,51.13435]]}},{"type":"Feature","properties":{"numer":"364,382","klasa":"droga gĹ‚Ăłwna","kat":"gminna"},"geometry":{"type":"LineString","coordinates":[[15.94948,51.13434],[15.95039,51.13449]]}},{"type":"Feature","properties":{"numer":"364,382","klasa":"droga gĹ‚Ăłwna","kat":"gminna"},"geometry":{"type":"LineString","coordinates":[[15.92392,51.13707],[15.92492,51.13673],[15.92652,51.13535],[15.92706,51.1343],[15.92705,51.1334],[15.92719,51.13308]]}},{"type":"Feature","properties":{"numer":"364,382","klasa":"droga gĹ‚Ăłwna","kat":"gminna"},"geometry":{"type":"LineString","coordinates":[[15.95552,51.13658],[15.95476,51.13612],[15.95198,51.13497],[15.95039,51.13449]]}},{"type":"Feature","properties":{"numer":"","klasa":"droga gĹ‚Ăłwna","kat":"gminna"},"geometry":{"type":"LineString","coordinates":[[15.90832,51.13435],[15.90694,51.13636],[15.90612,51.13814]]}},{"type":"Feature","properties":{"numer":"328,382","klasa":"droga gĹ‚Ăłwna","kat":"gminna"},"geometry":{"type":"LineString","coordinates":[[15.92306,51.14212],[15.92414,51.14111],[15.92429,51.14075],[15.92393,51.14024],[15.92244,51.13944],[15.92221,51.13908],[15.92319,51.13757],[15.92392,51.13707]]}},{"type":"Feature","properties":{"numer":"2624D","klasa":"","kat":"powiatowa"},"geometry":{"type":"LineString","coordinates":[[15.88881,51.14841],[15.89217,51.14695],[15.89457,51.14567],[15.89575,51.14386],[15.8986,51.1401],[15.89937,51.13921],[15.90316,51.13561],[15.90432,51.13404],[15.90455,51.13391],[15.90494,51.13388],[15.90836,51.1343]]}},{"type":"Feature","properties":{"numer":"","klasa":"droga gĹ‚Ăłwna","kat":"gminna"},"geometry":{"type":"LineString","coordinates":[[15.90836,51.1343],[15.90677,51.13668],[15.90529,51.13997],[15.90299,51.14458],[15.90189,51.14728],[15.90022,51.1532],[15.9002,51.15387]]}},{"type":"Feature","properties":{"numer":"","klasa":"droga gĹ‚Ăłwna","kat":"gminna"},"geometry":{"type":"LineString","coordinates":[[15.90612,51.13814],[15.90315,51.1442],[15.90189,51.14728],[15.90022,51.1532],[15.9002,51.15387]]}},{"type":"Feature","properties":{"numer":"2615D","klasa":"","kat":"powiatowa"},"geometry":{"type":"LineString","coordinates":[[15.90103,51.15613],[15.89869,51.1559],[15.89766,51.15568],[15.89574,51.15502],[15.89212,51.15343],[15.8918,51.15314],[15.89018,51.15037],[15.88881,51.14841]]}},{"type":"Feature","properties":{"numer":"328,382","klasa":"droga gĹ‚Ăłwna","kat":"gminna"},"geometry":{"type":"LineString","coordinates":[[15.91854,51.16251],[15.91815,51.16139],[15.91815,51.16089],[15.919,51.15843],[15.9207,51.15199],[15.9227,51.14799],[15.92273,51.14767],[15.92226,51.14584],[15.92213,51.14459],[15.92171,51.14342],[15.92176,51.14305],[15.92212,51.14269],[15.92306,51.14212]]}},{"type":"Feature","properties":{"numer":"2616D","klasa":"","kat":"powiatowa"},"geometry":{"type":"LineString","coordinates":[[15.94566,51.16636],[15.94534,51.16586],[15.94442,51.16483],[15.94308,51.16276],[15.94204,51.16163],[15.93989,51.15791],[15.9389,51.1552],[15.93816,51.15389],[15.93394,51.14892],[15.93159,51.14684],[15.93017,51.14524],[15.92945,51.14472],[15.92792,51.1439],[15.92489,51.14301],[15.92381,51.14258],[15.92306,51.14212]]}},{"type":"Feature","properties":{"numer":"","klasa":"droga gĹ‚Ăłwna","kat":"gminna"},"geometry":{"type":"LineString","coordinates":[[15.9002,51.15387],[15.901,51.15573]]}},{"type":"Feature","properties":{"numer":"2624D","klasa":"","kat":"powiatowa"},"geometry":{"type":"LineString","coordinates":[[15.85756,51.16122],[15.85773,51.1611],[15.85796,51.16058],[15.85823,51.16036],[15.85999,51.15965],[15.86279,51.15771],[15.86553,51.1561],[15.8688,51.15476],[15.87346,51.15304],[15.87497,51.1524],[15.87761,51.15169],[15.88114,51.15086],[15.88881,51.14841]]}},{"type":"Feature","properties":{"numer":"","klasa":"droga gĹ‚Ăłwna","kat":"gminna"},"geometry":{"type":"LineString","coordinates":[[15.901,51.15573],[15.90103,51.15613]]}},{"type":"Feature","properties":{"numer":"","klasa":"droga gĹ‚Ăłwna","kat":"gminna"},"geometry":{"type":"LineString","coordinates":[[15.901,51.15573],[15.90103,51.15613]]}},{"type":"Feature","properties":{"numer":"382","klasa":"droga zbiorcza","kat":"wojewodzka"},"geometry":{"type":"LineString","coordinates":[[15.90103,51.15613],[15.90315,51.15653],[15.90523,51.15718],[15.91463,51.16083],[15.91854,51.16251]]}},{"type":"Feature","properties":{"numer":"364","klasa":"droga gĹ‚Ăłwna","kat":"wojewodzka"},"geometry":{"type":"LineString","coordinates":[[15.95552,51.13658],[15.95679,51.13787],[15.95825,51.13852],[15.95985,51.13954],[15.9612,51.13992],[15.96535,51.14054],[15.96772,51.14103],[15.97039,51.1422],[15.97177,51.1426],[15.98287,51.14668],[15.98347,51.14694],[15.98497,51.14782],[15.99031,51.15065],[15.99322,51.15158],[15.99725,51.15362],[16.00785,51.15737],[16.01092,51.15838],[16.017399143580086,51.159354973726145]]}},{"type":"Feature","properties":{"numer":"2617D","klasa":"","kat":"powiatowa"},"geometry":{"type":"LineString","coordinates":[[16.02902375,51.16398875],[16.02899,51.164]]}},{"type":"Feature","properties":{"numer":"2617D","klasa":"","kat":"powiatowa"},"geometry":{"type":"LineString","coordinates":[[15.99147,51.17872],[15.99155,51.17697],[15.99201,51.17664],[15.99212,51.17639],[15.99171,51.17569],[15.99171,51.17547],[15.99204,51.17514],[15.99316,51.17455],[15.99538,51.17386],[15.99851,51.17313],[16.00098,51.17208],[16.00437,51.17113],[16.00624,51.17093],[16.00939,51.17072],[16.01267,51.17032],[16.01838,51.17003],[16.01888,51.16975],[16.0205,51.16758],[16.0212,51.167],[16.02381,51.1657],[16.02623,51.16508],[16.02899,51.164]]}},{"type":"Feature","properties":{"numer":"108639D,2278D","klasa":"","kat":"powiatowa"},"geometry":{"type":"LineString","coordinates":[[15.7758,51.14809],[15.77646,51.14782]]}},{"type":"Feature","properties":{"numer":"2278D","klasa":"","kat":"powiatowa"},"geometry":{"type":"LineString","coordinates":[[15.75401,51.15022],[15.75525,51.15031],[15.75869,51.15036],[15.76183,51.15015],[15.76314,51.14993],[15.76483,51.14979],[15.76659,51.14938],[15.76829,51.14915],[15.77076,51.14898],[15.77179,51.14871],[15.77316,51.14859],[15.77402,51.14836],[15.7758,51.14809]]}},{"type":"Feature","properties":{"numer":"2278D","klasa":"","kat":"powiatowa"},"geometry":{"type":"LineString","coordinates":[[15.73186,51.15294],[15.73236,51.15275],[15.73314,51.15219],[15.73376,51.1519],[15.73624,51.15146],[15.73683,51.15125],[15.73772,51.15068],[15.73841,51.14986],[15.73881,51.14972],[15.74137,51.14978],[15.74328,51.14971],[15.75401,51.15022]]}},{"type":"Feature","properties":{"numer":"2612D","klasa":"","kat":"powiatowa"},"geometry":{"type":"LineString","coordinates":[[15.8329,51.14383],[15.83516,51.14438],[15.83593,51.14471],[15.83675,51.14489],[15.83713,51.14512],[15.83771,51.14573],[15.83761,51.14639],[15.8384,51.14739],[15.83907,51.14783],[15.84287,51.15083],[15.84374,51.15127],[15.84474,51.15228],[15.84527,51.15251],[15.84661,51.15281],[15.84697,51.15298],[15.84741,51.15353],[15.8477,51.1547],[15.84802,51.15505],[15.84842,51.15523],[15.84959,51.15554],[15.85027,51.156],[15.85087,51.15656],[15.85116,51.15664],[15.85201,51.15667],[15.8528,51.1572],[15.85446,51.15794],[15.8552,51.1591],[15.85594,51.16074]]}},{"type":"Feature","properties":{"numer":"2625D","klasa":"","kat":"powiatowa"},"geometry":{"type":"LineString","coordinates":[[15.75401,51.15022],[15.75688,51.15387],[15.75857,51.15526],[15.76047,51.15813],[15.76259,51.16012],[15.76396,51.16173],[15.76432,51.16279],[15.76593,51.16436],[15.76719,51.16581],[15.76754,51.16713]]}},{"type":"Feature","properties":{"numer":"2625D","klasa":"","kat":"powiatowa"},"geometry":{"type":"LineString","coordinates":[[15.76754,51.16713],[15.76768,51.16738]]}},{"type":"Feature","properties":{"numer":"2290D","klasa":"","kat":"powiatowa"},"geometry":{"type":"LineString","coordinates":[[15.76768,51.16738],[15.76752,51.16744]]}},{"type":"Feature","properties":{"numer":"2625D","klasa":"","kat":"powiatowa"},"geometry":{"type":"LineString","coordinates":[[15.76768,51.16738],[15.76795,51.16736],[15.76987,51.16768]]}},{"type":"Feature","properties":{"numer":"2612D","klasa":"","kat":"powiatowa"},"geometry":{"type":"LineString","coordinates":[[15.84519,51.16821],[15.84513,51.16827]]}},{"type":"Feature","properties":{"numer":"2290D","klasa":"","kat":"powiatowa"},"geometry":{"type":"LineString","coordinates":[[15.76618,51.1747],[15.76566,51.1743],[15.76534,51.17346],[15.76519,51.1733],[15.76539,51.17286],[15.7652,51.17213],[15.76752,51.16744]]}},{"type":"Feature","properties":{"numer":"2612D","klasa":"","kat":"powiatowa"},"geometry":{"type":"LineString","coordinates":[[15.85594,51.16074],[15.85596,51.16077]]}},{"type":"Feature","properties":{"numer":"2612D","klasa":"","kat":"powiatowa"},"geometry":{"type":"LineString","coordinates":[[15.85596,51.16077],[15.85683,51.16145]]}},{"type":"Feature","properties":{"numer":"2624D","klasa":"","kat":"powiatowa"},"geometry":{"type":"LineString","coordinates":[[15.85732,51.16129],[15.85756,51.16122]]}},{"type":"Feature","properties":{"numer":"2624D","klasa":"","kat":"powiatowa"},"geometry":{"type":"LineString","coordinates":[[15.85683,51.16145],[15.85732,51.16129]]}},{"type":"Feature","properties":{"numer":"2037005","klasa":"droga lokalna","kat":"powiatowa"},"geometry":{"type":"LineString","coordinates":[[15.92924,51.16536],[15.92634,51.16516],[15.92531,51.165],[15.92048,51.16331],[15.91854,51.16251]]}},{"type":"Feature","properties":{"numer":"2612D","klasa":"","kat":"powiatowa"},"geometry":{"type":"LineString","coordinates":[[15.85683,51.16145],[15.85703,51.16174],[15.85699,51.16224],[15.85683,51.16245],[15.85645,51.16269],[15.85513,51.16286],[15.85411,51.16314],[15.85138,51.16318],[15.85099,51.16328],[15.85074,51.16357],[15.85053,51.16496],[15.85041,51.16517],[15.84994,51.16537],[15.84855,51.16544],[15.84825,51.16563],[15.8477,51.1678],[15.84735,51.16793],[15.84575,51.16795],[15.84519,51.16821]]}},{"type":"Feature","properties":{"numer":"2037005","klasa":"droga lokalna","kat":"powiatowa"},"geometry":{"type":"LineString","coordinates":[[15.92924,51.16536],[15.93302,51.16543],[15.93676,51.16504],[15.93912,51.16518]]}},{"type":"Feature","properties":{"numer":"2037005","klasa":"droga lokalna","kat":"powiatowa"},"geometry":{"type":"LineString","coordinates":[[15.94566,51.16636],[15.93912,51.16518]]}},{"type":"Feature","properties":{"numer":"2037005","klasa":"droga lokalna","kat":"powiatowa"},"geometry":{"type":"LineString","coordinates":[[15.94587,51.16641],[15.94566,51.16636]]}},{"type":"Feature","properties":{"numer":"382","klasa":"droga zbiorcza","kat":"wojewodzka"},"geometry":{"type":"LineString","coordinates":[[15.90103,51.15613],[15.90091,51.15681],[15.90061,51.1573],[15.89798,51.16059],[15.89736,51.16251],[15.89662,51.16555],[15.89659,51.16849],[15.89639,51.16914],[15.8932,51.17325],[15.89098,51.17534],[15.88964,51.17713],[15.88768,51.17929],[15.88655,51.18013],[15.88083,51.18331],[15.87913,51.18415],[15.87619,51.18539],[15.87461,51.18622],[15.87016,51.18878],[15.86849,51.18949],[15.86751,51.18977],[15.86687,51.19025],[15.86561,51.19077],[15.86535,51.19099]]}},{"type":"Feature","properties":{"numer":"2617D","klasa":"","kat":"powiatowa"},"geometry":{"type":"LineString","coordinates":[[15.99147,51.17872],[15.99079,51.17935]]}},{"type":"Feature","properties":{"numer":"2617D","klasa":"","kat":"powiatowa"},"geometry":{"type":"LineString","coordinates":[[15.9913,51.17999],[15.99147,51.17872]]}},{"type":"Feature","properties":{"numer":"2611D","klasa":"","kat":"powiatowa"},"geometry":{"type":"LineString","coordinates":[[15.99079,51.17935],[15.9913,51.17999]]}},{"type":"Feature","properties":{"numer":"2611D","klasa":"","kat":"powiatowa"},"geometry":{"type":"LineString","coordinates":[[15.96193,51.18213],[15.96551,51.18091],[15.96651,51.18066],[15.96878,51.18067],[15.9727,51.18096],[15.9753,51.18095],[15.97916,51.18029],[15.98293,51.1794],[15.98436,51.17916],[15.98557,51.17912],[15.99079,51.17935]]}},{"type":"Feature","properties":{"numer":"2278D","klasa":"","kat":"powiatowa"},"geometry":{"type":"LineString","coordinates":[[15.72834,51.16405],[15.72869,51.16397],[15.72906,51.16349],[15.7293,51.16276],[15.73019,51.16143],[15.73077,51.15999],[15.73125,51.15943],[15.73157,51.15871]]}},{"type":"Feature","properties":{"numer":"2278D","klasa":"","kat":"powiatowa"},"geometry":{"type":"LineString","coordinates":[[15.72828,51.16404],[15.72834,51.16405]]}},{"type":"Feature","properties":{"numer":"2278D","klasa":"","kat":"powiatowa"},"geometry":{"type":"LineString","coordinates":[[15.7215,51.17065],[15.72206,51.17042],[15.72296,51.16974],[15.72303,51.16832],[15.72333,51.16752],[15.72341,51.16676],[15.72364,51.16645],[15.72446,51.1657],[15.72532,51.16528],[15.72713,51.1642],[15.72776,51.16394],[15.72828,51.16404]]}},{"type":"Feature","properties":{"numer":"2278D","klasa":"","kat":"powiatowa"},"geometry":{"type":"LineString","coordinates":[[15.72139,51.17068],[15.7215,51.17065]]}},{"type":"Feature","properties":{"numer":"2278D","klasa":"","kat":"powiatowa"},"geometry":{"type":"LineString","coordinates":[[15.72003,51.17099],[15.72139,51.17068]]}},{"type":"Feature","properties":{"numer":"2278D","klasa":"droga zbiorcza","kat":"powiatowa"},"geometry":{"type":"LineString","coordinates":[[15.71997642097803,51.1709966335932],[15.72003,51.17099]]}},{"type":"Feature","properties":{"numer":"2625D","klasa":"","kat":"powiatowa"},"geometry":{"type":"LineString","coordinates":[[15.76987,51.16768],[15.77101,51.16777],[15.77427,51.16716],[15.77765,51.16733],[15.77869,51.16719],[15.78053,51.16774],[15.7813,51.16815],[15.78181,51.16866],[15.78209,51.16878],[15.78305,51.16889],[15.78442,51.16918],[15.78961,51.16985],[15.79229,51.17035],[15.79404,51.17083],[15.79583,51.17108],[15.79746,51.17164],[15.79894,51.17186],[15.80101,51.17309],[15.80344,51.17388],[15.80932,51.17443],[15.82012,51.17756],[15.82933,51.17811],[15.83262,51.17802],[15.8372,51.17699],[15.84001,51.1773],[15.8432,51.17752],[15.84396,51.17741],[15.84623,51.17679],[15.84959,51.17682],[15.85122,51.17717]]}},{"type":"Feature","properties":{"numer":"2612D","klasa":"","kat":"powiatowa"},"geometry":{"type":"LineString","coordinates":[[15.84513,51.16827],[15.84492,51.16865],[15.84545,51.17003],[15.84585,51.17168],[15.84615,51.17239],[15.84656,51.17287],[15.84785,51.17401],[15.84807,51.17459],[15.849,51.17508],[15.85041,51.17615],[15.85122,51.17717]]}},{"type":"Feature","properties":{"numer":"2290D","klasa":"","kat":"powiatowa"},"geometry":{"type":"LineString","coordinates":[[15.76641,51.1755],[15.76651,51.17527],[15.76633,51.17481],[15.76618,51.1747]]}},{"type":"Feature","properties":{"numer":"2627D","klasa":"","kat":"powiatowa"},"geometry":{"type":"LineString","coordinates":[[15.78069,51.19981],[15.78073,51.19927],[15.7802,51.19871],[15.78015,51.19844],[15.78089,51.19506],[15.78141,51.19385],[15.78137,51.1934],[15.78119,51.19311],[15.77792,51.18973],[15.77641,51.18526],[15.77596,51.18456],[15.77187,51.18118],[15.7691,51.17962],[15.76869,51.17915],[15.76868,51.17885],[15.76887,51.17844],[15.7734,51.17083],[15.77292,51.16975],[15.77288,51.16934],[15.77272,51.16913],[15.77084,51.1681],[15.76987,51.16768]]}},{"type":"Feature","properties":{"numer":"382","klasa":"droga zbiorcza","kat":"wojewodzka"},"geometry":{"type":"LineString","coordinates":[[15.8416,51.19863],[15.84166,51.19862]]}},{"type":"Feature","properties":{"numer":"382","klasa":"droga zbiorcza","kat":"wojewodzka"},"geometry":{"type":"LineString","coordinates":[[15.8416,51.19863],[15.83607,51.19965],[15.83412,51.20007],[15.83022,51.20159],[15.82884,51.20224],[15.82416,51.20405],[15.82241,51.20495],[15.81855,51.20624],[15.81761,51.20627],[15.81431,51.2061],[15.81145,51.20585],[15.81087,51.20599],[15.81012,51.20657],[15.80978,51.20669],[15.80684,51.20667],[15.80158,51.20647],[15.79897,51.20587]]}},{"type":"Feature","properties":{"numer":"382","klasa":"droga zbiorcza","kat":"wojewodzka"},"geometry":{"type":"LineString","coordinates":[[15.79897,51.20587],[15.79778,51.20555],[15.79678,51.205],[15.79454,51.20396],[15.7909,51.20285],[15.78887,51.20194],[15.78712,51.20146],[15.78523,51.20116],[15.7817,51.19984],[15.78069,51.19981]]}},{"type":"Feature","properties":{"numer":"382","klasa":"droga zbiorcza","kat":"wojewodzka"},"geometry":{"type":"LineString","coordinates":[[15.78069,51.19981],[15.7794,51.19983],[15.77664,51.20045],[15.77335,51.20178],[15.76933,51.20286],[15.76851,51.20318],[15.76828,51.20334],[15.76361,51.20866],[15.76181,51.20987],[15.76072,51.21037],[15.75887,51.21171],[15.75869,51.21209],[15.75897,51.21326]]}},{"type":"Feature","properties":{"numer":"382","klasa":"droga zbiorcza","kat":"wojewodzka"},"geometry":{"type":"LineString","coordinates":[[15.75897,51.21326],[15.75897,51.21375],[15.75852,51.2141],[15.75723,51.21468],[15.754054485728345,51.21578412996227]]}},{"type":"Feature","properties":{"numer":"2290D","klasa":"","kat":"powiatowa"},"geometry":{"type":"LineString","coordinates":[[15.75753,51.19099],[15.757276921159807,51.19102585283569]]}},{"type":"Feature","properties":{"numer":"2616D","klasa":"","kat":"powiatowa"},"geometry":{"type":"LineString","coordinates":[[15.94977,51.18426],[15.94934,51.18238],[15.94906,51.18201],[15.94388,51.18063],[15.94261,51.17991],[15.94263,51.17977],[15.94512,51.17801],[15.94543,51.17725],[15.94617,51.17643],[15.94629,51.17613],[15.94618,51.17538],[15.94627,51.17437],[15.94578,51.17318],[15.94517,51.17053],[15.94527,51.16968],[15.94589,51.16851],[15.94604,51.16802],[15.94604,51.16705],[15.94587,51.16641]]}},{"type":"Feature","properties":{"numer":"328","klasa":"droga gĹ‚Ăłwna","kat":"wojewodzka"},"geometry":{"type":"LineString","coordinates":[[15.9269,51.18862],[15.92626,51.18639],[15.92554,51.18265],[15.92561,51.1793],[15.92549,51.1768],[15.92528,51.17546],[15.92461,51.17417],[15.92373,51.17292],[15.92296,51.16995],[15.92143,51.16797],[15.92112,51.16619],[15.9199,51.1648],[15.91854,51.16251]]}},{"type":"Feature","properties":{"numer":"2612D","klasa":"","kat":"powiatowa"},"geometry":{"type":"LineString","coordinates":[[15.85122,51.17717],[15.85152,51.17758],[15.85174,51.17865],[15.85254,51.17935],[15.8542,51.18032],[15.85445,51.18057],[15.85479,51.18209],[15.85455,51.18252],[15.85475,51.18265]]}},{"type":"Feature","properties":{"numer":"2612D","klasa":"","kat":"powiatowa"},"geometry":{"type":"LineString","coordinates":[[15.85475,51.18265],[15.85508,51.18271]]}},{"type":"Feature","properties":{"numer":"2611D","klasa":"","kat":"powiatowa"},"geometry":{"type":"LineString","coordinates":[[15.94977,51.18426],[15.95554,51.18341],[15.96193,51.18213]]}},{"type":"Feature","properties":{"numer":"2611D","klasa":"","kat":"powiatowa"},"geometry":{"type":"LineString","coordinates":[[15.9269,51.18862],[15.92933,51.18832],[15.9332,51.18764],[15.93434,51.18737],[15.93912,51.18594],[15.94278,51.18539],[15.9458,51.18444],[15.94977,51.18426]]}},{"type":"Feature","properties":{"numer":"2612D","klasa":"","kat":"powiatowa"},"geometry":{"type":"LineString","coordinates":[[15.85508,51.18271],[15.85601,51.18359],[15.85652,51.18392],[15.8585,51.18484],[15.86024,51.1859],[15.86203,51.18655],[15.8624,51.18678],[15.86377,51.18796],[15.86403,51.18864],[15.86505,51.18996],[15.86535,51.19099]]}},{"type":"Feature","properties":{"numer":"2612D,382","klasa":"droga zbiorcza","kat":"powiatowa"},"geometry":{"type":"LineString","coordinates":[[15.86535,51.19099],[15.86494,51.1933],[15.86396,51.19515]]}},{"type":"Feature","properties":{"numer":"382","klasa":"droga zbiorcza","kat":"wojewodzka"},"geometry":{"type":"LineString","coordinates":[[15.86326,51.19503],[15.86128,51.19475],[15.85971,51.19474]]}},{"type":"Feature","properties":{"numer":"382","klasa":"droga zbiorcza","kat":"wojewodzka"},"geometry":{"type":"LineString","coordinates":[[15.86333,51.19504],[15.86326,51.19503]]}},{"type":"Feature","properties":{"numer":"2611D","klasa":"","kat":"powiatowa"},"geometry":{"type":"LineString","coordinates":[[15.9913,51.17999],[15.99192,51.18266],[15.99217,51.18312],[15.99271,51.18367],[15.99314,51.18389],[15.99363,51.18402],[15.99488,51.18417],[15.99528,51.1846],[15.99593,51.18502],[15.99784,51.18565],[15.99874,51.1861],[16.00144,51.18689],[16.00207,51.18731],[16.00224,51.18772]]}},{"type":"Feature","properties":{"numer":"2611D","klasa":"","kat":"powiatowa"},"geometry":{"type":"LineString","coordinates":[[16.00224,51.18772],[16.00226,51.18784]]}},{"type":"Feature","properties":{"numer":"2611D","klasa":"","kat":"powiatowa"},"geometry":{"type":"LineString","coordinates":[[16.00226,51.18784],[16.00213,51.18822]]}},{"type":"Feature","properties":{"numer":"2611D","klasa":"","kat":"powiatowa"},"geometry":{"type":"LineString","coordinates":[[16.00204,51.1883],[16.00213,51.18822]]}},{"type":"Feature","properties":{"numer":"A4,E40","klasa":"autostrada","kat":"krajowa"},"geometry":{"type":"LineString","coordinates":[[16.0417529355015,51.18204009129811],[16.01769,51.19627]]}},{"type":"Feature","properties":{"numer":"2611D","klasa":"","kat":"powiatowa"},"geometry":{"type":"LineString","coordinates":[[16.00204,51.1883],[16.00134,51.18884],[16.00127,51.18901],[16.00156,51.1899],[16.00227,51.19066],[16.00258,51.19078],[16.00358,51.19078],[16.00407,51.19087],[16.00573,51.19161],[16.00645,51.19225],[16.00757,51.19277],[16.0087,51.19357],[16.01033,51.19498],[16.01195,51.19568],[16.01277,51.19629]]}},{"type":"Feature","properties":{"numer":"2267D","klasa":"","kat":"powiatowa"},"geometry":{"type":"LineString","coordinates":[[15.97019,51.20557],[15.97006,51.20407],[15.97008,51.20211],[15.96982,51.20084],[15.96887,51.19893],[15.96607,51.19423],[15.96566,51.19328],[15.9645,51.1902],[15.96412,51.18865],[15.96424,51.18787],[15.9641,51.18725],[15.9633,51.18577],[15.96287,51.18345],[15.96193,51.18213]]}},{"type":"Feature","properties":{"numer":"","klasa":"autostrada","kat":"krajowa"},"geometry":{"type":"LineString","coordinates":[[16.01277,51.19629],[16.0124,51.19651]]}},{"type":"Feature","properties":{"numer":"A4,E40","klasa":"autostrada","kat":"krajowa"},"geometry":{"type":"LineString","coordinates":[[16.01769,51.19627],[16.01484,51.19759]]}},{"type":"Feature","properties":{"numer":"2611D","klasa":"","kat":"powiatowa"},"geometry":{"type":"LineString","coordinates":[[16.01277,51.19629],[16.01348,51.19684],[16.01484,51.19759]]}},{"type":"Feature","properties":{"numer":"382","klasa":"droga zbiorcza","kat":"wojewodzka"},"geometry":{"type":"LineString","coordinates":[[15.86352,51.19506],[15.86333,51.19504]]}},{"type":"Feature","properties":{"numer":"382","klasa":"droga zbiorcza","kat":"wojewodzka"},"geometry":{"type":"LineString","coordinates":[[15.86381,51.19512],[15.86352,51.19506]]}},{"type":"Feature","properties":{"numer":"382","klasa":"droga zbiorcza","kat":"wojewodzka"},"geometry":{"type":"LineString","coordinates":[[15.86396,51.19515],[15.86381,51.19512]]}},{"type":"Feature","properties":{"numer":"382","klasa":"droga zbiorcza","kat":"wojewodzka"},"geometry":{"type":"LineString","coordinates":[[15.85971,51.19474],[15.85644,51.19501],[15.8517,51.19593],[15.85009,51.19637],[15.84575,51.19777],[15.84166,51.19862]]}},{"type":"Feature","properties":{"numer":"328","klasa":"droga gĹ‚Ăłwna","kat":"wojewodzka"},"geometry":{"type":"LineString","coordinates":[[15.92516,51.21031],[15.92519,51.20965],[15.92493,51.20888],[15.92497,51.20792],[15.92542,51.20725],[15.9272,51.20542],[15.9273,51.20522],[15.92704,51.20168],[15.9266,51.20015],[15.92657,51.1992],[15.92679,51.19822],[15.92749,51.19682],[15.9284,51.19448],[15.92829,51.19313],[15.92718,51.19011],[15.9269,51.18862]]}},{"type":"Feature","properties":{"numer":"2612D","klasa":"","kat":"powiatowa"},"geometry":{"type":"LineString","coordinates":[[15.86396,51.19515],[15.86348,51.19574],[15.86239,51.19631],[15.86084,51.19733],[15.86013,51.19835],[15.86039,51.1997],[15.86049,51.20125],[15.86075,51.20196],[15.86054,51.20284],[15.86113,51.20328],[15.86133,51.20382],[15.86066,51.20469],[15.86025,51.2057],[15.86051,51.20647],[15.86048,51.20679],[15.8603,51.20721],[15.85976,51.20786],[15.8597,51.20807],[15.86028,51.20933],[15.8603,51.2102],[15.86,51.21154],[15.86025,51.21251],[15.86067,51.21337]]}},{"type":"Feature","properties":{"numer":"2629D","klasa":"","kat":"powiatowa"},"geometry":{"type":"LineString","coordinates":[[15.91949,51.21021],[15.9208,51.21014],[15.92443,51.21019],[15.92516,51.21031]]}},{"type":"Feature","properties":{"numer":"2628D","klasa":"","kat":"powiatowa"},"geometry":{"type":"LineString","coordinates":[[15.85971,51.19474],[15.85883,51.19545],[15.85833,51.19664],[15.85732,51.19783],[15.85653,51.19898],[15.85478,51.20055],[15.85438,51.20107],[15.8543,51.20183],[15.85469,51.20306],[15.85491,51.20476],[15.85486,51.20609],[15.85464,51.20684],[15.85425,51.20731],[15.85244,51.20889],[15.85136,51.21038],[15.84928,51.2129],[15.84917,51.21318],[15.8492,51.21349],[15.84969,51.21495],[15.84958,51.21531],[15.84918,51.21572],[15.84772,51.21618],[15.84747,51.21641],[15.84725,51.21721],[15.8458,51.21858],[15.84551,51.2192],[15.84485,51.2213],[15.84416,51.22234],[15.84356,51.223],[15.84352,51.2242],[15.84375,51.22499],[15.8438,51.22568],[15.84464,51.22637]]}},{"type":"Feature","properties":{"numer":"2630D","klasa":"","kat":"powiatowa"},"geometry":{"type":"LineString","coordinates":[[15.91663,51.21195],[15.91897,51.21044],[15.91949,51.21021]]}},{"type":"Feature","properties":{"numer":"2629D","klasa":"","kat":"powiatowa"},"geometry":{"type":"LineString","coordinates":[[15.91949,51.21021],[15.91889,51.21003],[15.91797,51.2099],[15.91442,51.20982],[15.90814,51.21028],[15.8979,51.20995],[15.89643,51.20998],[15.86067,51.21337]]}},{"type":"Feature","properties":{"numer":"A4,E40","klasa":"autostrada","kat":"krajowa"},"geometry":{"type":"LineString","coordinates":[[16.01484,51.19759],[16.01384,51.19798]]}},{"type":"Feature","properties":{"numer":"2611D","klasa":"","kat":"powiatowa"},"geometry":{"type":"LineString","coordinates":[[16.01484,51.19759],[16.01937,51.20003],[16.02042,51.20038],[16.02088,51.20062],[16.02244,51.20229],[16.02311,51.2032],[16.02404,51.2041],[16.02445,51.20418],[16.02602,51.20394],[16.02637,51.20409],[16.02689,51.20453],[16.02713,51.20458]]}},{"type":"Feature","properties":{"numer":"A4,E40","klasa":"autostrada","kat":"krajowa"},"geometry":{"type":"LineString","coordinates":[[16.01384,51.19798],[16.00446,51.20141],[16.00163,51.20256],[15.99867,51.20414],[15.99616,51.20592]]}},{"type":"Feature","properties":{"numer":"2611D","klasa":"","kat":"powiatowa"},"geometry":{"type":"LineString","coordinates":[[16.02713,51.20458],[16.02722,51.20457]]}},{"type":"Feature","properties":{"numer":"A4,E40","klasa":"autostrada","kat":"krajowa"},"geometry":{"type":"LineString","coordinates":[[15.99616,51.20592],[15.99602,51.20604]]}},{"type":"Feature","properties":{"numer":"2611D","klasa":"","kat":"powiatowa"},"geometry":{"type":"LineString","coordinates":[[16.02722,51.20457],[16.02772,51.20439],[16.02874,51.20373],[16.02902,51.20368],[16.02938,51.2038],[16.03057,51.20464],[16.03101,51.20505],[16.03103,51.20519],[16.03072,51.20585],[16.03098,51.20654],[16.03223,51.20749],[16.03267,51.20794],[16.03347,51.2084],[16.0339,51.2084],[16.03441,51.20821],[16.03473,51.20821],[16.03617,51.20857],[16.03778,51.20873],[16.03947,51.20915],[16.04257,51.21053],[16.04444,51.21164],[16.04615,51.21228],[16.04819,51.21289],[16.04993,51.21309],[16.05244,51.213]]}},{"type":"Feature","properties":{"numer":"2267D","klasa":"droga gĹ‚Ăłwna","kat":"powiatowa"},"geometry":{"type":"LineString","coordinates":[[15.97019,51.20559],[15.97019011660567,51.20559151587369]]}},{"type":"Feature","properties":{"numer":"2611D","klasa":"","kat":"powiatowa"},"geometry":{"type":"LineString","coordinates":[[16.05244,51.213],[16.05253,51.21299]]}},{"type":"Feature","properties":{"numer":"2611D","klasa":"droga zbiorcza","kat":"powiatowa"},"geometry":{"type":"LineString","coordinates":[[16.05276,51.21298],[16.052903458744186,51.21297040828164]]}},{"type":"Feature","properties":{"numer":"2611D","klasa":"droga zbiorcza","kat":"powiatowa"},"geometry":{"type":"LineString","coordinates":[[16.0589571669219,51.215564257274124],[16.05896,51.21557]]}},{"type":"Feature","properties":{"numer":"A4,E40","klasa":"autostrada","kat":"krajowa"},"geometry":{"type":"LineString","coordinates":[[15.99602,51.20604],[15.995996195492005,51.20606175680838]]}},{"type":"Feature","properties":{"numer":"A4,E40","klasa":"autostrada","kat":"krajowa"},"geometry":{"type":"LineString","coordinates":[[15.984208133140273,51.21691683068024],[15.98346,51.2174],[15.983173626185723,51.217557421862814]]}},{"type":"Feature","properties":{"numer":"328","klasa":"droga gĹ‚Ăłwna","kat":"wojewodzka"},"geometry":{"type":"LineString","coordinates":[[15.92932020353361,51.220640844858],[15.92871,51.21653],[15.92763,51.21436],[15.92606,51.21296],[15.9255,51.21225],[15.9252,51.21151],[15.92516,51.21031]]}},{"type":"Feature","properties":{"numer":"2612D","klasa":"","kat":"powiatowa"},"geometry":{"type":"LineString","coordinates":[[15.86067,51.21337],[15.86678,51.2242]]}},{"type":"Feature","properties":{"numer":"2630D","klasa":"","kat":"powiatowa"},"geometry":{"type":"LineString","coordinates":[[15.90115,51.23049],[15.90199,51.22807],[15.90256,51.22707],[15.90614,51.22111],[15.90796,51.21887],[15.9085,51.21766],[15.90874,51.21743],[15.91065,51.2163],[15.91295,51.21426],[15.91503,51.21302],[15.91663,51.21195]]}},{"type":"Feature","properties":{"numer":"2612D","klasa":"","kat":"powiatowa"},"geometry":{"type":"LineString","coordinates":[[15.86678,51.2242],[15.86479,51.22422],[15.86061,51.22451],[15.8587,51.22512],[15.85695,51.22534],[15.85628,51.22529],[15.85533,51.22508],[15.85457,51.22508],[15.85361,51.22523],[15.85206,51.22566],[15.85122,51.22571],[15.84957,51.22601],[15.84752,51.22611]]}},{"type":"Feature","properties":{"numer":"2632D","klasa":"","kat":"powiatowa"},"geometry":{"type":"LineString","coordinates":[[15.79897,51.20587],[15.79863,51.20624],[15.79855,51.20699],[15.79702,51.21133],[15.79683,51.21297],[15.79603,51.21522],[15.79187,51.2213],[15.79193,51.22165],[15.79453,51.22556],[15.79444,51.22613],[15.79383,51.22647],[15.79366,51.22665],[15.79362,51.22725]]}},{"type":"Feature","properties":{"numer":"2268D","klasa":"","kat":"powiatowa"},"geometry":{"type":"LineString","coordinates":[[15.75897,51.21326],[15.76038,51.21327],[15.7605,51.21341],[15.76161,51.21647],[15.76176,51.21743],[15.76164,51.21829],[15.7621,51.21902],[15.76221,51.22016],[15.76712,51.22101],[15.76839,51.22104],[15.77066,51.22089],[15.77215,51.22087],[15.77648,51.22134],[15.77777,51.22178],[15.77824,51.22202],[15.77944,51.22295],[15.78002,51.22392],[15.78035,51.22422],[15.78086,51.22443],[15.78194,51.22468]]}},{"type":"Feature","properties":{"numer":"2268D","klasa":"","kat":"powiatowa"},"geometry":{"type":"LineString","coordinates":[[15.78194,51.22468],[15.78341,51.22495],[15.78582,51.2249],[15.7859,51.22499],[15.78591,51.22583],[15.78615,51.22637],[15.78631,51.22649],[15.78722,51.22653],[15.78861,51.22684],[15.78908,51.22707],[15.79109,51.22702],[15.79324,51.22715],[15.79362,51.22725]]}},{"type":"Feature","properties":{"numer":"2612D","klasa":"","kat":"powiatowa"},"geometry":{"type":"LineString","coordinates":[[15.84752,51.22611],[15.84738,51.22616]]}},{"type":"Feature","properties":{"numer":"2612D","klasa":"","kat":"powiatowa"},"geometry":{"type":"LineString","coordinates":[[15.84738,51.22616],[15.84679,51.22645],[15.84633,51.22652]]}},{"type":"Feature","properties":{"numer":"2612D","klasa":"","kat":"powiatowa"},"geometry":{"type":"LineString","coordinates":[[15.84597,51.22646],[15.845,51.22626],[15.84464,51.22637]]}},{"type":"Feature","properties":{"numer":"2612D","klasa":"","kat":"powiatowa"},"geometry":{"type":"LineString","coordinates":[[15.84597,51.22646],[15.84633,51.22652]]}},{"type":"Feature","properties":{"numer":"2268D","klasa":"","kat":"powiatowa"},"geometry":{"type":"LineString","coordinates":[[15.79362,51.22725],[15.79386,51.22743],[15.79503,51.22789],[15.79614,51.22861],[15.79715,51.22988],[15.79779,51.23026],[15.79962,51.23079],[15.80153,51.23122],[15.80253,51.23125],[15.80423,51.23113],[15.80506,51.23117],[15.8067,51.23136],[15.80778,51.23166],[15.80927,51.23223],[15.81087,51.23298],[15.81217,51.23413],[15.81312,51.23476],[15.81358,51.23492]]}},{"type":"Feature","properties":{"numer":"2612D","klasa":"","kat":"powiatowa"},"geometry":{"type":"LineString","coordinates":[[15.84464,51.22637],[15.84434,51.22691],[15.84352,51.22757],[15.84323,51.22824],[15.84311,51.23212],[15.84271,51.23342],[15.84153,51.23529],[15.83975,51.23647],[15.8396,51.23668],[15.83961,51.23717],[15.84062,51.23884],[15.84059,51.23899]]}},{"type":"Feature","properties":{"numer":"2268D","klasa":"","kat":"powiatowa"},"geometry":{"type":"LineString","coordinates":[[15.81358,51.23492],[15.81461,51.23505],[15.81544,51.23484],[15.81763,51.23481],[15.81796,51.23493],[15.81821,51.2354]]}},{"type":"Feature","properties":{"numer":"2611D","klasa":"","kat":"powiatowa"},"geometry":{"type":"LineString","coordinates":[[16.05896,51.21557],[16.05963,51.21638],[16.06074,51.21809],[16.06128807007437,51.21865799989526]]}},{"type":"Feature","properties":{"numer":"2631D","klasa":"","kat":"powiatowa"},"geometry":{"type":"LineString","coordinates":[[15.90115,51.23049],[15.89767,51.23056],[15.89368,51.23076],[15.89227,51.23125],[15.89121,51.23143],[15.89031,51.23176],[15.88962,51.23182],[15.88533,51.23026],[15.88078,51.22888],[15.87911,51.22854],[15.87873,51.22816],[15.87709,51.22588],[15.87681,51.22563],[15.87633,51.22541],[15.87377,51.2248],[15.8723,51.22457],[15.87005,51.22431],[15.86678,51.2242]]}},{"type":"Feature","properties":{"numer":"2631D","klasa":"","kat":"powiatowa"},"geometry":{"type":"LineString","coordinates":[[15.922355974413652,51.22813638472137],[15.91459,51.22991],[15.91091,51.23006],[15.90872,51.22994],[15.90535,51.23041],[15.90115,51.23049]]}},{"type":"Feature","properties":{"numer":"2268D","klasa":"","kat":"powiatowa"},"geometry":{"type":"LineString","coordinates":[[15.81821,51.2354],[15.81825,51.23547]]}},{"type":"Feature","properties":{"numer":"2266D","klasa":"","kat":"powiatowa"},"geometry":{"type":"LineString","coordinates":[[15.81358,51.23492],[15.8124,51.23645],[15.81082,51.23669],[15.80969,51.23719],[15.80915,51.23734],[15.80535,51.23762],[15.80507,51.23769],[15.80468,51.23794]]}},{"type":"Feature","properties":{"numer":"2268D","klasa":"","kat":"powiatowa"},"geometry":{"type":"LineString","coordinates":[[15.81825,51.23547],[15.81853,51.23642],[15.81826,51.23767]]}},{"type":"Feature","properties":{"numer":"2268D","klasa":"","kat":"powiatowa"},"geometry":{"type":"LineString","coordinates":[[15.81826,51.23767],[15.81822,51.23778]]}},{"type":"Feature","properties":{"numer":"2268D","klasa":"","kat":"powiatowa"},"geometry":{"type":"LineString","coordinates":[[15.81822,51.23778],[15.81823,51.23835],[15.81847,51.23854],[15.81883,51.23865],[15.81954,51.23864],[15.8217,51.23835],[15.82453,51.23848],[15.82692,51.23876],[15.82805,51.23877],[15.82943,51.23863],[15.83012,51.23864],[15.83094,51.23881],[15.83351,51.23957],[15.83536,51.2399],[15.83714,51.23983],[15.83916,51.23927],[15.84059,51.23899]]}},{"type":"Feature","properties":{"numer":"2266D","klasa":"","kat":"powiatowa"},"geometry":{"type":"LineString","coordinates":[[15.80468,51.23794],[15.80429,51.23825],[15.80393,51.23841],[15.80202,51.23866],[15.80097,51.23904],[15.79986,51.23973],[15.79849,51.24086],[15.79802,51.2414]]}},{"type":"Feature","properties":{"numer":"2266D","klasa":"droga gĹ‚Ăłwna","kat":"powiatowa"},"geometry":{"type":"LineString","coordinates":[[15.79802,51.2414],[15.797918053435115,51.24154863637821]]}},{"type":"Feature","properties":{"numer":"A4,E40","klasa":"autostrada","kat":"krajowa"},"geometry":{"type":"LineString","coordinates":[[15.925881308880388,51.230295372241564],[15.92359,51.23064],[15.92115,51.23117],[15.91982,51.23154],[15.87608,51.24619],[15.87259,51.24717],[15.84937,51.25321]]}},{"type":"Feature","properties":{"numer":"2268D","klasa":"","kat":"powiatowa"},"geometry":{"type":"LineString","coordinates":[[15.84059,51.23899],[15.84134,51.23934],[15.84404,51.24031],[15.84543,51.24135],[15.8461,51.24213],[15.84656,51.24296],[15.84688,51.24314],[15.84784,51.24345],[15.84883,51.24334],[15.84922,51.24416],[15.84953,51.24444],[15.85231,51.24526],[15.85503,51.24568],[15.85613,51.24574],[15.85637,51.24589],[15.85697,51.24676],[15.85704,51.24711],[15.85696,51.24737],[15.85614,51.24837],[15.8556,51.24883],[15.85137,51.2506],[15.84986,51.25158],[15.84947,51.25229],[15.8494,51.253]]}},{"type":"Feature","properties":{"numer":"2268D","klasa":"","kat":"powiatowa"},"geometry":{"type":"LineString","coordinates":[[15.8494,51.253],[15.84937,51.25321]]}},{"type":"Feature","properties":{"numer":"2268D","klasa":"","kat":"powiatowa"},"geometry":{"type":"LineString","coordinates":[[15.84937,51.25321],[15.849350849704244,51.25341107810544]]}},{"type":"Feature","properties":{"numer":"A4,E40","klasa":"autostrada","kat":"krajowa"},"geometry":{"type":"LineString","coordinates":[[15.84937,51.25321],[15.83956,51.25577],[15.83735,51.25642],[15.83563,51.25702],[15.830656633712787,51.25904253979667]]}}]}