{"type":"FeatureCollection","features":[{"type":"Feature","properties":{"numer":"91","klasa":"droga gĹ‚Ăłwna ruchu przyĹ›pieszonego","kat":"krajowa"},"geometry":{"type":"LineString","coordinates":[[19.146241690742624,52.346474364191245],[19.14624,52.34648]]}},{"type":"Feature","properties":{"numer":"91","klasa":"droga gĹ‚Ăłwna ruchu przyĹ›pieszonego","kat":"krajowa"},"geometry":{"type":"LineString","coordinates":[[19.14624,52.34648],[19.14622,52.34654]]}},{"type":"Feature","properties":{"numer":"91","klasa":"droga gĹ‚Ăłwna ruchu przyĹ›pieszonego","kat":"krajowa"},"geometry":{"type":"LineString","coordinates":[[19.14622,52.34654],[19.14484,52.35193]]}},{"type":"Feature","properties":{"numer":"91","klasa":"droga gĹ‚Ăłwna ruchu przyĹ›pieszonego","kat":"krajowa"},"geometry":{"type":"LineString","coordinates":[[19.14484,52.35193],[19.14481,52.35204]]}},{"type":"Feature","properties":{"numer":"91","klasa":"droga gĹ‚Ăłwna ruchu przyĹ›pieszonego","kat":"krajowa"},"geometry":{"type":"LineString","coordinates":[[19.14481,52.35204],[19.14456,52.3532],[19.14461,52.35388]]}},{"type":"Feature","properties":{"numer":"91","klasa":"droga gĹ‚Ăłwna ruchu przyĹ›pieszonego","kat":"krajowa"},"geometry":{"type":"LineString","coordinates":[[19.14917,52.36234],[19.14493,52.35478],[19.14461,52.35388]]}},{"type":"Feature","properties":{"numer":"2937C","klasa":"droga zbiorcza","kat":"powiatowa"},"geometry":{"type":"LineString","coordinates":[[19.11092,52.36862],[19.11217,52.36703],[19.11515,52.36417],[19.13372,52.35703],[19.14328,52.35767],[19.1434,52.35761],[19.14427,52.35416],[19.14461,52.35388]]}},{"type":"Feature","properties":{"numer":"2930C","klasa":"droga zbiorcza","kat":"powiatowa"},"geometry":{"type":"LineString","coordinates":[[19.12017,52.40797],[19.12636,52.39991],[19.12796,52.39866],[19.1313,52.39364],[19.1337,52.38896],[19.13471,52.38569],[19.1348,52.38478],[19.13422,52.38314],[19.1336,52.38217],[19.13367,52.38162],[19.1344,52.38032],[19.13944,52.37229],[19.14514,52.36481],[19.14823,52.36207],[19.14889,52.36235],[19.14917,52.36234]]}},{"type":"Feature","properties":{"numer":"2938C","klasa":"droga zbiorcza","kat":"powiatowa"},"geometry":{"type":"LineString","coordinates":[[19.05548688016529,52.33771700413223],[19.05548,52.33773]]}},{"type":"Feature","properties":{"numer":"2938C","klasa":"droga zbiorcza","kat":"powiatowa"},"geometry":{"type":"LineString","coordinates":[[19.02885,52.40339],[19.03014,52.4023],[19.03063,52.40154],[19.03533,52.38455],[19.03537,52.38404],[19.03519,52.38312],[19.03485,52.38157],[19.03448,52.38053],[19.03453,52.37651],[19.03469,52.3759],[19.05548,52.33773]]}},{"type":"Feature","properties":{"numer":"2935C","klasa":"droga zbiorcza","kat":"powiatowa"},"geometry":{"type":"LineString","coordinates":[[19.0309,52.40535],[19.03187,52.40501],[19.05281,52.40417]]}},{"type":"Feature","properties":{"numer":"2927C","klasa":"droga zbiorcza","kat":"powiatowa"},"geometry":{"type":"LineString","coordinates":[[19.01432,52.46543],[19.02014,52.4658],[19.02774,52.46648],[19.02831,52.46648],[19.03103,52.46599],[19.03162,52.46581],[19.03463,52.46447],[19.03699,52.46361],[19.03864,52.4626],[19.03946,52.46226],[19.04199,52.4616],[19.05211,52.45928],[19.05258,52.45929],[19.05367,52.45977],[19.05595,52.46108],[19.05621,52.46115],[19.05777,52.46103],[19.05773,52.46036],[19.05792,52.46023],[19.06671,52.45863],[19.06744,52.45886],[19.07003,52.45887],[19.07038,52.45893],[19.08113,52.46383],[19.07656,52.47081],[19.07355,52.47493],[19.07212,52.47849],[19.07178,52.47905],[19.06963,52.48082],[19.05329,52.49753],[19.05272,52.49828]]}},{"type":"Feature","properties":{"numer":"269","klasa":"droga zbiorcza","kat":"wojewodzka"},"geometry":{"type":"LineString","coordinates":[[19.01332,52.48257],[19.01597,52.48289],[19.02232,52.48394],[19.03958,52.49026],[19.04014,52.49055],[19.04068,52.49113],[19.0429,52.49284],[19.04424,52.49424],[19.05272,52.49828]]}},{"type":"Feature","properties":{"numer":"269","klasa":"droga zbiorcza","kat":"wojewodzka"},"geometry":{"type":"LineString","coordinates":[[19.05272,52.49828],[19.05345,52.49862]]}},{"type":"Feature","properties":{"numer":"269","klasa":"droga zbiorcza","kat":"wojewodzka"},"geometry":{"type":"LineString","coordinates":[[19.05345,52.49862],[19.05365,52.49871]]}},{"type":"Feature","properties":{"numer":"2921C","klasa":"droga zbiorcza","kat":"powiatowa"},"geometry":{"type":"LineString","coordinates":[[19.04661,52.50509],[19.04787,52.50472],[19.05109,52.50404],[19.06774,52.50187]]}},{"type":"Feature","properties":{"numer":"2938C","klasa":"droga zbiorcza","kat":"powiatowa"},"geometry":{"type":"LineString","coordinates":[[19.05570364231391,52.33731002717346],[19.05757,52.33389],[19.05801,52.33349],[19.0586,52.33318],[19.064402862493136,52.33094203596681]]}},{"type":"Feature","properties":{"numer":"2937C","klasa":"droga zbiorcza","kat":"powiatowa"},"geometry":{"type":"LineString","coordinates":[[19.05281,52.40417],[19.08483,52.38531],[19.08713,52.37825],[19.08729,52.37805],[19.08795,52.37772],[19.11092,52.36862]]}},{"type":"Feature","properties":{"numer":"2935C","klasa":"droga zbiorcza","kat":"powiatowa"},"geometry":{"type":"LineString","coordinates":[[19.05281,52.40417],[19.10562,52.40657],[19.11314,52.4073]]}},{"type":"Feature","properties":{"numer":"2928C","klasa":"droga zbiorcza","kat":"powiatowa"},"geometry":{"type":"LineString","coordinates":[[19.03081,52.40538],[19.03152,52.40596],[19.03376,52.40644],[19.03469,52.40684],[19.06726,52.42254],[19.07121,52.42481],[19.07308,52.42548],[19.0754,52.42694],[19.0804,52.43046],[19.08098,52.43079],[19.09561,52.43697],[19.09619,52.43729]]}},{"type":"Feature","properties":{"numer":"269","klasa":"droga zbiorcza","kat":"wojewodzka"},"geometry":{"type":"LineString","coordinates":[[19.05365,52.49871],[19.05412,52.49892],[19.05512,52.49913],[19.05758,52.49868],[19.0581,52.49866],[19.0586,52.49874],[19.06774,52.50187]]}},{"type":"Feature","properties":{"numer":"A1","klasa":"autostrada","kat":"krajowa"},"geometry":{"type":"LineString","coordinates":[[19.11955,52.5017],[19.11476,52.508]]}},{"type":"Feature","properties":{"numer":"2925C","klasa":"droga zbiorcza","kat":"powiatowa"},"geometry":{"type":"LineString","coordinates":[[19.10699,52.51228],[19.10822,52.51073],[19.10824,52.50788],[19.10841,52.50684],[19.1131,52.50148]]}},{"type":"Feature","properties":{"numer":"A1","klasa":"autostrada","kat":"krajowa"},"geometry":{"type":"LineString","coordinates":[[19.11445,52.50842],[19.11476,52.508]]}},{"type":"Feature","properties":{"numer":"269","klasa":"droga zbiorcza","kat":"wojewodzka"},"geometry":{"type":"LineString","coordinates":[[19.08789,52.50679],[19.08978,52.50677],[19.09016,52.50685],[19.09026,52.507],[19.09044,52.50872],[19.0907,52.50893],[19.10699,52.51228]]}},{"type":"Feature","properties":{"numer":"A1","klasa":"autostrada","kat":"krajowa"},"geometry":{"type":"LineString","coordinates":[[19.11092,52.51309],[19.11445,52.50842]]}},{"type":"Feature","properties":{"numer":"269","klasa":"droga zbiorcza","kat":"wojewodzka"},"geometry":{"type":"LineString","coordinates":[[19.10699,52.51228],[19.10876,52.51257],[19.11041,52.51295]]}},{"type":"Feature","properties":{"numer":"269","klasa":"droga zbiorcza","kat":"wojewodzka"},"geometry":{"type":"LineString","coordinates":[[19.11041,52.51295],[19.11092,52.51309]]}},{"type":"Feature","properties":{"numer":"269","klasa":"droga zbiorcza","kat":"wojewodzka"},"geometry":{"type":"LineString","coordinates":[[19.11092,52.51309],[19.11142,52.51323]]}},{"type":"Feature","properties":{"numer":"A1","klasa":"autostrada","kat":"krajowa"},"geometry":{"type":"LineString","coordinates":[[19.10066,52.52242],[19.10323,52.52084],[19.10621,52.51852],[19.10834,52.51637],[19.11092,52.51309]]}},{"type":"Feature","properties":{"numer":"A1","klasa":"autostrada","kat":"krajowa"},"geometry":{"type":"LineString","coordinates":[[19.10024,52.52264],[19.10066,52.52242]]}},{"type":"Feature","properties":{"numer":"269","klasa":"droga zbiorcza","kat":"wojewodzka"},"geometry":{"type":"LineString","coordinates":[[19.06774,52.50187],[19.07127,52.50167],[19.07632,52.50288],[19.0771,52.50309],[19.08591,52.50621],[19.08789,52.50679]]}},{"type":"Feature","properties":{"numer":"2922C","klasa":"droga zbiorcza","kat":"powiatowa"},"geometry":{"type":"LineString","coordinates":[[19.08648,52.51794],[19.07951,52.51761],[19.07939,52.51752],[19.07925,52.5163],[19.07907,52.51606],[19.07876,52.5159],[19.06931,52.51278],[19.04661,52.50509]]}},{"type":"Feature","properties":{"numer":"2916C","klasa":"droga zbiorcza","kat":"powiatowa"},"geometry":{"type":"LineString","coordinates":[[19.08789,52.50679],[19.08823,52.51083],[19.08771,52.51176],[19.08648,52.51794]]}},{"type":"Feature","properties":{"numer":"2916C","klasa":"droga zbiorcza","kat":"powiatowa"},"geometry":{"type":"LineString","coordinates":[[19.08648,52.51794],[19.08754,52.52685]]}},{"type":"Feature","properties":{"numer":"A1","klasa":"autostrada","kat":"krajowa"},"geometry":{"type":"LineString","coordinates":[[19.08782,52.52723],[19.09023,52.52654]]}},{"type":"Feature","properties":{"numer":"2916C","klasa":"droga zbiorcza","kat":"powiatowa"},"geometry":{"type":"LineString","coordinates":[[19.08754,52.52685],[19.08759,52.52729]]}},{"type":"Feature","properties":{"numer":"A1","klasa":"autostrada","kat":"krajowa"},"geometry":{"type":"LineString","coordinates":[[19.08759,52.52729],[19.08782,52.52723]]}},{"type":"Feature","properties":{"numer":"A1","klasa":"autostrada","kat":"krajowa"},"geometry":{"type":"LineString","coordinates":[[19.08738,52.52735],[19.08759,52.52729]]}},{"type":"Feature","properties":{"numer":"2916C","klasa":"droga zbiorcza","kat":"powiatowa"},"geometry":{"type":"LineString","coordinates":[[19.08759,52.52729],[19.08775,52.52859]]}},{"type":"Feature","properties":{"numer":"A1","klasa":"autostrada","kat":"krajowa"},"geometry":{"type":"LineString","coordinates":[[19.04734,52.54673],[19.05748,52.53938],[19.06046,52.53749],[19.06473,52.53515],[19.06973,52.53288],[19.07453,52.53109],[19.07932,52.52961],[19.08738,52.52735]]}},{"type":"Feature","properties":{"numer":"190720C,2909C","klasa":"droga zbiorcza","kat":"powiatowa"},"geometry":{"type":"LineString","coordinates":[[19.01264,52.4974],[19.01264,52.49744]]}},{"type":"Feature","properties":{"numer":"2909C","klasa":"droga zbiorcza","kat":"powiatowa"},"geometry":{"type":"LineString","coordinates":[[19.01536,52.52144],[19.01519,52.52119],[19.01436,52.5171],[19.01451,52.5169],[19.01576,52.5162],[19.01591,52.51591],[19.0126,52.50024],[19.01264,52.49744]]}},{"type":"Feature","properties":{"numer":"2921C","klasa":"droga zbiorcza","kat":"powiatowa"},"geometry":{"type":"LineString","coordinates":[[19.01718,52.52075],[19.0179,52.52048],[19.0192,52.52029],[19.04264,52.51266],[19.0428,52.51251],[19.04592,52.50556],[19.04618,52.50529],[19.04661,52.50509]]}},{"type":"Feature","properties":{"numer":"2921C","klasa":"droga zbiorcza","kat":"powiatowa"},"geometry":{"type":"LineString","coordinates":[[19.01699,52.52084],[19.01718,52.52075]]}},{"type":"Feature","properties":{"numer":"2921C","klasa":"droga zbiorcza","kat":"powiatowa"},"geometry":{"type":"LineString","coordinates":[[19.01699,52.52084],[19.01576,52.52138],[19.01536,52.52144]]}},{"type":"Feature","properties":{"numer":"2909C","klasa":"droga zbiorcza","kat":"powiatowa"},"geometry":{"type":"LineString","coordinates":[[19.0129,52.53247],[19.01476,52.52531],[19.01526,52.52164],[19.01536,52.52144]]}},{"type":"Feature","properties":{"numer":"2917C","klasa":"droga zbiorcza","kat":"powiatowa"},"geometry":{"type":"LineString","coordinates":[[19.0129,52.53247],[19.02587,52.5362],[19.02695,52.53632]]}},{"type":"Feature","properties":{"numer":"2917C","klasa":"droga zbiorcza","kat":"powiatowa"},"geometry":{"type":"LineString","coordinates":[[19.02695,52.53632],[19.02705,52.53633]]}},{"type":"Feature","properties":{"numer":"A1","klasa":"autostrada","kat":"krajowa"},"geometry":{"type":"LineString","coordinates":[[19.01718,52.56522],[19.02628,52.56071],[19.03162,52.55777],[19.03643,52.55466],[19.04559,52.54802]]}},{"type":"Feature","properties":{"numer":"A1","klasa":"autostrada","kat":"krajowa"},"geometry":{"type":"LineString","coordinates":[[19.01633,52.56564],[19.01718,52.56522]]}},{"type":"Feature","properties":{"numer":"2936C","klasa":"droga zbiorcza","kat":"powiatowa"},"geometry":{"type":"LineString","coordinates":[[19.11092,52.36862],[19.11096,52.36882],[19.11077,52.36936],[19.10868,52.375],[19.10866,52.37713],[19.10924,52.37906],[19.11401,52.3847],[19.11434,52.38523],[19.1145,52.38583],[19.11543,52.39272],[19.1153,52.39388],[19.11405,52.39648],[19.11279,52.39867],[19.11187,52.39971],[19.11109,52.40085],[19.11085,52.40148],[19.11183,52.40351],[19.1119,52.40565],[19.11206,52.40592],[19.11292,52.40658],[19.11314,52.4073]]}},{"type":"Feature","properties":{"numer":"2935C","klasa":"droga zbiorcza","kat":"powiatowa"},"geometry":{"type":"LineString","coordinates":[[19.11314,52.4073],[19.12017,52.40797]]}},{"type":"Feature","properties":{"numer":"2930C","klasa":"droga zbiorcza","kat":"powiatowa"},"geometry":{"type":"LineString","coordinates":[[19.12306,52.40848],[19.12154,52.40984],[19.11948,52.41085],[19.11898,52.41123],[19.11584,52.41706],[19.11526,52.41753],[19.11371,52.41813],[19.11337,52.41842],[19.09619,52.43729]]}},{"type":"Feature","properties":{"numer":"2928C","klasa":"droga zbiorcza","kat":"powiatowa"},"geometry":{"type":"LineString","coordinates":[[19.09619,52.43729],[19.09669,52.43778],[19.10029,52.44246],[19.10116,52.44424],[19.10153,52.44461],[19.10359,52.44615],[19.10447,52.44641],[19.11476,52.44814],[19.11518,52.44814],[19.11721,52.44787],[19.123,52.44843],[19.12335,52.44853],[19.12506,52.45005],[19.12619,52.45051],[19.12634,52.45065]]}},{"type":"Feature","properties":{"numer":"2925C","klasa":"droga zbiorcza","kat":"powiatowa"},"geometry":{"type":"LineString","coordinates":[[19.1131,52.50148],[19.11379,52.50062],[19.11447,52.49879],[19.11447,52.49834],[19.11405,52.49696],[19.12557,52.49464],[19.1271,52.49408]]}},{"type":"Feature","properties":{"numer":"2926C","klasa":"droga zbiorcza","kat":"powiatowa"},"geometry":{"type":"LineString","coordinates":[[19.1131,52.50148],[19.11684,52.50177],[19.119,52.50172]]}},{"type":"Feature","properties":{"numer":"2926C","klasa":"droga zbiorcza","kat":"powiatowa"},"geometry":{"type":"LineString","coordinates":[[19.11955,52.5017],[19.12022,52.50168]]}},{"type":"Feature","properties":{"numer":"2926C","klasa":"droga zbiorcza","kat":"powiatowa"},"geometry":{"type":"LineString","coordinates":[[19.119,52.50172],[19.11955,52.5017]]}},{"type":"Feature","properties":{"numer":"2146E","klasa":"","kat":"powiatowa"},"geometry":{"type":"LineString","coordinates":[[19.16343043849173,52.34201357270814],[19.16339,52.34205]]}},{"type":"Feature","properties":{"numer":"91","klasa":"droga gĹ‚Ăłwna ruchu przyĹ›pieszonego","kat":"krajowa"},"geometry":{"type":"LineString","coordinates":[[19.17156,52.39717],[19.16848,52.38595],[19.16153,52.37231],[19.16078,52.37146],[19.15995,52.37084],[19.15191,52.36594],[19.15033,52.36433],[19.14917,52.36234]]}},{"type":"Feature","properties":{"numer":"91","klasa":"droga gĹ‚Ăłwna ruchu przyĹ›pieszonego","kat":"krajowa"},"geometry":{"type":"LineString","coordinates":[[19.16658,52.40468],[19.16791,52.40335],[19.17151,52.40089],[19.17202,52.40037],[19.17219,52.39962],[19.17156,52.39717]]}},{"type":"Feature","properties":{"numer":"91","klasa":"droga gĹ‚Ăłwna ruchu przyĹ›pieszonego","kat":"krajowa"},"geometry":{"type":"LineString","coordinates":[[19.16653,52.4096],[19.16496,52.40728],[19.16485,52.40688],[19.16513,52.4062],[19.16658,52.40468]]}},{"type":"Feature","properties":{"numer":"91","klasa":"droga gĹ‚Ăłwna ruchu przyĹ›pieszonego","kat":"krajowa"},"geometry":{"type":"LineString","coordinates":[[19.15977,52.44685],[19.16101,52.43961],[19.16694,52.41076],[19.16689,52.41024],[19.16653,52.4096]]}},{"type":"Feature","properties":{"numer":"91","klasa":"droga gĹ‚Ăłwna ruchu przyĹ›pieszonego","kat":"krajowa"},"geometry":{"type":"LineString","coordinates":[[19.15486,52.47826],[19.15977,52.44685]]}},{"type":"Feature","properties":{"numer":"190919C,190924C","klasa":"droga lokalna","kat":"powiatowa"},"geometry":{"type":"LineString","coordinates":[[19.17011,52.4733],[19.17236,52.47283],[19.17371,52.47236]]}},{"type":"Feature","properties":{"numer":"2144E","klasa":"droga zbiorcza","kat":"powiatowa"},"geometry":{"type":"LineString","coordinates":[[19.21074092767235,52.345118869154824],[19.21077,52.34514]]}},{"type":"Feature","properties":{"numer":"191463C","klasa":"droga lokalna","kat":"powiatowa"},"geometry":{"type":"LineString","coordinates":[[19.21548,52.34934],[19.21077,52.34514]]}},{"type":"Feature","properties":{"numer":"102269E","klasa":"droga lokalna","kat":"powiatowa"},"geometry":{"type":"LineString","coordinates":[[19.21548,52.34934],[19.215699394866657,52.34959833326856]]}},{"type":"Feature","properties":{"numer":"2940C","klasa":"droga zbiorcza","kat":"powiatowa"},"geometry":{"type":"LineString","coordinates":[[19.17156,52.39717],[19.17219,52.39698],[19.17254,52.39674],[19.18497,52.38609],[19.22488066331585,52.36149575356789]]}},{"type":"Feature","properties":{"numer":"2934C","klasa":"droga zbiorcza","kat":"powiatowa"},"geometry":{"type":"LineString","coordinates":[[19.16653,52.4096],[19.16764,52.40958],[19.17042,52.40985],[19.1717,52.4103],[19.17592,52.41201],[19.18002,52.41313],[19.18522,52.414],[19.19936,52.41693],[19.21226,52.41684],[19.21717,52.41668],[19.22084,52.41638],[19.22219,52.41601],[19.22434,52.41583],[19.22577,52.4158],[19.22755,52.41551],[19.22815,52.41553],[19.23303,52.41652],[19.23447,52.41691],[19.23466,52.41725],[19.23497,52.41743],[19.24569,52.42151],[19.24593,52.42166],[19.24759,52.42343],[19.24793,52.42363],[19.25835,52.42315]]}},{"type":"Feature","properties":{"numer":"A1,E75","klasa":"autostrada","kat":"krajowa"},"geometry":{"type":"LineString","coordinates":[[19.25882,52.42311],[19.2546,52.42949],[19.25326,52.43132],[19.25104,52.43362],[19.25003,52.43447],[19.24852,52.43555],[19.24688,52.43656],[19.24521,52.43743],[19.24264,52.43857],[19.23828,52.44036],[19.23533,52.44169],[19.23111,52.44396],[19.22885,52.44542],[19.22689,52.44684],[19.22133,52.45131],[19.21975,52.45247],[19.21751,52.4539],[19.21557,52.45495],[19.21298,52.45615],[19.2108,52.457],[19.20349,52.45938],[19.20042,52.46051],[19.19725,52.46192],[19.19486,52.46317],[19.19127,52.46543],[19.18087,52.47328],[19.1767,52.47607]]}},{"type":"Feature","properties":{"numer":"2920C","klasa":"droga zbiorcza","kat":"powiatowa"},"geometry":{"type":"LineString","coordinates":[[19.18743,52.479],[19.20998,52.4819],[19.2114,52.48211],[19.21242,52.48237],[19.2135,52.48277],[19.21721,52.4854],[19.21813,52.48596],[19.23496,52.49308]]}},{"type":"Feature","properties":{"numer":"2935C","klasa":"droga zbiorcza","kat":"powiatowa"},"geometry":{"type":"LineString","coordinates":[[19.12306,52.40848],[19.12473,52.40906],[19.12651,52.40948],[19.13432,52.40923],[19.1554,52.4072],[19.16329,52.40601],[19.16431,52.40568],[19.16632,52.40469],[19.16658,52.40468]]}},{"type":"Feature","properties":{"numer":"2935C","klasa":"droga zbiorcza","kat":"powiatowa"},"geometry":{"type":"LineString","coordinates":[[19.12017,52.40797],[19.12306,52.40848]]}},{"type":"Feature","properties":{"numer":"2928C","klasa":"droga zbiorcza","kat":"powiatowa"},"geometry":{"type":"LineString","coordinates":[[19.12637,52.4507],[19.12678,52.4515],[19.12712,52.45184],[19.12791,52.45225],[19.12862,52.45235],[19.13106,52.45148],[19.13258,52.45111],[19.14828,52.44897],[19.15584,52.44756],[19.15843,52.44698],[19.15904,52.44688],[19.15977,52.44685]]}},{"type":"Feature","properties":{"numer":"2928C","klasa":"droga zbiorcza","kat":"powiatowa"},"geometry":{"type":"LineString","coordinates":[[19.12634,52.45065],[19.12637,52.4507]]}},{"type":"Feature","properties":{"numer":"2925C","klasa":"droga zbiorcza","kat":"powiatowa"},"geometry":{"type":"LineString","coordinates":[[19.1271,52.49408],[19.12729,52.49372],[19.12802,52.49301],[19.13864,52.48502],[19.14235,52.48325],[19.14946,52.48068],[19.15486,52.47826]]}},{"type":"Feature","properties":{"numer":"A1","klasa":"autostrada","kat":"krajowa"},"geometry":{"type":"LineString","coordinates":[[19.15369,52.48565],[19.14415,52.48794],[19.13921,52.48936],[19.13641,52.49037],[19.13407,52.49132],[19.13188,52.49235],[19.12988,52.4934]]}},{"type":"Feature","properties":{"numer":"2925C","klasa":"droga zbiorcza","kat":"powiatowa"},"geometry":{"type":"LineString","coordinates":[[19.12944,52.4931],[19.13014,52.49271]]}},{"type":"Feature","properties":{"numer":"2925C","klasa":"droga zbiorcza","kat":"powiatowa"},"geometry":{"type":"LineString","coordinates":[[19.12944,52.4931],[19.12988,52.4934]]}},{"type":"Feature","properties":{"numer":"2925C","klasa":"droga zbiorcza","kat":"powiatowa"},"geometry":{"type":"LineString","coordinates":[[19.1271,52.49408],[19.12817,52.49386],[19.12944,52.4931]]}},{"type":"Feature","properties":{"numer":"A1","klasa":"autostrada","kat":"krajowa"},"geometry":{"type":"LineString","coordinates":[[19.12988,52.4934],[19.12649,52.49549],[19.12348,52.49776],[19.12167,52.49941],[19.11955,52.5017]]}},{"type":"Feature","properties":{"numer":"190919C,190924C","klasa":"droga lokalna","kat":"powiatowa"},"geometry":{"type":"LineString","coordinates":[[19.16637,52.47429],[19.16768,52.47382],[19.17011,52.4733]]}},{"type":"Feature","properties":{"numer":"190921C","klasa":"droga lokalna","kat":"powiatowa"},"geometry":{"type":"LineString","coordinates":[[19.17371,52.47236],[19.17546,52.47425],[19.17591,52.47525],[19.17644,52.47586]]}},{"type":"Feature","properties":{"numer":"190919C,190924C","klasa":"droga lokalna","kat":"powiatowa"},"geometry":{"type":"LineString","coordinates":[[19.16298,52.47575],[19.16637,52.47429]]}},{"type":"Feature","properties":{"numer":"190910C,190919C,190924C","klasa":"droga lokalna","kat":"powiatowa"},"geometry":{"type":"LineString","coordinates":[[19.16258,52.47592],[19.16298,52.47575]]}},{"type":"Feature","properties":{"numer":"190921C","klasa":"droga lokalna","kat":"powiatowa"},"geometry":{"type":"LineString","coordinates":[[19.1767,52.47607],[19.17644,52.47586]]}},{"type":"Feature","properties":{"numer":"190921C","klasa":"droga lokalna","kat":"powiatowa"},"geometry":{"type":"LineString","coordinates":[[19.17702,52.47636],[19.1767,52.47607]]}},{"type":"Feature","properties":{"numer":"190919C,190924C","klasa":"droga lokalna","kat":"powiatowa"},"geometry":{"type":"LineString","coordinates":[[19.15552,52.47807],[19.16125,52.47641],[19.16258,52.47592]]}},{"type":"Feature","properties":{"numer":"190921C","klasa":"droga lokalna","kat":"powiatowa"},"geometry":{"type":"LineString","coordinates":[[19.17702,52.47636],[19.17854,52.47766]]}},{"type":"Feature","properties":{"numer":"190921C","klasa":"droga lokalna","kat":"powiatowa"},"geometry":{"type":"LineString","coordinates":[[19.17854,52.47766],[19.17913,52.47794],[19.18118,52.47821]]}},{"type":"Feature","properties":{"numer":"190919C,190924C","klasa":"droga lokalna","kat":"powiatowa"},"geometry":{"type":"LineString","coordinates":[[19.15486,52.47826],[19.15552,52.47807]]}},{"type":"Feature","properties":{"numer":"190921C","klasa":"droga lokalna","kat":"powiatowa"},"geometry":{"type":"LineString","coordinates":[[19.18118,52.47821],[19.18743,52.479]]}},{"type":"Feature","properties":{"numer":"91","klasa":"droga gĹ‚Ăłwna ruchu przyĹ›pieszonego","kat":"krajowa"},"geometry":{"type":"LineString","coordinates":[[19.15471,52.47932],[19.15486,52.47826]]}},{"type":"Feature","properties":{"numer":"A1,E75","klasa":"autostrada","kat":"krajowa"},"geometry":{"type":"LineString","coordinates":[[19.1767,52.47607],[19.1746,52.47732],[19.17188,52.47879],[19.16833,52.48051],[19.1647,52.48207]]}},{"type":"Feature","properties":{"numer":"91","klasa":"droga gĹ‚Ăłwna ruchu przyĹ›pieszonego","kat":"krajowa"},"geometry":{"type":"LineString","coordinates":[[19.15375,52.48529],[19.15471,52.47932]]}},{"type":"Feature","properties":{"numer":"A1","klasa":"autostrada","kat":"krajowa"},"geometry":{"type":"LineString","coordinates":[[19.1647,52.48207],[19.15907,52.48408],[19.15585,52.48508],[19.15369,52.48565]]}},{"type":"Feature","properties":{"numer":"91","klasa":"droga gĹ‚Ăłwna ruchu przyĹ›pieszonego","kat":"krajowa"},"geometry":{"type":"LineString","coordinates":[[19.15369,52.48565],[19.15375,52.48529]]}},{"type":"Feature","properties":{"numer":"91","klasa":"droga gĹ‚Ăłwna ruchu przyĹ›pieszonego","kat":"krajowa"},"geometry":{"type":"LineString","coordinates":[[19.15363,52.486],[19.15369,52.48565]]}},{"type":"Feature","properties":{"numer":"91","klasa":"droga gĹ‚Ăłwna ruchu przyĹ›pieszonego","kat":"krajowa"},"geometry":{"type":"LineString","coordinates":[[19.15324,52.48849],[19.15363,52.486]]}},{"type":"Feature","properties":{"numer":"2920C","klasa":"droga zbiorcza","kat":"powiatowa"},"geometry":{"type":"LineString","coordinates":[[19.17102,52.50977],[19.17188,52.50782],[19.17793,52.5029],[19.18541,52.49438],[19.18604,52.49409],[19.18727,52.49374],[19.19023,52.49266],[19.19051,52.49248],[19.19049,52.49217],[19.19013,52.4913],[19.18766,52.48803],[19.18635,52.48421],[19.18677,52.48114],[19.18743,52.479]]}},{"type":"Feature","properties":{"numer":"91","klasa":"droga gĹ‚Ăłwna ruchu przyĹ›pieszonego","kat":"krajowa"},"geometry":{"type":"LineString","coordinates":[[19.1509,52.50569],[19.15324,52.48849]]}},{"type":"Feature","properties":{"numer":"2926C","klasa":"droga zbiorcza","kat":"powiatowa"},"geometry":{"type":"LineString","coordinates":[[19.12022,52.50168],[19.12118,52.50172],[19.12358,52.50216],[19.13769,52.50307],[19.1509,52.50569]]}},{"type":"Feature","properties":{"numer":"91","klasa":"droga gĹ‚Ăłwna ruchu przyĹ›pieszonego","kat":"krajowa"},"geometry":{"type":"LineString","coordinates":[[19.14162,52.5221],[19.14367,52.52093],[19.14643,52.51977],[19.14718,52.51937],[19.14828,52.51859],[19.14931,52.51741],[19.14964,52.51674],[19.14985,52.51592],[19.14989,52.51369],[19.1509,52.50569]]}},{"type":"Feature","properties":{"numer":"269","klasa":"droga zbiorcza","kat":"wojewodzka"},"geometry":{"type":"LineString","coordinates":[[19.11142,52.51323],[19.11258,52.51352],[19.11729,52.51437],[19.12224,52.51618],[19.13048,52.52033],[19.13865,52.52363]]}},{"type":"Feature","properties":{"numer":"91","klasa":"droga gĹ‚Ăłwna ruchu przyĹ›pieszonego","kat":"krajowa"},"geometry":{"type":"LineString","coordinates":[[19.14162,52.5221],[19.14056,52.52289],[19.13949,52.52397]]}},{"type":"Feature","properties":{"numer":"269","klasa":"droga zbiorcza","kat":"wojewodzka"},"geometry":{"type":"LineString","coordinates":[[19.13865,52.52363],[19.13949,52.52397]]}},{"type":"Feature","properties":{"numer":"269","klasa":"droga zbiorcza","kat":"wojewodzka"},"geometry":{"type":"LineString","coordinates":[[19.13949,52.52397],[19.14007,52.52421]]}},{"type":"Feature","properties":{"numer":"91","klasa":"droga gĹ‚Ăłwna ruchu przyĹ›pieszonego","kat":"krajowa"},"geometry":{"type":"LineString","coordinates":[[19.13949,52.52397],[19.13867,52.52518],[19.13828,52.52611]]}},{"type":"Feature","properties":{"numer":"269","klasa":"droga zbiorcza","kat":"wojewodzka"},"geometry":{"type":"LineString","coordinates":[[19.14007,52.52421],[19.14764,52.52683],[19.14815,52.52725],[19.14796,52.52863]]}},{"type":"Feature","properties":{"numer":"91","klasa":"droga gĹ‚Ăłwna ruchu przyĹ›pieszonego","kat":"krajowa"},"geometry":{"type":"LineString","coordinates":[[19.13828,52.52611],[19.13797,52.52738],[19.13753,52.5304]]}},{"type":"Feature","properties":{"numer":"265","klasa":"droga gĹ‚Ăłwna","kat":"wojewodzka"},"geometry":{"type":"LineString","coordinates":[[19.14783,52.53271],[19.14772,52.53241],[19.14781,52.53178],[19.14775,52.53009],[19.14796,52.52863]]}},{"type":"Feature","properties":{"numer":"2926C","klasa":"droga zbiorcza","kat":"powiatowa"},"geometry":{"type":"LineString","coordinates":[[19.1509,52.50569],[19.17102,52.50977]]}},{"type":"Feature","properties":{"numer":"2920C","klasa":"droga zbiorcza","kat":"powiatowa"},"geometry":{"type":"LineString","coordinates":[[19.15951,52.52876],[19.16885,52.52171],[19.16948,52.52123],[19.1698,52.52086],[19.1699,52.52056],[19.17042,52.51145],[19.17102,52.50977]]}},{"type":"Feature","properties":{"numer":"265","klasa":"droga gĹ‚Ăłwna","kat":"wojewodzka"},"geometry":{"type":"LineString","coordinates":[[19.14796,52.52863],[19.15374,52.52919]]}},{"type":"Feature","properties":{"numer":"265","klasa":"droga gĹ‚Ăłwna","kat":"wojewodzka"},"geometry":{"type":"LineString","coordinates":[[19.15374,52.52919],[19.1561,52.5294],[19.15951,52.52876]]}},{"type":"Feature","properties":{"numer":"2943C","klasa":"droga zbiorcza","kat":"powiatowa"},"geometry":{"type":"LineString","coordinates":[[19.15054,52.53214],[19.15236,52.53019],[19.15374,52.52919]]}},{"type":"Feature","properties":{"numer":"2907C","klasa":"droga zbiorcza","kat":"powiatowa"},"geometry":{"type":"LineString","coordinates":[[19.15054,52.53214],[19.15516,52.53349]]}},{"type":"Feature","properties":{"numer":"2943C","klasa":"droga zbiorcza","kat":"powiatowa"},"geometry":{"type":"LineString","coordinates":[[19.14886,52.53378],[19.15054,52.53214]]}},{"type":"Feature","properties":{"numer":"191809C,2907C","klasa":"droga zbiorcza","kat":"powiatowa"},"geometry":{"type":"LineString","coordinates":[[19.15516,52.53349],[19.15525,52.53351]]}},{"type":"Feature","properties":{"numer":"2943C","klasa":"droga zbiorcza","kat":"powiatowa"},"geometry":{"type":"LineString","coordinates":[[19.1484,52.53392],[19.14886,52.53378]]}},{"type":"Feature","properties":{"numer":"2907C","klasa":"droga zbiorcza","kat":"powiatowa"},"geometry":{"type":"LineString","coordinates":[[19.18202,52.55051],[19.18157,52.55009],[19.17975,52.54725],[19.17801,52.54626],[19.17484,52.54497],[19.17197,52.54363],[19.16781,52.54241],[19.16412,52.54101],[19.16104,52.53523],[19.1604,52.53499],[19.15525,52.53351]]}},{"type":"Feature","properties":{"numer":"91","klasa":"droga gĹ‚Ăłwna ruchu przyĹ›pieszonego","kat":"krajowa"},"geometry":{"type":"LineString","coordinates":[[19.13753,52.5304],[19.13713,52.53324]]}},{"type":"Feature","properties":{"numer":"265","klasa":"droga gĹ‚Ăłwna","kat":"wojewodzka"},"geometry":{"type":"LineString","coordinates":[[19.13795,52.53305],[19.14193,52.53219],[19.1473,52.53279]]}},{"type":"Feature","properties":{"numer":"265","klasa":"droga gĹ‚Ăłwna","kat":"wojewodzka"},"geometry":{"type":"LineString","coordinates":[[19.1473,52.53279],[19.14783,52.53271]]}},{"type":"Feature","properties":{"numer":"191826C","klasa":"droga lokalna","kat":"powiatowa"},"geometry":{"type":"LineString","coordinates":[[19.14821,52.53301],[19.14832,52.5331]]}},{"type":"Feature","properties":{"numer":"191826C","klasa":"droga lokalna","kat":"powiatowa"},"geometry":{"type":"LineString","coordinates":[[19.14832,52.5331],[19.14839,52.53317]]}},{"type":"Feature","properties":{"numer":"265","klasa":"droga gĹ‚Ăłwna","kat":"wojewodzka"},"geometry":{"type":"LineString","coordinates":[[19.13713,52.53324],[19.13795,52.53305]]}},{"type":"Feature","properties":{"numer":"265","klasa":"droga gĹ‚Ăłwna","kat":"wojewodzka"},"geometry":{"type":"LineString","coordinates":[[19.13617,52.53337],[19.13713,52.53324]]}},{"type":"Feature","properties":{"numer":"265","klasa":"droga gĹ‚Ăłwna","kat":"wojewodzka"},"geometry":{"type":"LineString","coordinates":[[19.13523,52.53361],[19.13617,52.53337]]}},{"type":"Feature","properties":{"numer":"91","klasa":"droga gĹ‚Ăłwna ruchu przyĹ›pieszonego","kat":"krajowa"},"geometry":{"type":"LineString","coordinates":[[19.13713,52.53324],[19.13683,52.53534],[19.13689,52.53636]]}},{"type":"Feature","properties":{"numer":"191826C","klasa":"droga lokalna","kat":"powiatowa"},"geometry":{"type":"LineString","coordinates":[[19.14476,52.53932],[19.14722,52.53568]]}},{"type":"Feature","properties":{"numer":"91","klasa":"droga gĹ‚Ăłwna ruchu przyĹ›pieszonego","kat":"krajowa"},"geometry":{"type":"LineString","coordinates":[[19.13689,52.53636],[19.13706,52.53718],[19.13758,52.53843],[19.13931,52.54098],[19.13999,52.54259]]}},{"type":"Feature","properties":{"numer":"191826C","klasa":"droga lokalna","kat":"powiatowa"},"geometry":{"type":"LineString","coordinates":[[19.14278,52.5423],[19.14476,52.53932]]}},{"type":"Feature","properties":{"numer":"91","klasa":"droga gĹ‚Ăłwna ruchu przyĹ›pieszonego","kat":"krajowa"},"geometry":{"type":"LineString","coordinates":[[19.13999,52.54259],[19.14024,52.54364],[19.1403,52.54465],[19.14013,52.5456],[19.13956,52.54701]]}},{"type":"Feature","properties":{"numer":"91","klasa":"droga gĹ‚Ăłwna ruchu przyĹ›pieszonego","kat":"krajowa"},"geometry":{"type":"LineString","coordinates":[[19.13008,52.56124],[19.13629,52.55206],[19.13956,52.54701]]}},{"type":"Feature","properties":{"numer":"91","klasa":"droga gĹ‚Ăłwna ruchu przyĹ›pieszonego","kat":"krajowa"},"geometry":{"type":"LineString","coordinates":[[19.12996,52.56141],[19.13008,52.56124]]}},{"type":"Feature","properties":{"numer":"A1","klasa":"autostrada","kat":"krajowa"},"geometry":{"type":"LineString","coordinates":[[19.09183,52.52607],[19.09429,52.52527],[19.09651,52.52442],[19.09917,52.52322],[19.10024,52.52264]]}},{"type":"Feature","properties":{"numer":"A1","klasa":"autostrada","kat":"krajowa"},"geometry":{"type":"LineString","coordinates":[[19.09023,52.52654],[19.09183,52.52607]]}},{"type":"Feature","properties":{"numer":"2917C","klasa":"droga zbiorcza","kat":"powiatowa"},"geometry":{"type":"LineString","coordinates":[[19.08775,52.52859],[19.09208,52.52904],[19.10461,52.52921],[19.13624,52.53174],[19.13646,52.53184],[19.13647,52.53199],[19.13539,52.53314],[19.13523,52.53361]]}},{"type":"Feature","properties":{"numer":"265","klasa":"droga gĹ‚Ăłwna","kat":"wojewodzka"},"geometry":{"type":"LineString","coordinates":[[19.09236,52.54546],[19.13523,52.53361]]}},{"type":"Feature","properties":{"numer":"265","klasa":"droga gĹ‚Ăłwna","kat":"wojewodzka"},"geometry":{"type":"LineString","coordinates":[[19.0896,52.54619],[19.09236,52.54546]]}},{"type":"Feature","properties":{"numer":"91","klasa":"droga gĹ‚Ăłwna ruchu przyĹ›pieszonego","kat":"krajowa"},"geometry":{"type":"LineString","coordinates":[[19.089464618800662,52.62148468799903],[19.09611,52.61173],[19.10132,52.60379],[19.11478,52.58376],[19.12328,52.57138],[19.12996,52.56141]]}},{"type":"Feature","properties":{"numer":"2917C","klasa":"droga zbiorcza","kat":"powiatowa"},"geometry":{"type":"LineString","coordinates":[[19.02705,52.53633],[19.028,52.53613],[19.02918,52.53552],[19.02957,52.53542],[19.0625,52.53],[19.07052,52.52657],[19.08278,52.52798],[19.08375,52.52788],[19.08754,52.52685]]}},{"type":"Feature","properties":{"numer":"A1","klasa":"autostrada","kat":"krajowa"},"geometry":{"type":"LineString","coordinates":[[19.04559,52.54802],[19.04734,52.54673]]}},{"type":"Feature","properties":{"numer":"265","klasa":"droga gĹ‚Ăłwna","kat":"wojewodzka"},"geometry":{"type":"LineString","coordinates":[[19.05793,52.55614],[19.05808,52.55609]]}},{"type":"Feature","properties":{"numer":"265","klasa":"droga gĹ‚Ăłwna","kat":"wojewodzka"},"geometry":{"type":"LineString","coordinates":[[19.01007,52.57005],[19.01129,52.57012],[19.01249,52.5701],[19.02241,52.56928],[19.0241,52.56904],[19.02532,52.56874],[19.03132,52.56649],[19.05431,52.55734],[19.05793,52.55614]]}},{"type":"Feature","properties":{"numer":"2916C","klasa":"droga zbiorcza","kat":"powiatowa"},"geometry":{"type":"LineString","coordinates":[[19.08775,52.52859],[19.08768,52.52893],[19.08563,52.53126],[19.08508,52.53324],[19.08786,52.54144],[19.0896,52.54619]]}},{"type":"Feature","properties":{"numer":"265","klasa":"droga gĹ‚Ăłwna","kat":"wojewodzka"},"geometry":{"type":"LineString","coordinates":[[19.05808,52.55609],[19.05886,52.55585],[19.06045,52.55516],[19.0896,52.54619]]}},{"type":"Feature","properties":{"numer":"62","klasa":"droga gĹ‚Ăłwna ruchu przyĹ›pieszonego","kat":"krajowa"},"geometry":{"type":"LineString","coordinates":[[19.02049,52.63324],[19.020655598117955,52.63328549398845]]}},{"type":"Feature","properties":{"numer":"2140E","klasa":"droga zbiorcza","kat":"powiatowa"},"geometry":{"type":"LineString","coordinates":[[19.25446,52.37836],[19.25456874906485,52.37830782241838]]}},{"type":"Feature","properties":{"numer":"191422C","klasa":"droga lokalna","kat":"powiatowa"},"geometry":{"type":"LineString","coordinates":[[19.25051,52.38056],[19.25445,52.37836]]}},{"type":"Feature","properties":{"numer":"191422C","klasa":"droga lokalna","kat":"powiatowa"},"geometry":{"type":"LineString","coordinates":[[19.25051,52.38056],[19.24376,52.38438]]}},{"type":"Feature","properties":{"numer":"191422C","klasa":"droga lokalna","kat":"powiatowa"},"geometry":{"type":"LineString","coordinates":[[19.24376,52.38438],[19.24349,52.38459]]}},{"type":"Feature","properties":{"numer":"191429C","klasa":"droga lokalna","kat":"powiatowa"},"geometry":{"type":"LineString","coordinates":[[19.24377,52.38473],[19.24349,52.38459]]}},{"type":"Feature","properties":{"numer":"191429C","klasa":"droga lokalna","kat":"powiatowa"},"geometry":{"type":"LineString","coordinates":[[19.25205,52.38975],[19.24377,52.38473]]}},{"type":"Feature","properties":{"numer":"191429C","klasa":"droga lokalna","kat":"powiatowa"},"geometry":{"type":"LineString","coordinates":[[19.25337,52.39056],[19.25205,52.38975]]}},{"type":"Feature","properties":{"numer":"191429C","klasa":"droga lokalna","kat":"powiatowa"},"geometry":{"type":"LineString","coordinates":[[19.25364,52.39072],[19.25337,52.39056]]}},{"type":"Feature","properties":{"numer":"191429C","klasa":"droga lokalna","kat":"powiatowa"},"geometry":{"type":"LineString","coordinates":[[19.25944,52.39328],[19.25579,52.39195],[19.25364,52.39072]]}},{"type":"Feature","properties":{"numer":"191429C","klasa":"droga lokalna","kat":"powiatowa"},"geometry":{"type":"LineString","coordinates":[[19.26284,52.39451],[19.25944,52.39328]]}},{"type":"Feature","properties":{"numer":"191464C","klasa":"droga lokalna","kat":"powiatowa"},"geometry":{"type":"LineString","coordinates":[[19.26432,52.39338],[19.26284,52.39451]]}},{"type":"Feature","properties":{"numer":"191464C","klasa":"droga lokalna","kat":"powiatowa"},"geometry":{"type":"LineString","coordinates":[[19.26856861531139,52.389997020466446],[19.26565,52.39232]]}},{"type":"Feature","properties":{"numer":"191464C","klasa":"droga lokalna","kat":"powiatowa"},"geometry":{"type":"LineString","coordinates":[[19.26565,52.39232],[19.26432,52.39338]]}},{"type":"Feature","properties":{"numer":"1412W","klasa":"droga zbiorcza","kat":"powiatowa"},"geometry":{"type":"LineString","coordinates":[[19.281509624975833,52.4041359153296],[19.28149,52.40413]]}},{"type":"Feature","properties":{"numer":"191427C","klasa":"droga lokalna","kat":"powiatowa"},"geometry":{"type":"LineString","coordinates":[[19.28149,52.40413],[19.2815,52.40413]]}},{"type":"Feature","properties":{"numer":"191419C","klasa":"droga lokalna","kat":"powiatowa"},"geometry":{"type":"LineString","coordinates":[[19.28109,52.40463],[19.28149,52.40413]]}},{"type":"Feature","properties":{"numer":"191419C","klasa":"droga lokalna","kat":"powiatowa"},"geometry":{"type":"LineString","coordinates":[[19.28071600000007,52.405089999999916],[19.28125,52.40443]]}},{"type":"Feature","properties":{"numer":"191419C","klasa":"droga lokalna","kat":"powiatowa"},"geometry":{"type":"LineString","coordinates":[[19.28082,52.41073],[19.28039,52.40735],[19.28033,52.40556],[19.28036,52.40553]]}},{"type":"Feature","properties":{"numer":"A1,E75","klasa":"autostrada","kat":"krajowa"},"geometry":{"type":"LineString","coordinates":[[19.289077581529206,52.39320220527227],[19.28545,52.39651],[19.27149,52.40758],[19.26808,52.4106],[19.26602,52.41278],[19.26432,52.41492],[19.25882,52.42311]]}},{"type":"Feature","properties":{"numer":"191419C","klasa":"droga lokalna","kat":"powiatowa"},"geometry":{"type":"LineString","coordinates":[[19.28082,52.41073],[19.28094,52.41168]]}},{"type":"Feature","properties":{"numer":"191419C","klasa":"droga lokalna","kat":"powiatowa"},"geometry":{"type":"LineString","coordinates":[[19.2854,52.41378],[19.28121,52.41243],[19.28104,52.41223],[19.28094,52.41168]]}},{"type":"Feature","properties":{"numer":"191465C","klasa":"droga lokalna","kat":"powiatowa"},"geometry":{"type":"LineString","coordinates":[[19.2854,52.41378],[19.2887,52.41347],[19.2934,52.41288]]}},{"type":"Feature","properties":{"numer":"1408W","klasa":"droga zbiorcza","kat":"powiatowa"},"geometry":{"type":"LineString","coordinates":[[19.29339,52.41288],[19.293473684858434,52.412886086171525]]}},{"type":"Feature","properties":{"numer":"2934C","klasa":"droga zbiorcza","kat":"powiatowa"},"geometry":{"type":"LineString","coordinates":[[19.25934,52.42307],[19.26638,52.42264],[19.27063,52.42383],[19.27403,52.4255],[19.28261,52.43065],[19.28747401117299,52.43247027411995]]}},{"type":"Feature","properties":{"numer":"265","klasa":"droga gĹ‚Ăłwna","kat":"wojewodzka"},"geometry":{"type":"LineString","coordinates":[[19.23981,52.49015],[19.2409,52.48976],[19.27326,52.48029],[19.32131,52.46934],[19.32218,52.46921],[19.32315,52.46921]]}},{"type":"Feature","properties":{"numer":"191014C,2918C","klasa":"droga zbiorcza","kat":"powiatowa"},"geometry":{"type":"LineString","coordinates":[[19.26514,52.49479],[19.26594,52.49448]]}},{"type":"Feature","properties":{"numer":"2918C","klasa":"droga zbiorcza","kat":"powiatowa"},"geometry":{"type":"LineString","coordinates":[[19.26594,52.49448],[19.27183,52.50016],[19.27175,52.50039],[19.27023,52.501],[19.27019,52.50118],[19.27491,52.50633],[19.27574,52.51011],[19.27729,52.51156]]}},{"type":"Feature","properties":{"numer":"2918C","klasa":"droga zbiorcza","kat":"powiatowa"},"geometry":{"type":"LineString","coordinates":[[19.27741,52.51166],[19.27771,52.5121],[19.27777,52.51295],[19.27903,52.51549],[19.27989,52.51706],[19.28056,52.5178],[19.28558,52.52216],[19.28688,52.52188],[19.28753,52.52182],[19.28792,52.5219],[19.28851,52.52227],[19.29237,52.52519],[19.29622,52.52863],[19.30222,52.52651],[19.3067,52.52553],[19.30958,52.52482],[19.31336,52.52438],[19.31757,52.523],[19.31797,52.52281],[19.31937,52.52145],[19.31971,52.52086],[19.3198,52.51983],[19.31968,52.51968],[19.31884,52.5192],[19.31894,52.51887],[19.3317,52.50453],[19.33226,52.50416],[19.33319,52.50392],[19.33352,52.50377],[19.33393,52.50335],[19.33417,52.50287],[19.3341,52.50215],[19.33295,52.49988],[19.33276,52.49914],[19.33286,52.49853],[19.33364,52.49702],[19.33402,52.49583],[19.33365,52.49462],[19.33359,52.4933],[19.33402,52.49151],[19.33385,52.48848],[19.33404,52.48306],[19.33386,52.48272],[19.33154,52.48039],[19.32971,52.47875],[19.3291,52.47766]]}},{"type":"Feature","properties":{"numer":"2918C","klasa":"droga zbiorcza","kat":"powiatowa"},"geometry":{"type":"LineString","coordinates":[[19.27729,52.51156],[19.27741,52.51166]]}},{"type":"Feature","properties":{"numer":"265","klasa":"droga gĹ‚Ăłwna","kat":"wojewodzka"},"geometry":{"type":"LineString","coordinates":[[19.333113906771096,52.46688863264011],[19.32646,52.46909],[19.3257,52.46927],[19.32463,52.46934]]}},{"type":"Feature","properties":{"numer":"265","klasa":"droga gĹ‚Ăłwna","kat":"wojewodzka"},"geometry":{"type":"LineString","coordinates":[[19.32315,52.46921],[19.3233,52.46922]]}},{"type":"Feature","properties":{"numer":"265","klasa":"droga gĹ‚Ăłwna","kat":"wojewodzka"},"geometry":{"type":"LineString","coordinates":[[19.3233,52.46922],[19.32463,52.46934]]}},{"type":"Feature","properties":{"numer":"2918C","klasa":"droga zbiorcza","kat":"powiatowa"},"geometry":{"type":"LineString","coordinates":[[19.32907,52.47759],[19.32756,52.47358],[19.32596,52.47121],[19.32468,52.46952],[19.32463,52.46934]]}},{"type":"Feature","properties":{"numer":"191027C,2918C","klasa":"droga zbiorcza","kat":"powiatowa"},"geometry":{"type":"LineString","coordinates":[[19.32907,52.47759],[19.3291,52.47766]]}},{"type":"Feature","properties":{"numer":"1404W","klasa":"droga zbiorcza","kat":"powiatowa"},"geometry":{"type":"LineString","coordinates":[[19.354376358296623,52.48782790014685],[19.35412,52.48785]]}},{"type":"Feature","properties":{"numer":"62","klasa":"droga gĹ‚Ăłwna","kat":"krajowa"},"geometry":{"type":"LineString","coordinates":[[19.25193,52.61944],[19.25594,52.61711],[19.2573,52.61674],[19.25894,52.61662],[19.26535,52.61637],[19.26733,52.61639],[19.30406,52.6178],[19.30553,52.61766],[19.31522,52.61609],[19.31694,52.6159],[19.34222,52.61494],[19.36746,52.61485],[19.37375,52.6144],[19.38054,52.61419],[19.38242,52.614],[19.38966,52.6127],[19.39181,52.61214],[19.421056843402358,52.60304735822504]]}},{"type":"Feature","properties":{"numer":"2934C","klasa":"droga zbiorcza","kat":"powiatowa"},"geometry":{"type":"LineString","coordinates":[[19.25882,52.42311],[19.25934,52.42307]]}},{"type":"Feature","properties":{"numer":"2934C","klasa":"droga zbiorcza","kat":"powiatowa"},"geometry":{"type":"LineString","coordinates":[[19.25835,52.42315],[19.25882,52.42311]]}},{"type":"Feature","properties":{"numer":"265","klasa":"droga gĹ‚Ăłwna","kat":"wojewodzka"},"geometry":{"type":"LineString","coordinates":[[19.23496,52.49308],[19.23981,52.49015]]}},{"type":"Feature","properties":{"numer":"2918C","klasa":"droga zbiorcza","kat":"powiatowa"},"geometry":{"type":"LineString","coordinates":[[19.23981,52.49015],[19.26361,52.4943],[19.26473,52.49454],[19.26514,52.49479]]}},{"type":"Feature","properties":{"numer":"62","klasa":"droga gĹ‚Ăłwna","kat":"krajowa"},"geometry":{"type":"LineString","coordinates":[[19.20948,52.64112],[19.21321,52.63966],[19.21401,52.63928],[19.22249,52.63425],[19.22409,52.63298],[19.23085,52.62684],[19.23195,52.62611],[19.2386,52.62348],[19.2472,52.62165],[19.24838,52.62133],[19.24946,52.62089],[19.25193,52.61944]]}},{"type":"Feature","properties":{"numer":"492021P","klasa":"droga lokalna","kat":"powiatowa"},"geometry":{"type":"LineString","coordinates":[[18.99973313700065,52.352796264525466],[18.99975,52.3528]]}},{"type":"Feature","properties":{"numer":"191356C","klasa":"droga lokalna","kat":"powiatowa"},"geometry":{"type":"LineString","coordinates":[[18.99974,52.3528],[19.0052,52.35403],[19.00519,52.35408]]}},{"type":"Feature","properties":{"numer":"2939C","klasa":"droga zbiorcza","kat":"powiatowa"},"geometry":{"type":"LineString","coordinates":[[18.99536,52.3605],[19.00108,52.36505],[19.00339,52.36741],[19.00464,52.36965],[19.00776,52.37332],[19.00808,52.37414],[19.0079,52.37563],[19.00817,52.37629],[19.00977,52.37751],[19.01278,52.38234],[19.01707,52.38713],[19.01728,52.39124],[19.01757,52.39237],[19.01792,52.4021],[19.0177,52.40246],[19.01534,52.40415]]}},{"type":"Feature","properties":{"numer":"2938C","klasa":"droga zbiorcza","kat":"powiatowa"},"geometry":{"type":"LineString","coordinates":[[19.02746,52.40484],[19.02885,52.40339]]}},{"type":"Feature","properties":{"numer":"2928C","klasa":"droga zbiorcza","kat":"powiatowa"},"geometry":{"type":"LineString","coordinates":[[19.02885,52.40339],[19.02981,52.40447],[19.0309,52.40535]]}},{"type":"Feature","properties":{"numer":"2935C","klasa":"droga zbiorcza","kat":"powiatowa"},"geometry":{"type":"LineString","coordinates":[[19.02746,52.40484],[19.03006,52.40558],[19.03037,52.40556],[19.03081,52.40538]]}},{"type":"Feature","properties":{"numer":"269","klasa":"droga zbiorcza","kat":"wojewodzka"},"geometry":{"type":"LineString","coordinates":[[19.01534,52.40415],[19.01529,52.40497],[19.01557,52.40522],[19.01712,52.40597],[19.01937,52.40627]]}},{"type":"Feature","properties":{"numer":"2928C,2935C","klasa":"droga zbiorcza","kat":"powiatowa"},"geometry":{"type":"LineString","coordinates":[[19.03081,52.40538],[19.0309,52.40535]]}},{"type":"Feature","properties":{"numer":"269","klasa":"droga zbiorcza","kat":"wojewodzka"},"geometry":{"type":"LineString","coordinates":[[18.94927,52.38162],[18.95639,52.38475],[18.9581,52.38508]]}},{"type":"Feature","properties":{"numer":"2914C","klasa":"droga zbiorcza","kat":"powiatowa"},"geometry":{"type":"LineString","coordinates":[[18.93948,52.41075],[18.9413,52.40853],[18.94174,52.40754],[18.94294,52.40634],[18.94517,52.40466],[18.95411,52.39411],[18.95691,52.39141],[18.95738,52.39051],[18.95835,52.3881],[18.9581,52.38508]]}},{"type":"Feature","properties":{"numer":"2929C","klasa":"droga zbiorcza","kat":"powiatowa"},"geometry":{"type":"LineString","coordinates":[[18.93416,52.44079],[18.93507,52.44087],[18.93559,52.44081],[18.93967,52.43946],[18.94081,52.43928],[18.95409,52.43891],[18.95777,52.4391],[18.9584,52.43902],[18.9588,52.43889],[18.95972,52.43835],[18.96111,52.43687],[18.96798,52.43105],[18.96866,52.43061],[18.97377,52.42795],[18.97593,52.42701],[18.97938,52.4251],[18.98031,52.4249],[18.98087,52.42489],[18.98314,52.42509],[18.98455,52.42491],[18.99181,52.42218],[18.99257,52.42176],[18.99406,52.42008],[18.99543,52.41928],[18.99711,52.41801],[19.0008,52.41676],[19.00299,52.41634],[19.00359,52.41607],[19.00414,52.41567],[19.00506,52.41476],[19.0055,52.41364],[19.00607,52.41338]]}},{"type":"Feature","properties":{"numer":"2931C","klasa":"droga zbiorcza","kat":"powiatowa"},"geometry":{"type":"LineString","coordinates":[[18.9518,52.46849],[18.9564,52.46791],[18.95949,52.46814]]}},{"type":"Feature","properties":{"numer":"2931C","klasa":"droga zbiorcza","kat":"powiatowa"},"geometry":{"type":"LineString","coordinates":[[18.95156,52.46853],[18.9518,52.46849]]}},{"type":"Feature","properties":{"numer":"2923C","klasa":"droga zbiorcza","kat":"powiatowa"},"geometry":{"type":"LineString","coordinates":[[18.96366,52.4732],[18.96199,52.47076],[18.95949,52.46814]]}},{"type":"Feature","properties":{"numer":"2923C","klasa":"droga zbiorcza","kat":"powiatowa"},"geometry":{"type":"LineString","coordinates":[[18.96374,52.47331],[18.96366,52.4732]]}},{"type":"Feature","properties":{"numer":"269","klasa":"droga gĹ‚Ăłwna","kat":"wojewodzka"},"geometry":{"type":"LineString","coordinates":[[18.94927,52.38162],[18.949123477503594,52.38155379185333]]}},{"type":"Feature","properties":{"numer":"191327C,2914C","klasa":"droga zbiorcza","kat":"powiatowa"},"geometry":{"type":"LineString","coordinates":[[18.93935,52.4108],[18.93948,52.41075]]}},{"type":"Feature","properties":{"numer":"2914C","klasa":"droga zbiorcza","kat":"powiatowa"},"geometry":{"type":"LineString","coordinates":[[18.93722,52.4198],[18.93739,52.41962],[18.93775,52.41858],[18.93935,52.4108]]}},{"type":"Feature","properties":{"numer":"191328C,2914C","klasa":"droga zbiorcza","kat":"powiatowa"},"geometry":{"type":"LineString","coordinates":[[18.93722,52.4198],[18.93178,52.41978]]}},{"type":"Feature","properties":{"numer":"191359C,2929C","klasa":"droga zbiorcza","kat":"powiatowa"},"geometry":{"type":"LineString","coordinates":[[18.93416,52.44079],[18.93291,52.44073]]}},{"type":"Feature","properties":{"numer":"2923C","klasa":"droga zbiorcza","kat":"powiatowa"},"geometry":{"type":"LineString","coordinates":[[18.90622,52.51334],[18.92023,52.49905],[18.92047,52.49855],[18.92066,52.4972],[18.92226,52.49519],[18.92297,52.49386],[18.92357,52.49302],[18.92405,52.49171],[18.92473,52.4911],[18.92497,52.4905],[18.92525,52.49033],[18.92812,52.48951],[18.93446,52.48539],[18.93483,52.4849],[18.93585,52.48268],[18.93608,52.48256],[18.95433,52.47803],[18.95792,52.47671],[18.95965,52.47596],[18.96164,52.47496],[18.96345,52.47429],[18.96386,52.4738],[18.96374,52.47331]]}},{"type":"Feature","properties":{"numer":"2911C","klasa":"droga zbiorcza","kat":"powiatowa"},"geometry":{"type":"LineString","coordinates":[[18.92017,52.5695],[18.92167,52.56794],[18.92321,52.56682],[18.92815,52.56435],[18.95385,52.55037]]}},{"type":"Feature","properties":{"numer":"190442C,2912C","klasa":"droga zbiorcza","kat":"powiatowa"},"geometry":{"type":"LineString","coordinates":[[18.92017,52.5695],[18.91993,52.56938]]}},{"type":"Feature","properties":{"numer":"2938C","klasa":"droga zbiorcza","kat":"powiatowa"},"geometry":{"type":"LineString","coordinates":[[19.02526,52.40749],[19.02746,52.40484]]}},{"type":"Feature","properties":{"numer":"269","klasa":"droga zbiorcza","kat":"wojewodzka"},"geometry":{"type":"LineString","coordinates":[[19.01943,52.40627],[19.01937,52.40627]]}},{"type":"Feature","properties":{"numer":"269","klasa":"droga zbiorcza","kat":"wojewodzka"},"geometry":{"type":"LineString","coordinates":[[19.01943,52.40627],[19.0233,52.40668]]}},{"type":"Feature","properties":{"numer":"269","klasa":"droga zbiorcza","kat":"wojewodzka"},"geometry":{"type":"LineString","coordinates":[[19.0233,52.40668],[19.02391,52.407],[19.02526,52.40749]]}},{"type":"Feature","properties":{"numer":"2929C","klasa":"droga zbiorcza","kat":"powiatowa"},"geometry":{"type":"LineString","coordinates":[[19.00628,52.41331],[19.00723,52.41296],[19.00809,52.41278],[19.01193,52.41235],[19.01396,52.41166],[19.01503,52.41143],[19.0185,52.41107],[19.0226,52.40721],[19.0233,52.40668]]}},{"type":"Feature","properties":{"numer":"2929C","klasa":"droga zbiorcza","kat":"powiatowa"},"geometry":{"type":"LineString","coordinates":[[19.00607,52.41338],[19.00628,52.41331]]}},{"type":"Feature","properties":{"numer":"269","klasa":"droga zbiorcza","kat":"wojewodzka"},"geometry":{"type":"LineString","coordinates":[[19.02526,52.40749],[19.02504,52.40779],[19.02498,52.40809],[19.02607,52.42458],[19.02598,52.42523],[19.01436,52.44294],[19.01329,52.44472],[19.0145,52.46252],[19.01432,52.46543]]}},{"type":"Feature","properties":{"numer":"269","klasa":"droga zbiorcza","kat":"wojewodzka"},"geometry":{"type":"LineString","coordinates":[[19.01432,52.46543],[19.01385,52.47379]]}},{"type":"Feature","properties":{"numer":"269","klasa":"droga zbiorcza","kat":"wojewodzka"},"geometry":{"type":"LineString","coordinates":[[19.01385,52.47379],[19.01332,52.48257]]}},{"type":"Feature","properties":{"numer":"2909C","klasa":"droga zbiorcza","kat":"powiatowa"},"geometry":{"type":"LineString","coordinates":[[19.01264,52.4974],[19.01332,52.48257]]}},{"type":"Feature","properties":{"numer":"492022P","klasa":"droga lokalna","kat":"powiatowa"},"geometry":{"type":"LineString","coordinates":[[18.988045444298695,52.355269428168874],[18.98804,52.3553]]}},{"type":"Feature","properties":{"numer":"191357C","klasa":"droga lokalna","kat":"powiatowa"},"geometry":{"type":"LineString","coordinates":[[19.00519,52.35408],[19.00517,52.35427],[19.00257,52.3558]]}},{"type":"Feature","properties":{"numer":"191357C","klasa":"droga lokalna","kat":"powiatowa"},"geometry":{"type":"LineString","coordinates":[[19.00257,52.3558],[19.00243,52.35588]]}},{"type":"Feature","properties":{"numer":"2939C","klasa":"droga zbiorcza","kat":"powiatowa"},"geometry":{"type":"LineString","coordinates":[[18.98804,52.3553],[18.9883,52.35674],[18.98853,52.35706],[18.99464,52.35997],[18.99536,52.3605]]}},{"type":"Feature","properties":{"numer":"191357C","klasa":"droga lokalna","kat":"powiatowa"},"geometry":{"type":"LineString","coordinates":[[19.00243,52.35588],[18.99914,52.3578],[18.99536,52.3605]]}},{"type":"Feature","properties":{"numer":"269","klasa":"droga zbiorcza","kat":"wojewodzka"},"geometry":{"type":"LineString","coordinates":[[18.9581,52.38508],[18.96961,52.38733],[18.97539,52.38826],[18.97817,52.3888],[18.97876,52.38885],[18.98114,52.38871],[18.98184,52.38873],[18.99863,52.39248],[19.00132,52.39347],[19.00971,52.3971],[19.0118,52.39923],[19.01533,52.40311],[19.01542,52.4033],[19.01534,52.40415]]}},{"type":"Feature","properties":{"numer":"2931C","klasa":"droga zbiorcza","kat":"powiatowa"},"geometry":{"type":"LineString","coordinates":[[18.95949,52.46814],[18.96563,52.4687],[18.9697,52.46926],[18.97511,52.46888],[19.01385,52.47379]]}},{"type":"Feature","properties":{"numer":"2909C","klasa":"droga zbiorcza","kat":"powiatowa"},"geometry":{"type":"LineString","coordinates":[[18.99342,52.56698],[18.99306,52.56486],[18.99313,52.56452],[19.01217,52.53507],[19.0129,52.53247]]}},{"type":"Feature","properties":{"numer":"2913C","klasa":"droga zbiorcza","kat":"powiatowa"},"geometry":{"type":"LineString","coordinates":[[18.97455,52.56184],[18.9895,52.56581],[18.99342,52.56698]]}},{"type":"Feature","properties":{"numer":"2909C","klasa":"droga zbiorcza","kat":"powiatowa"},"geometry":{"type":"LineString","coordinates":[[18.99452,52.5714],[18.99382,52.56936],[18.99342,52.56698]]}},{"type":"Feature","properties":{"numer":"265","klasa":"droga gĹ‚Ăłwna","kat":"wojewodzka"},"geometry":{"type":"LineString","coordinates":[[18.99704,52.57146],[18.99962,52.57133],[19.0046,52.57085],[19.00552,52.57064],[19.00727,52.57003],[19.00798,52.56992],[19.00882,52.56994]]}},{"type":"Feature","properties":{"numer":"265,2909C","klasa":"droga gĹ‚Ăłwna","kat":"gminna"},"geometry":{"type":"LineString","coordinates":[[18.99688,52.57147],[18.99704,52.57146]]}},{"type":"Feature","properties":{"numer":"2909C","klasa":"droga zbiorcza","kat":"powiatowa"},"geometry":{"type":"LineString","coordinates":[[18.99471,52.57178],[18.99452,52.5714]]}},{"type":"Feature","properties":{"numer":"265,2909C","klasa":"droga gĹ‚Ăłwna","kat":"gminna"},"geometry":{"type":"LineString","coordinates":[[18.99471,52.57178],[18.99591,52.57154],[18.99688,52.57147]]}},{"type":"Feature","properties":{"numer":"265","klasa":"droga gĹ‚Ăłwna","kat":"wojewodzka"},"geometry":{"type":"LineString","coordinates":[[18.97724,52.57801],[18.98802,52.57434],[18.99088,52.5727],[18.99471,52.57178]]}},{"type":"Feature","properties":{"numer":"A1","klasa":"autostrada","kat":"krajowa"},"geometry":{"type":"LineString","coordinates":[[18.99837,52.58026],[19.00691,52.57217],[19.00945,52.56999]]}},{"type":"Feature","properties":{"numer":"317","klasa":"droga zbiorcza","kat":"wojewodzka"},"geometry":{"type":"LineString","coordinates":[[18.99688,52.57147],[18.99739,52.57296],[18.99848,52.57719],[18.99842,52.57773],[18.99783,52.57896],[18.99785,52.57937],[18.99803,52.57983]]}},{"type":"Feature","properties":{"numer":"317","klasa":"droga zbiorcza","kat":"wojewodzka"},"geometry":{"type":"LineString","coordinates":[[18.99803,52.57983],[18.99837,52.58026]]}},{"type":"Feature","properties":{"numer":"317","klasa":"droga zbiorcza","kat":"wojewodzka"},"geometry":{"type":"LineString","coordinates":[[18.99837,52.58026],[18.99859,52.58052]]}},{"type":"Feature","properties":{"numer":"A1","klasa":"autostrada","kat":"krajowa"},"geometry":{"type":"LineString","coordinates":[[18.99027,52.58918],[18.99158,52.58716],[18.9927,52.58578],[18.99415,52.58427],[18.99837,52.58026]]}},{"type":"Feature","properties":{"numer":"A1","klasa":"autostrada","kat":"krajowa"},"geometry":{"type":"LineString","coordinates":[[19.00945,52.56999],[19.01231,52.56796],[19.01379,52.56704],[19.01633,52.56564]]}},{"type":"Feature","properties":{"numer":"265","klasa":"droga gĹ‚Ăłwna","kat":"wojewodzka"},"geometry":{"type":"LineString","coordinates":[[19.00882,52.56994],[19.00945,52.56999]]}},{"type":"Feature","properties":{"numer":"265","klasa":"droga gĹ‚Ăłwna","kat":"wojewodzka"},"geometry":{"type":"LineString","coordinates":[[19.00945,52.56999],[19.01007,52.57005]]}},{"type":"Feature","properties":{"numer":"317","klasa":"droga zbiorcza","kat":"wojewodzka"},"geometry":{"type":"LineString","coordinates":[[19.00456,52.5987],[19.00558,52.59934]]}},{"type":"Feature","properties":{"numer":"317","klasa":"droga zbiorcza","kat":"wojewodzka"},"geometry":{"type":"LineString","coordinates":[[19.00558,52.59934],[19.005724981123695,52.59942698867422]]}},{"type":"Feature","properties":{"numer":"2913C","klasa":"droga zbiorcza","kat":"powiatowa"},"geometry":{"type":"LineString","coordinates":[[18.97455,52.56184],[18.97337,52.56146],[18.96709,52.55861],[18.95513,52.55069],[18.9548,52.55055],[18.95385,52.55037]]}},{"type":"Feature","properties":{"numer":"2910C","klasa":"droga zbiorcza","kat":"powiatowa"},"geometry":{"type":"LineString","coordinates":[[18.97724,52.57801],[18.97747,52.57824],[18.9775,52.57845],[18.9683,52.59945]]}},{"type":"Feature","properties":{"numer":"190514C","klasa":"droga lokalna","kat":"powiatowa"},"geometry":{"type":"LineString","coordinates":[[18.95729,52.59913],[18.96179,52.59907],[18.96629,52.59911]]}},{"type":"Feature","properties":{"numer":"190514C","klasa":"droga lokalna","kat":"powiatowa"},"geometry":{"type":"LineString","coordinates":[[18.96629,52.59911],[18.9683,52.59945]]}},{"type":"Feature","properties":{"numer":"190441C","klasa":"droga lokalna","kat":"powiatowa"},"geometry":{"type":"LineString","coordinates":[[18.95239,52.60005],[18.95729,52.59913]]}},{"type":"Feature","properties":{"numer":"190441C","klasa":"droga lokalna","kat":"powiatowa"},"geometry":{"type":"LineString","coordinates":[[18.95167,52.60019],[18.95239,52.60005]]}},{"type":"Feature","properties":{"numer":"190441C","klasa":"droga lokalna","kat":"powiatowa"},"geometry":{"type":"LineString","coordinates":[[18.94247,52.60193],[18.95167,52.60019]]}},{"type":"Feature","properties":{"numer":"62","klasa":"droga gĹ‚Ăłwna","kat":"krajowa"},"geometry":{"type":"LineString","coordinates":[[18.96263,52.62395],[18.963,52.62403]]}},{"type":"Feature","properties":{"numer":"62","klasa":"droga gĹ‚Ăłwna","kat":"krajowa"},"geometry":{"type":"LineString","coordinates":[[18.963,52.62403],[18.96337,52.6241]]}},{"type":"Feature","properties":{"numer":"A1","klasa":"autostrada","kat":"krajowa"},"geometry":{"type":"LineString","coordinates":[[18.94958,52.63924],[18.9589,52.62984],[18.96095,52.62732],[18.96171,52.62623],[18.963,52.62403]]}},{"type":"Feature","properties":{"numer":"A1","klasa":"autostrada","kat":"krajowa"},"geometry":{"type":"LineString","coordinates":[[18.99011,52.58948],[18.99027,52.58918]]}},{"type":"Feature","properties":{"numer":"317","klasa":"droga zbiorcza","kat":"wojewodzka"},"geometry":{"type":"LineString","coordinates":[[18.99859,52.58052],[18.99944,52.58155],[18.99984,52.5823],[19.00371,52.59731],[19.00405,52.59813],[19.00456,52.5987]]}},{"type":"Feature","properties":{"numer":"A1","klasa":"autostrada","kat":"krajowa"},"geometry":{"type":"LineString","coordinates":[[18.98772,52.59671],[18.98898,52.5921],[18.99011,52.58948]]}},{"type":"Feature","properties":{"numer":"A1","klasa":"autostrada","kat":"krajowa"},"geometry":{"type":"LineString","coordinates":[[18.98768,52.59682],[18.98772,52.59671]]}},{"type":"Feature","properties":{"numer":"A1","klasa":"autostrada","kat":"krajowa"},"geometry":{"type":"LineString","coordinates":[[18.98765,52.59693],[18.98768,52.59682]]}},{"type":"Feature","properties":{"numer":"2910C","klasa":"droga zbiorcza","kat":"powiatowa"},"geometry":{"type":"LineString","coordinates":[[18.98768,52.59682],[18.98837,52.59684],[18.98955,52.59666],[19.00456,52.5987]]}},{"type":"Feature","properties":{"numer":"2910C","klasa":"droga zbiorcza","kat":"powiatowa"},"geometry":{"type":"LineString","coordinates":[[18.9683,52.59945],[18.96939,52.59959],[18.96996,52.5996],[18.97075,52.59949],[18.98567,52.59667],[18.98614,52.59666],[18.98768,52.59682]]}},{"type":"Feature","properties":{"numer":"A1","klasa":"autostrada","kat":"krajowa"},"geometry":{"type":"LineString","coordinates":[[18.98624,52.60019],[18.9869,52.59889],[18.98765,52.59693]]}},{"type":"Feature","properties":{"numer":"A1","klasa":"autostrada","kat":"krajowa"},"geometry":{"type":"LineString","coordinates":[[18.98571,52.60103],[18.98624,52.60019]]}},{"type":"Feature","properties":{"numer":"A1","klasa":"autostrada","kat":"krajowa"},"geometry":{"type":"LineString","coordinates":[[18.963,52.62403],[18.96492,52.62034],[18.96607,52.6184],[18.96763,52.61631],[18.96878,52.61509],[18.97065,52.61337],[18.97255,52.61192],[18.97867,52.60793],[18.98108,52.60615],[18.9826,52.60479],[18.98419,52.60311],[18.98571,52.60103]]}},{"type":"Feature","properties":{"numer":"2941","klasa":"droga zbiorcza","kat":"powiatowa"},"geometry":{"type":"LineString","coordinates":[[18.7662,52.34277],[18.76738,52.34252],[18.76945,52.34193],[18.77033,52.34184],[18.78078,52.34202],[18.78657,52.34205]]}},{"type":"Feature","properties":{"numer":"2941","klasa":"droga zbiorcza","kat":"powiatowa"},"geometry":{"type":"LineString","coordinates":[[18.75322,52.34443],[18.76191,52.34312],[18.76349,52.34273],[18.7662,52.34277]]}},{"type":"Feature","properties":{"numer":"3406P","klasa":"droga zbiorcza","kat":"powiatowa"},"geometry":{"type":"LineString","coordinates":[[18.75322,52.34443],[18.75317545657016,52.34443645879733]]}},{"type":"Feature","properties":{"numer":"2932C","klasa":"droga zbiorcza","kat":"powiatowa"},"geometry":{"type":"LineString","coordinates":[[18.7713,52.4187],[18.77054,52.41722],[18.77137,52.41664],[18.77203,52.41594],[18.77321,52.41416],[18.77407,52.41214],[18.77431,52.4102],[18.77491,52.40178],[18.77657,52.39653],[18.77743,52.39296],[18.77802,52.38979],[18.77785,52.38916],[18.77582,52.3871],[18.77536,52.38637],[18.77531,52.38583],[18.77567,52.38316],[18.77555,52.3823],[18.77634,52.37904],[18.78038,52.36525],[18.7802,52.36408],[18.77978,52.36335],[18.76956,52.34855],[18.76842,52.34656],[18.76647,52.34357],[18.7662,52.34277]]}},{"type":"Feature","properties":{"numer":"270","klasa":"droga gĹ‚Ăłwna","kat":"wojewodzka"},"geometry":{"type":"LineString","coordinates":[[18.74444,52.40039],[18.74435,52.40025]]}},{"type":"Feature","properties":{"numer":"270","klasa":"droga gĹ‚Ăłwna","kat":"wojewodzka"},"geometry":{"type":"LineString","coordinates":[[18.74444,52.40039],[18.75316,52.41414]]}},{"type":"Feature","properties":{"numer":"269","klasa":"droga zbiorcza","kat":"wojewodzka"},"geometry":{"type":"LineString","coordinates":[[18.74153,52.409],[18.74165,52.40905]]}},{"type":"Feature","properties":{"numer":"269","klasa":"droga zbiorcza","kat":"wojewodzka"},"geometry":{"type":"LineString","coordinates":[[18.74165,52.40905],[18.75257,52.41398],[18.75316,52.41414]]}},{"type":"Feature","properties":{"numer":"270","klasa":"droga gĹ‚Ăłwna","kat":"wojewodzka"},"geometry":{"type":"LineString","coordinates":[[18.73427522592214,52.37361297737074],[18.73485,52.37724],[18.73484,52.38653],[18.73509,52.38693],[18.73667,52.3883],[18.74435,52.40025]]}},{"type":"Feature","properties":{"numer":"269","klasa":"droga zbiorcza","kat":"wojewodzka"},"geometry":{"type":"LineString","coordinates":[[18.695933666245608,52.3997860634062],[18.69801,52.40322],[18.69836,52.40356],[18.69885,52.40378],[18.70141,52.40439],[18.70349,52.40531],[18.70447,52.40562],[18.7111,52.40558]]}},{"type":"Feature","properties":{"numer":"269","klasa":"droga zbiorcza","kat":"wojewodzka"},"geometry":{"type":"LineString","coordinates":[[18.7111,52.40558],[18.71127,52.40558]]}},{"type":"Feature","properties":{"numer":"269","klasa":"droga zbiorcza","kat":"wojewodzka"},"geometry":{"type":"LineString","coordinates":[[18.71127,52.40558],[18.71288,52.40563],[18.71345,52.40558],[18.71537,52.40419],[18.7159,52.40405],[18.73197,52.40477],[18.73233,52.40486],[18.74153,52.409]]}},{"type":"Feature","properties":{"numer":"2814C","klasa":"droga zbiorcza","kat":"powiatowa"},"geometry":{"type":"LineString","coordinates":[[18.76262,52.42062],[18.76168,52.42086],[18.76117,52.42112],[18.75926,52.42147],[18.75706,52.42163],[18.75052,52.42242],[18.74916,52.42337],[18.74204,52.42887],[18.74147,52.42921],[18.74011,52.42983],[18.73556,52.43052],[18.73499,52.43075],[18.7347,52.43101],[18.73274,52.43368],[18.72785,52.43756],[18.72559,52.43885],[18.72542,52.43915],[18.72511,52.44049],[18.72485,52.44078],[18.71524,52.44838],[18.71389,52.44934]]}},{"type":"Feature","properties":{"numer":"269,270","klasa":"droga gĹ‚Ăłwna","kat":"gminna"},"geometry":{"type":"LineString","coordinates":[[18.76262,52.42062],[18.76107,52.41826],[18.76027,52.41747],[18.75475,52.41498],[18.75316,52.41414]]}},{"type":"Feature","properties":{"numer":"269","klasa":"droga zbiorcza","kat":"wojewodzka"},"geometry":{"type":"LineString","coordinates":[[18.7713,52.4187],[18.77665,52.41748]]}},{"type":"Feature","properties":{"numer":"269","klasa":"droga zbiorcza","kat":"wojewodzka"},"geometry":{"type":"LineString","coordinates":[[18.76688,52.41969],[18.7713,52.4187]]}},{"type":"Feature","properties":{"numer":"269","klasa":"droga zbiorcza","kat":"wojewodzka"},"geometry":{"type":"LineString","coordinates":[[18.76272,52.42067],[18.76289,52.42058],[18.76688,52.41969]]}},{"type":"Feature","properties":{"numer":"269,270","klasa":"droga gĹ‚Ăłwna","kat":"gminna"},"geometry":{"type":"LineString","coordinates":[[18.76272,52.42067],[18.76262,52.42062]]}},{"type":"Feature","properties":{"numer":"191709C,2931C","klasa":"droga zbiorcza","kat":"powiatowa"},"geometry":{"type":"LineString","coordinates":[[18.76688,52.41969],[18.77067,52.42095],[18.77307,52.42197]]}},{"type":"Feature","properties":{"numer":"270","klasa":"droga gĹ‚Ăłwna","kat":"wojewodzka"},"geometry":{"type":"LineString","coordinates":[[18.76272,52.42067],[18.76411,52.42144],[18.76441,52.42173],[18.76643,52.42627],[18.76725,52.4278],[18.79193,52.47058]]}},{"type":"Feature","properties":{"numer":"2919C","klasa":"droga zbiorcza","kat":"powiatowa"},"geometry":{"type":"LineString","coordinates":[[18.79193,52.47058],[18.79067,52.47119],[18.79015,52.47132],[18.7894,52.47137],[18.7868,52.47095],[18.77867,52.46892],[18.77793,52.46889],[18.77462,52.46917],[18.77306,52.46916],[18.77272,52.46948],[18.77738,52.47727],[18.77828,52.48099],[18.77848,52.48328],[18.78018,52.49062],[18.78214,52.49559],[18.78413,52.49928],[18.78523,52.50325],[18.78549,52.5036],[18.78762,52.50467],[18.78786,52.50494],[18.78823,52.50627],[18.78824,52.50672],[18.78784,52.50802],[18.78661,52.50998],[18.78661,52.51067]]}},{"type":"Feature","properties":{"numer":"2919C","klasa":"droga zbiorcza","kat":"powiatowa"},"geometry":{"type":"LineString","coordinates":[[18.78661,52.51067],[18.78589,52.51084],[18.78363,52.51211],[18.78268,52.51245],[18.7825,52.51273],[18.78256,52.51318],[18.78246,52.51336]]}},{"type":"Feature","properties":{"numer":"2919C","klasa":"droga zbiorcza","kat":"powiatowa"},"geometry":{"type":"LineString","coordinates":[[18.78246,52.51336],[18.7823,52.51344]]}},{"type":"Feature","properties":{"numer":"270","klasa":"droga gĹ‚Ăłwna","kat":"wojewodzka"},"geometry":{"type":"LineString","coordinates":[[18.82221,52.52315],[18.82243,52.52353]]}},{"type":"Feature","properties":{"numer":"270T","klasa":"droga gĹ‚Ăłwna","kat":"gminna"},"geometry":{"type":"LineString","coordinates":[[18.82243,52.52353],[18.82206,52.52387]]}},{"type":"Feature","properties":{"numer":"270","klasa":"droga gĹ‚Ăłwna","kat":"wojewodzka"},"geometry":{"type":"LineString","coordinates":[[18.82243,52.52353],[18.82265,52.52393]]}},{"type":"Feature","properties":{"numer":"270T","klasa":"droga gĹ‚Ăłwna","kat":"gminna"},"geometry":{"type":"LineString","coordinates":[[18.82206,52.52387],[18.81946,52.52628]]}},{"type":"Feature","properties":{"numer":"270","klasa":"droga gĹ‚Ăłwna","kat":"wojewodzka"},"geometry":{"type":"LineString","coordinates":[[18.82265,52.52393],[18.82545,52.52875]]}},{"type":"Feature","properties":{"numer":"270T","klasa":"droga gĹ‚Ăłwna","kat":"gminna"},"geometry":{"type":"LineString","coordinates":[[18.81946,52.52628],[18.81821,52.52746]]}},{"type":"Feature","properties":{"numer":"270","klasa":"droga gĹ‚Ăłwna","kat":"wojewodzka"},"geometry":{"type":"LineString","coordinates":[[18.82545,52.52875],[18.82555,52.52893]]}},{"type":"Feature","properties":{"numer":"2831C","klasa":"droga zbiorcza","kat":"powiatowa"},"geometry":{"type":"LineString","coordinates":[[18.81306,52.53361],[18.80153,52.53073],[18.79697,52.53038],[18.78927,52.52913],[18.77947,52.52559]]}},{"type":"Feature","properties":{"numer":"270T","klasa":"droga gĹ‚Ăłwna","kat":"gminna"},"geometry":{"type":"LineString","coordinates":[[18.81821,52.52746],[18.81569,52.52989],[18.81476,52.53109],[18.81306,52.53361]]}},{"type":"Feature","properties":{"numer":"2831C","klasa":"droga zbiorcza","kat":"powiatowa"},"geometry":{"type":"LineString","coordinates":[[18.83096,52.53815],[18.81306,52.53361]]}},{"type":"Feature","properties":{"numer":"2819C","klasa":"droga zbiorcza","kat":"powiatowa"},"geometry":{"type":"LineString","coordinates":[[18.73349189840277,52.565372501749955],[18.7335,52.56537],[18.74536,52.56118],[18.746,52.56087],[18.74872,52.5591]]}},{"type":"Feature","properties":{"numer":"2831C","klasa":"droga zbiorcza","kat":"powiatowa"},"geometry":{"type":"LineString","coordinates":[[18.77947,52.52559],[18.77507,52.52402],[18.75188,52.5182],[18.75139,52.51799],[18.74984,52.517],[18.74769121188141,52.516309166739]]}},{"type":"Feature","properties":{"numer":"2919C","klasa":"droga zbiorcza","kat":"powiatowa"},"geometry":{"type":"LineString","coordinates":[[18.7823,52.51344],[18.77993,52.51445],[18.77892,52.51518],[18.77821,52.51543],[18.77811,52.5156],[18.78017,52.52423],[18.78007,52.52478],[18.77947,52.52559]]}},{"type":"Feature","properties":{"numer":"2819C","klasa":"droga zbiorcza","kat":"powiatowa"},"geometry":{"type":"LineString","coordinates":[[18.74872,52.5591],[18.75037,52.55851],[18.75132,52.55833],[18.75225,52.55821],[18.75491,52.55818],[18.75584,52.55804],[18.77204,52.55424],[18.77687,52.55339],[18.79065,52.55117]]}},{"type":"Feature","properties":{"numer":"2813C","klasa":"droga zbiorcza","kat":"powiatowa"},"geometry":{"type":"LineString","coordinates":[[18.77317,52.57942],[18.78055,52.5733],[18.78619,52.56634],[18.78731,52.5626],[18.78969,52.55377],[18.79065,52.55117]]}},{"type":"Feature","properties":{"numer":"190602C,2813C","klasa":"droga zbiorcza","kat":"powiatowa"},"geometry":{"type":"LineString","coordinates":[[18.77317,52.57942],[18.77419,52.58151]]}},{"type":"Feature","properties":{"numer":"2813C","klasa":"droga zbiorcza","kat":"powiatowa"},"geometry":{"type":"LineString","coordinates":[[18.77419,52.58151],[18.77039,52.58241],[18.76396,52.58477],[18.75709,52.58673],[18.746676619227085,52.59013164121699]]}},{"type":"Feature","properties":{"numer":"62","klasa":"droga gĹ‚Ăłwna","kat":"krajowa"},"geometry":{"type":"LineString","coordinates":[[18.776169607063995,52.607153950426486],[18.82463,52.60499]]}},{"type":"Feature","properties":{"numer":"3432P","klasa":"droga zbiorcza","kat":"powiatowa"},"geometry":{"type":"LineString","coordinates":[[18.85699,52.34971],[18.85742,52.34977],[18.857426630136988,52.34976336986301]]}},{"type":"Feature","properties":{"numer":"2933C","klasa":"droga zbiorcza","kat":"powiatowa"},"geometry":{"type":"LineString","coordinates":[[18.83444,52.35611],[18.83445,52.35627]]}},{"type":"Feature","properties":{"numer":"2933C","klasa":"droga zbiorcza","kat":"powiatowa"},"geometry":{"type":"LineString","coordinates":[[18.83445,52.35627],[18.83408,52.35633]]}},{"type":"Feature","properties":{"numer":"2933C","klasa":"droga zbiorcza","kat":"powiatowa"},"geometry":{"type":"LineString","coordinates":[[18.83445,52.35627],[18.83442,52.35713],[18.83412,52.35815],[18.83425,52.35929],[18.83452,52.35939],[18.83688,52.35976],[18.83753,52.35994],[18.83791,52.36013],[18.83917,52.36106],[18.83948,52.36138],[18.84009,52.36245],[18.84097,52.36476],[18.84157,52.36533],[18.84251,52.36569],[18.84525,52.36648],[18.84796,52.36753],[18.85422,52.36892],[18.85607,52.36949],[18.85865,52.37091],[18.85946,52.37168],[18.86035,52.37277],[18.86237,52.37433],[18.86506,52.37534],[18.86669,52.3763],[18.86839,52.37716]]}},{"type":"Feature","properties":{"numer":"191216C,2933C","klasa":"droga zbiorcza","kat":"powiatowa"},"geometry":{"type":"LineString","coordinates":[[18.86839,52.37716],[18.86905,52.37764],[18.86946,52.37819]]}},{"type":"Feature","properties":{"numer":"2933C","klasa":"droga zbiorcza","kat":"powiatowa"},"geometry":{"type":"LineString","coordinates":[[18.86946,52.37819],[18.87152,52.37884],[18.87581,52.38233],[18.87802,52.38426]]}},{"type":"Feature","properties":{"numer":"269","klasa":"droga zbiorcza","kat":"wojewodzka"},"geometry":{"type":"LineString","coordinates":[[18.77665,52.41748],[18.78524,52.41547],[18.79417,52.41348],[18.80354,52.41286],[18.80615,52.41291],[18.80749,52.41311],[18.8077,52.413],[18.80823,52.41221],[18.80855,52.41192],[18.81029,52.41082],[18.81308,52.40876],[18.81447,52.40732],[18.81897,52.40472],[18.82055,52.40392],[18.83437,52.39838],[18.83581,52.398],[18.84513,52.39603],[18.84803,52.39527],[18.86552,52.38907],[18.87802,52.38426]]}},{"type":"Feature","properties":{"numer":"269","klasa":"droga gĹ‚Ăłwna","kat":"wojewodzka"},"geometry":{"type":"LineString","coordinates":[[18.9045372885789,52.363241115954665],[18.9044,52.36335]]}},{"type":"Feature","properties":{"numer":"269","klasa":"droga zbiorcza","kat":"wojewodzka"},"geometry":{"type":"LineString","coordinates":[[18.87802,52.38426],[18.87946,52.38346],[18.90444,52.36333]]}},{"type":"Feature","properties":{"numer":"2914C","klasa":"droga zbiorcza","kat":"powiatowa"},"geometry":{"type":"LineString","coordinates":[[18.93178,52.41978],[18.92961,52.41974],[18.92272,52.41891],[18.91483,52.41791],[18.91208,52.4173],[18.91143,52.41722],[18.90879,52.41724],[18.89783,52.41812],[18.89718,52.41904],[18.89707,52.41962],[18.90001,52.429],[18.89894,52.43639],[18.89898,52.43655],[18.89959,52.43706]]}},{"type":"Feature","properties":{"numer":"2929C","klasa":"droga zbiorcza","kat":"powiatowa"},"geometry":{"type":"LineString","coordinates":[[18.93291,52.44073],[18.92768,52.44217],[18.92355,52.44304],[18.91971,52.44184],[18.91802,52.44079],[18.9173,52.44049],[18.90345,52.4383],[18.90133,52.43771],[18.89959,52.43706]]}},{"type":"Feature","properties":{"numer":"2914C","klasa":"droga zbiorcza","kat":"powiatowa"},"geometry":{"type":"LineString","coordinates":[[18.89959,52.43706],[18.90008,52.4376],[18.90043,52.43843],[18.89916,52.43988],[18.89944,52.44127],[18.89767,52.44976],[18.89711,52.45062],[18.89066,52.45834],[18.8896,52.46002],[18.88884,52.46035],[18.88583,52.46121],[18.88504,52.46162],[18.88477,52.46189],[18.88464,52.46227],[18.88479,52.46516]]}},{"type":"Feature","properties":{"numer":"2914C","klasa":"droga zbiorcza","kat":"powiatowa"},"geometry":{"type":"LineString","coordinates":[[18.88479,52.46516],[18.88471,52.46549]]}},{"type":"Feature","properties":{"numer":"3406P","klasa":"droga zbiorcza","kat":"powiatowa"},"geometry":{"type":"LineString","coordinates":[[18.78717,52.34206],[18.787341486261067,52.34201908236666]]}},{"type":"Feature","properties":{"numer":"2941","klasa":"droga zbiorcza","kat":"powiatowa"},"geometry":{"type":"LineString","coordinates":[[18.78657,52.34205],[18.78715,52.34206]]}},{"type":"Feature","properties":{"numer":"2941","klasa":"droga zbiorcza","kat":"powiatowa"},"geometry":{"type":"LineString","coordinates":[[18.78715,52.34206],[18.78717,52.34206]]}},{"type":"Feature","properties":{"numer":"2933C","klasa":"droga zbiorcza","kat":"powiatowa"},"geometry":{"type":"LineString","coordinates":[[18.83408,52.35633],[18.83041,52.35697],[18.82349,52.35831],[18.82274,52.35839],[18.82131,52.35836],[18.82062,52.35954],[18.81976,52.36036],[18.81956,52.36093],[18.8166,52.37518],[18.80845,52.38577],[18.80697,52.38731],[18.80542,52.38782],[18.80509,52.38815],[18.80354,52.39288],[18.80354,52.39402],[18.80442,52.39557],[18.80424,52.39596],[18.80331,52.39707],[18.80302,52.39771],[18.80287,52.39867],[18.80305,52.40047],[18.80264,52.40132],[18.80213,52.40186],[18.80163,52.40217],[18.80012,52.40283],[18.79951,52.40492],[18.79906,52.40562],[18.79837,52.40616],[18.79068,52.41026],[18.7847,52.41314],[18.78344,52.41382],[18.77661,52.41705],[18.77646,52.41714],[18.77665,52.41748]]}},{"type":"Feature","properties":{"numer":"2931C","klasa":"droga zbiorcza","kat":"powiatowa"},"geometry":{"type":"LineString","coordinates":[[18.77307,52.42197],[18.77472,52.42275],[18.77653,52.42334],[18.77777,52.42391],[18.7922,52.42985],[18.79352,52.43077],[18.7948,52.43091],[18.79713,52.43185],[18.79859,52.43253],[18.79923,52.43308],[18.802,52.4367],[18.80243,52.43741],[18.80458,52.43905],[18.80722,52.44138],[18.80903,52.44236],[18.81095,52.44307],[18.81139,52.44343],[18.81215,52.44434],[18.8127,52.44472],[18.81538,52.44616],[18.83059,52.45057],[18.83286,52.45113],[18.83331,52.45107],[18.83661,52.45013],[18.83689,52.45016],[18.84672,52.45371],[18.84744,52.45385],[18.85085,52.4552],[18.85249,52.45577],[18.85327,52.45618],[18.85432,52.45693],[18.8548,52.45713],[18.85835,52.45774],[18.86011,52.45834],[18.86663,52.46021],[18.86783,52.46032],[18.87271,52.46017],[18.87358,52.46026],[18.8743,52.46044],[18.875,52.46073],[18.87527,52.46094],[18.87934,52.46551]]}},{"type":"Feature","properties":{"numer":"270","klasa":"droga gĹ‚Ăłwna","kat":"wojewodzka"},"geometry":{"type":"LineString","coordinates":[[18.79193,52.47058],[18.81227,52.5059]]}},{"type":"Feature","properties":{"numer":"2924C","klasa":"droga zbiorcza","kat":"powiatowa"},"geometry":{"type":"LineString","coordinates":[[18.78661,52.51067],[18.78957,52.51041],[18.79819,52.50986],[18.79923,52.50973],[18.80203,52.50908],[18.80353,52.5081],[18.80517,52.50757],[18.81227,52.5059]]}},{"type":"Feature","properties":{"numer":"270","klasa":"droga gĹ‚Ăłwna","kat":"wojewodzka"},"geometry":{"type":"LineString","coordinates":[[18.81227,52.5059],[18.82221,52.52315]]}},{"type":"Feature","properties":{"numer":"2931C","klasa":"droga zbiorcza","kat":"powiatowa"},"geometry":{"type":"LineString","coordinates":[[18.88471,52.46549],[18.88531,52.46547]]}},{"type":"Feature","properties":{"numer":"2914C,2931C","klasa":"droga zbiorcza","kat":"powiatowa"},"geometry":{"type":"LineString","coordinates":[[18.88413,52.46548],[18.88471,52.46549]]}},{"type":"Feature","properties":{"numer":"2914C,2931C","klasa":"droga zbiorcza","kat":"powiatowa"},"geometry":{"type":"LineString","coordinates":[[18.87934,52.46551],[18.88413,52.46548]]}},{"type":"Feature","properties":{"numer":"2931C","klasa":"droga zbiorcza","kat":"powiatowa"},"geometry":{"type":"LineString","coordinates":[[18.88531,52.46547],[18.90224,52.46533],[18.9149,52.46778],[18.91562,52.46783],[18.92652,52.46691],[18.93373,52.46582],[18.93552,52.46575],[18.93695,52.46592],[18.94247,52.46697],[18.94513,52.46708],[18.95041,52.46855],[18.95084,52.46859],[18.95156,52.46853]]}},{"type":"Feature","properties":{"numer":"2914C","klasa":"droga zbiorcza","kat":"powiatowa"},"geometry":{"type":"LineString","coordinates":[[18.89072,52.49695],[18.88704,52.48846],[18.88116,52.47545],[18.87879,52.47132],[18.8788,52.47106],[18.87949,52.47016],[18.87934,52.46551]]}},{"type":"Feature","properties":{"numer":"2915C","klasa":"droga zbiorcza","kat":"powiatowa"},"geometry":{"type":"LineString","coordinates":[[18.89072,52.49695],[18.87409,52.50626],[18.87369,52.5063],[18.87052,52.50587],[18.86783,52.50605]]}},{"type":"Feature","properties":{"numer":"2914C","klasa":"droga zbiorcza","kat":"powiatowa"},"geometry":{"type":"LineString","coordinates":[[18.90622,52.51334],[18.89072,52.49695]]}},{"type":"Feature","properties":{"numer":"2914C","klasa":"droga zbiorcza","kat":"powiatowa"},"geometry":{"type":"LineString","coordinates":[[18.90632,52.51772],[18.9057,52.51733],[18.90566,52.51687],[18.90612,52.5163],[18.90758,52.51558],[18.90773,52.51537],[18.90622,52.51334]]}},{"type":"Feature","properties":{"numer":"2914C","klasa":"droga zbiorcza","kat":"powiatowa"},"geometry":{"type":"LineString","coordinates":[[18.90646,52.51779],[18.90632,52.51772]]}},{"type":"Feature","properties":{"numer":"2914C","klasa":"droga zbiorcza","kat":"powiatowa"},"geometry":{"type":"LineString","coordinates":[[18.85859,52.54241],[18.86586,52.53974],[18.87579,52.53709],[18.88255,52.53544],[18.89419,52.5324],[18.89825,52.53013],[18.90889,52.52315],[18.90906,52.52267],[18.90875,52.5191],[18.90839,52.51875],[18.90646,52.51779]]}},{"type":"Feature","properties":{"numer":"2924C","klasa":"droga zbiorcza","kat":"powiatowa"},"geometry":{"type":"LineString","coordinates":[[18.81227,52.5059],[18.819,52.50429],[18.81964,52.50422],[18.82765,52.50494],[18.8393,52.50614],[18.85681,52.50703],[18.85812,52.50696],[18.86183,52.50643],[18.86783,52.50605]]}},{"type":"Feature","properties":{"numer":"2915C","klasa":"droga zbiorcza","kat":"powiatowa"},"geometry":{"type":"LineString","coordinates":[[18.86783,52.50605],[18.86788,52.50669],[18.86234,52.51242],[18.85312,52.51832],[18.85275,52.51865],[18.8524,52.51915],[18.85226,52.51962],[18.85229,52.52016],[18.85253,52.52071],[18.85318,52.52153],[18.85319,52.52168],[18.84888,52.53381],[18.84867,52.53416],[18.84723,52.53545],[18.84648,52.53835],[18.84647,52.53862],[18.84663,52.53895],[18.84837,52.54068],[18.84847,52.54096]]}},{"type":"Feature","properties":{"numer":"270","klasa":"droga gĹ‚Ăłwna","kat":"wojewodzka"},"geometry":{"type":"LineString","coordinates":[[18.82555,52.52893],[18.83096,52.53815]]}},{"type":"Feature","properties":{"numer":"270","klasa":"droga gĹ‚Ăłwna","kat":"wojewodzka"},"geometry":{"type":"LineString","coordinates":[[18.83096,52.53815],[18.83138,52.53827],[18.83143,52.53836],[18.83082,52.53935]]}},{"type":"Feature","properties":{"numer":"270","klasa":"droga gĹ‚Ăłwna","kat":"wojewodzka"},"geometry":{"type":"LineString","coordinates":[[18.83082,52.53935],[18.83102,52.53962],[18.83189,52.53976],[18.83193,52.53995]]}},{"type":"Feature","properties":{"numer":"270","klasa":"droga gĹ‚Ăłwna","kat":"wojewodzka"},"geometry":{"type":"LineString","coordinates":[[18.83271,52.54178],[18.8317,52.54141],[18.83154,52.54127],[18.83193,52.53995]]}},{"type":"Feature","properties":{"numer":"270","klasa":"droga gĹ‚Ăłwna","kat":"wojewodzka"},"geometry":{"type":"LineString","coordinates":[[18.83193,52.53995],[18.83349,52.54012],[18.83625,52.54072],[18.83844,52.54169],[18.83865,52.54192]]}},{"type":"Feature","properties":{"numer":"2913C","klasa":"droga zbiorcza","kat":"powiatowa"},"geometry":{"type":"LineString","coordinates":[[18.84847,52.54096],[18.84789,52.54092],[18.84417,52.54115]]}},{"type":"Feature","properties":{"numer":"2913C","klasa":"droga zbiorcza","kat":"powiatowa"},"geometry":{"type":"LineString","coordinates":[[18.84417,52.54115],[18.84392,52.54117]]}},{"type":"Feature","properties":{"numer":"2913C","klasa":"droga zbiorcza","kat":"powiatowa"},"geometry":{"type":"LineString","coordinates":[[18.84392,52.54117],[18.84051,52.54139],[18.83912,52.54181]]}},{"type":"Feature","properties":{"numer":"2913C","klasa":"droga zbiorcza","kat":"powiatowa"},"geometry":{"type":"LineString","coordinates":[[18.85632,52.54238],[18.85329,52.54209],[18.84847,52.54096]]}},{"type":"Feature","properties":{"numer":"2913C","klasa":"droga zbiorcza","kat":"powiatowa"},"geometry":{"type":"LineString","coordinates":[[18.83912,52.54181],[18.83865,52.54192]]}},{"type":"Feature","properties":{"numer":"2913C","klasa":"droga zbiorcza","kat":"powiatowa"},"geometry":{"type":"LineString","coordinates":[[18.85648,52.54239],[18.85632,52.54238]]}},{"type":"Feature","properties":{"numer":"2913C","klasa":"droga zbiorcza","kat":"powiatowa"},"geometry":{"type":"LineString","coordinates":[[18.85723,52.54245],[18.85648,52.54239]]}},{"type":"Feature","properties":{"numer":"2914C","klasa":"droga zbiorcza","kat":"powiatowa"},"geometry":{"type":"LineString","coordinates":[[18.85792,52.54247],[18.85859,52.54241]]}},{"type":"Feature","properties":{"numer":"2913C","klasa":"droga zbiorcza","kat":"powiatowa"},"geometry":{"type":"LineString","coordinates":[[18.85792,52.54247],[18.85723,52.54245]]}},{"type":"Feature","properties":{"numer":"2913C","klasa":"droga zbiorcza","kat":"powiatowa"},"geometry":{"type":"LineString","coordinates":[[18.85835,52.54269],[18.85792,52.54247]]}},{"type":"Feature","properties":{"numer":"270","klasa":"droga gĹ‚Ăłwna","kat":"wojewodzka"},"geometry":{"type":"LineString","coordinates":[[18.83717,52.54459],[18.83574,52.54328],[18.83407,52.54229],[18.83271,52.54178]]}},{"type":"Feature","properties":{"numer":"270","klasa":"droga gĹ‚Ăłwna","kat":"wojewodzka"},"geometry":{"type":"LineString","coordinates":[[18.83865,52.54192],[18.83869,52.54213],[18.83717,52.54459]]}},{"type":"Feature","properties":{"numer":"2908C","klasa":"droga zbiorcza","kat":"powiatowa"},"geometry":{"type":"LineString","coordinates":[[18.82684,52.55163],[18.83077,52.54491],[18.83094,52.54446],[18.83271,52.54178]]}},{"type":"Feature","properties":{"numer":"2913C","klasa":"droga zbiorcza","kat":"powiatowa"},"geometry":{"type":"LineString","coordinates":[[18.95385,52.55037],[18.95167,52.55],[18.9483,52.55002],[18.92957,52.54884],[18.92407,52.54896],[18.91457,52.54856],[18.91393,52.54862],[18.91247,52.54914],[18.91124,52.54946],[18.9108,52.54949],[18.89909,52.54799],[18.89641,52.54777],[18.89136,52.54699],[18.85881,52.5428],[18.85835,52.54269]]}},{"type":"Feature","properties":{"numer":"2912C","klasa":"droga zbiorcza","kat":"powiatowa"},"geometry":{"type":"LineString","coordinates":[[18.89289,52.56196],[18.88849,52.5618]]}},{"type":"Feature","properties":{"numer":"2912C","klasa":"droga zbiorcza","kat":"powiatowa"},"geometry":{"type":"LineString","coordinates":[[18.91059,52.56547],[18.91024,52.56512],[18.90945,52.56359],[18.90916,52.56339],[18.90827,52.5631],[18.90421,52.56297],[18.89629,52.56212],[18.89289,52.56196]]}},{"type":"Feature","properties":{"numer":"2912C","klasa":"","kat":"powiatowa"},"geometry":{"type":"LineString","coordinates":[[18.91074,52.56557],[18.91059,52.56547]]}},{"type":"Feature","properties":{"numer":"2912C","klasa":"droga zbiorcza","kat":"powiatowa"},"geometry":{"type":"LineString","coordinates":[[18.91993,52.56938],[18.91538,52.5679],[18.91291,52.56692],[18.91207,52.56648],[18.91074,52.56557]]}},{"type":"Feature","properties":{"numer":"270","klasa":"droga gĹ‚Ăłwna","kat":"wojewodzka"},"geometry":{"type":"LineString","coordinates":[[18.89792,52.5983],[18.89381,52.59726],[18.89324,52.59703],[18.85507,52.56135]]}},{"type":"Feature","properties":{"numer":"2911C","klasa":"droga zbiorcza","kat":"powiatowa"},"geometry":{"type":"LineString","coordinates":[[18.90328,52.60164],[18.90454,52.59848],[18.91019,52.59033],[18.91127,52.5886],[18.92017,52.5695]]}},{"type":"Feature","properties":{"numer":"270","klasa":"droga gĹ‚Ăłwna","kat":"wojewodzka"},"geometry":{"type":"LineString","coordinates":[[18.89792,52.5983],[18.8982,52.59837]]}},{"type":"Feature","properties":{"numer":"270","klasa":"droga gĹ‚Ăłwna","kat":"wojewodzka"},"geometry":{"type":"LineString","coordinates":[[18.90066,52.60121],[18.89927,52.60068],[18.89921,52.60036],[18.89938,52.59871],[18.8982,52.59837]]}},{"type":"Feature","properties":{"numer":"2942C","klasa":"droga zbiorcza","kat":"powiatowa"},"geometry":{"type":"LineString","coordinates":[[18.90066,52.60121],[18.9032,52.60188]]}},{"type":"Feature","properties":{"numer":"270T","klasa":"droga gĹ‚Ăłwna","kat":"gminna"},"geometry":{"type":"LineString","coordinates":[[18.81306,52.53361],[18.80788,52.53989],[18.80738,52.54065],[18.80716,52.54128],[18.80721,52.54227],[18.80763,52.54314],[18.80829,52.54386],[18.81114,52.54651]]}},{"type":"Feature","properties":{"numer":"2819C","klasa":"droga zbiorcza","kat":"powiatowa"},"geometry":{"type":"LineString","coordinates":[[18.83082,52.53935],[18.83057,52.53961],[18.82985,52.54207],[18.81114,52.54651]]}},{"type":"Feature","properties":{"numer":"2819C","klasa":"droga zbiorcza","kat":"powiatowa"},"geometry":{"type":"LineString","coordinates":[[18.79065,52.55117],[18.79324,52.55034],[18.79643,52.5499],[18.79847,52.54952],[18.81114,52.54651]]}},{"type":"Feature","properties":{"numer":"270T","klasa":"droga gĹ‚Ăłwna","kat":"gminna"},"geometry":{"type":"LineString","coordinates":[[18.81114,52.54651],[18.81218,52.54742],[18.81301,52.54797],[18.81386,52.54838],[18.81491,52.54876],[18.82684,52.55163]]}},{"type":"Feature","properties":{"numer":"2908C","klasa":"droga zbiorcza","kat":"powiatowa"},"geometry":{"type":"LineString","coordinates":[[18.81268,52.57122],[18.81276,52.56873],[18.81295,52.56835],[18.82234,52.55923],[18.82684,52.55163]]}},{"type":"Feature","properties":{"numer":"2808C","klasa":"","kat":"powiatowa"},"geometry":{"type":"LineString","coordinates":[[18.81268,52.57125],[18.81268,52.57122]]}},{"type":"Feature","properties":{"numer":"2908C","klasa":"droga zbiorcza","kat":"powiatowa"},"geometry":{"type":"LineString","coordinates":[[18.82414,52.59641],[18.82276,52.59159],[18.82222,52.59027],[18.81793,52.58164],[18.81309,52.57348],[18.81268,52.57125]]}},{"type":"Feature","properties":{"numer":"190456C,2908C","klasa":"droga zbiorcza","kat":"powiatowa"},"geometry":{"type":"LineString","coordinates":[[18.8242,52.59669],[18.82414,52.59641]]}},{"type":"Feature","properties":{"numer":"2908C","klasa":"droga zbiorcza","kat":"powiatowa"},"geometry":{"type":"LineString","coordinates":[[18.82463,52.60499],[18.82468,52.60163],[18.8242,52.59669]]}},{"type":"Feature","properties":{"numer":"2807C","klasa":"droga gĹ‚Ăłwna","kat":"powiatowa"},"geometry":{"type":"LineString","coordinates":[[18.82303212725911,52.638708733572365],[18.82304,52.63871]]}},{"type":"Feature","properties":{"numer":"270","klasa":"droga gĹ‚Ăłwna","kat":"wojewodzka"},"geometry":{"type":"LineString","coordinates":[[18.84179,52.54891],[18.83717,52.54459]]}},{"type":"Feature","properties":{"numer":"270","klasa":"droga gĹ‚Ăłwna","kat":"wojewodzka"},"geometry":{"type":"LineString","coordinates":[[18.84214,52.54923],[18.84179,52.54891]]}},{"type":"Feature","properties":{"numer":"270T","klasa":"droga gĹ‚Ăłwna","kat":"gminna"},"geometry":{"type":"LineString","coordinates":[[18.8416,52.54943],[18.84214,52.54923]]}},{"type":"Feature","properties":{"numer":"270","klasa":"droga gĹ‚Ăłwna","kat":"wojewodzka"},"geometry":{"type":"LineString","coordinates":[[18.84247,52.54954],[18.84214,52.54923]]}},{"type":"Feature","properties":{"numer":"270T","klasa":"droga gĹ‚Ăłwna","kat":"gminna"},"geometry":{"type":"LineString","coordinates":[[18.82684,52.55163],[18.82884,52.55208],[18.83025,52.55226],[18.83137,52.5523],[18.83335,52.55216],[18.8343,52.55199],[18.83561,52.55164],[18.8416,52.54943]]}},{"type":"Feature","properties":{"numer":"270","klasa":"droga gĹ‚Ăłwna","kat":"wojewodzka"},"geometry":{"type":"LineString","coordinates":[[18.85507,52.56135],[18.84247,52.54954]]}},{"type":"Feature","properties":{"numer":"2912C","klasa":"droga zbiorcza","kat":"powiatowa"},"geometry":{"type":"LineString","coordinates":[[18.88849,52.5618],[18.85824,52.56056],[18.85726,52.56061],[18.85507,52.56135]]}},{"type":"Feature","properties":{"numer":"62","klasa":"droga gĹ‚Ăłwna","kat":"krajowa"},"geometry":{"type":"LineString","coordinates":[[18.82463,52.60499],[18.83796,52.60439],[18.88477,52.60247],[18.88519,52.6025],[18.88566,52.60268],[18.88973,52.60526],[18.89024,52.6054],[18.89149,52.60548]]}},{"type":"Feature","properties":{"numer":"2614C","klasa":"droga zbiorcza","kat":"powiatowa"},"geometry":{"type":"LineString","coordinates":[[18.86824948753812,52.63613051498407],[18.8727,52.63427],[18.87979,52.62889],[18.88667,52.62136],[18.8897,52.61738],[18.89046,52.61522],[18.89091,52.61346],[18.89135,52.61019],[18.89146,52.60762],[18.89154,52.60741],[18.89181,52.60724],[18.89188,52.60711],[18.89149,52.60548]]}},{"type":"Feature","properties":{"numer":"2807C","klasa":"droga zbiorcza","kat":"powiatowa"},"geometry":{"type":"LineString","coordinates":[[18.82304,52.63871],[18.84121,52.64166],[18.84280007337074,52.64198209178535]]}},{"type":"Feature","properties":{"numer":"265","klasa":"droga gĹ‚Ăłwna","kat":"wojewodzka"},"geometry":{"type":"LineString","coordinates":[[18.9032,52.60188],[18.90328,52.60164]]}},{"type":"Feature","properties":{"numer":"265","klasa":"droga gĹ‚Ăłwna","kat":"wojewodzka"},"geometry":{"type":"LineString","coordinates":[[18.90275,52.60445],[18.90263,52.60355],[18.9032,52.60188]]}},{"type":"Feature","properties":{"numer":"270","klasa":"droga gĹ‚Ăłwna","kat":"wojewodzka"},"geometry":{"type":"LineString","coordinates":[[18.90125,52.60624],[18.90056,52.60569],[18.9003,52.60397],[18.89998,52.60314],[18.90066,52.60121]]}},{"type":"Feature","properties":{"numer":"191506C","klasa":"droga lokalna","kat":"powiatowa"},"geometry":{"type":"LineString","coordinates":[[18.91335,52.60395],[18.91853,52.60375]]}},{"type":"Feature","properties":{"numer":"191506C","klasa":"droga lokalna","kat":"powiatowa"},"geometry":{"type":"LineString","coordinates":[[18.91335,52.60395],[18.90932,52.60411]]}},{"type":"Feature","properties":{"numer":"191506C","klasa":"droga lokalna","kat":"powiatowa"},"geometry":{"type":"LineString","coordinates":[[18.90932,52.60411],[18.90767,52.6042]]}},{"type":"Feature","properties":{"numer":"191506C","klasa":"droga lokalna","kat":"powiatowa"},"geometry":{"type":"LineString","coordinates":[[18.90767,52.6042],[18.90649,52.60426]]}},{"type":"Feature","properties":{"numer":"191506C","klasa":"droga lokalna","kat":"powiatowa"},"geometry":{"type":"LineString","coordinates":[[18.90649,52.60426],[18.90596,52.60429]]}},{"type":"Feature","properties":{"numer":"191506C","klasa":"droga lokalna","kat":"powiatowa"},"geometry":{"type":"LineString","coordinates":[[18.90596,52.60429],[18.90567,52.6043]]}},{"type":"Feature","properties":{"numer":"191506C","klasa":"droga lokalna","kat":"powiatowa"},"geometry":{"type":"LineString","coordinates":[[18.90567,52.6043],[18.90329,52.60442]]}},{"type":"Feature","properties":{"numer":"191506C","klasa":"droga lokalna","kat":"powiatowa"},"geometry":{"type":"LineString","coordinates":[[18.90329,52.60442],[18.90275,52.60445]]}},{"type":"Feature","properties":{"numer":"265","klasa":"droga gĹ‚Ăłwna","kat":"wojewodzka"},"geometry":{"type":"LineString","coordinates":[[18.90125,52.60624],[18.9024,52.60612],[18.90289,52.60576],[18.90275,52.60445]]}},{"type":"Feature","properties":{"numer":"62","klasa":"droga gĹ‚Ăłwna","kat":"krajowa"},"geometry":{"type":"LineString","coordinates":[[18.89149,52.60548],[18.89405,52.60568],[18.89644,52.60565],[18.89747,52.60592]]}},{"type":"Feature","properties":{"numer":"62","klasa":"droga gĹ‚Ăłwna","kat":"krajowa"},"geometry":{"type":"LineString","coordinates":[[18.89747,52.60592],[18.89769,52.606]]}},{"type":"Feature","properties":{"numer":"62","klasa":"droga gĹ‚Ăłwna","kat":"krajowa"},"geometry":{"type":"LineString","coordinates":[[18.89769,52.606],[18.90011,52.60673],[18.9006,52.60678],[18.90144,52.6067]]}},{"type":"Feature","properties":{"numer":"265,270","klasa":"droga gĹ‚Ăłwna","kat":"gminna"},"geometry":{"type":"LineString","coordinates":[[18.90125,52.60624],[18.90144,52.6067]]}},{"type":"Feature","properties":{"numer":"62","klasa":"droga gĹ‚Ăłwna","kat":"krajowa"},"geometry":{"type":"LineString","coordinates":[[18.90144,52.6067],[18.90213,52.6093],[18.90193,52.61113],[18.90231,52.61165]]}},{"type":"Feature","properties":{"numer":"268","klasa":"droga zbiorcza","kat":"wojewodzka"},"geometry":{"type":"LineString","coordinates":[[18.90231,52.61165],[18.90178,52.61216],[18.90115,52.61643],[18.90058,52.61884],[18.901,52.62174]]}},{"type":"Feature","properties":{"numer":"2906C","klasa":"droga zbiorcza","kat":"powiatowa"},"geometry":{"type":"LineString","coordinates":[[18.88679,52.64108],[18.89348,52.63278],[18.89578,52.63056],[18.89635,52.62898],[18.89968,52.6248],[18.90062,52.62329],[18.90079,52.62292],[18.901,52.62174]]}},{"type":"Feature","properties":{"numer":"268","klasa":"droga zbiorcza","kat":"wojewodzka"},"geometry":{"type":"LineString","coordinates":[[18.901,52.62174],[18.90506,52.62494],[18.91616,52.63229],[18.93078,52.64283],[18.93154,52.6435],[18.93212,52.64426],[18.93238,52.64483],[18.93257,52.64578]]}},{"type":"Feature","properties":{"numer":"2906C","klasa":"droga zbiorcza","kat":"powiatowa"},"geometry":{"type":"LineString","coordinates":[[18.88676,52.64113],[18.88679,52.64108]]}},{"type":"Feature","properties":{"numer":"2906C","klasa":"droga zbiorcza","kat":"powiatowa"},"geometry":{"type":"LineString","coordinates":[[18.88628,52.64178],[18.88676,52.64113]]}},{"type":"Feature","properties":{"numer":"2906C","klasa":"droga zbiorcza","kat":"powiatowa"},"geometry":{"type":"LineString","coordinates":[[18.88622,52.64187],[18.88628,52.64178]]}},{"type":"Feature","properties":{"numer":"2906C","klasa":"droga zbiorcza","kat":"powiatowa"},"geometry":{"type":"LineString","coordinates":[[18.8829,52.64436],[18.88503,52.64241],[18.88599,52.64204],[18.88622,52.64187]]}},{"type":"Feature","properties":{"numer":"2807C","klasa":"droga zbiorcza","kat":"powiatowa"},"geometry":{"type":"LineString","coordinates":[[18.8829,52.64436],[18.91538,52.6489],[18.91942,52.64864],[18.92679,52.64866],[18.92754,52.64873],[18.93004,52.64932]]}},{"type":"Feature","properties":{"numer":"A1","klasa":"autostrada","kat":"krajowa"},"geometry":{"type":"LineString","coordinates":[[18.90135,52.67397],[18.90302,52.67156],[18.90471,52.66971],[18.90764,52.6672],[18.9098,52.66576],[18.9113,52.66487],[18.91464,52.66314],[18.9288,52.65625],[18.93311,52.65377],[18.93676,52.65127]]}},{"type":"Feature","properties":{"numer":"268","klasa":"droga zbiorcza","kat":"wojewodzka"},"geometry":{"type":"LineString","coordinates":[[18.88815,52.68791],[18.88865,52.6863],[18.88956,52.68585],[18.88979,52.68551],[18.88927,52.6787],[18.88957,52.67841],[18.92052,52.65191],[18.9207,52.65184],[18.92093,52.65192],[18.92397,52.65358],[18.92533,52.65342],[18.93004,52.64932]]}},{"type":"Feature","properties":{"numer":"A1","klasa":"autostrada","kat":"krajowa"},"geometry":{"type":"LineString","coordinates":[[18.90118,52.67427],[18.90135,52.67397]]}},{"type":"Feature","properties":{"numer":"A1","klasa":"autostrada","kat":"krajowa"},"geometry":{"type":"LineString","coordinates":[[18.89585,52.68884],[18.89718,52.68573],[18.9,52.67691],[18.90118,52.67427]]}},{"type":"Feature","properties":{"numer":"252","klasa":"droga gĹ‚Ăłwna","kat":"wojewodzka"},"geometry":{"type":"LineString","coordinates":[[18.88815,52.68791],[18.89413,52.68898],[18.89572,52.6891]]}},{"type":"Feature","properties":{"numer":"2807C","klasa":"droga zbiorcza","kat":"powiatowa"},"geometry":{"type":"LineString","coordinates":[[18.863293726835465,52.641723041597864],[18.86351,52.64171],[18.86429,52.64175],[18.8829,52.64436]]}},{"type":"Feature","properties":{"numer":"252","klasa":"droga gĹ‚Ăłwna","kat":"wojewodzka"},"geometry":{"type":"LineString","coordinates":[[18.858209219885172,52.68890683219504],[18.87704,52.68644],[18.87836,52.68656],[18.88522,52.68764],[18.88815,52.68791]]}},{"type":"Feature","properties":{"numer":"A1","klasa":"autostrada","kat":"krajowa"},"geometry":{"type":"LineString","coordinates":[[18.89572,52.6891],[18.89585,52.68884]]}},{"type":"Feature","properties":{"numer":"A1","klasa":"autostrada","kat":"krajowa"},"geometry":{"type":"LineString","coordinates":[[18.89544,52.68961],[18.89572,52.6891]]}},{"type":"Feature","properties":{"numer":"A1","klasa":"autostrada","kat":"krajowa"},"geometry":{"type":"LineString","coordinates":[[18.88536,52.70198],[18.89277,52.69348],[18.89405,52.6918],[18.89544,52.68961]]}},{"type":"Feature","properties":{"numer":"A1","klasa":"autostrada","kat":"krajowa"},"geometry":{"type":"LineString","coordinates":[[18.88467,52.70279],[18.88536,52.70198]]}},{"type":"Feature","properties":{"numer":"A1,E75","klasa":"autostrada","kat":"krajowa"},"geometry":{"type":"LineString","coordinates":[[18.8755,52.71323],[18.88467,52.70279]]}},{"type":"Feature","properties":{"numer":"2902C","klasa":"","kat":"powiatowa"},"geometry":{"type":"LineString","coordinates":[[18.91157,52.7201],[18.91323,52.72074],[18.91346,52.72091]]}},{"type":"Feature","properties":{"numer":"2626C","klasa":"","kat":"powiatowa"},"geometry":{"type":"LineString","coordinates":[[18.87585,52.71331],[18.88959,52.71654],[18.88761,52.72155],[18.88769,52.72186],[18.88861,52.72337],[18.88798,52.72395],[18.88822,52.72465],[18.88807,52.72546],[18.88826,52.72565],[18.89025,52.72656],[18.89132,52.72736],[18.89173,52.72789],[18.89206,52.72804]]}},{"type":"Feature","properties":{"numer":"91","klasa":"droga gĹ‚Ăłwna ruchu przyĹ›pieszonego","kat":"krajowa"},"geometry":{"type":"LineString","coordinates":[[18.89206,52.72804],[18.89291,52.72744],[18.89397,52.72695],[18.91157,52.7201]]}},{"type":"Feature","properties":{"numer":"91","klasa":"droga gĹ‚Ăłwna ruchu przyĹ›pieszonego","kat":"krajowa"},"geometry":{"type":"LineString","coordinates":[[18.88793,52.74057],[18.89106,52.72973],[18.89134,52.72898],[18.89206,52.72804]]}},{"type":"Feature","properties":{"numer":"2902C","klasa":"droga zbiorcza","kat":"powiatowa"},"geometry":{"type":"LineString","coordinates":[[18.92004,52.7485],[18.92007,52.74779],[18.91939,52.74519],[18.91911,52.74323],[18.91404,52.73455],[18.91377,52.73392],[18.91376,52.72183],[18.91374,52.72155],[18.91346,52.72091]]}},{"type":"Feature","properties":{"numer":"2626C","klasa":"","kat":"powiatowa"},"geometry":{"type":"LineString","coordinates":[[18.855790322176997,52.705580081268685],[18.86127,52.7081],[18.86067,52.70892],[18.86016,52.70987],[18.86288,52.71035],[18.86546,52.71091],[18.87514,52.71315]]}},{"type":"Feature","properties":{"numer":"2626C","klasa":"","kat":"powiatowa"},"geometry":{"type":"LineString","coordinates":[[18.87514,52.71315],[18.8755,52.71323]]}},{"type":"Feature","properties":{"numer":"2626C","klasa":"","kat":"powiatowa"},"geometry":{"type":"LineString","coordinates":[[18.8755,52.71323],[18.87585,52.71331]]}},{"type":"Feature","properties":{"numer":"A1,E75","klasa":"autostrada","kat":"krajowa"},"geometry":{"type":"LineString","coordinates":[[18.8602,52.73203],[18.86177,52.72923],[18.86356,52.72685],[18.8755,52.71323]]}},{"type":"Feature","properties":{"numer":"2625C","klasa":"droga zbiorcza","kat":"powiatowa"},"geometry":{"type":"LineString","coordinates":[[18.8477114109602,52.73040532202941],[18.85201,52.73118],[18.85518,52.732],[18.85588,52.73207],[18.86014,52.73217]]}},{"type":"Feature","properties":{"numer":"A1,E75","klasa":"autostrada","kat":"krajowa"},"geometry":{"type":"LineString","coordinates":[[18.86014,52.73217],[18.8602,52.73203]]}},{"type":"Feature","properties":{"numer":"A1,E75","klasa":"autostrada","kat":"krajowa"},"geometry":{"type":"LineString","coordinates":[[18.86007,52.73232],[18.86014,52.73217]]}},{"type":"Feature","properties":{"numer":"A1,E75","klasa":"autostrada","kat":"krajowa"},"geometry":{"type":"LineString","coordinates":[[18.85933,52.73426],[18.86007,52.73232]]}},{"type":"Feature","properties":{"numer":"301","klasa":"droga zbiorcza","kat":"wojewodzka"},"geometry":{"type":"LineString","coordinates":[[18.828758166873452,52.742869260116436],[18.83011,52.74424],[18.8306,52.74448],[18.83142,52.74464],[18.83396,52.74477],[18.84392,52.74445],[18.84803,52.74439],[18.85009,52.74445],[18.85414,52.74419],[18.85835,52.74367]]}},{"type":"Feature","properties":{"numer":"A1,E75","klasa":"autostrada","kat":"krajowa"},"geometry":{"type":"LineString","coordinates":[[18.85899,52.73553],[18.85933,52.73426]]}},{"type":"Feature","properties":{"numer":"2625C","klasa":"droga zbiorcza","kat":"powiatowa"},"geometry":{"type":"LineString","coordinates":[[18.86014,52.73217],[18.8664,52.73173],[18.86767,52.7317],[18.874,52.73278],[18.87604,52.73323],[18.87625,52.73334],[18.87655,52.73374],[18.87751,52.73433],[18.8775,52.73525],[18.87761,52.73559],[18.87917,52.7373],[18.88062,52.73773],[18.88793,52.74057]]}},{"type":"Feature","properties":{"numer":"A1,E75","klasa":"autostrada","kat":"krajowa"},"geometry":{"type":"LineString","coordinates":[[18.8588,52.74368],[18.85855,52.73897],[18.8587,52.73706],[18.85899,52.73553]]}},{"type":"Feature","properties":{"numer":"301","klasa":"droga zbiorcza","kat":"wojewodzka"},"geometry":{"type":"LineString","coordinates":[[18.85835,52.74367],[18.8588,52.74368]]}},{"type":"Feature","properties":{"numer":"301","klasa":"droga zbiorcza","kat":"wojewodzka"},"geometry":{"type":"LineString","coordinates":[[18.8588,52.74368],[18.85925,52.74372]]}},{"type":"Feature","properties":{"numer":"301","klasa":"droga zbiorcza","kat":"wojewodzka"},"geometry":{"type":"LineString","coordinates":[[18.85925,52.74372],[18.86252,52.74446],[18.86766,52.74602],[18.86927,52.74605],[18.88611,52.74694]]}},{"type":"Feature","properties":{"numer":"A1,E75","klasa":"autostrada","kat":"krajowa"},"geometry":{"type":"LineString","coordinates":[[18.846188329454257,52.77336513153492],[18.84725,52.77147],[18.84882,52.76909],[18.85539,52.76027],[18.85666,52.75814],[18.85773,52.75578],[18.85859,52.75299],[18.859,52.75047],[18.85909,52.74819],[18.8588,52.74368]]}},{"type":"Feature","properties":{"numer":"91","klasa":"droga gĹ‚Ăłwna ruchu przyĹ›pieszonego","kat":"krajowa"},"geometry":{"type":"LineString","coordinates":[[18.88611,52.74694],[18.88793,52.74057]]}},{"type":"Feature","properties":{"numer":"2901C","klasa":"droga zbiorcza","kat":"powiatowa"},"geometry":{"type":"LineString","coordinates":[[18.88611,52.74694],[18.91053,52.74817],[18.91627,52.74842],[18.91748,52.74832],[18.92004,52.7485]]}},{"type":"Feature","properties":{"numer":"91","klasa":"droga gĹ‚Ăłwna ruchu przyĹ›pieszonego","kat":"krajowa"},"geometry":{"type":"LineString","coordinates":[[18.87872336237998,52.771803404562355],[18.87924,52.77079],[18.88611,52.74694]]}},{"type":"Feature","properties":{"numer":"2902C","klasa":"droga zbiorcza","kat":"powiatowa"},"geometry":{"type":"LineString","coordinates":[[18.8790010234103,52.77181093828194],[18.8791,52.77155],[18.87942,52.77136],[18.89114,52.7658],[18.89277,52.76494],[18.89337,52.7644],[18.89365,52.76349],[18.89409,52.76316],[18.91167,52.75705],[18.91949,52.75444],[18.92013,52.7543]]}},{"type":"Feature","properties":{"numer":"2609C","klasa":"droga zbiorcza","kat":"powiatowa"},"geometry":{"type":"LineString","coordinates":[[18.916586326380358,52.77931060303829],[18.91661,52.77923]]}},{"type":"Feature","properties":{"numer":"265","klasa":"droga gĹ‚Ăłwna","kat":"wojewodzka"},"geometry":{"type":"LineString","coordinates":[[18.90328,52.60164],[18.90376,52.60142],[18.90445,52.60125],[18.90801,52.60126],[18.90921,52.60098],[18.97724,52.57801]]}},{"type":"Feature","properties":{"numer":"190441C","klasa":"droga lokalna","kat":"powiatowa"},"geometry":{"type":"LineString","coordinates":[[18.93737,52.60278],[18.93876,52.60261],[18.94247,52.60193]]}},{"type":"Feature","properties":{"numer":"190441C","klasa":"droga lokalna","kat":"powiatowa"},"geometry":{"type":"LineString","coordinates":[[18.9201,52.60368],[18.92726,52.60337],[18.93095,52.60308],[18.93737,52.60278]]}},{"type":"Feature","properties":{"numer":"190441C","klasa":"droga lokalna","kat":"powiatowa"},"geometry":{"type":"LineString","coordinates":[[18.91853,52.60375],[18.9201,52.60368]]}},{"type":"Feature","properties":{"numer":"62","klasa":"droga gĹ‚Ăłwna","kat":"krajowa"},"geometry":{"type":"LineString","coordinates":[[18.90231,52.61165],[18.90267,52.61179],[18.90335,52.61189],[18.92562,52.61502],[18.94971,52.61785],[18.95013,52.618],[18.95047,52.61824],[18.95387,52.62225],[18.95431,52.62256],[18.96263,52.62395]]}},{"type":"Feature","properties":{"numer":"A1","klasa":"autostrada","kat":"krajowa"},"geometry":{"type":"LineString","coordinates":[[18.93935,52.64923],[18.94176,52.64704],[18.94926,52.63955]]}},{"type":"Feature","properties":{"numer":"268","klasa":"droga zbiorcza","kat":"wojewodzka"},"geometry":{"type":"LineString","coordinates":[[18.93257,52.64578],[18.93258,52.64588]]}},{"type":"Feature","properties":{"numer":"268","klasa":"droga zbiorcza","kat":"wojewodzka"},"geometry":{"type":"LineString","coordinates":[[18.93258,52.64588],[18.9327,52.64662],[18.93253,52.64725],[18.93162,52.64837],[18.93089,52.64952]]}},{"type":"Feature","properties":{"numer":"268,2807C","klasa":"droga zbiorcza","kat":"powiatowa"},"geometry":{"type":"LineString","coordinates":[[18.93004,52.64932],[18.93089,52.64952]]}},{"type":"Feature","properties":{"numer":"A1","klasa":"autostrada","kat":"krajowa"},"geometry":{"type":"LineString","coordinates":[[18.93735,52.65083],[18.93935,52.64923]]}},{"type":"Feature","properties":{"numer":"62","klasa":"droga gĹ‚Ăłwna","kat":"krajowa"},"geometry":{"type":"LineString","coordinates":[[18.98622,52.62495],[18.98641,52.62493]]}},{"type":"Feature","properties":{"numer":"62","klasa":"droga gĹ‚Ăłwna","kat":"krajowa"},"geometry":{"type":"LineString","coordinates":[[18.96337,52.6241],[18.97492,52.62596],[18.97647,52.62587],[18.98622,52.62495]]}},{"type":"Feature","properties":{"numer":"62","klasa":"droga gĹ‚Ăłwna","kat":"krajowa"},"geometry":{"type":"LineString","coordinates":[[18.98641,52.62493],[18.98804,52.62482],[18.98905,52.62499],[19.02049,52.63324]]}},{"type":"Feature","properties":{"numer":"2807C","klasa":"droga zbiorcza","kat":"powiatowa"},"geometry":{"type":"LineString","coordinates":[[18.93735,52.65083],[18.93767,52.65114],[18.93778,52.65144],[18.9376,52.65245],[18.93797,52.65315],[18.94263,52.65663],[18.94302,52.65682],[18.94367,52.65698],[18.96971,52.65694],[18.97038,52.65675],[18.97226,52.65569],[18.97317,52.65549],[18.98011,52.65533],[18.98735,52.6554],[18.98828,52.65545],[18.99673,52.65666],[19.00545,52.65672],[19.00649,52.65679],[19.00988,52.65772],[19.01476,52.65801],[19.026749420473774,52.65961652284264]]}},{"type":"Feature","properties":{"numer":"A1","klasa":"autostrada","kat":"krajowa"},"geometry":{"type":"LineString","coordinates":[[18.94926,52.63955],[18.94958,52.63924]]}},{"type":"Feature","properties":{"numer":"91","klasa":"droga gĹ‚Ăłwna ruchu przyĹ›pieszonego","kat":"krajowa"},"geometry":{"type":"LineString","coordinates":[[18.942576848229,52.70803935492256],[18.93958,52.70924]]}},{"type":"Feature","properties":{"numer":"2609C","klasa":"","kat":"powiatowa"},"geometry":{"type":"LineString","coordinates":[[18.94839,52.76107],[18.95182,52.75243],[18.9524,52.75144],[18.95327,52.75029],[18.95363,52.74901],[18.95383,52.74685],[18.95412,52.74655],[18.95595,52.74543],[18.96017,52.74164],[18.96277,52.73898],[18.96517,52.73602],[18.96592,52.73484],[18.966227474746244,52.73369795094253]]}},{"type":"Feature","properties":{"numer":"2609C","klasa":"","kat":"powiatowa"},"geometry":{"type":"LineString","coordinates":[[18.94647,52.76339],[18.94735,52.76293],[18.94765,52.76267],[18.94839,52.76107]]}},{"type":"Feature","properties":{"numer":"2807C","klasa":"droga zbiorcza","kat":"powiatowa"},"geometry":{"type":"LineString","coordinates":[[18.93089,52.64952],[18.93168,52.64977],[18.93384,52.65067],[18.93474,52.65076],[18.93654,52.65061],[18.93735,52.65083]]}},{"type":"Feature","properties":{"numer":"A1","klasa":"autostrada","kat":"krajowa"},"geometry":{"type":"LineString","coordinates":[[18.93676,52.65127],[18.93735,52.65083]]}},{"type":"Feature","properties":{"numer":"252","klasa":"droga gĹ‚Ăłwna","kat":"wojewodzka"},"geometry":{"type":"LineString","coordinates":[[18.89572,52.6891],[18.89729,52.68898],[18.89979,52.68853],[18.90192,52.68804],[18.90562,52.68747],[18.91456,52.68677],[18.91663,52.68687],[18.91875,52.68644],[18.9202,52.68633],[18.92126,52.68654],[18.92904,52.68855],[18.93165,52.68906],[18.93277,52.68919],[18.93411,52.68927],[18.93604,52.68892],[18.93661,52.68888],[18.93915,52.689],[18.94295,52.68941],[18.95005,52.69064],[18.95141,52.69079],[18.95291,52.69093],[18.95492,52.69097],[18.95726,52.69076],[18.95753,52.69079],[18.95796,52.69098],[18.95888,52.69177],[18.96078,52.69236],[18.96202,52.69294],[18.962269201877938,52.693017875586854]]}},{"type":"Feature","properties":{"numer":"91","klasa":"droga gĹ‚Ăłwna ruchu przyĹ›pieszonego","kat":"krajowa"},"geometry":{"type":"LineString","coordinates":[[18.93242,52.71202],[18.93958,52.70924]]}},{"type":"Feature","properties":{"numer":"91","klasa":"droga gĹ‚Ăłwna ruchu przyĹ›pieszonego","kat":"krajowa"},"geometry":{"type":"LineString","coordinates":[[18.9319,52.71221],[18.93242,52.71202]]}},{"type":"Feature","properties":{"numer":"91","klasa":"droga gĹ‚Ăłwna ruchu przyĹ›pieszonego","kat":"krajowa"},"geometry":{"type":"LineString","coordinates":[[18.91157,52.7201],[18.9319,52.71221]]}},{"type":"Feature","properties":{"numer":"2902C","klasa":"droga zbiorcza","kat":"powiatowa"},"geometry":{"type":"LineString","coordinates":[[18.92013,52.7543],[18.9203,52.75406],[18.92055,52.75315],[18.92117,52.75198],[18.92102,52.75157],[18.92023,52.75074],[18.91999,52.75028],[18.91979,52.74883],[18.91982,52.74867],[18.92004,52.7485]]}},{"type":"Feature","properties":{"numer":"2903C","klasa":"droga zbiorcza","kat":"powiatowa"},"geometry":{"type":"LineString","coordinates":[[18.92013,52.7543],[18.92076,52.75456],[18.93396,52.75793],[18.94395,52.76058],[18.94839,52.76107]]}},{"type":"Feature","properties":{"numer":"2609C","klasa":"","kat":"powiatowa"},"geometry":{"type":"LineString","coordinates":[[18.93189,52.77833],[18.93257,52.77816],[18.93338,52.77721],[18.93344,52.77699],[18.93331,52.77687],[18.9342,52.77619],[18.93542,52.77548],[18.93841,52.77331],[18.94061,52.77128],[18.94075,52.7711],[18.9407,52.77081],[18.94144,52.77059],[18.94346,52.76893],[18.94559,52.76666],[18.9459,52.7651],[18.94647,52.76339]]}},{"type":"Feature","properties":{"numer":"2609C","klasa":"","kat":"powiatowa"},"geometry":{"type":"LineString","coordinates":[[18.92839,52.78085],[18.93165,52.77865],[18.93189,52.77833]]}},{"type":"Feature","properties":{"numer":"2044C","klasa":"","kat":"powiatowa"},"geometry":{"type":"LineString","coordinates":[[19.01854,52.70445],[19.01953,52.70363],[19.02136,52.70287],[19.02177,52.70263],[19.0244,52.70017],[19.02518,52.69913],[19.02593,52.69784],[19.02635,52.69738],[19.02906,52.6955],[19.03035,52.6944],[19.03147,52.69329],[19.03304,52.6925],[19.03384,52.69194],[19.03392,52.69167],[19.03382,52.69145],[19.03288,52.6909],[19.03275,52.69065],[19.03318,52.68989],[19.03348,52.68871],[19.034754976958528,52.68737127419355]]}},{"type":"Feature","properties":{"numer":"2044C","klasa":"","kat":"powiatowa"},"geometry":{"type":"LineString","coordinates":[[19.00456464908048,52.71489987400139],[19.00485,52.71424],[19.00574,52.71325],[19.0062,52.71291],[19.00869,52.71146],[19.0134,52.70897],[19.01443,52.70808],[19.01506,52.70773],[19.01598,52.70696],[19.01652,52.70624],[19.01778,52.70497],[19.01854,52.70445]]}},{"type":"Feature","properties":{"numer":"2609C","klasa":"","kat":"powiatowa"},"geometry":{"type":"LineString","coordinates":[[18.92825,52.78095],[18.92839,52.78085]]}},{"type":"Feature","properties":{"numer":"160534C","klasa":"droga lokalna","kat":"powiatowa"},"geometry":{"type":"LineString","coordinates":[[18.928112966237315,52.78104108714813],[18.92825,52.78095]]}},{"type":"Feature","properties":{"numer":"1450W","klasa":"droga zbiorcza","kat":"powiatowa"},"geometry":{"type":"LineString","coordinates":[[19.388050878131477,52.516979287624785],[19.38777,52.51704],[19.38761,52.5171],[19.38724,52.51756],[19.38721335530053,52.51763041813431]]}},{"type":"Feature","properties":{"numer":"2907C","klasa":"droga zbiorcza","kat":"powiatowa"},"geometry":{"type":"LineString","coordinates":[[19.18202,52.55051],[19.1821,52.55056]]}},{"type":"Feature","properties":{"numer":"265","klasa":"droga gĹ‚Ăłwna","kat":"wojewodzka"},"geometry":{"type":"LineString","coordinates":[[19.15951,52.52876],[19.18448,52.5253],[19.18536,52.52505],[19.18703,52.52428],[19.19551,52.51984],[19.20087,52.51645],[19.21485,52.50822],[19.21529,52.50784],[19.21567,52.50734],[19.21673,52.50573],[19.21733,52.50437],[19.21779,52.50388],[19.23496,52.49308]]}},{"type":"Feature","properties":{"numer":"2907C","klasa":"droga zbiorcza","kat":"powiatowa"},"geometry":{"type":"LineString","coordinates":[[19.25193,52.61944],[19.25145,52.61914],[19.24826,52.61797],[19.24817,52.61782],[19.24896,52.61543],[19.24966,52.61108],[19.25288,52.59829],[19.25158,52.59574],[19.25104,52.59413],[19.25032,52.59337],[19.24993,52.59263],[19.24861,52.58932],[19.24947,52.58632],[19.24973,52.58598],[19.25094,52.58503],[19.25119,52.58466],[19.25112,52.58296],[19.25018,52.58268],[19.24712,52.58226],[19.24624,52.58191],[19.24343,52.5789],[19.24114,52.57817],[19.24016,52.57762],[19.23927,52.57726],[19.23748,52.57621],[19.23713,52.5757],[19.23677,52.57448],[19.23629,52.57413],[19.23382,52.57347],[19.23156,52.57366],[19.22789,52.57325],[19.2271,52.57309],[19.22285,52.57156],[19.22052,52.57029],[19.21904,52.56931],[19.21617,52.56793],[19.21444,52.56747],[19.21366,52.56734],[19.21064,52.56708],[19.20898,52.5671],[19.2083,52.56685],[19.20754,52.56624],[19.20647,52.5661],[19.20526,52.56582],[19.20365,52.56512],[19.20221,52.56478],[19.20124,52.56402],[19.20025,52.56309],[19.19832,52.56231],[19.19711,52.56157],[19.19653,52.56087],[19.19504,52.5598],[19.19428,52.55881],[19.19069,52.55631],[19.18896,52.55545],[19.18746,52.55375],[19.18467,52.55219],[19.1821,52.55056]]}},{"type":"Feature","properties":{"numer":"62","klasa":"droga gĹ‚Ăłwna","kat":"krajowa"},"geometry":{"type":"LineString","coordinates":[[19.20936,52.64117],[19.20948,52.64112]]}},{"type":"Feature","properties":{"numer":"562","klasa":"droga gĹ‚Ăłwna","kat":"wojewodzka"},"geometry":{"type":"LineString","coordinates":[[19.17826,52.68601],[19.180547798406316,52.68580880354441]]}},{"type":"Feature","properties":{"numer":"67","klasa":"droga gĹ‚Ăłwna ruchu przyĹ›pieszonego","kat":"krajowa"},"geometry":{"type":"LineString","coordinates":[[19.12874343243636,52.66894848096434],[19.12874,52.66895]]}},{"type":"Feature","properties":{"numer":"67","klasa":"droga gĹ‚Ăłwna","kat":"krajowa"},"geometry":{"type":"LineString","coordinates":[[19.12861,52.66901],[19.12874,52.66895]]}},{"type":"Feature","properties":{"numer":"562","klasa":"droga gĹ‚Ăłwna","kat":"wojewodzka"},"geometry":{"type":"LineString","coordinates":[[19.1081,52.68637],[19.12008,52.68787],[19.1275,52.68776],[19.13196,52.68787],[19.13891,52.68605],[19.142,52.68597],[19.14293,52.68607],[19.14941,52.68772],[19.15018,52.6878],[19.16917,52.68681],[19.17826,52.68601]]}},{"type":"Feature","properties":{"numer":"2737C","klasa":"droga zbiorcza","kat":"powiatowa"},"geometry":{"type":"LineString","coordinates":[[19.10774,52.73387],[19.12358,52.72895],[19.12394,52.72869],[19.1243,52.72759],[19.12457,52.72741],[19.12501,52.72731],[19.12567,52.72724],[19.12902,52.72716],[19.13081,52.7273],[19.13971,52.72724],[19.14002,52.72715],[19.14557,52.72425],[19.14932,52.72416],[19.15627,52.72365],[19.16891,52.72329],[19.16952,52.72314],[19.17026,52.72284],[19.17298,52.72169],[19.1733973880597,52.72144134328358]]}},{"type":"Feature","properties":{"numer":"62","klasa":"droga gĹ‚Ăłwna","kat":"krajowa"},"geometry":{"type":"LineString","coordinates":[[19.17159250360391,52.64818681854234],[19.17318,52.64806],[19.20629,52.64213],[19.20767,52.6418],[19.20936,52.64117]]}},{"type":"Feature","properties":{"numer":"562","klasa":"droga gĹ‚Ăłwna","kat":"wojewodzka"},"geometry":{"type":"LineString","coordinates":[[19.17826,52.68601],[19.18055049631398,52.68580659685243]]}},{"type":"Feature","properties":{"numer":"2905C","klasa":"droga zbiorcza","kat":"powiatowa"},"geometry":{"type":"LineString","coordinates":[[19.08907,52.67574],[19.0976,52.67297],[19.1091,52.66901],[19.12861,52.66901]]}},{"type":"Feature","properties":{"numer":"67","klasa":"droga gĹ‚Ăłwna","kat":"krajowa"},"geometry":{"type":"LineString","coordinates":[[19.10744,52.68582],[19.10877,52.67892],[19.10913,52.67819],[19.10963,52.67768],[19.11104,52.67691],[19.12861,52.66901]]}},{"type":"Feature","properties":{"numer":"2904C","klasa":"droga zbiorcza","kat":"powiatowa"},"geometry":{"type":"LineString","coordinates":[[19.08907,52.67574],[19.09839,52.68261],[19.10044,52.68444],[19.10152,52.6856]]}},{"type":"Feature","properties":{"numer":"562","klasa":"droga gĹ‚Ăłwna","kat":"wojewodzka"},"geometry":{"type":"LineString","coordinates":[[19.10152,52.6856],[19.10183,52.68559],[19.10663,52.68618]]}},{"type":"Feature","properties":{"numer":"67","klasa":"droga gĹ‚Ăłwna","kat":"krajowa"},"geometry":{"type":"LineString","coordinates":[[19.10735,52.68627],[19.10744,52.68582]]}},{"type":"Feature","properties":{"numer":"2713C","klasa":"droga zbiorcza","kat":"powiatowa"},"geometry":{"type":"LineString","coordinates":[[19.032716693670437,52.71066536944716],[19.03709,52.70764],[19.04009,52.70661],[19.04318,52.70594],[19.0436,52.70576],[19.04378,52.70557],[19.04279,52.69894],[19.04274,52.69753],[19.04318,52.69588],[19.0423,52.69249],[19.04228086658522,52.68990698900461]]}},{"type":"Feature","properties":{"numer":"2704C","klasa":"droga zbiorcza","kat":"powiatowa"},"geometry":{"type":"LineString","coordinates":[[19.055880285244104,52.733083940250644],[19.05589,52.73308]]}},{"type":"Feature","properties":{"numer":"562","klasa":"droga gĹ‚Ăłwna","kat":"wojewodzka"},"geometry":{"type":"LineString","coordinates":[[19.10663,52.68618],[19.10735,52.68627]]}},{"type":"Feature","properties":{"numer":"562","klasa":"droga gĹ‚Ăłwna","kat":"wojewodzka"},"geometry":{"type":"LineString","coordinates":[[19.10735,52.68627],[19.1081,52.68637]]}},{"type":"Feature","properties":{"numer":"67","klasa":"droga gĹ‚Ăłwna","kat":"krajowa"},"geometry":{"type":"LineString","coordinates":[[19.10727,52.68669],[19.10735,52.68627]]}},{"type":"Feature","properties":{"numer":"2904C","klasa":"droga zbiorcza","kat":"powiatowa"},"geometry":{"type":"LineString","coordinates":[[19.10152,52.6856],[19.10383,52.6881],[19.10424,52.68875],[19.10433,52.68934],[19.10394,52.69169]]}},{"type":"Feature","properties":{"numer":"67","klasa":"droga gĹ‚Ăłwna","kat":"krajowa"},"geometry":{"type":"LineString","coordinates":[[19.10394,52.69169],[19.10444,52.69086],[19.10699,52.68749],[19.10727,52.68669]]}},{"type":"Feature","properties":{"numer":"67","klasa":"droga gĹ‚Ăłwna","kat":"krajowa"},"geometry":{"type":"LineString","coordinates":[[19.11043,52.72144],[19.10937,52.71873],[19.10698,52.71595],[19.10649,52.71518],[19.10319,52.70291],[19.10297,52.70049],[19.10382,52.69862],[19.10395,52.69805],[19.10383,52.69759],[19.10321,52.69657],[19.10308,52.69608],[19.10394,52.69169]]}},{"type":"Feature","properties":{"numer":"67","klasa":"droga gĹ‚Ăłwna","kat":"krajowa"},"geometry":{"type":"LineString","coordinates":[[19.11043,52.72144],[19.111,52.72307],[19.1109,52.72398]]}},{"type":"Feature","properties":{"numer":"67","klasa":"droga gĹ‚Ăłwna","kat":"krajowa"},"geometry":{"type":"LineString","coordinates":[[19.10774,52.73387],[19.1109,52.72398]]}},{"type":"Feature","properties":{"numer":"67","klasa":"droga gĹ‚Ăłwna","kat":"krajowa"},"geometry":{"type":"LineString","coordinates":[[19.10779,52.7352],[19.10774,52.73387]]}},{"type":"Feature","properties":{"numer":"2714C","klasa":"droga zbiorcza","kat":"powiatowa"},"geometry":{"type":"LineString","coordinates":[[19.09317,52.73547],[19.09603,52.735],[19.09829,52.73497],[19.0992,52.73489],[19.10114,52.7344],[19.10207,52.73424],[19.10536,52.73404],[19.10654,52.73408],[19.10774,52.73387]]}},{"type":"Feature","properties":{"numer":"2904C","klasa":"droga gĹ‚Ăłwna","kat":"powiatowa"},"geometry":{"type":"LineString","coordinates":[[19.088866370186537,52.67559040028821],[19.08897,52.67567]]}},{"type":"Feature","properties":{"numer":"2904C","klasa":"droga zbiorcza","kat":"powiatowa"},"geometry":{"type":"LineString","coordinates":[[19.08897,52.67567],[19.08907,52.67574]]}},{"type":"Feature","properties":{"numer":"2714C","klasa":"droga zbiorcza","kat":"powiatowa"},"geometry":{"type":"LineString","coordinates":[[19.08663,52.73558],[19.08792,52.7356],[19.0897,52.73584],[19.09041,52.73587],[19.09314,52.73547]]}},{"type":"Feature","properties":{"numer":"190206C,67","klasa":"droga gĹ‚Ăłwna","kat":"powiatowa"},"geometry":{"type":"LineString","coordinates":[[19.10783,52.73552],[19.10779,52.7352]]}},{"type":"Feature","properties":{"numer":"2714C","klasa":"","kat":"powiatowa"},"geometry":{"type":"LineString","coordinates":[[19.09314,52.73547],[19.09317,52.73547]]}},{"type":"Feature","properties":{"numer":"67","klasa":"droga gĹ‚Ăłwna","kat":"krajowa"},"geometry":{"type":"LineString","coordinates":[[19.10783,52.73552],[19.10796,52.73733],[19.10764,52.73835],[19.10692,52.73928],[19.10501,52.74106],[19.10472,52.74153],[19.104693259383712,52.741657532169995]]}}]}