{"type":"FeatureCollection","features":[{"type":"Feature","properties":{"numer":"A2,E30","klasa":"autostrada","kat":"krajowa"},"geometry":{"type":"LineString","coordinates":[[15.696477505748101,52.296969015583755],[15.70595,52.29663],[15.71207,52.29668],[15.71568,52.29682],[15.72012,52.29713],[15.72563,52.29771],[15.72854,52.29811],[15.73191,52.29865],[15.73567,52.29936],[15.73884,52.30004],[15.74226,52.30089],[15.74572,52.30183],[15.760500417022808,52.30633707780749]]}},{"type":"Feature","properties":{"numer":"92","klasa":"droga gĹ‚Ăłwna ruchu przyĹ›pieszonego","kat":"krajowa"},"geometry":{"type":"LineString","coordinates":[[15.662146808266822,52.306346183187244],[15.66221,52.30643],[15.66444,52.31047]]}},{"type":"Feature","properties":{"numer":"006336F,1356F","klasa":"droga zbiorcza","kat":"powiatowa"},"geometry":{"type":"LineString","coordinates":[[15.66444,52.31047],[15.6651,52.31096],[15.66624,52.31136]]}},{"type":"Feature","properties":{"numer":"92","klasa":"droga gĹ‚Ăłwna ruchu przyĹ›pieszonego","kat":"krajowa"},"geometry":{"type":"LineString","coordinates":[[15.66444,52.31047],[15.66517,52.31158]]}},{"type":"Feature","properties":{"numer":"1356F","klasa":"droga zbiorcza","kat":"powiatowa"},"geometry":{"type":"LineString","coordinates":[[15.66624,52.31136],[15.66561,52.31145]]}},{"type":"Feature","properties":{"numer":"1356F","klasa":"droga zbiorcza","kat":"powiatowa"},"geometry":{"type":"LineString","coordinates":[[15.66561,52.31145],[15.66517,52.31158]]}},{"type":"Feature","properties":{"numer":"006336F,1356F","klasa":"droga zbiorcza","kat":"powiatowa"},"geometry":{"type":"LineString","coordinates":[[15.66624,52.31136],[15.67067,52.31276]]}},{"type":"Feature","properties":{"numer":"1356F","klasa":"droga zbiorcza","kat":"powiatowa"},"geometry":{"type":"LineString","coordinates":[[15.67067,52.31276],[15.67187,52.31264]]}},{"type":"Feature","properties":{"numer":"006327F,1356F","klasa":"droga zbiorcza","kat":"powiatowa"},"geometry":{"type":"LineString","coordinates":[[15.67187,52.31264],[15.67315,52.31299]]}},{"type":"Feature","properties":{"numer":"006331F,1356F","klasa":"droga zbiorcza","kat":"powiatowa"},"geometry":{"type":"LineString","coordinates":[[15.67315,52.31299],[15.67354,52.31513],[15.67399,52.31596]]}},{"type":"Feature","properties":{"numer":"92","klasa":"droga gĹ‚Ăłwna ruchu przyĹ›pieszonego","kat":"krajowa"},"geometry":{"type":"LineString","coordinates":[[15.66517,52.31158],[15.6729,52.31961],[15.67364,52.3201],[15.67471,52.32062],[15.6759,52.321],[15.67738,52.32126]]}},{"type":"Feature","properties":{"numer":"006326F,1356F","klasa":"droga zbiorcza","kat":"powiatowa"},"geometry":{"type":"LineString","coordinates":[[15.67399,52.31596],[15.67519,52.31677],[15.67595,52.31778],[15.67635,52.31811],[15.67809,52.31928],[15.67916,52.31967]]}},{"type":"Feature","properties":{"numer":"1356F","klasa":"droga zbiorcza","kat":"powiatowa"},"geometry":{"type":"LineString","coordinates":[[15.67916,52.31967],[15.68388,52.32081]]}},{"type":"Feature","properties":{"numer":"1354F","klasa":"droga zbiorcza","kat":"powiatowa"},"geometry":{"type":"LineString","coordinates":[[15.67591,52.32726],[15.6777,52.32218],[15.67742,52.32161],[15.67738,52.32126]]}},{"type":"Feature","properties":{"numer":"92","klasa":"droga gĹ‚Ăłwna ruchu przyĹ›pieszonego","kat":"krajowa"},"geometry":{"type":"LineString","coordinates":[[15.67738,52.32126],[15.67924,52.32132],[15.68283,52.32098],[15.68461,52.32107],[15.68573,52.32127],[15.69394,52.32327],[15.69704,52.32419],[15.71541,52.3302],[15.72011,52.33192],[15.72248,52.3329]]}},{"type":"Feature","properties":{"numer":"1355F","klasa":"droga zbiorcza","kat":"powiatowa"},"geometry":{"type":"LineString","coordinates":[[15.67591,52.32726],[15.68533,52.33275],[15.69151,52.33752],[15.69358,52.33938],[15.69506,52.34127],[15.69572,52.34287],[15.69637,52.34398]]}},{"type":"Feature","properties":{"numer":"1213F","klasa":"droga zbiorcza","kat":"powiatowa"},"geometry":{"type":"LineString","coordinates":[[15.71077,52.34165],[15.71129,52.34029],[15.71217,52.33944],[15.71675,52.33693],[15.71839,52.33617],[15.71988,52.33535],[15.72087,52.33461],[15.72248,52.3329]]}},{"type":"Feature","properties":{"numer":"1354F","klasa":"droga zbiorcza","kat":"powiatowa"},"geometry":{"type":"LineString","coordinates":[[15.66705,52.34822],[15.66874,52.34726],[15.66895,52.34695],[15.67591,52.32726]]}},{"type":"Feature","properties":{"numer":"1268F","klasa":"droga zbiorcza","kat":"powiatowa"},"geometry":{"type":"LineString","coordinates":[[15.71077,52.34165],[15.70258,52.34307],[15.69749,52.34407],[15.69686,52.34415],[15.6965,52.34405]]}},{"type":"Feature","properties":{"numer":"1268F,1355F","klasa":"droga zbiorcza","kat":"powiatowa"},"geometry":{"type":"LineString","coordinates":[[15.6965,52.34405],[15.69637,52.34398]]}},{"type":"Feature","properties":{"numer":"1268F","klasa":"droga zbiorcza","kat":"powiatowa"},"geometry":{"type":"LineString","coordinates":[[15.69637,52.34398],[15.69405,52.34429],[15.69359,52.34432],[15.69302,52.34424]]}},{"type":"Feature","properties":{"numer":"1339F","klasa":"droga zbiorcza","kat":"powiatowa"},"geometry":{"type":"LineString","coordinates":[[15.877961374871374,52.289810396324164],[15.87645,52.29203],[15.87502,52.29492],[15.87454,52.29618],[15.87247,52.30348],[15.86961,52.30649],[15.8684,52.30722]]}},{"type":"Feature","properties":{"numer":"1210F","klasa":"droga zbiorcza","kat":"powiatowa"},"geometry":{"type":"LineString","coordinates":[[15.8684,52.30722],[15.86708,52.30684],[15.86637,52.30648],[15.86066,52.30307],[15.85255,52.29686],[15.85043,52.29409],[15.84812,52.29291],[15.84448,52.29139],[15.83783,52.28898],[15.83735,52.28887],[15.834538446907361,52.28852437172384]]}},{"type":"Feature","properties":{"numer":"1210F","klasa":"droga zbiorcza","kat":"powiatowa"},"geometry":{"type":"LineString","coordinates":[[15.832054881072002,52.28816622948074],[15.83028,52.28786],[15.8298,52.28749],[15.82722905013205,52.284419656992235]]}},{"type":"Feature","properties":{"numer":"A2,E30","klasa":"autostrada","kat":"krajowa"},"geometry":{"type":"LineString","coordinates":[[15.79691,52.31745],[15.793332879999973,52.31636295999999]]}},{"type":"Feature","properties":{"numer":"A2,E30","klasa":"autostrada","kat":"krajowa"},"geometry":{"type":"LineString","coordinates":[[15.79691,52.31745],[15.796963065156765,52.31746637116539]]}},{"type":"Feature","properties":{"numer":"1339F","klasa":"droga zbiorcza","kat":"powiatowa"},"geometry":{"type":"LineString","coordinates":[[15.8684,52.30722],[15.86764,52.30837],[15.86725,52.30968],[15.86554,52.31171],[15.86556,52.31246],[15.86579,52.31315],[15.86725,52.31586],[15.8683,52.31738],[15.87011,52.31857],[15.87182,52.32219],[15.87192,52.32251],[15.87209,52.32877]]}},{"type":"Feature","properties":{"numer":"A2","klasa":"autostrada","kat":"krajowa"},"geometry":{"type":"LineString","coordinates":[[15.8286,52.32635],[15.8308,52.32675],[15.83531,52.32743],[15.83873,52.32785],[15.84529,52.32848],[15.84995,52.3287],[15.8721,52.32899]]}},{"type":"Feature","properties":{"numer":"1339F","klasa":"droga zbiorcza","kat":"powiatowa"},"geometry":{"type":"LineString","coordinates":[[15.87209,52.32877],[15.8721,52.32899]]}},{"type":"Feature","properties":{"numer":"A2,E30","klasa":"autostrada","kat":"krajowa"},"geometry":{"type":"LineString","coordinates":[[15.8721,52.32899],[15.882730010095338,52.32915952173698]]}},{"type":"Feature","properties":{"numer":"1339F","klasa":"droga zbiorcza","kat":"powiatowa"},"geometry":{"type":"LineString","coordinates":[[15.8721,52.32899],[15.87211,52.32923]]}},{"type":"Feature","properties":{"numer":"1339F","klasa":"droga zbiorcza","kat":"powiatowa"},"geometry":{"type":"LineString","coordinates":[[15.87211,52.32923],[15.8723,52.33048],[15.87271,52.33139]]}},{"type":"Feature","properties":{"numer":"1339F","klasa":"droga zbiorcza","kat":"powiatowa"},"geometry":{"type":"LineString","coordinates":[[15.87271,52.33139],[15.87334,52.33322]]}},{"type":"Feature","properties":{"numer":"1339F","klasa":"droga zbiorcza","kat":"powiatowa"},"geometry":{"type":"LineString","coordinates":[[15.87334,52.33322],[15.87428,52.33633],[15.87546,52.34444],[15.8748,52.35089],[15.8739,52.3524],[15.87384,52.35278],[15.87606,52.3594],[15.87595,52.35977],[15.87401,52.36281],[15.87367,52.36377],[15.873,52.36481]]}},{"type":"Feature","properties":{"numer":"1358F","klasa":"droga zbiorcza","kat":"powiatowa"},"geometry":{"type":"LineString","coordinates":[[15.85122,52.35862],[15.8539,52.35872]]}},{"type":"Feature","properties":{"numer":"92","klasa":"droga gĹ‚Ăłwna ruchu przyĹ›pieszonego","kat":"krajowa"},"geometry":{"type":"LineString","coordinates":[[15.85122,52.35862],[15.85259,52.35876],[15.85362,52.35897]]}},{"type":"Feature","properties":{"numer":"1358F","klasa":"droga zbiorcza","kat":"powiatowa"},"geometry":{"type":"LineString","coordinates":[[15.8539,52.35872],[15.85362,52.35897]]}},{"type":"Feature","properties":{"numer":"1358F","klasa":"droga zbiorcza","kat":"powiatowa"},"geometry":{"type":"LineString","coordinates":[[15.8539,52.35872],[15.85676,52.35903],[15.85797,52.3593],[15.85938,52.35972],[15.8711,52.36413]]}},{"type":"Feature","properties":{"numer":"92","klasa":"droga gĹ‚Ăłwna ruchu przyĹ›pieszonego","kat":"krajowa"},"geometry":{"type":"LineString","coordinates":[[15.85362,52.35897],[15.85538,52.35962],[15.85669,52.36046],[15.85742,52.36118],[15.86094,52.36529],[15.86211,52.36643],[15.86366,52.3675],[15.86563,52.36843]]}},{"type":"Feature","properties":{"numer":"1268F","klasa":"droga zbiorcza","kat":"powiatowa"},"geometry":{"type":"LineString","coordinates":[[15.66705,52.34822],[15.66609,52.34876],[15.66549,52.34888],[15.64541,52.34889],[15.64375,52.34895],[15.59011,52.35462],[15.58955,52.35465],[15.58862,52.35447]]}},{"type":"Feature","properties":{"numer":"1268F","klasa":"droga zbiorcza","kat":"powiatowa"},"geometry":{"type":"LineString","coordinates":[[15.58862,52.35447],[15.58789,52.35432],[15.58737,52.35433],[15.58604,52.35479]]}},{"type":"Feature","properties":{"numer":"1268F","klasa":"droga zbiorcza","kat":"powiatowa"},"geometry":{"type":"LineString","coordinates":[[15.58604,52.35479],[15.58596,52.35485]]}},{"type":"Feature","properties":{"numer":"1268F","klasa":"droga zbiorcza","kat":"powiatowa"},"geometry":{"type":"LineString","coordinates":[[15.58596,52.35485],[15.58595,52.35511],[15.58679,52.35598],[15.58673,52.35613],[15.58628,52.3563]]}},{"type":"Feature","properties":{"numer":"1268F","klasa":"droga zbiorcza","kat":"powiatowa"},"geometry":{"type":"LineString","coordinates":[[15.58628,52.3563],[15.58339,52.35722],[15.57793,52.35792],[15.57451,52.35868],[15.56541,52.36178],[15.55672,52.36377],[15.55098,52.36585],[15.54775,52.36682]]}},{"type":"Feature","properties":{"numer":"1213F","klasa":"droga zbiorcza","kat":"powiatowa"},"geometry":{"type":"LineString","coordinates":[[15.61886,52.4167],[15.61991,52.41624],[15.62911,52.41311],[15.63863,52.40747]]}},{"type":"Feature","properties":{"numer":"1213F","klasa":"droga zbiorcza","kat":"powiatowa"},"geometry":{"type":"LineString","coordinates":[[15.767199829593142,52.30866199594559],[15.75473,52.31371],[15.75385,52.31413],[15.75246,52.31501],[15.74792,52.31829],[15.746,52.31936],[15.74426,52.32011],[15.7428,52.32126],[15.74204,52.32174],[15.72248,52.3329]]}},{"type":"Feature","properties":{"numer":"A2,E30","klasa":"autostrada","kat":"krajowa"},"geometry":{"type":"LineString","coordinates":[[15.8286,52.32635],[15.8248,52.32555],[15.81946,52.32427],[15.81561,52.32317],[15.800744957854864,52.318629983979605]]}},{"type":"Feature","properties":{"numer":"92","klasa":"droga gĹ‚Ăłwna ruchu przyĹ›pieszonego","kat":"krajowa"},"geometry":{"type":"LineString","coordinates":[[15.72248,52.3329],[15.72466,52.33388],[15.73393,52.3384],[15.73588,52.33918],[15.73768,52.33957],[15.74746,52.34098],[15.7498,52.34138],[15.75178,52.34188],[15.75971,52.3442],[15.76169,52.34468],[15.76426,52.34508],[15.76736,52.34524],[15.78493,52.34437],[15.78692,52.34441],[15.78928,52.34471],[15.79384,52.34545],[15.79661,52.34606],[15.82258,52.35336],[15.84084,52.35791],[15.84305,52.35823],[15.85122,52.35862]]}},{"type":"Feature","properties":{"numer":"006308F","klasa":"droga lokalna","kat":"powiatowa"},"geometry":{"type":"LineString","coordinates":[[15.73783,52.36331],[15.73828,52.36361]]}},{"type":"Feature","properties":{"numer":"006308F","klasa":"droga lokalna","kat":"powiatowa"},"geometry":{"type":"LineString","coordinates":[[15.73828,52.36361],[15.73935,52.36443],[15.74026,52.36559]]}},{"type":"Feature","properties":{"numer":"006308F","klasa":"droga lokalna","kat":"powiatowa"},"geometry":{"type":"LineString","coordinates":[[15.74026,52.36559],[15.74064,52.3662]]}},{"type":"Feature","properties":{"numer":"006308F","klasa":"droga lokalna","kat":"powiatowa"},"geometry":{"type":"LineString","coordinates":[[15.74064,52.3662],[15.74152,52.3675]]}},{"type":"Feature","properties":{"numer":"006308F","klasa":"droga lokalna","kat":"powiatowa"},"geometry":{"type":"LineString","coordinates":[[15.74152,52.3675],[15.74215,52.36843],[15.74208,52.36926],[15.74219,52.36979],[15.74272,52.3704],[15.7434,52.37164]]}},{"type":"Feature","properties":{"numer":"006308F","klasa":"droga lokalna","kat":"powiatowa"},"geometry":{"type":"LineString","coordinates":[[15.7434,52.37164],[15.74384,52.37235],[15.74442,52.37449],[15.74615,52.37638]]}},{"type":"Feature","properties":{"numer":"006308F","klasa":"droga lokalna","kat":"powiatowa"},"geometry":{"type":"LineString","coordinates":[[15.74615,52.37638],[15.74885,52.38103]]}},{"type":"Feature","properties":{"numer":"1268F","klasa":"droga zbiorcza","kat":"powiatowa"},"geometry":{"type":"LineString","coordinates":[[15.69302,52.34424],[15.68852,52.34337],[15.6875,52.34325],[15.68424,52.34295],[15.68265,52.3431],[15.67549,52.34635],[15.67144,52.34864]]}},{"type":"Feature","properties":{"numer":"1213F","klasa":"droga zbiorcza","kat":"powiatowa"},"geometry":{"type":"LineString","coordinates":[[15.70782,52.35079],[15.71077,52.34165]]}},{"type":"Feature","properties":{"numer":"1355F","klasa":"droga zbiorcza","kat":"powiatowa"},"geometry":{"type":"LineString","coordinates":[[15.6965,52.34405],[15.69847,52.34588],[15.70307,52.34868],[15.70465,52.34956],[15.70782,52.35079]]}},{"type":"Feature","properties":{"numer":"1268F,1354F","klasa":"droga zbiorcza","kat":"powiatowa"},"geometry":{"type":"LineString","coordinates":[[15.66975,52.34969],[15.66705,52.34822]]}},{"type":"Feature","properties":{"numer":"1268F","klasa":"droga zbiorcza","kat":"powiatowa"},"geometry":{"type":"LineString","coordinates":[[15.67144,52.34864],[15.6702,52.34934],[15.66975,52.34969]]}},{"type":"Feature","properties":{"numer":"1355F","klasa":"droga zbiorcza","kat":"powiatowa"},"geometry":{"type":"LineString","coordinates":[[15.70782,52.35079],[15.71117,52.35209],[15.71868,52.35444],[15.72051,52.35513],[15.72101,52.35525],[15.72259,52.35542],[15.72313,52.35556],[15.72537,52.35658],[15.73022,52.35826]]}},{"type":"Feature","properties":{"numer":"006308F","klasa":"droga lokalna","kat":"powiatowa"},"geometry":{"type":"LineString","coordinates":[[15.73022,52.35826],[15.73144,52.35909]]}},{"type":"Feature","properties":{"numer":"006308F","klasa":"droga lokalna","kat":"powiatowa"},"geometry":{"type":"LineString","coordinates":[[15.73144,52.35909],[15.73454,52.36088]]}},{"type":"Feature","properties":{"numer":"006308F","klasa":"droga lokalna","kat":"powiatowa"},"geometry":{"type":"LineString","coordinates":[[15.73454,52.36088],[15.73464,52.36093]]}},{"type":"Feature","properties":{"numer":"1354F","klasa":"droga zbiorcza","kat":"powiatowa"},"geometry":{"type":"LineString","coordinates":[[15.66975,52.34969],[15.67012,52.3499],[15.67002,52.35034],[15.67017,52.35055],[15.67458,52.35209],[15.67792,52.3538],[15.68171,52.36312],[15.69017,52.37414]]}},{"type":"Feature","properties":{"numer":"006308F","klasa":"droga lokalna","kat":"powiatowa"},"geometry":{"type":"LineString","coordinates":[[15.73464,52.36093],[15.7353,52.36123],[15.73609,52.36145],[15.73658,52.36226],[15.73783,52.36331]]}},{"type":"Feature","properties":{"numer":"1213F","klasa":"droga zbiorcza","kat":"powiatowa"},"geometry":{"type":"LineString","coordinates":[[15.69017,52.37414],[15.70327,52.36293],[15.70402,52.36215],[15.70436,52.3615],[15.70782,52.35079]]}},{"type":"Feature","properties":{"numer":"1213F","klasa":"droga zbiorcza","kat":"powiatowa"},"geometry":{"type":"LineString","coordinates":[[15.68921,52.37555],[15.68922,52.37522],[15.68943,52.37482],[15.69017,52.37414]]}},{"type":"Feature","properties":{"numer":"1213F","klasa":"droga zbiorcza","kat":"powiatowa"},"geometry":{"type":"LineString","coordinates":[[15.68965,52.37591],[15.68921,52.37555]]}},{"type":"Feature","properties":{"numer":"1353F","klasa":"droga zbiorcza","kat":"powiatowa"},"geometry":{"type":"LineString","coordinates":[[15.68965,52.37591],[15.69013,52.37607]]}},{"type":"Feature","properties":{"numer":"1213F","klasa":"droga zbiorcza","kat":"powiatowa"},"geometry":{"type":"LineString","coordinates":[[15.68987,52.37612],[15.68965,52.37591]]}},{"type":"Feature","properties":{"numer":"1353F","klasa":"droga zbiorcza","kat":"powiatowa"},"geometry":{"type":"LineString","coordinates":[[15.69013,52.37607],[15.68987,52.37612]]}},{"type":"Feature","properties":{"numer":"1353F","klasa":"droga zbiorcza","kat":"powiatowa"},"geometry":{"type":"LineString","coordinates":[[15.69013,52.37607],[15.69088,52.37638],[15.69303,52.37753],[15.69345,52.37781],[15.69392,52.37833],[15.69476,52.37881],[15.69765,52.37949],[15.69857,52.37982],[15.70188,52.38062]]}},{"type":"Feature","properties":{"numer":"1353F","klasa":"droga zbiorcza","kat":"powiatowa"},"geometry":{"type":"LineString","coordinates":[[15.70188,52.38062],[15.70339,52.38091],[15.70598,52.38191],[15.70722,52.38501]]}},{"type":"Feature","properties":{"numer":"1348F","klasa":"droga zbiorcza","kat":"powiatowa"},"geometry":{"type":"LineString","coordinates":[[15.68921,52.37555],[15.68902,52.37556],[15.68726,52.37496],[15.68648,52.37488],[15.65779,52.38113],[15.65737,52.3811],[15.65471,52.38028],[15.65233,52.37968],[15.65065,52.37949],[15.65026,52.37953],[15.6499,52.37969],[15.6458,52.38569],[15.64425,52.38778],[15.64292,52.38985],[15.64208,52.39093],[15.64035,52.39444],[15.63872,52.40029],[15.63917,52.40263],[15.63887,52.40433],[15.63885,52.40557],[15.63863,52.40747]]}},{"type":"Feature","properties":{"numer":"1213F","klasa":"droga zbiorcza","kat":"powiatowa"},"geometry":{"type":"LineString","coordinates":[[15.63863,52.40747],[15.68898,52.37782],[15.69007,52.37674],[15.68987,52.37612]]}},{"type":"Feature","properties":{"numer":"1353F","klasa":"droga zbiorcza","kat":"powiatowa"},"geometry":{"type":"LineString","coordinates":[[15.70722,52.38501],[15.71248,52.39798],[15.71277,52.39839],[15.71315,52.39861],[15.71411,52.39868],[15.7156,52.39841],[15.71737,52.39803],[15.72087,52.39696],[15.72124,52.39691],[15.72616,52.39715],[15.73712,52.39603],[15.74147,52.3966],[15.74491,52.39656],[15.74544,52.39662]]}},{"type":"Feature","properties":{"numer":"137","klasa":"droga zbiorcza","kat":"wojewodzka"},"geometry":{"type":"LineString","coordinates":[[15.64339,52.44413],[15.64396,52.44307],[15.64577,52.44173],[15.64821,52.44016],[15.65214,52.43848],[15.66097,52.43493],[15.6658,52.43224],[15.67031,52.42986],[15.6716,52.42928],[15.67461,52.42837],[15.67534,52.42821],[15.67602,52.42816],[15.6766,52.42819],[15.67755,52.42841],[15.68599,52.43202],[15.6875,52.43219],[15.68983,52.43226],[15.69029,52.4322],[15.69096,52.43204],[15.69431,52.43078],[15.6971,52.42894],[15.69771,52.42862],[15.69956,52.42801],[15.70227,52.42738],[15.70525,52.42654],[15.70698,52.42595],[15.70854,52.42518],[15.70983,52.42442],[15.7134,52.42296],[15.71566,52.42257],[15.71852,52.42241],[15.71944,52.42216],[15.72651,52.41842],[15.72714,52.41818],[15.74431,52.4137],[15.74578,52.41329],[15.74651,52.413],[15.7468,52.41303],[15.74877,52.41373],[15.7503,52.41469],[15.75208,52.41497],[15.75223,52.4149],[15.75226,52.41466]]}},{"type":"Feature","properties":{"numer":"004410F","klasa":"droga lokalna","kat":"powiatowa"},"geometry":{"type":"LineString","coordinates":[[15.717,52.43328],[15.71729,52.43329],[15.71797,52.43395],[15.71919,52.43479]]}},{"type":"Feature","properties":{"numer":"004410F","klasa":"droga lokalna","kat":"powiatowa"},"geometry":{"type":"LineString","coordinates":[[15.7122,52.43493],[15.71635,52.43324],[15.717,52.43328]]}},{"type":"Feature","properties":{"numer":"004410F","klasa":"droga lokalna","kat":"powiatowa"},"geometry":{"type":"LineString","coordinates":[[15.71919,52.43479],[15.7193,52.43487]]}},{"type":"Feature","properties":{"numer":"004410F","klasa":"droga lokalna","kat":"powiatowa"},"geometry":{"type":"LineString","coordinates":[[15.7114,52.43514],[15.7122,52.43493]]}},{"type":"Feature","properties":{"numer":"004410F","klasa":"droga lokalna","kat":"powiatowa"},"geometry":{"type":"LineString","coordinates":[[15.70874,52.43586],[15.7114,52.43514]]}},{"type":"Feature","properties":{"numer":"004410F","klasa":"droga lokalna","kat":"powiatowa"},"geometry":{"type":"LineString","coordinates":[[15.7193,52.43487],[15.72077,52.4361],[15.72108,52.43648],[15.72173,52.43672]]}},{"type":"Feature","properties":{"numer":"004410F","klasa":"droga lokalna","kat":"powiatowa"},"geometry":{"type":"LineString","coordinates":[[15.70406,52.43598],[15.70441,52.43592]]}},{"type":"Feature","properties":{"numer":"1213F","klasa":"droga zbiorcza","kat":"powiatowa"},"geometry":{"type":"LineString","coordinates":[[15.61876,52.41676],[15.61886,52.4167]]}},{"type":"Feature","properties":{"numer":"1213F","klasa":"droga zbiorcza","kat":"powiatowa"},"geometry":{"type":"LineString","coordinates":[[15.61805,52.41684],[15.61854,52.41685],[15.61876,52.41676]]}},{"type":"Feature","properties":{"numer":"1213F","klasa":"droga zbiorcza","kat":"powiatowa"},"geometry":{"type":"LineString","coordinates":[[15.61786,52.41683],[15.61805,52.41684]]}},{"type":"Feature","properties":{"numer":"1213F","klasa":"droga zbiorcza","kat":"powiatowa"},"geometry":{"type":"LineString","coordinates":[[15.61628,52.41705],[15.61714,52.41682],[15.61786,52.41683]]}},{"type":"Feature","properties":{"numer":"1347F","klasa":"","kat":"powiatowa"},"geometry":{"type":"LineString","coordinates":[[15.61628,52.41705],[15.61637,52.41833],[15.61871,52.42062],[15.61905,52.42173],[15.62046,52.42362]]}},{"type":"Feature","properties":{"numer":"1347F","klasa":"","kat":"powiatowa"},"geometry":{"type":"LineString","coordinates":[[15.62046,52.42362],[15.62048,52.42369]]}},{"type":"Feature","properties":{"numer":"1347F","klasa":"","kat":"powiatowa"},"geometry":{"type":"LineString","coordinates":[[15.62048,52.42369],[15.62075,52.4244],[15.62141,52.42455],[15.62161,52.42471],[15.62119,52.42659],[15.62132,52.42681],[15.62207,52.42729]]}},{"type":"Feature","properties":{"numer":"1213F","klasa":"droga zbiorcza","kat":"powiatowa"},"geometry":{"type":"LineString","coordinates":[[15.58366,52.43914],[15.58392,52.43842],[15.59499,52.42801],[15.6144,52.41769],[15.61628,52.41705]]}},{"type":"Feature","properties":{"numer":"102151F","klasa":"droga zbiorcza","kat":"powiatowa"},"geometry":{"type":"LineString","coordinates":[[15.56886,52.43233],[15.56579,52.4288]]}},{"type":"Feature","properties":{"numer":"102151F","klasa":"droga zbiorcza","kat":"powiatowa"},"geometry":{"type":"LineString","coordinates":[[15.57056,52.43427],[15.56886,52.43233]]}},{"type":"Feature","properties":{"numer":"102151F","klasa":"droga zbiorcza","kat":"powiatowa"},"geometry":{"type":"LineString","coordinates":[[15.57305,52.43711],[15.57056,52.43427]]}},{"type":"Feature","properties":{"numer":"1347F","klasa":"","kat":"powiatowa"},"geometry":{"type":"LineString","coordinates":[[15.62207,52.42729],[15.62265,52.42784],[15.62291,52.42846],[15.62218,52.43063],[15.62219,52.43092],[15.62434,52.43621],[15.6252,52.43918],[15.62532,52.44001],[15.62595,52.4417],[15.62669,52.4446],[15.62697,52.44488],[15.62828,52.44575]]}},{"type":"Feature","properties":{"numer":"102151F","klasa":"droga zbiorcza","kat":"powiatowa"},"geometry":{"type":"LineString","coordinates":[[15.57389,52.43805],[15.57305,52.43711]]}},{"type":"Feature","properties":{"numer":"102151F","klasa":"droga zbiorcza","kat":"powiatowa"},"geometry":{"type":"LineString","coordinates":[[15.57442,52.43867],[15.57389,52.43805]]}},{"type":"Feature","properties":{"numer":"102151F","klasa":"droga zbiorcza","kat":"powiatowa"},"geometry":{"type":"LineString","coordinates":[[15.57524,52.43978],[15.57442,52.43867]]}},{"type":"Feature","properties":{"numer":"1213F","klasa":"droga zbiorcza","kat":"powiatowa"},"geometry":{"type":"LineString","coordinates":[[15.58305,52.44135],[15.58326,52.441],[15.58366,52.43914]]}},{"type":"Feature","properties":{"numer":"102151F","klasa":"droga zbiorcza","kat":"powiatowa"},"geometry":{"type":"LineString","coordinates":[[15.5761,52.44123],[15.57524,52.43978]]}},{"type":"Feature","properties":{"numer":"3311F","klasa":"droga zbiorcza","kat":"powiatowa"},"geometry":{"type":"LineString","coordinates":[[15.57524,52.43978],[15.57282,52.4409],[15.57181,52.4418]]}},{"type":"Feature","properties":{"numer":"102151F","klasa":"droga zbiorcza","kat":"powiatowa"},"geometry":{"type":"LineString","coordinates":[[15.57615,52.44132],[15.5761,52.44123]]}},{"type":"Feature","properties":{"numer":"137","klasa":"droga zbiorcza","kat":"wojewodzka"},"geometry":{"type":"LineString","coordinates":[[15.56017,52.4419],[15.55824,52.4415]]}},{"type":"Feature","properties":{"numer":"004410F","klasa":"droga lokalna","kat":"powiatowa"},"geometry":{"type":"LineString","coordinates":[[15.70619,52.43618],[15.70729,52.4359],[15.70804,52.43596],[15.70874,52.43586]]}},{"type":"Feature","properties":{"numer":"004410F","klasa":"droga lokalna","kat":"powiatowa"},"geometry":{"type":"LineString","coordinates":[[15.70441,52.43592],[15.70493,52.43591],[15.70576,52.43614],[15.70619,52.43618]]}},{"type":"Feature","properties":{"numer":"004410F","klasa":"droga lokalna","kat":"powiatowa"},"geometry":{"type":"LineString","coordinates":[[15.72974,52.43599],[15.73024,52.436],[15.73105,52.43622]]}},{"type":"Feature","properties":{"numer":"004410F","klasa":"droga lokalna","kat":"powiatowa"},"geometry":{"type":"LineString","coordinates":[[15.70262,52.43637],[15.70406,52.43598]]}},{"type":"Feature","properties":{"numer":"004410F","klasa":"droga lokalna","kat":"powiatowa"},"geometry":{"type":"LineString","coordinates":[[15.73114,52.43702],[15.73121,52.43671],[15.73105,52.43622]]}},{"type":"Feature","properties":{"numer":"004410F","klasa":"droga lokalna","kat":"powiatowa"},"geometry":{"type":"LineString","coordinates":[[15.70128,52.43713],[15.70219,52.43653],[15.70262,52.43637]]}},{"type":"Feature","properties":{"numer":"004410F","klasa":"droga lokalna","kat":"powiatowa"},"geometry":{"type":"LineString","coordinates":[[15.72173,52.43672],[15.72246,52.43692]]}},{"type":"Feature","properties":{"numer":"004410F","klasa":"droga lokalna","kat":"powiatowa"},"geometry":{"type":"LineString","coordinates":[[15.72585,52.43766],[15.72896,52.43627],[15.72974,52.43599]]}},{"type":"Feature","properties":{"numer":"004410F","klasa":"droga lokalna","kat":"powiatowa"},"geometry":{"type":"LineString","coordinates":[[15.72246,52.43692],[15.7233,52.43713],[15.72443,52.43716],[15.7255,52.43761],[15.72585,52.43766]]}},{"type":"Feature","properties":{"numer":"004410F","klasa":"droga lokalna","kat":"powiatowa"},"geometry":{"type":"LineString","coordinates":[[15.69972,52.43901],[15.70041,52.43816],[15.70062,52.43751],[15.70128,52.43713]]}},{"type":"Feature","properties":{"numer":"1331F","klasa":"droga zbiorcza","kat":"powiatowa"},"geometry":{"type":"LineString","coordinates":[[15.83065,52.40577],[15.83031,52.40529],[15.82884,52.40169],[15.82892,52.40155],[15.84029,52.39796],[15.8415,52.39747],[15.84209,52.39706]]}},{"type":"Feature","properties":{"numer":"1331F","klasa":"droga zbiorcza","kat":"powiatowa"},"geometry":{"type":"LineString","coordinates":[[15.8308,52.40598],[15.83065,52.40577]]}},{"type":"Feature","properties":{"numer":"006306F,137","klasa":"droga zbiorcza","kat":"powiatowa"},"geometry":{"type":"LineString","coordinates":[[15.76015,52.40563],[15.75557,52.41069],[15.75293,52.41205],[15.75245,52.41244],[15.75226,52.41285],[15.75226,52.41466]]}},{"type":"Feature","properties":{"numer":"1331F","klasa":"droga zbiorcza","kat":"powiatowa"},"geometry":{"type":"LineString","coordinates":[[15.77509,52.47697],[15.77579,52.47287],[15.77723,52.46637],[15.77835,52.46348],[15.77807,52.45912],[15.77822,52.45851],[15.77903,52.45759],[15.78079,52.45621],[15.78104,52.45563],[15.78104,52.45428],[15.78117,52.45387],[15.78525,52.44824],[15.78573,52.44776],[15.78932,52.44536],[15.79013,52.44471],[15.7907,52.44417],[15.7923,52.44188],[15.79283,52.44133],[15.79742,52.43735],[15.80361,52.42902],[15.80393,52.42824],[15.80459,52.4241],[15.80772,52.4152],[15.80816,52.41484],[15.81514,52.41131],[15.81798,52.41081],[15.81932,52.41016],[15.8199,52.40998],[15.82342,52.40933],[15.83077,52.40697],[15.83096,52.40686],[15.83104,52.40658],[15.8308,52.40598]]}},{"type":"Feature","properties":{"numer":"1337F","klasa":"droga zbiorcza","kat":"powiatowa"},"geometry":{"type":"LineString","coordinates":[[15.84421,52.45451],[15.84477,52.45457],[15.84507,52.45469],[15.84669,52.45552]]}},{"type":"Feature","properties":{"numer":"1337F","klasa":"droga zbiorcza","kat":"powiatowa"},"geometry":{"type":"LineString","coordinates":[[15.84881,52.45651],[15.84669,52.45552]]}},{"type":"Feature","properties":{"numer":"1337F","klasa":"droga zbiorcza","kat":"powiatowa"},"geometry":{"type":"LineString","coordinates":[[15.781,52.47797],[15.78114,52.47749],[15.78174,52.47656],[15.78216,52.47605],[15.78244,52.47588],[15.78556,52.4757],[15.78925,52.47501],[15.79087,52.47519],[15.79184,52.47507],[15.79371,52.47442],[15.79624,52.47392],[15.79869,52.47307],[15.80013,52.47272],[15.80445,52.4723],[15.80648,52.47242],[15.80784,52.4726],[15.80826,52.47257],[15.80971,52.47228],[15.81024,52.4721],[15.81117,52.47119],[15.8125,52.47041],[15.8131,52.47033],[15.81664,52.47046],[15.81726,52.47036],[15.81864,52.46985],[15.81915,52.46947],[15.81953,52.46884],[15.81942,52.46761],[15.81965,52.46725],[15.82033,52.4668],[15.82209,52.466],[15.82437,52.46407],[15.82555,52.46339],[15.8284,52.46208],[15.83734,52.46009],[15.8391,52.45964],[15.84002,52.45927],[15.84055,52.45879],[15.84239,52.45526],[15.84265,52.45508],[15.84421,52.45451]]}},{"type":"Feature","properties":{"numer":"1332F","klasa":"droga gĹ‚Ăłwna","kat":"powiatowa"},"geometry":{"type":"LineString","coordinates":[[15.77422,52.47661],[15.76117,52.47119],[15.75996,52.47095],[15.7493,52.46984],[15.745,52.4689],[15.74286,52.46837],[15.73988,52.46655],[15.73892,52.46614],[15.73756,52.46572],[15.73519,52.46513],[15.73459,52.46503],[15.73397,52.46505],[15.7316,52.46569],[15.72796,52.46599],[15.72734,52.46598],[15.72658,52.46566],[15.72591,52.46499],[15.72547,52.46468],[15.72363,52.46424],[15.72155,52.46423],[15.71727,52.46437],[15.71669,52.46432],[15.71589,52.46396],[15.71449,52.4624],[15.71417,52.46212],[15.71366,52.46186],[15.7129,52.46162],[15.70977,52.46102],[15.70601,52.45895],[15.70539,52.4587],[15.70441,52.45852],[15.70285,52.45866]]}},{"type":"Feature","properties":{"numer":"1332F","klasa":"droga gĹ‚Ăłwna","kat":"powiatowa"},"geometry":{"type":"LineString","coordinates":[[15.77509,52.47697],[15.77422,52.47661]]}},{"type":"Feature","properties":{"numer":"1332F","klasa":"droga gĹ‚Ăłwna","kat":"powiatowa"},"geometry":{"type":"LineString","coordinates":[[15.781,52.47797],[15.77936,52.4777],[15.77675,52.47744],[15.77586,52.47724],[15.77509,52.47697]]}},{"type":"Feature","properties":{"numer":"004410F","klasa":"droga lokalna","kat":"powiatowa"},"geometry":{"type":"LineString","coordinates":[[15.72819,52.44041],[15.72894,52.43935],[15.73,52.4384],[15.73051,52.4376],[15.73114,52.43702]]}},{"type":"Feature","properties":{"numer":"004410F","klasa":"droga lokalna","kat":"powiatowa"},"geometry":{"type":"LineString","coordinates":[[15.69413,52.43899],[15.69501,52.43905]]}},{"type":"Feature","properties":{"numer":"004410F","klasa":"droga lokalna","kat":"powiatowa"},"geometry":{"type":"LineString","coordinates":[[15.69501,52.43905],[15.69605,52.43942]]}},{"type":"Feature","properties":{"numer":"004410F","klasa":"droga lokalna","kat":"powiatowa"},"geometry":{"type":"LineString","coordinates":[[15.69605,52.43942],[15.69659,52.43958],[15.69732,52.43961],[15.69862,52.43941],[15.69951,52.43914],[15.69972,52.43901]]}},{"type":"Feature","properties":{"numer":"004410F","klasa":"droga lokalna","kat":"powiatowa"},"geometry":{"type":"LineString","coordinates":[[15.68769,52.44081],[15.68978,52.43969],[15.6907,52.43936],[15.69161,52.4392],[15.69272,52.43931],[15.69413,52.43899]]}},{"type":"Feature","properties":{"numer":"1357F","klasa":"","kat":"powiatowa"},"geometry":{"type":"LineString","coordinates":[[15.68735,52.44064],[15.68713,52.44018],[15.6872,52.43943]]}},{"type":"Feature","properties":{"numer":"1357F","klasa":"","kat":"powiatowa"},"geometry":{"type":"LineString","coordinates":[[15.68753,52.44088],[15.68735,52.44064]]}},{"type":"Feature","properties":{"numer":"004410F","klasa":"droga lokalna","kat":"powiatowa"},"geometry":{"type":"LineString","coordinates":[[15.68753,52.44088],[15.68769,52.44081]]}},{"type":"Feature","properties":{"numer":"004410F","klasa":"droga lokalna","kat":"powiatowa"},"geometry":{"type":"LineString","coordinates":[[15.68728,52.44101],[15.68753,52.44088]]}},{"type":"Feature","properties":{"numer":"004410F","klasa":"droga lokalna","kat":"powiatowa"},"geometry":{"type":"LineString","coordinates":[[15.72625,52.44221],[15.72797,52.44118],[15.72819,52.44041]]}},{"type":"Feature","properties":{"numer":"1358F","klasa":"droga zbiorcza","kat":"powiatowa"},"geometry":{"type":"LineString","coordinates":[[15.8711,52.36413],[15.873,52.36481]]}},{"type":"Feature","properties":{"numer":"1358F","klasa":"droga zbiorcza","kat":"powiatowa"},"geometry":{"type":"LineString","coordinates":[[15.873,52.36481],[15.87623,52.36588],[15.87683,52.36614],[15.87735,52.36654]]}},{"type":"Feature","properties":{"numer":"103816F,4101F","klasa":"droga zbiorcza","kat":"powiatowa"},"geometry":{"type":"LineString","coordinates":[[15.87425,52.3664],[15.87437,52.36642]]}},{"type":"Feature","properties":{"numer":"103824F,4101F","klasa":"droga zbiorcza","kat":"powiatowa"},"geometry":{"type":"LineString","coordinates":[[15.87437,52.36642],[15.87502,52.36651],[15.87659,52.36641],[15.87735,52.36654]]}},{"type":"Feature","properties":{"numer":"4101F","klasa":"droga zbiorcza","kat":"powiatowa"},"geometry":{"type":"LineString","coordinates":[[15.87425,52.3664],[15.87403,52.36667],[15.87314,52.36707],[15.87173,52.36708]]}},{"type":"Feature","properties":{"numer":"1358F","klasa":"droga zbiorcza","kat":"powiatowa"},"geometry":{"type":"LineString","coordinates":[[15.87735,52.36654],[15.87876,52.36706],[15.87973,52.36761]]}},{"type":"Feature","properties":{"numer":"103823F,4101F","klasa":"droga zbiorcza","kat":"powiatowa"},"geometry":{"type":"LineString","coordinates":[[15.87173,52.36708],[15.8705,52.3673],[15.86563,52.36843]]}},{"type":"Feature","properties":{"numer":"1358F","klasa":"droga zbiorcza","kat":"powiatowa"},"geometry":{"type":"LineString","coordinates":[[15.87973,52.36761],[15.88027,52.36791]]}},{"type":"Feature","properties":{"numer":"103813F","klasa":"droga lokalna","kat":"powiatowa"},"geometry":{"type":"LineString","coordinates":[[15.890309724041812,52.36698834285714],[15.8883,52.36862]]}},{"type":"Feature","properties":{"numer":"1358F","klasa":"droga zbiorcza","kat":"powiatowa"},"geometry":{"type":"LineString","coordinates":[[15.88027,52.36791],[15.8818,52.3692]]}},{"type":"Feature","properties":{"numer":"92","klasa":"droga gĹ‚Ăłwna ruchu przyĹ›pieszonego","kat":"krajowa"},"geometry":{"type":"LineString","coordinates":[[15.86563,52.36843],[15.86649,52.36873]]}},{"type":"Feature","properties":{"numer":"103813F","klasa":"droga lokalna","kat":"powiatowa"},"geometry":{"type":"LineString","coordinates":[[15.8883,52.36862],[15.88769,52.36912]]}},{"type":"Feature","properties":{"numer":"103823F,137","klasa":"droga zbiorcza","kat":"powiatowa"},"geometry":{"type":"LineString","coordinates":[[15.86563,52.36843],[15.86136,52.36945]]}},{"type":"Feature","properties":{"numer":"1331F","klasa":"droga zbiorcza","kat":"powiatowa"},"geometry":{"type":"LineString","coordinates":[[15.86516,52.36998],[15.86649,52.36873]]}},{"type":"Feature","properties":{"numer":"103815F,1358F","klasa":"droga zbiorcza","kat":"powiatowa"},"geometry":{"type":"LineString","coordinates":[[15.8818,52.3692],[15.88158,52.36965],[15.8816,52.36982]]}},{"type":"Feature","properties":{"numer":"103813F","klasa":"droga lokalna","kat":"powiatowa"},"geometry":{"type":"LineString","coordinates":[[15.88769,52.36912],[15.88751,52.37005]]}},{"type":"Feature","properties":{"numer":"92","klasa":"droga gĹ‚Ăłwna ruchu przyĹ›pieszonego","kat":"krajowa"},"geometry":{"type":"LineString","coordinates":[[15.86649,52.36873],[15.86844,52.36927],[15.87273,52.37028],[15.87411,52.37077]]}},{"type":"Feature","properties":{"numer":"1340F","klasa":"droga zbiorcza","kat":"powiatowa"},"geometry":{"type":"LineString","coordinates":[[15.88506,52.36995],[15.88602,52.3699],[15.88751,52.37005]]}},{"type":"Feature","properties":{"numer":"1358F","klasa":"droga zbiorcza","kat":"powiatowa"},"geometry":{"type":"LineString","coordinates":[[15.8816,52.36982],[15.88177,52.36991],[15.88344,52.37022],[15.88397,52.37016]]}},{"type":"Feature","properties":{"numer":"1358F","klasa":"droga zbiorcza","kat":"powiatowa"},"geometry":{"type":"LineString","coordinates":[[15.88418,52.37011],[15.88506,52.36995]]}},{"type":"Feature","properties":{"numer":"1358F","klasa":"droga zbiorcza","kat":"powiatowa"},"geometry":{"type":"LineString","coordinates":[[15.88397,52.37016],[15.88418,52.37011]]}},{"type":"Feature","properties":{"numer":"1340F","klasa":"droga zbiorcza","kat":"powiatowa"},"geometry":{"type":"LineString","coordinates":[[15.88751,52.37005],[15.89044,52.37036]]}},{"type":"Feature","properties":{"numer":"92","klasa":"droga gĹ‚Ăłwna ruchu przyĹ›pieszonego","kat":"krajowa"},"geometry":{"type":"LineString","coordinates":[[15.87411,52.37077],[15.87462,52.37098]]}},{"type":"Feature","properties":{"numer":"1338F","klasa":"droga zbiorcza","kat":"powiatowa"},"geometry":{"type":"LineString","coordinates":[[15.88506,52.36995],[15.88591,52.37036],[15.88601,52.37092],[15.88691,52.37206],[15.88683,52.37236]]}},{"type":"Feature","properties":{"numer":"92","klasa":"droga gĹ‚Ăłwna ruchu przyĹ›pieszonego","kat":"krajowa"},"geometry":{"type":"LineString","coordinates":[[15.87462,52.37098],[15.87759,52.37216],[15.8794,52.3726],[15.88061,52.37277],[15.88211,52.37285],[15.8833,52.37282],[15.88666,52.37238]]}},{"type":"Feature","properties":{"numer":"92","klasa":"droga gĹ‚Ăłwna ruchu przyĹ›pieszonego","kat":"krajowa"},"geometry":{"type":"LineString","coordinates":[[15.8883,52.37216],[15.888334062499998,52.3721531875]]}},{"type":"Feature","properties":{"numer":"92","klasa":"droga gĹ‚Ăłwna ruchu przyĹ›pieszonego","kat":"krajowa"},"geometry":{"type":"LineString","coordinates":[[15.88787,52.37222],[15.8883,52.37216]]}},{"type":"Feature","properties":{"numer":"92","klasa":"droga gĹ‚Ăłwna ruchu przyĹ›pieszonego","kat":"krajowa"},"geometry":{"type":"LineString","coordinates":[[15.88696,52.37234],[15.88787,52.37222]]}},{"type":"Feature","properties":{"numer":"92","klasa":"droga gĹ‚Ăłwna ruchu przyĹ›pieszonego","kat":"krajowa"},"geometry":{"type":"LineString","coordinates":[[15.88683,52.37236],[15.88696,52.37234]]}},{"type":"Feature","properties":{"numer":"92","klasa":"droga gĹ‚Ăłwna ruchu przyĹ›pieszonego","kat":"krajowa"},"geometry":{"type":"LineString","coordinates":[[15.88666,52.37238],[15.88683,52.37236]]}},{"type":"Feature","properties":{"numer":"1338F","klasa":"droga zbiorcza","kat":"powiatowa"},"geometry":{"type":"LineString","coordinates":[[15.88683,52.37236],[15.88676,52.37244]]}},{"type":"Feature","properties":{"numer":"137","klasa":"droga zbiorcza","kat":"wojewodzka"},"geometry":{"type":"LineString","coordinates":[[15.86136,52.36945],[15.8581,52.37015],[15.84142,52.37248],[15.83371,52.37379],[15.81715,52.38023],[15.81289,52.3818],[15.81208,52.382],[15.81128,52.38201],[15.80961,52.38182],[15.80333,52.38097],[15.79073,52.37679],[15.79034,52.37673],[15.78999,52.37677],[15.78831,52.37797],[15.78803,52.37832],[15.78667,52.38263],[15.78615,52.38339],[15.77682,52.39256],[15.77039,52.39663]]}},{"type":"Feature","properties":{"numer":"006308F","klasa":"droga lokalna","kat":"powiatowa"},"geometry":{"type":"LineString","coordinates":[[15.74885,52.38103],[15.7526,52.38578]]}},{"type":"Feature","properties":{"numer":"006308F","klasa":"droga lokalna","kat":"powiatowa"},"geometry":{"type":"LineString","coordinates":[[15.7526,52.38578],[15.7537,52.38713]]}},{"type":"Feature","properties":{"numer":"006308F","klasa":"droga lokalna","kat":"powiatowa"},"geometry":{"type":"LineString","coordinates":[[15.7537,52.38713],[15.75426,52.38764],[15.756,52.38811],[15.75665,52.3884],[15.7573,52.38873],[15.75842,52.38952],[15.76006,52.39025]]}},{"type":"Feature","properties":{"numer":"006308F","klasa":"droga lokalna","kat":"powiatowa"},"geometry":{"type":"LineString","coordinates":[[15.76006,52.39025],[15.76316,52.39111],[15.76399,52.39152]]}},{"type":"Feature","properties":{"numer":"006308F","klasa":"droga lokalna","kat":"powiatowa"},"geometry":{"type":"LineString","coordinates":[[15.76399,52.39152],[15.76348,52.39239]]}},{"type":"Feature","properties":{"numer":"006308F","klasa":"droga lokalna","kat":"powiatowa"},"geometry":{"type":"LineString","coordinates":[[15.76348,52.39239],[15.76379,52.39257]]}},{"type":"Feature","properties":{"numer":"006308F","klasa":"droga lokalna","kat":"powiatowa"},"geometry":{"type":"LineString","coordinates":[[15.76379,52.39257],[15.76595,52.39376],[15.77039,52.39663]]}},{"type":"Feature","properties":{"numer":"006306F,1353F","klasa":"droga zbiorcza","kat":"powiatowa"},"geometry":{"type":"LineString","coordinates":[[15.74544,52.39662],[15.74629,52.39696],[15.74919,52.39888],[15.75208,52.401],[15.75668,52.40404],[15.76015,52.40563]]}},{"type":"Feature","properties":{"numer":"137","klasa":"droga zbiorcza","kat":"wojewodzka"},"geometry":{"type":"LineString","coordinates":[[15.77039,52.39663],[15.76515,52.40004],[15.76015,52.40563]]}},{"type":"Feature","properties":{"numer":"1331F","klasa":"droga zbiorcza","kat":"powiatowa"},"geometry":{"type":"LineString","coordinates":[[15.84209,52.39706],[15.84503,52.39523],[15.84608,52.39448],[15.84823,52.39093],[15.84905,52.38993],[15.85672,52.38551],[15.85674,52.38515],[15.85497,52.38294],[15.85469,52.38243],[15.85466,52.38172],[15.85494,52.38066],[15.85832,52.37639],[15.86516,52.36998]]}},{"type":"Feature","properties":{"numer":"1338F","klasa":"droga zbiorcza","kat":"powiatowa"},"geometry":{"type":"LineString","coordinates":[[15.88676,52.37244],[15.88661,52.37283],[15.88671,52.37324],[15.88701,52.37377],[15.88889,52.3752],[15.88873,52.37566],[15.88824,52.37617],[15.88809,52.37666],[15.88861,52.37915],[15.88857,52.37951],[15.88842,52.37982],[15.88787,52.38023],[15.88761,52.38055],[15.88717,52.3819],[15.88696,52.38224],[15.88577,52.3832],[15.88301,52.38489],[15.88217,52.38575],[15.88034,52.38864],[15.87925,52.3913],[15.87903,52.39215],[15.87828,52.39381],[15.87658,52.39539],[15.87564,52.39585]]}},{"type":"Feature","properties":{"numer":"1338F","klasa":"droga zbiorcza","kat":"powiatowa"},"geometry":{"type":"LineString","coordinates":[[15.87564,52.39585],[15.87518,52.39607]]}},{"type":"Feature","properties":{"numer":"1268F","klasa":"droga zbiorcza","kat":"powiatowa"},"geometry":{"type":"LineString","coordinates":[[15.45989,52.37582],[15.45839,52.37505],[15.45825,52.37489],[15.4583,52.37473],[15.45857,52.37455],[15.45994,52.3741],[15.46179,52.37425],[15.4638,52.37345],[15.46411,52.37324],[15.4643,52.37294],[15.46414,52.37209],[15.46185,52.36254],[15.46152,52.36228],[15.46104,52.36212],[15.45777,52.36171],[15.45734,52.36158],[15.4569,52.36124],[15.456597578285649,52.36064955760531]]}},{"type":"Feature","properties":{"numer":"E65,S3","klasa":"droga ekspresowa","kat":"krajowa"},"geometry":{"type":"LineString","coordinates":[[15.5547457917954,52.35396820113338],[15.5541,52.35525],[15.54775,52.36682]]}},{"type":"Feature","properties":{"numer":"","klasa":"droga gĹ‚Ăłwna ruchu przyĹ›pieszonego","kat":"gminna"},"geometry":{"type":"LineString","coordinates":[[15.53344,52.3675],[15.53399,52.36673]]}},{"type":"Feature","properties":{"numer":"1268F","klasa":"droga zbiorcza","kat":"powiatowa"},"geometry":{"type":"LineString","coordinates":[[15.54775,52.36682],[15.54232,52.36845],[15.54167,52.36884],[15.53608,52.36908],[15.53337,52.36909]]}},{"type":"Feature","properties":{"numer":"","klasa":"droga gĹ‚Ăłwna ruchu przyĹ›pieszonego","kat":"gminna"},"geometry":{"type":"LineString","coordinates":[[15.53334,52.36865],[15.53331,52.36783],[15.53344,52.3675]]}},{"type":"Feature","properties":{"numer":"","klasa":"droga gĹ‚Ăłwna ruchu przyĹ›pieszonego","kat":"gminna"},"geometry":{"type":"LineString","coordinates":[[15.53337,52.36909],[15.53334,52.36865]]}},{"type":"Feature","properties":{"numer":"","klasa":"droga gĹ‚Ăłwna ruchu przyĹ›pieszonego","kat":"gminna"},"geometry":{"type":"LineString","coordinates":[[15.53348,52.37098],[15.53337,52.36909]]}},{"type":"Feature","properties":{"numer":"1268F","klasa":"droga zbiorcza","kat":"powiatowa"},"geometry":{"type":"LineString","coordinates":[[15.53337,52.36909],[15.53161,52.36911],[15.52875,52.369],[15.52113,52.36966],[15.50345,52.3728],[15.48381,52.37577],[15.46588,52.37781],[15.46504,52.37779],[15.45989,52.37582]]}},{"type":"Feature","properties":{"numer":"E65,S3","klasa":"droga ekspresowa","kat":"krajowa"},"geometry":{"type":"LineString","coordinates":[[15.54775,52.36682],[15.54711,52.36832],[15.5465,52.37031],[15.54609,52.37258],[15.54601,52.37379],[15.54658,52.39424],[15.54649,52.39661],[15.54607,52.39881],[15.5456,52.40041],[15.54316,52.40572],[15.54281,52.40669],[15.54255,52.40805],[15.54255,52.40931],[15.54278,52.41041],[15.54318,52.41154],[15.54381,52.41265],[15.54442,52.41348],[15.54578,52.41482],[15.55056,52.41871],[15.55151,52.41967],[15.55238,52.42094]]}},{"type":"Feature","properties":{"numer":"1246F","klasa":"droga zbiorcza","kat":"powiatowa"},"geometry":{"type":"LineString","coordinates":[[15.45989,52.37582],[15.45986,52.37599]]}},{"type":"Feature","properties":{"numer":"1246F","klasa":"droga zbiorcza","kat":"powiatowa"},"geometry":{"type":"LineString","coordinates":[[15.45986,52.37599],[15.45964,52.37704],[15.45946,52.37734],[15.45895,52.37777],[15.4588,52.37825]]}},{"type":"Feature","properties":{"numer":"1246F","klasa":"","kat":"powiatowa"},"geometry":{"type":"LineString","coordinates":[[15.446443759535077,52.38617553795859],[15.44991,52.38628]]}},{"type":"Feature","properties":{"numer":"1242F","klasa":"droga zbiorcza","kat":"powiatowa"},"geometry":{"type":"LineString","coordinates":[[15.43322,52.41649],[15.4331,52.41579],[15.43231,52.41378],[15.43181,52.41352],[15.427,52.4116],[15.42577,52.41062],[15.42348,52.40856],[15.42308,52.40809],[15.4219,52.40619],[15.421897863105174,52.40618509485506]]}},{"type":"Feature","properties":{"numer":"1242F","klasa":"droga zbiorcza","kat":"powiatowa"},"geometry":{"type":"LineString","coordinates":[[15.43324,52.41653],[15.43322,52.41649]]}},{"type":"Feature","properties":{"numer":"1242F","klasa":"droga zbiorcza","kat":"powiatowa"},"geometry":{"type":"LineString","coordinates":[[15.43419,52.41884],[15.43431,52.41834],[15.43324,52.41653]]}},{"type":"Feature","properties":{"numer":"137","klasa":"droga zbiorcza","kat":"wojewodzka"},"geometry":{"type":"LineString","coordinates":[[15.43563,52.41941],[15.43512,52.41927],[15.43419,52.41884]]}},{"type":"Feature","properties":{"numer":"1269F","klasa":"droga zbiorcza","kat":"powiatowa"},"geometry":{"type":"LineString","coordinates":[[15.3856,52.42392],[15.38392,52.4196],[15.383740401022324,52.41931088945057]]}},{"type":"Feature","properties":{"numer":"137","klasa":"droga zbiorcza","kat":"wojewodzka"},"geometry":{"type":"LineString","coordinates":[[15.49185,52.42919],[15.48542,52.42726],[15.47612,52.42459],[15.45696,52.42177],[15.43563,52.41941]]}},{"type":"Feature","properties":{"numer":"137","klasa":"droga zbiorcza","kat":"wojewodzka"},"geometry":{"type":"LineString","coordinates":[[15.43419,52.41884],[15.43377,52.41876],[15.43338,52.41882],[15.42933,52.4198],[15.42826,52.42027],[15.42701,52.42107],[15.4178,52.4277],[15.41703,52.42812],[15.41588,52.42844],[15.41183,52.42902],[15.41066,52.42932],[15.40931,52.42977],[15.39091,52.43705]]}},{"type":"Feature","properties":{"numer":"1269F","klasa":"droga zbiorcza","kat":"powiatowa"},"geometry":{"type":"LineString","coordinates":[[15.39091,52.43705],[15.39114,52.43449],[15.39061,52.43271],[15.38753,52.42976],[15.38742,52.42906],[15.38694,52.42749],[15.3856,52.42392]]}},{"type":"Feature","properties":{"numer":"","klasa":"droga gĹ‚Ăłwna ruchu przyĹ›pieszonego","kat":"gminna"},"geometry":{"type":"LineString","coordinates":[[15.54088,52.40141],[15.54053,52.40024]]}},{"type":"Feature","properties":{"numer":"","klasa":"droga gĹ‚Ăłwna ruchu przyĹ›pieszonego","kat":"gminna"},"geometry":{"type":"LineString","coordinates":[[15.54092,52.40154],[15.54088,52.40141]]}},{"type":"Feature","properties":{"numer":"","klasa":"droga gĹ‚Ăłwna ruchu przyĹ›pieszonego","kat":"gminna"},"geometry":{"type":"LineString","coordinates":[[15.54154,52.40367],[15.54092,52.40154]]}},{"type":"Feature","properties":{"numer":"1342F","klasa":"droga zbiorcza","kat":"powiatowa"},"geometry":{"type":"LineString","coordinates":[[15.54154,52.40367],[15.53908,52.40401],[15.53886,52.40421]]}},{"type":"Feature","properties":{"numer":"1342F","klasa":"droga zbiorcza","kat":"powiatowa"},"geometry":{"type":"LineString","coordinates":[[15.53886,52.40421],[15.5388,52.40389]]}},{"type":"Feature","properties":{"numer":"1342F","klasa":"droga zbiorcza","kat":"powiatowa"},"geometry":{"type":"LineString","coordinates":[[15.5047,52.41054],[15.50562,52.41055],[15.50864,52.41008],[15.51427,52.4099],[15.51757,52.40943],[15.51879,52.40946],[15.52142,52.40986],[15.52598,52.40964],[15.52699,52.40953],[15.52895,52.40906],[15.5321,52.40811],[15.5347,52.40708],[15.5388,52.40507],[15.53898,52.40482],[15.53886,52.40421]]}},{"type":"Feature","properties":{"numer":"1428F","klasa":"","kat":"powiatowa"},"geometry":{"type":"LineString","coordinates":[[15.5047,52.41054],[15.50323,52.40983],[15.50161,52.40879],[15.50121,52.40862],[15.49787,52.40793],[15.49238,52.40634],[15.49184,52.40625],[15.49125,52.40633],[15.49087,52.40651],[15.48842,52.4083],[15.48747,52.40919],[15.48716,52.40927],[15.48657,52.40927],[15.48556,52.40978],[15.48255,52.40968],[15.4794,52.40904],[15.4707,52.4086],[15.46739,52.40901],[15.46556,52.40911],[15.46117,52.40964]]}},{"type":"Feature","properties":{"numer":"","klasa":"droga gĹ‚Ăłwna ruchu przyĹ›pieszonego","kat":"gminna"},"geometry":{"type":"LineString","coordinates":[[15.55617,52.42032],[15.55578,52.41996]]}},{"type":"Feature","properties":{"numer":"1342F","klasa":"droga zbiorcza","kat":"powiatowa"},"geometry":{"type":"LineString","coordinates":[[15.49509,52.4305],[15.49587,52.42965],[15.49646,52.42801],[15.49736,52.42317],[15.49883,52.42095],[15.50114,52.41672],[15.50454,52.41164],[15.50465,52.4112],[15.50453,52.41082],[15.5047,52.41054]]}},{"type":"Feature","properties":{"numer":"E65,S3","klasa":"droga gĹ‚Ăłwna ruchu przyĹ›pieszonego","kat":"gminna"},"geometry":{"type":"LineString","coordinates":[[15.55238,52.42094],[15.55514,52.4204],[15.55617,52.42032]]}},{"type":"Feature","properties":{"numer":"","klasa":"droga gĹ‚Ăłwna ruchu przyĹ›pieszonego","kat":"gminna"},"geometry":{"type":"LineString","coordinates":[[15.56039,52.42264],[15.55939,52.4215],[15.55864,52.42091],[15.5581,52.42066],[15.5574,52.42045],[15.55617,52.42032]]}},{"type":"Feature","properties":{"numer":"137","klasa":"droga zbiorcza","kat":"wojewodzka"},"geometry":{"type":"LineString","coordinates":[[15.49197,52.42924],[15.49185,52.42919]]}},{"type":"Feature","properties":{"numer":"137","klasa":"droga zbiorcza","kat":"wojewodzka"},"geometry":{"type":"LineString","coordinates":[[15.49509,52.4305],[15.49197,52.42924]]}},{"type":"Feature","properties":{"numer":"E65,S3","klasa":"droga ekspresowa","kat":"krajowa"},"geometry":{"type":"LineString","coordinates":[[15.55238,52.42094],[15.55316,52.42288],[15.55682,52.43773],[15.55738,52.43945],[15.55824,52.4415]]}},{"type":"Feature","properties":{"numer":"1342F","klasa":"droga zbiorcza","kat":"powiatowa"},"geometry":{"type":"LineString","coordinates":[[15.47526,52.43706],[15.47669,52.43688],[15.47852,52.43625],[15.48408,52.43569],[15.48563,52.43529],[15.48654,52.43499],[15.48733,52.4346],[15.48919,52.43403],[15.49177,52.43333],[15.49215,52.43314],[15.49308,52.43242],[15.4943,52.431],[15.49509,52.4305]]}},{"type":"Feature","properties":{"numer":"137","klasa":"droga zbiorcza","kat":"wojewodzka"},"geometry":{"type":"LineString","coordinates":[[15.52994,52.43977],[15.52644,52.43948],[15.52322,52.43943],[15.52221,52.43928],[15.52086,52.43878],[15.51721,52.43657],[15.51629,52.43613],[15.51535,52.43579],[15.51175,52.43483],[15.50681,52.43397],[15.50105,52.43285],[15.50053,52.4327],[15.49509,52.4305]]}},{"type":"Feature","properties":{"numer":"137","klasa":"droga zbiorcza","kat":"wojewodzka"},"geometry":{"type":"LineString","coordinates":[[15.55586,52.44111],[15.55446,52.44103],[15.54943,52.44134],[15.53693,52.4404],[15.52994,52.43977]]}},{"type":"Feature","properties":{"numer":"137","klasa":"droga zbiorcza","kat":"wojewodzka"},"geometry":{"type":"LineString","coordinates":[[15.55725,52.44138],[15.55586,52.44111]]}},{"type":"Feature","properties":{"numer":"1345F","klasa":"droga zbiorcza","kat":"powiatowa"},"geometry":{"type":"LineString","coordinates":[[15.52651,52.44281],[15.52725,52.44163],[15.52762,52.44128],[15.52994,52.43977]]}},{"type":"Feature","properties":{"numer":"137","klasa":"droga zbiorcza","kat":"wojewodzka"},"geometry":{"type":"LineString","coordinates":[[15.55824,52.4415],[15.55725,52.44138]]}},{"type":"Feature","properties":{"numer":"137","klasa":"droga zbiorcza","kat":"wojewodzka"},"geometry":{"type":"LineString","coordinates":[[15.39091,52.43705],[15.38419,52.43971],[15.38336,52.43996],[15.38253,52.4401],[15.38146,52.44014],[15.36534,52.43966],[15.34901,52.43982],[15.33895,52.4406],[15.32736,52.44227],[15.32592,52.44264],[15.32233,52.444],[15.322112404692081,52.444052844574784]]}},{"type":"Feature","properties":{"numer":"1341F","klasa":"droga zbiorcza","kat":"powiatowa"},"geometry":{"type":"LineString","coordinates":[[15.43563,52.41941],[15.4352,52.41995],[15.43447,52.42024],[15.4345,52.4205],[15.44286,52.4398],[15.44399,52.44054],[15.44395,52.44071],[15.44259,52.44197],[15.44238,52.44227],[15.44248,52.44353],[15.44343,52.44434]]}},{"type":"Feature","properties":{"numer":"1342F","klasa":"droga zbiorcza","kat":"powiatowa"},"geometry":{"type":"LineString","coordinates":[[15.4752,52.43707],[15.47526,52.43706]]}},{"type":"Feature","properties":{"numer":"1342F","klasa":"droga zbiorcza","kat":"powiatowa"},"geometry":{"type":"LineString","coordinates":[[15.47367,52.43722],[15.47434,52.43722],[15.4752,52.43707]]}},{"type":"Feature","properties":{"numer":"1342F","klasa":"droga zbiorcza","kat":"powiatowa"},"geometry":{"type":"LineString","coordinates":[[15.47332,52.43719],[15.47367,52.43722]]}},{"type":"Feature","properties":{"numer":"1342F","klasa":"droga zbiorcza","kat":"powiatowa"},"geometry":{"type":"LineString","coordinates":[[15.44674,52.44732],[15.44802,52.44677],[15.44927,52.44598],[15.45084,52.44471],[15.4532,52.44255],[15.45597,52.44175],[15.45756,52.44094],[15.45844,52.44083],[15.46289,52.43886],[15.46305,52.43875],[15.46314,52.43833],[15.4636,52.43823],[15.46442,52.43821],[15.46662,52.43729],[15.46769,52.43703],[15.47046,52.4369],[15.47332,52.43719]]}},{"type":"Feature","properties":{"numer":"1344F","klasa":"droga zbiorcza","kat":"powiatowa"},"geometry":{"type":"LineString","coordinates":[[15.38515,52.44873],[15.38682,52.44657],[15.38788,52.44452],[15.38943,52.44279],[15.39044,52.44134],[15.39067,52.44067],[15.39094,52.43883],[15.39091,52.43705]]}},{"type":"Feature","properties":{"numer":"1341F","klasa":"droga zbiorcza","kat":"powiatowa"},"geometry":{"type":"LineString","coordinates":[[15.44343,52.44434],[15.44339,52.44454]]}},{"type":"Feature","properties":{"numer":"1341F","klasa":"droga zbiorcza","kat":"powiatowa"},"geometry":{"type":"LineString","coordinates":[[15.44339,52.44454],[15.44337,52.44466],[15.44351,52.44472],[15.44453,52.4449],[15.44511,52.44531],[15.44637,52.44668],[15.44674,52.44732]]}},{"type":"Feature","properties":{"numer":"1341F","klasa":"droga zbiorcza","kat":"powiatowa"},"geometry":{"type":"LineString","coordinates":[[15.44674,52.44732],[15.44676,52.44789],[15.44657,52.44843],[15.44606,52.44905],[15.44534,52.45022],[15.4428,52.45289],[15.4421,52.45509],[15.44234,52.45694],[15.44265,52.45743],[15.44405,52.4585],[15.44707,52.4603],[15.44701,52.46124],[15.44789,52.46264],[15.44828,52.46373],[15.44827,52.46415],[15.44767,52.46507],[15.44741,52.46529],[15.44261,52.46788],[15.43975,52.47059],[15.43891,52.47126],[15.43736,52.47193],[15.43437,52.4729],[15.43422,52.47319],[15.43438,52.4743],[15.43428,52.47471],[15.43389,52.47547],[15.43371,52.47621],[15.43291,52.47728],[15.43169,52.47788],[15.43127,52.47825],[15.43111,52.47912],[15.4303,52.48031],[15.43027,52.48149],[15.43008,52.48184]]}},{"type":"Feature","properties":{"numer":"1344F","klasa":"droga zbiorcza","kat":"powiatowa"},"geometry":{"type":"LineString","coordinates":[[15.4011,52.48457],[15.40095,52.48379],[15.40106,52.48215],[15.40093,52.48126],[15.40161,52.47988],[15.40195,52.47853],[15.40165,52.47539],[15.40135,52.47456],[15.40104,52.47395],[15.40027,52.47298],[15.40002,52.4728],[15.39897,52.47238],[15.39851,52.47197],[15.39099,52.46261],[15.38989,52.4611],[15.38933,52.45982],[15.3892,52.45862],[15.38877,52.45761],[15.38782,52.45597],[15.38592,52.44906],[15.38515,52.44873]]}},{"type":"Feature","properties":{"numer":"1343F","klasa":"droga zbiorcza","kat":"powiatowa"},"geometry":{"type":"LineString","coordinates":[[15.3587,52.47264],[15.35901,52.4724],[15.359,52.47226],[15.35823,52.47112],[15.35768,52.47005],[15.355,52.467],[15.35507,52.46646],[15.35535,52.46608],[15.35565,52.46586],[15.35637,52.46556],[15.3589,52.46512],[15.36396,52.46349],[15.36447,52.46337],[15.36628,52.46316],[15.36801,52.46256],[15.37843,52.45105],[15.37939,52.45059],[15.38419,52.44868],[15.3845,52.44861],[15.38515,52.44873]]}},{"type":"Feature","properties":{"numer":"1277F","klasa":"","kat":"powiatowa"},"geometry":{"type":"LineString","coordinates":[[15.299876845222924,52.46433804379964],[15.30221,52.46405],[15.30919,52.46351]]}},{"type":"Feature","properties":{"numer":"1277F","klasa":"","kat":"powiatowa"},"geometry":{"type":"LineString","coordinates":[[15.3587,52.47264],[15.35742,52.47279],[15.3559,52.47259],[15.35455,52.47218],[15.3485,52.47024],[15.34385,52.46859],[15.34299,52.46816],[15.34192,52.46743],[15.34124,52.46717],[15.32251,52.46352],[15.32216,52.46347],[15.32051,52.46346],[15.30919,52.46351]]}},{"type":"Feature","properties":{"numer":"1343F","klasa":"droga zbiorcza","kat":"powiatowa"},"geometry":{"type":"LineString","coordinates":[[15.35033,52.50154],[15.35795,52.48137],[15.36005,52.47543],[15.35999,52.47498],[15.35872,52.47285],[15.3587,52.47264]]}},{"type":"Feature","properties":{"numer":"1295F","klasa":"droga zbiorcza","kat":"powiatowa"},"geometry":{"type":"LineString","coordinates":[[15.35033,52.50154],[15.3507,52.50146]]}},{"type":"Feature","properties":{"numer":"1295F","klasa":"droga zbiorcza","kat":"powiatowa"},"geometry":{"type":"LineString","coordinates":[[15.3507,52.50146],[15.35655,52.5055],[15.36391,52.51036],[15.36499,52.51076],[15.36842,52.5123],[15.37687,52.51586],[15.37733,52.51601],[15.37949,52.51641]]}},{"type":"Feature","properties":{"numer":"1295F","klasa":"droga zbiorcza","kat":"powiatowa"},"geometry":{"type":"LineString","coordinates":[[15.275158803132568,52.515667117797584],[15.28399,52.51447],[15.28627,52.51432],[15.29271,52.51547],[15.29532,52.51603],[15.29713,52.51685],[15.29733,52.51721],[15.29753,52.51734],[15.29932,52.5179],[15.29992,52.51791],[15.30354,52.51672],[15.32194,52.51238],[15.33048,52.50954],[15.33453,52.5075],[15.34038,52.50616],[15.34191,52.50598],[15.34263,52.50578],[15.34297,52.50559],[15.34367,52.50473],[15.34427,52.50428],[15.3486,52.50249],[15.35033,52.50154]]}},{"type":"Feature","properties":{"numer":"3305F","klasa":"droga zbiorcza","kat":"powiatowa"},"geometry":{"type":"LineString","coordinates":[[15.58366,52.43914],[15.59169,52.44302],[15.59205,52.44345],[15.59206,52.44442]]}},{"type":"Feature","properties":{"numer":"137","klasa":"droga zbiorcza","kat":"wojewodzka"},"geometry":{"type":"LineString","coordinates":[[15.56145,52.44198],[15.56017,52.4419]]}},{"type":"Feature","properties":{"numer":"102151F","klasa":"droga zbiorcza","kat":"powiatowa"},"geometry":{"type":"LineString","coordinates":[[15.57716,52.44296],[15.57615,52.44132]]}},{"type":"Feature","properties":{"numer":"1213F","klasa":"droga zbiorcza","kat":"powiatowa"},"geometry":{"type":"LineString","coordinates":[[15.57716,52.44296],[15.58154,52.44203],[15.58214,52.44184],[15.58305,52.44135]]}},{"type":"Feature","properties":{"numer":"3310F","klasa":"droga zbiorcza","kat":"powiatowa"},"geometry":{"type":"LineString","coordinates":[[15.58305,52.44135],[15.58422,52.4429],[15.58419,52.44387]]}},{"type":"Feature","properties":{"numer":"137","klasa":"droga zbiorcza","kat":"wojewodzka"},"geometry":{"type":"LineString","coordinates":[[15.57426,52.44412],[15.57395,52.44382],[15.57335,52.44356],[15.57138,52.44311],[15.56548,52.44235],[15.56145,52.44198]]}},{"type":"Feature","properties":{"numer":"102151F","klasa":"droga zbiorcza","kat":"powiatowa"},"geometry":{"type":"LineString","coordinates":[[15.57742,52.44342],[15.57716,52.44296]]}},{"type":"Feature","properties":{"numer":"102151F","klasa":"droga zbiorcza","kat":"powiatowa"},"geometry":{"type":"LineString","coordinates":[[15.5777,52.44393],[15.57742,52.44342]]}},{"type":"Feature","properties":{"numer":"137","klasa":"droga zbiorcza","kat":"wojewodzka"},"geometry":{"type":"LineString","coordinates":[[15.58802,52.44398],[15.58657,52.44365],[15.58512,52.44386],[15.58419,52.44387]]}},{"type":"Feature","properties":{"numer":"137","klasa":"droga zbiorcza","kat":"wojewodzka"},"geometry":{"type":"LineString","coordinates":[[15.58419,52.44387],[15.58206,52.44382],[15.58065,52.44396],[15.57896,52.44426]]}},{"type":"Feature","properties":{"numer":"137","klasa":"droga zbiorcza","kat":"wojewodzka"},"geometry":{"type":"LineString","coordinates":[[15.5743,52.44422],[15.57426,52.44412]]}},{"type":"Feature","properties":{"numer":"137","klasa":"droga zbiorcza","kat":"wojewodzka"},"geometry":{"type":"LineString","coordinates":[[15.59206,52.44442],[15.58955,52.44427],[15.58802,52.44398]]}},{"type":"Feature","properties":{"numer":"102151F","klasa":"droga zbiorcza","kat":"powiatowa"},"geometry":{"type":"LineString","coordinates":[[15.57793,52.44447],[15.5777,52.44393]]}},{"type":"Feature","properties":{"numer":"137","klasa":"droga zbiorcza","kat":"wojewodzka"},"geometry":{"type":"LineString","coordinates":[[15.60876,52.44503],[15.59776,52.44462],[15.59742,52.44448],[15.59657,52.44377],[15.59602,52.44362],[15.59396,52.44381],[15.59206,52.44442]]}},{"type":"Feature","properties":{"numer":"137","klasa":"droga zbiorcza","kat":"wojewodzka"},"geometry":{"type":"LineString","coordinates":[[15.57896,52.44426],[15.57793,52.44447]]}},{"type":"Feature","properties":{"numer":"102151F","klasa":"droga zbiorcza","kat":"powiatowa"},"geometry":{"type":"LineString","coordinates":[[15.57796,52.44453],[15.57793,52.44447]]}},{"type":"Feature","properties":{"numer":"137","klasa":"droga zbiorcza","kat":"wojewodzka"},"geometry":{"type":"LineString","coordinates":[[15.57452,52.44485],[15.5743,52.44422]]}},{"type":"Feature","properties":{"numer":"137","klasa":"droga zbiorcza","kat":"wojewodzka"},"geometry":{"type":"LineString","coordinates":[[15.57796,52.44453],[15.57763,52.44457]]}},{"type":"Feature","properties":{"numer":"102151F","klasa":"droga zbiorcza","kat":"powiatowa"},"geometry":{"type":"LineString","coordinates":[[15.57813,52.44493],[15.57796,52.44453]]}},{"type":"Feature","properties":{"numer":"3303F","klasa":"droga zbiorcza","kat":"powiatowa"},"geometry":{"type":"LineString","coordinates":[[15.57896,52.44426],[15.57938,52.44533]]}},{"type":"Feature","properties":{"numer":"137","klasa":"droga zbiorcza","kat":"wojewodzka"},"geometry":{"type":"LineString","coordinates":[[15.57763,52.44457],[15.57594,52.445],[15.57508,52.44507],[15.57471,52.44499]]}},{"type":"Feature","properties":{"numer":"137","klasa":"droga zbiorcza","kat":"wojewodzka"},"geometry":{"type":"LineString","coordinates":[[15.57471,52.44499],[15.57452,52.44485]]}},{"type":"Feature","properties":{"numer":"137","klasa":"droga zbiorcza","kat":"wojewodzka"},"geometry":{"type":"LineString","coordinates":[[15.62828,52.44575],[15.63146,52.44585],[15.63305,52.44583],[15.63954,52.44487],[15.64339,52.44413]]}},{"type":"Feature","properties":{"numer":"3309F","klasa":"droga zbiorcza","kat":"powiatowa"},"geometry":{"type":"LineString","coordinates":[[15.58802,52.44398],[15.58755,52.44421],[15.58105,52.44624],[15.57989,52.44619],[15.57969,52.44608],[15.57937,52.44567]]}},{"type":"Feature","properties":{"numer":"102151F","klasa":"droga zbiorcza","kat":"powiatowa"},"geometry":{"type":"LineString","coordinates":[[15.57827,52.44532],[15.57813,52.44493]]}},{"type":"Feature","properties":{"numer":"137","klasa":"droga zbiorcza","kat":"wojewodzka"},"geometry":{"type":"LineString","coordinates":[[15.62828,52.44575],[15.60876,52.44503]]}},{"type":"Feature","properties":{"numer":"3303F","klasa":"droga zbiorcza","kat":"powiatowa"},"geometry":{"type":"LineString","coordinates":[[15.57938,52.44533],[15.57937,52.44567]]}},{"type":"Feature","properties":{"numer":"102151F","klasa":"droga zbiorcza","kat":"powiatowa"},"geometry":{"type":"LineString","coordinates":[[15.57842,52.44572],[15.57827,52.44532]]}},{"type":"Feature","properties":{"numer":"3309F","klasa":"","kat":"powiatowa"},"geometry":{"type":"LineString","coordinates":[[15.57937,52.44567],[15.57917,52.44562],[15.57842,52.44572]]}},{"type":"Feature","properties":{"numer":"102151F","klasa":"droga zbiorcza","kat":"powiatowa"},"geometry":{"type":"LineString","coordinates":[[15.57845,52.44602],[15.57842,52.44572]]}},{"type":"Feature","properties":{"numer":"003506F","klasa":"droga lokalna","kat":"powiatowa"},"geometry":{"type":"LineString","coordinates":[[15.52927,52.44494],[15.52651,52.44281]]}},{"type":"Feature","properties":{"numer":"003506F","klasa":"droga lokalna","kat":"powiatowa"},"geometry":{"type":"LineString","coordinates":[[15.53379,52.44835],[15.52927,52.44494]]}},{"type":"Feature","properties":{"numer":"003505F","klasa":"droga lokalna","kat":"powiatowa"},"geometry":{"type":"LineString","coordinates":[[15.55408,52.44816],[15.55232,52.44853]]}},{"type":"Feature","properties":{"numer":"003505F","klasa":"droga lokalna","kat":"powiatowa"},"geometry":{"type":"LineString","coordinates":[[15.55232,52.44853],[15.55142,52.44869]]}},{"type":"Feature","properties":{"numer":"003505F","klasa":"droga lokalna","kat":"powiatowa"},"geometry":{"type":"LineString","coordinates":[[15.55142,52.44869],[15.5508,52.44876]]}},{"type":"Feature","properties":{"numer":"003505F","klasa":"droga lokalna","kat":"powiatowa"},"geometry":{"type":"LineString","coordinates":[[15.5508,52.44876],[15.55067,52.44877]]}},{"type":"Feature","properties":{"numer":"003505F","klasa":"droga lokalna","kat":"powiatowa"},"geometry":{"type":"LineString","coordinates":[[15.55067,52.44877],[15.54924,52.44885]]}},{"type":"Feature","properties":{"numer":"003505F","klasa":"droga lokalna","kat":"powiatowa"},"geometry":{"type":"LineString","coordinates":[[15.54924,52.44885],[15.54695,52.4489],[15.54581,52.449],[15.54363,52.44936]]}},{"type":"Feature","properties":{"numer":"003506F","klasa":"droga lokalna","kat":"powiatowa"},"geometry":{"type":"LineString","coordinates":[[15.53636,52.44987],[15.53555,52.44968],[15.53379,52.44835]]}},{"type":"Feature","properties":{"numer":"003505F","klasa":"droga lokalna","kat":"powiatowa"},"geometry":{"type":"LineString","coordinates":[[15.54363,52.44936],[15.5425,52.44965],[15.54196,52.44988]]}},{"type":"Feature","properties":{"numer":"102151F","klasa":"droga zbiorcza","kat":"powiatowa"},"geometry":{"type":"LineString","coordinates":[[15.57851,52.44646],[15.57845,52.44602]]}},{"type":"Feature","properties":{"numer":"E65,S3","klasa":"droga ekspresowa","kat":"krajowa"},"geometry":{"type":"LineString","coordinates":[[15.55824,52.4415],[15.5624,52.45148]]}},{"type":"Feature","properties":{"numer":"102151F","klasa":"droga zbiorcza","kat":"powiatowa"},"geometry":{"type":"LineString","coordinates":[[15.57851,52.44646],[15.57848,52.44711]]}},{"type":"Feature","properties":{"numer":"102151F","klasa":"droga zbiorcza","kat":"powiatowa"},"geometry":{"type":"LineString","coordinates":[[15.57848,52.44711],[15.57843,52.44738]]}},{"type":"Feature","properties":{"numer":"102151F","klasa":"droga zbiorcza","kat":"powiatowa"},"geometry":{"type":"LineString","coordinates":[[15.57843,52.44738],[15.57836,52.44778]]}},{"type":"Feature","properties":{"numer":"1346F","klasa":"droga zbiorcza","kat":"powiatowa"},"geometry":{"type":"LineString","coordinates":[[15.57843,52.44738],[15.57733,52.44733],[15.57645,52.44739],[15.57587,52.44753],[15.57519,52.44783],[15.57503,52.44801]]}},{"type":"Feature","properties":{"numer":"3301F","klasa":"droga zbiorcza","kat":"powiatowa"},"geometry":{"type":"LineString","coordinates":[[15.57848,52.44711],[15.58252,52.44812],[15.58363,52.44855]]}},{"type":"Feature","properties":{"numer":"102151F","klasa":"droga zbiorcza","kat":"powiatowa"},"geometry":{"type":"LineString","coordinates":[[15.57836,52.44778],[15.57826,52.44828]]}},{"type":"Feature","properties":{"numer":"102151F","klasa":"droga zbiorcza","kat":"powiatowa"},"geometry":{"type":"LineString","coordinates":[[15.57826,52.44828],[15.57818,52.44877]]}},{"type":"Feature","properties":{"numer":"3304F","klasa":"droga zbiorcza","kat":"powiatowa"},"geometry":{"type":"LineString","coordinates":[[15.57503,52.44801],[15.57649,52.44903],[15.5781,52.4492]]}},{"type":"Feature","properties":{"numer":"004410F","klasa":"droga lokalna","kat":"powiatowa"},"geometry":{"type":"LineString","coordinates":[[15.72608,52.4432],[15.72622,52.443],[15.72625,52.44221]]}},{"type":"Feature","properties":{"numer":"1357F","klasa":"","kat":"powiatowa"},"geometry":{"type":"LineString","coordinates":[[15.6872,52.43943],[15.68685,52.43921],[15.68585,52.43896],[15.68417,52.43862],[15.68376,52.43866],[15.67152,52.44282],[15.66944,52.44378],[15.66642,52.44535],[15.66293,52.44702]]}},{"type":"Feature","properties":{"numer":"004409F","klasa":"droga lokalna","kat":"powiatowa"},"geometry":{"type":"LineString","coordinates":[[15.72342,52.44424],[15.72486,52.44362],[15.72608,52.4432]]}},{"type":"Feature","properties":{"numer":"004409F","klasa":"droga lokalna","kat":"powiatowa"},"geometry":{"type":"LineString","coordinates":[[15.72161,52.44502],[15.72342,52.44424]]}},{"type":"Feature","properties":{"numer":"1332F","klasa":"droga gĹ‚Ăłwna","kat":"powiatowa"},"geometry":{"type":"LineString","coordinates":[[15.66293,52.44702],[15.64594,52.4439],[15.64462,52.4439],[15.64339,52.44413]]}},{"type":"Feature","properties":{"numer":"004409F","klasa":"droga lokalna","kat":"powiatowa"},"geometry":{"type":"LineString","coordinates":[[15.71879,52.44687],[15.7193,52.44619],[15.71972,52.44584],[15.72161,52.44502]]}},{"type":"Feature","properties":{"numer":"004409F","klasa":"droga lokalna","kat":"powiatowa"},"geometry":{"type":"LineString","coordinates":[[15.71866,52.44705],[15.71879,52.44687]]}},{"type":"Feature","properties":{"numer":"004409F","klasa":"droga lokalna","kat":"powiatowa"},"geometry":{"type":"LineString","coordinates":[[15.71311,52.44962],[15.71415,52.44927],[15.71574,52.44851],[15.7178,52.44798],[15.71866,52.44705]]}},{"type":"Feature","properties":{"numer":"1357F","klasa":"","kat":"powiatowa"},"geometry":{"type":"LineString","coordinates":[[15.69683,52.45615],[15.69634,52.45482],[15.69577,52.45377],[15.69539,52.45337],[15.69434,52.45258],[15.69329,52.45123],[15.68707,52.44209],[15.68694,52.44146],[15.68728,52.44101]]}},{"type":"Feature","properties":{"numer":"004409F","klasa":"droga lokalna","kat":"powiatowa"},"geometry":{"type":"LineString","coordinates":[[15.70753,52.45202],[15.71235,52.44986],[15.71311,52.44962]]}},{"type":"Feature","properties":{"numer":"102151F","klasa":"droga zbiorcza","kat":"powiatowa"},"geometry":{"type":"LineString","coordinates":[[15.57818,52.44877],[15.5781,52.4492]]}},{"type":"Feature","properties":{"numer":"3306F","klasa":"droga zbiorcza","kat":"powiatowa"},"geometry":{"type":"LineString","coordinates":[[15.58363,52.44855],[15.58727,52.45023]]}},{"type":"Feature","properties":{"numer":"102151F","klasa":"droga zbiorcza","kat":"powiatowa"},"geometry":{"type":"LineString","coordinates":[[15.5781,52.4492],[15.57796,52.44996]]}},{"type":"Feature","properties":{"numer":"1346F","klasa":"droga zbiorcza","kat":"powiatowa"},"geometry":{"type":"LineString","coordinates":[[15.57503,52.44801],[15.57248,52.44844],[15.56681,52.45057],[15.5624,52.45148]]}},{"type":"Feature","properties":{"numer":"102151F","klasa":"droga zbiorcza","kat":"powiatowa"},"geometry":{"type":"LineString","coordinates":[[15.57796,52.44996],[15.57785,52.45064]]}},{"type":"Feature","properties":{"numer":"102151F","klasa":"droga zbiorcza","kat":"powiatowa"},"geometry":{"type":"LineString","coordinates":[[15.57785,52.45064],[15.57776,52.45108]]}},{"type":"Feature","properties":{"numer":"3308F","klasa":"droga zbiorcza","kat":"powiatowa"},"geometry":{"type":"LineString","coordinates":[[15.57785,52.45064],[15.57825,52.45066],[15.57895,52.45045],[15.58,52.45028],[15.58043,52.4503],[15.58429,52.45181]]}},{"type":"Feature","properties":{"numer":"102151F","klasa":"droga zbiorcza","kat":"powiatowa"},"geometry":{"type":"LineString","coordinates":[[15.57776,52.45108],[15.57771,52.45134]]}},{"type":"Feature","properties":{"numer":"102151F","klasa":"droga zbiorcza","kat":"powiatowa"},"geometry":{"type":"LineString","coordinates":[[15.57771,52.45134],[15.57748,52.45263]]}},{"type":"Feature","properties":{"numer":"3308F","klasa":"droga zbiorcza","kat":"powiatowa"},"geometry":{"type":"LineString","coordinates":[[15.58429,52.45181],[15.58615,52.45271]]}},{"type":"Feature","properties":{"numer":"102151F","klasa":"droga zbiorcza","kat":"powiatowa"},"geometry":{"type":"LineString","coordinates":[[15.57748,52.45263],[15.57744,52.45285]]}},{"type":"Feature","properties":{"numer":"102151F","klasa":"droga zbiorcza","kat":"powiatowa"},"geometry":{"type":"LineString","coordinates":[[15.57744,52.45285],[15.5773,52.45357]]}},{"type":"Feature","properties":{"numer":"1328F","klasa":"droga zbiorcza","kat":"powiatowa"},"geometry":{"type":"LineString","coordinates":[[15.62828,52.44575],[15.62858,52.44604],[15.63225,52.45425],[15.63272,52.45482],[15.63342,52.45532],[15.64486,52.46085],[15.64525,52.46111],[15.64564,52.46165]]}},{"type":"Feature","properties":{"numer":"102151F","klasa":"droga zbiorcza","kat":"powiatowa"},"geometry":{"type":"LineString","coordinates":[[15.57701,52.45465],[15.5773,52.45357]]}},{"type":"Feature","properties":{"numer":"3307F","klasa":"droga zbiorcza","kat":"powiatowa"},"geometry":{"type":"LineString","coordinates":[[15.58429,52.45181],[15.57993,52.45685],[15.5792,52.45721]]}},{"type":"Feature","properties":{"numer":"1326F","klasa":"droga zbiorcza","kat":"powiatowa"},"geometry":{"type":"LineString","coordinates":[[15.5792,52.45721],[15.57753,52.45497],[15.5773,52.45476],[15.57701,52.45465]]}},{"type":"Feature","properties":{"numer":"102151F","klasa":"droga zbiorcza","kat":"powiatowa"},"geometry":{"type":"LineString","coordinates":[[15.57701,52.45465],[15.57671,52.45532],[15.576,52.45639],[15.57436,52.45813]]}},{"type":"Feature","properties":{"numer":"E65,S3","klasa":"droga ekspresowa","kat":"krajowa"},"geometry":{"type":"LineString","coordinates":[[15.5624,52.45148],[15.5632,52.45358],[15.56362,52.45516],[15.56396,52.45731],[15.56455,52.46294]]}},{"type":"Feature","properties":{"numer":"102151F","klasa":"droga zbiorcza","kat":"powiatowa"},"geometry":{"type":"LineString","coordinates":[[15.57436,52.45813],[15.57039,52.4621]]}},{"type":"Feature","properties":{"numer":"102151F","klasa":"droga zbiorcza","kat":"powiatowa"},"geometry":{"type":"LineString","coordinates":[[15.56935,52.46264],[15.57039,52.4621]]}},{"type":"Feature","properties":{"numer":"1332F","klasa":"droga gĹ‚Ăłwna","kat":"powiatowa"},"geometry":{"type":"LineString","coordinates":[[15.69683,52.45615],[15.69631,52.45573],[15.68916,52.4519],[15.68807,52.4514],[15.68726,52.45114],[15.68598,52.45089],[15.68308,52.45064],[15.67423,52.44995],[15.67139,52.4498],[15.66929,52.44911],[15.66531,52.44756],[15.66443,52.44731],[15.66293,52.44702]]}},{"type":"Feature","properties":{"numer":"004409F","klasa":"droga lokalna","kat":"powiatowa"},"geometry":{"type":"LineString","coordinates":[[15.69875,52.45724],[15.69971,52.45672],[15.70014,52.4564],[15.70038,52.45612],[15.70068,52.45535],[15.70111,52.45496],[15.70753,52.45202]]}},{"type":"Feature","properties":{"numer":"1332F","klasa":"droga gĹ‚Ăłwna","kat":"powiatowa"},"geometry":{"type":"LineString","coordinates":[[15.69828,52.45756],[15.69683,52.45615]]}},{"type":"Feature","properties":{"numer":"004409F","klasa":"","kat":"powiatowa"},"geometry":{"type":"LineString","coordinates":[[15.69828,52.45756],[15.69875,52.45724]]}},{"type":"Feature","properties":{"numer":"1332F","klasa":"droga gĹ‚Ăłwna","kat":"powiatowa"},"geometry":{"type":"LineString","coordinates":[[15.70212,52.45877],[15.70154,52.45881],[15.70116,52.45873],[15.69876,52.45788],[15.69828,52.45756]]}},{"type":"Feature","properties":{"numer":"1332F","klasa":"droga gĹ‚Ăłwna","kat":"powiatowa"},"geometry":{"type":"LineString","coordinates":[[15.70285,52.45866],[15.70212,52.45877]]}},{"type":"Feature","properties":{"numer":"1328F","klasa":"droga zbiorcza","kat":"powiatowa"},"geometry":{"type":"LineString","coordinates":[[15.64564,52.46165],[15.64606,52.46235],[15.64652,52.46274],[15.64669,52.46306],[15.64684,52.46442],[15.64657,52.46495]]}},{"type":"Feature","properties":{"numer":"1328F","klasa":"droga zbiorcza","kat":"powiatowa"},"geometry":{"type":"LineString","coordinates":[[15.64657,52.46495],[15.64636,52.4653]]}},{"type":"Feature","properties":{"numer":"1328F","klasa":"droga zbiorcza","kat":"powiatowa"},"geometry":{"type":"LineString","coordinates":[[15.64636,52.4653],[15.64569,52.46652],[15.64628,52.46711],[15.64671,52.46736]]}},{"type":"Feature","properties":{"numer":"1328F","klasa":"droga zbiorcza","kat":"powiatowa"},"geometry":{"type":"LineString","coordinates":[[15.64839,52.46792],[15.64671,52.46736]]}},{"type":"Feature","properties":{"numer":"003506F","klasa":"droga lokalna","kat":"powiatowa"},"geometry":{"type":"LineString","coordinates":[[15.53677,52.44991],[15.53636,52.44987]]}},{"type":"Feature","properties":{"numer":"1346F","klasa":"droga zbiorcza","kat":"powiatowa"},"geometry":{"type":"LineString","coordinates":[[15.5624,52.45148],[15.55997,52.45165],[15.55907,52.45153],[15.55754,52.45043],[15.55516,52.44893],[15.55454,52.44828],[15.55408,52.44816]]}},{"type":"Feature","properties":{"numer":"003505F","klasa":"droga lokalna","kat":"powiatowa"},"geometry":{"type":"LineString","coordinates":[[15.53728,52.45],[15.53677,52.44991]]}},{"type":"Feature","properties":{"numer":"003505F","klasa":"droga lokalna","kat":"powiatowa"},"geometry":{"type":"LineString","coordinates":[[15.54196,52.44988],[15.54108,52.45026]]}},{"type":"Feature","properties":{"numer":"003505F","klasa":"droga lokalna","kat":"powiatowa"},"geometry":{"type":"LineString","coordinates":[[15.53799,52.45015],[15.53728,52.45]]}},{"type":"Feature","properties":{"numer":"003505F","klasa":"droga lokalna","kat":"powiatowa"},"geometry":{"type":"LineString","coordinates":[[15.54108,52.45026],[15.54074,52.45041]]}},{"type":"Feature","properties":{"numer":"003505F","klasa":"droga lokalna","kat":"powiatowa"},"geometry":{"type":"LineString","coordinates":[[15.54074,52.45041],[15.54023,52.4506],[15.53979,52.45061],[15.53799,52.45015]]}},{"type":"Feature","properties":{"numer":"1345F","klasa":"droga zbiorcza","kat":"powiatowa"},"geometry":{"type":"LineString","coordinates":[[15.49126,52.46421],[15.49157,52.46412],[15.49182,52.46388],[15.49188,52.46364],[15.49174,52.46307],[15.49193,52.46278],[15.50146,52.45732],[15.51127,52.45153],[15.51236,52.45112],[15.51659,52.44986],[15.51716,52.44956],[15.52294,52.44771],[15.52351,52.44718],[15.52476,52.44522],[15.52651,52.44281]]}},{"type":"Feature","properties":{"numer":"1345F","klasa":"droga zbiorcza","kat":"powiatowa"},"geometry":{"type":"LineString","coordinates":[[15.48788,52.4647],[15.4906,52.46414],[15.49099,52.46411],[15.49126,52.46421]]}},{"type":"Feature","properties":{"numer":"E65,S3","klasa":"droga ekspresowa","kat":"krajowa"},"geometry":{"type":"LineString","coordinates":[[15.56455,52.46294],[15.56471,52.46497],[15.56456,52.46623],[15.56425,52.46709],[15.56342,52.4684],[15.56237,52.46946],[15.56063,52.47068],[15.55914,52.47139],[15.55689,52.4722],[15.55528,52.47307],[15.55432,52.47385],[15.55374,52.47452],[15.55326,52.47541],[15.55309,52.47595],[15.55305,52.47712],[15.55359,52.4798],[15.55363,52.48058],[15.55348,52.48177],[15.55301,52.48303],[15.55128,52.48572],[15.55058,52.48709],[15.55025,52.48825],[15.5502,52.48948],[15.55057,52.49115],[15.55296,52.49615],[15.55396,52.49858],[15.55439,52.50076],[15.55446,52.50211],[15.55433,52.50359],[15.55397,52.50514],[15.55347,52.50654],[15.54883,52.515],[15.5472,52.5185],[15.54591,52.52171],[15.54495,52.52452],[15.54386,52.52845],[15.54253,52.53501]]}},{"type":"Feature","properties":{"numer":"1345F","klasa":"droga zbiorcza","kat":"powiatowa"},"geometry":{"type":"LineString","coordinates":[[15.4473,52.48144],[15.4489,52.48121],[15.44949,52.48122],[15.45063,52.48141],[15.45127,52.48128],[15.45185,52.48067],[15.46071,52.47582],[15.476,52.46826],[15.48103,52.46615],[15.48788,52.4647]]}},{"type":"Feature","properties":{"numer":"1345F","klasa":"droga zbiorcza","kat":"powiatowa"},"geometry":{"type":"LineString","coordinates":[[15.44709,52.48147],[15.4473,52.48144]]}},{"type":"Feature","properties":{"numer":"1345F","klasa":"droga zbiorcza","kat":"powiatowa"},"geometry":{"type":"LineString","coordinates":[[15.43008,52.48184],[15.43136,52.48179],[15.43208,52.48185],[15.43398,52.48222],[15.43501,52.48227],[15.4369,52.48211],[15.43895,52.48206],[15.44709,52.48147]]}},{"type":"Feature","properties":{"numer":"1341F","klasa":"droga zbiorcza","kat":"powiatowa"},"geometry":{"type":"LineString","coordinates":[[15.43008,52.48184],[15.4293,52.48206],[15.42832,52.48212]]}},{"type":"Feature","properties":{"numer":"1341F","klasa":"droga zbiorcza","kat":"powiatowa"},"geometry":{"type":"LineString","coordinates":[[15.42832,52.48212],[15.42706,52.4822],[15.4265,52.48232],[15.42534,52.48273],[15.42475,52.48336],[15.42446,52.48354],[15.42186,52.48402],[15.42129,52.4842]]}},{"type":"Feature","properties":{"numer":"1341F","klasa":"droga zbiorcza","kat":"powiatowa"},"geometry":{"type":"LineString","coordinates":[[15.42129,52.4842],[15.42,52.4854],[15.4196,52.48559],[15.41927,52.48563],[15.41802,52.48551],[15.41532,52.48496],[15.40428,52.48451],[15.40135,52.48447],[15.4011,52.48457]]}},{"type":"Feature","properties":{"numer":"1341F","klasa":"droga zbiorcza","kat":"powiatowa"},"geometry":{"type":"LineString","coordinates":[[15.4011,52.48457],[15.40076,52.48471],[15.3991,52.48471],[15.38828,52.49039],[15.37943,52.49245],[15.3761,52.4935],[15.37299,52.49409],[15.37156,52.49468],[15.36761,52.49586],[15.36536,52.49685],[15.36214,52.49766],[15.35785,52.49828],[15.3507,52.50146]]}},{"type":"Feature","properties":{"numer":"1344F","klasa":"droga zbiorcza","kat":"powiatowa"},"geometry":{"type":"LineString","coordinates":[[15.41127,52.5164],[15.40998,52.51401],[15.40931,52.51184],[15.40861,52.51044],[15.40732,52.50655],[15.4065,52.50112],[15.40628,52.50045],[15.40669,52.49798],[15.40674,52.49687],[15.40658,52.49233],[15.40608,52.4915],[15.40418,52.4892],[15.40384,52.48898],[15.40235,52.48837],[15.40172,52.48771],[15.4011,52.48457]]}},{"type":"Feature","properties":{"numer":"1295F","klasa":"droga zbiorcza","kat":"powiatowa"},"geometry":{"type":"LineString","coordinates":[[15.37962,52.51644],[15.37949,52.51641]]}},{"type":"Feature","properties":{"numer":"1295F","klasa":"droga zbiorcza","kat":"powiatowa"},"geometry":{"type":"LineString","coordinates":[[15.41328,52.51707],[15.41127,52.5164]]}},{"type":"Feature","properties":{"numer":"1319F","klasa":"droga zbiorcza","kat":"powiatowa"},"geometry":{"type":"LineString","coordinates":[[15.52007,52.53474],[15.51936,52.53451],[15.5175,52.53366],[15.5151,52.53279],[15.51322,52.53258],[15.51109,52.53291]]}},{"type":"Feature","properties":{"numer":"1319F","klasa":"droga zbiorcza","kat":"powiatowa"},"geometry":{"type":"LineString","coordinates":[[15.53074,52.53439],[15.52283,52.53368],[15.5221,52.53393],[15.521,52.53473],[15.52058,52.53479],[15.52007,52.53474]]}},{"type":"Feature","properties":{"numer":"1319F","klasa":"droga zbiorcza","kat":"powiatowa"},"geometry":{"type":"LineString","coordinates":[[15.51109,52.53291],[15.50524,52.53365],[15.49033,52.53377],[15.48363,52.53437],[15.46694,52.53553],[15.46512,52.53571],[15.46353,52.53608],[15.45898,52.53577]]}},{"type":"Feature","properties":{"numer":"1320F","klasa":"droga zbiorcza","kat":"powiatowa"},"geometry":{"type":"LineString","coordinates":[[15.54253,52.53501],[15.53803,52.53499],[15.53492,52.53479],[15.53074,52.53439]]}},{"type":"Feature","properties":{"numer":"E65,S3","klasa":"droga ekspresowa","kat":"krajowa"},"geometry":{"type":"LineString","coordinates":[[15.54253,52.53501],[15.53981,52.54914],[15.53933,52.55077],[15.53885,52.55184],[15.53818,52.55295],[15.53708,52.55434],[15.53567,52.55572],[15.53492,52.55633],[15.5332,52.55747],[15.53217,52.55805],[15.53035,52.5589],[15.52862,52.55956]]}},{"type":"Feature","properties":{"numer":"","klasa":"droga gĹ‚Ăłwna ruchu przyĹ›pieszonego","kat":"gminna"},"geometry":{"type":"LineString","coordinates":[[15.52528,52.55766],[15.5256,52.55758]]}},{"type":"Feature","properties":{"numer":"","klasa":"droga gĹ‚Ăłwna ruchu przyĹ›pieszonego","kat":"gminna"},"geometry":{"type":"LineString","coordinates":[[15.52516,52.55769],[15.52528,52.55766]]}},{"type":"Feature","properties":{"numer":"","klasa":"droga gĹ‚Ăłwna ruchu przyĹ›pieszonego","kat":"gminna"},"geometry":{"type":"LineString","coordinates":[[15.52495,52.55907],[15.52516,52.55769]]}},{"type":"Feature","properties":{"numer":"","klasa":"droga gĹ‚Ăłwna ruchu przyĹ›pieszonego","kat":"gminna"},"geometry":{"type":"LineString","coordinates":[[15.5256,52.55758],[15.52597,52.55775],[15.52628,52.55838],[15.52655,52.5587],[15.52706,52.55902],[15.52782,52.5593]]}},{"type":"Feature","properties":{"numer":"","klasa":"droga gĹ‚Ăłwna ruchu przyĹ›pieszonego","kat":"gminna"},"geometry":{"type":"LineString","coordinates":[[15.52495,52.55907],[15.52652,52.5591],[15.52782,52.5593]]}},{"type":"Feature","properties":{"numer":"1295F","klasa":"droga zbiorcza","kat":"powiatowa"},"geometry":{"type":"LineString","coordinates":[[15.41127,52.5164],[15.40226,52.51673],[15.38554,52.51753],[15.3848,52.51745],[15.37962,52.51644]]}},{"type":"Feature","properties":{"numer":"1295F","klasa":"droga zbiorcza","kat":"powiatowa"},"geometry":{"type":"LineString","coordinates":[[15.41335,52.51709],[15.41328,52.51707]]}},{"type":"Feature","properties":{"numer":"1295F","klasa":"droga zbiorcza","kat":"powiatowa"},"geometry":{"type":"LineString","coordinates":[[15.41335,52.51709],[15.41446,52.51739],[15.41598,52.51755],[15.41874,52.51753],[15.42003,52.51739],[15.42186,52.51746],[15.42473,52.51784],[15.4261,52.51818],[15.42716,52.51856],[15.42916,52.51975],[15.43356,52.52272],[15.44385,52.52707],[15.44819,52.52899],[15.4544,52.53323],[15.45475,52.53337],[15.4581,52.53413],[15.45862,52.53432],[15.45882,52.53462],[15.45886,52.53553],[15.45898,52.53577]]}},{"type":"Feature","properties":{"numer":"1319F","klasa":"droga zbiorcza","kat":"powiatowa"},"geometry":{"type":"LineString","coordinates":[[15.45898,52.53577],[15.45571,52.53589]]}},{"type":"Feature","properties":{"numer":"1319F","klasa":"droga zbiorcza","kat":"powiatowa"},"geometry":{"type":"LineString","coordinates":[[15.45571,52.53589],[15.45494,52.53596],[15.45445,52.53614],[15.4339,52.55509],[15.43298,52.55616],[15.43248,52.55694]]}},{"type":"Feature","properties":{"numer":"1295F","klasa":"droga zbiorcza","kat":"powiatowa"},"geometry":{"type":"LineString","coordinates":[[15.45898,52.53577],[15.46015,52.53678],[15.46035,52.53881],[15.46003,52.55051],[15.46494,52.56194],[15.47136,52.5695]]}},{"type":"Feature","properties":{"numer":"1319F","klasa":"droga zbiorcza","kat":"powiatowa"},"geometry":{"type":"LineString","coordinates":[[15.43248,52.55694],[15.43182,52.55814],[15.43144,52.55862],[15.43086,52.55922],[15.42991,52.55973],[15.42977,52.55994]]}},{"type":"Feature","properties":{"numer":"1350F","klasa":"droga zbiorcza","kat":"powiatowa"},"geometry":{"type":"LineString","coordinates":[[15.46564,52.57769],[15.44846,52.56734],[15.43856,52.55921],[15.4351,52.55764],[15.43362,52.55719],[15.43248,52.55694]]}},{"type":"Feature","properties":{"numer":"1319F","klasa":"droga zbiorcza","kat":"powiatowa"},"geometry":{"type":"LineString","coordinates":[[15.42977,52.55994],[15.42998,52.56042],[15.43091,52.56153],[15.43202,52.56345],[15.43359,52.56723],[15.43353,52.57003],[15.43343,52.57059],[15.43244,52.5731],[15.43104,52.57509]]}},{"type":"Feature","properties":{"numer":"1295F","klasa":"droga zbiorcza","kat":"powiatowa"},"geometry":{"type":"LineString","coordinates":[[15.47136,52.5695],[15.47164,52.56982]]}},{"type":"Feature","properties":{"numer":"","klasa":"droga gĹ‚Ăłwna ruchu przyĹ›pieszonego","kat":"gminna"},"geometry":{"type":"LineString","coordinates":[[15.52451,52.56238],[15.52992,52.56207]]}},{"type":"Feature","properties":{"numer":"","klasa":"droga gĹ‚Ăłwna ruchu przyĹ›pieszonego","kat":"gminna"},"geometry":{"type":"LineString","coordinates":[[15.52448,52.56261],[15.52451,52.56238]]}},{"type":"Feature","properties":{"numer":"E65,S3","klasa":"droga ekspresowa","kat":"krajowa"},"geometry":{"type":"LineString","coordinates":[[15.51553,52.56126],[15.51237,52.56094],[15.51036,52.56058],[15.50726,52.55981],[15.4951,52.55646],[15.49267,52.55593],[15.49025,52.55566],[15.48823,52.55563],[15.48604,52.55578],[15.48395,52.55611],[15.4821,52.5566],[15.48099,52.55699],[15.4786,52.55812],[15.47717,52.55909],[15.47583,52.56038],[15.47526,52.56111],[15.47456,52.5623],[15.47164,52.56982]]}},{"type":"Feature","properties":{"numer":"","klasa":"droga gĹ‚Ăłwna ruchu przyĹ›pieszonego","kat":"gminna"},"geometry":{"type":"LineString","coordinates":[[15.52465,52.56345],[15.52507,52.5634],[15.52842,52.56243],[15.52992,52.56207]]}},{"type":"Feature","properties":{"numer":"","klasa":"droga gĹ‚Ăłwna ruchu przyĹ›pieszonego","kat":"gminna"},"geometry":{"type":"LineString","coordinates":[[15.52438,52.56339],[15.52448,52.56261]]}},{"type":"Feature","properties":{"numer":"24","klasa":"droga gĹ‚Ăłwna ruchu przyĹ›pieszonego","kat":"krajowa"},"geometry":{"type":"LineString","coordinates":[[15.53505,52.56192],[15.54951,52.56373],[15.55438,52.56445]]}},{"type":"Feature","properties":{"numer":"","klasa":"droga gĹ‚Ăłwna ruchu przyĹ›pieszonego","kat":"gminna"},"geometry":{"type":"LineString","coordinates":[[15.52443,52.5634],[15.52438,52.56339]]}},{"type":"Feature","properties":{"numer":"","klasa":"droga gĹ‚Ăłwna ruchu przyĹ›pieszonego","kat":"gminna"},"geometry":{"type":"LineString","coordinates":[[15.52443,52.5634],[15.52465,52.56345]]}},{"type":"Feature","properties":{"numer":"24","klasa":"droga gĹ‚Ăłwna ruchu przyĹ›pieszonego","kat":"krajowa"},"geometry":{"type":"LineString","coordinates":[[15.55438,52.56445],[15.55475,52.56451]]}},{"type":"Feature","properties":{"numer":"","klasa":"droga zbiorcza","kat":"powiatowa"},"geometry":{"type":"LineString","coordinates":[[15.54341,52.58449],[15.5451,52.58424],[15.55847,52.58293],[15.55913,52.58271],[15.56055,52.58181],[15.56391,52.58031]]}},{"type":"Feature","properties":{"numer":"1295F","klasa":"droga zbiorcza","kat":"powiatowa"},"geometry":{"type":"LineString","coordinates":[[15.47164,52.56982],[15.47184,52.57006]]}},{"type":"Feature","properties":{"numer":"E65,S3","klasa":"droga ekspresowa","kat":"krajowa"},"geometry":{"type":"LineString","coordinates":[[15.47164,52.56982],[15.47092,52.57166],[15.46957,52.57408],[15.46782,52.57624],[15.46601,52.57791]]}},{"type":"Feature","properties":{"numer":"1319F","klasa":"droga zbiorcza","kat":"powiatowa"},"geometry":{"type":"LineString","coordinates":[[15.43104,52.57509],[15.43086,52.57534]]}},{"type":"Feature","properties":{"numer":"1295F","klasa":"droga zbiorcza","kat":"powiatowa"},"geometry":{"type":"LineString","coordinates":[[15.47184,52.57006],[15.47481,52.57354],[15.47523,52.57408],[15.47554,52.57474],[15.47737,52.57956],[15.4784,52.5817],[15.47879,52.58541]]}},{"type":"Feature","properties":{"numer":"1350F","klasa":"droga zbiorcza","kat":"powiatowa"},"geometry":{"type":"LineString","coordinates":[[15.46601,52.57791],[15.46564,52.57769]]}},{"type":"Feature","properties":{"numer":"1350F","klasa":"droga zbiorcza","kat":"powiatowa"},"geometry":{"type":"LineString","coordinates":[[15.46644,52.57816],[15.46601,52.57791]]}},{"type":"Feature","properties":{"numer":"1319F","klasa":"droga zbiorcza","kat":"powiatowa"},"geometry":{"type":"LineString","coordinates":[[15.43086,52.57534],[15.42988,52.57711],[15.42958,52.57985],[15.42797,52.58495],[15.42708,52.58819]]}},{"type":"Feature","properties":{"numer":"1350F","klasa":"droga zbiorcza","kat":"powiatowa"},"geometry":{"type":"LineString","coordinates":[[15.47879,52.58541],[15.46644,52.57816]]}},{"type":"Feature","properties":{"numer":"E65,S3","klasa":"droga ekspresowa","kat":"krajowa"},"geometry":{"type":"LineString","coordinates":[[15.46601,52.57791],[15.46408,52.57934],[15.46229,52.58043],[15.4514,52.58608]]}},{"type":"Feature","properties":{"numer":"24","klasa":"droga gĹ‚Ăłwna ruchu przyĹ›pieszonego","kat":"krajowa"},"geometry":{"type":"LineString","coordinates":[[15.4514,52.58608],[15.45444,52.58588],[15.45555,52.58587],[15.45872,52.58609]]}},{"type":"Feature","properties":{"numer":"24","klasa":"droga gĹ‚Ăłwna ruchu przyĹ›pieszonego","kat":"krajowa"},"geometry":{"type":"LineString","coordinates":[[15.44376,52.58633],[15.44606,52.58609],[15.4514,52.58608]]}},{"type":"Feature","properties":{"numer":"102876F","klasa":"droga gĹ‚Ăłwna ruchu przyĹ›pieszonego","kat":"powiatowa"},"geometry":{"type":"LineString","coordinates":[[15.45872,52.58609],[15.46164,52.58634]]}},{"type":"Feature","properties":{"numer":"102876F","klasa":"droga gĹ‚Ăłwna ruchu przyĹ›pieszonego","kat":"powiatowa"},"geometry":{"type":"LineString","coordinates":[[15.46164,52.58634],[15.46604,52.5867]]}},{"type":"Feature","properties":{"numer":"1295F","klasa":"droga zbiorcza","kat":"powiatowa"},"geometry":{"type":"LineString","coordinates":[[15.47879,52.58541],[15.47897,52.58778]]}},{"type":"Feature","properties":{"numer":"102876F","klasa":"droga gĹ‚Ăłwna ruchu przyĹ›pieszonego","kat":"powiatowa"},"geometry":{"type":"LineString","coordinates":[[15.46604,52.5867],[15.46796,52.58686]]}},{"type":"Feature","properties":{"numer":"102876F","klasa":"droga gĹ‚Ăłwna ruchu przyĹ›pieszonego","kat":"powiatowa"},"geometry":{"type":"LineString","coordinates":[[15.46796,52.58686],[15.47468,52.58742]]}},{"type":"Feature","properties":{"numer":"24","klasa":"droga gĹ‚Ăłwna ruchu przyĹ›pieszonego","kat":"krajowa"},"geometry":{"type":"LineString","coordinates":[[15.43009,52.58848],[15.44376,52.58633]]}},{"type":"Feature","properties":{"numer":"102876F","klasa":"droga gĹ‚Ăłwna ruchu przyĹ›pieszonego","kat":"powiatowa"},"geometry":{"type":"LineString","coordinates":[[15.47468,52.58742],[15.47504,52.58745]]}},{"type":"Feature","properties":{"numer":"102876F","klasa":"droga gĹ‚Ăłwna ruchu przyĹ›pieszonego","kat":"powiatowa"},"geometry":{"type":"LineString","coordinates":[[15.47504,52.58745],[15.47681,52.58759]]}},{"type":"Feature","properties":{"numer":"102876F","klasa":"droga gĹ‚Ăłwna ruchu przyĹ›pieszonego","kat":"powiatowa"},"geometry":{"type":"LineString","coordinates":[[15.47681,52.58759],[15.47728,52.58763]]}},{"type":"Feature","properties":{"numer":"","klasa":"droga wewnÄ™trzna","kat":"gminna"},"geometry":{"type":"LineString","coordinates":[[15.52995,52.59177],[15.53949,52.58585],[15.54126,52.58507],[15.54341,52.58449]]}},{"type":"Feature","properties":{"numer":"102876F","klasa":"droga gĹ‚Ăłwna ruchu przyĹ›pieszonego","kat":"powiatowa"},"geometry":{"type":"LineString","coordinates":[[15.48142,52.58799],[15.48302,52.58828],[15.48415,52.58863]]}},{"type":"Feature","properties":{"numer":"102876F","klasa":"droga gĹ‚Ăłwna ruchu przyĹ›pieszonego","kat":"powiatowa"},"geometry":{"type":"LineString","coordinates":[[15.48415,52.58863],[15.48493,52.58897]]}},{"type":"Feature","properties":{"numer":"102876F","klasa":"droga gĹ‚Ăłwna ruchu przyĹ›pieszonego","kat":"powiatowa"},"geometry":{"type":"LineString","coordinates":[[15.48493,52.58897],[15.48591,52.58948]]}},{"type":"Feature","properties":{"numer":"102876F","klasa":"droga gĹ‚Ăłwna ruchu przyĹ›pieszonego","kat":"powiatowa"},"geometry":{"type":"LineString","coordinates":[[15.48591,52.58948],[15.48689,52.59]]}},{"type":"Feature","properties":{"numer":"102876F","klasa":"droga gĹ‚Ăłwna ruchu przyĹ›pieszonego","kat":"powiatowa"},"geometry":{"type":"LineString","coordinates":[[15.48689,52.59],[15.48725,52.59019]]}},{"type":"Feature","properties":{"numer":"102876F","klasa":"droga gĹ‚Ăłwna ruchu przyĹ›pieszonego","kat":"powiatowa"},"geometry":{"type":"LineString","coordinates":[[15.50948,52.5909],[15.51004,52.59027]]}},{"type":"Feature","properties":{"numer":"102876F","klasa":"droga gĹ‚Ăłwna ruchu przyĹ›pieszonego","kat":"powiatowa"},"geometry":{"type":"LineString","coordinates":[[15.48725,52.59019],[15.48893,52.5911]]}},{"type":"Feature","properties":{"numer":"102876F","klasa":"droga gĹ‚Ăłwna ruchu przyĹ›pieszonego","kat":"powiatowa"},"geometry":{"type":"LineString","coordinates":[[15.48893,52.5911],[15.48977,52.59154]]}},{"type":"Feature","properties":{"numer":"102876F","klasa":"droga gĹ‚Ăłwna ruchu przyĹ›pieszonego","kat":"powiatowa"},"geometry":{"type":"LineString","coordinates":[[15.48977,52.59154],[15.49031,52.59183]]}},{"type":"Feature","properties":{"numer":"102876F","klasa":"droga gĹ‚Ăłwna ruchu przyĹ›pieszonego","kat":"powiatowa"},"geometry":{"type":"LineString","coordinates":[[15.50826,52.59293],[15.50857,52.59193],[15.50948,52.5909]]}},{"type":"Feature","properties":{"numer":"","klasa":"droga wewnÄ™trzna","kat":"gminna"},"geometry":{"type":"LineString","coordinates":[[15.52882,52.59248],[15.52995,52.59177]]}},{"type":"Feature","properties":{"numer":"102876F","klasa":"droga gĹ‚Ăłwna ruchu przyĹ›pieszonego","kat":"powiatowa"},"geometry":{"type":"LineString","coordinates":[[15.49031,52.59183],[15.49149,52.59246]]}},{"type":"Feature","properties":{"numer":"102866F","klasa":"droga lokalna","kat":"powiatowa"},"geometry":{"type":"LineString","coordinates":[[15.4973,52.59227],[15.49724,52.59231]]}},{"type":"Feature","properties":{"numer":"102805F","klasa":"droga lokalna","kat":"powiatowa"},"geometry":{"type":"LineString","coordinates":[[15.4973,52.59227],[15.49757,52.59255]]}},{"type":"Feature","properties":{"numer":"102876F","klasa":"droga gĹ‚Ăłwna ruchu przyĹ›pieszonego","kat":"powiatowa"},"geometry":{"type":"LineString","coordinates":[[15.49149,52.59246],[15.49185,52.59265]]}},{"type":"Feature","properties":{"numer":"102876F","klasa":"droga gĹ‚Ăłwna ruchu przyĹ›pieszonego","kat":"powiatowa"},"geometry":{"type":"LineString","coordinates":[[15.49185,52.59265],[15.4932,52.59337]]}},{"type":"Feature","properties":{"numer":"","klasa":"droga wewnÄ™trzna","kat":"gminna"},"geometry":{"type":"LineString","coordinates":[[15.52624,52.59376],[15.52755,52.5932],[15.52882,52.59248]]}},{"type":"Feature","properties":{"numer":"102866F","klasa":"droga lokalna","kat":"powiatowa"},"geometry":{"type":"LineString","coordinates":[[15.49724,52.59231],[15.49682,52.59252],[15.49462,52.59413]]}},{"type":"Feature","properties":{"numer":"102876F","klasa":"droga gĹ‚Ăłwna ruchu przyĹ›pieszonego","kat":"powiatowa"},"geometry":{"type":"LineString","coordinates":[[15.50805,52.59386],[15.50826,52.59293]]}},{"type":"Feature","properties":{"numer":"102876F","klasa":"droga gĹ‚Ăłwna ruchu przyĹ›pieszonego","kat":"powiatowa"},"geometry":{"type":"LineString","coordinates":[[15.4932,52.59337],[15.49379,52.59368]]}},{"type":"Feature","properties":{"numer":"102805F","klasa":"droga lokalna","kat":"powiatowa"},"geometry":{"type":"LineString","coordinates":[[15.49757,52.59255],[15.49852,52.59467]]}},{"type":"Feature","properties":{"numer":"","klasa":"droga wewnÄ™trzna","kat":"gminna"},"geometry":{"type":"LineString","coordinates":[[15.52571,52.59394],[15.52624,52.59376]]}},{"type":"Feature","properties":{"numer":"102876F","klasa":"droga gĹ‚Ăłwna ruchu przyĹ›pieszonego","kat":"powiatowa"},"geometry":{"type":"LineString","coordinates":[[15.49379,52.59368],[15.49462,52.59413]]}},{"type":"Feature","properties":{"numer":"","klasa":"droga wewnÄ™trzna","kat":"gminna"},"geometry":{"type":"LineString","coordinates":[[15.52512,52.5941],[15.52571,52.59394]]}},{"type":"Feature","properties":{"numer":"102876F","klasa":"droga gĹ‚Ăłwna ruchu przyĹ›pieszonego","kat":"powiatowa"},"geometry":{"type":"LineString","coordinates":[[15.50791,52.59437],[15.50805,52.59386]]}},{"type":"Feature","properties":{"numer":"","klasa":"droga wewnÄ™trzna","kat":"gminna"},"geometry":{"type":"LineString","coordinates":[[15.52469,52.59422],[15.52512,52.5941]]}},{"type":"Feature","properties":{"numer":"1349F","klasa":"","kat":"powiatowa"},"geometry":{"type":"LineString","coordinates":[[15.49379,52.59368],[15.48956,52.59465]]}},{"type":"Feature","properties":{"numer":"102876F","klasa":"droga gĹ‚Ăłwna ruchu przyĹ›pieszonego","kat":"powiatowa"},"geometry":{"type":"LineString","coordinates":[[15.49462,52.59413],[15.49531,52.5945]]}},{"type":"Feature","properties":{"numer":"","klasa":"droga wewnÄ™trzna","kat":"gminna"},"geometry":{"type":"LineString","coordinates":[[15.52291,52.59469],[15.52469,52.59422]]}},{"type":"Feature","properties":{"numer":"102876F","klasa":"droga gĹ‚Ăłwna ruchu przyĹ›pieszonego","kat":"powiatowa"},"geometry":{"type":"LineString","coordinates":[[15.49531,52.5945],[15.49685,52.59532]]}},{"type":"Feature","properties":{"numer":"","klasa":"droga wewnÄ™trzna","kat":"gminna"},"geometry":{"type":"LineString","coordinates":[[15.52106,52.5952],[15.52291,52.59469]]}},{"type":"Feature","properties":{"numer":"102805F","klasa":"droga lokalna","kat":"powiatowa"},"geometry":{"type":"LineString","coordinates":[[15.49852,52.59467],[15.49878,52.59525]]}},{"type":"Feature","properties":{"numer":"1349F","klasa":"","kat":"powiatowa"},"geometry":{"type":"LineString","coordinates":[[15.48956,52.59465],[15.4874,52.59518],[15.48667,52.59548],[15.4862,52.59546],[15.48446,52.59585]]}},{"type":"Feature","properties":{"numer":"102876F","klasa":"droga gĹ‚Ăłwna ruchu przyĹ›pieszonego","kat":"powiatowa"},"geometry":{"type":"LineString","coordinates":[[15.50731,52.59624],[15.50791,52.59437]]}},{"type":"Feature","properties":{"numer":"102876F","klasa":"droga gĹ‚Ăłwna ruchu przyĹ›pieszonego","kat":"powiatowa"},"geometry":{"type":"LineString","coordinates":[[15.49685,52.59532],[15.49739,52.59568]]}},{"type":"Feature","properties":{"numer":"102805F","klasa":"droga lokalna","kat":"powiatowa"},"geometry":{"type":"LineString","coordinates":[[15.49878,52.59525],[15.49902,52.59578]]}},{"type":"Feature","properties":{"numer":"","klasa":"droga wewnÄ™trzna","kat":"gminna"},"geometry":{"type":"LineString","coordinates":[[15.51582,52.59659],[15.52106,52.5952]]}},{"type":"Feature","properties":{"numer":"1349F","klasa":"","kat":"powiatowa"},"geometry":{"type":"LineString","coordinates":[[15.48446,52.59585],[15.48389,52.59599]]}},{"type":"Feature","properties":{"numer":"102805F","klasa":"droga lokalna","kat":"powiatowa"},"geometry":{"type":"LineString","coordinates":[[15.49902,52.59578],[15.49931,52.59637]]}},{"type":"Feature","properties":{"numer":"102805F","klasa":"droga lokalna","kat":"powiatowa"},"geometry":{"type":"LineString","coordinates":[[15.49931,52.59637],[15.49934,52.59644]]}},{"type":"Feature","properties":{"numer":"102876F","klasa":"droga gĹ‚Ăłwna ruchu przyĹ›pieszonego","kat":"powiatowa"},"geometry":{"type":"LineString","coordinates":[[15.50707,52.597],[15.50731,52.59624]]}},{"type":"Feature","properties":{"numer":"102805F","klasa":"droga lokalna","kat":"powiatowa"},"geometry":{"type":"LineString","coordinates":[[15.49934,52.59644],[15.49953,52.59686]]}},{"type":"Feature","properties":{"numer":"102805F","klasa":"droga lokalna","kat":"powiatowa"},"geometry":{"type":"LineString","coordinates":[[15.49953,52.59686],[15.49955,52.59691]]}},{"type":"Feature","properties":{"numer":"102876F","klasa":"droga gĹ‚Ăłwna ruchu przyĹ›pieszonego","kat":"powiatowa"},"geometry":{"type":"LineString","coordinates":[[15.49955,52.59691],[15.50189,52.59718],[15.50267,52.59736]]}},{"type":"Feature","properties":{"numer":"102876F","klasa":"droga gĹ‚Ăłwna ruchu przyĹ›pieszonego","kat":"powiatowa"},"geometry":{"type":"LineString","coordinates":[[15.50267,52.59736],[15.50302,52.5975]]}},{"type":"Feature","properties":{"numer":"102876F","klasa":"droga gĹ‚Ăłwna ruchu przyĹ›pieszonego","kat":"powiatowa"},"geometry":{"type":"LineString","coordinates":[[15.50673,52.59804],[15.50707,52.597]]}},{"type":"Feature","properties":{"numer":"102876F","klasa":"droga gĹ‚Ăłwna ruchu przyĹ›pieszonego","kat":"powiatowa"},"geometry":{"type":"LineString","coordinates":[[15.50302,52.5975],[15.50312,52.59756]]}},{"type":"Feature","properties":{"numer":"102876F","klasa":"droga gĹ‚Ăłwna ruchu przyĹ›pieszonego","kat":"powiatowa"},"geometry":{"type":"LineString","coordinates":[[15.50312,52.59756],[15.50387,52.59812]]}},{"type":"Feature","properties":{"numer":"102876F","klasa":"droga gĹ‚Ăłwna ruchu przyĹ›pieszonego","kat":"powiatowa"},"geometry":{"type":"LineString","coordinates":[[15.50671,52.59812],[15.50673,52.59804]]}},{"type":"Feature","properties":{"numer":"102876F","klasa":"droga gĹ‚Ăłwna ruchu przyĹ›pieszonego","kat":"powiatowa"},"geometry":{"type":"LineString","coordinates":[[15.50387,52.59812],[15.5043,52.59845]]}},{"type":"Feature","properties":{"numer":"102876F","klasa":"droga gĹ‚Ăłwna ruchu przyĹ›pieszonego","kat":"powiatowa"},"geometry":{"type":"LineString","coordinates":[[15.5043,52.59845],[15.50462,52.59864]]}},{"type":"Feature","properties":{"numer":"102876F","klasa":"droga gĹ‚Ăłwna ruchu przyĹ›pieszonego","kat":"powiatowa"},"geometry":{"type":"LineString","coordinates":[[15.50671,52.59812],[15.50642,52.599]]}},{"type":"Feature","properties":{"numer":"","klasa":"droga gĹ‚Ăłwna ruchu przyĹ›pieszonego","kat":"gminna"},"geometry":{"type":"LineString","coordinates":[[15.50642,52.599],[15.50555,52.59893],[15.50462,52.59864]]}},{"type":"Feature","properties":{"numer":"102835F,159","klasa":"droga zbiorcza","kat":"powiatowa"},"geometry":{"type":"LineString","coordinates":[[15.50642,52.599],[15.50624,52.59944]]}},{"type":"Feature","properties":{"numer":"102835F,159","klasa":"droga zbiorcza","kat":"powiatowa"},"geometry":{"type":"LineString","coordinates":[[15.50624,52.59944],[15.50473,52.60072],[15.50276,52.60176],[15.5017,52.60209]]}},{"type":"Feature","properties":{"numer":"102835F,159","klasa":"droga zbiorcza","kat":"powiatowa"},"geometry":{"type":"LineString","coordinates":[[15.5017,52.60209],[15.50001,52.60252]]}},{"type":"Feature","properties":{"numer":"102835F,159","klasa":"droga zbiorcza","kat":"powiatowa"},"geometry":{"type":"LineString","coordinates":[[15.50001,52.60252],[15.49888,52.6027],[15.49721,52.60246],[15.49652,52.60249],[15.48837,52.60413],[15.48735,52.60443],[15.48631,52.60496],[15.48577,52.6054],[15.48523,52.60602]]}},{"type":"Feature","properties":{"numer":"102835F,159","klasa":"droga zbiorcza","kat":"powiatowa"},"geometry":{"type":"LineString","coordinates":[[15.48523,52.60602],[15.48375,52.60851]]}},{"type":"Feature","properties":{"numer":"102835F,159","klasa":"droga zbiorcza","kat":"powiatowa"},"geometry":{"type":"LineString","coordinates":[[15.48375,52.60851],[15.48304,52.60972]]}},{"type":"Feature","properties":{"numer":"102876F","klasa":"droga gĹ‚Ăłwna ruchu przyĹ›pieszonego","kat":"powiatowa"},"geometry":{"type":"LineString","coordinates":[[15.47728,52.58763],[15.47801,52.58769]]}},{"type":"Feature","properties":{"numer":"102876F","klasa":"droga gĹ‚Ăłwna ruchu przyĹ›pieszonego","kat":"powiatowa"},"geometry":{"type":"LineString","coordinates":[[15.47801,52.58769],[15.47897,52.58778]]}},{"type":"Feature","properties":{"numer":"102876F","klasa":"droga gĹ‚Ăłwna ruchu przyĹ›pieszonego","kat":"powiatowa"},"geometry":{"type":"LineString","coordinates":[[15.47897,52.58778],[15.48142,52.58799]]}},{"type":"Feature","properties":{"numer":"1319F","klasa":"droga zbiorcza","kat":"powiatowa"},"geometry":{"type":"LineString","coordinates":[[15.42708,52.58819],[15.42675,52.58872]]}},{"type":"Feature","properties":{"numer":"24","klasa":"droga gĹ‚Ăłwna ruchu przyĹ›pieszonego","kat":"krajowa"},"geometry":{"type":"LineString","coordinates":[[15.42646,52.58935],[15.42732,52.58927],[15.42886,52.58874],[15.43009,52.58848]]}},{"type":"Feature","properties":{"numer":"1319F","klasa":"droga zbiorcza","kat":"powiatowa"},"geometry":{"type":"LineString","coordinates":[[15.42675,52.58872],[15.42654,52.58898],[15.42646,52.58935]]}},{"type":"Feature","properties":{"numer":"24","klasa":"droga gĹ‚Ăłwna ruchu przyĹ›pieszonego","kat":"krajowa"},"geometry":{"type":"LineString","coordinates":[[15.42646,52.58935],[15.42504,52.5893],[15.42336,52.58955]]}},{"type":"Feature","properties":{"numer":"","klasa":"droga gĹ‚Ăłwna ruchu przyĹ›pieszonego","kat":"gminna"},"geometry":{"type":"LineString","coordinates":[[15.4254,52.59075],[15.42626,52.58993],[15.42646,52.58935]]}},{"type":"Feature","properties":{"numer":"1349F","klasa":"","kat":"powiatowa"},"geometry":{"type":"LineString","coordinates":[[15.48389,52.59599],[15.45315,52.60316],[15.45226,52.60363],[15.44537,52.60795],[15.44501,52.60967],[15.44297,52.61118],[15.44194,52.61181],[15.44021,52.61237],[15.43621,52.61481],[15.40901,52.62249],[15.40768,52.62295],[15.4069,52.62371],[15.40671,52.62375],[15.40578,52.62362],[15.40529,52.62369],[15.40463,52.62393],[15.40338,52.62459],[15.40173,52.62509]]}},{"type":"Feature","properties":{"numer":"102835F,159","klasa":"droga zbiorcza","kat":"powiatowa"},"geometry":{"type":"LineString","coordinates":[[15.48304,52.60972],[15.48174,52.61181],[15.48122,52.61219],[15.48037,52.61248]]}},{"type":"Feature","properties":{"numer":"24","klasa":"droga gĹ‚Ăłwna ruchu przyĹ›pieszonego","kat":"krajowa"},"geometry":{"type":"LineString","coordinates":[[15.42336,52.58955],[15.41718,52.59052],[15.4161,52.59063],[15.41478,52.59068],[15.35024,52.59143],[15.305976681023186,52.589997637931965]]}},{"type":"Feature","properties":{"numer":"102835F,159","klasa":"droga zbiorcza","kat":"powiatowa"},"geometry":{"type":"LineString","coordinates":[[15.48037,52.61248],[15.48025,52.61252]]}},{"type":"Feature","properties":{"numer":"102835F,159","klasa":"droga zbiorcza","kat":"powiatowa"},"geometry":{"type":"LineString","coordinates":[[15.48025,52.61252],[15.47937,52.6128],[15.47887,52.6131],[15.47562,52.61631]]}},{"type":"Feature","properties":{"numer":"","klasa":"droga gĹ‚Ăłwna ruchu przyĹ›pieszonego","kat":"gminna"},"geometry":{"type":"LineString","coordinates":[[15.40226,52.62406],[15.40316,52.62224]]}},{"type":"Feature","properties":{"numer":"","klasa":"droga gĹ‚Ăłwna ruchu przyĹ›pieszonego","kat":"gminna"},"geometry":{"type":"LineString","coordinates":[[15.40173,52.62509],[15.40226,52.62406]]}},{"type":"Feature","properties":{"numer":"004913F","klasa":"droga lokalna","kat":"powiatowa"},"geometry":{"type":"LineString","coordinates":[[15.4009,52.62496],[15.39979,52.62478]]}},{"type":"Feature","properties":{"numer":"004913F","klasa":"droga lokalna","kat":"powiatowa"},"geometry":{"type":"LineString","coordinates":[[15.40173,52.62509],[15.4009,52.62496]]}},{"type":"Feature","properties":{"numer":"","klasa":"droga gĹ‚Ăłwna ruchu przyĹ›pieszonego","kat":"gminna"},"geometry":{"type":"LineString","coordinates":[[15.4014,52.62571],[15.40173,52.62509]]}},{"type":"Feature","properties":{"numer":"004913F","klasa":"droga lokalna","kat":"powiatowa"},"geometry":{"type":"LineString","coordinates":[[15.39878,52.62674],[15.39979,52.62478]]}},{"type":"Feature","properties":{"numer":"","klasa":"droga gĹ‚Ăłwna ruchu przyĹ›pieszonego","kat":"gminna"},"geometry":{"type":"LineString","coordinates":[[15.40067,52.62712],[15.4014,52.62571]]}},{"type":"Feature","properties":{"numer":"","klasa":"droga gĹ‚Ăłwna ruchu przyĹ›pieszonego","kat":"gminna"},"geometry":{"type":"LineString","coordinates":[[15.40012,52.62814],[15.40067,52.62712]]}},{"type":"Feature","properties":{"numer":"E65,S3","klasa":"droga ekspresowa","kat":"krajowa"},"geometry":{"type":"LineString","coordinates":[[15.4514,52.58608],[15.43927,52.59234],[15.43552,52.59446],[15.43229,52.59668],[15.42042,52.60582],[15.41768,52.60761],[15.41462,52.60924],[15.41119,52.61072],[15.40723,52.61206],[15.3917,52.61639],[15.38968,52.61718],[15.3878,52.61815],[15.38636,52.61912],[15.38473,52.62053],[15.371681820977145,52.63440735799707]]}},{"type":"Feature","properties":{"numer":"004913F","klasa":"droga lokalna","kat":"powiatowa"},"geometry":{"type":"LineString","coordinates":[[15.39878,52.62674],[15.3984,52.62913]]}},{"type":"Feature","properties":{"numer":"","klasa":"droga gĹ‚Ăłwna ruchu przyĹ›pieszonego","kat":"gminna"},"geometry":{"type":"LineString","coordinates":[[15.3999,52.62849],[15.40012,52.62814]]}},{"type":"Feature","properties":{"numer":"","klasa":"droga gĹ‚Ăłwna ruchu przyĹ›pieszonego","kat":"gminna"},"geometry":{"type":"LineString","coordinates":[[15.39932,52.62939],[15.3999,52.62849]]}},{"type":"Feature","properties":{"numer":"004913F","klasa":"droga lokalna","kat":"powiatowa"},"geometry":{"type":"LineString","coordinates":[[15.39932,52.62939],[15.3984,52.62913]]}},{"type":"Feature","properties":{"numer":"159","klasa":"droga zbiorcza","kat":"wojewodzka"},"geometry":{"type":"LineString","coordinates":[[15.47562,52.61631],[15.45693,52.63503],[15.45326,52.63914],[15.45213,52.64121],[15.45091,52.64216],[15.45086,52.64234]]}},{"type":"Feature","properties":{"numer":"","klasa":"droga gĹ‚Ăłwna ruchu przyĹ›pieszonego","kat":"gminna"},"geometry":{"type":"LineString","coordinates":[[15.39805,52.63135],[15.39932,52.62939]]}},{"type":"Feature","properties":{"numer":"","klasa":"droga gĹ‚Ăłwna ruchu przyĹ›pieszonego","kat":"gminna"},"geometry":{"type":"LineString","coordinates":[[15.39779,52.6318],[15.39805,52.63135]]}},{"type":"Feature","properties":{"numer":"","klasa":"droga gĹ‚Ăłwna ruchu przyĹ›pieszonego","kat":"gminna"},"geometry":{"type":"LineString","coordinates":[[15.39683,52.6334],[15.39779,52.6318]]}},{"type":"Feature","properties":{"numer":"","klasa":"droga gĹ‚Ăłwna ruchu przyĹ›pieszonego","kat":"gminna"},"geometry":{"type":"LineString","coordinates":[[15.39635,52.63417],[15.39683,52.6334]]}},{"type":"Feature","properties":{"numer":"","klasa":"droga gĹ‚Ăłwna ruchu przyĹ›pieszonego","kat":"gminna"},"geometry":{"type":"LineString","coordinates":[[15.39606,52.63464],[15.39635,52.63417]]}},{"type":"Feature","properties":{"numer":"","klasa":"droga gĹ‚Ăłwna ruchu przyĹ›pieszonego","kat":"gminna"},"geometry":{"type":"LineString","coordinates":[[15.39391,52.63793],[15.39606,52.63464]]}},{"type":"Feature","properties":{"numer":"1351F","klasa":"droga zbiorcza","kat":"powiatowa"},"geometry":{"type":"LineString","coordinates":[[15.45086,52.64234],[15.44977,52.64203],[15.44792,52.64189],[15.44748,52.64281],[15.44565,52.6451],[15.44345,52.64731],[15.44258,52.64801],[15.44237,52.6485],[15.44197,52.65403],[15.44186,52.65435],[15.4408,52.65576],[15.43204,52.66442],[15.432,52.66518],[15.43304,52.66903],[15.43297,52.66936],[15.43226,52.67053],[15.43198,52.67135],[15.43238,52.67791],[15.43225,52.67816],[15.42972,52.68084],[15.42936,52.68131],[15.42889,52.68224]]}},{"type":"Feature","properties":{"numer":"159","klasa":"droga zbiorcza","kat":"wojewodzka"},"geometry":{"type":"LineString","coordinates":[[15.45086,52.64234],[15.45201,52.6429],[15.45223,52.64308],[15.45336,52.64525],[15.45601,52.64814],[15.45673,52.64857],[15.46321,52.65143],[15.46374,52.65183],[15.46414,52.65243],[15.46517,52.65715],[15.46526,52.65897],[15.46803,52.68002],[15.46813,52.68115],[15.46804,52.68299]]}},{"type":"Feature","properties":{"numer":"1352F","klasa":"droga zbiorcza","kat":"powiatowa"},"geometry":{"type":"LineString","coordinates":[[15.42889,52.68224],[15.44638,52.68534],[15.44789,52.68546],[15.44897,52.6853],[15.4497,52.6853],[15.45135,52.68541],[15.45327,52.68565],[15.45374,52.68561],[15.45551,52.68514],[15.45691,52.68494],[15.45859,52.68432],[15.46039,52.68402],[15.46241,52.68292],[15.46346,52.6826],[15.46472,52.68265],[15.46804,52.68299]]}},{"type":"Feature","properties":{"numer":"1351F,1352F","klasa":"droga zbiorcza","kat":"powiatowa"},"geometry":{"type":"LineString","coordinates":[[15.42889,52.68224],[15.42809,52.68371],[15.42602,52.68618],[15.42478,52.68933],[15.42403,52.69016]]}},{"type":"Feature","properties":{"numer":"1352F","klasa":"droga zbiorcza","kat":"powiatowa"},"geometry":{"type":"LineString","coordinates":[[15.42388,52.69032],[15.40812,52.68541],[15.4079,52.68567],[15.40758,52.68754],[15.40718,52.6885]]}},{"type":"Feature","properties":{"numer":"1351F,1352F","klasa":"droga zbiorcza","kat":"powiatowa"},"geometry":{"type":"LineString","coordinates":[[15.42403,52.69016],[15.42401,52.69019]]}},{"type":"Feature","properties":{"numer":"1351F,1352F","klasa":"droga zbiorcza","kat":"powiatowa"},"geometry":{"type":"LineString","coordinates":[[15.42401,52.69019],[15.42388,52.69032]]}},{"type":"Feature","properties":{"numer":"159","klasa":"droga zbiorcza","kat":"wojewodzka"},"geometry":{"type":"LineString","coordinates":[[15.46804,52.68299],[15.46764,52.69209],[15.46752,52.69254],[15.46618,52.6953],[15.46632,52.69889],[15.46671,52.69941],[15.46747339389535,52.69997683139535]]}},{"type":"Feature","properties":{"numer":"1351F","klasa":"droga zbiorcza","kat":"powiatowa"},"geometry":{"type":"LineString","coordinates":[[15.42388,52.69032],[15.42262,52.69152],[15.42249,52.69177],[15.42211,52.69658],[15.422490272877889,52.698417985576455]]}},{"type":"Feature","properties":{"numer":"1338F","klasa":"droga zbiorcza","kat":"powiatowa"},"geometry":{"type":"LineString","coordinates":[[15.84421,52.45451],[15.84742,52.45286],[15.85362,52.45002],[15.85525,52.44919],[15.85852,52.44774],[15.85907,52.4471],[15.86042,52.44465],[15.86124,52.44359],[15.86334,52.43987],[15.86384,52.43949],[15.86626,52.4381],[15.86757,52.43754],[15.86786,52.43729],[15.86946,52.43519],[15.869566637168136,52.43515001106195]]}},{"type":"Feature","properties":{"numer":"1337F","klasa":"droga zbiorcza","kat":"powiatowa"},"geometry":{"type":"LineString","coordinates":[[15.84881,52.45651],[15.85038,52.45719],[15.85375,52.45823],[15.85584,52.45875],[15.85859,52.45929],[15.87437,52.46118],[15.8772,52.46157],[15.88119,52.462],[15.88264,52.46189],[15.89261,52.46043]]}},{"type":"Feature","properties":{"numer":"2729P","klasa":"droga zbiorcza","kat":"powiatowa"},"geometry":{"type":"LineString","coordinates":[[15.89272,52.46044],[15.892723198024573,52.460440151770655]]}},{"type":"Feature","properties":{"numer":"2729P","klasa":"droga zbiorcza","kat":"powiatowa"},"geometry":{"type":"LineString","coordinates":[[15.89261,52.46043],[15.89272,52.46044]]}},{"type":"Feature","properties":{"numer":"1335F","klasa":"droga zbiorcza","kat":"powiatowa"},"geometry":{"type":"LineString","coordinates":[[15.84669,52.45552],[15.84694,52.45583],[15.84947,52.46631],[15.85077,52.46897],[15.85091,52.46947],[15.85082,52.4707],[15.84902,52.47397],[15.84891,52.47435],[15.84887,52.47576],[15.84891,52.47745],[15.8492,52.47914],[15.85058,52.48239],[15.85136,52.48364],[15.85156,52.48417],[15.85105,52.48791],[15.85075,52.48844],[15.85194,52.48953],[15.85327,52.49017]]}},{"type":"Feature","properties":{"numer":"1336F","klasa":"droga zbiorcza","kat":"powiatowa"},"geometry":{"type":"LineString","coordinates":[[15.85327,52.49017],[15.85379,52.49031]]}},{"type":"Feature","properties":{"numer":"1329F","klasa":"droga zbiorcza","kat":"powiatowa"},"geometry":{"type":"LineString","coordinates":[[15.77422,52.47661],[15.76773,52.47784],[15.76548,52.47789],[15.76399,52.47806],[15.75079,52.48265]]}},{"type":"Feature","properties":{"numer":"1332F","klasa":"droga gĹ‚Ăłwna","kat":"powiatowa"},"geometry":{"type":"LineString","coordinates":[[15.77492,52.48506],[15.7755,52.48327],[15.77662,52.48187],[15.77697,52.4815],[15.77755,52.48117],[15.77925,52.47978],[15.78001,52.4797],[15.78053,52.4795],[15.78099,52.47916],[15.78115,52.479],[15.78122,52.47863],[15.781,52.47797]]}},{"type":"Feature","properties":{"numer":"1332F","klasa":"droga gĹ‚Ăłwna","kat":"powiatowa"},"geometry":{"type":"LineString","coordinates":[[15.78504,52.50188],[15.78448,52.49841],[15.78364,52.49651],[15.78138,52.49371],[15.7809,52.49335],[15.7797,52.49268],[15.77918,52.49222],[15.77833,52.49038],[15.77611,52.48797],[15.77569,52.48656],[15.77492,52.48506]]}},{"type":"Feature","properties":{"numer":"1328F","klasa":"droga zbiorcza","kat":"powiatowa"},"geometry":{"type":"LineString","coordinates":[[15.77492,52.48506],[15.77363,52.48652],[15.7696,52.49002],[15.76942,52.49039],[15.76919,52.49205],[15.76868,52.49285],[15.76592,52.49471],[15.76503,52.49544],[15.76045,52.49951],[15.75822,52.50377],[15.75803,52.50494],[15.75776,52.50512],[15.75741,52.50516]]}},{"type":"Feature","properties":{"numer":"1336F","klasa":"droga zbiorcza","kat":"powiatowa"},"geometry":{"type":"LineString","coordinates":[[15.85244,52.49213],[15.8503,52.4932],[15.8492,52.49338],[15.84831,52.4936],[15.84791,52.49379],[15.84758,52.49441],[15.84721,52.49567],[15.84606,52.49661],[15.84154,52.49783],[15.83995,52.49843],[15.83844,52.4988],[15.83589,52.49972],[15.83095,52.50213],[15.82977,52.50286],[15.82849,52.50346],[15.82029,52.50802],[15.81823,52.50907],[15.81753,52.50936],[15.81688,52.50949],[15.81568,52.50913]]}},{"type":"Feature","properties":{"numer":"1334F","klasa":"droga zbiorcza","kat":"powiatowa"},"geometry":{"type":"LineString","coordinates":[[15.81568,52.50913],[15.81322,52.50786],[15.81196,52.50707],[15.80978,52.50482],[15.80922,52.50455],[15.80719,52.50388],[15.80337,52.50341],[15.79602,52.50388],[15.79413,52.50354],[15.78817,52.502],[15.78504,52.50188]]}},{"type":"Feature","properties":{"numer":"1328F","klasa":"droga zbiorcza","kat":"powiatowa"},"geometry":{"type":"LineString","coordinates":[[15.75741,52.50516],[15.75424,52.50519],[15.75389,52.50539],[15.75304,52.50615],[15.75156,52.50692]]}},{"type":"Feature","properties":{"numer":"1332F","klasa":"droga gĹ‚Ăłwna","kat":"powiatowa"},"geometry":{"type":"LineString","coordinates":[[15.7853,52.51544],[15.7855,52.51154],[15.78585,52.50995],[15.78572,52.50942],[15.78474,52.50793],[15.78461,52.50748],[15.78512,52.50551],[15.78518,52.50299],[15.78504,52.50188]]}},{"type":"Feature","properties":{"numer":"1334F","klasa":"droga zbiorcza","kat":"powiatowa"},"geometry":{"type":"LineString","coordinates":[[15.81747,52.51059],[15.81695,52.51025],[15.81644,52.50967],[15.81568,52.50913]]}},{"type":"Feature","properties":{"numer":"1334F","klasa":"droga zbiorcza","kat":"powiatowa"},"geometry":{"type":"LineString","coordinates":[[15.84529,52.52183],[15.82994,52.51571],[15.81747,52.51059]]}},{"type":"Feature","properties":{"numer":"1335F","klasa":"droga zbiorcza","kat":"powiatowa"},"geometry":{"type":"LineString","coordinates":[[15.85327,52.49017],[15.8533,52.49068]]}},{"type":"Feature","properties":{"numer":"1336F","klasa":"droga zbiorcza","kat":"powiatowa"},"geometry":{"type":"LineString","coordinates":[[15.8533,52.49068],[15.85352,52.49043],[15.85379,52.49031]]}},{"type":"Feature","properties":{"numer":"1335F,1336F","klasa":"droga zbiorcza","kat":"powiatowa"},"geometry":{"type":"LineString","coordinates":[[15.8533,52.49068],[15.85315,52.49108],[15.85244,52.49213]]}},{"type":"Feature","properties":{"numer":"1336F","klasa":"droga zbiorcza","kat":"powiatowa"},"geometry":{"type":"LineString","coordinates":[[15.85379,52.49031],[15.85574,52.49066],[15.85916,52.4909],[15.86245,52.49084],[15.86449,52.49058],[15.86553,52.49061],[15.86632,52.4908],[15.87279,52.49312],[15.87329,52.49322],[15.88035,52.49296]]}},{"type":"Feature","properties":{"numer":"1727P","klasa":"","kat":"powiatowa"},"geometry":{"type":"LineString","coordinates":[[15.88036409457556,52.49295956269813],[15.88035,52.49296]]}},{"type":"Feature","properties":{"numer":"1335F","klasa":"droga zbiorcza","kat":"powiatowa"},"geometry":{"type":"LineString","coordinates":[[15.85244,52.49213],[15.85217,52.4928],[15.85113,52.49688],[15.85053,52.5023],[15.85052,52.50312],[15.85065,52.5038],[15.8534,52.50882],[15.85742,52.51338],[15.857972466850642,52.513835542841754]]}},{"type":"Feature","properties":{"numer":"1725P","klasa":"","kat":"powiatowa"},"geometry":{"type":"LineString","coordinates":[[15.845701693200688,52.52203945794421],[15.84529,52.52183]]}},{"type":"Feature","properties":{"numer":"004404F,1332F","klasa":"droga gĹ‚Ăłwna","kat":"powiatowa"},"geometry":{"type":"LineString","coordinates":[[15.78523,52.51712],[15.7853,52.51544]]}},{"type":"Feature","properties":{"numer":"1332F","klasa":"droga gĹ‚Ăłwna","kat":"powiatowa"},"geometry":{"type":"LineString","coordinates":[[15.789,52.52359],[15.78535,52.5187],[15.78521,52.51808],[15.78523,52.51712]]}},{"type":"Feature","properties":{"numer":"1333F","klasa":"droga zbiorcza","kat":"powiatowa"},"geometry":{"type":"LineString","coordinates":[[15.789,52.52359],[15.78826,52.52379],[15.78661,52.52406],[15.77895,52.52454],[15.77716,52.52477],[15.77645,52.52493]]}},{"type":"Feature","properties":{"numer":"1333F","klasa":"droga zbiorcza","kat":"powiatowa"},"geometry":{"type":"LineString","coordinates":[[15.77645,52.52493],[15.77523,52.52547],[15.77465,52.52586]]}},{"type":"Feature","properties":{"numer":"004406F,1333F","klasa":"droga zbiorcza","kat":"powiatowa"},"geometry":{"type":"LineString","coordinates":[[15.77465,52.52586],[15.77416,52.52662],[15.7741,52.52694],[15.77434,52.52834]]}},{"type":"Feature","properties":{"numer":"1333F","klasa":"droga zbiorcza","kat":"powiatowa"},"geometry":{"type":"LineString","coordinates":[[15.77434,52.52834],[15.77411,52.52853],[15.77191,52.5294]]}},{"type":"Feature","properties":{"numer":"1332F","klasa":"droga gĹ‚Ăłwna","kat":"powiatowa"},"geometry":{"type":"LineString","coordinates":[[15.80865,52.54531],[15.80756,52.54458],[15.80714,52.54422],[15.8066,52.54353],[15.80354,52.53716],[15.80052,52.53346],[15.7994,52.53251],[15.79198,52.52744],[15.79115,52.52651],[15.789,52.52359]]}},{"type":"Feature","properties":{"numer":"004401F,1332F","klasa":"droga gĹ‚Ăłwna","kat":"powiatowa"},"geometry":{"type":"LineString","coordinates":[[15.81038,52.54592],[15.80865,52.54531]]}},{"type":"Feature","properties":{"numer":"1332F","klasa":"droga gĹ‚Ăłwna","kat":"powiatowa"},"geometry":{"type":"LineString","coordinates":[[15.8427,52.55928],[15.84096,52.55811],[15.8401,52.55772],[15.82968,52.55509],[15.82887,52.55476],[15.82813,52.55421],[15.82609,52.55232],[15.82372,52.54862],[15.82294,52.54795],[15.82177,52.54756],[15.81807,52.54664],[15.81713,52.54666],[15.81512,52.54694],[15.81471,52.54693],[15.81038,52.54592]]}},{"type":"Feature","properties":{"numer":"1332F","klasa":"droga gĹ‚Ăłwna","kat":"powiatowa"},"geometry":{"type":"LineString","coordinates":[[15.84286,52.55954],[15.8427,52.55928]]}},{"type":"Feature","properties":{"numer":"24","klasa":"droga gĹ‚Ăłwna ruchu przyĹ›pieszonego","kat":"krajowa"},"geometry":{"type":"LineString","coordinates":[[15.843086639344264,52.55953],[15.84308,52.55953]]}},{"type":"Feature","properties":{"numer":"24","klasa":"droga gĹ‚Ăłwna ruchu przyĹ›pieszonego","kat":"krajowa"},"geometry":{"type":"LineString","coordinates":[[15.84286,52.55954],[15.84308,52.55953]]}},{"type":"Feature","properties":{"numer":"24","klasa":"droga gĹ‚Ăłwna ruchu przyĹ›pieszonego","kat":"krajowa"},"geometry":{"type":"LineString","coordinates":[[15.80164,52.5673],[15.80266,52.567],[15.8135,52.56242],[15.81512,52.56196],[15.81809,52.56165],[15.84286,52.55954]]}},{"type":"Feature","properties":{"numer":"1323F","klasa":"droga zbiorcza","kat":"powiatowa"},"geometry":{"type":"LineString","coordinates":[[15.80554,52.56834],[15.80295,52.56783],[15.80184,52.56745],[15.80164,52.5673]]}},{"type":"Feature","properties":{"numer":"24","klasa":"droga gĹ‚Ăłwna ruchu przyĹ›pieszonego","kat":"krajowa"},"geometry":{"type":"LineString","coordinates":[[15.73519,52.57002],[15.74732,52.56864],[15.7992,52.56743],[15.801,52.56738],[15.80164,52.5673]]}},{"type":"Feature","properties":{"numer":"1323F","klasa":"droga zbiorcza","kat":"powiatowa"},"geometry":{"type":"LineString","coordinates":[[15.79916,52.58594],[15.80274,52.58554],[15.80255,52.58268],[15.80286,52.58077],[15.80316,52.58012],[15.8049,52.5774],[15.80787,52.57358],[15.80792,52.57295],[15.80708,52.56904],[15.80655,52.56859],[15.80554,52.56834]]}},{"type":"Feature","properties":{"numer":"1323F","klasa":"droga zbiorcza","kat":"powiatowa"},"geometry":{"type":"LineString","coordinates":[[15.79571,52.58983],[15.7956,52.58896],[15.79578,52.58848],[15.79715,52.58766],[15.79782,52.58748],[15.7981,52.58729],[15.79893,52.58606],[15.79916,52.58594]]}},{"type":"Feature","properties":{"numer":"192","klasa":"droga zbiorcza","kat":"wojewodzka"},"geometry":{"type":"LineString","coordinates":[[15.73519,52.57002],[15.73687,52.57418],[15.73732,52.57461],[15.74121,52.57704],[15.73958,52.58058],[15.73951,52.58157],[15.73916,52.58228],[15.7386,52.58296],[15.73841,52.58334],[15.7383,52.5845],[15.73925,52.59005],[15.74013,52.59432],[15.74496,52.60591],[15.74592,52.61611],[15.74608,52.61676],[15.74731,52.61976],[15.74597,52.62366]]}},{"type":"Feature","properties":{"numer":"1323F","klasa":"droga zbiorcza","kat":"powiatowa"},"geometry":{"type":"LineString","coordinates":[[15.77672,52.62526],[15.77515,52.62397],[15.77531,52.62279],[15.77507,52.62067],[15.77518,52.62056],[15.77714,52.62047],[15.77764,52.62037],[15.77905,52.61955],[15.77932,52.61927],[15.77962,52.61877],[15.77987,52.61796],[15.7798,52.61669],[15.78003,52.61618],[15.78044,52.61567],[15.78066,52.6146],[15.78109,52.61358],[15.78175,52.61262],[15.78229,52.61219],[15.7826,52.61157],[15.78295,52.61115],[15.78441,52.60744],[15.78805,52.60725],[15.78891,52.60714],[15.79231,52.60626],[15.796,52.60576],[15.79548,52.60348],[15.79529,52.60206],[15.7952,52.60008],[15.79478,52.5979],[15.79482,52.59673],[15.79513,52.59571],[15.7952,52.59506],[15.79612,52.59228],[15.79621,52.59107],[15.79571,52.58983]]}},{"type":"Feature","properties":{"numer":"1717P","klasa":"","kat":"powiatowa"},"geometry":{"type":"LineString","coordinates":[[15.79833,52.6222],[15.798526579212915,52.62209702993609]]}},{"type":"Feature","properties":{"numer":"1322F","klasa":"","kat":"powiatowa"},"geometry":{"type":"LineString","coordinates":[[15.7824,52.62551],[15.78086,52.62522],[15.77918,52.62505],[15.7779,52.62509],[15.77672,52.62526]]}},{"type":"Feature","properties":{"numer":"1322F","klasa":"","kat":"powiatowa"},"geometry":{"type":"LineString","coordinates":[[15.7824,52.62551],[15.78421,52.62601],[15.79091,52.62861],[15.7915,52.6287],[15.79274,52.6287],[15.79276,52.62792],[15.793,52.62708],[15.79368,52.62602],[15.79533,52.62458],[15.79651,52.62391],[15.79771,52.62257],[15.79833,52.6222]]}},{"type":"Feature","properties":{"numer":"1322F","klasa":"","kat":"powiatowa"},"geometry":{"type":"LineString","coordinates":[[15.77672,52.62526],[15.76994,52.62656],[15.7628,52.62767],[15.76143,52.62772],[15.75899,52.62744],[15.75732,52.62713],[15.75111,52.62479],[15.74597,52.62366]]}},{"type":"Feature","properties":{"numer":"192","klasa":"droga zbiorcza","kat":"wojewodzka"},"geometry":{"type":"LineString","coordinates":[[15.74597,52.62366],[15.7453,52.62532],[15.74274,52.62797]]}},{"type":"Feature","properties":{"numer":"192","klasa":"droga zbiorcza","kat":"wojewodzka"},"geometry":{"type":"LineString","coordinates":[[15.74274,52.62797],[15.74271,52.628]]}},{"type":"Feature","properties":{"numer":"192","klasa":"droga zbiorcza","kat":"wojewodzka"},"geometry":{"type":"LineString","coordinates":[[15.74271,52.628],[15.7394,52.63142]]}},{"type":"Feature","properties":{"numer":"1328F","klasa":"droga zbiorcza","kat":"powiatowa"},"geometry":{"type":"LineString","coordinates":[[15.64839,52.46792],[15.64844,52.46793]]}},{"type":"Feature","properties":{"numer":"1328F","klasa":"droga zbiorcza","kat":"powiatowa"},"geometry":{"type":"LineString","coordinates":[[15.64844,52.46793],[15.6501,52.4683],[15.6505,52.4685],[15.65095,52.46888],[15.65134,52.46934],[15.65145,52.47049],[15.65159,52.47076],[15.65198,52.47116],[15.65448,52.47308],[15.65495,52.47435],[15.65512,52.47457]]}},{"type":"Feature","properties":{"numer":"1328F","klasa":"droga zbiorcza","kat":"powiatowa"},"geometry":{"type":"LineString","coordinates":[[15.65512,52.47457],[15.65755,52.47633]]}},{"type":"Feature","properties":{"numer":"1328F","klasa":"droga zbiorcza","kat":"powiatowa"},"geometry":{"type":"LineString","coordinates":[[15.65755,52.47633],[15.66795,52.48401],[15.67174,52.48833],[15.67242,52.48899],[15.67371,52.48957],[15.67739,52.49081],[15.68016,52.49227],[15.68199,52.4935],[15.68276,52.49417],[15.68511,52.49716],[15.68736,52.49904],[15.6886,52.49973],[15.69247,52.50107],[15.69318,52.50149],[15.69384,52.50229],[15.69519,52.50504],[15.69553,52.50669]]}},{"type":"Feature","properties":{"numer":"1329F","klasa":"","kat":"powiatowa"},"geometry":{"type":"LineString","coordinates":[[15.75079,52.48265],[15.74692,52.48213],[15.74615,52.48221],[15.74546,52.48264],[15.74346,52.48329],[15.74232,52.484],[15.73692,52.48537],[15.73603,52.48521],[15.73393,52.48622],[15.73363,52.48648],[15.73289,52.48687],[15.73074,52.48738],[15.73043,52.48815],[15.73085,52.48928],[15.73084,52.48957],[15.73024,52.49004],[15.72984,52.49056],[15.72814,52.49099],[15.72717,52.49156],[15.72609,52.49171],[15.72463,52.49205],[15.7238,52.49266],[15.72343,52.49312],[15.72228,52.49357],[15.72148,52.49401],[15.71613,52.49563],[15.71375,52.49613],[15.71278,52.49651],[15.71184,52.49672],[15.71088,52.49714],[15.70953,52.49781],[15.70912,52.49854],[15.70899,52.49931],[15.70849,52.49972],[15.70743,52.50033],[15.7066,52.50103],[15.70531,52.50173],[15.70475,52.50194],[15.70217,52.50243],[15.70139,52.50288],[15.7,52.50389],[15.69723,52.50503],[15.69573,52.50637],[15.69553,52.50669]]}},{"type":"Feature","properties":{"numer":"1328F","klasa":"droga zbiorcza","kat":"powiatowa"},"geometry":{"type":"LineString","coordinates":[[15.75156,52.50692],[15.74833,52.50864],[15.74751,52.50883],[15.74668,52.50879],[15.74611,52.50865],[15.74568,52.50845],[15.7375,52.5026],[15.73675,52.50218],[15.73601,52.50202],[15.73087,52.50149],[15.72145,52.50099],[15.71724,52.50156],[15.71692,52.50169],[15.71624,52.50225],[15.71561,52.50259],[15.71491,52.50279],[15.71363,52.50302],[15.71267,52.50334],[15.70546,52.50761],[15.70453,52.50834],[15.70375,52.50914],[15.7033,52.50938],[15.70235,52.50961],[15.70177,52.50961],[15.70122,52.50952],[15.70047,52.50927]]}},{"type":"Feature","properties":{"numer":"1328F","klasa":"droga zbiorcza","kat":"powiatowa"},"geometry":{"type":"LineString","coordinates":[[15.69553,52.50669],[15.69613,52.50709],[15.69766,52.50746],[15.69768,52.50809],[15.69817,52.50842]]}},{"type":"Feature","properties":{"numer":"1328F","klasa":"droga zbiorcza","kat":"powiatowa"},"geometry":{"type":"LineString","coordinates":[[15.69817,52.50842],[15.69825,52.50843]]}},{"type":"Feature","properties":{"numer":"1328F","klasa":"droga zbiorcza","kat":"powiatowa"},"geometry":{"type":"LineString","coordinates":[[15.69825,52.50843],[15.70047,52.50927]]}},{"type":"Feature","properties":{"numer":"1330F","klasa":"","kat":"powiatowa"},"geometry":{"type":"LineString","coordinates":[[15.70902,52.5391],[15.70952,52.53827],[15.71233,52.53484],[15.71365,52.5338],[15.71861,52.53035],[15.72195,52.52881],[15.72383,52.52759],[15.72615,52.52641],[15.73006,52.52424],[15.73041,52.52414],[15.73166,52.5241],[15.7326,52.52396],[15.73314,52.52382],[15.73344,52.52364],[15.73632,52.52112],[15.7507,52.51056],[15.75086,52.51035],[15.75135,52.50859],[15.75156,52.50692]]}},{"type":"Feature","properties":{"numer":"E65,S3","klasa":"droga gĹ‚Ăłwna ruchu przyĹ›pieszonego","kat":"gminna"},"geometry":{"type":"LineString","coordinates":[[15.56688,52.46287],[15.56857,52.46281],[15.56935,52.46264]]}},{"type":"Feature","properties":{"numer":"102151F","klasa":"droga zbiorcza","kat":"powiatowa"},"geometry":{"type":"LineString","coordinates":[[15.56935,52.46264],[15.56941,52.46308]]}},{"type":"Feature","properties":{"numer":"E65,S3","klasa":"droga gĹ‚Ăłwna ruchu przyĹ›pieszonego","kat":"gminna"},"geometry":{"type":"LineString","coordinates":[[15.56497,52.46293],[15.56688,52.46287]]}},{"type":"Feature","properties":{"numer":"E65,S3","klasa":"droga gĹ‚Ăłwna ruchu przyĹ›pieszonego","kat":"gminna"},"geometry":{"type":"LineString","coordinates":[[15.56455,52.46294],[15.56497,52.46293]]}},{"type":"Feature","properties":{"numer":"1326F","klasa":"droga zbiorcza","kat":"powiatowa"},"geometry":{"type":"LineString","coordinates":[[15.62107,52.50903],[15.62031,52.50886],[15.62015,52.50876],[15.62013,52.50794],[15.61991,52.50714],[15.61864,52.50556],[15.61648,52.50351],[15.60145,52.48728],[15.5792,52.45721]]}},{"type":"Feature","properties":{"numer":"1326F","klasa":"droga zbiorcza","kat":"powiatowa"},"geometry":{"type":"LineString","coordinates":[[15.6528,52.52954],[15.65003,52.525],[15.64866,52.52368],[15.64711,52.5225],[15.63949,52.51825],[15.6326,52.5128],[15.63186,52.51243],[15.62781,52.51104],[15.62749,52.51086],[15.6269,52.51029],[15.62636,52.51005],[15.6239,52.50969],[15.62107,52.50903]]}},{"type":"Feature","properties":{"numer":"1321F","klasa":"droga zbiorcza","kat":"powiatowa"},"geometry":{"type":"LineString","coordinates":[[15.58973,52.53781],[15.59092,52.53781],[15.59378,52.53804],[15.59916,52.53813],[15.60007,52.53795],[15.60056,52.53766],[15.60236,52.53565],[15.60342,52.53429],[15.60462,52.53189],[15.6066,52.52897],[15.60841,52.52605],[15.61077,52.52164],[15.61299,52.51839],[15.61445,52.51692],[15.61905,52.51133],[15.61983,52.51023],[15.62006,52.51001],[15.62094,52.50952],[15.62107,52.50903]]}},{"type":"Feature","properties":{"numer":"1320F","klasa":"droga zbiorcza","kat":"powiatowa"},"geometry":{"type":"LineString","coordinates":[[15.58973,52.53781],[15.58901,52.53788],[15.58763,52.53758],[15.58689,52.53596],[15.58642,52.53533],[15.58611,52.53502],[15.58398,52.53364],[15.5837,52.53337],[15.58366,52.53308],[15.58396,52.53264],[15.58471,52.53019],[15.58461,52.52971],[15.58387,52.52873],[15.58323,52.52855],[15.57862,52.52816],[15.57795,52.52812],[15.57739,52.52822],[15.57327,52.52943],[15.56918,52.53086],[15.56885,52.53107],[15.56705,52.53166],[15.56581,52.53198],[15.56341,52.53211],[15.54989,52.53346],[15.54313,52.53496],[15.54253,52.53501]]}},{"type":"Feature","properties":{"numer":"1320F,1321F","klasa":"droga zbiorcza","kat":"powiatowa"},"geometry":{"type":"LineString","coordinates":[[15.5898,52.53974],[15.58989,52.53937],[15.58958,52.53861],[15.58973,52.53781]]}},{"type":"Feature","properties":{"numer":"1320F","klasa":"droga zbiorcza","kat":"powiatowa"},"geometry":{"type":"LineString","coordinates":[[15.5898,52.53974],[15.58991,52.54015],[15.59037,52.54092],[15.59137,52.54249],[15.59164,52.54268],[15.59504,52.54384],[15.60599,52.54694],[15.61845,52.55068],[15.61896,52.55067],[15.61982,52.55017],[15.62186,52.54955],[15.62456,52.54948],[15.6316,52.5497],[15.63421,52.54961]]}},{"type":"Feature","properties":{"numer":"1320F","klasa":"droga zbiorcza","kat":"powiatowa"},"geometry":{"type":"LineString","coordinates":[[15.63421,52.54961],[15.63591,52.54955],[15.63889,52.54917]]}},{"type":"Feature","properties":{"numer":"1321F","klasa":"droga zbiorcza","kat":"powiatowa"},"geometry":{"type":"LineString","coordinates":[[15.56632,52.56883],[15.56691,52.56738],[15.57523,52.55424],[15.57957,52.54954],[15.58106,52.54564],[15.58293,52.54415],[15.58607,52.54198],[15.5875,52.54105],[15.5898,52.53974]]}},{"type":"Feature","properties":{"numer":"1326F","klasa":"droga zbiorcza","kat":"powiatowa"},"geometry":{"type":"LineString","coordinates":[[15.6349,52.5713],[15.63486,52.57093],[15.6364,52.56389],[15.63675,52.56355],[15.63875,52.56282],[15.63924,52.56241],[15.63942,52.56206],[15.63902,52.55604],[15.63955,52.55449],[15.64092,52.55168],[15.64096,52.55142],[15.64075,52.55099],[15.64016,52.55029],[15.6397,52.54981],[15.63919,52.54948],[15.63889,52.54917]]}},{"type":"Feature","properties":{"numer":"24","klasa":"droga gĹ‚Ăłwna ruchu przyĹ›pieszonego","kat":"krajowa"},"geometry":{"type":"LineString","coordinates":[[15.55475,52.56451],[15.557,52.56488],[15.55896,52.56533],[15.56106,52.56602],[15.5627,52.56673],[15.56357,52.5672],[15.56484,52.56801],[15.56623,52.56908]]}},{"type":"Feature","properties":{"numer":"1321F","klasa":"droga zbiorcza","kat":"powiatowa"},"geometry":{"type":"LineString","coordinates":[[15.56623,52.56908],[15.56632,52.56883]]}},{"type":"Feature","properties":{"numer":"1321F","klasa":"droga zbiorcza","kat":"powiatowa"},"geometry":{"type":"LineString","coordinates":[[15.56616,52.56929],[15.56623,52.56908]]}},{"type":"Feature","properties":{"numer":"1326F","klasa":"droga zbiorcza","kat":"powiatowa"},"geometry":{"type":"LineString","coordinates":[[15.63513,52.57198],[15.6349,52.5713]]}},{"type":"Feature","properties":{"numer":"24","klasa":"droga gĹ‚Ăłwna ruchu przyĹ›pieszonego","kat":"krajowa"},"geometry":{"type":"LineString","coordinates":[[15.6339,52.57206],[15.63513,52.57198]]}},{"type":"Feature","properties":{"numer":"1325F","klasa":"droga zbiorcza","kat":"powiatowa"},"geometry":{"type":"LineString","coordinates":[[15.63395,52.57257],[15.6339,52.57206]]}},{"type":"Feature","properties":{"numer":"24","klasa":"droga gĹ‚Ăłwna ruchu przyĹ›pieszonego","kat":"krajowa"},"geometry":{"type":"LineString","coordinates":[[15.56623,52.56908],[15.57005,52.57228],[15.5722,52.57369],[15.57408,52.5746],[15.57584,52.57525],[15.57673,52.57553],[15.57937,52.57609]]}},{"type":"Feature","properties":{"numer":"","klasa":"droga gĹ‚Ăłwna ruchu przyĹ›pieszonego","kat":"gminna"},"geometry":{"type":"LineString","coordinates":[[15.52782,52.5593],[15.52862,52.55956]]}},{"type":"Feature","properties":{"numer":"","klasa":"droga gĹ‚Ăłwna ruchu przyĹ›pieszonego","kat":"gminna"},"geometry":{"type":"LineString","coordinates":[[15.51851,52.56108],[15.51996,52.5608],[15.52201,52.55976],[15.52285,52.55945],[15.52404,52.55917],[15.52495,52.55907]]}},{"type":"Feature","properties":{"numer":"E65,S3","klasa":"droga ekspresowa","kat":"krajowa"},"geometry":{"type":"LineString","coordinates":[[15.52862,52.55956],[15.52638,52.56024],[15.52319,52.5609],[15.51983,52.56126],[15.51656,52.56131]]}},{"type":"Feature","properties":{"numer":"","klasa":"droga gĹ‚Ăłwna ruchu przyĹ›pieszonego","kat":"gminna"},"geometry":{"type":"LineString","coordinates":[[15.52862,52.55956],[15.52941,52.5599],[15.53122,52.56093],[15.53217,52.56132],[15.5333,52.56164],[15.53505,52.56192]]}},{"type":"Feature","properties":{"numer":"","klasa":"droga gĹ‚Ăłwna ruchu przyĹ›pieszonego","kat":"gminna"},"geometry":{"type":"LineString","coordinates":[[15.51656,52.56131],[15.51851,52.56108]]}},{"type":"Feature","properties":{"numer":"E65,S3","klasa":"droga ekspresowa","kat":"krajowa"},"geometry":{"type":"LineString","coordinates":[[15.51656,52.56131],[15.51553,52.56126]]}},{"type":"Feature","properties":{"numer":"","klasa":"droga gĹ‚Ăłwna ruchu przyĹ›pieszonego","kat":"gminna"},"geometry":{"type":"LineString","coordinates":[[15.51553,52.56126],[15.51564,52.56133]]}},{"type":"Feature","properties":{"numer":"","klasa":"droga gĹ‚Ăłwna ruchu przyĹ›pieszonego","kat":"gminna"},"geometry":{"type":"LineString","coordinates":[[15.51564,52.56133],[15.51655,52.56142]]}},{"type":"Feature","properties":{"numer":"","klasa":"droga gĹ‚Ăłwna ruchu przyĹ›pieszonego","kat":"gminna"},"geometry":{"type":"LineString","coordinates":[[15.51655,52.56142],[15.51746,52.56146],[15.52287,52.56227],[15.52451,52.56238]]}},{"type":"Feature","properties":{"numer":"","klasa":"droga gĹ‚Ăłwna ruchu przyĹ›pieszonego","kat":"gminna"},"geometry":{"type":"LineString","coordinates":[[15.53505,52.56192],[15.53286,52.56189],[15.52992,52.56207]]}},{"type":"Feature","properties":{"numer":"1327F","klasa":"droga zbiorcza","kat":"powiatowa"},"geometry":{"type":"LineString","coordinates":[[15.70774,52.54498],[15.70416,52.54523],[15.69832,52.5453],[15.69732,52.54527],[15.69564,52.54494],[15.67194,52.53471],[15.67075,52.53434],[15.6528,52.52954]]}},{"type":"Feature","properties":{"numer":"1326F","klasa":"droga zbiorcza","kat":"powiatowa"},"geometry":{"type":"LineString","coordinates":[[15.63889,52.54917],[15.63829,52.54811],[15.63836,52.54788],[15.6441,52.546],[15.64532,52.54537],[15.65042,52.53924],[15.65093,52.53843],[15.65124,52.53769],[15.65278,52.53041],[15.6528,52.52954]]}},{"type":"Feature","properties":{"numer":"1330F","klasa":"","kat":"powiatowa"},"geometry":{"type":"LineString","coordinates":[[15.70774,52.54498],[15.70872,52.54421],[15.70923,52.54363],[15.70986,52.54227],[15.70989,52.54186],[15.70962,52.54059],[15.70903,52.53934],[15.70902,52.5391]]}},{"type":"Feature","properties":{"numer":"1327F","klasa":"droga zbiorcza","kat":"powiatowa"},"geometry":{"type":"LineString","coordinates":[[15.73519,52.57002],[15.7296,52.56306],[15.72156,52.55137],[15.72102,52.55109],[15.71003,52.54722],[15.70912,52.54669],[15.70862,52.54621],[15.70826,52.54581],[15.70796,52.5451],[15.70774,52.54498]]}},{"type":"Feature","properties":{"numer":"24","klasa":"droga gĹ‚Ăłwna ruchu przyĹ›pieszonego","kat":"krajowa"},"geometry":{"type":"LineString","coordinates":[[15.68341,52.57851],[15.68412,52.57865],[15.68493,52.57869],[15.69347,52.57791],[15.71611,52.57224],[15.73519,52.57002]]}},{"type":"Feature","properties":{"numer":"24","klasa":"droga gĹ‚Ăłwna ruchu przyĹ›pieszonego","kat":"krajowa"},"geometry":{"type":"LineString","coordinates":[[15.63513,52.57198],[15.63885,52.57171],[15.64033,52.57172],[15.656,52.57366],[15.65996,52.57432],[15.67662,52.57737],[15.6773,52.57742],[15.67962,52.57739],[15.68102,52.57784],[15.68229,52.5781],[15.68341,52.57851]]}},{"type":"Feature","properties":{"numer":"1324F","klasa":"droga zbiorcza","kat":"powiatowa"},"geometry":{"type":"LineString","coordinates":[[15.69025,52.60207],[15.68943,52.60001],[15.68845,52.59601],[15.68769,52.59466],[15.68744,52.59321],[15.68712,52.59217],[15.68278,52.58026],[15.68248,52.57971],[15.68259,52.57932],[15.68341,52.57851]]}},{"type":"Feature","properties":{"numer":"1324F","klasa":"droga zbiorcza","kat":"powiatowa"},"geometry":{"type":"LineString","coordinates":[[15.69025,52.60207],[15.69173,52.60639],[15.69174,52.60679],[15.69159,52.60708],[15.69083,52.60785],[15.69045,52.60846],[15.68731,52.61427],[15.68695,52.61509],[15.68585,52.61911]]}},{"type":"Feature","properties":{"numer":"1322F","klasa":"","kat":"powiatowa"},"geometry":{"type":"LineString","coordinates":[[15.64028,52.61259],[15.64022,52.61254]]}},{"type":"Feature","properties":{"numer":"1322F","klasa":"","kat":"powiatowa"},"geometry":{"type":"LineString","coordinates":[[15.68585,52.61911],[15.68557,52.61921],[15.68373,52.61907],[15.68149,52.61912],[15.68047,52.61927],[15.67996,52.61863],[15.6792,52.61808],[15.67629,52.61797],[15.67247,52.61758],[15.67101,52.61775],[15.67044,52.61773],[15.66559,52.61642],[15.66364,52.61578],[15.66053,52.61548],[15.65827,52.61545],[15.65565,52.61495],[15.65251,52.61468],[15.64468,52.61504],[15.64445,52.61492],[15.6443,52.61446],[15.64068,52.61312],[15.64028,52.61259]]}},{"type":"Feature","properties":{"numer":"24","klasa":"droga gĹ‚Ăłwna ruchu przyĹ›pieszonego","kat":"krajowa"},"geometry":{"type":"LineString","coordinates":[[15.57937,52.57609],[15.58117,52.57636],[15.58315,52.57648],[15.58622,52.57643],[15.62655,52.57265],[15.6339,52.57206]]}},{"type":"Feature","properties":{"numer":"1321F","klasa":"droga zbiorcza","kat":"powiatowa"},"geometry":{"type":"LineString","coordinates":[[15.56391,52.58031],[15.56276,52.579],[15.56268,52.57872],[15.56371,52.57646],[15.56616,52.56929]]}},{"type":"Feature","properties":{"numer":"","klasa":"droga zbiorcza","kat":"powiatowa"},"geometry":{"type":"LineString","coordinates":[[15.56391,52.58031],[15.56797,52.57852],[15.56922,52.57812],[15.57836,52.57722],[15.57877,52.57708],[15.57902,52.5769],[15.57937,52.57609]]}},{"type":"Feature","properties":{"numer":"1325F","klasa":"droga zbiorcza","kat":"powiatowa"},"geometry":{"type":"LineString","coordinates":[[15.61871,52.61051],[15.61755,52.60895],[15.61734,52.60849],[15.61834,52.60388],[15.62198,52.60011],[15.62342,52.59815],[15.62357,52.59778],[15.62434,52.59364],[15.62495,52.59336],[15.62947,52.59191],[15.63022,52.59182],[15.63138,52.59186],[15.6315,52.59122],[15.63137,52.59057],[15.63162,52.58879],[15.63375,52.5799],[15.63395,52.57257]]}},{"type":"Feature","properties":{"numer":"1322F","klasa":"","kat":"powiatowa"},"geometry":{"type":"LineString","coordinates":[[15.61871,52.61051],[15.61619,52.61081],[15.60997,52.6101],[15.60935,52.61006],[15.60754,52.61012],[15.60489,52.60981],[15.60312,52.60928],[15.59773,52.60866],[15.59501,52.60878],[15.57444,52.60684],[15.57188,52.6065],[15.56403,52.60408],[15.56063,52.60266],[15.5574,52.60109],[15.55215,52.59641],[15.55198,52.59472],[15.55204,52.59434],[15.553,52.59227],[15.54723,52.59071],[15.54327,52.5902],[15.54078,52.58975],[15.53813,52.58967],[15.53765,52.58974],[15.53259,52.59216],[15.53135,52.5921],[15.52995,52.59177]]}},{"type":"Feature","properties":{"numer":"1322F","klasa":"","kat":"powiatowa"},"geometry":{"type":"LineString","coordinates":[[15.64022,52.61254],[15.64008,52.61192],[15.63983,52.6117],[15.63961,52.61163],[15.63577,52.61177],[15.63276,52.61075],[15.6272,52.61218]]}},{"type":"Feature","properties":{"numer":"1322F","klasa":"","kat":"powiatowa"},"geometry":{"type":"LineString","coordinates":[[15.6272,52.61218],[15.62358,52.61308],[15.6233,52.61309],[15.62205,52.61254],[15.62154,52.61169],[15.62004,52.61166],[15.61975,52.61159],[15.61871,52.61051]]}},{"type":"Feature","properties":{"numer":"199","klasa":"droga zbiorcza","kat":"wojewodzka"},"geometry":{"type":"LineString","coordinates":[[15.53227,52.62855],[15.53371,52.62922],[15.53594,52.63072],[15.53813,52.63146],[15.54133,52.63277],[15.54824,52.63377],[15.55653,52.63483],[15.56666,52.63557],[15.58771,52.63297]]}},{"type":"Feature","properties":{"numer":"199","klasa":"droga zbiorcza","kat":"wojewodzka"},"geometry":{"type":"LineString","coordinates":[[15.63744,52.63312],[15.63623,52.63316]]}},{"type":"Feature","properties":{"numer":"004906F,199","klasa":"droga zbiorcza","kat":"powiatowa"},"geometry":{"type":"LineString","coordinates":[[15.63623,52.63316],[15.63301,52.63361]]}},{"type":"Feature","properties":{"numer":"1322F","klasa":"","kat":"powiatowa"},"geometry":{"type":"LineString","coordinates":[[15.69614,52.62018],[15.69277,52.61994],[15.69185,52.61856],[15.69152,52.61824],[15.68882,52.61871],[15.68585,52.61911]]}},{"type":"Feature","properties":{"numer":"004309F","klasa":"droga lokalna","kat":"powiatowa"},"geometry":{"type":"LineString","coordinates":[[15.69607,52.62115],[15.69614,52.62018]]}},{"type":"Feature","properties":{"numer":"1322F","klasa":"","kat":"powiatowa"},"geometry":{"type":"LineString","coordinates":[[15.74597,52.62366],[15.73891,52.62258],[15.73416,52.62201],[15.73022,52.62127],[15.71869,52.6194],[15.71752,52.61909],[15.71444,52.61879],[15.71213,52.61903],[15.70774,52.61994],[15.70613,52.62039],[15.70478,52.6204],[15.7042,52.62069],[15.69614,52.62018]]}},{"type":"Feature","properties":{"numer":"004309F","klasa":"droga lokalna","kat":"powiatowa"},"geometry":{"type":"LineString","coordinates":[[15.69603,52.62141],[15.69607,52.62115]]}},{"type":"Feature","properties":{"numer":"004309F","klasa":"droga lokalna","kat":"powiatowa"},"geometry":{"type":"LineString","coordinates":[[15.69603,52.62145],[15.69603,52.62141]]}},{"type":"Feature","properties":{"numer":"004309F","klasa":"droga lokalna","kat":"powiatowa"},"geometry":{"type":"LineString","coordinates":[[15.69603,52.62145],[15.69623,52.62213]]}},{"type":"Feature","properties":{"numer":"004309F","klasa":"droga lokalna","kat":"powiatowa"},"geometry":{"type":"LineString","coordinates":[[15.69623,52.62213],[15.69649,52.62237],[15.69753,52.62279],[15.69954,52.62402],[15.70123,52.6243],[15.70484,52.62467]]}},{"type":"Feature","properties":{"numer":"004309F","klasa":"droga lokalna","kat":"powiatowa"},"geometry":{"type":"LineString","coordinates":[[15.70484,52.62467],[15.70537,52.62472],[15.70661,52.62501],[15.70905,52.62517]]}},{"type":"Feature","properties":{"numer":"004309F","klasa":"droga lokalna","kat":"powiatowa"},"geometry":{"type":"LineString","coordinates":[[15.70905,52.62517],[15.71254,52.62508]]}},{"type":"Feature","properties":{"numer":"004309F","klasa":"droga lokalna","kat":"powiatowa"},"geometry":{"type":"LineString","coordinates":[[15.71254,52.62508],[15.71417,52.62532],[15.71481,52.62585],[15.71538,52.62618],[15.71568,52.62631],[15.71601,52.62632]]}},{"type":"Feature","properties":{"numer":"199","klasa":"droga zbiorcza","kat":"wojewodzka"},"geometry":{"type":"LineString","coordinates":[[15.58771,52.63297],[15.59241,52.63238],[15.59439,52.6323],[15.59556,52.6325],[15.59907,52.63342],[15.60138,52.63445],[15.60259,52.63482],[15.60344,52.63495],[15.60454,52.6349],[15.6057,52.63467],[15.60684,52.63457],[15.61164,52.63453],[15.61667,52.63432],[15.62923,52.63411],[15.63301,52.63361]]}},{"type":"Feature","properties":{"numer":"004309F","klasa":"droga lokalna","kat":"powiatowa"},"geometry":{"type":"LineString","coordinates":[[15.71601,52.62632],[15.72009,52.62607],[15.722,52.62626]]}},{"type":"Feature","properties":{"numer":"004309F","klasa":"droga lokalna","kat":"powiatowa"},"geometry":{"type":"LineString","coordinates":[[15.722,52.62626],[15.72306,52.62657],[15.72472,52.62685],[15.72485,52.62703],[15.7248,52.62789],[15.72489,52.62803]]}},{"type":"Feature","properties":{"numer":"004309F","klasa":"droga lokalna","kat":"powiatowa"},"geometry":{"type":"LineString","coordinates":[[15.72489,52.62803],[15.72636,52.62831],[15.72747,52.62878],[15.73218,52.62986],[15.73247,52.62996],[15.73328,52.63046],[15.73386,52.63061]]}},{"type":"Feature","properties":{"numer":"199","klasa":"droga zbiorcza","kat":"wojewodzka"},"geometry":{"type":"LineString","coordinates":[[15.63744,52.63312],[15.64319,52.63296],[15.64508,52.63284],[15.64627,52.63262],[15.65117,52.63141],[15.65315,52.63107],[15.66732,52.63017],[15.6695,52.63017],[15.68112,52.63102],[15.68228,52.63117],[15.6849,52.63171],[15.68801,52.63266],[15.69089,52.63386],[15.69991,52.63822],[15.70102,52.63853],[15.70388,52.6391],[15.70514,52.63927],[15.7065,52.63935],[15.71084,52.63918],[15.72005,52.63966],[15.7223,52.63952],[15.72632,52.63908],[15.73544,52.64072],[15.73657,52.64107],[15.74047,52.64255],[15.745,52.64332],[15.75147,52.64516],[15.75285,52.64549],[15.7606,52.64664],[15.76116,52.64664],[15.76647,52.64604]]}},{"type":"Feature","properties":{"numer":"102836F,199","klasa":"droga zbiorcza","kat":"powiatowa"},"geometry":{"type":"LineString","coordinates":[[15.48304,52.60972],[15.48634,52.61103],[15.48706,52.61139],[15.49171,52.61462],[15.4923,52.61494],[15.49329,52.61535],[15.49843,52.61713]]}},{"type":"Feature","properties":{"numer":"199","klasa":"droga zbiorcza","kat":"wojewodzka"},"geometry":{"type":"LineString","coordinates":[[15.49843,52.61713],[15.50048,52.61775],[15.50499,52.61846],[15.51208,52.62042],[15.51311,52.6208],[15.51399,52.62125],[15.51613,52.62284]]}},{"type":"Feature","properties":{"numer":"004910F,199","klasa":"droga zbiorcza","kat":"powiatowa"},"geometry":{"type":"LineString","coordinates":[[15.51613,52.62284],[15.51707,52.6236],[15.51782,52.62401],[15.51887,52.62435],[15.52285,52.62535],[15.52512,52.62637],[15.52723,52.62756],[15.52773,52.62768],[15.53004,52.62797],[15.53227,52.62855]]}},{"type":"Feature","properties":{"numer":"004309F","klasa":"droga lokalna","kat":"powiatowa"},"geometry":{"type":"LineString","coordinates":[[15.73386,52.63061],[15.73574,52.63053],[15.7371,52.63064],[15.73811,52.63089],[15.7394,52.63142]]}},{"type":"Feature","properties":{"numer":"199","klasa":"droga gĹ‚Ăłwna","kat":"wojewodzka"},"geometry":{"type":"LineString","coordinates":[[15.76647,52.64604],[15.77665,52.64551],[15.77828,52.64575],[15.77901,52.64593]]}},{"type":"Feature","properties":{"numer":"199","klasa":"droga gĹ‚Ăłwna","kat":"wojewodzka"},"geometry":{"type":"LineString","coordinates":[[15.77901,52.64593],[15.779330763708874,52.64600907198405]]}}]}