{"type":"FeatureCollection","features":[{"type":"Feature","properties":{"numer":"704","klasa":"droga zbiorcza","kat":"wojewodzka"},"geometry":{"type":"LineString","coordinates":[[19.86616432719788,51.91803777360387],[19.86655,51.921],[19.86806,51.93161]]}},{"type":"Feature","properties":{"numer":"2935E","klasa":"","kat":"powiatowa"},"geometry":{"type":"LineString","coordinates":[[19.87067,51.93085],[19.87418,51.93007],[19.87665,51.9293],[19.88091,51.92911],[19.88315,51.92895],[19.88594,51.92889],[19.8924,51.92969],[19.90096,51.92928],[19.90436,51.92943]]}},{"type":"Feature","properties":{"numer":"2935E","klasa":"","kat":"powiatowa"},"geometry":{"type":"LineString","coordinates":[[19.87065,51.93086],[19.87067,51.93085]]}},{"type":"Feature","properties":{"numer":"2935E","klasa":"","kat":"powiatowa"},"geometry":{"type":"LineString","coordinates":[[19.86806,51.93161],[19.87065,51.93086]]}},{"type":"Feature","properties":{"numer":"2935E,704","klasa":"droga zbiorcza","kat":"powiatowa"},"geometry":{"type":"LineString","coordinates":[[19.86806,51.93161],[19.86806,51.93164]]}},{"type":"Feature","properties":{"numer":"2733E","klasa":"","kat":"powiatowa"},"geometry":{"type":"LineString","coordinates":[[19.90436,51.92943],[19.90482,51.93264],[19.90513,51.93583],[19.90427,51.937],[19.90185,51.93974],[19.90064,51.94145],[19.90074,51.94162],[19.90282,51.94343],[19.90286,51.9436],[19.90084,51.94618],[19.89959,51.94716],[19.89888,51.94784],[19.89838,51.94858],[19.89807,51.9493],[19.89629,51.95126],[19.89594,51.95227],[19.89539,51.95304],[19.89511,51.95403],[19.89447,51.95505],[19.8943,51.95517],[19.89373,51.95529],[19.89162,51.95605],[19.89116,51.95843],[19.88953,51.96454]]}},{"type":"Feature","properties":{"numer":"704","klasa":"droga zbiorcza","kat":"wojewodzka"},"geometry":{"type":"LineString","coordinates":[[19.86806,51.93164],[19.86951,51.94208],[19.87001,51.94337],[19.87374,51.94783],[19.88953,51.96454]]}},{"type":"Feature","properties":{"numer":"5126E","klasa":"droga zbiorcza","kat":"powiatowa"},"geometry":{"type":"LineString","coordinates":[[19.85837,51.96509],[19.85881,51.96498]]}},{"type":"Feature","properties":{"numer":"5126E","klasa":"droga zbiorcza","kat":"powiatowa"},"geometry":{"type":"LineString","coordinates":[[19.85792,51.9652],[19.85837,51.96509]]}},{"type":"Feature","properties":{"numer":"704","klasa":"droga zbiorcza","kat":"wojewodzka"},"geometry":{"type":"LineString","coordinates":[[19.88953,51.96454],[19.89318,51.96819]]}},{"type":"Feature","properties":{"numer":"5126E","klasa":"droga zbiorcza","kat":"powiatowa"},"geometry":{"type":"LineString","coordinates":[[19.85881,51.96498],[19.85984,51.96478],[19.86073,51.96476],[19.86421,51.96535],[19.89318,51.96819]]}},{"type":"Feature","properties":{"numer":"704","klasa":"droga zbiorcza","kat":"wojewodzka"},"geometry":{"type":"LineString","coordinates":[[19.89318,51.96819],[19.90415,51.97916],[19.90451,51.97965],[19.90516,51.98099]]}},{"type":"Feature","properties":{"numer":"2935E","klasa":"","kat":"powiatowa"},"geometry":{"type":"LineString","coordinates":[[19.90436,51.92943],[19.91335,51.92894],[19.927804839438362,51.92803857038442]]}},{"type":"Feature","properties":{"numer":"1310E","klasa":"droga zbiorcza","kat":"powiatowa"},"geometry":{"type":"LineString","coordinates":[[19.941099513397653,51.9686708399058],[19.93002,51.97206],[19.91097,51.97776],[19.91062,51.978],[19.91051,51.97838],[19.91172,51.98095]]}},{"type":"Feature","properties":{"numer":"2749E","klasa":"","kat":"powiatowa"},"geometry":{"type":"LineString","coordinates":[[19.945814842973043,51.97830889950275],[19.94421,51.98031]]}},{"type":"Feature","properties":{"numer":"1304E","klasa":"","kat":"powiatowa"},"geometry":{"type":"LineString","coordinates":[[19.93224,51.97954],[19.94421,51.98031]]}},{"type":"Feature","properties":{"numer":"1304E","klasa":"","kat":"powiatowa"},"geometry":{"type":"LineString","coordinates":[[19.93224,51.97954],[19.92315,51.97899],[19.91172,51.98095]]}},{"type":"Feature","properties":{"numer":"2749E","klasa":"","kat":"powiatowa"},"geometry":{"type":"LineString","coordinates":[[19.94421,51.98031],[19.94364,51.98115],[19.94141,51.9899]]}},{"type":"Feature","properties":{"numer":"2728E","klasa":"droga zbiorcza","kat":"powiatowa"},"geometry":{"type":"LineString","coordinates":[[19.94141,51.9899],[19.91954,51.98378],[19.91891,51.98377],[19.91334,51.98462]]}},{"type":"Feature","properties":{"numer":"2749E","klasa":"","kat":"powiatowa"},"geometry":{"type":"LineString","coordinates":[[19.94141,51.9899],[19.94018,51.99518],[19.9403,51.9959],[19.94128,51.99767],[19.94143,51.99836],[19.94091,52.00032],[19.94018,52.00139]]}},{"type":"Feature","properties":{"numer":"A2,E30","klasa":"autostrada","kat":"krajowa"},"geometry":{"type":"LineString","coordinates":[[19.90559,51.99172],[19.90903,51.9928],[19.9346,52.00001],[19.93996,52.00164]]}},{"type":"Feature","properties":{"numer":"2749E","klasa":"","kat":"powiatowa"},"geometry":{"type":"LineString","coordinates":[[19.94018,52.00139],[19.93996,52.00164]]}},{"type":"Feature","properties":{"numer":"A2,E30","klasa":"autostrada","kat":"krajowa"},"geometry":{"type":"LineString","coordinates":[[19.85837,51.96509],[19.86588,51.9689],[19.87058,51.97159],[19.87483,51.97439],[19.88701,51.98289],[19.89085,51.98524],[19.89447,51.98716]]}},{"type":"Feature","properties":{"numer":"704","klasa":"droga zbiorcza","kat":"wojewodzka"},"geometry":{"type":"LineString","coordinates":[[19.90516,51.98099],[19.9056,51.98195],[19.90626,51.98451]]}},{"type":"Feature","properties":{"numer":"1310E","klasa":"droga zbiorcza","kat":"powiatowa"},"geometry":{"type":"LineString","coordinates":[[19.91172,51.98095],[19.91334,51.98462]]}},{"type":"Feature","properties":{"numer":"2746E","klasa":"droga zbiorcza","kat":"powiatowa"},"geometry":{"type":"LineString","coordinates":[[19.89482,51.98692],[19.90271,51.98155],[19.90516,51.98099]]}},{"type":"Feature","properties":{"numer":"2728E","klasa":"droga zbiorcza","kat":"powiatowa"},"geometry":{"type":"LineString","coordinates":[[19.91334,51.98462],[19.91176,51.98489]]}},{"type":"Feature","properties":{"numer":"2728E","klasa":"droga zbiorcza","kat":"powiatowa"},"geometry":{"type":"LineString","coordinates":[[19.91176,51.98489],[19.91166,51.9849]]}},{"type":"Feature","properties":{"numer":"704","klasa":"droga gĹ‚Ăłwna","kat":"wojewodzka"},"geometry":{"type":"LineString","coordinates":[[19.90626,51.98451],[19.90654,51.98579]]}},{"type":"Feature","properties":{"numer":"2728E","klasa":"droga zbiorcza","kat":"powiatowa"},"geometry":{"type":"LineString","coordinates":[[19.91166,51.9849],[19.90654,51.98579]]}},{"type":"Feature","properties":{"numer":"704","klasa":"droga gĹ‚Ăłwna","kat":"wojewodzka"},"geometry":{"type":"LineString","coordinates":[[19.90654,51.98579],[19.90584,51.98734]]}},{"type":"Feature","properties":{"numer":"2746E","klasa":"droga zbiorcza","kat":"powiatowa"},"geometry":{"type":"LineString","coordinates":[[19.89447,51.98716],[19.89482,51.98692]]}},{"type":"Feature","properties":{"numer":"2746E","klasa":"droga zbiorcza","kat":"powiatowa"},"geometry":{"type":"LineString","coordinates":[[19.89412,51.98739],[19.89447,51.98716]]}},{"type":"Feature","properties":{"numer":"A2,E30","klasa":"autostrada","kat":"krajowa"},"geometry":{"type":"LineString","coordinates":[[19.89447,51.98716],[19.89712,51.98841]]}},{"type":"Feature","properties":{"numer":"704","klasa":"droga gĹ‚Ăłwna","kat":"wojewodzka"},"geometry":{"type":"LineString","coordinates":[[19.90584,51.98734],[19.90564,51.98925]]}},{"type":"Feature","properties":{"numer":"A2,E30","klasa":"autostrada","kat":"krajowa"},"geometry":{"type":"LineString","coordinates":[[19.89712,51.98841],[19.8977,51.98791],[19.89827,51.98758],[19.89877,51.98746],[19.89938,51.98745],[19.90013,51.98764],[19.90395,51.98915],[19.90481,51.98926],[19.90564,51.98925]]}},{"type":"Feature","properties":{"numer":"A2,E30","klasa":"autostrada","kat":"krajowa"},"geometry":{"type":"LineString","coordinates":[[19.89712,51.98841],[19.9013,51.99018],[19.90559,51.99172]]}},{"type":"Feature","properties":{"numer":"704","klasa":"droga gĹ‚Ăłwna","kat":"wojewodzka"},"geometry":{"type":"LineString","coordinates":[[19.9058,51.99132],[19.90594,51.99052],[19.90564,51.98925]]}},{"type":"Feature","properties":{"numer":"704","klasa":"droga gĹ‚Ăłwna","kat":"wojewodzka"},"geometry":{"type":"LineString","coordinates":[[19.90559,51.99172],[19.9058,51.99132]]}},{"type":"Feature","properties":{"numer":"704","klasa":"droga gĹ‚Ăłwna","kat":"wojewodzka"},"geometry":{"type":"LineString","coordinates":[[19.90527,51.99211],[19.90559,51.99172]]}},{"type":"Feature","properties":{"numer":"704","klasa":"droga gĹ‚Ăłwna","kat":"wojewodzka"},"geometry":{"type":"LineString","coordinates":[[19.90314,51.99357],[19.90462,51.99265],[19.90527,51.99211]]}},{"type":"Feature","properties":{"numer":"2746E","klasa":"droga zbiorcza","kat":"powiatowa"},"geometry":{"type":"LineString","coordinates":[[19.86467,52.00722],[19.89412,51.98739]]}},{"type":"Feature","properties":{"numer":"2935E","klasa":"","kat":"powiatowa"},"geometry":{"type":"LineString","coordinates":[[19.84327,51.93581],[19.84543,51.93593],[19.85138,51.93577],[19.86806,51.93164]]}},{"type":"Feature","properties":{"numer":"A2,E30","klasa":"autostrada","kat":"krajowa"},"geometry":{"type":"LineString","coordinates":[[19.840295401407438,51.95128421329887],[19.84728,51.95773],[19.84898,51.95917],[19.85125,51.96086],[19.85327,51.96221],[19.85534,51.96346],[19.85837,51.96509]]}},{"type":"Feature","properties":{"numer":"5126E","klasa":"droga zbiorcza","kat":"powiatowa"},"geometry":{"type":"LineString","coordinates":[[19.836722623274163,51.96220262327416],[19.83692,51.9624],[19.83738,51.96252],[19.85314,51.96422],[19.85419,51.96449],[19.85601,51.96527],[19.857,51.96535],[19.85792,51.9652]]}},{"type":"Feature","properties":{"numer":"5114E","klasa":"droga zbiorcza","kat":"powiatowa"},"geometry":{"type":"LineString","coordinates":[[19.82157,51.97598],[19.82341,51.97616],[19.82344019390582,51.97614258043895]]}},{"type":"Feature","properties":{"numer":"2935E","klasa":"droga zbiorcza","kat":"powiatowa"},"geometry":{"type":"LineString","coordinates":[[19.84327,51.93581],[19.84326670783428,51.935809787308166]]}},{"type":"Feature","properties":{"numer":"14","klasa":"droga gĹ‚Ăłwna ruchu przyĹ›pieszonego","kat":"krajowa"},"geometry":{"type":"LineString","coordinates":[[19.80177,52.00578],[19.770762737783528,51.9874645157366]]}},{"type":"Feature","properties":{"numer":"5124E","klasa":"","kat":"powiatowa"},"geometry":{"type":"LineString","coordinates":[[19.72664,52.00317],[19.77069,52.00699],[19.7772,52.00507],[19.77737,52.00477],[19.77764,52.00364],[19.77778,52.00352],[19.79736,52.00522],[19.79855,52.00553]]}},{"type":"Feature","properties":{"numer":"5124E","klasa":"","kat":"powiatowa"},"geometry":{"type":"LineString","coordinates":[[19.79855,52.00553],[19.79862,52.00556]]}},{"type":"Feature","properties":{"numer":"105053E,2713E","klasa":"droga zbiorcza","kat":"powiatowa"},"geometry":{"type":"LineString","coordinates":[[19.96283,52.21561],[19.96303,52.21641]]}},{"type":"Feature","properties":{"numer":"2713E","klasa":"droga zbiorcza","kat":"powiatowa"},"geometry":{"type":"LineString","coordinates":[[19.96303,52.21641],[19.96463,52.22296]]}},{"type":"Feature","properties":{"numer":"2713E","klasa":"droga zbiorcza","kat":"powiatowa"},"geometry":{"type":"LineString","coordinates":[[19.96463,52.22296],[19.9654,52.22597]]}},{"type":"Feature","properties":{"numer":"2713E","klasa":"droga zbiorcza","kat":"powiatowa"},"geometry":{"type":"LineString","coordinates":[[19.9654,52.22597],[19.96681,52.23085]]}},{"type":"Feature","properties":{"numer":"2713E","klasa":"droga zbiorcza","kat":"powiatowa"},"geometry":{"type":"LineString","coordinates":[[19.96681,52.23085],[19.96932,52.23946],[19.96892,52.24256]]}},{"type":"Feature","properties":{"numer":"105201E,2713E","klasa":"droga zbiorcza","kat":"powiatowa"},"geometry":{"type":"LineString","coordinates":[[19.96892,52.24256],[19.96879,52.24281],[19.96774,52.24387]]}},{"type":"Feature","properties":{"numer":"2713E","klasa":"droga zbiorcza","kat":"powiatowa"},"geometry":{"type":"LineString","coordinates":[[19.96774,52.24387],[19.96752,52.24505],[19.96757,52.24539],[19.96837,52.24813],[19.96922,52.25],[19.96934,52.25056],[19.96566,52.25955]]}},{"type":"Feature","properties":{"numer":"2713E","klasa":"droga zbiorcza","kat":"powiatowa"},"geometry":{"type":"LineString","coordinates":[[19.96566,52.25955],[19.95807,52.27818],[19.95805,52.27911],[19.95839,52.28017]]}},{"type":"Feature","properties":{"numer":"3810W","klasa":"droga zbiorcza","kat":"powiatowa"},"geometry":{"type":"LineString","coordinates":[[19.95839,52.28017],[19.958630421961963,52.28090180630593]]}},{"type":"Feature","properties":{"numer":"2717E","klasa":"droga zbiorcza","kat":"powiatowa"},"geometry":{"type":"LineString","coordinates":[[20.01901,52.22377],[20.02374,52.22279],[20.02921,52.2214],[20.04239,52.21588],[20.04282,52.2158],[20.04806,52.21553],[20.05484,52.21307]]}},{"type":"Feature","properties":{"numer":"2716E","klasa":"","kat":"powiatowa"},"geometry":{"type":"LineString","coordinates":[[20.01112,52.23436],[20.04029,52.22881],[20.04047,52.22889],[20.0419,52.23169],[20.0421,52.23171],[20.04557,52.23107],[20.04605,52.23109],[20.04641,52.23135],[20.04722,52.23301],[20.05028,52.23248],[20.05794,52.23306],[20.0592,52.23305],[20.06398,52.23231],[20.06768,52.23152],[20.07107,52.23039],[20.07737,52.22811],[20.077499986504723,52.228119284750335]]}},{"type":"Feature","properties":{"numer":"3821W","klasa":"","kat":"powiatowa"},"geometry":{"type":"LineString","coordinates":[[20.04162,52.25664],[20.041766642984015,52.25664]]}},{"type":"Feature","properties":{"numer":"2707E","klasa":"droga zbiorcza","kat":"powiatowa"},"geometry":{"type":"LineString","coordinates":[[19.96566,52.25955],[19.99089,52.25684],[19.99704,52.25652]]}},{"type":"Feature","properties":{"numer":"3809W","klasa":"","kat":"powiatowa"},"geometry":{"type":"LineString","coordinates":[[19.94779,52.28585],[19.947794950777674,52.28585286302283]]}},{"type":"Feature","properties":{"numer":"2717E","klasa":"","kat":"powiatowa"},"geometry":{"type":"LineString","coordinates":[[19.87885,52.23108],[19.87902,52.23111]]}},{"type":"Feature","properties":{"numer":"2717E","klasa":"","kat":"powiatowa"},"geometry":{"type":"LineString","coordinates":[[19.87902,52.23111],[19.88165,52.23146],[19.88362,52.23156],[19.88846,52.23109]]}},{"type":"Feature","properties":{"numer":"584","klasa":"droga zbiorcza","kat":"wojewodzka"},"geometry":{"type":"LineString","coordinates":[[19.88073,52.24128],[19.88215,52.24098],[19.88319,52.24062],[19.88393,52.24008],[19.88459,52.23938],[19.88846,52.23109]]}},{"type":"Feature","properties":{"numer":"2710E,584","klasa":"droga gĹ‚Ăłwna","kat":"powiatowa"},"geometry":{"type":"LineString","coordinates":[[19.88073,52.24128],[19.88053,52.24129]]}},{"type":"Feature","properties":{"numer":"2710E,584","klasa":"droga zbiorcza","kat":"powiatowa"},"geometry":{"type":"LineString","coordinates":[[19.88053,52.24129],[19.87549,52.24151]]}},{"type":"Feature","properties":{"numer":"2710E,584","klasa":"droga zbiorcza","kat":"powiatowa"},"geometry":{"type":"LineString","coordinates":[[19.87549,52.24151],[19.8753,52.24152]]}},{"type":"Feature","properties":{"numer":"2710E,584","klasa":"droga zbiorcza","kat":"powiatowa"},"geometry":{"type":"LineString","coordinates":[[19.8753,52.24152],[19.87323,52.24165]]}},{"type":"Feature","properties":{"numer":"2710E","klasa":"","kat":"powiatowa"},"geometry":{"type":"LineString","coordinates":[[19.88073,52.24128],[19.89627,52.2407],[19.9175,52.24388],[19.92019,52.24379]]}},{"type":"Feature","properties":{"numer":"584","klasa":"droga zbiorcza","kat":"wojewodzka"},"geometry":{"type":"LineString","coordinates":[[19.87118,52.25792],[19.87109,52.24506],[19.87117,52.24322],[19.87141,52.24264],[19.87184,52.24222],[19.87254,52.24185],[19.87323,52.24165]]}},{"type":"Feature","properties":{"numer":"2711E","klasa":"","kat":"powiatowa"},"geometry":{"type":"LineString","coordinates":[[19.92019,52.24379],[19.9205,52.24641],[19.9209,52.24774],[19.92071,52.25362],[19.92024,52.25617],[19.90457,52.25629],[19.90433,52.25615],[19.90394,52.25474],[19.9037,52.25466],[19.8863,52.25627],[19.88599,52.25626],[19.88573,52.25615],[19.88555,52.2555],[19.8854,52.25534],[19.88522,52.25528],[19.88469,52.2554]]}},{"type":"Feature","properties":{"numer":"105159E,2711E","klasa":"","kat":"powiatowa"},"geometry":{"type":"LineString","coordinates":[[19.88469,52.2554],[19.88332,52.25573]]}},{"type":"Feature","properties":{"numer":"2711E","klasa":"","kat":"powiatowa"},"geometry":{"type":"LineString","coordinates":[[19.88332,52.25573],[19.88108,52.25622],[19.87928,52.25678]]}},{"type":"Feature","properties":{"numer":"2711E","klasa":"","kat":"powiatowa"},"geometry":{"type":"LineString","coordinates":[[19.87928,52.25678],[19.87912,52.25683]]}},{"type":"Feature","properties":{"numer":"2711E","klasa":"","kat":"powiatowa"},"geometry":{"type":"LineString","coordinates":[[19.87118,52.25792],[19.87732,52.25737],[19.87912,52.25683]]}},{"type":"Feature","properties":{"numer":"584","klasa":"droga zbiorcza","kat":"wojewodzka"},"geometry":{"type":"LineString","coordinates":[[19.87127,52.26726],[19.87118,52.25792]]}},{"type":"Feature","properties":{"numer":"105151E,2707E","klasa":"droga zbiorcza","kat":"powiatowa"},"geometry":{"type":"LineString","coordinates":[[19.90159,52.26688],[19.90171,52.26688]]}},{"type":"Feature","properties":{"numer":"2707E","klasa":"droga zbiorcza","kat":"powiatowa"},"geometry":{"type":"LineString","coordinates":[[19.89836,52.26693],[19.8992,52.26683],[19.90159,52.26688]]}},{"type":"Feature","properties":{"numer":"105159E,2707E","klasa":"droga zbiorcza","kat":"powiatowa"},"geometry":{"type":"LineString","coordinates":[[19.89805,52.26697],[19.89836,52.26693]]}},{"type":"Feature","properties":{"numer":"105159E,2707E","klasa":"droga zbiorcza","kat":"powiatowa"},"geometry":{"type":"LineString","coordinates":[[19.89796,52.26698],[19.89805,52.26697]]}},{"type":"Feature","properties":{"numer":"105159E,2707E","klasa":"droga zbiorcza","kat":"powiatowa"},"geometry":{"type":"LineString","coordinates":[[19.89692,52.26711],[19.89796,52.26698]]}},{"type":"Feature","properties":{"numer":"2707E","klasa":"droga zbiorcza","kat":"powiatowa"},"geometry":{"type":"LineString","coordinates":[[19.87793,52.26842],[19.8911,52.26781],[19.89692,52.26711]]}},{"type":"Feature","properties":{"numer":"2709E,584","klasa":"droga zbiorcza","kat":"powiatowa"},"geometry":{"type":"LineString","coordinates":[[19.87129,52.26853],[19.87127,52.26726]]}},{"type":"Feature","properties":{"numer":"2707E,2709E,584","klasa":"droga zbiorcza","kat":"powiatowa"},"geometry":{"type":"LineString","coordinates":[[19.86954,52.26855],[19.87129,52.26853]]}},{"type":"Feature","properties":{"numer":"2707E","klasa":"droga zbiorcza","kat":"powiatowa"},"geometry":{"type":"LineString","coordinates":[[19.87129,52.26861],[19.8734,52.26869],[19.87793,52.26842]]}},{"type":"Feature","properties":{"numer":"105192E,2707E,584","klasa":"droga zbiorcza","kat":"powiatowa"},"geometry":{"type":"LineString","coordinates":[[19.87129,52.26861],[19.87129,52.26853]]}},{"type":"Feature","properties":{"numer":"2709E,584","klasa":"droga gĹ‚Ăłwna","kat":"powiatowa"},"geometry":{"type":"LineString","coordinates":[[19.86951,52.26908],[19.86954,52.26855]]}},{"type":"Feature","properties":{"numer":"584","klasa":"droga zbiorcza","kat":"wojewodzka"},"geometry":{"type":"LineString","coordinates":[[19.86951,52.26908],[19.87116,52.26899],[19.87129,52.2689],[19.87129,52.26861]]}},{"type":"Feature","properties":{"numer":"2709E,584","klasa":"droga gĹ‚Ăłwna","kat":"powiatowa"},"geometry":{"type":"LineString","coordinates":[[19.86962,52.27062],[19.86951,52.26908]]}},{"type":"Feature","properties":{"numer":"2712E","klasa":"","kat":"powiatowa"},"geometry":{"type":"LineString","coordinates":[[19.87793,52.26842],[19.8789,52.26877],[19.88428,52.27133],[19.89356,52.27605],[19.89568,52.27708],[19.8963,52.2773]]}},{"type":"Feature","properties":{"numer":"584","klasa":"droga gĹ‚Ăłwna","kat":"wojewodzka"},"geometry":{"type":"LineString","coordinates":[[19.86253,52.27876],[19.86946,52.2711],[19.86962,52.27062]]}},{"type":"Feature","properties":{"numer":"2712E","klasa":"","kat":"powiatowa"},"geometry":{"type":"LineString","coordinates":[[19.89637,52.27732],[19.8963,52.2773]]}},{"type":"Feature","properties":{"numer":"2709E","klasa":"","kat":"powiatowa"},"geometry":{"type":"LineString","coordinates":[[19.86962,52.27062],[19.87028,52.27063],[19.87048,52.27069],[19.87055,52.27112],[19.87128,52.27176],[19.87619,52.27999],[19.87685,52.28157],[19.87782,52.28786],[19.877811495448636,52.28871045513655]]}},{"type":"Feature","properties":{"numer":"2709E","klasa":"","kat":"powiatowa"},"geometry":{"type":"LineString","coordinates":[[19.877831209016392,52.28890477459016],[19.8779,52.28905]]}},{"type":"Feature","properties":{"numer":"2709E","klasa":"","kat":"powiatowa"},"geometry":{"type":"LineString","coordinates":[[19.87796,52.2891],[19.8779,52.28905]]}},{"type":"Feature","properties":{"numer":"2709E","klasa":"","kat":"powiatowa"},"geometry":{"type":"LineString","coordinates":[[19.87796,52.2891],[19.87867,52.2897],[19.88014,52.29056]]}},{"type":"Feature","properties":{"numer":"105155E,2709E","klasa":"","kat":"powiatowa"},"geometry":{"type":"LineString","coordinates":[[19.88014,52.29056],[19.88071,52.29085],[19.88146,52.2908]]}},{"type":"Feature","properties":{"numer":"2709E","klasa":"","kat":"powiatowa"},"geometry":{"type":"LineString","coordinates":[[19.88146,52.2908],[19.88177,52.2909],[19.88361,52.29201],[19.88393,52.29228],[19.88475,52.29612]]}},{"type":"Feature","properties":{"numer":"2709E","klasa":"","kat":"powiatowa"},"geometry":{"type":"LineString","coordinates":[[19.88476,52.29615],[19.88475,52.29612]]}},{"type":"Feature","properties":{"numer":"2709E","klasa":"","kat":"powiatowa"},"geometry":{"type":"LineString","coordinates":[[19.88476,52.29615],[19.8884,52.30707],[19.88994,52.30952]]}},{"type":"Feature","properties":{"numer":"1447W","klasa":"droga zbiorcza","kat":"powiatowa"},"geometry":{"type":"LineString","coordinates":[[19.889941703797103,52.309522672970004],[19.88994,52.30952]]}},{"type":"Feature","properties":{"numer":"2707E","klasa":"droga zbiorcza","kat":"powiatowa"},"geometry":{"type":"LineString","coordinates":[[19.83245,52.26843],[19.83372,52.26817],[19.83474,52.26814],[19.85983,52.26823],[19.86954,52.26855]]}},{"type":"Feature","properties":{"numer":"584","klasa":"droga gĹ‚Ăłwna","kat":"wojewodzka"},"geometry":{"type":"LineString","coordinates":[[19.86244211804308,52.278857051752816],[19.86253,52.27876]]}},{"type":"Feature","properties":{"numer":"2707E","klasa":"droga zbiorcza","kat":"powiatowa"},"geometry":{"type":"LineString","coordinates":[[19.90171,52.26688],[19.90517,52.26694],[19.91984,52.26444],[19.96566,52.25955]]}},{"type":"Feature","properties":{"numer":"2712E","klasa":"","kat":"powiatowa"},"geometry":{"type":"LineString","coordinates":[[19.89637,52.27732],[19.89737,52.27754],[19.93963,52.28401],[19.94149,52.2842],[19.94281,52.28392],[19.94323,52.28393],[19.94466,52.28425],[19.94528,52.28446],[19.94779,52.28585]]}},{"type":"Feature","properties":{"numer":"A1,E75","klasa":"autostrada","kat":"krajowa"},"geometry":{"type":"LineString","coordinates":[[19.53535,52.05586],[19.535556756824935,52.05469822355513]]}},{"type":"Feature","properties":{"numer":"105008E","klasa":"droga lokalna","kat":"powiatowa"},"geometry":{"type":"LineString","coordinates":[[19.6767,52.03383],[19.67638,52.03458]]}},{"type":"Feature","properties":{"numer":"105010E","klasa":"droga lokalna","kat":"powiatowa"},"geometry":{"type":"LineString","coordinates":[[19.63657,52.03639],[19.63892,52.03379]]}},{"type":"Feature","properties":{"numer":"5118E","klasa":"droga zbiorcza","kat":"powiatowa"},"geometry":{"type":"LineString","coordinates":[[19.63478,52.03561],[19.63657,52.03639]]}},{"type":"Feature","properties":{"numer":"105008E","klasa":"droga lokalna","kat":"powiatowa"},"geometry":{"type":"LineString","coordinates":[[19.67638,52.03458],[19.67446,52.03895]]}},{"type":"Feature","properties":{"numer":"5118E","klasa":"droga zbiorcza","kat":"powiatowa"},"geometry":{"type":"LineString","coordinates":[[19.63657,52.03639],[19.63854,52.03709],[19.63928,52.03745],[19.63994,52.0379],[19.64108,52.03892]]}},{"type":"Feature","properties":{"numer":"2740E","klasa":"","kat":"powiatowa"},"geometry":{"type":"LineString","coordinates":[[19.63657,52.03639],[19.63543,52.03754],[19.63456,52.03799],[19.6339,52.03818],[19.63233,52.03825],[19.62831,52.03821],[19.62352,52.03779],[19.62335,52.03811],[19.62317,52.04032]]}},{"type":"Feature","properties":{"numer":"5118E","klasa":"droga zbiorcza","kat":"powiatowa"},"geometry":{"type":"LineString","coordinates":[[19.64108,52.03892],[19.64134,52.03916]]}},{"type":"Feature","properties":{"numer":"105008E","klasa":"droga lokalna","kat":"powiatowa"},"geometry":{"type":"LineString","coordinates":[[19.67446,52.03895],[19.67394,52.0401]]}},{"type":"Feature","properties":{"numer":"5118E","klasa":"droga zbiorcza","kat":"powiatowa"},"geometry":{"type":"LineString","coordinates":[[19.64134,52.03916],[19.64389,52.04154],[19.64428,52.04216],[19.64465,52.04326],[19.64504,52.04378]]}},{"type":"Feature","properties":{"numer":"105008E","klasa":"droga lokalna","kat":"powiatowa"},"geometry":{"type":"LineString","coordinates":[[19.67394,52.0401],[19.67144,52.0458]]}},{"type":"Feature","properties":{"numer":"5117E","klasa":"","kat":"powiatowa"},"geometry":{"type":"LineString","coordinates":[[19.60345439953061,52.02944704904076],[19.60347,52.02963],[19.60095,52.02986]]}},{"type":"Feature","properties":{"numer":"2738E","klasa":"","kat":"powiatowa"},"geometry":{"type":"LineString","coordinates":[[19.59402,52.05328],[19.5932,52.05112],[19.59946,52.05008],[19.60247,52.04814],[19.61135,52.04518],[19.61672,52.04312],[19.61922,52.04238],[19.62317,52.04032]]}},{"type":"Feature","properties":{"numer":"2740E","klasa":"","kat":"powiatowa"},"geometry":{"type":"LineString","coordinates":[[19.62317,52.04032],[19.62365,52.04259],[19.62321,52.0495],[19.62322,52.05128],[19.62585,52.0553],[19.62834,52.06231],[19.62805,52.06233],[19.6243,52.06183]]}},{"type":"Feature","properties":{"numer":"2738E","klasa":"","kat":"powiatowa"},"geometry":{"type":"LineString","coordinates":[[19.56127,52.06341],[19.56135,52.06296],[19.5596,52.05501],[19.55968,52.05467],[19.56029,52.05361],[19.56061,52.05321],[19.56112,52.053],[19.57259,52.04978],[19.5755,52.04923],[19.57654,52.04946],[19.58805,52.05283],[19.59069,52.05326],[19.59163,52.05367],[19.59402,52.05328]]}},{"type":"Feature","properties":{"numer":"2739E","klasa":"","kat":"powiatowa"},"geometry":{"type":"LineString","coordinates":[[19.6243,52.06183],[19.60146,52.05881],[19.59639,52.05562],[19.59467,52.05409],[19.59402,52.05328]]}},{"type":"Feature","properties":{"numer":"2740E","klasa":"","kat":"powiatowa"},"geometry":{"type":"LineString","coordinates":[[19.6243,52.06183],[19.62369,52.06421],[19.62285,52.06635],[19.62218,52.06755],[19.62135,52.06947],[19.62099,52.07049],[19.62105,52.07077],[19.62238,52.07316],[19.62238,52.07335]]}},{"type":"Feature","properties":{"numer":"703","klasa":"droga gĹ‚Ăłwna","kat":"wojewodzka"},"geometry":{"type":"LineString","coordinates":[[19.62238,52.07335],[19.59749,52.07278],[19.58434,52.07348],[19.56528,52.07029],[19.55982,52.06982]]}},{"type":"Feature","properties":{"numer":"A1,E75","klasa":"autostrada","kat":"krajowa"},"geometry":{"type":"LineString","coordinates":[[19.535333511811025,52.05607513160855],[19.53535,52.05586]]}},{"type":"Feature","properties":{"numer":"2738E","klasa":"","kat":"powiatowa"},"geometry":{"type":"LineString","coordinates":[[19.56127,52.06341],[19.56044,52.06673],[19.56025,52.06694],[19.55947,52.0674],[19.55892,52.06804],[19.55967,52.06981]]}},{"type":"Feature","properties":{"numer":"703","klasa":"droga gĹ‚Ăłwna","kat":"wojewodzka"},"geometry":{"type":"LineString","coordinates":[[19.55967,52.06981],[19.55589,52.06951],[19.536968866800297,52.068633933440175]]}},{"type":"Feature","properties":{"numer":"2738E,703","klasa":"droga gĹ‚Ăłwna","kat":"powiatowa"},"geometry":{"type":"LineString","coordinates":[[19.55982,52.06982],[19.55967,52.06981]]}},{"type":"Feature","properties":{"numer":"2728E","klasa":"droga zbiorcza","kat":"powiatowa"},"geometry":{"type":"LineString","coordinates":[[20.01147,52.00942],[19.96702,51.99705]]}},{"type":"Feature","properties":{"numer":"2728E","klasa":"droga zbiorcza","kat":"powiatowa"},"geometry":{"type":"LineString","coordinates":[[20.01155,52.00944],[20.01147,52.00942]]}},{"type":"Feature","properties":{"numer":"2728E","klasa":"droga zbiorcza","kat":"powiatowa"},"geometry":{"type":"LineString","coordinates":[[20.02103,52.01207],[20.01155,52.00944]]}},{"type":"Feature","properties":{"numer":"2752E","klasa":"","kat":"powiatowa"},"geometry":{"type":"LineString","coordinates":[[20.046682906521085,51.9923871736858],[20.04631,51.99329],[20.04248,51.99697]]}},{"type":"Feature","properties":{"numer":"2752E","klasa":"","kat":"powiatowa"},"geometry":{"type":"LineString","coordinates":[[20.04248,51.99697],[20.04073,51.99873],[20.03762,52.00252],[20.03137,52.00154],[20.02958,52.00327],[20.02652,52.00586],[20.02519,52.00711],[20.02207,52.01068],[20.02103,52.01207]]}},{"type":"Feature","properties":{"numer":"115351E","klasa":"droga lokalna","kat":"powiatowa"},"geometry":{"type":"LineString","coordinates":[[20.06608,52.01259],[20.06608312020427,52.01258555992172]]}},{"type":"Feature","properties":{"numer":"2728E","klasa":"droga zbiorcza","kat":"powiatowa"},"geometry":{"type":"LineString","coordinates":[[20.04386,52.01838],[20.02551,52.0133]]}},{"type":"Feature","properties":{"numer":"2755E","klasa":"","kat":"powiatowa"},"geometry":{"type":"LineString","coordinates":[[20.06608,52.01259],[20.0504,52.02019]]}},{"type":"Feature","properties":{"numer":"2728E","klasa":"droga zbiorcza","kat":"powiatowa"},"geometry":{"type":"LineString","coordinates":[[20.05024,52.02015],[20.04386,52.01838]]}},{"type":"Feature","properties":{"numer":"2728E,2755E","klasa":"droga zbiorcza","kat":"powiatowa"},"geometry":{"type":"LineString","coordinates":[[20.0504,52.02019],[20.05024,52.02015]]}},{"type":"Feature","properties":{"numer":"2755E","klasa":"","kat":"powiatowa"},"geometry":{"type":"LineString","coordinates":[[20.04386,52.01838],[20.03662,52.02268],[20.03639,52.02276],[20.036,52.02267]]}},{"type":"Feature","properties":{"numer":"2728E","klasa":"droga zbiorcza","kat":"powiatowa"},"geometry":{"type":"LineString","coordinates":[[20.05386,52.02116],[20.0504,52.02019]]}},{"type":"Feature","properties":{"numer":"1304E","klasa":"","kat":"powiatowa"},"geometry":{"type":"LineString","coordinates":[[19.94421,51.98031],[19.945331852177603,51.98038108581867]]}},{"type":"Feature","properties":{"numer":"2728E","klasa":"droga zbiorcza","kat":"powiatowa"},"geometry":{"type":"LineString","coordinates":[[19.96381,51.99615],[19.94141,51.9899]]}},{"type":"Feature","properties":{"numer":"2728E","klasa":"droga zbiorcza","kat":"powiatowa"},"geometry":{"type":"LineString","coordinates":[[19.96389,51.99617],[19.96381,51.99615]]}},{"type":"Feature","properties":{"numer":"2728E","klasa":"droga zbiorcza","kat":"powiatowa"},"geometry":{"type":"LineString","coordinates":[[19.96702,51.99705],[19.96389,51.99617]]}},{"type":"Feature","properties":{"numer":"2751E","klasa":"","kat":"powiatowa"},"geometry":{"type":"LineString","coordinates":[[19.96702,51.99705],[19.96489,51.99958],[19.96364,52.00453],[19.96384,52.00464],[19.96584,52.00481],[19.96603,52.00492],[19.966,52.00668],[19.96612,52.00714],[19.9666,52.00798],[19.96893,52.01126],[19.97005,52.01329],[19.97042,52.01361],[19.97259,52.01493],[19.973,52.01531],[19.97327,52.01595],[19.97314,52.0166]]}},{"type":"Feature","properties":{"numer":"A2,E30","klasa":"autostrada","kat":"krajowa"},"geometry":{"type":"LineString","coordinates":[[19.93996,52.00164],[19.94442,52.00324],[19.94897,52.00515],[19.95379,52.00755],[19.96174,52.01202],[19.9639,52.01313],[19.96811,52.01505],[19.96986,52.01575],[19.97306,52.01687]]}},{"type":"Feature","properties":{"numer":"2751E","klasa":"","kat":"powiatowa"},"geometry":{"type":"LineString","coordinates":[[19.97314,52.0166],[19.97306,52.01687]]}},{"type":"Feature","properties":{"numer":"2751E","klasa":"","kat":"powiatowa"},"geometry":{"type":"LineString","coordinates":[[19.97306,52.01687],[19.97298,52.01717]]}},{"type":"Feature","properties":{"numer":"2751E","klasa":"","kat":"powiatowa"},"geometry":{"type":"LineString","coordinates":[[19.97298,52.01717],[19.97254,52.01862],[19.97251,52.01917],[19.97361,52.022],[19.97243,52.02653],[19.97363,52.02976],[19.97362,52.03],[19.96996,52.03228],[19.96566,52.03572],[19.95645,52.03488],[19.95628,52.03494],[19.95526,52.03626],[19.95418,52.03856],[19.95317,52.04002],[19.94966,52.04409],[19.94809,52.04564],[19.9476,52.0473]]}},{"type":"Feature","properties":{"numer":"2750E","klasa":"","kat":"powiatowa"},"geometry":{"type":"LineString","coordinates":[[19.9476,52.0473],[19.97968,52.05029],[19.98052,52.05048],[19.98077,52.05103],[19.98091,52.05109],[19.99294,52.05396]]}},{"type":"Feature","properties":{"numer":"2728E","klasa":"droga zbiorcza","kat":"powiatowa"},"geometry":{"type":"LineString","coordinates":[[20.02541,52.01328],[20.02103,52.01207]]}},{"type":"Feature","properties":{"numer":"2728E","klasa":"droga zbiorcza","kat":"powiatowa"},"geometry":{"type":"LineString","coordinates":[[20.02551,52.0133],[20.02541,52.01328]]}},{"type":"Feature","properties":{"numer":"2752E","klasa":"","kat":"powiatowa"},"geometry":{"type":"LineString","coordinates":[[20.02103,52.01207],[20.01983,52.01392],[20.01584,52.01905],[20.01172,52.02481],[20.00849,52.02909],[20.00833,52.02957],[20.00873,52.03042],[20.00854,52.03075]]}},{"type":"Feature","properties":{"numer":"A2,E30","klasa":"autostrada","kat":"krajowa"},"geometry":{"type":"LineString","coordinates":[[19.97306,52.01687],[19.98679,52.02098],[19.99225,52.02287],[19.99514,52.02403],[19.99921,52.02587],[20.00854,52.03075]]}},{"type":"Feature","properties":{"numer":"105361E","klasa":"droga lokalna","kat":"powiatowa"},"geometry":{"type":"LineString","coordinates":[[20.02389,52.02922],[20.02495,52.02776],[20.02597,52.0271]]}},{"type":"Feature","properties":{"numer":"105361E","klasa":"droga lokalna","kat":"powiatowa"},"geometry":{"type":"LineString","coordinates":[[20.01561,52.02945],[20.01592,52.02949]]}},{"type":"Feature","properties":{"numer":"105361E","klasa":"droga lokalna","kat":"powiatowa"},"geometry":{"type":"LineString","coordinates":[[20.01519,52.0299],[20.01561,52.02945]]}},{"type":"Feature","properties":{"numer":"105361E","klasa":"droga lokalna","kat":"powiatowa"},"geometry":{"type":"LineString","coordinates":[[20.01592,52.02949],[20.02096,52.03071]]}},{"type":"Feature","properties":{"numer":"105361E","klasa":"droga lokalna","kat":"powiatowa"},"geometry":{"type":"LineString","coordinates":[[20.02252,52.031],[20.02269,52.03095],[20.02389,52.02922]]}},{"type":"Feature","properties":{"numer":"105361E","klasa":"droga lokalna","kat":"powiatowa"},"geometry":{"type":"LineString","coordinates":[[20.01442,52.03143],[20.01519,52.0299]]}},{"type":"Feature","properties":{"numer":"2728E","klasa":"droga zbiorcza","kat":"powiatowa"},"geometry":{"type":"LineString","coordinates":[[20.05415,52.02124],[20.05386,52.02116]]}},{"type":"Feature","properties":{"numer":"105361E","klasa":"droga lokalna","kat":"powiatowa"},"geometry":{"type":"LineString","coordinates":[[20.03397,52.02199],[20.03439,52.02214]]}},{"type":"Feature","properties":{"numer":"105361E","klasa":"droga lokalna","kat":"powiatowa"},"geometry":{"type":"LineString","coordinates":[[20.03439,52.02214],[20.03497,52.02233]]}},{"type":"Feature","properties":{"numer":"105361E","klasa":"droga lokalna","kat":"powiatowa"},"geometry":{"type":"LineString","coordinates":[[20.03497,52.02233],[20.03514,52.02239]]}},{"type":"Feature","properties":{"numer":"105361E","klasa":"droga lokalna","kat":"powiatowa"},"geometry":{"type":"LineString","coordinates":[[20.03264,52.02284],[20.03397,52.02199]]}},{"type":"Feature","properties":{"numer":"105361E","klasa":"droga lokalna","kat":"powiatowa"},"geometry":{"type":"LineString","coordinates":[[20.03514,52.02239],[20.03562,52.02256]]}},{"type":"Feature","properties":{"numer":"105361E","klasa":"droga lokalna","kat":"powiatowa"},"geometry":{"type":"LineString","coordinates":[[20.03562,52.02256],[20.036,52.02267]]}},{"type":"Feature","properties":{"numer":"105361E","klasa":"droga lokalna","kat":"powiatowa"},"geometry":{"type":"LineString","coordinates":[[20.03178,52.02339],[20.03264,52.02284]]}},{"type":"Feature","properties":{"numer":"2728E","klasa":"droga zbiorcza","kat":"powiatowa"},"geometry":{"type":"LineString","coordinates":[[20.05655,52.026],[20.0555,52.02219],[20.05499,52.02157],[20.05415,52.02124]]}},{"type":"Feature","properties":{"numer":"105361E","klasa":"droga lokalna","kat":"powiatowa"},"geometry":{"type":"LineString","coordinates":[[20.03097,52.02391],[20.03178,52.02339]]}},{"type":"Feature","properties":{"numer":"70","klasa":"droga gĹ‚Ăłwna","kat":"krajowa"},"geometry":{"type":"LineString","coordinates":[[20.05707,52.02614],[20.072876706261987,52.01544152662016]]}},{"type":"Feature","properties":{"numer":"A2,E30","klasa":"autostrada","kat":"krajowa"},"geometry":{"type":"LineString","coordinates":[[20.05799,52.04551],[20.06554,52.04657],[20.08783,52.0491],[20.09986,52.05054],[20.10989,52.05189],[20.11875,52.05325]]}},{"type":"Feature","properties":{"numer":"2756E","klasa":"","kat":"powiatowa"},"geometry":{"type":"LineString","coordinates":[[20.09293,52.05096],[20.10024,52.05097]]}},{"type":"Feature","properties":{"numer":"2756E","klasa":"","kat":"powiatowa"},"geometry":{"type":"LineString","coordinates":[[20.10024,52.05097],[20.10034,52.05097]]}},{"type":"Feature","properties":{"numer":"A2,E30","klasa":"autostrada","kat":"krajowa"},"geometry":{"type":"LineString","coordinates":[[20.11886900122321,52.05327017975855],[20.11875,52.05325]]}},{"type":"Feature","properties":{"numer":"2756E","klasa":"","kat":"powiatowa"},"geometry":{"type":"LineString","coordinates":[[20.09929,52.0628],[20.09949,52.06101],[20.10105,52.05606],[20.10334,52.05158],[20.10322,52.0514],[20.10289,52.05129],[20.10034,52.05097]]}},{"type":"Feature","properties":{"numer":"105361E","klasa":"droga lokalna","kat":"powiatowa"},"geometry":{"type":"LineString","coordinates":[[20.03051,52.02421],[20.03097,52.02391]]}},{"type":"Feature","properties":{"numer":"105361E","klasa":"droga lokalna","kat":"powiatowa"},"geometry":{"type":"LineString","coordinates":[[20.03009,52.02447],[20.03051,52.02421]]}},{"type":"Feature","properties":{"numer":"105361E","klasa":"droga lokalna","kat":"powiatowa"},"geometry":{"type":"LineString","coordinates":[[20.02773,52.02599],[20.03009,52.02447]]}},{"type":"Feature","properties":{"numer":"2728E","klasa":"droga zbiorcza","kat":"powiatowa"},"geometry":{"type":"LineString","coordinates":[[20.05707,52.02614],[20.05655,52.026]]}},{"type":"Feature","properties":{"numer":"105361E","klasa":"droga lokalna","kat":"powiatowa"},"geometry":{"type":"LineString","coordinates":[[20.02597,52.0271],[20.02773,52.02599]]}},{"type":"Feature","properties":{"numer":"2704E","klasa":"","kat":"powiatowa"},"geometry":{"type":"LineString","coordinates":[[20.0379,52.04113],[20.04035,52.03735],[20.05619,52.02668],[20.05657,52.02638],[20.05655,52.026]]}},{"type":"Feature","properties":{"numer":"70","klasa":"droga gĹ‚Ăłwna","kat":"krajowa"},"geometry":{"type":"LineString","coordinates":[[20.05928,52.04386],[20.06013,52.0427],[20.06037,52.04218],[20.06053,52.04143],[20.06051,52.04077],[20.05684,52.02705],[20.05682,52.02662],[20.05707,52.02614]]}},{"type":"Feature","properties":{"numer":"A2,E30","klasa":"autostrada","kat":"krajowa"},"geometry":{"type":"LineString","coordinates":[[20.0379,52.04113],[20.04399,52.04272],[20.05185,52.04443]]}},{"type":"Feature","properties":{"numer":"A2,E30","klasa":"autostrada","kat":"krajowa"},"geometry":{"type":"LineString","coordinates":[[20.05185,52.04443],[20.05249,52.04348],[20.05294,52.04327],[20.05357,52.04315],[20.05928,52.04386]]}},{"type":"Feature","properties":{"numer":"70","klasa":"droga gĹ‚Ăłwna ruchu przyĹ›pieszonego","kat":"krajowa"},"geometry":{"type":"LineString","coordinates":[[20.05826,52.04518],[20.05928,52.04386]]}},{"type":"Feature","properties":{"numer":"105361E","klasa":"droga lokalna","kat":"powiatowa"},"geometry":{"type":"LineString","coordinates":[[20.02096,52.03071],[20.02236,52.03105],[20.02252,52.031]]}},{"type":"Feature","properties":{"numer":"A2,E30","klasa":"autostrada","kat":"krajowa"},"geometry":{"type":"LineString","coordinates":[[20.00854,52.03075],[20.01087,52.0319],[20.01393,52.03321]]}},{"type":"Feature","properties":{"numer":"105361E","klasa":"droga lokalna","kat":"powiatowa"},"geometry":{"type":"LineString","coordinates":[[20.01415,52.03262],[20.01441,52.03197],[20.01442,52.03143]]}},{"type":"Feature","properties":{"numer":"105361E","klasa":"droga lokalna","kat":"powiatowa"},"geometry":{"type":"LineString","coordinates":[[20.01408,52.0328],[20.01415,52.03262]]}},{"type":"Feature","properties":{"numer":"105361E","klasa":"droga lokalna","kat":"powiatowa"},"geometry":{"type":"LineString","coordinates":[[20.01393,52.03321],[20.01408,52.0328]]}},{"type":"Feature","properties":{"numer":"2752E","klasa":"","kat":"powiatowa"},"geometry":{"type":"LineString","coordinates":[[20.00854,52.03075],[20.00739,52.03121],[20.00646,52.03226],[20.00445,52.03384],[20.0041,52.03405],[20.00307,52.03444],[20.00254,52.0348],[20.00235,52.03579],[20.00177,52.03682],[20.00196,52.03761],[20.00227,52.03796]]}},{"type":"Feature","properties":{"numer":"A2,E30","klasa":"autostrada","kat":"krajowa"},"geometry":{"type":"LineString","coordinates":[[20.01393,52.03321],[20.019,52.03507],[20.02891,52.03837],[20.03369,52.0399],[20.0379,52.04113]]}},{"type":"Feature","properties":{"numer":"2752E","klasa":"","kat":"powiatowa"},"geometry":{"type":"LineString","coordinates":[[20.00241,52.03804],[20.00227,52.03796]]}},{"type":"Feature","properties":{"numer":"2752E","klasa":"","kat":"powiatowa"},"geometry":{"type":"LineString","coordinates":[[20.00241,52.03804],[20.00281,52.03838],[20.00235,52.03919],[20.00124,52.04023],[19.99891,52.04201],[19.99765,52.0428],[19.99711,52.04324],[19.99625,52.04468],[19.99566,52.04599],[19.99547,52.04713],[19.9955,52.04889],[19.99606,52.05045],[19.99522,52.05348],[19.99543,52.05386],[19.99651,52.05482]]}},{"type":"Feature","properties":{"numer":"2750E","klasa":"","kat":"powiatowa"},"geometry":{"type":"LineString","coordinates":[[19.99294,52.05396],[19.99302,52.05398]]}},{"type":"Feature","properties":{"numer":"A2,E30","klasa":"autostrada","kat":"krajowa"},"geometry":{"type":"LineString","coordinates":[[20.05185,52.04443],[20.05799,52.04551]]}},{"type":"Feature","properties":{"numer":"70","klasa":"droga gĹ‚Ăłwna ruchu przyĹ›pieszonego","kat":"krajowa"},"geometry":{"type":"LineString","coordinates":[[20.05799,52.04551],[20.05826,52.04518]]}},{"type":"Feature","properties":{"numer":"70","klasa":"droga gĹ‚Ăłwna ruchu przyĹ›pieszonego","kat":"krajowa"},"geometry":{"type":"LineString","coordinates":[[20.0577,52.04588],[20.05799,52.04551]]}},{"type":"Feature","properties":{"numer":"70","klasa":"droga gĹ‚Ăłwna ruchu przyĹ›pieszonego","kat":"krajowa"},"geometry":{"type":"LineString","coordinates":[[20.04694,52.05571],[20.05398,52.05015],[20.05569,52.04842],[20.0577,52.04588]]}},{"type":"Feature","properties":{"numer":"2704E","klasa":"","kat":"powiatowa"},"geometry":{"type":"LineString","coordinates":[[20.02392,52.06123],[20.03004,52.05284],[20.0379,52.04113]]}},{"type":"Feature","properties":{"numer":"70","klasa":"droga gĹ‚Ăłwna ruchu przyĹ›pieszonego","kat":"krajowa"},"geometry":{"type":"LineString","coordinates":[[20.04694,52.05571],[20.04522,52.05756]]}},{"type":"Feature","properties":{"numer":"70","klasa":"droga gĹ‚Ăłwna ruchu przyĹ›pieszonego","kat":"krajowa"},"geometry":{"type":"LineString","coordinates":[[20.04097,52.06438],[20.04522,52.05756]]}},{"type":"Feature","properties":{"numer":"70","klasa":"droga gĹ‚Ăłwna ruchu przyĹ›pieszonego","kat":"krajowa"},"geometry":{"type":"LineString","coordinates":[[20.04097,52.06438],[20.04006,52.06585]]}},{"type":"Feature","properties":{"numer":"70","klasa":"droga gĹ‚Ăłwna ruchu przyĹ›pieszonego","kat":"krajowa"},"geometry":{"type":"LineString","coordinates":[[20.03856,52.07015],[20.03844,52.06932],[20.03861,52.06836],[20.04006,52.06585]]}},{"type":"Feature","properties":{"numer":"105370E","klasa":"droga lokalna","kat":"powiatowa"},"geometry":{"type":"LineString","coordinates":[[20.06254,52.06829],[20.06295,52.06829]]}},{"type":"Feature","properties":{"numer":"2750E","klasa":"","kat":"powiatowa"},"geometry":{"type":"LineString","coordinates":[[19.99651,52.05482],[19.99302,52.05398]]}},{"type":"Feature","properties":{"numer":"2750E,2752E","klasa":"","kat":"powiatowa"},"geometry":{"type":"LineString","coordinates":[[19.99817,52.05522],[19.99651,52.05482]]}},{"type":"Feature","properties":{"numer":"2750E","klasa":"","kat":"powiatowa"},"geometry":{"type":"LineString","coordinates":[[19.99817,52.05522],[20.00543,52.05697],[20.01009,52.05854],[20.01331,52.05952],[20.01487,52.05988],[20.01671,52.05992],[20.01743,52.06006]]}},{"type":"Feature","properties":{"numer":"2750E","klasa":"","kat":"powiatowa"},"geometry":{"type":"LineString","coordinates":[[20.01743,52.06006],[20.01759,52.06009]]}},{"type":"Feature","properties":{"numer":"2752E","klasa":"","kat":"powiatowa"},"geometry":{"type":"LineString","coordinates":[[19.98717,52.06523],[19.99157,52.06458],[19.99216,52.06446],[19.99237,52.06435],[19.99423,52.06127],[19.99817,52.05522]]}},{"type":"Feature","properties":{"numer":"2750E","klasa":"","kat":"powiatowa"},"geometry":{"type":"LineString","coordinates":[[20.01759,52.06009],[20.01977,52.06053],[20.02392,52.06123]]}},{"type":"Feature","properties":{"numer":"2704E","klasa":"","kat":"powiatowa"},"geometry":{"type":"LineString","coordinates":[[20.01752,52.06784],[20.01831,52.06751],[20.01857,52.06727],[20.01956,52.06526],[20.02115,52.0631],[20.02151,52.06283],[20.02331,52.06191],[20.02392,52.06123]]}},{"type":"Feature","properties":{"numer":"2752E","klasa":"","kat":"powiatowa"},"geometry":{"type":"LineString","coordinates":[[19.98708,52.06523],[19.98717,52.06523]]}},{"type":"Feature","properties":{"numer":"2704E","klasa":"","kat":"powiatowa"},"geometry":{"type":"LineString","coordinates":[[20.01733,52.06793],[20.01752,52.06784]]}},{"type":"Feature","properties":{"numer":"2752E","klasa":"","kat":"powiatowa"},"geometry":{"type":"LineString","coordinates":[[19.97364,52.08162],[19.97643,52.07873],[19.9791,52.07518],[19.97977,52.07463],[19.98279,52.07075],[19.98408,52.06883],[19.98571,52.06519],[19.98599,52.06508],[19.98708,52.06523]]}},{"type":"Feature","properties":{"numer":"105370E","klasa":"droga lokalna","kat":"powiatowa"},"geometry":{"type":"LineString","coordinates":[[20.06295,52.06829],[20.06376,52.06829]]}},{"type":"Feature","properties":{"numer":"105370E","klasa":"droga lokalna","kat":"powiatowa"},"geometry":{"type":"LineString","coordinates":[[20.06139,52.0683],[20.06254,52.06829]]}},{"type":"Feature","properties":{"numer":"105370E","klasa":"droga lokalna","kat":"powiatowa"},"geometry":{"type":"LineString","coordinates":[[20.06121,52.0683],[20.06139,52.0683]]}},{"type":"Feature","properties":{"numer":"105370E","klasa":"droga lokalna","kat":"powiatowa"},"geometry":{"type":"LineString","coordinates":[[20.06112,52.0683],[20.06121,52.0683]]}},{"type":"Feature","properties":{"numer":"105370E","klasa":"droga lokalna","kat":"powiatowa"},"geometry":{"type":"LineString","coordinates":[[20.06016,52.06831],[20.06112,52.0683]]}},{"type":"Feature","properties":{"numer":"105370E","klasa":"droga lokalna","kat":"powiatowa"},"geometry":{"type":"LineString","coordinates":[[20.06376,52.06829],[20.06423,52.06832]]}},{"type":"Feature","properties":{"numer":"105370E","klasa":"droga lokalna","kat":"powiatowa"},"geometry":{"type":"LineString","coordinates":[[20.0596,52.06831],[20.06016,52.06831]]}},{"type":"Feature","properties":{"numer":"105370E","klasa":"droga lokalna","kat":"powiatowa"},"geometry":{"type":"LineString","coordinates":[[20.06423,52.06832],[20.06494,52.0684]]}},{"type":"Feature","properties":{"numer":"105370E","klasa":"droga lokalna","kat":"powiatowa"},"geometry":{"type":"LineString","coordinates":[[20.05828,52.06848],[20.05882,52.06836],[20.0596,52.06831]]}},{"type":"Feature","properties":{"numer":"105370E","klasa":"droga lokalna","kat":"powiatowa"},"geometry":{"type":"LineString","coordinates":[[20.0578,52.06863],[20.05828,52.06848]]}},{"type":"Feature","properties":{"numer":"5114E","klasa":"","kat":"powiatowa"},"geometry":{"type":"LineString","coordinates":[[19.81137,52.00869],[19.8121,52.00784],[19.82125,51.97617],[19.82137,51.97602],[19.82157,51.97598]]}},{"type":"Feature","properties":{"numer":"14,5114E","klasa":"droga gĹ‚Ăłwna ruchu przyĹ›pieszonego","kat":"gminna"},"geometry":{"type":"LineString","coordinates":[[19.81144,52.00871],[19.81137,52.00869]]}},{"type":"Feature","properties":{"numer":"2746E","klasa":"droga zbiorcza","kat":"powiatowa"},"geometry":{"type":"LineString","coordinates":[[19.84499,52.02048],[19.8636,52.00795]]}},{"type":"Feature","properties":{"numer":"14","klasa":"droga gĹ‚Ăłwna ruchu przyĹ›pieszonego","kat":"krajowa"},"geometry":{"type":"LineString","coordinates":[[19.81144,52.00871],[19.8135,52.00939],[19.84083,52.02327]]}},{"type":"Feature","properties":{"numer":"5114E","klasa":"","kat":"powiatowa"},"geometry":{"type":"LineString","coordinates":[[19.81144,52.00871],[19.81127,52.0095],[19.8109,52.01013],[19.80975,52.01318],[19.80977,52.01328],[19.81163,52.01455],[19.81241,52.01695],[19.81227,52.01737],[19.8143,52.01766],[19.8218,52.02024],[19.82268,52.02055],[19.82418,52.02131],[19.82766,52.02236],[19.82844,52.02276],[19.83338,52.02456],[19.83605,52.02572],[19.83693,52.02586]]}},{"type":"Feature","properties":{"numer":"2746E","klasa":"droga zbiorcza","kat":"powiatowa"},"geometry":{"type":"LineString","coordinates":[[19.84491,52.02054],[19.84499,52.02048]]}},{"type":"Feature","properties":{"numer":"2746E","klasa":"droga zbiorcza","kat":"powiatowa"},"geometry":{"type":"LineString","coordinates":[[19.84083,52.02327],[19.84491,52.02054]]}},{"type":"Feature","properties":{"numer":"2746E","klasa":"droga zbiorcza","kat":"powiatowa"},"geometry":{"type":"LineString","coordinates":[[19.83693,52.02586],[19.84083,52.02327]]}},{"type":"Feature","properties":{"numer":"14","klasa":"droga gĹ‚Ăłwna ruchu przyĹ›pieszonego","kat":"krajowa"},"geometry":{"type":"LineString","coordinates":[[19.84083,52.02327],[19.86617,52.03616]]}},{"type":"Feature","properties":{"numer":"2746E","klasa":"droga zbiorcza","kat":"powiatowa"},"geometry":{"type":"LineString","coordinates":[[19.8148,52.04067],[19.83693,52.02586]]}},{"type":"Feature","properties":{"numer":"2749E","klasa":"","kat":"powiatowa"},"geometry":{"type":"LineString","coordinates":[[19.93996,52.00164],[19.93976,52.00189]]}},{"type":"Feature","properties":{"numer":"2749E","klasa":"","kat":"powiatowa"},"geometry":{"type":"LineString","coordinates":[[19.93976,52.00189],[19.93783,52.00437],[19.93601,52.01154]]}},{"type":"Feature","properties":{"numer":"105530E","klasa":"droga lokalna","kat":"powiatowa"},"geometry":{"type":"LineString","coordinates":[[19.93463,52.01704],[19.93601,52.01154]]}},{"type":"Feature","properties":{"numer":"105530E","klasa":"droga lokalna","kat":"powiatowa"},"geometry":{"type":"LineString","coordinates":[[19.93449,52.01758],[19.93463,52.01704]]}},{"type":"Feature","properties":{"numer":"105530E","klasa":"droga lokalna","kat":"powiatowa"},"geometry":{"type":"LineString","coordinates":[[19.93413,52.01905],[19.93449,52.01758]]}},{"type":"Feature","properties":{"numer":"105530E","klasa":"droga lokalna","kat":"powiatowa"},"geometry":{"type":"LineString","coordinates":[[19.93404,52.0194],[19.93413,52.01905]]}},{"type":"Feature","properties":{"numer":"2749E","klasa":"","kat":"powiatowa"},"geometry":{"type":"LineString","coordinates":[[19.91951,52.02591],[19.92231,52.02346],[19.92483,52.02107],[19.92742,52.01897],[19.92818,52.01847],[19.92959,52.01715]]}},{"type":"Feature","properties":{"numer":"105530E","klasa":"droga lokalna","kat":"powiatowa"},"geometry":{"type":"LineString","coordinates":[[19.93277,52.02464],[19.93404,52.0194]]}},{"type":"Feature","properties":{"numer":"105530E","klasa":"droga lokalna","kat":"powiatowa"},"geometry":{"type":"LineString","coordinates":[[19.93273,52.02482],[19.93277,52.02464]]}},{"type":"Feature","properties":{"numer":"105530E","klasa":"droga lokalna","kat":"powiatowa"},"geometry":{"type":"LineString","coordinates":[[19.93257,52.02555],[19.93273,52.02482]]}},{"type":"Feature","properties":{"numer":"704","klasa":"droga zbiorcza","kat":"wojewodzka"},"geometry":{"type":"LineString","coordinates":[[19.90314,51.99357],[19.90243,51.99429],[19.89726,52.00492]]}},{"type":"Feature","properties":{"numer":"105111E,704","klasa":"droga zbiorcza","kat":"powiatowa"},"geometry":{"type":"LineString","coordinates":[[19.89726,52.00492],[19.89627,52.00694]]}},{"type":"Feature","properties":{"numer":"105106E,2746E","klasa":"droga zbiorcza","kat":"powiatowa"},"geometry":{"type":"LineString","coordinates":[[19.8636,52.00795],[19.86467,52.00722]]}},{"type":"Feature","properties":{"numer":"704","klasa":"droga zbiorcza","kat":"wojewodzka"},"geometry":{"type":"LineString","coordinates":[[19.89627,52.00694],[19.89106,52.01754]]}},{"type":"Feature","properties":{"numer":"704","klasa":"droga zbiorcza","kat":"wojewodzka"},"geometry":{"type":"LineString","coordinates":[[19.89106,52.01754],[19.89104,52.01757]]}},{"type":"Feature","properties":{"numer":"704","klasa":"droga zbiorcza","kat":"wojewodzka"},"geometry":{"type":"LineString","coordinates":[[19.89104,52.01757],[19.88175,52.03646]]}},{"type":"Feature","properties":{"numer":"2749E","klasa":"","kat":"powiatowa"},"geometry":{"type":"LineString","coordinates":[[19.90494,52.04274],[19.90522,52.04253],[19.90536,52.04214],[19.90674,52.03692],[19.90906,52.03412],[19.91148,52.03144],[19.91364,52.02991],[19.91687,52.0279],[19.91951,52.02591]]}},{"type":"Feature","properties":{"numer":"14","klasa":"droga gĹ‚Ăłwna ruchu przyĹ›pieszonego","kat":"krajowa"},"geometry":{"type":"LineString","coordinates":[[19.86617,52.03616],[19.86627,52.03621]]}},{"type":"Feature","properties":{"numer":"704","klasa":"droga zbiorcza","kat":"wojewodzka"},"geometry":{"type":"LineString","coordinates":[[19.88175,52.03646],[19.88173,52.03651]]}},{"type":"Feature","properties":{"numer":"14","klasa":"droga gĹ‚Ăłwna ruchu przyĹ›pieszonego","kat":"krajowa"},"geometry":{"type":"LineString","coordinates":[[19.86627,52.03621],[19.87874,52.04253]]}},{"type":"Feature","properties":{"numer":"105530E","klasa":"droga lokalna","kat":"powiatowa"},"geometry":{"type":"LineString","coordinates":[[19.93225,52.02707],[19.93257,52.02555]]}},{"type":"Feature","properties":{"numer":"105310E","klasa":"droga lokalna","kat":"powiatowa"},"geometry":{"type":"LineString","coordinates":[[19.91951,52.02591],[19.93225,52.02707]]}},{"type":"Feature","properties":{"numer":"2750E","klasa":"","kat":"powiatowa"},"geometry":{"type":"LineString","coordinates":[[19.92243,52.04438],[19.92254,52.04439]]}},{"type":"Feature","properties":{"numer":"2750E","klasa":"","kat":"powiatowa"},"geometry":{"type":"LineString","coordinates":[[19.92254,52.04439],[19.9244,52.0446],[19.92509,52.04513],[19.92543,52.04523],[19.94251,52.04683]]}},{"type":"Feature","properties":{"numer":"2750E","klasa":"","kat":"powiatowa"},"geometry":{"type":"LineString","coordinates":[[19.94251,52.04683],[19.9426,52.04683]]}},{"type":"Feature","properties":{"numer":"2750E","klasa":"","kat":"powiatowa"},"geometry":{"type":"LineString","coordinates":[[19.9426,52.04683],[19.9476,52.0473]]}},{"type":"Feature","properties":{"numer":"2751E","klasa":"","kat":"powiatowa"},"geometry":{"type":"LineString","coordinates":[[19.9476,52.0473],[19.94627,52.05284],[19.94667,52.05467],[19.94669,52.05547],[19.94627,52.05658],[19.94515,52.05811],[19.94477,52.05903],[19.94138,52.07246],[19.94102,52.07274],[19.94062,52.07286],[19.93672,52.0726],[19.93526,52.07282]]}},{"type":"Feature","properties":{"numer":"2751E","klasa":"","kat":"powiatowa"},"geometry":{"type":"LineString","coordinates":[[19.93526,52.07282],[19.93516,52.07285]]}},{"type":"Feature","properties":{"numer":"105512E","klasa":"droga lokalna","kat":"powiatowa"},"geometry":{"type":"LineString","coordinates":[[19.93137,52.07486],[19.93133,52.07492]]}},{"type":"Feature","properties":{"numer":"105512E","klasa":"droga lokalna","kat":"powiatowa"},"geometry":{"type":"LineString","coordinates":[[19.93133,52.07492],[19.9303,52.07668]]}},{"type":"Feature","properties":{"numer":"704","klasa":"droga zbiorcza","kat":"wojewodzka"},"geometry":{"type":"LineString","coordinates":[[19.88173,52.03651],[19.87874,52.04253]]}},{"type":"Feature","properties":{"numer":"2750E","klasa":"","kat":"powiatowa"},"geometry":{"type":"LineString","coordinates":[[19.90494,52.04274],[19.90526,52.04273],[19.92243,52.04438]]}},{"type":"Feature","properties":{"numer":"2749E","klasa":"","kat":"powiatowa"},"geometry":{"type":"LineString","coordinates":[[19.89436,52.04826],[19.90494,52.04274]]}},{"type":"Feature","properties":{"numer":"14","klasa":"droga gĹ‚Ăłwna ruchu przyĹ›pieszonego","kat":"krajowa"},"geometry":{"type":"LineString","coordinates":[[19.87874,52.04253],[19.89214,52.04939]]}},{"type":"Feature","properties":{"numer":"2749E","klasa":"","kat":"powiatowa"},"geometry":{"type":"LineString","coordinates":[[19.89426,52.04831],[19.89436,52.04826]]}},{"type":"Feature","properties":{"numer":"2749E","klasa":"","kat":"powiatowa"},"geometry":{"type":"LineString","coordinates":[[19.89214,52.04939],[19.89426,52.04831]]}},{"type":"Feature","properties":{"numer":"2749E","klasa":"","kat":"powiatowa"},"geometry":{"type":"LineString","coordinates":[[19.89214,52.04939],[19.87412,52.05782],[19.87381,52.05788],[19.87307,52.05767],[19.87281,52.05767],[19.87154,52.05785],[19.87013,52.05816]]}},{"type":"Feature","properties":{"numer":"2749E","klasa":"","kat":"powiatowa"},"geometry":{"type":"LineString","coordinates":[[19.87013,52.05816],[19.85875,52.06062],[19.85692,52.06103],[19.85667,52.06116]]}},{"type":"Feature","properties":{"numer":"14","klasa":"droga gĹ‚Ăłwna ruchu przyĹ›pieszonego","kat":"krajowa"},"geometry":{"type":"LineString","coordinates":[[19.89214,52.04939],[19.8928,52.05009],[19.89967,52.05896],[19.91324,52.07675]]}},{"type":"Feature","properties":{"numer":"2749E","klasa":"droga zbiorcza","kat":"powiatowa"},"geometry":{"type":"LineString","coordinates":[[19.85667,52.06116],[19.85981,52.06744],[19.86254,52.071],[19.88268,52.09035]]}},{"type":"Feature","properties":{"numer":"105512E","klasa":"droga lokalna","kat":"powiatowa"},"geometry":{"type":"LineString","coordinates":[[19.9303,52.07668],[19.92999,52.07759]]}},{"type":"Feature","properties":{"numer":"105512E","klasa":"droga lokalna","kat":"powiatowa"},"geometry":{"type":"LineString","coordinates":[[19.92999,52.07759],[19.92955,52.0789]]}},{"type":"Feature","properties":{"numer":"105512E","klasa":"droga lokalna","kat":"powiatowa"},"geometry":{"type":"LineString","coordinates":[[19.92955,52.0789],[19.92946,52.0792]]}},{"type":"Feature","properties":{"numer":"105512E","klasa":"droga lokalna","kat":"powiatowa"},"geometry":{"type":"LineString","coordinates":[[19.92946,52.0792],[19.92926,52.07977]]}},{"type":"Feature","properties":{"numer":"105512E","klasa":"droga lokalna","kat":"powiatowa"},"geometry":{"type":"LineString","coordinates":[[19.92926,52.07977],[19.92911,52.08044],[19.92937,52.08199]]}},{"type":"Feature","properties":{"numer":"14","klasa":"droga gĹ‚Ăłwna ruchu przyĹ›pieszonego","kat":"krajowa"},"geometry":{"type":"LineString","coordinates":[[19.91332,52.07686],[19.9199,52.08549],[19.92023,52.08634],[19.92013,52.08756]]}},{"type":"Feature","properties":{"numer":"105512E","klasa":"droga lokalna","kat":"powiatowa"},"geometry":{"type":"LineString","coordinates":[[19.92937,52.08199],[19.9295,52.08266]]}},{"type":"Feature","properties":{"numer":"105512E","klasa":"droga lokalna","kat":"powiatowa"},"geometry":{"type":"LineString","coordinates":[[19.9295,52.08266],[19.92967,52.08305]]}},{"type":"Feature","properties":{"numer":"105512E","klasa":"droga lokalna","kat":"powiatowa"},"geometry":{"type":"LineString","coordinates":[[19.92967,52.08305],[19.93092,52.08623]]}},{"type":"Feature","properties":{"numer":"105512E","klasa":"droga lokalna","kat":"powiatowa"},"geometry":{"type":"LineString","coordinates":[[19.93092,52.08623],[19.93147,52.08786]]}},{"type":"Feature","properties":{"numer":"105512E","klasa":"droga lokalna","kat":"powiatowa"},"geometry":{"type":"LineString","coordinates":[[19.93147,52.08786],[19.93171,52.08849]]}},{"type":"Feature","properties":{"numer":"105512E","klasa":"droga lokalna","kat":"powiatowa"},"geometry":{"type":"LineString","coordinates":[[19.93171,52.08849],[19.93182,52.08878]]}},{"type":"Feature","properties":{"numer":"105512E","klasa":"droga lokalna","kat":"powiatowa"},"geometry":{"type":"LineString","coordinates":[[19.93182,52.08878],[19.9319,52.08905],[19.93164,52.08944],[19.93167,52.08957]]}},{"type":"Feature","properties":{"numer":"105512E,105569E","klasa":"droga lokalna","kat":"powiatowa"},"geometry":{"type":"LineString","coordinates":[[19.93218,52.08993],[19.93167,52.08957]]}},{"type":"Feature","properties":{"numer":"105512E","klasa":"droga lokalna","kat":"powiatowa"},"geometry":{"type":"LineString","coordinates":[[19.93198,52.09129],[19.93233,52.09013],[19.93218,52.08993]]}},{"type":"Feature","properties":{"numer":"105512E","klasa":"droga lokalna","kat":"powiatowa"},"geometry":{"type":"LineString","coordinates":[[19.93158,52.09255],[19.93198,52.09129]]}},{"type":"Feature","properties":{"numer":"2754E","klasa":"droga zbiorcza","kat":"powiatowa"},"geometry":{"type":"LineString","coordinates":[[19.92013,52.08756],[19.92073,52.08758],[19.92139,52.08751],[19.92153,52.08757],[19.92913,52.09753]]}},{"type":"Feature","properties":{"numer":"105512E","klasa":"droga lokalna","kat":"powiatowa"},"geometry":{"type":"LineString","coordinates":[[19.93154,52.0938],[19.93147,52.09301],[19.93158,52.09255]]}},{"type":"Feature","properties":{"numer":"105512E,105574E","klasa":"droga lokalna","kat":"powiatowa"},"geometry":{"type":"LineString","coordinates":[[19.93154,52.09385],[19.93154,52.0938]]}},{"type":"Feature","properties":{"numer":"105512E","klasa":"droga lokalna","kat":"powiatowa"},"geometry":{"type":"LineString","coordinates":[[19.93156,52.09429],[19.93154,52.09385]]}},{"type":"Feature","properties":{"numer":"2752E","klasa":"droga zbiorcza","kat":"powiatowa"},"geometry":{"type":"LineString","coordinates":[[19.97364,52.08162],[19.97488,52.08194]]}},{"type":"Feature","properties":{"numer":"2752E","klasa":"droga zbiorcza","kat":"powiatowa"},"geometry":{"type":"LineString","coordinates":[[19.97488,52.08194],[19.97499,52.08197]]}},{"type":"Feature","properties":{"numer":"2752E","klasa":"droga zbiorcza","kat":"powiatowa"},"geometry":{"type":"LineString","coordinates":[[19.96274,52.09889],[19.9701,52.0916],[19.97553,52.08334],[19.97623,52.08241],[19.97611,52.08225],[19.97499,52.08197]]}},{"type":"Feature","properties":{"numer":"2752E","klasa":"droga zbiorcza","kat":"powiatowa"},"geometry":{"type":"LineString","coordinates":[[19.96268,52.09893],[19.96274,52.09889]]}},{"type":"Feature","properties":{"numer":"2752E","klasa":"droga zbiorcza","kat":"powiatowa"},"geometry":{"type":"LineString","coordinates":[[19.95148,52.10367],[19.95469,52.10262],[19.95975,52.10075],[19.96268,52.09893]]}},{"type":"Feature","properties":{"numer":"105473E","klasa":"droga zbiorcza","kat":"powiatowa"},"geometry":{"type":"LineString","coordinates":[[19.94853,52.103],[19.94885,52.10398]]}},{"type":"Feature","properties":{"numer":"70","klasa":"droga gĹ‚Ăłwna","kat":"krajowa"},"geometry":{"type":"LineString","coordinates":[[19.96627,52.10379],[19.96648,52.10374]]}},{"type":"Feature","properties":{"numer":"105559E","klasa":"droga dojazdowa","kat":"powiatowa"},"geometry":{"type":"LineString","coordinates":[[19.95148,52.10367],[19.95192,52.10414]]}},{"type":"Feature","properties":{"numer":"2752E","klasa":"droga zbiorcza","kat":"powiatowa"},"geometry":{"type":"LineString","coordinates":[[19.94987,52.10436],[19.95036,52.10405],[19.95148,52.10367]]}},{"type":"Feature","properties":{"numer":"105473E","klasa":"droga zbiorcza","kat":"powiatowa"},"geometry":{"type":"LineString","coordinates":[[19.94885,52.10398],[19.94898,52.10436],[19.94922,52.10462]]}},{"type":"Feature","properties":{"numer":"105512E","klasa":"droga lokalna","kat":"powiatowa"},"geometry":{"type":"LineString","coordinates":[[19.93174,52.09512],[19.93162,52.09492],[19.93156,52.09429]]}},{"type":"Feature","properties":{"numer":"105512E","klasa":"droga lokalna","kat":"powiatowa"},"geometry":{"type":"LineString","coordinates":[[19.93178,52.09517],[19.93174,52.09512]]}},{"type":"Feature","properties":{"numer":"105512E","klasa":"droga lokalna","kat":"powiatowa"},"geometry":{"type":"LineString","coordinates":[[19.93197,52.09547],[19.93178,52.09517]]}},{"type":"Feature","properties":{"numer":"105512E","klasa":"droga lokalna","kat":"powiatowa"},"geometry":{"type":"LineString","coordinates":[[19.93261,52.09643],[19.93197,52.09547]]}},{"type":"Feature","properties":{"numer":"14","klasa":"droga gĹ‚Ăłwna ruchu przyĹ›pieszonego","kat":"krajowa"},"geometry":{"type":"LineString","coordinates":[[19.92013,52.08756],[19.91839,52.10041],[19.91835,52.10128],[19.91872,52.10247],[19.91967,52.10369],[19.92083,52.10452],[19.92234,52.10519]]}},{"type":"Feature","properties":{"numer":"105512E","klasa":"droga lokalna","kat":"powiatowa"},"geometry":{"type":"LineString","coordinates":[[19.93319,52.09731],[19.93261,52.09643]]}},{"type":"Feature","properties":{"numer":"105512E","klasa":"droga lokalna","kat":"powiatowa"},"geometry":{"type":"LineString","coordinates":[[19.93341,52.09764],[19.93319,52.09731]]}},{"type":"Feature","properties":{"numer":"105469E","klasa":"droga zbiorcza","kat":"powiatowa"},"geometry":{"type":"LineString","coordinates":[[19.92903,52.09829],[19.92902,52.09767],[19.92913,52.09753]]}},{"type":"Feature","properties":{"numer":"105512E","klasa":"droga lokalna","kat":"powiatowa"},"geometry":{"type":"LineString","coordinates":[[19.93474,52.09935],[19.93341,52.09764]]}},{"type":"Feature","properties":{"numer":"105469E","klasa":"droga zbiorcza","kat":"powiatowa"},"geometry":{"type":"LineString","coordinates":[[19.92906,52.09914],[19.92903,52.09829]]}},{"type":"Feature","properties":{"numer":"14","klasa":"droga gĹ‚Ăłwna ruchu przyĹ›pieszonego","kat":"krajowa"},"geometry":{"type":"LineString","coordinates":[[19.91324,52.07675],[19.91332,52.07686]]}},{"type":"Feature","properties":{"numer":"2749E","klasa":"droga zbiorcza","kat":"powiatowa"},"geometry":{"type":"LineString","coordinates":[[19.88274,52.09041],[19.88268,52.09035]]}},{"type":"Feature","properties":{"numer":"2749E","klasa":"droga zbiorcza","kat":"powiatowa"},"geometry":{"type":"LineString","coordinates":[[19.88274,52.09041],[19.88465,52.09224],[19.8915,52.10039],[19.89374,52.10281]]}},{"type":"Feature","properties":{"numer":"703","klasa":"droga gĹ‚Ăłwna","kat":"wojewodzka"},"geometry":{"type":"LineString","coordinates":[[19.86584,52.09995],[19.89203,52.10264]]}},{"type":"Feature","properties":{"numer":"2749E,703","klasa":"droga zbiorcza","kat":"powiatowa"},"geometry":{"type":"LineString","coordinates":[[19.89203,52.10264],[19.89374,52.10281]]}},{"type":"Feature","properties":{"numer":"703","klasa":"droga gĹ‚Ăłwna","kat":"wojewodzka"},"geometry":{"type":"LineString","coordinates":[[19.89374,52.10281],[19.90725,52.10417],[19.92022,52.10609],[19.9209,52.10609],[19.92139,52.10597],[19.9218,52.10575],[19.92212,52.10542]]}},{"type":"Feature","properties":{"numer":"2749E","klasa":"","kat":"powiatowa"},"geometry":{"type":"LineString","coordinates":[[19.88218,52.11073],[19.88188,52.10794],[19.89203,52.10264]]}},{"type":"Feature","properties":{"numer":"2749E","klasa":"","kat":"powiatowa"},"geometry":{"type":"LineString","coordinates":[[19.88219,52.11087],[19.88218,52.11073]]}},{"type":"Feature","properties":{"numer":"2749E","klasa":"","kat":"powiatowa"},"geometry":{"type":"LineString","coordinates":[[19.87822,52.1163],[19.87869,52.11574],[19.88183,52.11307],[19.88226,52.11162],[19.88219,52.11087]]}},{"type":"Feature","properties":{"numer":"2749E","klasa":"","kat":"powiatowa"},"geometry":{"type":"LineString","coordinates":[[19.87818,52.11644],[19.87822,52.1163]]}},{"type":"Feature","properties":{"numer":"2754E","klasa":"droga zbiorcza","kat":"powiatowa"},"geometry":{"type":"LineString","coordinates":[[19.92913,52.09753],[19.93228,52.1016]]}},{"type":"Feature","properties":{"numer":"105469E","klasa":"droga zbiorcza","kat":"powiatowa"},"geometry":{"type":"LineString","coordinates":[[19.92909,52.10007],[19.92906,52.09914]]}},{"type":"Feature","properties":{"numer":"105512E","klasa":"droga lokalna","kat":"powiatowa"},"geometry":{"type":"LineString","coordinates":[[19.93524,52.10001],[19.93474,52.09935]]}},{"type":"Feature","properties":{"numer":"105473E","klasa":"droga zbiorcza","kat":"powiatowa"},"geometry":{"type":"LineString","coordinates":[[19.93899,52.10042],[19.9448,52.09937]]}},{"type":"Feature","properties":{"numer":"105469E","klasa":"droga zbiorcza","kat":"powiatowa"},"geometry":{"type":"LineString","coordinates":[[19.92911,52.10046],[19.92909,52.10007]]}},{"type":"Feature","properties":{"numer":"105512E","klasa":"droga lokalna","kat":"powiatowa"},"geometry":{"type":"LineString","coordinates":[[19.93602,52.101],[19.93524,52.10001]]}},{"type":"Feature","properties":{"numer":"105473E","klasa":"droga zbiorcza","kat":"powiatowa"},"geometry":{"type":"LineString","coordinates":[[19.93602,52.101],[19.93899,52.10042]]}},{"type":"Feature","properties":{"numer":"105473E","klasa":"droga zbiorcza","kat":"powiatowa"},"geometry":{"type":"LineString","coordinates":[[19.9448,52.09937],[19.94644,52.09923],[19.94692,52.09934],[19.94728,52.09955],[19.94752,52.09986],[19.94835,52.10247]]}},{"type":"Feature","properties":{"numer":"105469E","klasa":"droga zbiorcza","kat":"powiatowa"},"geometry":{"type":"LineString","coordinates":[[19.92921,52.10129],[19.92911,52.10046]]}},{"type":"Feature","properties":{"numer":"105473E","klasa":"droga zbiorcza","kat":"powiatowa"},"geometry":{"type":"LineString","coordinates":[[19.93504,52.10119],[19.93602,52.101]]}},{"type":"Feature","properties":{"numer":"105473E","klasa":"droga zbiorcza","kat":"powiatowa"},"geometry":{"type":"LineString","coordinates":[[19.9347,52.10126],[19.93504,52.10119]]}},{"type":"Feature","properties":{"numer":"105512E","klasa":"droga lokalna","kat":"powiatowa"},"geometry":{"type":"LineString","coordinates":[[19.93645,52.10158],[19.93602,52.101]]}},{"type":"Feature","properties":{"numer":"105473E","klasa":"droga zbiorcza","kat":"powiatowa"},"geometry":{"type":"LineString","coordinates":[[19.93417,52.10136],[19.9347,52.10126]]}},{"type":"Feature","properties":{"numer":"105469E","klasa":"droga zbiorcza","kat":"powiatowa"},"geometry":{"type":"LineString","coordinates":[[19.92922,52.10143],[19.92921,52.10129]]}},{"type":"Feature","properties":{"numer":"105473E","klasa":"droga zbiorcza","kat":"powiatowa"},"geometry":{"type":"LineString","coordinates":[[19.93352,52.10148],[19.93417,52.10136]]}},{"type":"Feature","properties":{"numer":"105469E","klasa":"droga zbiorcza","kat":"powiatowa"},"geometry":{"type":"LineString","coordinates":[[19.92925,52.10164],[19.92922,52.10143]]}},{"type":"Feature","properties":{"numer":"105473E","klasa":"droga zbiorcza","kat":"powiatowa"},"geometry":{"type":"LineString","coordinates":[[19.93228,52.1016],[19.93352,52.10148]]}},{"type":"Feature","properties":{"numer":"105473E","klasa":"droga zbiorcza","kat":"powiatowa"},"geometry":{"type":"LineString","coordinates":[[19.93167,52.10173],[19.93228,52.1016]]}},{"type":"Feature","properties":{"numer":"105473E","klasa":"droga zbiorcza","kat":"powiatowa"},"geometry":{"type":"LineString","coordinates":[[19.93125,52.10184],[19.93167,52.10173]]}},{"type":"Feature","properties":{"numer":"105473E","klasa":"droga zbiorcza","kat":"powiatowa"},"geometry":{"type":"LineString","coordinates":[[19.93115,52.10187],[19.93125,52.10184]]}},{"type":"Feature","properties":{"numer":"105473E","klasa":"droga zbiorcza","kat":"powiatowa"},"geometry":{"type":"LineString","coordinates":[[19.93012,52.10215],[19.93115,52.10187]]}},{"type":"Feature","properties":{"numer":"105469E","klasa":"droga zbiorcza","kat":"powiatowa"},"geometry":{"type":"LineString","coordinates":[[19.92941,52.1024],[19.92925,52.10164]]}},{"type":"Feature","properties":{"numer":"105512E","klasa":"droga lokalna","kat":"powiatowa"},"geometry":{"type":"LineString","coordinates":[[19.9375,52.10291],[19.93645,52.10158]]}},{"type":"Feature","properties":{"numer":"105473E","klasa":"droga zbiorcza","kat":"powiatowa"},"geometry":{"type":"LineString","coordinates":[[19.93012,52.10215],[19.92941,52.1024]]}},{"type":"Feature","properties":{"numer":"105597E","klasa":"droga zbiorcza","kat":"powiatowa"},"geometry":{"type":"LineString","coordinates":[[19.92757,52.10279],[19.92941,52.1024]]}},{"type":"Feature","properties":{"numer":"105473E","klasa":"droga zbiorcza","kat":"powiatowa"},"geometry":{"type":"LineString","coordinates":[[19.94835,52.10247],[19.94853,52.103]]}},{"type":"Feature","properties":{"numer":"105469E","klasa":"droga zbiorcza","kat":"powiatowa"},"geometry":{"type":"LineString","coordinates":[[19.92943,52.10307],[19.92941,52.1024]]}},{"type":"Feature","properties":{"numer":"105597E","klasa":"droga zbiorcza","kat":"powiatowa"},"geometry":{"type":"LineString","coordinates":[[19.92736,52.10285],[19.92757,52.10279]]}},{"type":"Feature","properties":{"numer":"105512E","klasa":"droga lokalna","kat":"powiatowa"},"geometry":{"type":"LineString","coordinates":[[19.9375,52.10291],[19.93755,52.10298]]}},{"type":"Feature","properties":{"numer":"105597E","klasa":"droga zbiorcza","kat":"powiatowa"},"geometry":{"type":"LineString","coordinates":[[19.92614,52.1031],[19.92736,52.10285]]}},{"type":"Feature","properties":{"numer":"105486E","klasa":"droga lokalna","kat":"powiatowa"},"geometry":{"type":"LineString","coordinates":[[19.93722,52.10314],[19.93755,52.10298]]}},{"type":"Feature","properties":{"numer":"105597E","klasa":"droga zbiorcza","kat":"powiatowa"},"geometry":{"type":"LineString","coordinates":[[19.92273,52.10306],[19.92295,52.10308]]}},{"type":"Feature","properties":{"numer":"105597E","klasa":"droga zbiorcza","kat":"powiatowa"},"geometry":{"type":"LineString","coordinates":[[19.92233,52.10308],[19.92273,52.10306]]}},{"type":"Feature","properties":{"numer":"105597E","klasa":"droga zbiorcza","kat":"powiatowa"},"geometry":{"type":"LineString","coordinates":[[19.92295,52.10308],[19.92335,52.10308]]}},{"type":"Feature","properties":{"numer":"105597E","klasa":"droga zbiorcza","kat":"powiatowa"},"geometry":{"type":"LineString","coordinates":[[19.92335,52.10308],[19.92399,52.10309]]}},{"type":"Feature","properties":{"numer":"105597E","klasa":"droga zbiorcza","kat":"powiatowa"},"geometry":{"type":"LineString","coordinates":[[19.92399,52.10309],[19.92411,52.10309]]}},{"type":"Feature","properties":{"numer":"105597E","klasa":"droga zbiorcza","kat":"powiatowa"},"geometry":{"type":"LineString","coordinates":[[19.92411,52.10309],[19.92476,52.1031]]}},{"type":"Feature","properties":{"numer":"105597E","klasa":"droga zbiorcza","kat":"powiatowa"},"geometry":{"type":"LineString","coordinates":[[19.92476,52.1031],[19.92507,52.10311]]}},{"type":"Feature","properties":{"numer":"105597E","klasa":"droga zbiorcza","kat":"powiatowa"},"geometry":{"type":"LineString","coordinates":[[19.92563,52.10312],[19.92614,52.1031]]}},{"type":"Feature","properties":{"numer":"105597E","klasa":"droga zbiorcza","kat":"powiatowa"},"geometry":{"type":"LineString","coordinates":[[19.92507,52.10311],[19.92529,52.10311]]}},{"type":"Feature","properties":{"numer":"105597E","klasa":"droga zbiorcza","kat":"powiatowa"},"geometry":{"type":"LineString","coordinates":[[19.92529,52.10311],[19.92563,52.10312]]}},{"type":"Feature","properties":{"numer":"105486E","klasa":"droga lokalna","kat":"powiatowa"},"geometry":{"type":"LineString","coordinates":[[19.93673,52.10336],[19.93722,52.10314]]}},{"type":"Feature","properties":{"numer":"105469E","klasa":"droga zbiorcza","kat":"powiatowa"},"geometry":{"type":"LineString","coordinates":[[19.92948,52.10353],[19.92943,52.10307]]}},{"type":"Feature","properties":{"numer":"105486E","klasa":"droga lokalna","kat":"powiatowa"},"geometry":{"type":"LineString","coordinates":[[19.93617,52.10361],[19.93673,52.10336]]}},{"type":"Feature","properties":{"numer":"105486E","klasa":"droga lokalna","kat":"powiatowa"},"geometry":{"type":"LineString","coordinates":[[19.93588,52.10375],[19.93617,52.10361]]}},{"type":"Feature","properties":{"numer":"105512E","klasa":"droga lokalna","kat":"powiatowa"},"geometry":{"type":"LineString","coordinates":[[19.93899,52.10476],[19.93869,52.10449],[19.93755,52.10298]]}},{"type":"Feature","properties":{"numer":"105469E","klasa":"droga zbiorcza","kat":"powiatowa"},"geometry":{"type":"LineString","coordinates":[[19.9296,52.10441],[19.92948,52.10353]]}},{"type":"Feature","properties":{"numer":"105486E","klasa":"droga lokalna","kat":"powiatowa"},"geometry":{"type":"LineString","coordinates":[[19.93464,52.10433],[19.93588,52.10375]]}},{"type":"Feature","properties":{"numer":"105486E,105638E","klasa":"droga lokalna","kat":"powiatowa"},"geometry":{"type":"LineString","coordinates":[[19.93464,52.10433],[19.93475,52.10443]]}},{"type":"Feature","properties":{"numer":"105560E","klasa":"droga zbiorcza","kat":"powiatowa"},"geometry":{"type":"LineString","coordinates":[[19.92234,52.10519],[19.92296,52.10422]]}},{"type":"Feature","properties":{"numer":"105486E","klasa":"droga lokalna","kat":"powiatowa"},"geometry":{"type":"LineString","coordinates":[[19.93312,52.10521],[19.93475,52.10443]]}},{"type":"Feature","properties":{"numer":"105469E","klasa":"droga zbiorcza","kat":"powiatowa"},"geometry":{"type":"LineString","coordinates":[[19.92972,52.10536],[19.9296,52.10441]]}},{"type":"Feature","properties":{"numer":"105486E","klasa":"droga lokalna","kat":"powiatowa"},"geometry":{"type":"LineString","coordinates":[[19.93302,52.10526],[19.93312,52.10521]]}},{"type":"Feature","properties":{"numer":"703","klasa":"droga gĹ‚Ăłwna","kat":"wojewodzka"},"geometry":{"type":"LineString","coordinates":[[19.92219,52.10535],[19.92234,52.10519]]}},{"type":"Feature","properties":{"numer":"703","klasa":"droga gĹ‚Ăłwna","kat":"wojewodzka"},"geometry":{"type":"LineString","coordinates":[[19.92212,52.10542],[19.92219,52.10535]]}},{"type":"Feature","properties":{"numer":"105486E","klasa":"droga lokalna","kat":"powiatowa"},"geometry":{"type":"LineString","coordinates":[[19.93163,52.10591],[19.93302,52.10526]]}},{"type":"Feature","properties":{"numer":"105469E","klasa":"droga zbiorcza","kat":"powiatowa"},"geometry":{"type":"LineString","coordinates":[[19.93029,52.10598],[19.92972,52.10536]]}},{"type":"Feature","properties":{"numer":"105486E","klasa":"droga lokalna","kat":"powiatowa"},"geometry":{"type":"LineString","coordinates":[[19.93138,52.10604],[19.93163,52.10591]]}},{"type":"Feature","properties":{"numer":"105469E","klasa":"droga zbiorcza","kat":"powiatowa"},"geometry":{"type":"LineString","coordinates":[[19.93068,52.10635],[19.93029,52.10598]]}},{"type":"Feature","properties":{"numer":"105526E","klasa":"droga lokalna","kat":"powiatowa"},"geometry":{"type":"LineString","coordinates":[[19.94609,52.10626],[19.94611,52.10618]]}},{"type":"Feature","properties":{"numer":"105526E","klasa":"droga lokalna","kat":"powiatowa"},"geometry":{"type":"LineString","coordinates":[[19.94609,52.10626],[19.94602,52.10651]]}},{"type":"Feature","properties":{"numer":"14","klasa":"droga gĹ‚Ăłwna ruchu przyĹ›pieszonego","kat":"krajowa"},"geometry":{"type":"LineString","coordinates":[[19.92931,52.10811],[19.9287,52.10761],[19.92801,52.10723],[19.92234,52.10519]]}},{"type":"Feature","properties":{"numer":"105526E","klasa":"droga lokalna","kat":"powiatowa"},"geometry":{"type":"LineString","coordinates":[[19.94593,52.10691],[19.94602,52.10651]]}},{"type":"Feature","properties":{"numer":"105469E","klasa":"droga zbiorcza","kat":"powiatowa"},"geometry":{"type":"LineString","coordinates":[[19.93174,52.10737],[19.93068,52.10635]]}},{"type":"Feature","properties":{"numer":"105526E","klasa":"droga lokalna","kat":"powiatowa"},"geometry":{"type":"LineString","coordinates":[[19.94586,52.1073],[19.94593,52.10691]]}},{"type":"Feature","properties":{"numer":"105565E","klasa":"droga lokalna","kat":"powiatowa"},"geometry":{"type":"LineString","coordinates":[[19.93174,52.10737],[19.93214,52.10726],[19.93331,52.10738]]}},{"type":"Feature","properties":{"numer":"105526E","klasa":"droga lokalna","kat":"powiatowa"},"geometry":{"type":"LineString","coordinates":[[19.94575,52.10756],[19.94586,52.1073]]}},{"type":"Feature","properties":{"numer":"105565E","klasa":"droga lokalna","kat":"powiatowa"},"geometry":{"type":"LineString","coordinates":[[19.93331,52.10738],[19.93417,52.10756]]}},{"type":"Feature","properties":{"numer":"105565E","klasa":"droga lokalna","kat":"powiatowa"},"geometry":{"type":"LineString","coordinates":[[19.93424,52.10757],[19.93417,52.10756]]}},{"type":"Feature","properties":{"numer":"105565E","klasa":"droga lokalna","kat":"powiatowa"},"geometry":{"type":"LineString","coordinates":[[19.93436,52.10758],[19.93424,52.10757]]}},{"type":"Feature","properties":{"numer":"105466E","klasa":"droga dojazdowa","kat":"powiatowa"},"geometry":{"type":"LineString","coordinates":[[19.95192,52.10414],[19.95029,52.10472]]}},{"type":"Feature","properties":{"numer":"105531E","klasa":"droga dojazdowa","kat":"powiatowa"},"geometry":{"type":"LineString","coordinates":[[19.94987,52.10436],[19.95029,52.10472]]}},{"type":"Feature","properties":{"numer":"70","klasa":"droga gĹ‚Ăłwna","kat":"krajowa"},"geometry":{"type":"LineString","coordinates":[[19.9562,52.10756],[19.95748,52.10604],[19.96627,52.10379]]}},{"type":"Feature","properties":{"numer":"70","klasa":"droga gĹ‚Ăłwna","kat":"krajowa"},"geometry":{"type":"LineString","coordinates":[[19.95588,52.10798],[19.9562,52.10756]]}},{"type":"Feature","properties":{"numer":"70","klasa":"droga gĹ‚Ăłwna","kat":"krajowa"},"geometry":{"type":"LineString","coordinates":[[19.95588,52.10798],[19.95646,52.10837],[19.95959,52.10981]]}},{"type":"Feature","properties":{"numer":"70","klasa":"droga gĹ‚Ăłwna","kat":"krajowa"},"geometry":{"type":"LineString","coordinates":[[19.95959,52.10981],[19.96075,52.11035]]}},{"type":"Feature","properties":{"numer":"70","klasa":"droga gĹ‚Ăłwna","kat":"krajowa"},"geometry":{"type":"LineString","coordinates":[[19.96075,52.11035],[19.96256,52.11119]]}},{"type":"Feature","properties":{"numer":"105543E,70","klasa":"droga gĹ‚Ăłwna","kat":"powiatowa"},"geometry":{"type":"LineString","coordinates":[[19.96256,52.11119],[19.96263,52.11122]]}},{"type":"Feature","properties":{"numer":"105543E,70","klasa":"droga gĹ‚Ăłwna","kat":"powiatowa"},"geometry":{"type":"LineString","coordinates":[[19.96263,52.11122],[19.96296,52.11138]]}},{"type":"Feature","properties":{"numer":"105459E","klasa":"droga lokalna","kat":"powiatowa"},"geometry":{"type":"LineString","coordinates":[[19.94852,52.11335],[19.9488,52.11379]]}},{"type":"Feature","properties":{"numer":"105565E","klasa":"droga lokalna","kat":"powiatowa"},"geometry":{"type":"LineString","coordinates":[[19.93514,52.10766],[19.93436,52.10758]]}},{"type":"Feature","properties":{"numer":"105565E","klasa":"droga lokalna","kat":"powiatowa"},"geometry":{"type":"LineString","coordinates":[[19.93569,52.10771],[19.93514,52.10766]]}},{"type":"Feature","properties":{"numer":"105565E","klasa":"droga lokalna","kat":"powiatowa"},"geometry":{"type":"LineString","coordinates":[[19.93598,52.10773],[19.93569,52.10771]]}},{"type":"Feature","properties":{"numer":"105565E","klasa":"droga zbiorcza","kat":"powiatowa"},"geometry":{"type":"LineString","coordinates":[[19.93174,52.10737],[19.92931,52.10811]]}},{"type":"Feature","properties":{"numer":"105565E","klasa":"droga lokalna","kat":"powiatowa"},"geometry":{"type":"LineString","coordinates":[[19.93723,52.10785],[19.93598,52.10773]]}},{"type":"Feature","properties":{"numer":"105548E","klasa":"droga lokalna","kat":"powiatowa"},"geometry":{"type":"LineString","coordinates":[[19.94577,52.10802],[19.94575,52.10756]]}},{"type":"Feature","properties":{"numer":"105542E","klasa":"droga lokalna","kat":"powiatowa"},"geometry":{"type":"LineString","coordinates":[[19.94577,52.10802],[19.9465,52.1081],[19.94672,52.10821]]}},{"type":"Feature","properties":{"numer":"105516E","klasa":"droga lokalna","kat":"powiatowa"},"geometry":{"type":"LineString","coordinates":[[19.93723,52.10785],[19.9373,52.10864]]}},{"type":"Feature","properties":{"numer":"105542E","klasa":"droga lokalna","kat":"powiatowa"},"geometry":{"type":"LineString","coordinates":[[19.94672,52.10821],[19.94737,52.10992]]}},{"type":"Feature","properties":{"numer":"14","klasa":"droga gĹ‚Ăłwna ruchu przyĹ›pieszonego","kat":"krajowa"},"geometry":{"type":"LineString","coordinates":[[19.93027,52.1117],[19.93009,52.10933],[19.92982,52.10873],[19.92931,52.10811]]}},{"type":"Feature","properties":{"numer":"105542E","klasa":"droga lokalna","kat":"powiatowa"},"geometry":{"type":"LineString","coordinates":[[19.94737,52.10992],[19.94742,52.11003]]}},{"type":"Feature","properties":{"numer":"105542E","klasa":"droga lokalna","kat":"powiatowa"},"geometry":{"type":"LineString","coordinates":[[19.94742,52.11003],[19.94745,52.11038]]}},{"type":"Feature","properties":{"numer":"105542E","klasa":"droga lokalna","kat":"powiatowa"},"geometry":{"type":"LineString","coordinates":[[19.94745,52.11038],[19.94734,52.11104]]}},{"type":"Feature","properties":{"numer":"105542E","klasa":"droga lokalna","kat":"powiatowa"},"geometry":{"type":"LineString","coordinates":[[19.94734,52.11104],[19.94728,52.11201]]}},{"type":"Feature","properties":{"numer":"14","klasa":"droga gĹ‚Ăłwna ruchu przyĹ›pieszonego","kat":"krajowa"},"geometry":{"type":"LineString","coordinates":[[19.93031,52.11258],[19.93027,52.1117]]}},{"type":"Feature","properties":{"numer":"105542E","klasa":"droga lokalna","kat":"powiatowa"},"geometry":{"type":"LineString","coordinates":[[19.94728,52.11201],[19.94754,52.11258]]}},{"type":"Feature","properties":{"numer":"105542E","klasa":"droga lokalna","kat":"powiatowa"},"geometry":{"type":"LineString","coordinates":[[19.94754,52.11258],[19.94764,52.1127]]}},{"type":"Feature","properties":{"numer":"105542E","klasa":"droga lokalna","kat":"powiatowa"},"geometry":{"type":"LineString","coordinates":[[19.94764,52.1127],[19.948,52.11306],[19.94852,52.11335]]}},{"type":"Feature","properties":{"numer":"14","klasa":"droga gĹ‚Ăłwna ruchu przyĹ›pieszonego","kat":"krajowa"},"geometry":{"type":"LineString","coordinates":[[19.9305,52.11643],[19.93031,52.11258]]}},{"type":"Feature","properties":{"numer":"105542E,14","klasa":"droga gĹ‚Ăłwna ruchu przyĹ›pieszonego","kat":"powiatowa"},"geometry":{"type":"LineString","coordinates":[[19.93051,52.11656],[19.9305,52.11643]]}},{"type":"Feature","properties":{"numer":"105103E,2746E","klasa":"droga zbiorcza","kat":"powiatowa"},"geometry":{"type":"LineString","coordinates":[[19.8148,52.04067],[19.81477,52.04069]]}},{"type":"Feature","properties":{"numer":"2747E","klasa":"","kat":"powiatowa"},"geometry":{"type":"LineString","coordinates":[[19.80534,52.0636],[19.80544,52.06358],[19.80559,52.06374],[19.80701,52.06593],[19.80807,52.06737],[19.80819,52.0677],[19.80824,52.06857],[19.80838,52.06881],[19.81107,52.07004],[19.81212,52.07035],[19.81302,52.07094],[19.81236,52.07138],[19.81227,52.07159],[19.81317,52.08061],[19.8133,52.08289],[19.81345,52.09456]]}},{"type":"Feature","properties":{"numer":"703","klasa":"droga gĹ‚Ăłwna","kat":"wojewodzka"},"geometry":{"type":"LineString","coordinates":[[19.81345,52.09456],[19.86584,52.09995]]}},{"type":"Feature","properties":{"numer":"2747E","klasa":"","kat":"powiatowa"},"geometry":{"type":"LineString","coordinates":[[19.81345,52.09456],[19.81362,52.10449]]}},{"type":"Feature","properties":{"numer":"2748E","klasa":"","kat":"powiatowa"},"geometry":{"type":"LineString","coordinates":[[19.81362,52.10449],[19.82625,52.10576],[19.84398,52.10451],[19.84936,52.1042],[19.85225,52.10412],[19.8554,52.10437],[19.85993,52.10445],[19.86375,52.10166],[19.86584,52.09995]]}},{"type":"Feature","properties":{"numer":"2731E","klasa":"","kat":"powiatowa"},"geometry":{"type":"LineString","coordinates":[[19.84658,52.1308],[19.82136,52.1264],[19.79416,52.12899]]}},{"type":"Feature","properties":{"numer":"2749E","klasa":"","kat":"powiatowa"},"geometry":{"type":"LineString","coordinates":[[19.84783,52.12932],[19.84816,52.12881]]}},{"type":"Feature","properties":{"numer":"2749E","klasa":"","kat":"powiatowa"},"geometry":{"type":"LineString","coordinates":[[19.84658,52.1308],[19.84753,52.1298],[19.84783,52.12932]]}},{"type":"Feature","properties":{"numer":"2731E","klasa":"","kat":"powiatowa"},"geometry":{"type":"LineString","coordinates":[[19.85629,52.1409],[19.85228,52.13416],[19.84658,52.1308]]}},{"type":"Feature","properties":{"numer":"92","klasa":"droga gĹ‚Ăłwna ruchu przyĹ›pieszonego","kat":"krajowa"},"geometry":{"type":"LineString","coordinates":[[19.85629,52.1409],[19.81846,52.14517],[19.81115,52.14683]]}},{"type":"Feature","properties":{"numer":"703","klasa":"droga gĹ‚Ăłwna","kat":"wojewodzka"},"geometry":{"type":"LineString","coordinates":[[19.74815,52.08774],[19.76919,52.08993]]}},{"type":"Feature","properties":{"numer":"703","klasa":"droga gĹ‚Ăłwna","kat":"wojewodzka"},"geometry":{"type":"LineString","coordinates":[[19.76919,52.08993],[19.77337,52.09038]]}},{"type":"Feature","properties":{"numer":"703","klasa":"droga gĹ‚Ăłwna","kat":"wojewodzka"},"geometry":{"type":"LineString","coordinates":[[19.77337,52.09038],[19.77355,52.09039]]}},{"type":"Feature","properties":{"numer":"2748E","klasa":"","kat":"powiatowa"},"geometry":{"type":"LineString","coordinates":[[19.76919,52.08993],[19.76867,52.09202],[19.76914,52.0927]]}},{"type":"Feature","properties":{"numer":"703","klasa":"droga gĹ‚Ăłwna","kat":"wojewodzka"},"geometry":{"type":"LineString","coordinates":[[19.77355,52.09039],[19.81345,52.09456]]}},{"type":"Feature","properties":{"numer":"2748E","klasa":"","kat":"powiatowa"},"geometry":{"type":"LineString","coordinates":[[19.76914,52.0927],[19.76922,52.0928]]}},{"type":"Feature","properties":{"numer":"2746E","klasa":"droga zbiorcza","kat":"powiatowa"},"geometry":{"type":"LineString","coordinates":[[19.74815,52.08774],[19.74791,52.08895],[19.7544,52.10093]]}},{"type":"Feature","properties":{"numer":"2748E","klasa":"","kat":"powiatowa"},"geometry":{"type":"LineString","coordinates":[[19.76922,52.0928],[19.77271,52.09751],[19.7734,52.09826],[19.7744,52.099],[19.77643,52.09977],[19.78516,52.10069],[19.78724,52.10113],[19.78881,52.10135],[19.79845,52.10249],[19.80983,52.10405],[19.81362,52.10449]]}},{"type":"Feature","properties":{"numer":"2746E","klasa":"droga zbiorcza","kat":"powiatowa"},"geometry":{"type":"LineString","coordinates":[[19.75462,52.10136],[19.7544,52.10093]]}},{"type":"Feature","properties":{"numer":"2746E","klasa":"droga zbiorcza","kat":"powiatowa"},"geometry":{"type":"LineString","coordinates":[[19.75462,52.10136],[19.7564,52.10471],[19.75588,52.10695]]}},{"type":"Feature","properties":{"numer":"2734E","klasa":"droga zbiorcza","kat":"powiatowa"},"geometry":{"type":"LineString","coordinates":[[19.68278,52.11262],[19.68115,52.11061],[19.67651,52.10641],[19.67431,52.10377]]}},{"type":"Feature","properties":{"numer":"2734E","klasa":"droga zbiorcza","kat":"powiatowa"},"geometry":{"type":"LineString","coordinates":[[19.68318,52.11314],[19.68278,52.11262]]}},{"type":"Feature","properties":{"numer":"2734E","klasa":"droga zbiorcza","kat":"powiatowa"},"geometry":{"type":"LineString","coordinates":[[19.68698,52.11504],[19.68679,52.11449],[19.68451,52.11473],[19.68394,52.1146],[19.68377,52.11448],[19.68318,52.11314]]}},{"type":"Feature","properties":{"numer":"2717E","klasa":"","kat":"powiatowa"},"geometry":{"type":"LineString","coordinates":[[19.66368,52.12599],[19.66479,52.12564],[19.66553,52.12518],[19.67285,52.11899],[19.68165,52.11618],[19.68698,52.11504]]}},{"type":"Feature","properties":{"numer":"2717E","klasa":"","kat":"powiatowa"},"geometry":{"type":"LineString","coordinates":[[19.640169734944077,52.12611104225577],[19.64984,52.12645],[19.65403,52.12669],[19.65657,52.12673],[19.66232,52.12618],[19.66368,52.12599]]}},{"type":"Feature","properties":{"numer":"102035E","klasa":"droga lokalna","kat":"powiatowa"},"geometry":{"type":"LineString","coordinates":[[19.66104,52.13058],[19.6625,52.12858],[19.6635,52.12664],[19.66368,52.12599]]}},{"type":"Feature","properties":{"numer":"102035E","klasa":"droga lokalna","kat":"powiatowa"},"geometry":{"type":"LineString","coordinates":[[19.6608,52.13099],[19.66104,52.13058]]}},{"type":"Feature","properties":{"numer":"102035E","klasa":"droga lokalna","kat":"powiatowa"},"geometry":{"type":"LineString","coordinates":[[19.66017,52.13187],[19.6608,52.13099]]}},{"type":"Feature","properties":{"numer":"102035E","klasa":"droga lokalna","kat":"powiatowa"},"geometry":{"type":"LineString","coordinates":[[19.65846,52.13336],[19.66017,52.13187]]}},{"type":"Feature","properties":{"numer":"102035E","klasa":"droga lokalna","kat":"powiatowa"},"geometry":{"type":"LineString","coordinates":[[19.6584,52.13341],[19.65846,52.13336]]}},{"type":"Feature","properties":{"numer":"2717E","klasa":"droga zbiorcza","kat":"powiatowa"},"geometry":{"type":"LineString","coordinates":[[19.75588,52.10695],[19.7663,52.10827],[19.76991,52.11003],[19.78086,52.11552],[19.78534,52.11791],[19.78582,52.11837],[19.78716,52.12123],[19.78913,52.12348]]}},{"type":"Feature","properties":{"numer":"2717E","klasa":"droga zbiorcza","kat":"powiatowa"},"geometry":{"type":"LineString","coordinates":[[19.78913,52.12348],[19.78918,52.12354]]}},{"type":"Feature","properties":{"numer":"2717E","klasa":"droga zbiorcza","kat":"powiatowa"},"geometry":{"type":"LineString","coordinates":[[19.78918,52.12354],[19.79416,52.12899]]}},{"type":"Feature","properties":{"numer":"2731E","klasa":"","kat":"powiatowa"},"geometry":{"type":"LineString","coordinates":[[19.79416,52.12899],[19.77796,52.1307],[19.77786,52.13145],[19.77729,52.13175],[19.77209,52.13631],[19.76762,52.1393]]}},{"type":"Feature","properties":{"numer":"2717E","klasa":"droga zbiorcza","kat":"powiatowa"},"geometry":{"type":"LineString","coordinates":[[19.79416,52.12899],[19.80306,52.13879],[19.80643,52.14269],[19.8085,52.14466],[19.81014,52.14582],[19.81068,52.1461],[19.81101,52.14651]]}},{"type":"Feature","properties":{"numer":"2735E","klasa":"","kat":"powiatowa"},"geometry":{"type":"LineString","coordinates":[[19.7417,52.13686],[19.74909,52.14101]]}},{"type":"Feature","properties":{"numer":"2735E","klasa":"","kat":"powiatowa"},"geometry":{"type":"LineString","coordinates":[[19.74921,52.14107],[19.74909,52.14101]]}},{"type":"Feature","properties":{"numer":"2731E","klasa":"","kat":"powiatowa"},"geometry":{"type":"LineString","coordinates":[[19.76762,52.1393],[19.75777,52.14591]]}},{"type":"Feature","properties":{"numer":"2735E","klasa":"","kat":"powiatowa"},"geometry":{"type":"LineString","coordinates":[[19.74921,52.14107],[19.75777,52.14591]]}},{"type":"Feature","properties":{"numer":"2120E","klasa":"","kat":"powiatowa"},"geometry":{"type":"LineString","coordinates":[[19.78554,52.15484],[19.78184,52.14529],[19.78073,52.14281],[19.78042,52.14266],[19.76762,52.1393]]}},{"type":"Feature","properties":{"numer":"2735E","klasa":"","kat":"powiatowa"},"geometry":{"type":"LineString","coordinates":[[19.72233,52.12761],[19.71991,52.12744],[19.71939,52.12733],[19.71415,52.12545],[19.70891,52.12206]]}},{"type":"Feature","properties":{"numer":"2734E","klasa":"droga zbiorcza","kat":"powiatowa"},"geometry":{"type":"LineString","coordinates":[[19.70498,52.14619],[19.70102,52.14374],[19.69385,52.13418],[19.68753,52.11629]]}},{"type":"Feature","properties":{"numer":"2735E","klasa":"","kat":"powiatowa"},"geometry":{"type":"LineString","coordinates":[[19.72233,52.12761],[19.72426,52.12775],[19.72494,52.12791],[19.72954,52.13048],[19.73182,52.1313],[19.7417,52.13686]]}},{"type":"Feature","properties":{"numer":"2732E","klasa":"","kat":"powiatowa"},"geometry":{"type":"LineString","coordinates":[[19.71729,52.15351],[19.72081,52.14957],[19.72741,52.14558],[19.73421,52.14104],[19.73573,52.14025],[19.74062,52.1374],[19.7417,52.13686]]}},{"type":"Feature","properties":{"numer":"2734E","klasa":"droga zbiorcza","kat":"powiatowa"},"geometry":{"type":"LineString","coordinates":[[19.70504,52.14622],[19.70498,52.14619]]}},{"type":"Feature","properties":{"numer":"2734E","klasa":"droga zbiorcza","kat":"powiatowa"},"geometry":{"type":"LineString","coordinates":[[19.71729,52.15351],[19.70504,52.14622]]}},{"type":"Feature","properties":{"numer":"2100E","klasa":"droga zbiorcza","kat":"powiatowa"},"geometry":{"type":"LineString","coordinates":[[19.701275578235176,52.152015263067746],[19.70155,52.15205]]}},{"type":"Feature","properties":{"numer":"2100E","klasa":"","kat":"powiatowa"},"geometry":{"type":"LineString","coordinates":[[19.70155,52.15205],[19.717,52.15386]]}},{"type":"Feature","properties":{"numer":"102035E","klasa":"droga lokalna","kat":"powiatowa"},"geometry":{"type":"LineString","coordinates":[[19.658396517223473,52.13341262494979],[19.6584,52.13341]]}},{"type":"Feature","properties":{"numer":"2732E","klasa":"","kat":"powiatowa"},"geometry":{"type":"LineString","coordinates":[[19.717,52.15386],[19.71729,52.15351]]}},{"type":"Feature","properties":{"numer":"2734E","klasa":"droga zbiorcza","kat":"powiatowa"},"geometry":{"type":"LineString","coordinates":[[19.72221,52.15549],[19.71911,52.15452],[19.71729,52.15351]]}},{"type":"Feature","properties":{"numer":"2734E","klasa":"droga zbiorcza","kat":"powiatowa"},"geometry":{"type":"LineString","coordinates":[[19.72234,52.15553],[19.72221,52.15549]]}},{"type":"Feature","properties":{"numer":"2734E","klasa":"droga zbiorcza","kat":"powiatowa"},"geometry":{"type":"LineString","coordinates":[[19.73067,52.15838],[19.72544,52.15668],[19.72452,52.15625],[19.72234,52.15553]]}},{"type":"Feature","properties":{"numer":"2731E","klasa":"","kat":"powiatowa"},"geometry":{"type":"LineString","coordinates":[[19.73067,52.15838],[19.72833,52.16003],[19.72364,52.16416]]}},{"type":"Feature","properties":{"numer":"2734E","klasa":"droga zbiorcza","kat":"powiatowa"},"geometry":{"type":"LineString","coordinates":[[19.75173,52.16579],[19.73067,52.15838]]}},{"type":"Feature","properties":{"numer":"2732E","klasa":"","kat":"powiatowa"},"geometry":{"type":"LineString","coordinates":[[19.688972593687733,52.17227771871183],[19.68964136758603,52.172687612391435]]}},{"type":"Feature","properties":{"numer":"2732E","klasa":"","kat":"powiatowa"},"geometry":{"type":"LineString","coordinates":[[19.69291587641809,52.174450589659656],[19.69296,52.17444],[19.71038,52.16223],[19.717,52.15386]]}},{"type":"Feature","properties":{"numer":"2730E","klasa":"","kat":"powiatowa"},"geometry":{"type":"LineString","coordinates":[[19.7282,52.172],[19.72718,52.16933],[19.72532,52.16677],[19.72364,52.16416]]}},{"type":"Feature","properties":{"numer":"92","klasa":"droga gĹ‚Ăłwna ruchu przyĹ›pieszonego","kat":"krajowa"},"geometry":{"type":"LineString","coordinates":[[19.75173,52.16579],[19.7451,52.16793],[19.7282,52.172]]}},{"type":"Feature","properties":{"numer":"92","klasa":"droga gĹ‚Ăłwna ruchu przyĹ›pieszonego","kat":"krajowa"},"geometry":{"type":"LineString","coordinates":[[19.81115,52.14683],[19.80828,52.1475],[19.807,52.1479],[19.78554,52.15484]]}},{"type":"Feature","properties":{"numer":"2731E","klasa":"","kat":"powiatowa"},"geometry":{"type":"LineString","coordinates":[[19.75777,52.14591],[19.74732,52.15139],[19.73922,52.15489],[19.73067,52.15838]]}},{"type":"Feature","properties":{"numer":"92","klasa":"droga gĹ‚Ăłwna ruchu przyĹ›pieszonego","kat":"krajowa"},"geometry":{"type":"LineString","coordinates":[[19.78554,52.15484],[19.75173,52.16579]]}},{"type":"Feature","properties":{"numer":"2120E","klasa":"","kat":"powiatowa"},"geometry":{"type":"LineString","coordinates":[[19.77744,52.19061],[19.77921,52.18803],[19.79044,52.1705],[19.79038,52.17019],[19.78692,52.16542],[19.78875,52.16506],[19.78917,52.16487],[19.78928,52.16462],[19.78554,52.15484]]}},{"type":"Feature","properties":{"numer":"2729E","klasa":"","kat":"powiatowa"},"geometry":{"type":"LineString","coordinates":[[19.73185,52.18709],[19.75184,52.18879],[19.75195,52.18868],[19.7521,52.18785],[19.75222,52.18771],[19.75433,52.18793],[19.75457,52.18789],[19.75607,52.18546],[19.76388,52.18701],[19.77271,52.19003],[19.77744,52.19061]]}},{"type":"Feature","properties":{"numer":"2120E","klasa":"","kat":"powiatowa"},"geometry":{"type":"LineString","coordinates":[[19.76872,52.19905],[19.76942,52.1983],[19.77351,52.19519],[19.77744,52.19061]]}},{"type":"Feature","properties":{"numer":"2119E","klasa":"","kat":"powiatowa"},"geometry":{"type":"LineString","coordinates":[[19.7974,52.19989],[19.80373,52.19944]]}},{"type":"Feature","properties":{"numer":"2119E","klasa":"","kat":"powiatowa"},"geometry":{"type":"LineString","coordinates":[[19.76872,52.19905],[19.78208,52.2006],[19.79709,52.1999]]}},{"type":"Feature","properties":{"numer":"2119E","klasa":"","kat":"powiatowa"},"geometry":{"type":"LineString","coordinates":[[19.79709,52.1999],[19.7974,52.19989]]}},{"type":"Feature","properties":{"numer":"2119E","klasa":"","kat":"powiatowa"},"geometry":{"type":"LineString","coordinates":[[19.72887,52.19857],[19.73391,52.19907],[19.73915,52.19947],[19.74896,52.20146],[19.76622,52.20148]]}},{"type":"Feature","properties":{"numer":"2731E","klasa":"","kat":"powiatowa"},"geometry":{"type":"LineString","coordinates":[[19.72364,52.16416],[19.71414,52.17248],[19.71053,52.17444],[19.70586,52.17634],[19.70435,52.17687],[19.70388,52.17716],[19.7038,52.1773],[19.70438,52.17775]]}},{"type":"Feature","properties":{"numer":"92","klasa":"droga gĹ‚Ăłwna ruchu przyĹ›pieszonego","kat":"krajowa"},"geometry":{"type":"LineString","coordinates":[[19.7282,52.172],[19.70438,52.17775]]}},{"type":"Feature","properties":{"numer":"92","klasa":"droga gĹ‚Ăłwna ruchu przyĹ›pieszonego","kat":"krajowa"},"geometry":{"type":"LineString","coordinates":[[19.70438,52.17775],[19.701164469438673,52.17852211828068]]}},{"type":"Feature","properties":{"numer":"2730E","klasa":"","kat":"powiatowa"},"geometry":{"type":"LineString","coordinates":[[19.73185,52.18709],[19.73336,52.18078],[19.7282,52.172]]}},{"type":"Feature","properties":{"numer":"2730E","klasa":"","kat":"powiatowa"},"geometry":{"type":"LineString","coordinates":[[19.72887,52.19857],[19.72924,52.19695],[19.7299,52.19516],[19.73185,52.18709]]}},{"type":"Feature","properties":{"numer":"2119E","klasa":"","kat":"powiatowa"},"geometry":{"type":"LineString","coordinates":[[19.71338,52.20184],[19.72887,52.19857]]}},{"type":"Feature","properties":{"numer":"2119E","klasa":"droga zbiorcza","kat":"powiatowa"},"geometry":{"type":"LineString","coordinates":[[19.71330399817961,52.201864143203885],[19.71338,52.20184]]}},{"type":"Feature","properties":{"numer":"1322E","klasa":"droga zbiorcza","kat":"powiatowa"},"geometry":{"type":"LineString","coordinates":[[20.06494,52.0684],[20.06962,52.06882]]}},{"type":"Feature","properties":{"numer":"105370E","klasa":"droga lokalna","kat":"powiatowa"},"geometry":{"type":"LineString","coordinates":[[20.0571,52.06887],[20.0578,52.06863]]}},{"type":"Feature","properties":{"numer":"105370E","klasa":"droga lokalna","kat":"powiatowa"},"geometry":{"type":"LineString","coordinates":[[20.05525,52.06951],[20.0571,52.06887]]}},{"type":"Feature","properties":{"numer":"105370E","klasa":"droga lokalna","kat":"powiatowa"},"geometry":{"type":"LineString","coordinates":[[20.05163,52.07076],[20.05525,52.06951]]}},{"type":"Feature","properties":{"numer":"70","klasa":"droga gĹ‚Ăłwna ruchu przyĹ›pieszonego","kat":"krajowa"},"geometry":{"type":"LineString","coordinates":[[20.03856,52.07015],[20.03879,52.07093],[20.03887,52.07175],[20.03879,52.07233],[20.0384,52.07326],[20.03784,52.07399],[20.03746,52.07434],[20.03657,52.07494],[20.03563,52.07542]]}},{"type":"Feature","properties":{"numer":"105355E","klasa":"droga lokalna","kat":"powiatowa"},"geometry":{"type":"LineString","coordinates":[[20.05141,52.07519],[20.05142,52.07252],[20.05163,52.07076]]}},{"type":"Feature","properties":{"numer":"2714E","klasa":"droga zbiorcza","kat":"powiatowa"},"geometry":{"type":"LineString","coordinates":[[20.06962,52.06882],[20.069,52.0715],[20.06826,52.07596],[20.06841,52.07833],[20.0688,52.08012],[20.06878,52.08057]]}},{"type":"Feature","properties":{"numer":"105355E","klasa":"droga lokalna","kat":"powiatowa"},"geometry":{"type":"LineString","coordinates":[[20.05134,52.07749],[20.05141,52.07519]]}},{"type":"Feature","properties":{"numer":"105355E","klasa":"droga lokalna","kat":"powiatowa"},"geometry":{"type":"LineString","coordinates":[[20.05127,52.07959],[20.05134,52.07749]]}},{"type":"Feature","properties":{"numer":"105368E","klasa":"droga lokalna","kat":"powiatowa"},"geometry":{"type":"LineString","coordinates":[[20.05127,52.07959],[20.06022,52.08019]]}},{"type":"Feature","properties":{"numer":"2756E","klasa":"","kat":"powiatowa"},"geometry":{"type":"LineString","coordinates":[[20.09283,52.06454],[20.09293,52.05096]]}},{"type":"Feature","properties":{"numer":"2705E","klasa":"","kat":"powiatowa"},"geometry":{"type":"LineString","coordinates":[[20.09283,52.06454],[20.09929,52.0628]]}},{"type":"Feature","properties":{"numer":"2705E","klasa":"","kat":"powiatowa"},"geometry":{"type":"LineString","coordinates":[[20.07515,52.06933],[20.09283,52.06454]]}},{"type":"Feature","properties":{"numer":"2705E","klasa":"","kat":"powiatowa"},"geometry":{"type":"LineString","coordinates":[[20.09929,52.0628],[20.09948,52.06296],[20.09977,52.06299],[20.11615,52.06302],[20.11843,52.06763],[20.11877,52.06877],[20.11909758755721,52.06941425552918]]}},{"type":"Feature","properties":{"numer":"1322E","klasa":"droga zbiorcza","kat":"powiatowa"},"geometry":{"type":"LineString","coordinates":[[20.06962,52.06882],[20.07515,52.06933]]}},{"type":"Feature","properties":{"numer":"1322E","klasa":"droga zbiorcza","kat":"powiatowa"},"geometry":{"type":"LineString","coordinates":[[20.07515,52.06933],[20.07802,52.06962],[20.0852,52.07105],[20.08971,52.0718],[20.096471418946077,52.072215506192215]]}},{"type":"Feature","properties":{"numer":"2701E","klasa":"","kat":"powiatowa"},"geometry":{"type":"LineString","coordinates":[[20.09245,52.10091],[20.09761,52.08701],[20.09777206146572,52.08696948463357]]}},{"type":"Feature","properties":{"numer":"2704E","klasa":"","kat":"powiatowa"},"geometry":{"type":"LineString","coordinates":[[20.01733,52.06793],[20.01687,52.0682],[20.01623,52.06885],[20.01138,52.07149],[20.00875,52.07323],[20.00809,52.07388],[20.00726,52.07557],[20.00744,52.07593],[20.00823,52.07643],[20.00833,52.07689],[20.00713,52.08749],[20.00694,52.08773],[20.0049,52.08887]]}},{"type":"Feature","properties":{"numer":"70","klasa":"droga gĹ‚Ăłwna","kat":"krajowa"},"geometry":{"type":"LineString","coordinates":[[20.01349,52.08743],[20.01537,52.08513],[20.0164,52.08442],[20.03563,52.07542]]}},{"type":"Feature","properties":{"numer":"70","klasa":"droga gĹ‚Ăłwna","kat":"krajowa"},"geometry":{"type":"LineString","coordinates":[[20.01061,52.08851],[20.0117,52.08844],[20.01235,52.08829],[20.01292,52.08801],[20.01349,52.08743]]}},{"type":"Feature","properties":{"numer":"70","klasa":"droga gĹ‚Ăłwna","kat":"krajowa"},"geometry":{"type":"LineString","coordinates":[[20.01029,52.08852],[20.01061,52.08851]]}},{"type":"Feature","properties":{"numer":"70","klasa":"droga gĹ‚Ăłwna","kat":"krajowa"},"geometry":{"type":"LineString","coordinates":[[20.0049,52.08887],[20.00631,52.08866],[20.01029,52.08852]]}},{"type":"Feature","properties":{"numer":"2700E","klasa":"","kat":"powiatowa"},"geometry":{"type":"LineString","coordinates":[[20.01681,52.09206],[20.01454,52.08815],[20.01349,52.08743]]}},{"type":"Feature","properties":{"numer":"70","klasa":"droga gĹ‚Ăłwna","kat":"krajowa"},"geometry":{"type":"LineString","coordinates":[[19.96648,52.10374],[19.97891,52.10056],[19.97962,52.10021],[19.98353,52.097],[19.98404,52.09667],[19.99369,52.09361],[20.00292,52.08964],[20.0049,52.08887]]}},{"type":"Feature","properties":{"numer":"2700E","klasa":"","kat":"powiatowa"},"geometry":{"type":"LineString","coordinates":[[20.03472,52.11536],[20.02354,52.11532],[20.02228,52.11517],[20.01735,52.11412],[20.01699,52.11392],[20.01507,52.11231],[20.01409,52.11132],[20.01319,52.11021],[20.01239,52.1087],[20.01205,52.10673],[20.01242,52.10526],[20.01369,52.10157],[20.01429,52.09944],[20.0152,52.09588],[20.01574,52.09283],[20.01585,52.09265],[20.01681,52.09206]]}},{"type":"Feature","properties":{"numer":"92","klasa":"droga gĹ‚Ăłwna ruchu przyĹ›pieszonego","kat":"krajowa"},"geometry":{"type":"LineString","coordinates":[[19.97669,52.11722],[19.98063,52.11818]]}},{"type":"Feature","properties":{"numer":"92","klasa":"droga gĹ‚Ăłwna ruchu przyĹ›pieszonego","kat":"krajowa"},"geometry":{"type":"LineString","coordinates":[[19.98063,52.11818],[19.99222,52.12102]]}},{"type":"Feature","properties":{"numer":"105368E","klasa":"droga lokalna","kat":"powiatowa"},"geometry":{"type":"LineString","coordinates":[[20.06022,52.08019],[20.06193,52.08031]]}},{"type":"Feature","properties":{"numer":"105368E","klasa":"droga lokalna","kat":"powiatowa"},"geometry":{"type":"LineString","coordinates":[[20.06193,52.08031],[20.06433,52.08046],[20.06878,52.08057]]}},{"type":"Feature","properties":{"numer":"2714E","klasa":"droga zbiorcza","kat":"powiatowa"},"geometry":{"type":"LineString","coordinates":[[20.06878,52.08057],[20.06837,52.08326],[20.06212,52.09305],[20.06079,52.09706],[20.06066,52.09987]]}},{"type":"Feature","properties":{"numer":"2703E","klasa":"","kat":"powiatowa"},"geometry":{"type":"LineString","coordinates":[[20.01681,52.09206],[20.01924,52.09259],[20.02599,52.09215],[20.02675,52.09456],[20.02673,52.09493],[20.02896,52.09556],[20.02994,52.0958],[20.03063,52.09589],[20.03471,52.09699],[20.03701,52.09763],[20.03938,52.09841],[20.0464,52.10028],[20.04666,52.10023],[20.04639,52.09753],[20.04666,52.09743],[20.05103,52.09863],[20.05659,52.09916],[20.06066,52.09987]]}},{"type":"Feature","properties":{"numer":"2714E","klasa":"droga zbiorcza","kat":"powiatowa"},"geometry":{"type":"LineString","coordinates":[[20.06066,52.09987],[20.06052,52.10327],[20.06063,52.10515]]}},{"type":"Feature","properties":{"numer":"2702E","klasa":"","kat":"powiatowa"},"geometry":{"type":"LineString","coordinates":[[20.06063,52.10515],[20.06966,52.10764],[20.07272,52.10786],[20.07783,52.10928]]}},{"type":"Feature","properties":{"numer":"2714E","klasa":"droga zbiorcza","kat":"powiatowa"},"geometry":{"type":"LineString","coordinates":[[20.06063,52.10515],[20.06095,52.10985],[20.0609,52.11405]]}},{"type":"Feature","properties":{"numer":"2714E","klasa":"droga zbiorcza","kat":"powiatowa"},"geometry":{"type":"LineString","coordinates":[[20.0609,52.11405],[20.0609,52.1141]]}},{"type":"Feature","properties":{"numer":"2700E","klasa":"","kat":"powiatowa"},"geometry":{"type":"LineString","coordinates":[[20.03477,52.11536],[20.03472,52.11536]]}},{"type":"Feature","properties":{"numer":"2714E","klasa":"droga zbiorcza","kat":"powiatowa"},"geometry":{"type":"LineString","coordinates":[[20.0609,52.1141],[20.06056,52.11685]]}},{"type":"Feature","properties":{"numer":"2705E","klasa":"","kat":"powiatowa"},"geometry":{"type":"LineString","coordinates":[[20.11011,52.11554],[20.11692,52.09358],[20.11676,52.09199],[20.1166,52.09181],[20.112094154118047,52.0906402922939]]}},{"type":"Feature","properties":{"numer":"2702E","klasa":"","kat":"powiatowa"},"geometry":{"type":"LineString","coordinates":[[20.07825,52.10898],[20.08833,52.10249],[20.09154,52.10072],[20.09171,52.10071],[20.09245,52.10091]]}},{"type":"Feature","properties":{"numer":"2701E","klasa":"","kat":"powiatowa"},"geometry":{"type":"LineString","coordinates":[[20.08784,52.11295],[20.08821,52.11141],[20.08929,52.10956],[20.09245,52.10091]]}},{"type":"Feature","properties":{"numer":"2701E","klasa":"","kat":"powiatowa"},"geometry":{"type":"LineString","coordinates":[[20.08783,52.11299],[20.08784,52.11295]]}},{"type":"Feature","properties":{"numer":"2701E","klasa":"","kat":"powiatowa"},"geometry":{"type":"LineString","coordinates":[[20.08711,52.11622],[20.08783,52.11299]]}},{"type":"Feature","properties":{"numer":"2700E","klasa":"droga zbiorcza","kat":"powiatowa"},"geometry":{"type":"LineString","coordinates":[[20.11011,52.11554],[20.11387,52.11549],[20.117331065552364,52.115907714808046]]}},{"type":"Feature","properties":{"numer":"2700E","klasa":"droga zbiorcza","kat":"powiatowa"},"geometry":{"type":"LineString","coordinates":[[20.06056,52.11685],[20.06926,52.1149],[20.08711,52.11622]]}},{"type":"Feature","properties":{"numer":"2700E","klasa":"droga zbiorcza","kat":"powiatowa"},"geometry":{"type":"LineString","coordinates":[[20.08719,52.11623],[20.10459,52.11562],[20.11011,52.11554]]}},{"type":"Feature","properties":{"numer":"2700E","klasa":"","kat":"powiatowa"},"geometry":{"type":"LineString","coordinates":[[20.08711,52.11622],[20.08719,52.11623]]}},{"type":"Feature","properties":{"numer":"92","klasa":"droga gĹ‚Ăłwna ruchu przyĹ›pieszonego","kat":"krajowa"},"geometry":{"type":"LineString","coordinates":[[20.10547,52.14913],[20.06049,52.13784]]}},{"type":"Feature","properties":{"numer":"105459E","klasa":"droga lokalna","kat":"powiatowa"},"geometry":{"type":"LineString","coordinates":[[19.9488,52.11379],[19.94905,52.1142]]}},{"type":"Feature","properties":{"numer":"70","klasa":"droga gĹ‚Ăłwna","kat":"krajowa"},"geometry":{"type":"LineString","coordinates":[[19.96296,52.11138],[19.97372,52.11636],[19.97409,52.11662],[19.97431,52.11707]]}},{"type":"Feature","properties":{"numer":"2707E","klasa":"droga zbiorcza","kat":"powiatowa"},"geometry":{"type":"LineString","coordinates":[[19.94905,52.1142],[19.94962,52.11475],[19.95397,52.11799]]}},{"type":"Feature","properties":{"numer":"2713E","klasa":"droga zbiorcza","kat":"powiatowa"},"geometry":{"type":"LineString","coordinates":[[19.94905,52.1142],[19.94984,52.11818]]}},{"type":"Feature","properties":{"numer":"92","klasa":"droga gĹ‚Ăłwna ruchu przyĹ›pieszonego","kat":"krajowa"},"geometry":{"type":"LineString","coordinates":[[19.97431,52.11707],[19.97543,52.11702],[19.97669,52.11722]]}},{"type":"Feature","properties":{"numer":"92","klasa":"droga gĹ‚Ăłwna ruchu przyĹ›pieszonego","kat":"krajowa"},"geometry":{"type":"LineString","coordinates":[[19.97131,52.11723],[19.97431,52.11707]]}},{"type":"Feature","properties":{"numer":"92","klasa":"droga gĹ‚Ăłwna ruchu przyĹ›pieszonego","kat":"krajowa"},"geometry":{"type":"LineString","coordinates":[[19.95397,52.11799],[19.97131,52.11723]]}},{"type":"Feature","properties":{"numer":"92","klasa":"droga gĹ‚Ăłwna ruchu przyĹ›pieszonego","kat":"krajowa"},"geometry":{"type":"LineString","coordinates":[[19.94984,52.11818],[19.95397,52.11799]]}},{"type":"Feature","properties":{"numer":"2713E","klasa":"droga zbiorcza","kat":"powiatowa"},"geometry":{"type":"LineString","coordinates":[[19.94984,52.11818],[19.95045,52.12067],[19.95197,52.12852]]}},{"type":"Feature","properties":{"numer":"2707E","klasa":"droga zbiorcza","kat":"powiatowa"},"geometry":{"type":"LineString","coordinates":[[19.95397,52.11799],[19.98071,52.13829]]}},{"type":"Feature","properties":{"numer":"2700E","klasa":"","kat":"powiatowa"},"geometry":{"type":"LineString","coordinates":[[20.06057,52.11688],[20.0519,52.11624],[20.04909,52.1159],[20.04246,52.11545],[20.03477,52.11536]]}},{"type":"Feature","properties":{"numer":"2700E,2714E","klasa":"droga zbiorcza","kat":"powiatowa"},"geometry":{"type":"LineString","coordinates":[[20.06056,52.11685],[20.06057,52.11688]]}},{"type":"Feature","properties":{"numer":"2714E","klasa":"droga zbiorcza","kat":"powiatowa"},"geometry":{"type":"LineString","coordinates":[[20.06564,52.12936],[20.0659,52.12889],[20.06589,52.12862],[20.06475,52.12657],[20.06076,52.11759],[20.06057,52.11688]]}},{"type":"Feature","properties":{"numer":"2721E","klasa":"","kat":"powiatowa"},"geometry":{"type":"LineString","coordinates":[[20.04454,52.12964],[20.04468,52.12967]]}},{"type":"Feature","properties":{"numer":"2714E","klasa":"droga zbiorcza","kat":"powiatowa"},"geometry":{"type":"LineString","coordinates":[[20.06513,52.13021],[20.06564,52.12936]]}},{"type":"Feature","properties":{"numer":"92","klasa":"droga gĹ‚Ăłwna ruchu przyĹ›pieszonego","kat":"krajowa"},"geometry":{"type":"LineString","coordinates":[[20.06049,52.13784],[20.00086,52.12313]]}},{"type":"Feature","properties":{"numer":"2721E","klasa":"","kat":"powiatowa"},"geometry":{"type":"LineString","coordinates":[[20.04468,52.12967],[20.04698,52.13009],[20.05423,52.1308],[20.05532,52.13072],[20.06054,52.13095],[20.06234,52.13123],[20.06421,52.13169]]}},{"type":"Feature","properties":{"numer":"2714E","klasa":"droga zbiorcza","kat":"powiatowa"},"geometry":{"type":"LineString","coordinates":[[20.06421,52.13169],[20.06513,52.13021]]}},{"type":"Feature","properties":{"numer":"2714E,2721E","klasa":"droga zbiorcza","kat":"powiatowa"},"geometry":{"type":"LineString","coordinates":[[20.06421,52.13169],[20.06256,52.1344]]}},{"type":"Feature","properties":{"numer":"2714E","klasa":"droga zbiorcza","kat":"powiatowa"},"geometry":{"type":"LineString","coordinates":[[20.06256,52.1344],[20.06049,52.13784]]}},{"type":"Feature","properties":{"numer":"2721E","klasa":"","kat":"powiatowa"},"geometry":{"type":"LineString","coordinates":[[19.98063,52.11818],[19.97945,52.12085],[19.99138,52.12282],[19.99222,52.12102]]}},{"type":"Feature","properties":{"numer":"2721E,92","klasa":"droga gĹ‚Ăłwna ruchu przyĹ›pieszonego","kat":"powiatowa"},"geometry":{"type":"LineString","coordinates":[[19.99222,52.12102],[20.00086,52.12313]]}},{"type":"Feature","properties":{"numer":"2721E","klasa":"","kat":"powiatowa"},"geometry":{"type":"LineString","coordinates":[[20.00086,52.12313],[20.00091,52.12303]]}},{"type":"Feature","properties":{"numer":"2721E","klasa":"","kat":"powiatowa"},"geometry":{"type":"LineString","coordinates":[[20.00091,52.12303],[20.00155,52.12152],[20.00169,52.12142],[20.04454,52.12964]]}},{"type":"Feature","properties":{"numer":"2720E","klasa":"","kat":"powiatowa"},"geometry":{"type":"LineString","coordinates":[[19.98071,52.13829],[19.99098,52.1386],[20.00998,52.14177]]}},{"type":"Feature","properties":{"numer":"2720E","klasa":"","kat":"powiatowa"},"geometry":{"type":"LineString","coordinates":[[20.00998,52.14177],[20.00955,52.14303],[20.00967,52.14332],[20.01001,52.14352],[20.02376,52.14477],[20.02516,52.14782]]}},{"type":"Feature","properties":{"numer":"2707E","klasa":"droga zbiorcza","kat":"powiatowa"},"geometry":{"type":"LineString","coordinates":[[19.9882,52.15303],[19.98232,52.14507],[19.98277,52.14294],[19.98374,52.14063],[19.98071,52.13829]]}},{"type":"Feature","properties":{"numer":"2718E","klasa":"","kat":"powiatowa"},"geometry":{"type":"LineString","coordinates":[[19.9882,52.15303],[19.99164,52.15235],[19.99661,52.15201],[20.02404,52.14807],[20.02516,52.14782]]}},{"type":"Feature","properties":{"numer":"2718E","klasa":"","kat":"powiatowa"},"geometry":{"type":"LineString","coordinates":[[19.97231,52.15556],[19.9882,52.15303]]}},{"type":"Feature","properties":{"numer":"2714E","klasa":"droga zbiorcza","kat":"powiatowa"},"geometry":{"type":"LineString","coordinates":[[20.06049,52.13784],[20.05991,52.14051],[20.05834,52.15324]]}},{"type":"Feature","properties":{"numer":"2718E","klasa":"","kat":"powiatowa"},"geometry":{"type":"LineString","coordinates":[[20.02516,52.14782],[20.03225,52.14581],[20.03238,52.14592],[20.03138,52.14953],[20.03142,52.14967],[20.03157,52.14975],[20.04699,52.15119],[20.05231,52.1526],[20.05834,52.15324]]}},{"type":"Feature","properties":{"numer":"2714E","klasa":"droga zbiorcza","kat":"powiatowa"},"geometry":{"type":"LineString","coordinates":[[20.05834,52.15324],[20.05571,52.17397],[20.05465,52.17757]]}},{"type":"Feature","properties":{"numer":"105208E,2714E","klasa":"droga zbiorcza","kat":"powiatowa"},"geometry":{"type":"LineString","coordinates":[[20.05465,52.17757],[20.05444,52.1783]]}},{"type":"Feature","properties":{"numer":"2714E","klasa":"droga zbiorcza","kat":"powiatowa"},"geometry":{"type":"LineString","coordinates":[[20.05444,52.1783],[20.05318,52.18217],[20.0502,52.19061],[20.05127,52.19566]]}},{"type":"Feature","properties":{"numer":"2719E","klasa":"","kat":"powiatowa"},"geometry":{"type":"LineString","coordinates":[[20.00953,52.19714],[20.03042,52.19588],[20.04372,52.19534],[20.04619,52.19528],[20.05127,52.19566]]}},{"type":"Feature","properties":{"numer":"2714E","klasa":"droga zbiorcza","kat":"powiatowa"},"geometry":{"type":"LineString","coordinates":[[20.05127,52.19566],[20.05198,52.19863],[20.05357,52.20651]]}},{"type":"Feature","properties":{"numer":"2717E","klasa":"","kat":"powiatowa"},"geometry":{"type":"LineString","coordinates":[[20.05357,52.20651],[20.065876779387878,52.20406064098292]]}},{"type":"Feature","properties":{"numer":"2714E","klasa":"droga zbiorcza","kat":"powiatowa"},"geometry":{"type":"LineString","coordinates":[[20.05357,52.20651],[20.05484,52.21307]]}},{"type":"Feature","properties":{"numer":"2714E","klasa":"droga zbiorcza","kat":"powiatowa"},"geometry":{"type":"LineString","coordinates":[[20.05484,52.21307],[20.05563,52.21386],[20.05637,52.21434],[20.06294,52.21717],[20.07473,52.223]]}},{"type":"Feature","properties":{"numer":"2707E","klasa":"droga zbiorcza","kat":"powiatowa"},"geometry":{"type":"LineString","coordinates":[[20.00953,52.19714],[20.00921,52.19698],[20.00912,52.19678],[20.00665,52.18141],[20.00633,52.18058],[20.0025,52.17299],[20.00078,52.1699],[19.9882,52.15303]]}},{"type":"Feature","properties":{"numer":"2719E","klasa":"","kat":"powiatowa"},"geometry":{"type":"LineString","coordinates":[[19.96125,52.19981],[19.98068,52.19611],[19.98091,52.19619],[19.98196,52.19831],[19.98221,52.19842],[20.00953,52.19714]]}},{"type":"Feature","properties":{"numer":"2707E","klasa":"droga zbiorcza","kat":"powiatowa"},"geometry":{"type":"LineString","coordinates":[[20.01901,52.22377],[20.01979,52.19985],[20.01969,52.1997],[20.0194,52.19957],[20.00953,52.19714]]}},{"type":"Feature","properties":{"numer":"2717E","klasa":"droga zbiorcza","kat":"powiatowa"},"geometry":{"type":"LineString","coordinates":[[19.9654,52.22597],[19.98264,52.22724],[19.99576,52.22761],[20.00365,52.22678],[20.01901,52.22377]]}},{"type":"Feature","properties":{"numer":"2707E","klasa":"droga zbiorcza","kat":"powiatowa"},"geometry":{"type":"LineString","coordinates":[[20.01639,52.22842],[20.0165,52.22798],[20.0167,52.22783],[20.01746,52.22755],[20.01858,52.22728],[20.01889,52.22706],[20.01901,52.22377]]}},{"type":"Feature","properties":{"numer":"2707E","klasa":"droga zbiorcza","kat":"powiatowa"},"geometry":{"type":"LineString","coordinates":[[20.01638,52.22847],[20.01639,52.22842]]}},{"type":"Feature","properties":{"numer":"2707E","klasa":"droga zbiorcza","kat":"powiatowa"},"geometry":{"type":"LineString","coordinates":[[20.01112,52.23436],[20.01476,52.22939],[20.01513,52.22914],[20.01618,52.22895],[20.01638,52.22847]]}},{"type":"Feature","properties":{"numer":"2716E","klasa":"","kat":"powiatowa"},"geometry":{"type":"LineString","coordinates":[[19.96681,52.23085],[19.96993,52.23059],[19.98201,52.23188],[19.9967,52.23233],[19.99732,52.23231],[20.00333,52.23163],[20.0058,52.2313],[20.00595,52.2314],[20.00767,52.23501],[20.01112,52.23436]]}},{"type":"Feature","properties":{"numer":"2707E","klasa":"droga zbiorcza","kat":"powiatowa"},"geometry":{"type":"LineString","coordinates":[[19.99704,52.25652],[19.99805,52.25587],[19.99828,52.25559],[20.00768,52.23935],[20.01112,52.23436]]}},{"type":"Feature","properties":{"numer":"2715E","klasa":"","kat":"powiatowa"},"geometry":{"type":"LineString","coordinates":[[19.99704,52.25652],[20.01776,52.25696],[20.04162,52.25664]]}},{"type":"Feature","properties":{"numer":"92","klasa":"droga gĹ‚Ăłwna ruchu przyĹ›pieszonego","kat":"krajowa"},"geometry":{"type":"LineString","coordinates":[[20.10547,52.14913],[20.105523481635082,52.14914342171502]]}},{"type":"Feature","properties":{"numer":"3819W","klasa":"droga zbiorcza","kat":"powiatowa"},"geometry":{"type":"LineString","coordinates":[[20.074755185073773,52.22301217846894],[20.07473,52.223]]}},{"type":"Feature","properties":{"numer":"14","klasa":"droga gĹ‚Ăłwna ruchu przyĹ›pieszonego","kat":"krajowa"},"geometry":{"type":"LineString","coordinates":[[19.93188,52.11978],[19.93104,52.11861],[19.93073,52.11799],[19.93051,52.11656]]}},{"type":"Feature","properties":{"numer":"92","klasa":"droga gĹ‚Ăłwna ruchu przyĹ›pieszonego","kat":"krajowa"},"geometry":{"type":"LineString","coordinates":[[19.94275,52.11847],[19.94984,52.11818]]}},{"type":"Feature","properties":{"numer":"92","klasa":"droga gĹ‚Ăłwna ruchu przyĹ›pieszonego","kat":"krajowa"},"geometry":{"type":"LineString","coordinates":[[19.94221,52.11849],[19.94275,52.11847]]}},{"type":"Feature","properties":{"numer":"92","klasa":"droga gĹ‚Ăłwna ruchu przyĹ›pieszonego","kat":"krajowa"},"geometry":{"type":"LineString","coordinates":[[19.94012,52.11859],[19.94221,52.11849]]}},{"type":"Feature","properties":{"numer":"92","klasa":"droga gĹ‚Ăłwna ruchu przyĹ›pieszonego","kat":"krajowa"},"geometry":{"type":"LineString","coordinates":[[19.93993,52.11861],[19.94012,52.11859]]}},{"type":"Feature","properties":{"numer":"92","klasa":"droga gĹ‚Ăłwna ruchu przyĹ›pieszonego","kat":"krajowa"},"geometry":{"type":"LineString","coordinates":[[19.93444,52.11941],[19.93993,52.11861]]}},{"type":"Feature","properties":{"numer":"92","klasa":"droga gĹ‚Ăłwna ruchu przyĹ›pieszonego","kat":"krajowa"},"geometry":{"type":"LineString","coordinates":[[19.93188,52.11978],[19.93444,52.11941]]}},{"type":"Feature","properties":{"numer":"92","klasa":"droga gĹ‚Ăłwna ruchu przyĹ›pieszonego","kat":"krajowa"},"geometry":{"type":"LineString","coordinates":[[19.92999,52.12009],[19.93188,52.11978]]}},{"type":"Feature","properties":{"numer":"92","klasa":"droga gĹ‚Ăłwna ruchu przyĹ›pieszonego","kat":"krajowa"},"geometry":{"type":"LineString","coordinates":[[19.92999,52.12009],[19.92993,52.1201]]}},{"type":"Feature","properties":{"numer":"92","klasa":"droga gĹ‚Ăłwna ruchu przyĹ›pieszonego","kat":"krajowa"},"geometry":{"type":"LineString","coordinates":[[19.92993,52.1201],[19.92902,52.12037],[19.90425,52.13062]]}},{"type":"Feature","properties":{"numer":"584","klasa":"droga zbiorcza","kat":"wojewodzka"},"geometry":{"type":"LineString","coordinates":[[19.93426,52.13125],[19.93606,52.1273],[19.93614,52.12693],[19.93607,52.12643],[19.93574,52.12592],[19.92993,52.1201]]}},{"type":"Feature","properties":{"numer":"105536E","klasa":"droga zbiorcza","kat":"powiatowa"},"geometry":{"type":"LineString","coordinates":[[19.94738,52.12876],[19.94883,52.12868]]}},{"type":"Feature","properties":{"numer":"105536E","klasa":"droga zbiorcza","kat":"powiatowa"},"geometry":{"type":"LineString","coordinates":[[19.94564,52.12893],[19.94624,52.12881],[19.94738,52.12876]]}},{"type":"Feature","properties":{"numer":"105536E","klasa":"droga zbiorcza","kat":"powiatowa"},"geometry":{"type":"LineString","coordinates":[[19.9455,52.12895],[19.94564,52.12893]]}},{"type":"Feature","properties":{"numer":"105536E","klasa":"droga zbiorcza","kat":"powiatowa"},"geometry":{"type":"LineString","coordinates":[[19.94531,52.12899],[19.9455,52.12895]]}},{"type":"Feature","properties":{"numer":"105536E","klasa":"droga zbiorcza","kat":"powiatowa"},"geometry":{"type":"LineString","coordinates":[[19.94446,52.12917],[19.94531,52.12899]]}},{"type":"Feature","properties":{"numer":"105536E","klasa":"droga zbiorcza","kat":"powiatowa"},"geometry":{"type":"LineString","coordinates":[[19.94418,52.12922],[19.94446,52.12917]]}},{"type":"Feature","properties":{"numer":"105536E","klasa":"droga zbiorcza","kat":"powiatowa"},"geometry":{"type":"LineString","coordinates":[[19.9435,52.12936],[19.94418,52.12922]]}},{"type":"Feature","properties":{"numer":"105536E","klasa":"droga zbiorcza","kat":"powiatowa"},"geometry":{"type":"LineString","coordinates":[[19.94303,52.12946],[19.9435,52.12936]]}},{"type":"Feature","properties":{"numer":"105536E","klasa":"droga zbiorcza","kat":"powiatowa"},"geometry":{"type":"LineString","coordinates":[[19.9428,52.12951],[19.94303,52.12946]]}},{"type":"Feature","properties":{"numer":"2749E","klasa":"","kat":"powiatowa"},"geometry":{"type":"LineString","coordinates":[[19.84816,52.12881],[19.8483,52.12848],[19.84822,52.12765],[19.84904,52.12318],[19.84986,52.11745],[19.85254,52.11756],[19.85793,52.11761],[19.86407,52.11865],[19.86749,52.11876],[19.87038,52.11838],[19.87193,52.11842],[19.87747,52.11831],[19.87774,52.11808],[19.87818,52.11644]]}},{"type":"Feature","properties":{"numer":"92","klasa":"droga gĹ‚Ăłwna ruchu przyĹ›pieszonego","kat":"krajowa"},"geometry":{"type":"LineString","coordinates":[[19.90425,52.13062],[19.88864,52.13702],[19.88694,52.1374],[19.88085,52.13809]]}},{"type":"Feature","properties":{"numer":"2119E","klasa":"droga zbiorcza","kat":"powiatowa"},"geometry":{"type":"LineString","coordinates":[[19.89608,52.14112],[19.90414,52.13105],[19.9043,52.13082],[19.90425,52.13062]]}},{"type":"Feature","properties":{"numer":"92","klasa":"droga gĹ‚Ăłwna ruchu przyĹ›pieszonego","kat":"krajowa"},"geometry":{"type":"LineString","coordinates":[[19.88085,52.13809],[19.87101,52.13922]]}},{"type":"Feature","properties":{"numer":"92","klasa":"droga gĹ‚Ăłwna ruchu przyĹ›pieszonego","kat":"krajowa"},"geometry":{"type":"LineString","coordinates":[[19.87062,52.13926],[19.87101,52.13922]]}},{"type":"Feature","properties":{"numer":"92","klasa":"droga gĹ‚Ăłwna ruchu przyĹ›pieszonego","kat":"krajowa"},"geometry":{"type":"LineString","coordinates":[[19.87062,52.13926],[19.85629,52.1409]]}},{"type":"Feature","properties":{"numer":"2723E","klasa":"","kat":"powiatowa"},"geometry":{"type":"LineString","coordinates":[[19.88085,52.13809],[19.88117,52.13839],[19.88483,52.14068],[19.89262,52.14542]]}},{"type":"Feature","properties":{"numer":"2119E","klasa":"droga zbiorcza","kat":"powiatowa"},"geometry":{"type":"LineString","coordinates":[[19.89262,52.14542],[19.89608,52.14112]]}},{"type":"Feature","properties":{"numer":"2723E","klasa":"","kat":"powiatowa"},"geometry":{"type":"LineString","coordinates":[[19.89262,52.14542],[19.89713,52.14816],[19.89744,52.14829],[19.8984,52.14848],[19.91475,52.14653],[19.91497,52.14666],[19.91537,52.14817],[19.91558,52.14829],[19.9188,52.14818],[19.92266,52.14773],[19.92446,52.14776],[19.92662,52.14791]]}},{"type":"Feature","properties":{"numer":"2119E","klasa":"droga zbiorcza","kat":"powiatowa"},"geometry":{"type":"LineString","coordinates":[[19.88939,52.14942],[19.89262,52.14542]]}},{"type":"Feature","properties":{"numer":"105536E","klasa":"droga zbiorcza","kat":"powiatowa"},"geometry":{"type":"LineString","coordinates":[[19.94261,52.12955],[19.9428,52.12951]]}},{"type":"Feature","properties":{"numer":"105536E","klasa":"droga zbiorcza","kat":"powiatowa"},"geometry":{"type":"LineString","coordinates":[[19.94183,52.12971],[19.94261,52.12955]]}},{"type":"Feature","properties":{"numer":"105536E","klasa":"droga zbiorcza","kat":"powiatowa"},"geometry":{"type":"LineString","coordinates":[[19.94152,52.12977],[19.94183,52.12971]]}},{"type":"Feature","properties":{"numer":"105536E","klasa":"droga zbiorcza","kat":"powiatowa"},"geometry":{"type":"LineString","coordinates":[[19.94116,52.12984],[19.94152,52.12977]]}},{"type":"Feature","properties":{"numer":"105536E","klasa":"droga zbiorcza","kat":"powiatowa"},"geometry":{"type":"LineString","coordinates":[[19.93983,52.13012],[19.94116,52.12984]]}},{"type":"Feature","properties":{"numer":"105536E","klasa":"droga zbiorcza","kat":"powiatowa"},"geometry":{"type":"LineString","coordinates":[[19.93931,52.13022],[19.93983,52.13012]]}},{"type":"Feature","properties":{"numer":"105536E","klasa":"droga zbiorcza","kat":"powiatowa"},"geometry":{"type":"LineString","coordinates":[[19.93426,52.13125],[19.93931,52.13022]]}},{"type":"Feature","properties":{"numer":"584","klasa":"droga zbiorcza","kat":"wojewodzka"},"geometry":{"type":"LineString","coordinates":[[19.92662,52.14791],[19.93426,52.13125]]}},{"type":"Feature","properties":{"numer":"584","klasa":"droga zbiorcza","kat":"wojewodzka"},"geometry":{"type":"LineString","coordinates":[[19.90652,52.19177],[19.92662,52.14791]]}},{"type":"Feature","properties":{"numer":"2725E","klasa":"","kat":"powiatowa"},"geometry":{"type":"LineString","coordinates":[[19.95612,52.16614],[19.94662,52.16671],[19.94729,52.17275],[19.94723,52.1731],[19.934,52.18529],[19.93361,52.18548],[19.93289,52.18562],[19.93296,52.18607],[19.93238,52.18797]]}},{"type":"Feature","properties":{"numer":"2717E","klasa":"droga zbiorcza","kat":"powiatowa"},"geometry":{"type":"LineString","coordinates":[[19.81101,52.14651],[19.81115,52.14683]]}},{"type":"Feature","properties":{"numer":"2717E","klasa":"droga zbiorcza","kat":"powiatowa"},"geometry":{"type":"LineString","coordinates":[[19.81115,52.14683],[19.81133,52.1472]]}},{"type":"Feature","properties":{"numer":"2731E","klasa":"","kat":"powiatowa"},"geometry":{"type":"LineString","coordinates":[[19.81757,52.15584],[19.82659,52.15332],[19.82708,52.15332],[19.82877,52.15386],[19.83444,52.15211],[19.83709,52.15345],[19.83752,52.15346],[19.83858,52.15319],[19.84338,52.15047],[19.84699,52.14755],[19.84733,52.14747],[19.85391,52.14681],[19.85418,52.14669],[19.85441,52.14606],[19.855,52.14577],[19.85515,52.14551],[19.8544,52.14376],[19.85446,52.14319],[19.85466,52.14284],[19.85621,52.14113],[19.85629,52.1409]]}},{"type":"Feature","properties":{"numer":"2717E","klasa":"droga zbiorcza","kat":"powiatowa"},"geometry":{"type":"LineString","coordinates":[[19.81133,52.1472],[19.81757,52.15584]]}},{"type":"Feature","properties":{"numer":"2717E","klasa":"droga zbiorcza","kat":"powiatowa"},"geometry":{"type":"LineString","coordinates":[[19.81757,52.15584],[19.82215,52.16211]]}},{"type":"Feature","properties":{"numer":"2717E","klasa":"droga zbiorcza","kat":"powiatowa"},"geometry":{"type":"LineString","coordinates":[[19.82215,52.16211],[19.82217,52.16215]]}},{"type":"Feature","properties":{"numer":"2717E","klasa":"droga zbiorcza","kat":"powiatowa"},"geometry":{"type":"LineString","coordinates":[[19.82217,52.16215],[19.82879,52.17124]]}},{"type":"Feature","properties":{"numer":"2717E","klasa":"droga zbiorcza","kat":"powiatowa"},"geometry":{"type":"LineString","coordinates":[[19.82889,52.17137],[19.82879,52.17124]]}},{"type":"Feature","properties":{"numer":"2717E","klasa":"droga zbiorcza","kat":"powiatowa"},"geometry":{"type":"LineString","coordinates":[[19.82889,52.17137],[19.82936,52.17204],[19.82953,52.17267],[19.82922,52.17532],[19.82901,52.17594],[19.8158,52.19224],[19.81306,52.19588],[19.81246,52.19758],[19.81214,52.19801]]}},{"type":"Feature","properties":{"numer":"2119E","klasa":"droga zbiorcza","kat":"powiatowa"},"geometry":{"type":"LineString","coordinates":[[19.86498,52.18337],[19.8314,52.19305],[19.8206,52.19596],[19.81395,52.19763],[19.81214,52.19801]]}},{"type":"Feature","properties":{"numer":"105536E","klasa":"droga zbiorcza","kat":"powiatowa"},"geometry":{"type":"LineString","coordinates":[[19.95018,52.12861],[19.95197,52.12852]]}},{"type":"Feature","properties":{"numer":"105536E","klasa":"droga zbiorcza","kat":"powiatowa"},"geometry":{"type":"LineString","coordinates":[[19.94883,52.12868],[19.95018,52.12861]]}},{"type":"Feature","properties":{"numer":"2713E","klasa":"droga zbiorcza","kat":"powiatowa"},"geometry":{"type":"LineString","coordinates":[[19.95197,52.12852],[19.95209,52.12942],[19.95149,52.13279],[19.95209,52.13642],[19.95432,52.15476]]}},{"type":"Feature","properties":{"numer":"2718E","klasa":"","kat":"powiatowa"},"geometry":{"type":"LineString","coordinates":[[19.95432,52.15476],[19.9572,52.15522],[19.95804,52.15524],[19.96299,52.15446],[19.97184,52.15558],[19.97231,52.15556]]}},{"type":"Feature","properties":{"numer":"2713E","klasa":"droga zbiorcza","kat":"powiatowa"},"geometry":{"type":"LineString","coordinates":[[19.95432,52.15476],[19.95539,52.16368],[19.95612,52.16614]]}},{"type":"Feature","properties":{"numer":"2713E","klasa":"droga zbiorcza","kat":"powiatowa"},"geometry":{"type":"LineString","coordinates":[[19.95612,52.16614],[19.96187,52.18486]]}},{"type":"Feature","properties":{"numer":"105054E,2713E","klasa":"droga zbiorcza","kat":"powiatowa"},"geometry":{"type":"LineString","coordinates":[[19.96187,52.18486],[19.96213,52.18662]]}},{"type":"Feature","properties":{"numer":"2713E","klasa":"droga zbiorcza","kat":"powiatowa"},"geometry":{"type":"LineString","coordinates":[[19.96213,52.18662],[19.9624,52.18874],[19.96218,52.19104]]}},{"type":"Feature","properties":{"numer":"2713E","klasa":"droga zbiorcza","kat":"powiatowa"},"geometry":{"type":"LineString","coordinates":[[19.96218,52.19104],[19.96125,52.19981]]}},{"type":"Feature","properties":{"numer":"2713E","klasa":"droga zbiorcza","kat":"powiatowa"},"geometry":{"type":"LineString","coordinates":[[19.96125,52.19981],[19.9606,52.2064],[19.96283,52.21561]]}},{"type":"Feature","properties":{"numer":"2119E","klasa":"droga zbiorcza","kat":"powiatowa"},"geometry":{"type":"LineString","coordinates":[[19.88937,52.14946],[19.88939,52.14942]]}},{"type":"Feature","properties":{"numer":"2119E","klasa":"droga zbiorcza","kat":"powiatowa"},"geometry":{"type":"LineString","coordinates":[[19.88315,52.15866],[19.88937,52.14946]]}},{"type":"Feature","properties":{"numer":"105251E,2119E","klasa":"droga zbiorcza","kat":"powiatowa"},"geometry":{"type":"LineString","coordinates":[[19.88315,52.15866],[19.88311,52.15871]]}},{"type":"Feature","properties":{"numer":"2119E","klasa":"droga zbiorcza","kat":"powiatowa"},"geometry":{"type":"LineString","coordinates":[[19.88311,52.15871],[19.87271,52.17405]]}},{"type":"Feature","properties":{"numer":"2119E","klasa":"droga zbiorcza","kat":"powiatowa"},"geometry":{"type":"LineString","coordinates":[[19.87271,52.17405],[19.86699,52.18243],[19.86648,52.18287],[19.86513,52.18332]]}},{"type":"Feature","properties":{"numer":"2724E","klasa":"","kat":"powiatowa"},"geometry":{"type":"LineString","coordinates":[[19.87271,52.17405],[19.88125,52.1911],[19.90652,52.19177]]}},{"type":"Feature","properties":{"numer":"2119E","klasa":"droga zbiorcza","kat":"powiatowa"},"geometry":{"type":"LineString","coordinates":[[19.86513,52.18332],[19.86498,52.18337]]}},{"type":"Feature","properties":{"numer":"2724E","klasa":"","kat":"powiatowa"},"geometry":{"type":"LineString","coordinates":[[19.90652,52.19177],[19.92011,52.19213],[19.92136,52.19211],[19.92259,52.19178]]}},{"type":"Feature","properties":{"numer":"584","klasa":"droga zbiorcza","kat":"wojewodzka"},"geometry":{"type":"LineString","coordinates":[[19.90207,52.20147],[19.90652,52.19177]]}},{"type":"Feature","properties":{"numer":"584","klasa":"droga zbiorcza","kat":"wojewodzka"},"geometry":{"type":"LineString","coordinates":[[19.89908,52.20793],[19.90207,52.20147]]}},{"type":"Feature","properties":{"numer":"2724E","klasa":"","kat":"powiatowa"},"geometry":{"type":"LineString","coordinates":[[19.92259,52.19178],[19.92378,52.19144],[19.92778,52.1895],[19.93047,52.18841],[19.93238,52.18797]]}},{"type":"Feature","properties":{"numer":"2725E","klasa":"","kat":"powiatowa"},"geometry":{"type":"LineString","coordinates":[[19.93106,52.19616],[19.93238,52.18797]]}},{"type":"Feature","properties":{"numer":"2726E","klasa":"","kat":"powiatowa"},"geometry":{"type":"LineString","coordinates":[[19.93106,52.19616],[19.93976,52.19453],[19.9412,52.19576],[19.94142,52.19577],[19.94808,52.19451],[19.95281,52.19285],[19.96218,52.19104]]}},{"type":"Feature","properties":{"numer":"2726E","klasa":"","kat":"powiatowa"},"geometry":{"type":"LineString","coordinates":[[19.90207,52.20147],[19.91087,52.19992],[19.93106,52.19616]]}},{"type":"Feature","properties":{"numer":"2725E","klasa":"","kat":"powiatowa"},"geometry":{"type":"LineString","coordinates":[[19.92927,52.20719],[19.93106,52.19616]]}},{"type":"Feature","properties":{"numer":"2727E","klasa":"","kat":"powiatowa"},"geometry":{"type":"LineString","coordinates":[[19.91243,52.20768],[19.9206,52.2075],[19.92927,52.20719]]}},{"type":"Feature","properties":{"numer":"2725E","klasa":"","kat":"powiatowa"},"geometry":{"type":"LineString","coordinates":[[19.92239,52.22694],[19.9251,52.22224],[19.92927,52.20719]]}},{"type":"Feature","properties":{"numer":"2717E","klasa":"","kat":"powiatowa"},"geometry":{"type":"LineString","coordinates":[[19.92239,52.22694],[19.96463,52.22296]]}},{"type":"Feature","properties":{"numer":"2725E","klasa":"","kat":"powiatowa"},"geometry":{"type":"LineString","coordinates":[[19.9205,52.2319],[19.92239,52.22694]]}},{"type":"Feature","properties":{"numer":"2710E","klasa":"","kat":"powiatowa"},"geometry":{"type":"LineString","coordinates":[[19.92019,52.24379],[19.92114,52.24376],[19.92267,52.24347],[19.93664,52.24359],[19.94558,52.24575]]}},{"type":"Feature","properties":{"numer":"2727E","klasa":"","kat":"powiatowa"},"geometry":{"type":"LineString","coordinates":[[19.91243,52.20768],[19.89908,52.20793]]}},{"type":"Feature","properties":{"numer":"105052E,2727E","klasa":"","kat":"powiatowa"},"geometry":{"type":"LineString","coordinates":[[19.87585,52.20857],[19.87473,52.20829]]}},{"type":"Feature","properties":{"numer":"2727E","klasa":"","kat":"powiatowa"},"geometry":{"type":"LineString","coordinates":[[19.89908,52.20793],[19.87773,52.20903]]}},{"type":"Feature","properties":{"numer":"105052E,2727E","klasa":"","kat":"powiatowa"},"geometry":{"type":"LineString","coordinates":[[19.87603,52.20862],[19.87585,52.20857]]}},{"type":"Feature","properties":{"numer":"105052E,2727E","klasa":"","kat":"powiatowa"},"geometry":{"type":"LineString","coordinates":[[19.87773,52.20903],[19.87603,52.20862]]}},{"type":"Feature","properties":{"numer":"584","klasa":"droga zbiorcza","kat":"wojewodzka"},"geometry":{"type":"LineString","coordinates":[[19.88846,52.23109],[19.89908,52.20793]]}},{"type":"Feature","properties":{"numer":"2717E","klasa":"","kat":"powiatowa"},"geometry":{"type":"LineString","coordinates":[[19.851,52.21758],[19.85466,52.22072],[19.85611,52.22175],[19.85744,52.22257],[19.85849,52.22295],[19.86506,52.22459],[19.86907,52.22646],[19.87051,52.22747],[19.87142,52.22832]]}},{"type":"Feature","properties":{"numer":"105052E,2717E","klasa":"","kat":"powiatowa"},"geometry":{"type":"LineString","coordinates":[[19.87142,52.22832],[19.87154,52.22861]]}},{"type":"Feature","properties":{"numer":"2717E","klasa":"","kat":"powiatowa"},"geometry":{"type":"LineString","coordinates":[[19.88846,52.23109],[19.89291,52.23061],[19.90488,52.22834],[19.91302,52.22748],[19.91404,52.22771],[19.92239,52.22694]]}},{"type":"Feature","properties":{"numer":"2717E","klasa":"","kat":"powiatowa"},"geometry":{"type":"LineString","coordinates":[[19.87154,52.22861],[19.87175,52.22863],[19.87885,52.23108]]}},{"type":"Feature","properties":{"numer":"2717E","klasa":"","kat":"powiatowa"},"geometry":{"type":"LineString","coordinates":[[19.81214,52.19801],[19.81221,52.19818],[19.81273,52.19831]]}},{"type":"Feature","properties":{"numer":"2119E","klasa":"droga zbiorcza","kat":"powiatowa"},"geometry":{"type":"LineString","coordinates":[[19.81214,52.19801],[19.81165,52.19814],[19.81026,52.19826],[19.80373,52.19944]]}},{"type":"Feature","properties":{"numer":"2717E","klasa":"","kat":"powiatowa"},"geometry":{"type":"LineString","coordinates":[[19.81273,52.19831],[19.81478,52.19921],[19.81841,52.20111],[19.8317,52.20686]]}},{"type":"Feature","properties":{"numer":"2727E","klasa":"","kat":"powiatowa"},"geometry":{"type":"LineString","coordinates":[[19.87473,52.20829],[19.85852,52.20411],[19.82996,52.20122],[19.82084,52.19962],[19.81273,52.19831]]}},{"type":"Feature","properties":{"numer":"2717E","klasa":"droga zbiorcza","kat":"powiatowa"},"geometry":{"type":"LineString","coordinates":[[19.8317,52.20686],[19.83174,52.20688]]}},{"type":"Feature","properties":{"numer":"2717E","klasa":"","kat":"powiatowa"},"geometry":{"type":"LineString","coordinates":[[19.83174,52.20688],[19.83484,52.20826],[19.84174,52.21164],[19.85032,52.21558]]}},{"type":"Feature","properties":{"numer":"105051E,2717E","klasa":"","kat":"powiatowa"},"geometry":{"type":"LineString","coordinates":[[19.85032,52.21558],[19.851,52.21758]]}},{"type":"Feature","properties":{"numer":"2709E","klasa":"droga zbiorcza","kat":"powiatowa"},"geometry":{"type":"LineString","coordinates":[[19.80129,52.22462],[19.80097,52.22735],[19.80125,52.22859],[19.80365,52.23285],[19.81553,52.23327]]}},{"type":"Feature","properties":{"numer":"2710E","klasa":"","kat":"powiatowa"},"geometry":{"type":"LineString","coordinates":[[19.81553,52.23327],[19.83312,52.23387],[19.84771,52.23387],[19.85167,52.23465],[19.85336,52.23482],[19.85408,52.235],[19.85526,52.23612],[19.85598,52.2366],[19.86731,52.24163],[19.86764,52.24169],[19.87132,52.24173],[19.87323,52.24165]]}},{"type":"Feature","properties":{"numer":"2709E","klasa":"droga zbiorcza","kat":"powiatowa"},"geometry":{"type":"LineString","coordinates":[[19.81553,52.23327],[19.81869,52.23885],[19.82747,52.24468],[19.82776,52.24484],[19.82816,52.24491],[19.83296,52.24519],[19.83349,52.24527],[19.83394,52.24546],[19.83605,52.24662],[19.8416,52.25056],[19.84942,52.25414],[19.85049,52.25494],[19.85099,52.25521],[19.85304,52.25601],[19.85426,52.2566],[19.85561,52.25761],[19.85745,52.25945],[19.86947,52.26722],[19.8698,52.26729],[19.87127,52.26726]]}},{"type":"Feature","properties":{"numer":"5124E","klasa":"droga zbiorcza","kat":"powiatowa"},"geometry":{"type":"LineString","coordinates":[[19.726509012686158,52.00319183121897],[19.72664,52.00317]]}},{"type":"Feature","properties":{"numer":"5121E","klasa":"droga zbiorcza","kat":"powiatowa"},"geometry":{"type":"LineString","coordinates":[[19.64985,52.02563],[19.64986020133101,52.025622662200504]]}},{"type":"Feature","properties":{"numer":"5118E","klasa":"droga zbiorcza","kat":"powiatowa"},"geometry":{"type":"LineString","coordinates":[[19.633973228750058,52.02042243025175],[19.63473,52.02396],[19.63406,52.02923],[19.63449,52.03311],[19.63451,52.03517],[19.63478,52.03561]]}},{"type":"Feature","properties":{"numer":"105010E","klasa":"droga lokalna","kat":"powiatowa"},"geometry":{"type":"LineString","coordinates":[[19.64791,52.02701],[19.64985,52.02563]]}},{"type":"Feature","properties":{"numer":"105010E","klasa":"droga lokalna","kat":"powiatowa"},"geometry":{"type":"LineString","coordinates":[[19.64481,52.02908],[19.64791,52.02701]]}},{"type":"Feature","properties":{"numer":"105008E","klasa":"droga lokalna","kat":"powiatowa"},"geometry":{"type":"LineString","coordinates":[[19.679273948457965,52.02916529333897],[19.67896,52.02966]]}},{"type":"Feature","properties":{"numer":"105010E","klasa":"droga lokalna","kat":"powiatowa"},"geometry":{"type":"LineString","coordinates":[[19.64012,52.03258],[19.64123,52.03155],[19.64481,52.02908]]}},{"type":"Feature","properties":{"numer":"105011E","klasa":"droga lokalna","kat":"powiatowa"},"geometry":{"type":"LineString","coordinates":[[19.625284061399007,52.02666475639777],[19.62715,52.02885],[19.62981,52.03092],[19.63415,52.03533],[19.63478,52.03561]]}},{"type":"Feature","properties":{"numer":"105008E","klasa":"droga lokalna","kat":"powiatowa"},"geometry":{"type":"LineString","coordinates":[[19.67896,52.02966],[19.67757,52.03186],[19.6767,52.03383]]}},{"type":"Feature","properties":{"numer":"105010E","klasa":"droga lokalna","kat":"powiatowa"},"geometry":{"type":"LineString","coordinates":[[19.63892,52.03379],[19.64012,52.03258]]}},{"type":"Feature","properties":{"numer":"5124E","klasa":"","kat":"powiatowa"},"geometry":{"type":"LineString","coordinates":[[19.79862,52.00556],[19.79942,52.00576],[19.80084,52.00598],[19.80177,52.00578]]}},{"type":"Feature","properties":{"numer":"14","klasa":"droga gĹ‚Ăłwna ruchu przyĹ›pieszonego","kat":"krajowa"},"geometry":{"type":"LineString","coordinates":[[19.80292,52.00619],[19.80177,52.00578]]}},{"type":"Feature","properties":{"numer":"14","klasa":"droga gĹ‚Ăłwna ruchu przyĹ›pieszonego","kat":"krajowa"},"geometry":{"type":"LineString","coordinates":[[19.81137,52.00869],[19.80292,52.00619]]}},{"type":"Feature","properties":{"numer":"2745E","klasa":"","kat":"powiatowa"},"geometry":{"type":"LineString","coordinates":[[19.78782,52.01993],[19.78835,52.017],[19.78966,52.01512],[19.79318,52.01228],[19.79766,52.00957],[19.79929,52.00888],[19.80219,52.00728],[19.80292,52.00619]]}},{"type":"Feature","properties":{"numer":"2741E","klasa":"","kat":"powiatowa"},"geometry":{"type":"LineString","coordinates":[[19.78166,52.0194],[19.78176,52.01941]]}},{"type":"Feature","properties":{"numer":"2741E","klasa":"","kat":"powiatowa"},"geometry":{"type":"LineString","coordinates":[[19.78176,52.01941],[19.78782,52.01993]]}},{"type":"Feature","properties":{"numer":"2745E","klasa":"","kat":"powiatowa"},"geometry":{"type":"LineString","coordinates":[[19.78766,52.02093],[19.78782,52.01993]]}},{"type":"Feature","properties":{"numer":"2745E","klasa":"","kat":"powiatowa"},"geometry":{"type":"LineString","coordinates":[[19.78766,52.02094],[19.78766,52.02093]]}},{"type":"Feature","properties":{"numer":"2745E","klasa":"","kat":"powiatowa"},"geometry":{"type":"LineString","coordinates":[[19.7867,52.03393],[19.78821,52.03271],[19.78829,52.03255],[19.78824,52.03202],[19.78701,52.0286],[19.78647,52.02668],[19.78704,52.02458],[19.78766,52.02094]]}},{"type":"Feature","properties":{"numer":"2745E","klasa":"","kat":"powiatowa"},"geometry":{"type":"LineString","coordinates":[[19.78664,52.03398],[19.7867,52.03393]]}},{"type":"Feature","properties":{"numer":"2741E","klasa":"","kat":"powiatowa"},"geometry":{"type":"LineString","coordinates":[[19.78166,52.0194],[19.76928,52.01832],[19.76809,52.01879],[19.7645,52.03448],[19.76046,52.05283]]}},{"type":"Feature","properties":{"numer":"2745E","klasa":"","kat":"powiatowa"},"geometry":{"type":"LineString","coordinates":[[19.78632,52.05975],[19.78734,52.05571],[19.78783,52.05257],[19.78782,52.04958],[19.78639,52.0345],[19.78644,52.03418],[19.78664,52.03398]]}},{"type":"Feature","properties":{"numer":"2746E","klasa":"droga zbiorcza","kat":"powiatowa"},"geometry":{"type":"LineString","coordinates":[[19.7947,52.05413],[19.81477,52.04069]]}},{"type":"Feature","properties":{"numer":"2746E","klasa":"droga zbiorcza","kat":"powiatowa"},"geometry":{"type":"LineString","coordinates":[[19.7946,52.0542],[19.7947,52.05413]]}},{"type":"Feature","properties":{"numer":"2746E","klasa":"droga zbiorcza","kat":"powiatowa"},"geometry":{"type":"LineString","coordinates":[[19.78632,52.05975],[19.7946,52.0542]]}},{"type":"Feature","properties":{"numer":"2741E","klasa":"","kat":"powiatowa"},"geometry":{"type":"LineString","coordinates":[[19.76046,52.05283],[19.76033,52.05288],[19.75709,52.05255],[19.75687,52.05261],[19.75212,52.06998]]}},{"type":"Feature","properties":{"numer":"2746E","klasa":"droga zbiorcza","kat":"powiatowa"},"geometry":{"type":"LineString","coordinates":[[19.77947,52.06433],[19.78632,52.05975]]}},{"type":"Feature","properties":{"numer":"2747E","klasa":"","kat":"powiatowa"},"geometry":{"type":"LineString","coordinates":[[19.80519,52.06362],[19.80534,52.0636]]}},{"type":"Feature","properties":{"numer":"2747E","klasa":"","kat":"powiatowa"},"geometry":{"type":"LineString","coordinates":[[19.77947,52.06433],[19.78784,52.06533],[19.79144,52.06527],[19.79669,52.06568],[19.79735,52.06557],[19.80275,52.06394],[19.80519,52.06362]]}},{"type":"Feature","properties":{"numer":"2746E","klasa":"droga zbiorcza","kat":"powiatowa"},"geometry":{"type":"LineString","coordinates":[[19.77837,52.06507],[19.77947,52.06433]]}},{"type":"Feature","properties":{"numer":"2744E","klasa":"","kat":"powiatowa"},"geometry":{"type":"LineString","coordinates":[[19.64504,52.04378],[19.64545,52.04366]]}},{"type":"Feature","properties":{"numer":"2744E","klasa":"","kat":"powiatowa"},"geometry":{"type":"LineString","coordinates":[[19.64545,52.04366],[19.66302,52.04757],[19.67016,52.04873]]}},{"type":"Feature","properties":{"numer":"105008E","klasa":"droga lokalna","kat":"powiatowa"},"geometry":{"type":"LineString","coordinates":[[19.67144,52.0458],[19.67016,52.04873]]}},{"type":"Feature","properties":{"numer":"2744E","klasa":"","kat":"powiatowa"},"geometry":{"type":"LineString","coordinates":[[19.67016,52.04873],[19.67843,52.05021],[19.68164,52.05125],[19.6823,52.05207],[19.68506,52.0569],[19.68519,52.05698],[19.68553,52.05697],[19.69268,52.05513]]}},{"type":"Feature","properties":{"numer":"5118E","klasa":"droga zbiorcza","kat":"powiatowa"},"geometry":{"type":"LineString","coordinates":[[19.64504,52.04378],[19.64562,52.04451],[19.64633,52.04572],[19.65327,52.05837],[19.66108,52.06885]]}},{"type":"Feature","properties":{"numer":"2742E","klasa":"","kat":"powiatowa"},"geometry":{"type":"LineString","coordinates":[[19.69407,52.05775],[19.68676,52.05964],[19.66115,52.06895]]}},{"type":"Feature","properties":{"numer":"105008E,5118E","klasa":"droga zbiorcza","kat":"powiatowa"},"geometry":{"type":"LineString","coordinates":[[19.66108,52.06885],[19.66115,52.06895]]}},{"type":"Feature","properties":{"numer":"105008E,5118E","klasa":"droga zbiorcza","kat":"powiatowa"},"geometry":{"type":"LineString","coordinates":[[19.66115,52.06895],[19.66126,52.06911]]}},{"type":"Feature","properties":{"numer":"5118E","klasa":"droga zbiorcza","kat":"powiatowa"},"geometry":{"type":"LineString","coordinates":[[19.66126,52.06911],[19.66012,52.07192],[19.65984,52.07237],[19.6591,52.07299],[19.65565,52.07514]]}},{"type":"Feature","properties":{"numer":"703","klasa":"droga gĹ‚Ăłwna","kat":"wojewodzka"},"geometry":{"type":"LineString","coordinates":[[19.64982,52.07349],[19.65017,52.07354]]}},{"type":"Feature","properties":{"numer":"2746E","klasa":"droga zbiorcza","kat":"powiatowa"},"geometry":{"type":"LineString","coordinates":[[19.77831,52.06511],[19.77837,52.06507]]}},{"type":"Feature","properties":{"numer":"2746E","klasa":"droga zbiorcza","kat":"powiatowa"},"geometry":{"type":"LineString","coordinates":[[19.7688,52.07151],[19.77831,52.06511]]}},{"type":"Feature","properties":{"numer":"2741E","klasa":"","kat":"powiatowa"},"geometry":{"type":"LineString","coordinates":[[19.75211,52.07003],[19.75212,52.06998]]}},{"type":"Feature","properties":{"numer":"2741E","klasa":"","kat":"powiatowa"},"geometry":{"type":"LineString","coordinates":[[19.75211,52.07003],[19.75132,52.07293]]}},{"type":"Feature","properties":{"numer":"2746E","klasa":"droga zbiorcza","kat":"powiatowa"},"geometry":{"type":"LineString","coordinates":[[19.76874,52.07154],[19.7688,52.07151]]}},{"type":"Feature","properties":{"numer":"2746E","klasa":"droga zbiorcza","kat":"powiatowa"},"geometry":{"type":"LineString","coordinates":[[19.76481,52.07418],[19.76874,52.07154]]}},{"type":"Feature","properties":{"numer":"2744E","klasa":"","kat":"powiatowa"},"geometry":{"type":"LineString","coordinates":[[19.75132,52.07293],[19.756,52.07345],[19.76481,52.07418]]}},{"type":"Feature","properties":{"numer":"2746E","klasa":"droga zbiorcza","kat":"powiatowa"},"geometry":{"type":"LineString","coordinates":[[19.74741,52.08766],[19.74811,52.08537],[19.76481,52.07418]]}},{"type":"Feature","properties":{"numer":"703","klasa":"droga gĹ‚Ăłwna","kat":"wojewodzka"},"geometry":{"type":"LineString","coordinates":[[19.74741,52.08766],[19.74508,52.0872],[19.74389,52.08747],[19.7423,52.08749]]}},{"type":"Feature","properties":{"numer":"2746E,703","klasa":"droga zbiorcza","kat":"powiatowa"},"geometry":{"type":"LineString","coordinates":[[19.74815,52.08774],[19.74741,52.08766]]}},{"type":"Feature","properties":{"numer":"2744E","klasa":"","kat":"powiatowa"},"geometry":{"type":"LineString","coordinates":[[19.69268,52.05513],[19.69321,52.05648],[19.69407,52.05775]]}},{"type":"Feature","properties":{"numer":"2744E","klasa":"","kat":"powiatowa"},"geometry":{"type":"LineString","coordinates":[[19.70325,52.06666],[19.70054,52.06585],[19.69813,52.06363],[19.69407,52.05775]]}},{"type":"Feature","properties":{"numer":"2744E","klasa":"","kat":"powiatowa"},"geometry":{"type":"LineString","coordinates":[[19.70325,52.06666],[19.70394,52.06554],[19.72848,52.07186],[19.72805,52.07247],[19.72763,52.07343],[19.72747,52.07459],[19.72762,52.07463],[19.75057,52.07586],[19.75132,52.07293]]}},{"type":"Feature","properties":{"numer":"2743E","klasa":"","kat":"powiatowa"},"geometry":{"type":"LineString","coordinates":[[19.68132,52.08114],[19.68489,52.07944],[19.6854,52.07924],[19.68735,52.07873],[19.68782,52.07853],[19.689,52.07778],[19.69007,52.07726],[19.69282,52.07608],[19.69546,52.07518],[19.69787,52.07409],[19.69973,52.07255],[19.70325,52.06666]]}},{"type":"Feature","properties":{"numer":"703","klasa":"droga gĹ‚Ăłwna","kat":"wojewodzka"},"geometry":{"type":"LineString","coordinates":[[19.74171,52.08748],[19.71591,52.08732],[19.71476,52.08726],[19.68132,52.08114]]}},{"type":"Feature","properties":{"numer":"703","klasa":"droga gĹ‚Ăłwna","kat":"wojewodzka"},"geometry":{"type":"LineString","coordinates":[[19.7423,52.08749],[19.74171,52.08748]]}},{"type":"Feature","properties":{"numer":"2717E","klasa":"droga zbiorcza","kat":"powiatowa"},"geometry":{"type":"LineString","coordinates":[[19.70368,52.11461],[19.71132,52.11328],[19.71951,52.10942],[19.72146,52.10887],[19.72288,52.10858],[19.74672,52.10579],[19.75588,52.10695]]}},{"type":"Feature","properties":{"numer":"2717E","klasa":"droga zbiorcza","kat":"powiatowa"},"geometry":{"type":"LineString","coordinates":[[19.68753,52.11629],[19.69523,52.11531],[19.70368,52.11461]]}},{"type":"Feature","properties":{"numer":"2717E,2734E","klasa":"droga zbiorcza","kat":"powiatowa"},"geometry":{"type":"LineString","coordinates":[[19.68698,52.11504],[19.68753,52.11629]]}},{"type":"Feature","properties":{"numer":"2735E","klasa":"","kat":"powiatowa"},"geometry":{"type":"LineString","coordinates":[[19.70891,52.12206],[19.70823,52.12081],[19.70778,52.12057],[19.70587,52.11989],[19.7055,52.11956],[19.70368,52.11461]]}},{"type":"Feature","properties":{"numer":"703","klasa":"droga gĹ‚Ăłwna","kat":"wojewodzka"},"geometry":{"type":"LineString","coordinates":[[19.62238,52.07335],[19.63857,52.07372]]}},{"type":"Feature","properties":{"numer":"703","klasa":"droga gĹ‚Ăłwna","kat":"wojewodzka"},"geometry":{"type":"LineString","coordinates":[[19.63857,52.07372],[19.64191,52.07378],[19.64798,52.07334],[19.64982,52.07349]]}},{"type":"Feature","properties":{"numer":"703","klasa":"droga gĹ‚Ăłwna","kat":"wojewodzka"},"geometry":{"type":"LineString","coordinates":[[19.65565,52.07514],[19.65384,52.07378],[19.65355,52.07373],[19.6524,52.07378],[19.65017,52.07354]]}},{"type":"Feature","properties":{"numer":"703","klasa":"droga gĹ‚Ăłwna","kat":"wojewodzka"},"geometry":{"type":"LineString","coordinates":[[19.67154,52.07941],[19.66952,52.07893],[19.664,52.07715],[19.66286,52.07703],[19.65819,52.07682],[19.65716,52.07663],[19.65595,52.07607],[19.65565,52.07514]]}},{"type":"Feature","properties":{"numer":"703","klasa":"droga gĹ‚Ăłwna","kat":"wojewodzka"},"geometry":{"type":"LineString","coordinates":[[19.68132,52.08114],[19.67154,52.07941]]}},{"type":"Feature","properties":{"numer":"2734E","klasa":"droga zbiorcza","kat":"powiatowa"},"geometry":{"type":"LineString","coordinates":[[19.67431,52.10377],[19.67153,52.10043],[19.67128,52.09974],[19.67138,52.09902],[19.67339,52.09475],[19.67139,52.07989],[19.67154,52.07941]]}},{"type":"Feature","properties":{"numer":"2736E","klasa":"","kat":"powiatowa"},"geometry":{"type":"LineString","coordinates":[[19.65651,52.09865],[19.65643,52.09865]]}},{"type":"Feature","properties":{"numer":"2736E","klasa":"","kat":"powiatowa"},"geometry":{"type":"LineString","coordinates":[[19.65651,52.09865],[19.66058,52.09868],[19.66098,52.09876]]}},{"type":"Feature","properties":{"numer":"2736E","klasa":"","kat":"powiatowa"},"geometry":{"type":"LineString","coordinates":[[19.66098,52.09876],[19.66134,52.09893]]}},{"type":"Feature","properties":{"numer":"2736E","klasa":"","kat":"powiatowa"},"geometry":{"type":"LineString","coordinates":[[19.66134,52.09893],[19.66151,52.09902],[19.6596,52.10126],[19.65977,52.10252],[19.65992,52.10266],[19.67431,52.10377]]}},{"type":"Feature","properties":{"numer":"2738E","klasa":"","kat":"powiatowa"},"geometry":{"type":"LineString","coordinates":[[19.5574,52.0888],[19.55969,52.08716],[19.56084,52.08559],[19.5592,52.0795],[19.56017,52.07181],[19.55982,52.06982]]}},{"type":"Feature","properties":{"numer":"A1,E75","klasa":"autostrada","kat":"krajowa"},"geometry":{"type":"LineString","coordinates":[[19.532790033156637,52.075768024962514],[19.53214,52.07689],[19.53018,52.07958],[19.527,52.08332]]}},{"type":"Feature","properties":{"numer":"2736E","klasa":"","kat":"powiatowa"},"geometry":{"type":"LineString","coordinates":[[19.5574,52.0888],[19.56427,52.09181],[19.57386,52.09401]]}},{"type":"Feature","properties":{"numer":"2736E","klasa":"","kat":"powiatowa"},"geometry":{"type":"LineString","coordinates":[[19.55007,52.1167],[19.55191,52.10819],[19.55483,52.09692],[19.55468,52.09666],[19.55156,52.09494],[19.55149,52.09474],[19.55252,52.09341],[19.55575,52.09006],[19.55618,52.08966],[19.5574,52.0888]]}},{"type":"Feature","properties":{"numer":"2737E","klasa":"droga zbiorcza","kat":"powiatowa"},"geometry":{"type":"LineString","coordinates":[[19.59205,52.10406],[19.59042,52.1056],[19.58824,52.10714],[19.57858,52.1128],[19.55899,52.11658],[19.55119,52.1165],[19.55065,52.11653],[19.55007,52.1167]]}},{"type":"Feature","properties":{"numer":"2736E","klasa":"droga zbiorcza","kat":"powiatowa"},"geometry":{"type":"LineString","coordinates":[[19.55102,52.12065],[19.55008,52.11721],[19.55007,52.1167]]}},{"type":"Feature","properties":{"numer":"2736E","klasa":"droga zbiorcza","kat":"powiatowa"},"geometry":{"type":"LineString","coordinates":[[19.55104,52.12073],[19.55102,52.12065]]}},{"type":"Feature","properties":{"numer":"2736E","klasa":"droga zbiorcza","kat":"powiatowa"},"geometry":{"type":"LineString","coordinates":[[19.55148966517837,52.12332006120203],[19.55135,52.122],[19.55104,52.12073]]}},{"type":"Feature","properties":{"numer":"A1,E75","klasa":"autostrada","kat":"krajowa"},"geometry":{"type":"LineString","coordinates":[[19.526990377330296,52.08333126374516],[19.527,52.08332]]}},{"type":"Feature","properties":{"numer":"2737E","klasa":"droga zbiorcza","kat":"powiatowa"},"geometry":{"type":"LineString","coordinates":[[19.63857,52.07372],[19.63847,52.07399],[19.63737,52.07501],[19.62842,52.08315],[19.62766,52.08374],[19.61064,52.08999],[19.59903,52.0953],[19.59208,52.10403]]}},{"type":"Feature","properties":{"numer":"2736E","klasa":"","kat":"powiatowa"},"geometry":{"type":"LineString","coordinates":[[19.57386,52.09401],[19.57696,52.09475],[19.57891,52.09537],[19.58466,52.09777],[19.58565,52.09814],[19.58706,52.09854],[19.58804,52.09926],[19.58867,52.1003],[19.59208,52.10403]]}},{"type":"Feature","properties":{"numer":"2736E,2737E","klasa":"droga zbiorcza","kat":"powiatowa"},"geometry":{"type":"LineString","coordinates":[[19.59208,52.10403],[19.59205,52.10406]]}},{"type":"Feature","properties":{"numer":"2736E","klasa":"","kat":"powiatowa"},"geometry":{"type":"LineString","coordinates":[[19.59205,52.10406],[19.59901,52.10561],[19.60182,52.10685],[19.61269,52.10933],[19.61676,52.1098],[19.6228,52.10898],[19.62399,52.10873],[19.62485,52.10847],[19.62586,52.10804],[19.63093,52.10553],[19.63482,52.10345],[19.64183,52.10144],[19.65226,52.09866],[19.65374,52.09861],[19.65643,52.09865]]}},{"type":"Feature","properties":{"numer":"2119E,2120E","klasa":"","kat":"powiatowa"},"geometry":{"type":"LineString","coordinates":[[19.76622,52.20148],[19.76872,52.19905]]}},{"type":"Feature","properties":{"numer":"2120E","klasa":"","kat":"powiatowa"},"geometry":{"type":"LineString","coordinates":[[19.76622,52.20148],[19.75662,52.21086],[19.75512,52.21181],[19.7536,52.21259],[19.74897,52.21627],[19.74865,52.21674],[19.741378100822484,52.220140104210024]]}},{"type":"Feature","properties":{"numer":"2709E","klasa":"droga zbiorcza","kat":"powiatowa"},"geometry":{"type":"LineString","coordinates":[[19.80373,52.19944],[19.80402,52.20146],[19.80129,52.22462]]}},{"type":"Feature","properties":{"numer":"2706E","klasa":"","kat":"powiatowa"},"geometry":{"type":"LineString","coordinates":[[19.80129,52.22462],[19.78487,52.22621],[19.78459,52.22654],[19.78611,52.22928],[19.78642,52.23473],[19.785,52.23988],[19.78235,52.25148],[19.78217,52.25196],[19.78176,52.2525]]}},{"type":"Feature","properties":{"numer":"2706E","klasa":"","kat":"powiatowa"},"geometry":{"type":"LineString","coordinates":[[19.78176,52.2525],[19.77753,52.25761],[19.77462,52.26346],[19.773110713715656,52.26466546891542]]}},{"type":"Feature","properties":{"numer":"2708E","klasa":"","kat":"powiatowa"},"geometry":{"type":"LineString","coordinates":[[19.78176,52.2525],[19.78747,52.25336],[19.8108,52.25773],[19.81782,52.26144],[19.82371,52.26411],[19.82908,52.26687],[19.83081,52.26735],[19.83245,52.26843]]}},{"type":"Feature","properties":{"numer":"1446W","klasa":"droga zbiorcza","kat":"powiatowa"},"geometry":{"type":"LineString","coordinates":[[19.74259636580992,52.26088957561267],[19.74256,52.26088]]}},{"type":"Feature","properties":{"numer":"2707E","klasa":"droga zbiorcza","kat":"powiatowa"},"geometry":{"type":"LineString","coordinates":[[19.774752889867326,52.26538710843548],[19.80698,52.27019],[19.81316,52.27209],[19.81539,52.27226],[19.81582,52.2722],[19.8206,52.27089],[19.83245,52.26843]]}}]}