{"type":"FeatureCollection","features":[{"type":"Feature","properties":{"numer":"28","klasa":"droga gĹ‚Ăłwna","kat":"krajowa"},"geometry":{"type":"LineString","coordinates":[[19.44807,49.94818],[19.44914,49.94636],[19.44921,49.94509],[19.44932,49.94479],[19.45255,49.94304],[19.45708,49.93836],[19.45747,49.93809],[19.45764750256586,49.938040403694835]]}},{"type":"Feature","properties":{"numer":"1761K","klasa":"droga zbiorcza","kat":"powiatowa"},"geometry":{"type":"LineString","coordinates":[[19.437399755930546,49.94338549521447],[19.43756,49.94344],[19.43905,49.94382],[19.44037,49.94432],[19.44181,49.94529],[19.4438,49.94678],[19.44579,49.94845],[19.44618,49.94851],[19.44754,49.94821],[19.44807,49.94818]]}},{"type":"Feature","properties":{"numer":"28","klasa":"droga gĹ‚Ăłwna","kat":"krajowa"},"geometry":{"type":"LineString","coordinates":[[19.44267,49.96138],[19.44296,49.96063],[19.44316,49.959],[19.44311,49.95868],[19.44269,49.95777],[19.44273,49.95712],[19.44807,49.94818]]}},{"type":"Feature","properties":{"numer":"1807K","klasa":"droga zbiorcza","kat":"powiatowa"},"geometry":{"type":"LineString","coordinates":[[19.45623,49.96148],[19.45726,49.96072],[19.45749,49.96076],[19.45979,49.95898],[19.46384,49.95569],[19.46453,49.95502],[19.4656,49.95467],[19.46717,49.95329],[19.46735,49.9533],[19.46791,49.95354]]}},{"type":"Feature","properties":{"numer":"1807K","klasa":"droga zbiorcza","kat":"powiatowa"},"geometry":{"type":"LineString","coordinates":[[19.45613,49.96156],[19.45623,49.96148]]}},{"type":"Feature","properties":{"numer":"28","klasa":"droga gĹ‚Ăłwna","kat":"krajowa"},"geometry":{"type":"LineString","coordinates":[[19.4425,49.96173],[19.44267,49.96138]]}},{"type":"Feature","properties":{"numer":"1807K","klasa":"droga zbiorcza","kat":"powiatowa"},"geometry":{"type":"LineString","coordinates":[[19.45415,49.96421],[19.45459,49.96302],[19.45518,49.96238],[19.45613,49.96156]]}},{"type":"Feature","properties":{"numer":"1807K","klasa":"droga zbiorcza","kat":"powiatowa"},"geometry":{"type":"LineString","coordinates":[[19.45414,49.96427],[19.45415,49.96421]]}},{"type":"Feature","properties":{"numer":"1761K","klasa":"droga zbiorcza","kat":"powiatowa"},"geometry":{"type":"LineString","coordinates":[[19.35399,49.945],[19.35588,49.94557],[19.35878,49.94661],[19.361491575643264,49.94709836268017]]}},{"type":"Feature","properties":{"numer":"781","klasa":"droga gĹ‚Ăłwna","kat":"wojewodzka"},"geometry":{"type":"LineString","coordinates":[[19.41228,49.96429],[19.41498,49.96571],[19.41759,49.96674],[19.41832,49.96714],[19.41882,49.96755],[19.42032,49.96905],[19.42305,49.97076],[19.42371,49.97128],[19.42565,49.97304],[19.42656,49.97435],[19.428,49.97539],[19.43008,49.97671],[19.43058,49.97749],[19.43072,49.97815],[19.42972,49.98076],[19.42927,49.98355],[19.42934,49.98392],[19.43135,49.9857],[19.4322,49.98658],[19.43265,49.98675],[19.43472,49.98723],[19.43599,49.98805],[19.4378,49.98831],[19.438,49.98862],[19.43805,49.98915],[19.43818,49.98923]]}},{"type":"Feature","properties":{"numer":"1805K","klasa":"","kat":"powiatowa"},"geometry":{"type":"LineString","coordinates":[[19.412163799444087,49.96432720333547],[19.41192,49.96579],[19.4121,49.96683],[19.41201,49.96696],[19.41154,49.96704],[19.41135,49.96719],[19.41153,49.96899],[19.41168,49.96923],[19.41282,49.97022],[19.41296,49.97092],[19.41255,49.972],[19.4124,49.97343],[19.41176,49.9752],[19.41107,49.97613],[19.41054,49.97712],[19.4106,49.97786],[19.4103,49.97812],[19.40882,49.97886],[19.40643,49.97919],[19.40604,49.97933],[19.40601,49.9805],[19.40616,49.98122],[19.40596,49.98167],[19.40571,49.98194],[19.40504,49.9824],[19.40392,49.98357],[19.40215,49.98485],[19.40039,49.98633],[19.40021,49.98658],[19.3997,49.98812],[19.39975,49.98859],[19.40001,49.98919],[19.40175,49.99173],[19.40247,49.99344],[19.40352,49.99477]]}},{"type":"Feature","properties":{"numer":"4482S","klasa":"droga zbiorcza","kat":"powiatowa"},"geometry":{"type":"LineString","coordinates":[[19.161937528356624,49.86299764573991],[19.16202,49.86303]]}},{"type":"Feature","properties":{"numer":"1818K","klasa":"droga zbiorcza","kat":"powiatowa"},"geometry":{"type":"LineString","coordinates":[[19.16202,49.86303],[19.16379,49.86407],[19.16429,49.86426],[19.16809,49.86503],[19.16871,49.86494],[19.17038,49.86538],[19.1766,49.86652],[19.17739,49.86674],[19.18428,49.86979],[19.18484,49.87026],[19.18593,49.87148],[19.18952,49.8739],[19.19104,49.87521],[19.1915,49.8755],[19.19354,49.87632],[19.19569,49.87699],[19.1969,49.87719]]}},{"type":"Feature","properties":{"numer":"4473S","klasa":"droga zbiorcza","kat":"powiatowa"},"geometry":{"type":"LineString","coordinates":[[19.197652919608295,49.869135415622864],[19.19764,49.86914],[19.19547,49.86889]]}},{"type":"Feature","properties":{"numer":"1820K","klasa":"","kat":"powiatowa"},"geometry":{"type":"LineString","coordinates":[[19.19547,49.86889],[19.19521,49.86899],[19.19509,49.86927],[19.19515,49.87019],[19.19534,49.87054]]}},{"type":"Feature","properties":{"numer":"510074K","klasa":"droga lokalna","kat":"powiatowa"},"geometry":{"type":"LineString","coordinates":[[19.21948,49.87006],[19.22113,49.86941]]}},{"type":"Feature","properties":{"numer":"510074K","klasa":"droga lokalna","kat":"powiatowa"},"geometry":{"type":"LineString","coordinates":[[19.21933,49.87011],[19.21948,49.87006]]}},{"type":"Feature","properties":{"numer":"52","klasa":"droga gĹ‚Ăłwna ruchu przyĹ›pieszonego","kat":"krajowa"},"geometry":{"type":"LineString","coordinates":[[19.29131,49.87564],[19.29218,49.87513],[19.29742,49.87333],[19.29818,49.87301],[19.310919514794982,49.8660368493814]]}},{"type":"Feature","properties":{"numer":"52","klasa":"droga gĹ‚Ăłwna ruchu przyĹ›pieszonego","kat":"krajowa"},"geometry":{"type":"LineString","coordinates":[[19.288,49.87555],[19.28835,49.87552]]}},{"type":"Feature","properties":{"numer":"52","klasa":"droga gĹ‚Ăłwna ruchu przyĹ›pieszonego","kat":"krajowa"},"geometry":{"type":"LineString","coordinates":[[19.28835,49.87552],[19.29131,49.87564]]}},{"type":"Feature","properties":{"numer":"52","klasa":"droga gĹ‚Ăłwna ruchu przyĹ›pieszonego","kat":"krajowa"},"geometry":{"type":"LineString","coordinates":[[19.26205,49.87952],[19.28425,49.87674],[19.28502,49.87655],[19.28717,49.87572],[19.288,49.87555]]}},{"type":"Feature","properties":{"numer":"1817K","klasa":"","kat":"powiatowa"},"geometry":{"type":"LineString","coordinates":[[19.29131,49.87564],[19.29113,49.87583],[19.29026,49.87619],[19.29007,49.87647],[19.29029,49.87689],[19.29136,49.87776],[19.29131,49.87799],[19.28862,49.87926],[19.28741,49.87961],[19.28601,49.87975],[19.28472,49.87998],[19.28215,49.88085],[19.28006,49.8814],[19.27717,49.882],[19.27576,49.88241],[19.27339,49.88264],[19.27056,49.88258],[19.26652,49.88315],[19.26534,49.88318],[19.26357,49.88291],[19.263,49.88273],[19.26266,49.88183],[19.26221,49.88121]]}},{"type":"Feature","properties":{"numer":"594088S","klasa":"droga lokalna","kat":"powiatowa"},"geometry":{"type":"LineString","coordinates":[[19.23732,49.86336],[19.237492715109575,49.86334149480969]]}},{"type":"Feature","properties":{"numer":"510024K,52","klasa":"droga gĹ‚Ăłwna ruchu przyĹ›pieszonego","kat":"powiatowa"},"geometry":{"type":"LineString","coordinates":[[19.22722,49.86475],[19.22768312184135,49.8630882098634]]}},{"type":"Feature","properties":{"numer":"1854K","klasa":"","kat":"powiatowa"},"geometry":{"type":"LineString","coordinates":[[19.24966,49.86698],[19.24808,49.86567],[19.24718,49.86528],[19.24635,49.8648],[19.245829650559806,49.86409311019446]]}},{"type":"Feature","properties":{"numer":"510024K,52","klasa":"droga gĹ‚Ăłwna ruchu przyĹ›pieszonego","kat":"powiatowa"},"geometry":{"type":"LineString","coordinates":[[19.22677,49.86641],[19.22722,49.86475]]}},{"type":"Feature","properties":{"numer":"1817K","klasa":"","kat":"powiatowa"},"geometry":{"type":"LineString","coordinates":[[19.25633,49.86999],[19.25697,49.86981],[19.25708,49.86962],[19.25665,49.86779],[19.25613,49.8666],[19.25608,49.86557],[19.25629,49.86537],[19.25731,49.86523],[19.2576,49.86507],[19.25761,49.86401],[19.25785,49.86303],[19.257584530412494,49.86222375903053]]}},{"type":"Feature","properties":{"numer":"510074K","klasa":"droga lokalna","kat":"powiatowa"},"geometry":{"type":"LineString","coordinates":[[19.22594,49.86691],[19.22637,49.8669]]}},{"type":"Feature","properties":{"numer":"52","klasa":"droga gĹ‚Ăłwna ruchu przyĹ›pieszonego","kat":"krajowa"},"geometry":{"type":"LineString","coordinates":[[19.22642,49.8677],[19.22677,49.86641]]}},{"type":"Feature","properties":{"numer":"510074K","klasa":"droga lokalna","kat":"powiatowa"},"geometry":{"type":"LineString","coordinates":[[19.22594,49.86691],[19.22524,49.86694],[19.22446,49.86711],[19.22294,49.86788]]}},{"type":"Feature","properties":{"numer":"52","klasa":"droga gĹ‚Ăłwna ruchu przyĹ›pieszonego","kat":"krajowa"},"geometry":{"type":"LineString","coordinates":[[19.22637,49.86786],[19.22642,49.8677]]}},{"type":"Feature","properties":{"numer":"510074K","klasa":"droga lokalna","kat":"powiatowa"},"geometry":{"type":"LineString","coordinates":[[19.22294,49.86788],[19.22223,49.86843]]}},{"type":"Feature","properties":{"numer":"52","klasa":"droga gĹ‚Ăłwna ruchu przyĹ›pieszonego","kat":"krajowa"},"geometry":{"type":"LineString","coordinates":[[19.22613,49.86864],[19.22637,49.86786]]}},{"type":"Feature","properties":{"numer":"1854K","klasa":"","kat":"powiatowa"},"geometry":{"type":"LineString","coordinates":[[19.24966,49.86698],[19.25526,49.86976],[19.25574,49.86991],[19.25633,49.86999]]}},{"type":"Feature","properties":{"numer":"510074K","klasa":"droga lokalna","kat":"powiatowa"},"geometry":{"type":"LineString","coordinates":[[19.22223,49.86843],[19.2219,49.8688]]}},{"type":"Feature","properties":{"numer":"1854K","klasa":"","kat":"powiatowa"},"geometry":{"type":"LineString","coordinates":[[19.24592,49.87052],[19.2474,49.86961],[19.24924,49.86832],[19.24966,49.86698]]}},{"type":"Feature","properties":{"numer":"510074K","klasa":"droga lokalna","kat":"powiatowa"},"geometry":{"type":"LineString","coordinates":[[19.22182,49.86889],[19.2219,49.8688]]}},{"type":"Feature","properties":{"numer":"510074K","klasa":"droga lokalna","kat":"powiatowa"},"geometry":{"type":"LineString","coordinates":[[19.22147,49.86918],[19.22182,49.86889]]}},{"type":"Feature","properties":{"numer":"510074K","klasa":"droga lokalna","kat":"powiatowa"},"geometry":{"type":"LineString","coordinates":[[19.22134,49.86927],[19.22147,49.86918]]}},{"type":"Feature","properties":{"numer":"510074K","klasa":"droga lokalna","kat":"powiatowa"},"geometry":{"type":"LineString","coordinates":[[19.22113,49.86941],[19.22134,49.86927]]}},{"type":"Feature","properties":{"numer":"510024K,52","klasa":"droga gĹ‚Ăłwna ruchu przyĹ›pieszonego","kat":"powiatowa"},"geometry":{"type":"LineString","coordinates":[[19.22458,49.87425],[19.22613,49.86864]]}},{"type":"Feature","properties":{"numer":"1817K","klasa":"","kat":"powiatowa"},"geometry":{"type":"LineString","coordinates":[[19.25633,49.86999],[19.25686,49.8717],[19.25706,49.87204],[19.25843,49.87382],[19.26059,49.87583],[19.26106,49.87745],[19.26114,49.87839],[19.26205,49.87952]]}},{"type":"Feature","properties":{"numer":"1854K","klasa":"","kat":"powiatowa"},"geometry":{"type":"LineString","coordinates":[[19.24131,49.88215],[19.24178,49.88138],[19.2419,49.88033],[19.24212,49.8797],[19.24246,49.87918],[19.24312,49.8786],[19.24321,49.87805],[19.24352,49.87768],[19.24338,49.87671],[19.24293,49.8764],[19.24294,49.87609],[19.24533,49.87129],[19.24592,49.87052]]}},{"type":"Feature","properties":{"numer":"52","klasa":"droga gĹ‚Ăłwna ruchu przyĹ›pieszonego","kat":"krajowa"},"geometry":{"type":"LineString","coordinates":[[19.22342,49.87846],[19.22458,49.87425]]}},{"type":"Feature","properties":{"numer":"1853K","klasa":"","kat":"powiatowa"},"geometry":{"type":"LineString","coordinates":[[19.23906,49.88247],[19.23912,49.88167],[19.24062,49.87973],[19.24152,49.87887],[19.24201,49.87765],[19.24165,49.87638],[19.24042,49.87483],[19.24043,49.87458],[19.2409,49.8732],[19.24086,49.87257],[19.24098,49.87205],[19.24077,49.87132],[19.24081,49.8709],[19.24091,49.87083],[19.24164,49.87087],[19.24592,49.87052]]}},{"type":"Feature","properties":{"numer":"52","klasa":"droga gĹ‚Ăłwna ruchu przyĹ›pieszonego","kat":"krajowa"},"geometry":{"type":"LineString","coordinates":[[19.22304,49.87982],[19.22342,49.87846]]}},{"type":"Feature","properties":{"numer":"52","klasa":"droga gĹ‚Ăłwna ruchu przyĹ›pieszonego","kat":"krajowa"},"geometry":{"type":"LineString","coordinates":[[19.22291,49.88032],[19.22304,49.87982]]}},{"type":"Feature","properties":{"numer":"52","klasa":"droga gĹ‚Ăłwna ruchu przyĹ›pieszonego","kat":"krajowa"},"geometry":{"type":"LineString","coordinates":[[19.25171,49.88081],[19.26205,49.87952]]}},{"type":"Feature","properties":{"numer":"1817K","klasa":"","kat":"powiatowa"},"geometry":{"type":"LineString","coordinates":[[19.2622,49.88113],[19.26205,49.87952]]}},{"type":"Feature","properties":{"numer":"52","klasa":"droga gĹ‚Ăłwna ruchu przyĹ›pieszonego","kat":"krajowa"},"geometry":{"type":"LineString","coordinates":[[19.22291,49.88032],[19.22286,49.88054]]}},{"type":"Feature","properties":{"numer":"510024K","klasa":"droga lokalna","kat":"powiatowa"},"geometry":{"type":"LineString","coordinates":[[19.22271,49.88099],[19.22286,49.88054]]}},{"type":"Feature","properties":{"numer":"52","klasa":"droga gĹ‚Ăłwna ruchu przyĹ›pieszonego","kat":"krajowa"},"geometry":{"type":"LineString","coordinates":[[19.2515,49.88084],[19.25171,49.88081]]}},{"type":"Feature","properties":{"numer":"510024K","klasa":"droga lokalna","kat":"powiatowa"},"geometry":{"type":"LineString","coordinates":[[19.22265,49.8812],[19.22271,49.88099]]}},{"type":"Feature","properties":{"numer":"1817K","klasa":"","kat":"powiatowa"},"geometry":{"type":"LineString","coordinates":[[19.26221,49.88121],[19.2622,49.88113]]}},{"type":"Feature","properties":{"numer":"510024K","klasa":"droga lokalna","kat":"powiatowa"},"geometry":{"type":"LineString","coordinates":[[19.22252,49.88176],[19.22265,49.8812]]}},{"type":"Feature","properties":{"numer":"52","klasa":"droga gĹ‚Ăłwna ruchu przyĹ›pieszonego","kat":"krajowa"},"geometry":{"type":"LineString","coordinates":[[19.24131,49.88215],[19.2515,49.88084]]}},{"type":"Feature","properties":{"numer":"510024K","klasa":"droga lokalna","kat":"powiatowa"},"geometry":{"type":"LineString","coordinates":[[19.22239,49.88252],[19.2225,49.88182]]}},{"type":"Feature","properties":{"numer":"52","klasa":"droga gĹ‚Ăłwna ruchu przyĹ›pieszonego","kat":"krajowa"},"geometry":{"type":"LineString","coordinates":[[19.22286,49.88054],[19.22473,49.88089],[19.22699,49.88116],[19.22834,49.88158],[19.22894,49.88196],[19.2295,49.8826],[19.22966,49.88304],[19.22974,49.88382]]}},{"type":"Feature","properties":{"numer":"52","klasa":"droga gĹ‚Ăłwna ruchu przyĹ›pieszonego","kat":"krajowa"},"geometry":{"type":"LineString","coordinates":[[19.23906,49.88247],[19.24131,49.88215]]}},{"type":"Feature","properties":{"numer":"510074K","klasa":"droga lokalna","kat":"powiatowa"},"geometry":{"type":"LineString","coordinates":[[19.21833,49.87051],[19.21933,49.87011]]}},{"type":"Feature","properties":{"numer":"510069K","klasa":"droga dojazdowa","kat":"powiatowa"},"geometry":{"type":"LineString","coordinates":[[19.19603,49.87066],[19.19615,49.87059],[19.19882,49.87059],[19.19936,49.87065]]}},{"type":"Feature","properties":{"numer":"510074K","klasa":"droga lokalna","kat":"powiatowa"},"geometry":{"type":"LineString","coordinates":[[19.2178,49.87087],[19.21833,49.87051]]}},{"type":"Feature","properties":{"numer":"1820K","klasa":"droga zbiorcza","kat":"powiatowa"},"geometry":{"type":"LineString","coordinates":[[19.19603,49.87066],[19.1959,49.87073],[19.19589,49.87086]]}},{"type":"Feature","properties":{"numer":"510069K","klasa":"droga dojazdowa","kat":"powiatowa"},"geometry":{"type":"LineString","coordinates":[[19.19936,49.87065],[19.200012515644577,49.87076161451815]]}},{"type":"Feature","properties":{"numer":"510069K","klasa":"droga dojazdowa","kat":"powiatowa"},"geometry":{"type":"LineString","coordinates":[[19.200190155210624,49.87081758314855],[19.2004,49.87093]]}},{"type":"Feature","properties":{"numer":"1820K","klasa":"droga zbiorcza","kat":"powiatowa"},"geometry":{"type":"LineString","coordinates":[[19.19589,49.87086],[19.19588,49.87095]]}},{"type":"Feature","properties":{"numer":"510069K","klasa":"droga dojazdowa","kat":"powiatowa"},"geometry":{"type":"LineString","coordinates":[[19.2004,49.87093],[19.20049,49.87094]]}},{"type":"Feature","properties":{"numer":"510069K","klasa":"droga dojazdowa","kat":"powiatowa"},"geometry":{"type":"LineString","coordinates":[[19.20049,49.87094],[19.200648617710574,49.87096203023758]]}},{"type":"Feature","properties":{"numer":"510074K","klasa":"droga lokalna","kat":"powiatowa"},"geometry":{"type":"LineString","coordinates":[[19.21733,49.87129],[19.2178,49.87087]]}},{"type":"Feature","properties":{"numer":"1820K","klasa":"","kat":"powiatowa"},"geometry":{"type":"LineString","coordinates":[[19.19588,49.87095],[19.19589,49.87124]]}},{"type":"Feature","properties":{"numer":"510074K","klasa":"droga lokalna","kat":"powiatowa"},"geometry":{"type":"LineString","coordinates":[[19.21595,49.87222],[19.21667,49.87182],[19.21733,49.87129]]}},{"type":"Feature","properties":{"numer":"510074K","klasa":"droga lokalna","kat":"powiatowa"},"geometry":{"type":"LineString","coordinates":[[19.2147,49.87259],[19.21595,49.87222]]}},{"type":"Feature","properties":{"numer":"510074K","klasa":"droga lokalna","kat":"powiatowa"},"geometry":{"type":"LineString","coordinates":[[19.21463,49.87261],[19.2147,49.87259]]}},{"type":"Feature","properties":{"numer":"510074K","klasa":"droga lokalna","kat":"powiatowa"},"geometry":{"type":"LineString","coordinates":[[19.21463,49.87261],[19.21453,49.87264]]}},{"type":"Feature","properties":{"numer":"1823K","klasa":"","kat":"powiatowa"},"geometry":{"type":"LineString","coordinates":[[19.21438,49.87324],[19.21461,49.87291],[19.21463,49.87261]]}},{"type":"Feature","properties":{"numer":"1820K","klasa":"droga zbiorcza","kat":"powiatowa"},"geometry":{"type":"LineString","coordinates":[[19.19589,49.87124],[19.19654,49.87315],[19.19719,49.874],[19.19729,49.87427],[19.19713,49.87635],[19.1969,49.87719]]}},{"type":"Feature","properties":{"numer":"510074K","klasa":"droga lokalna","kat":"powiatowa"},"geometry":{"type":"LineString","coordinates":[[19.21453,49.87264],[19.21132,49.87339],[19.20983,49.87409],[19.20877,49.87498],[19.2079,49.87648],[19.20739,49.87702]]}},{"type":"Feature","properties":{"numer":"1826K","klasa":"","kat":"powiatowa"},"geometry":{"type":"LineString","coordinates":[[19.21733,49.87129],[19.21772,49.87156],[19.21804,49.87196],[19.21824,49.87277],[19.21814,49.87476],[19.21825,49.88053],[19.21752,49.88223]]}},{"type":"Feature","properties":{"numer":"1823K","klasa":"","kat":"powiatowa"},"geometry":{"type":"LineString","coordinates":[[19.21092,49.8808],[19.21292,49.87892],[19.21354,49.87393],[19.21438,49.87324]]}},{"type":"Feature","properties":{"numer":"510022K","klasa":"droga lokalna","kat":"powiatowa"},"geometry":{"type":"LineString","coordinates":[[19.20634,49.87941],[19.20618,49.87879],[19.20629,49.87822],[19.20649,49.87788],[19.20739,49.87702]]}},{"type":"Feature","properties":{"numer":"1820K","klasa":"droga zbiorcza","kat":"powiatowa"},"geometry":{"type":"LineString","coordinates":[[19.1969,49.87719],[19.19638,49.87838],[19.19527,49.87934],[19.19528,49.87961],[19.19563,49.88011]]}},{"type":"Feature","properties":{"numer":"510022K","klasa":"droga lokalna","kat":"powiatowa"},"geometry":{"type":"LineString","coordinates":[[19.20634,49.87941],[19.20666,49.88014]]}},{"type":"Feature","properties":{"numer":"1820K","klasa":"droga zbiorcza","kat":"powiatowa"},"geometry":{"type":"LineString","coordinates":[[19.19563,49.88011],[19.19594,49.88018],[19.19763,49.88023]]}},{"type":"Feature","properties":{"numer":"1819K","klasa":"droga zbiorcza","kat":"powiatowa"},"geometry":{"type":"LineString","coordinates":[[19.19534,49.88029],[19.19563,49.88011]]}},{"type":"Feature","properties":{"numer":"1820K","klasa":"droga zbiorcza","kat":"powiatowa"},"geometry":{"type":"LineString","coordinates":[[19.19763,49.88023],[19.20023,49.8803]]}},{"type":"Feature","properties":{"numer":"510022K","klasa":"","kat":"powiatowa"},"geometry":{"type":"LineString","coordinates":[[19.20666,49.88014],[19.20666,49.88048]]}},{"type":"Feature","properties":{"numer":"1820K","klasa":"droga zbiorcza","kat":"powiatowa"},"geometry":{"type":"LineString","coordinates":[[19.20023,49.8803],[19.2061,49.88046]]}},{"type":"Feature","properties":{"numer":"1820K","klasa":"droga zbiorcza","kat":"powiatowa"},"geometry":{"type":"LineString","coordinates":[[19.2061,49.88046],[19.20666,49.88048]]}},{"type":"Feature","properties":{"numer":"1820K","klasa":"droga zbiorcza","kat":"powiatowa"},"geometry":{"type":"LineString","coordinates":[[19.20666,49.88048],[19.20714,49.88049]]}},{"type":"Feature","properties":{"numer":"1820K","klasa":"droga zbiorcza","kat":"powiatowa"},"geometry":{"type":"LineString","coordinates":[[19.20714,49.88049],[19.20979,49.88057],[19.21092,49.8808]]}},{"type":"Feature","properties":{"numer":"","klasa":"","kat":"gminna"},"geometry":{"type":"LineString","coordinates":[[19.20664,49.88084],[19.20666,49.88048]]}},{"type":"Feature","properties":{"numer":"","klasa":"droga lokalna","kat":"gminna"},"geometry":{"type":"LineString","coordinates":[[19.20658,49.88175],[19.20664,49.88084]]}},{"type":"Feature","properties":{"numer":"1820K","klasa":"droga zbiorcza","kat":"powiatowa"},"geometry":{"type":"LineString","coordinates":[[19.21092,49.8808],[19.21569,49.88166],[19.21752,49.88223]]}},{"type":"Feature","properties":{"numer":"","klasa":"droga lokalna","kat":"gminna"},"geometry":{"type":"LineString","coordinates":[[19.20653,49.88242],[19.20658,49.88175]]}},{"type":"Feature","properties":{"numer":"1819K","klasa":"droga zbiorcza","kat":"powiatowa"},"geometry":{"type":"LineString","coordinates":[[19.19015,49.88454],[19.1908,49.88442],[19.19114,49.88419],[19.19136,49.88387],[19.19134,49.88353],[19.19091,49.88277],[19.19087,49.88239],[19.19098,49.88216],[19.19188,49.88169],[19.19467,49.88077],[19.19534,49.88029]]}},{"type":"Feature","properties":{"numer":"","klasa":"droga lokalna","kat":"gminna"},"geometry":{"type":"LineString","coordinates":[[19.20652,49.88248],[19.20653,49.88242]]}},{"type":"Feature","properties":{"numer":"1820K","klasa":"droga zbiorcza","kat":"powiatowa"},"geometry":{"type":"LineString","coordinates":[[19.21752,49.88223],[19.22095,49.88293]]}},{"type":"Feature","properties":{"numer":"","klasa":"droga lokalna","kat":"gminna"},"geometry":{"type":"LineString","coordinates":[[19.20646,49.88315],[19.20652,49.88248]]}},{"type":"Feature","properties":{"numer":"","klasa":"droga lokalna","kat":"gminna"},"geometry":{"type":"LineString","coordinates":[[19.20641,49.88382],[19.20646,49.88315]]}},{"type":"Feature","properties":{"numer":"1820K","klasa":"droga zbiorcza","kat":"powiatowa"},"geometry":{"type":"LineString","coordinates":[[19.22077,49.88376],[19.22087,49.88368]]}},{"type":"Feature","properties":{"numer":"1820K","klasa":"droga zbiorcza","kat":"powiatowa"},"geometry":{"type":"LineString","coordinates":[[19.22,49.88526],[19.22006,49.88486],[19.22077,49.88376]]}},{"type":"Feature","properties":{"numer":"1819K","klasa":"droga zbiorcza","kat":"powiatowa"},"geometry":{"type":"LineString","coordinates":[[19.19014612903226,49.88454],[19.19015,49.88454]]}},{"type":"Feature","properties":{"numer":"1833K","klasa":"","kat":"powiatowa"},"geometry":{"type":"LineString","coordinates":[[19.21603,49.88639],[19.21681,49.88601],[19.21908,49.88542],[19.22,49.88526]]}},{"type":"Feature","properties":{"numer":"1820K","klasa":"droga zbiorcza","kat":"powiatowa"},"geometry":{"type":"LineString","coordinates":[[19.2195,49.88949],[19.21999,49.88638],[19.22,49.88526]]}},{"type":"Feature","properties":{"numer":"1820K","klasa":"droga zbiorcza","kat":"powiatowa"},"geometry":{"type":"LineString","coordinates":[[19.2195,49.88949],[19.21915,49.89132]]}},{"type":"Feature","properties":{"numer":"","klasa":"droga wewnÄ™trzna","kat":"gminna"},"geometry":{"type":"LineString","coordinates":[[19.21846,49.89147],[19.21897,49.89136]]}},{"type":"Feature","properties":{"numer":"","klasa":"droga wewnÄ™trzna","kat":"gminna"},"geometry":{"type":"LineString","coordinates":[[19.21549,49.89183],[19.21846,49.89147]]}},{"type":"Feature","properties":{"numer":"1834K","klasa":"","kat":"powiatowa"},"geometry":{"type":"LineString","coordinates":[[19.20855,49.89729],[19.20935,49.89614],[19.21106,49.89461],[19.2126,49.89136],[19.21272,49.8907],[19.21314,49.88978],[19.21523,49.88748],[19.21603,49.88639]]}},{"type":"Feature","properties":{"numer":"","klasa":"droga wewnÄ™trzna","kat":"gminna"},"geometry":{"type":"LineString","coordinates":[[19.21231,49.89197],[19.2136,49.89201],[19.21549,49.89183]]}},{"type":"Feature","properties":{"numer":"948","klasa":"droga gĹ‚Ăłwna","kat":"wojewodzka"},"geometry":{"type":"LineString","coordinates":[[19.21779,49.8997],[19.21915,49.89132]]}},{"type":"Feature","properties":{"numer":"510054K","klasa":"droga dojazdowa","kat":"powiatowa"},"geometry":{"type":"LineString","coordinates":[[19.20855,49.89729],[19.20739,49.89884]]}},{"type":"Feature","properties":{"numer":"948","klasa":"droga gĹ‚Ăłwna","kat":"wojewodzka"},"geometry":{"type":"LineString","coordinates":[[19.21777,49.89981],[19.21779,49.8997]]}},{"type":"Feature","properties":{"numer":"510054K","klasa":"droga dojazdowa","kat":"powiatowa"},"geometry":{"type":"LineString","coordinates":[[19.20739,49.89884],[19.20648,49.90079]]}},{"type":"Feature","properties":{"numer":"510054K","klasa":"droga dojazdowa","kat":"powiatowa"},"geometry":{"type":"LineString","coordinates":[[19.20573,49.90333],[19.20651,49.90218],[19.20648,49.90079]]}},{"type":"Feature","properties":{"numer":"948","klasa":"droga gĹ‚Ăłwna","kat":"wojewodzka"},"geometry":{"type":"LineString","coordinates":[[19.21668,49.90636],[19.21777,49.89981]]}},{"type":"Feature","properties":{"numer":"510054K","klasa":"droga dojazdowa","kat":"powiatowa"},"geometry":{"type":"LineString","coordinates":[[19.20646,49.90436],[19.20573,49.90333]]}},{"type":"Feature","properties":{"numer":"510054K","klasa":"droga dojazdowa","kat":"powiatowa"},"geometry":{"type":"LineString","coordinates":[[19.20647,49.90445],[19.20629,49.90509],[19.20627,49.90591],[19.20601,49.90653]]}},{"type":"Feature","properties":{"numer":"","klasa":"droga gĹ‚Ăłwna","kat":"gminna"},"geometry":{"type":"LineString","coordinates":[[19.21668,49.90636],[19.21655,49.90673]]}},{"type":"Feature","properties":{"numer":"510054K","klasa":"droga dojazdowa","kat":"powiatowa"},"geometry":{"type":"LineString","coordinates":[[19.20601,49.90653],[19.2059,49.90672]]}},{"type":"Feature","properties":{"numer":"","klasa":"droga zbiorcza","kat":"powiatowa"},"geometry":{"type":"LineString","coordinates":[[19.21718,49.90663],[19.21655,49.90673]]}},{"type":"Feature","properties":{"numer":"510057K","klasa":"droga lokalna","kat":"powiatowa"},"geometry":{"type":"LineString","coordinates":[[19.22072,49.90659],[19.22022,49.90704]]}},{"type":"Feature","properties":{"numer":"1859K","klasa":"droga zbiorcza","kat":"powiatowa"},"geometry":{"type":"LineString","coordinates":[[19.21718,49.90663],[19.21747,49.90658],[19.21809,49.90665],[19.22007,49.90719]]}},{"type":"Feature","properties":{"numer":"","klasa":"droga gĹ‚Ăłwna","kat":"gminna"},"geometry":{"type":"LineString","coordinates":[[19.21655,49.90673],[19.21655,49.90705]]}},{"type":"Feature","properties":{"numer":"52","klasa":"droga gĹ‚Ăłwna ruchu przyĹ›pieszonego","kat":"krajowa"},"geometry":{"type":"LineString","coordinates":[[19.23786,49.88264],[19.23906,49.88247]]}},{"type":"Feature","properties":{"numer":"510024K","klasa":"droga lokalna","kat":"powiatowa"},"geometry":{"type":"LineString","coordinates":[[19.22214,49.88314],[19.22239,49.88252]]}},{"type":"Feature","properties":{"numer":"52","klasa":"droga gĹ‚Ăłwna ruchu przyĹ›pieszonego","kat":"krajowa"},"geometry":{"type":"LineString","coordinates":[[19.23498,49.88306],[19.23786,49.88264]]}},{"type":"Feature","properties":{"numer":"1820K","klasa":"droga zbiorcza","kat":"powiatowa"},"geometry":{"type":"LineString","coordinates":[[19.22095,49.88293],[19.2214,49.88307]]}},{"type":"Feature","properties":{"numer":"1820K","klasa":"droga zbiorcza","kat":"powiatowa"},"geometry":{"type":"LineString","coordinates":[[19.22104,49.88316],[19.22105,49.88301],[19.22095,49.88293]]}},{"type":"Feature","properties":{"numer":"1840K","klasa":"droga zbiorcza","kat":"powiatowa"},"geometry":{"type":"LineString","coordinates":[[19.2214,49.88307],[19.22175,49.88314]]}},{"type":"Feature","properties":{"numer":"1840K","klasa":"droga zbiorcza","kat":"powiatowa"},"geometry":{"type":"LineString","coordinates":[[19.22104,49.88316],[19.2214,49.88307]]}},{"type":"Feature","properties":{"numer":"510023K","klasa":"droga lokalna","kat":"powiatowa"},"geometry":{"type":"LineString","coordinates":[[19.22175,49.88314],[19.22214,49.88314]]}},{"type":"Feature","properties":{"numer":"510023K","klasa":"droga lokalna","kat":"powiatowa"},"geometry":{"type":"LineString","coordinates":[[19.22214,49.88314],[19.22323,49.8833]]}},{"type":"Feature","properties":{"numer":"1846K","klasa":"droga zbiorcza","kat":"powiatowa"},"geometry":{"type":"LineString","coordinates":[[19.23786,49.88264],[19.23835,49.88384]]}},{"type":"Feature","properties":{"numer":"510024K","klasa":"droga lokalna","kat":"powiatowa"},"geometry":{"type":"LineString","coordinates":[[19.22201,49.88342],[19.22214,49.88314]]}},{"type":"Feature","properties":{"numer":"1840K","klasa":"droga zbiorcza","kat":"powiatowa"},"geometry":{"type":"LineString","coordinates":[[19.22175,49.88314],[19.22198,49.88323],[19.22201,49.88342]]}},{"type":"Feature","properties":{"numer":"1820K","klasa":"droga zbiorcza","kat":"powiatowa"},"geometry":{"type":"LineString","coordinates":[[19.22087,49.88368],[19.22104,49.88316]]}},{"type":"Feature","properties":{"numer":"52","klasa":"droga gĹ‚Ăłwna ruchu przyĹ›pieszonego","kat":"krajowa"},"geometry":{"type":"LineString","coordinates":[[19.22974,49.88382],[19.23498,49.88306]]}},{"type":"Feature","properties":{"numer":"1840K","klasa":"droga zbiorcza","kat":"powiatowa"},"geometry":{"type":"LineString","coordinates":[[19.22201,49.88342],[19.22186,49.88373],[19.22154,49.88378]]}},{"type":"Feature","properties":{"numer":"1840K","klasa":"droga zbiorcza","kat":"powiatowa"},"geometry":{"type":"LineString","coordinates":[[19.22154,49.88378],[19.22087,49.88368]]}},{"type":"Feature","properties":{"numer":"510023K","klasa":"droga gĹ‚Ăłwna ruchu przyĹ›pieszonego","kat":"powiatowa"},"geometry":{"type":"LineString","coordinates":[[19.22974,49.88382],[19.22955,49.88385]]}},{"type":"Feature","properties":{"numer":"948","klasa":"droga gĹ‚Ăłwna ruchu przyĹ›pieszonego","kat":"wojewodzka"},"geometry":{"type":"LineString","coordinates":[[19.22974,49.88382],[19.22977,49.88395]]}},{"type":"Feature","properties":{"numer":"1844K","klasa":"","kat":"powiatowa"},"geometry":{"type":"LineString","coordinates":[[19.23087,49.88495],[19.23281,49.88485],[19.23399,49.88453],[19.23835,49.88384]]}},{"type":"Feature","properties":{"numer":"948","klasa":"droga gĹ‚Ăłwna","kat":"wojewodzka"},"geometry":{"type":"LineString","coordinates":[[19.22977,49.88395],[19.22992,49.885]]}},{"type":"Feature","properties":{"numer":"1846K","klasa":"droga zbiorcza","kat":"powiatowa"},"geometry":{"type":"LineString","coordinates":[[19.23835,49.88384],[19.23914,49.88475],[19.23983,49.88518],[19.24033,49.88521],[19.24249,49.88482],[19.24309,49.88484]]}},{"type":"Feature","properties":{"numer":"1846K","klasa":"droga zbiorcza","kat":"powiatowa"},"geometry":{"type":"LineString","coordinates":[[19.24309,49.88484],[19.24329,49.88492]]}},{"type":"Feature","properties":{"numer":"1844K","klasa":"","kat":"powiatowa"},"geometry":{"type":"LineString","coordinates":[[19.23087,49.88495],[19.23077,49.88495]]}},{"type":"Feature","properties":{"numer":"1844K","klasa":"","kat":"powiatowa"},"geometry":{"type":"LineString","coordinates":[[19.23077,49.88495],[19.22992,49.885]]}},{"type":"Feature","properties":{"numer":"948","klasa":"droga gĹ‚Ăłwna","kat":"wojewodzka"},"geometry":{"type":"LineString","coordinates":[[19.22992,49.885],[19.23017,49.88628],[19.23006,49.88703],[19.2302,49.88811],[19.23003,49.88935]]}},{"type":"Feature","properties":{"numer":"1842K","klasa":"","kat":"powiatowa"},"geometry":{"type":"LineString","coordinates":[[19.22205,49.88397],[19.22176,49.88666],[19.22182,49.88737],[19.22283,49.89013],[19.22355,49.89074],[19.2239,49.89123]]}},{"type":"Feature","properties":{"numer":"948","klasa":"droga gĹ‚Ăłwna","kat":"wojewodzka"},"geometry":{"type":"LineString","coordinates":[[19.23003,49.88935],[19.22985,49.89055],[19.22887,49.89073],[19.22554,49.89112],[19.2239,49.89123]]}},{"type":"Feature","properties":{"numer":"948","klasa":"droga gĹ‚Ăłwna","kat":"wojewodzka"},"geometry":{"type":"LineString","coordinates":[[19.21915,49.89132],[19.222,49.89112],[19.2239,49.89123]]}},{"type":"Feature","properties":{"numer":"1846K","klasa":"droga zbiorcza","kat":"powiatowa"},"geometry":{"type":"LineString","coordinates":[[19.24329,49.88492],[19.24564,49.88749],[19.24685,49.88977],[19.24717,49.89015],[19.24806,49.89074],[19.25157,49.89221],[19.25343,49.89387],[19.2549,49.89451],[19.25718,49.89587],[19.25778,49.89628],[19.25847,49.89706],[19.26022,49.89795],[19.26096,49.89842],[19.26174,49.89951],[19.26243,49.90149],[19.26304,49.90197]]}},{"type":"Feature","properties":{"numer":"1842K","klasa":"","kat":"powiatowa"},"geometry":{"type":"LineString","coordinates":[[19.2239,49.89123],[19.22459,49.89314],[19.22468,49.89398],[19.22594,49.8988]]}},{"type":"Feature","properties":{"numer":"510057K","klasa":"droga lokalna","kat":"powiatowa"},"geometry":{"type":"LineString","coordinates":[[19.22602,49.89896],[19.22594,49.8988]]}},{"type":"Feature","properties":{"numer":"510057K","klasa":"droga lokalna","kat":"powiatowa"},"geometry":{"type":"LineString","coordinates":[[19.22641,49.89943],[19.22602,49.89896]]}},{"type":"Feature","properties":{"numer":"510057K","klasa":"droga lokalna","kat":"powiatowa"},"geometry":{"type":"LineString","coordinates":[[19.22693,49.90003],[19.22641,49.89943]]}},{"type":"Feature","properties":{"numer":"510057K","klasa":"droga lokalna","kat":"powiatowa"},"geometry":{"type":"LineString","coordinates":[[19.22693,49.90003],[19.2272,49.90039]]}},{"type":"Feature","properties":{"numer":"510057K","klasa":"droga lokalna","kat":"powiatowa"},"geometry":{"type":"LineString","coordinates":[[19.2272,49.90039],[19.22749,49.90081],[19.22762,49.90127]]}},{"type":"Feature","properties":{"numer":"510057K","klasa":"droga lokalna","kat":"powiatowa"},"geometry":{"type":"LineString","coordinates":[[19.22762,49.90127],[19.22768,49.90184],[19.22747,49.90282]]}},{"type":"Feature","properties":{"numer":"510057K","klasa":"droga lokalna","kat":"powiatowa"},"geometry":{"type":"LineString","coordinates":[[19.22747,49.90282],[19.22734,49.90314],[19.22712,49.90329],[19.22647,49.90349],[19.22578,49.90385],[19.22482,49.90401]]}},{"type":"Feature","properties":{"numer":"510057K","klasa":"droga lokalna","kat":"powiatowa"},"geometry":{"type":"LineString","coordinates":[[19.22482,49.90401],[19.22427,49.90437],[19.22313,49.90452],[19.22265,49.90487]]}},{"type":"Feature","properties":{"numer":"510057K","klasa":"droga lokalna","kat":"powiatowa"},"geometry":{"type":"LineString","coordinates":[[19.22265,49.90487],[19.22282,49.90513],[19.2228,49.90532]]}},{"type":"Feature","properties":{"numer":"510057K","klasa":"droga lokalna","kat":"powiatowa"},"geometry":{"type":"LineString","coordinates":[[19.2228,49.90532],[19.22227,49.90579],[19.22141,49.90606],[19.22117,49.90635],[19.22072,49.90659]]}},{"type":"Feature","properties":{"numer":"510053K","klasa":"droga lokalna","kat":"powiatowa"},"geometry":{"type":"LineString","coordinates":[[19.21463,49.90701],[19.21515,49.90695]]}},{"type":"Feature","properties":{"numer":"510054K","klasa":"droga dojazdowa","kat":"powiatowa"},"geometry":{"type":"LineString","coordinates":[[19.2059,49.90672],[19.20589,49.90699],[19.20621,49.90746]]}},{"type":"Feature","properties":{"numer":"510057K","klasa":"droga lokalna","kat":"powiatowa"},"geometry":{"type":"LineString","coordinates":[[19.22022,49.90704],[19.22007,49.90719]]}},{"type":"Feature","properties":{"numer":"510053K","klasa":"droga lokalna","kat":"powiatowa"},"geometry":{"type":"LineString","coordinates":[[19.21234,49.90725],[19.21463,49.90701]]}},{"type":"Feature","properties":{"numer":"510053K","klasa":"droga lokalna","kat":"powiatowa"},"geometry":{"type":"LineString","coordinates":[[19.20878,49.90722],[19.21043,49.90709],[19.21102,49.90713]]}},{"type":"Feature","properties":{"numer":"510053K","klasa":"droga lokalna","kat":"powiatowa"},"geometry":{"type":"LineString","coordinates":[[19.21102,49.90713],[19.21179,49.90728]]}},{"type":"Feature","properties":{"numer":"510053K","klasa":"droga lokalna","kat":"powiatowa"},"geometry":{"type":"LineString","coordinates":[[19.21179,49.90728],[19.21234,49.90725]]}},{"type":"Feature","properties":{"numer":"510053K","klasa":"droga lokalna","kat":"powiatowa"},"geometry":{"type":"LineString","coordinates":[[19.20621,49.90746],[19.20657,49.90751],[19.20878,49.90722]]}},{"type":"Feature","properties":{"numer":"948","klasa":"droga gĹ‚Ăłwna","kat":"wojewodzka"},"geometry":{"type":"LineString","coordinates":[[19.21502,49.9166],[19.21501,49.91589],[19.21655,49.90705]]}},{"type":"Feature","properties":{"numer":"1861K","klasa":"droga zbiorcza","kat":"powiatowa"},"geometry":{"type":"LineString","coordinates":[[19.21502,49.9166],[19.21582,49.91685],[19.22284,49.91853],[19.22437,49.91904]]}},{"type":"Feature","properties":{"numer":"1743K","klasa":"droga zbiorcza","kat":"powiatowa"},"geometry":{"type":"LineString","coordinates":[[19.332782463574652,49.92310961203101],[19.33263,49.92641],[19.33283,49.92676]]}},{"type":"Feature","properties":{"numer":"1758K","klasa":"droga zbiorcza","kat":"powiatowa"},"geometry":{"type":"LineString","coordinates":[[19.33283,49.92676],[19.34067,49.92356],[19.34131,49.92331],[19.34164,49.92327],[19.34556,49.92366],[19.3496,49.92493],[19.35195,49.9251],[19.35401,49.92538],[19.35502,49.92533],[19.356399449183087,49.92558015917828]]}},{"type":"Feature","properties":{"numer":"1758K","klasa":"droga zbiorcza","kat":"powiatowa"},"geometry":{"type":"LineString","coordinates":[[19.33231,49.92998],[19.33261,49.92701],[19.33283,49.92676]]}},{"type":"Feature","properties":{"numer":"1859K","klasa":"droga zbiorcza","kat":"powiatowa"},"geometry":{"type":"LineString","coordinates":[[19.22007,49.90719],[19.22136,49.90747],[19.22401,49.90785],[19.22924,49.90894]]}},{"type":"Feature","properties":{"numer":"1859K","klasa":"droga zbiorcza","kat":"powiatowa"},"geometry":{"type":"LineString","coordinates":[[19.22924,49.90894],[19.22936,49.90896]]}},{"type":"Feature","properties":{"numer":"1859K","klasa":"droga zbiorcza","kat":"powiatowa"},"geometry":{"type":"LineString","coordinates":[[19.22936,49.90896],[19.22951,49.90906],[19.22951,49.90971],[19.22913,49.91112],[19.23131,49.91295],[19.23314,49.91397],[19.23551,49.91473],[19.23615,49.91485],[19.23764,49.91477],[19.23831,49.91503],[19.23894,49.91556],[19.23911,49.91617],[19.23939,49.9165],[19.24175,49.91763],[19.24287,49.91835],[19.24471,49.91995],[19.24447,49.92015]]}},{"type":"Feature","properties":{"numer":"1861K","klasa":"droga zbiorcza","kat":"powiatowa"},"geometry":{"type":"LineString","coordinates":[[19.22437,49.91904],[19.22473,49.91917]]}},{"type":"Feature","properties":{"numer":"1859K","klasa":"droga zbiorcza","kat":"powiatowa"},"geometry":{"type":"LineString","coordinates":[[19.24447,49.92015],[19.2453,49.92104],[19.24503,49.92204]]}},{"type":"Feature","properties":{"numer":"1861K","klasa":"droga zbiorcza","kat":"powiatowa"},"geometry":{"type":"LineString","coordinates":[[19.22473,49.91917],[19.22654,49.91989],[19.22893,49.92204],[19.23064,49.92297],[19.2317,49.92301],[19.23303,49.92289],[19.23441,49.92314],[19.23557,49.92322],[19.23594,49.92318]]}},{"type":"Feature","properties":{"numer":"1860K","klasa":"","kat":"powiatowa"},"geometry":{"type":"LineString","coordinates":[[19.25062,49.92763],[19.25158,49.92694],[19.2527,49.92585],[19.25405,49.92494],[19.25473,49.92465],[19.25731,49.92414],[19.2576,49.92401],[19.25759,49.92382],[19.25686,49.92244],[19.25674,49.92202],[19.25746,49.91962],[19.25725,49.919],[19.25735,49.91885],[19.26716,49.91638],[19.27077,49.91596],[19.27331,49.91587],[19.27552,49.91565]]}},{"type":"Feature","properties":{"numer":"1862K","klasa":"droga zbiorcza","kat":"powiatowa"},"geometry":{"type":"LineString","coordinates":[[19.23594,49.92318],[19.23629,49.92294],[19.23721,49.92151],[19.23754,49.92125],[19.23994,49.92058],[19.24237,49.92062],[19.24361,49.92042],[19.24447,49.92015]]}},{"type":"Feature","properties":{"numer":"1859K","klasa":"droga zbiorcza","kat":"powiatowa"},"geometry":{"type":"LineString","coordinates":[[19.24509,49.92216],[19.24503,49.92204]]}},{"type":"Feature","properties":{"numer":"1862K","klasa":"droga zbiorcza","kat":"powiatowa"},"geometry":{"type":"LineString","coordinates":[[19.23593,49.92509],[19.23608,49.9243],[19.23594,49.92318]]}},{"type":"Feature","properties":{"numer":"1816K","klasa":"droga zbiorcza","kat":"powiatowa"},"geometry":{"type":"LineString","coordinates":[[19.26304,49.90197],[19.26389,49.9022],[19.26583,49.90241],[19.26639,49.9027],[19.26732,49.90336],[19.26807,49.90373],[19.26839,49.90402]]}},{"type":"Feature","properties":{"numer":"1816K","klasa":"droga zbiorcza","kat":"powiatowa"},"geometry":{"type":"LineString","coordinates":[[19.26839,49.90402],[19.26845,49.90408]]}},{"type":"Feature","properties":{"numer":"1757K","klasa":"droga zbiorcza","kat":"powiatowa"},"geometry":{"type":"LineString","coordinates":[[19.27796,49.90611],[19.28082,49.90582],[19.28334,49.90532],[19.28462,49.90466],[19.28659,49.90436],[19.2899,49.90348],[19.29296,49.90293],[19.29555,49.9031],[19.29824,49.90347],[19.301586478994803,49.90431886296454]]}},{"type":"Feature","properties":{"numer":"1816K","klasa":"droga zbiorcza","kat":"powiatowa"},"geometry":{"type":"LineString","coordinates":[[19.26845,49.90408],[19.26875,49.90428],[19.26966,49.90463],[19.26994,49.9054],[19.27033,49.90577],[19.27068,49.90595],[19.27238,49.90587],[19.27438,49.90606],[19.27796,49.90611]]}},{"type":"Feature","properties":{"numer":"1816K","klasa":"droga zbiorcza","kat":"powiatowa"},"geometry":{"type":"LineString","coordinates":[[19.27796,49.90611],[19.27777,49.907],[19.27749,49.90759],[19.27608,49.90902],[19.27574,49.90981],[19.27587,49.9122],[19.27545,49.91352],[19.27559,49.91488],[19.27552,49.91565]]}},{"type":"Feature","properties":{"numer":"1816K","klasa":"droga zbiorcza","kat":"powiatowa"},"geometry":{"type":"LineString","coordinates":[[19.27552,49.91565],[19.2751,49.91877],[19.27529,49.91947],[19.27593,49.92066],[19.27811,49.92211],[19.28212,49.92378],[19.28383,49.92478],[19.28436,49.92526],[19.28493,49.92621],[19.28576,49.92732],[19.28618,49.9277],[19.28676,49.92804]]}},{"type":"Feature","properties":{"numer":"1816K","klasa":"droga zbiorcza","kat":"powiatowa"},"geometry":{"type":"LineString","coordinates":[[19.28676,49.92804],[19.2869,49.9281]]}},{"type":"Feature","properties":{"numer":"1816K","klasa":"droga zbiorcza","kat":"powiatowa"},"geometry":{"type":"LineString","coordinates":[[19.2869,49.9281],[19.29088,49.92952],[19.2926,49.9306],[19.29474,49.93164],[19.30015,49.93386],[19.30141,49.93417],[19.30304,49.93514],[19.30444,49.93625],[19.30411,49.93727],[19.30409,49.93808],[19.30435,49.93882],[19.3053,49.94066]]}},{"type":"Feature","properties":{"numer":"1758K","klasa":"droga zbiorcza","kat":"powiatowa"},"geometry":{"type":"LineString","coordinates":[[19.30693,49.93984],[19.31007,49.93787]]}},{"type":"Feature","properties":{"numer":"1758K","klasa":"droga zbiorcza","kat":"powiatowa"},"geometry":{"type":"LineString","coordinates":[[19.30686,49.93987],[19.30693,49.93984]]}},{"type":"Feature","properties":{"numer":"1859K","klasa":"droga zbiorcza","kat":"powiatowa"},"geometry":{"type":"LineString","coordinates":[[19.24509,49.92216],[19.24554,49.92272],[19.24674,49.92351],[19.24732,49.92362],[19.24911,49.9236],[19.2496,49.92384],[19.24995,49.92474],[19.25062,49.92763]]}},{"type":"Feature","properties":{"numer":"1862K","klasa":"droga zbiorcza","kat":"powiatowa"},"geometry":{"type":"LineString","coordinates":[[19.23593,49.92509],[19.2359,49.92519]]}},{"type":"Feature","properties":{"numer":"1859K","klasa":"droga zbiorcza","kat":"powiatowa"},"geometry":{"type":"LineString","coordinates":[[19.25062,49.92763],[19.25075,49.92796],[19.25107,49.92835],[19.25214,49.92918]]}},{"type":"Feature","properties":{"numer":"1862K","klasa":"droga zbiorcza","kat":"powiatowa"},"geometry":{"type":"LineString","coordinates":[[19.2359,49.92519],[19.23571,49.9257],[19.23515,49.92657],[19.23429,49.92732],[19.23356,49.92926],[19.23347,49.93025],[19.23273,49.93176],[19.23247,49.93279],[19.23228,49.93405],[19.23256,49.9345]]}},{"type":"Feature","properties":{"numer":"1863K","klasa":"droga zbiorcza","kat":"powiatowa"},"geometry":{"type":"LineString","coordinates":[[19.23256,49.9345],[19.23312,49.93443],[19.23417,49.93443],[19.23839,49.93366],[19.23978,49.93326],[19.2412,49.93266],[19.24263,49.93122],[19.24439,49.93048],[19.24664,49.93025],[19.24932,49.92957],[19.25214,49.92918]]}},{"type":"Feature","properties":{"numer":"1863K","klasa":"droga zbiorcza","kat":"powiatowa"},"geometry":{"type":"LineString","coordinates":[[19.21979,49.94061],[19.22503,49.94138],[19.22713,49.9413],[19.22768,49.94117],[19.2318,49.93895],[19.23173,49.93734],[19.23209,49.9356],[19.23256,49.9345]]}},{"type":"Feature","properties":{"numer":"1859K","klasa":"droga zbiorcza","kat":"powiatowa"},"geometry":{"type":"LineString","coordinates":[[19.25214,49.92918],[19.25435,49.9315],[19.2551,49.93255],[19.25554,49.93337],[19.25594,49.93497],[19.25621,49.9374],[19.25793,49.94035],[19.25869,49.94596],[19.25888,49.94615],[19.26012,49.94667],[19.26047,49.94695],[19.26258,49.95043]]}},{"type":"Feature","properties":{"numer":"1758K,1859K","klasa":"droga zbiorcza","kat":"powiatowa"},"geometry":{"type":"LineString","coordinates":[[19.26258,49.95043],[19.2626,49.95053]]}},{"type":"Feature","properties":{"numer":"1758K,1859K","klasa":"droga zbiorcza","kat":"powiatowa"},"geometry":{"type":"LineString","coordinates":[[19.2626,49.95053],[19.26243,49.95057]]}},{"type":"Feature","properties":{"numer":"1758K,1859K","klasa":"droga zbiorcza","kat":"powiatowa"},"geometry":{"type":"LineString","coordinates":[[19.2626,49.95053],[19.26275,49.95059]]}},{"type":"Feature","properties":{"numer":"1912K","klasa":"","kat":"powiatowa"},"geometry":{"type":"LineString","coordinates":[[19.113519289644824,49.94334576288144],[19.11317,49.94391],[19.11186,49.94448],[19.11176,49.94467],[19.11288,49.94596],[19.11557,49.948],[19.11672,49.9497],[19.11684,49.95012],[19.11667,49.95056]]}},{"type":"Feature","properties":{"numer":"S1","klasa":"droga ekspresowa","kat":"krajowa"},"geometry":{"type":"LineString","coordinates":[[19.11298,49.95107],[19.11185,49.94992],[19.11103,49.94861],[19.11046,49.94743],[19.10943,49.94458],[19.10869914244186,49.94352431686047]]}},{"type":"Feature","properties":{"numer":"1872K","klasa":"droga zbiorcza","kat":"powiatowa"},"geometry":{"type":"LineString","coordinates":[[19.11298,49.95107],[19.11362,49.95098],[19.1149,49.95097],[19.11634,49.95052],[19.11667,49.95056]]}},{"type":"Feature","properties":{"numer":"1872K","klasa":"droga zbiorcza","kat":"powiatowa"},"geometry":{"type":"LineString","coordinates":[[19.10030444758206,49.95032732086128],[19.10058,49.95038],[19.102,49.95109],[19.10303,49.95181],[19.10428,49.95292],[19.10473,49.95308],[19.10622,49.9533],[19.10668,49.95329],[19.10748,49.95307],[19.1094,49.95187],[19.11,49.9516],[19.111,49.95136],[19.11298,49.95107]]}},{"type":"Feature","properties":{"numer":"S1","klasa":"droga ekspresowa","kat":"krajowa"},"geometry":{"type":"LineString","coordinates":[[19.11768,49.95416],[19.11425,49.95208],[19.11298,49.95107]]}},{"type":"Feature","properties":{"numer":"1872K","klasa":"droga zbiorcza","kat":"powiatowa"},"geometry":{"type":"LineString","coordinates":[[19.11667,49.95056],[19.11675,49.95076],[19.11644,49.95177],[19.11648,49.95211],[19.11738,49.95286],[19.11783,49.95378],[19.11877,49.95447],[19.11895,49.95491],[19.11936,49.95502],[19.12044,49.95496],[19.12377,49.95571]]}},{"type":"Feature","properties":{"numer":"933","klasa":"droga gĹ‚Ăłwna","kat":"wojewodzka"},"geometry":{"type":"LineString","coordinates":[[19.11040436237738,49.973136203115985],[19.111,49.97318]]}},{"type":"Feature","properties":{"numer":"933","klasa":"droga gĹ‚Ăłwna","kat":"wojewodzka"},"geometry":{"type":"LineString","coordinates":[[19.111,49.97318],[19.11673,49.97369],[19.12144,49.9752],[19.12237,49.97541],[19.12393,49.97546],[19.12637,49.97517]]}},{"type":"Feature","properties":{"numer":"","klasa":"droga wewnÄ™trzna","kat":"gminna"},"geometry":{"type":"LineString","coordinates":[[19.12291,49.97729],[19.12257,49.97723],[19.12089,49.97628],[19.11792,49.97403]]}},{"type":"Feature","properties":{"numer":"4485S","klasa":"droga zbiorcza","kat":"powiatowa"},"geometry":{"type":"LineString","coordinates":[[19.14613,49.93907],[19.146206547880478,49.93894180535679]]}},{"type":"Feature","properties":{"numer":"1873K","klasa":"droga zbiorcza","kat":"powiatowa"},"geometry":{"type":"LineString","coordinates":[[19.14401,49.94017],[19.14448,49.94008],[19.1449,49.93989],[19.14613,49.93907]]}},{"type":"Feature","properties":{"numer":"1873K","klasa":"droga zbiorcza","kat":"powiatowa"},"geometry":{"type":"LineString","coordinates":[[19.14099,49.93957],[19.14177,49.93962],[19.14338,49.94011],[19.14401,49.94017]]}},{"type":"Feature","properties":{"numer":"1876K","klasa":"droga gĹ‚Ăłwna","kat":"powiatowa"},"geometry":{"type":"LineString","coordinates":[[19.132591514486535,49.93991336349613],[19.13216,49.94161]]}},{"type":"Feature","properties":{"numer":"1912K","klasa":"","kat":"powiatowa"},"geometry":{"type":"LineString","coordinates":[[19.11502,49.94242],[19.1159,49.94211],[19.11653,49.94179],[19.11685,49.94153],[19.1172,49.94097],[19.11795,49.94058],[19.1188,49.94029],[19.11992,49.94004],[19.12236,49.93971],[19.12423,49.93972],[19.12548,49.93988],[19.1259,49.94007],[19.12652,49.94088],[19.12884,49.94105]]}},{"type":"Feature","properties":{"numer":"948","klasa":"droga gĹ‚Ăłwna","kat":"wojewodzka"},"geometry":{"type":"LineString","coordinates":[[19.21105,49.93885],[19.21469,49.91772],[19.21502,49.9166]]}},{"type":"Feature","properties":{"numer":"1863K","klasa":"droga zbiorcza","kat":"powiatowa"},"geometry":{"type":"LineString","coordinates":[[19.19759,49.93826],[19.19584,49.93855]]}},{"type":"Feature","properties":{"numer":"1863K","klasa":"droga zbiorcza","kat":"powiatowa"},"geometry":{"type":"LineString","coordinates":[[19.19759,49.93826],[19.19901,49.93805],[19.19956,49.93804],[19.20034,49.9382],[19.20181,49.93867],[19.2036,49.93853],[19.20445,49.93876],[19.20649,49.93803],[19.20696,49.93798],[19.21105,49.93885]]}},{"type":"Feature","properties":{"numer":"1863K","klasa":"droga zbiorcza","kat":"powiatowa"},"geometry":{"type":"LineString","coordinates":[[19.21947,49.94057],[19.21105,49.93885]]}},{"type":"Feature","properties":{"numer":"1863K","klasa":"droga zbiorcza","kat":"powiatowa"},"geometry":{"type":"LineString","coordinates":[[19.19584,49.93855],[19.19455,49.93884],[19.19149,49.9404],[19.18898,49.94106]]}},{"type":"Feature","properties":{"numer":"1863K","klasa":"droga zbiorcza","kat":"powiatowa"},"geometry":{"type":"LineString","coordinates":[[19.21947,49.94057],[19.21979,49.94061]]}},{"type":"Feature","properties":{"numer":"948","klasa":"droga gĹ‚Ăłwna","kat":"wojewodzka"},"geometry":{"type":"LineString","coordinates":[[19.21038,49.94296],[19.21105,49.93885]]}},{"type":"Feature","properties":{"numer":"1863K","klasa":"droga zbiorcza","kat":"powiatowa"},"geometry":{"type":"LineString","coordinates":[[19.18898,49.94106],[19.18817,49.94109],[19.18639,49.94099]]}},{"type":"Feature","properties":{"numer":"1863K","klasa":"droga zbiorcza","kat":"powiatowa"},"geometry":{"type":"LineString","coordinates":[[19.18831,49.94138],[19.18885,49.94119],[19.18898,49.94106]]}},{"type":"Feature","properties":{"numer":"948","klasa":"droga gĹ‚Ăłwna","kat":"wojewodzka"},"geometry":{"type":"LineString","coordinates":[[19.21033,49.94328],[19.21038,49.94296]]}},{"type":"Feature","properties":{"numer":"4491S","klasa":"","kat":"powiatowa"},"geometry":{"type":"LineString","coordinates":[[19.186136771653544,49.94099],[19.18639,49.94099]]}},{"type":"Feature","properties":{"numer":"1874K","klasa":"droga zbiorcza","kat":"powiatowa"},"geometry":{"type":"LineString","coordinates":[[19.1487,49.94208],[19.1507,49.94248],[19.15591,49.94285],[19.16072,49.94269]]}},{"type":"Feature","properties":{"numer":"4491S","klasa":"","kat":"powiatowa"},"geometry":{"type":"LineString","coordinates":[[19.16074,49.94269],[19.1607494205052,49.9426885141159]]}},{"type":"Feature","properties":{"numer":"1874K","klasa":"droga zbiorcza","kat":"powiatowa"},"geometry":{"type":"LineString","coordinates":[[19.16072,49.94269],[19.16074,49.94269]]}},{"type":"Feature","properties":{"numer":"1872K","klasa":"droga zbiorcza","kat":"powiatowa"},"geometry":{"type":"LineString","coordinates":[[19.13914,49.95938],[19.14179,49.959],[19.14296,49.95873],[19.14441,49.95851],[19.14662,49.95777],[19.14791,49.95752],[19.14885,49.95708],[19.14962,49.95659],[19.15098,49.95597],[19.15294,49.95435],[19.15344,49.95361],[19.15494,49.95305],[19.15568,49.95315],[19.15599,49.95328],[19.15777,49.95447],[19.15869,49.95432],[19.15937,49.95504],[19.16131,49.95618],[19.16148,49.95621],[19.16248,49.95602],[19.16264,49.95605],[19.16304,49.95672]]}},{"type":"Feature","properties":{"numer":"1872K","klasa":"droga zbiorcza","kat":"powiatowa"},"geometry":{"type":"LineString","coordinates":[[19.16327,49.95884],[19.16271,49.95921],[19.16254,49.95999]]}},{"type":"Feature","properties":{"numer":"949","klasa":"droga gĹ‚Ăłwna","kat":"wojewodzka"},"geometry":{"type":"LineString","coordinates":[[19.16254,49.95999],[19.16476,49.96075],[19.1654,49.96089],[19.16612,49.96093],[19.17875,49.96104],[19.18827,49.96044],[19.19185,49.9611]]}},{"type":"Feature","properties":{"numer":"949","klasa":"droga gĹ‚Ăłwna","kat":"wojewodzka"},"geometry":{"type":"LineString","coordinates":[[19.152,49.9625],[19.15436,49.96142],[19.16045,49.96018],[19.16196,49.95996],[19.16254,49.95999]]}},{"type":"Feature","properties":{"numer":"1874K","klasa":"droga zbiorcza","kat":"powiatowa"},"geometry":{"type":"LineString","coordinates":[[19.14401,49.94017],[19.14421,49.9404],[19.14541,49.94129],[19.1487,49.94208]]}},{"type":"Feature","properties":{"numer":"1912K","klasa":"","kat":"powiatowa"},"geometry":{"type":"LineString","coordinates":[[19.12884,49.94105],[19.12987,49.94112],[19.13216,49.94161]]}},{"type":"Feature","properties":{"numer":"1876K","klasa":"droga gĹ‚Ăłwna","kat":"powiatowa"},"geometry":{"type":"LineString","coordinates":[[19.13216,49.94161],[19.13262,49.94438],[19.13283,49.94464],[19.13337,49.94496],[19.13358,49.9452],[19.13505,49.9482],[19.13526,49.9495],[19.13523,49.95025],[19.13511,49.9508],[19.13464,49.95152],[19.13457,49.95192],[19.13509,49.95342],[19.13582,49.95431]]}},{"type":"Feature","properties":{"numer":"1875K","klasa":"","kat":"powiatowa"},"geometry":{"type":"LineString","coordinates":[[19.13699,49.95589],[19.13764,49.95579],[19.13782,49.95569],[19.13985,49.95363],[19.14433,49.95129],[19.14756,49.94861],[19.14769,49.9483],[19.14752,49.94723],[19.14775,49.94562],[19.14812,49.94372],[19.1487,49.94208]]}},{"type":"Feature","properties":{"numer":"1876K","klasa":"droga gĹ‚Ăłwna","kat":"powiatowa"},"geometry":{"type":"LineString","coordinates":[[19.13582,49.95431],[19.13591,49.95439]]}},{"type":"Feature","properties":{"numer":"1876K","klasa":"droga gĹ‚Ăłwna","kat":"powiatowa"},"geometry":{"type":"LineString","coordinates":[[19.13591,49.95439],[19.13665,49.95519],[19.13699,49.95589]]}},{"type":"Feature","properties":{"numer":"1872K","klasa":"droga zbiorcza","kat":"powiatowa"},"geometry":{"type":"LineString","coordinates":[[19.12377,49.95571],[19.12408,49.95566]]}},{"type":"Feature","properties":{"numer":"1876K","klasa":"droga gĹ‚Ăłwna","kat":"powiatowa"},"geometry":{"type":"LineString","coordinates":[[19.13699,49.95589],[19.13743,49.95796]]}},{"type":"Feature","properties":{"numer":"1872K","klasa":"droga zbiorcza","kat":"powiatowa"},"geometry":{"type":"LineString","coordinates":[[19.12408,49.95566],[19.12433,49.95577],[19.1246,49.95621],[19.12504,49.95641],[19.12832,49.95667],[19.12982,49.95673],[19.13215,49.95798],[19.13313,49.95829],[19.13434,49.95833],[19.13743,49.95796]]}},{"type":"Feature","properties":{"numer":"1872K,1876K","klasa":"droga gĹ‚Ăłwna","kat":"powiatowa"},"geometry":{"type":"LineString","coordinates":[[19.13743,49.95796],[19.13872,49.95873],[19.13901,49.95902],[19.13914,49.95938]]}},{"type":"Feature","properties":{"numer":"948","klasa":"droga gĹ‚Ăłwna","kat":"wojewodzka"},"geometry":{"type":"LineString","coordinates":[[19.21033,49.94328],[19.20933,49.94917],[19.20937,49.94999],[19.20989,49.95112],[19.21416,49.95858]]}},{"type":"Feature","properties":{"numer":"1868K","klasa":"droga zbiorcza","kat":"powiatowa"},"geometry":{"type":"LineString","coordinates":[[19.184670672438994,49.95012099104164],[19.18481,49.95024],[19.18646,49.95206],[19.18824,49.95331],[19.19026,49.95502],[19.19289,49.95833],[19.193,49.9587],[19.19288,49.95903],[19.19202,49.95975],[19.19178,49.96015],[19.19172,49.96055],[19.19185,49.9611]]}},{"type":"Feature","properties":{"numer":"948","klasa":"droga gĹ‚Ăłwna","kat":"wojewodzka"},"geometry":{"type":"LineString","coordinates":[[19.21416,49.95858],[19.21419,49.95862]]}},{"type":"Feature","properties":{"numer":"948","klasa":"droga gĹ‚Ăłwna","kat":"wojewodzka"},"geometry":{"type":"LineString","coordinates":[[19.21419,49.95862],[19.21732,49.96405]]}},{"type":"Feature","properties":{"numer":"949","klasa":"droga gĹ‚Ăłwna","kat":"wojewodzka"},"geometry":{"type":"LineString","coordinates":[[19.19185,49.9611],[19.20728,49.96407],[19.20873,49.96426],[19.21015,49.96425]]}},{"type":"Feature","properties":{"numer":"949","klasa":"droga gĹ‚Ăłwna","kat":"wojewodzka"},"geometry":{"type":"LineString","coordinates":[[19.21202,49.9642],[19.21732,49.96405]]}},{"type":"Feature","properties":{"numer":"949","klasa":"droga gĹ‚Ăłwna","kat":"wojewodzka"},"geometry":{"type":"LineString","coordinates":[[19.21015,49.96425],[19.21202,49.9642]]}},{"type":"Feature","properties":{"numer":"948,949","klasa":"droga gĹ‚Ăłwna","kat":"gminna"},"geometry":{"type":"LineString","coordinates":[[19.21732,49.96405],[19.21769,49.96474]]}},{"type":"Feature","properties":{"numer":"948,949","klasa":"droga gĹ‚Ăłwna","kat":"gminna"},"geometry":{"type":"LineString","coordinates":[[19.21867,49.96655],[19.21769,49.96474]]}},{"type":"Feature","properties":{"numer":"949","klasa":"droga gĹ‚Ăłwna","kat":"wojewodzka"},"geometry":{"type":"LineString","coordinates":[[19.21985,49.96643],[19.21976,49.96648]]}},{"type":"Feature","properties":{"numer":"1876K","klasa":"droga gĹ‚Ăłwna","kat":"powiatowa"},"geometry":{"type":"LineString","coordinates":[[19.13914,49.95938],[19.13897,49.96059],[19.13898,49.96132]]}},{"type":"Feature","properties":{"numer":"1876K","klasa":"droga gĹ‚Ăłwna","kat":"powiatowa"},"geometry":{"type":"LineString","coordinates":[[19.13898,49.96132],[19.13902,49.96178]]}},{"type":"Feature","properties":{"numer":"1876K","klasa":"droga gĹ‚Ăłwna","kat":"powiatowa"},"geometry":{"type":"LineString","coordinates":[[19.13902,49.96178],[19.13905,49.96188]]}},{"type":"Feature","properties":{"numer":"949","klasa":"droga gĹ‚Ăłwna","kat":"wojewodzka"},"geometry":{"type":"LineString","coordinates":[[19.13905,49.96188],[19.14118,49.96175],[19.14257,49.96181],[19.1439,49.96196],[19.14519,49.96185],[19.14602,49.96186],[19.14722,49.96226],[19.14784,49.96237],[19.152,49.9625]]}},{"type":"Feature","properties":{"numer":"S1","klasa":"droga ekspresowa","kat":"krajowa"},"geometry":{"type":"LineString","coordinates":[[19.12637,49.97517],[19.12619,49.97366],[19.12508,49.97042],[19.12495,49.96972],[19.12487,49.96851],[19.12534,49.96587],[19.12536,49.96477],[19.12499,49.96274],[19.12007,49.95594],[19.11768,49.95416]]}},{"type":"Feature","properties":{"numer":"949","klasa":"droga gĹ‚Ăłwna","kat":"wojewodzka"},"geometry":{"type":"LineString","coordinates":[[19.13905,49.96188],[19.13886,49.96216],[19.13873,49.96386],[19.13841,49.96587],[19.13851,49.96911],[19.13875,49.97215]]}},{"type":"Feature","properties":{"numer":"933","klasa":"droga gĹ‚Ăłwna","kat":"wojewodzka"},"geometry":{"type":"LineString","coordinates":[[19.14022,49.97248],[19.13875,49.97215]]}},{"type":"Feature","properties":{"numer":"933","klasa":"droga gĹ‚Ăłwna","kat":"wojewodzka"},"geometry":{"type":"LineString","coordinates":[[19.14022,49.97248],[19.14086,49.97265]]}},{"type":"Feature","properties":{"numer":"933","klasa":"droga gĹ‚Ăłwna","kat":"wojewodzka"},"geometry":{"type":"LineString","coordinates":[[19.14086,49.97265],[19.14102,49.9727]]}},{"type":"Feature","properties":{"numer":"933","klasa":"droga gĹ‚Ăłwna","kat":"wojewodzka"},"geometry":{"type":"LineString","coordinates":[[19.12637,49.97517],[19.12923,49.97482],[19.12943,49.97475],[19.12957,49.97458],[19.12921,49.97296],[19.12933,49.97258],[19.12961,49.97242],[19.13798,49.97228],[19.13875,49.97215]]}},{"type":"Feature","properties":{"numer":"948,949","klasa":"droga gĹ‚Ăłwna","kat":"gminna"},"geometry":{"type":"LineString","coordinates":[[19.2187,49.96663],[19.21867,49.96655]]}},{"type":"Feature","properties":{"numer":"949","klasa":"droga gĹ‚Ăłwna","kat":"wojewodzka"},"geometry":{"type":"LineString","coordinates":[[19.21976,49.96648],[19.21931,49.96673]]}},{"type":"Feature","properties":{"numer":"948,949","klasa":"droga gĹ‚Ăłwna","kat":"gminna"},"geometry":{"type":"LineString","coordinates":[[19.21879,49.96689],[19.2187,49.96663]]}},{"type":"Feature","properties":{"numer":"949","klasa":"droga gĹ‚Ăłwna","kat":"wojewodzka"},"geometry":{"type":"LineString","coordinates":[[19.21931,49.96673],[19.21879,49.96689]]}},{"type":"Feature","properties":{"numer":"948","klasa":"droga gĹ‚Ăłwna","kat":"wojewodzka"},"geometry":{"type":"LineString","coordinates":[[19.21879,49.96689],[19.21894,49.96732]]}},{"type":"Feature","properties":{"numer":"1868K","klasa":"droga zbiorcza","kat":"powiatowa"},"geometry":{"type":"LineString","coordinates":[[19.19185,49.9611],[19.19217,49.96176],[19.19279,49.96242],[19.19287,49.96294],[19.19275,49.96327],[19.19209,49.96361],[19.19171,49.96408],[19.19161,49.96493],[19.19177,49.96586],[19.19254,49.96711],[19.19378,49.96813],[19.19514,49.96992],[19.19546,49.97197],[19.19627,49.97484],[19.19674,49.97532],[19.19836,49.97637],[19.19875,49.9768]]}},{"type":"Feature","properties":{"numer":"948","klasa":"droga gĹ‚Ăłwna","kat":"wojewodzka"},"geometry":{"type":"LineString","coordinates":[[19.21894,49.96732],[19.22198,49.9758],[19.22211,49.97637],[19.22201,49.97682],[19.22178,49.97716],[19.21914,49.9797],[19.21799,49.98177]]}},{"type":"Feature","properties":{"numer":"1868K","klasa":"droga zbiorcza","kat":"powiatowa"},"geometry":{"type":"LineString","coordinates":[[19.19875,49.9768],[19.19874,49.97716],[19.19857,49.97748],[19.19696,49.97856],[19.19666,49.97882],[19.19665,49.979]]}},{"type":"Feature","properties":{"numer":"1870K","klasa":"droga zbiorcza","kat":"powiatowa"},"geometry":{"type":"LineString","coordinates":[[19.18369,49.97949],[19.18794,49.9803],[19.18904,49.98075],[19.18968,49.98082],[19.19219,49.98044],[19.19567,49.97979],[19.1961,49.97963],[19.19665,49.979]]}},{"type":"Feature","properties":{"numer":"1868K","klasa":"droga zbiorcza","kat":"powiatowa"},"geometry":{"type":"LineString","coordinates":[[19.1929,49.98757],[19.19297,49.98718],[19.19319,49.98678],[19.19456,49.98594],[19.19498,49.98557],[19.19595,49.98368],[19.19832,49.98012],[19.19837,49.97973],[19.19803,49.97912],[19.19776,49.97902],[19.19665,49.979]]}},{"type":"Feature","properties":{"numer":"1871K","klasa":"droga zbiorcza","kat":"powiatowa"},"geometry":{"type":"LineString","coordinates":[[19.152,49.9625],[19.15533,49.96323],[19.15551,49.96346],[19.15559,49.96451],[19.15574,49.9648],[19.16083,49.96721],[19.16094,49.96752],[19.16384,49.96887],[19.1647,49.96914],[19.16634,49.96929],[19.16651,49.97004],[19.16728,49.97076],[19.16717,49.97147],[19.16721,49.97216],[19.16778,49.97493],[19.16753,49.97744]]}},{"type":"Feature","properties":{"numer":"1870K","klasa":"droga zbiorcza","kat":"powiatowa"},"geometry":{"type":"LineString","coordinates":[[19.16753,49.97744],[19.16793,49.97746],[19.17182,49.97838],[19.17534,49.97873],[19.1764,49.97876],[19.17822,49.97868],[19.1798,49.97876],[19.18107,49.97915],[19.18234,49.97927],[19.18361,49.97948]]}},{"type":"Feature","properties":{"numer":"1870K","klasa":"droga zbiorcza","kat":"powiatowa"},"geometry":{"type":"LineString","coordinates":[[19.18361,49.97948],[19.18369,49.97949]]}},{"type":"Feature","properties":{"numer":"1870K","klasa":"droga zbiorcza","kat":"powiatowa"},"geometry":{"type":"LineString","coordinates":[[19.15472,49.98357],[19.16142,49.98412],[19.16512,49.98338],[19.16592,49.98311],[19.16643,49.98276],[19.16667,49.98225],[19.16702,49.98048],[19.16736,49.97768],[19.16753,49.97744]]}},{"type":"Feature","properties":{"numer":"933","klasa":"droga gĹ‚Ăłwna","kat":"wojewodzka"},"geometry":{"type":"LineString","coordinates":[[19.15472,49.98357],[19.15696,49.9854],[19.16006,49.98737]]}},{"type":"Feature","properties":{"numer":"1869K","klasa":"","kat":"powiatowa"},"geometry":{"type":"LineString","coordinates":[[19.16006,49.98737],[19.16134,49.98596],[19.16191,49.98568],[19.16229,49.98566],[19.17048,49.98857],[19.17191,49.98917],[19.17317,49.98951],[19.17513,49.98854],[19.17581,49.98801],[19.17643,49.98728],[19.17692,49.98716],[19.18018,49.98703],[19.18275,49.98731],[19.18487,49.98765],[19.18528,49.98753],[19.18608,49.9869],[19.18667,49.98716],[19.18718,49.98729],[19.18908,49.98745],[19.19072,49.98738],[19.19165,49.98718],[19.1929,49.98757]]}},{"type":"Feature","properties":{"numer":"933","klasa":"droga gĹ‚Ăłwna","kat":"wojewodzka"},"geometry":{"type":"LineString","coordinates":[[19.16006,49.98737],[19.16583,49.99099],[19.16726,49.99163],[19.16847,49.99203],[19.16909,49.99242],[19.16938,49.99283],[19.16992,49.99452],[19.17019,49.99493],[19.17084,49.99535],[19.17233,49.99598],[19.17283,49.99634],[19.17312,49.99669],[19.17367,49.99771],[19.17364,49.9991],[19.17372,49.99937],[19.17513,50.00158]]}},{"type":"Feature","properties":{"numer":"510516K","klasa":"droga lokalna","kat":"powiatowa"},"geometry":{"type":"LineString","coordinates":[[19.17504,50.00162],[19.17513,50.00158]]}},{"type":"Feature","properties":{"numer":"510516K","klasa":"droga lokalna","kat":"powiatowa"},"geometry":{"type":"LineString","coordinates":[[19.17422,50.00219],[19.17472,50.00176],[19.17504,50.00162]]}},{"type":"Feature","properties":{"numer":"510516K","klasa":"droga lokalna","kat":"powiatowa"},"geometry":{"type":"LineString","coordinates":[[19.17381,50.00255],[19.17422,50.00219]]}},{"type":"Feature","properties":{"numer":"","klasa":"droga wewnÄ™trzna","kat":"gminna"},"geometry":{"type":"LineString","coordinates":[[19.12956,49.97461],[19.13043,49.97539]]}},{"type":"Feature","properties":{"numer":"S1","klasa":"droga ekspresowa","kat":"krajowa"},"geometry":{"type":"LineString","coordinates":[[19.12569,49.97774],[19.12618,49.97639],[19.12637,49.97517]]}},{"type":"Feature","properties":{"numer":"","klasa":"droga wewnÄ™trzna","kat":"gminna"},"geometry":{"type":"LineString","coordinates":[[19.13043,49.97539],[19.13361,49.97701],[19.13399,49.97743],[19.13404,49.97765]]}},{"type":"Feature","properties":{"numer":"","klasa":"droga wewnÄ™trzna","kat":"gminna"},"geometry":{"type":"LineString","coordinates":[[19.12569,49.97774],[19.12291,49.97729]]}},{"type":"Feature","properties":{"numer":"","klasa":"droga wewnÄ™trzna","kat":"gminna"},"geometry":{"type":"LineString","coordinates":[[19.12808,49.97811],[19.13306,49.9779],[19.13404,49.97765]]}},{"type":"Feature","properties":{"numer":"","klasa":"droga wewnÄ™trzna","kat":"gminna"},"geometry":{"type":"LineString","coordinates":[[19.12569,49.97774],[19.12808,49.97811]]}},{"type":"Feature","properties":{"numer":"933","klasa":"droga gĹ‚Ăłwna","kat":"wojewodzka"},"geometry":{"type":"LineString","coordinates":[[19.14102,49.9727],[19.142,49.97299],[19.14242,49.97319],[19.14499,49.9747],[19.14573,49.97521],[19.14786,49.97738],[19.14953,49.97838],[19.15103,49.97989],[19.1527,49.98115],[19.1541,49.98299],[19.15472,49.98357]]}},{"type":"Feature","properties":{"numer":"","klasa":"droga ekspresowa","kat":"krajowa"},"geometry":{"type":"LineString","coordinates":[[19.12531,49.97855],[19.12569,49.97774]]}},{"type":"Feature","properties":{"numer":"S1","klasa":"droga ekspresowa","kat":"krajowa"},"geometry":{"type":"LineString","coordinates":[[19.12224,49.98455],[19.12392,49.98151],[19.12531,49.97855]]}},{"type":"Feature","properties":{"numer":"1868K","klasa":"droga zbiorcza","kat":"powiatowa"},"geometry":{"type":"LineString","coordinates":[[19.19061,50.00807],[19.1912,50.00514],[19.19099,50.00377],[19.19178,50.00236],[19.19186,50.00172],[19.19098,49.99989],[19.1907,49.99754],[19.18999,49.99535],[19.18971,49.99357],[19.1899,49.99298],[19.19042,49.99214],[19.19097,49.99004],[19.19136,49.98965],[19.19275,49.98908],[19.19294,49.98888],[19.19302,49.9882],[19.1929,49.98757]]}},{"type":"Feature","properties":{"numer":"948","klasa":"droga gĹ‚Ăłwna","kat":"wojewodzka"},"geometry":{"type":"LineString","coordinates":[[19.21799,49.98177],[19.21268,49.99182],[19.20787,50.0021],[19.20747,50.00314],[19.20746,50.00377],[19.20813,50.00934],[19.20854,50.01073],[19.209,50.01149],[19.21111,50.01393],[19.21299,50.01633]]}},{"type":"Feature","properties":{"numer":"933","klasa":"droga gĹ‚Ăłwna","kat":"wojewodzka"},"geometry":{"type":"LineString","coordinates":[[19.19061,50.00807],[19.19179,50.00895],[19.19267,50.01034],[19.19303,50.01103],[19.1943,50.01435],[19.19493,50.0164],[19.19539,50.01713],[19.19673,50.01874],[19.1969,50.01912]]}},{"type":"Feature","properties":{"numer":"948","klasa":"droga gĹ‚Ăłwna","kat":"wojewodzka"},"geometry":{"type":"LineString","coordinates":[[19.21299,50.01633],[19.21312,50.01685]]}},{"type":"Feature","properties":{"numer":"44","klasa":"droga gĹ‚Ăłwna ruchu przyĹ›pieszonego","kat":"krajowa"},"geometry":{"type":"LineString","coordinates":[[19.21234,50.01676],[19.21312,50.01685]]}},{"type":"Feature","properties":{"numer":"948","klasa":"droga gĹ‚Ăłwna","kat":"wojewodzka"},"geometry":{"type":"LineString","coordinates":[[19.21331,50.01728],[19.21312,50.01685]]}},{"type":"Feature","properties":{"numer":"44","klasa":"droga gĹ‚Ăłwna ruchu przyĹ›pieszonego","kat":"krajowa"},"geometry":{"type":"LineString","coordinates":[[19.21312,50.01685],[19.21423,50.01703],[19.21728,50.01778],[19.21883,50.01807],[19.2204,50.01812],[19.22265,50.01792]]}},{"type":"Feature","properties":{"numer":"44","klasa":"droga gĹ‚Ăłwna ruchu przyĹ›pieszonego","kat":"krajowa"},"geometry":{"type":"LineString","coordinates":[[19.19748,50.02016],[19.20445,50.01767],[19.20699,50.01697],[19.20963,50.01667],[19.21122,50.01668],[19.21234,50.01676]]}},{"type":"Feature","properties":{"numer":"948","klasa":"droga gĹ‚Ăłwna","kat":"wojewodzka"},"geometry":{"type":"LineString","coordinates":[[19.21432,50.02095],[19.21408,50.02045],[19.2137,50.01799],[19.21331,50.01728]]}},{"type":"Feature","properties":{"numer":"933","klasa":"droga gĹ‚Ăłwna","kat":"wojewodzka"},"geometry":{"type":"LineString","coordinates":[[19.1969,50.01912],[19.197,50.01967]]}},{"type":"Feature","properties":{"numer":"510516K","klasa":"droga lokalna","kat":"powiatowa"},"geometry":{"type":"LineString","coordinates":[[19.17224,50.00307],[19.17279,50.00274],[19.17348,50.00267],[19.17381,50.00255]]}},{"type":"Feature","properties":{"numer":"510516K","klasa":"droga lokalna","kat":"powiatowa"},"geometry":{"type":"LineString","coordinates":[[19.17188,50.00331],[19.17224,50.00307]]}},{"type":"Feature","properties":{"numer":"510492K","klasa":"droga lokalna","kat":"powiatowa"},"geometry":{"type":"LineString","coordinates":[[19.1717,50.0034],[19.17188,50.00331]]}},{"type":"Feature","properties":{"numer":"510492K","klasa":"droga lokalna","kat":"powiatowa"},"geometry":{"type":"LineString","coordinates":[[19.16951,50.00382],[19.17039,50.00377],[19.1717,50.0034]]}},{"type":"Feature","properties":{"numer":"510492K","klasa":"droga lokalna","kat":"powiatowa"},"geometry":{"type":"LineString","coordinates":[[19.16586,50.00366],[19.16609,50.00361],[19.16951,50.00382]]}},{"type":"Feature","properties":{"numer":"510492K","klasa":"droga lokalna","kat":"powiatowa"},"geometry":{"type":"LineString","coordinates":[[19.16568,50.00407],[19.16571,50.00378],[19.16586,50.00366]]}},{"type":"Feature","properties":{"numer":"510492K","klasa":"droga lokalna","kat":"powiatowa"},"geometry":{"type":"LineString","coordinates":[[19.16572,50.00435],[19.16568,50.00407]]}},{"type":"Feature","properties":{"numer":"510492K","klasa":"droga lokalna","kat":"powiatowa"},"geometry":{"type":"LineString","coordinates":[[19.16576,50.00455],[19.16572,50.00435]]}},{"type":"Feature","properties":{"numer":"510492K","klasa":"droga lokalna","kat":"powiatowa"},"geometry":{"type":"LineString","coordinates":[[19.16573,50.00488],[19.16576,50.00455]]}},{"type":"Feature","properties":{"numer":"933","klasa":"droga gĹ‚Ăłwna","kat":"wojewodzka"},"geometry":{"type":"LineString","coordinates":[[19.17513,50.00158],[19.17613,50.00237],[19.17851,50.0036],[19.17967,50.00394],[19.1819,50.00429],[19.1826,50.00452],[19.18317,50.00486],[19.1846,50.0062],[19.18533,50.00656],[19.18792,50.00719],[19.18991,50.00778],[19.19061,50.00807]]}},{"type":"Feature","properties":{"numer":"510492K","klasa":"droga lokalna","kat":"powiatowa"},"geometry":{"type":"LineString","coordinates":[[19.16377,50.00525],[19.16573,50.00488]]}},{"type":"Feature","properties":{"numer":"510492K","klasa":"droga lokalna","kat":"powiatowa"},"geometry":{"type":"LineString","coordinates":[[19.16348,50.00522],[19.16377,50.00525]]}},{"type":"Feature","properties":{"numer":"510492K","klasa":"droga lokalna","kat":"powiatowa"},"geometry":{"type":"LineString","coordinates":[[19.1619,50.0053],[19.16294,50.00519],[19.16348,50.00522]]}},{"type":"Feature","properties":{"numer":"510492K","klasa":"droga lokalna","kat":"powiatowa"},"geometry":{"type":"LineString","coordinates":[[19.16023,50.00533],[19.16077,50.00526],[19.1619,50.0053]]}},{"type":"Feature","properties":{"numer":"510492K","klasa":"droga lokalna","kat":"powiatowa"},"geometry":{"type":"LineString","coordinates":[[19.15887,50.00563],[19.16023,50.00533]]}},{"type":"Feature","properties":{"numer":"510492K","klasa":"droga lokalna","kat":"powiatowa"},"geometry":{"type":"LineString","coordinates":[[19.15807,50.00579],[19.15887,50.00563]]}},{"type":"Feature","properties":{"numer":"510492K","klasa":"droga lokalna","kat":"powiatowa"},"geometry":{"type":"LineString","coordinates":[[19.15794,50.00582],[19.15807,50.00579]]}},{"type":"Feature","properties":{"numer":"510534K","klasa":"droga lokalna","kat":"powiatowa"},"geometry":{"type":"LineString","coordinates":[[19.15813,50.00701],[19.15784,50.00599],[19.15794,50.00582]]}},{"type":"Feature","properties":{"numer":"510534K","klasa":"droga lokalna","kat":"powiatowa"},"geometry":{"type":"LineString","coordinates":[[19.15864,50.00883],[19.15813,50.00701]]}},{"type":"Feature","properties":{"numer":"1877K","klasa":"droga zbiorcza","kat":"powiatowa"},"geometry":{"type":"LineString","coordinates":[[19.16934,50.02506],[19.16827,50.02478],[19.16722,50.02411],[19.16605,50.02402],[19.16533,50.02382],[19.16417,50.02335],[19.16311,50.0231],[19.1627,50.0228],[19.16166,50.02169],[19.16166,50.02158],[19.16223,50.02111],[19.16224,50.02093],[19.16071,50.02055],[19.15807,50.01956],[19.15594,50.01921],[19.15577,50.01909],[19.15554,50.01857],[19.15528,50.01837],[19.15227,50.01726],[19.15185,50.01702],[19.15005,50.01534],[19.14918,50.01435],[19.14926,50.01421],[19.14973,50.01407],[19.15921,50.01153],[19.15929,50.01122],[19.15864,50.00883]]}},{"type":"Feature","properties":{"numer":"44","klasa":"droga gĹ‚Ăłwna ruchu przyĹ›pieszonego","kat":"krajowa"},"geometry":{"type":"LineString","coordinates":[[19.19648,50.01994],[19.197,50.01967]]}},{"type":"Feature","properties":{"numer":"933","klasa":"droga gĹ‚Ăłwna","kat":"wojewodzka"},"geometry":{"type":"LineString","coordinates":[[19.197,50.01967],[19.19731,50.01997]]}},{"type":"Feature","properties":{"numer":"933","klasa":"droga gĹ‚Ăłwna","kat":"wojewodzka"},"geometry":{"type":"LineString","coordinates":[[19.19731,50.01997],[19.19748,50.02016]]}},{"type":"Feature","properties":{"numer":"44","klasa":"droga gĹ‚Ăłwna ruchu przyĹ›pieszonego","kat":"krajowa"},"geometry":{"type":"LineString","coordinates":[[19.19263,50.02144],[19.19241,50.02094],[19.19254,50.0207],[19.19279,50.02055],[19.19325,50.02049],[19.1941,50.02067],[19.19464,50.02066],[19.19648,50.01994]]}},{"type":"Feature","properties":{"numer":"","klasa":"droga wewnÄ™trzna","kat":"gminna"},"geometry":{"type":"LineString","coordinates":[[19.2226,50.02058],[19.22048,50.02064],[19.21882,50.02081]]}},{"type":"Feature","properties":{"numer":"44","klasa":"droga gĹ‚Ăłwna ruchu przyĹ›pieszonego","kat":"krajowa"},"geometry":{"type":"LineString","coordinates":[[19.19263,50.02144],[19.19748,50.02016]]}},{"type":"Feature","properties":{"numer":"","klasa":"droga wewnÄ™trzna","kat":"gminna"},"geometry":{"type":"LineString","coordinates":[[19.21882,50.02081],[19.21847,50.02085]]}},{"type":"Feature","properties":{"numer":"510620K","klasa":"droga lokalna","kat":"powiatowa"},"geometry":{"type":"LineString","coordinates":[[19.21847,50.02085],[19.21814,50.02088]]}},{"type":"Feature","properties":{"numer":"510620K","klasa":"droga lokalna","kat":"powiatowa"},"geometry":{"type":"LineString","coordinates":[[19.21814,50.02088],[19.21787,50.02092]]}},{"type":"Feature","properties":{"numer":"510620K","klasa":"droga lokalna","kat":"powiatowa"},"geometry":{"type":"LineString","coordinates":[[19.21787,50.02092],[19.21765,50.02095]]}},{"type":"Feature","properties":{"numer":"44","klasa":"droga gĹ‚Ăłwna ruchu przyĹ›pieszonego","kat":"krajowa"},"geometry":{"type":"LineString","coordinates":[[19.16934,50.02506],[19.17066,50.02452],[19.17264,50.02415],[19.1746,50.02412],[19.17835,50.02469],[19.17954,50.02474],[19.18014,50.02467],[19.18208,50.02428],[19.18515,50.02351],[19.19263,50.02144]]}},{"type":"Feature","properties":{"numer":"1877K","klasa":"droga zbiorcza","kat":"powiatowa"},"geometry":{"type":"LineString","coordinates":[[19.1721,50.0264],[19.17161,50.02631],[19.17107,50.02582],[19.1698,50.02518],[19.16934,50.02506]]}},{"type":"Feature","properties":{"numer":"44","klasa":"droga gĹ‚Ăłwna ruchu przyĹ›pieszonego","kat":"krajowa"},"geometry":{"type":"LineString","coordinates":[[19.16474,50.02755],[19.16934,50.02506]]}},{"type":"Feature","properties":{"numer":"1877K","klasa":"droga zbiorcza","kat":"powiatowa"},"geometry":{"type":"LineString","coordinates":[[19.17217,50.0264],[19.1721,50.0264]]}},{"type":"Feature","properties":{"numer":"1877K","klasa":"droga zbiorcza","kat":"powiatowa"},"geometry":{"type":"LineString","coordinates":[[19.18103,50.03151],[19.18097,50.03074],[19.17963,50.02703],[19.1782,50.0248],[19.17527,50.02553],[19.17291,50.02632],[19.17217,50.0264]]}},{"type":"Feature","properties":{"numer":"510198K","klasa":"droga lokalna","kat":"powiatowa"},"geometry":{"type":"LineString","coordinates":[[19.16765,50.02898],[19.16698,50.02907],[19.16639,50.02905],[19.16558,50.02877],[19.16474,50.02755]]}},{"type":"Feature","properties":{"numer":"510198K","klasa":"droga lokalna","kat":"powiatowa"},"geometry":{"type":"LineString","coordinates":[[19.1677,50.02898],[19.16765,50.02898]]}},{"type":"Feature","properties":{"numer":"510198K","klasa":"droga lokalna","kat":"powiatowa"},"geometry":{"type":"LineString","coordinates":[[19.16778,50.02901],[19.1677,50.02898]]}},{"type":"Feature","properties":{"numer":"510196K","klasa":"droga lokalna","kat":"powiatowa"},"geometry":{"type":"LineString","coordinates":[[19.16778,50.02901],[19.16733,50.03014],[19.16677,50.03081],[19.16674,50.03159]]}},{"type":"Feature","properties":{"numer":"1878K","klasa":"droga zbiorcza","kat":"powiatowa"},"geometry":{"type":"LineString","coordinates":[[19.18103,50.03151],[19.17058,50.03164],[19.16884,50.03193],[19.16674,50.03159]]}},{"type":"Feature","properties":{"numer":"510620K","klasa":"droga lokalna","kat":"powiatowa"},"geometry":{"type":"LineString","coordinates":[[19.21765,50.02095],[19.21726,50.02098]]}},{"type":"Feature","properties":{"numer":"","klasa":"droga lokalna","kat":"gminna"},"geometry":{"type":"LineString","coordinates":[[19.21439,50.02103],[19.21432,50.02095]]}},{"type":"Feature","properties":{"numer":"510620K","klasa":"droga lokalna","kat":"powiatowa"},"geometry":{"type":"LineString","coordinates":[[19.21726,50.02098],[19.21505,50.02103]]}},{"type":"Feature","properties":{"numer":"","klasa":"droga lokalna","kat":"gminna"},"geometry":{"type":"LineString","coordinates":[[19.21438,50.02114],[19.21439,50.02103]]}},{"type":"Feature","properties":{"numer":"933","klasa":"droga gĹ‚Ăłwna","kat":"wojewodzka"},"geometry":{"type":"LineString","coordinates":[[19.19748,50.02016],[19.1982,50.02094],[19.20013,50.02203],[19.20076,50.02251]]}},{"type":"Feature","properties":{"numer":"933","klasa":"droga gĹ‚Ăłwna","kat":"wojewodzka"},"geometry":{"type":"LineString","coordinates":[[19.20076,50.02251],[19.20271,50.02383]]}},{"type":"Feature","properties":{"numer":"948","klasa":"droga gĹ‚Ăłwna","kat":"wojewodzka"},"geometry":{"type":"LineString","coordinates":[[19.21957,50.03112],[19.21938,50.03023],[19.21915,50.02984],[19.21794,50.02882],[19.21543,50.02599],[19.21493,50.0253],[19.21478,50.02489],[19.21429,50.0217],[19.21438,50.02114]]}},{"type":"Feature","properties":{"numer":"933","klasa":"droga gĹ‚Ăłwna","kat":"wojewodzka"},"geometry":{"type":"LineString","coordinates":[[19.20271,50.02383],[19.20426,50.02472],[19.20503,50.02528],[19.20755,50.02749],[19.20857,50.0286]]}},{"type":"Feature","properties":{"numer":"1883K","klasa":"","kat":"powiatowa"},"geometry":{"type":"LineString","coordinates":[[19.20792,50.02875],[19.20857,50.0286]]}},{"type":"Feature","properties":{"numer":"1880K","klasa":"droga zbiorcza","kat":"powiatowa"},"geometry":{"type":"LineString","coordinates":[[19.19329,50.03606],[19.19291,50.03559],[19.19268,50.03489],[19.19314,50.03336],[19.19697,50.02728],[19.19915,50.02363],[19.19984,50.02301],[19.20076,50.02251]]}},{"type":"Feature","properties":{"numer":"1881K","klasa":"droga zbiorcza","kat":"powiatowa"},"geometry":{"type":"LineString","coordinates":[[19.20271,50.02383],[19.19557,50.03576]]}},{"type":"Feature","properties":{"numer":"1883K","klasa":"","kat":"powiatowa"},"geometry":{"type":"LineString","coordinates":[[19.20346,50.03176],[19.20521,50.02888],[19.20555,50.02879],[19.20645,50.02892],[19.20792,50.02875]]}},{"type":"Feature","properties":{"numer":"933","klasa":"droga gĹ‚Ăłwna","kat":"wojewodzka"},"geometry":{"type":"LineString","coordinates":[[19.20857,50.0286],[19.20952,50.02968],[19.21014,50.03128],[19.2102,50.03182],[19.20995,50.03324]]}},{"type":"Feature","properties":{"numer":"44,933","klasa":"droga gĹ‚Ăłwna","kat":"gminna"},"geometry":{"type":"LineString","coordinates":[[19.21957,50.03112],[19.21609,50.03217]]}},{"type":"Feature","properties":{"numer":"44,933","klasa":"droga gĹ‚Ăłwna","kat":"gminna"},"geometry":{"type":"LineString","coordinates":[[19.21609,50.03217],[19.2133,50.033]]}},{"type":"Feature","properties":{"numer":"1884K","klasa":"","kat":"powiatowa"},"geometry":{"type":"LineString","coordinates":[[19.20505,50.03351],[19.20464,50.03212],[19.20432,50.03197],[19.20346,50.03176]]}},{"type":"Feature","properties":{"numer":"510792K","klasa":"droga lokalna","kat":"powiatowa"},"geometry":{"type":"LineString","coordinates":[[19.20807,50.03323],[19.20862,50.03322]]}},{"type":"Feature","properties":{"numer":"510792K","klasa":"","kat":"powiatowa"},"geometry":{"type":"LineString","coordinates":[[19.20932,50.03322],[19.20995,50.03324]]}},{"type":"Feature","properties":{"numer":"510792K","klasa":"droga lokalna","kat":"powiatowa"},"geometry":{"type":"LineString","coordinates":[[19.20728,50.03323],[19.20807,50.03323]]}},{"type":"Feature","properties":{"numer":"510792K","klasa":"droga lokalna","kat":"powiatowa"},"geometry":{"type":"LineString","coordinates":[[19.20673,50.03326],[19.20728,50.03323]]}},{"type":"Feature","properties":{"numer":"510792K","klasa":"droga lokalna","kat":"powiatowa"},"geometry":{"type":"LineString","coordinates":[[19.20617,50.03333],[19.20673,50.03326]]}},{"type":"Feature","properties":{"numer":"510792K","klasa":"droga lokalna","kat":"powiatowa"},"geometry":{"type":"LineString","coordinates":[[19.20505,50.03351],[19.20617,50.03333]]}},{"type":"Feature","properties":{"numer":"44,933","klasa":"droga gĹ‚Ăłwna","kat":"gminna"},"geometry":{"type":"LineString","coordinates":[[19.2133,50.033],[19.21231,50.03338],[19.2117,50.03373],[19.21048,50.03486]]}},{"type":"Feature","properties":{"numer":"933","klasa":"droga gĹ‚Ăłwna","kat":"wojewodzka"},"geometry":{"type":"LineString","coordinates":[[19.20995,50.03324],[19.20978,50.03433],[19.2099,50.03456],[19.21037,50.03501]]}},{"type":"Feature","properties":{"numer":"44","klasa":"droga gĹ‚Ăłwna","kat":"krajowa"},"geometry":{"type":"LineString","coordinates":[[19.21048,50.03486],[19.21037,50.03501]]}},{"type":"Feature","properties":{"numer":"1883K","klasa":"","kat":"powiatowa"},"geometry":{"type":"LineString","coordinates":[[19.19744,50.03889],[19.19848,50.03839],[19.19922,50.03794],[19.20053,50.03655],[19.20346,50.03176]]}},{"type":"Feature","properties":{"numer":"1878K","klasa":"droga zbiorcza","kat":"powiatowa"},"geometry":{"type":"LineString","coordinates":[[19.18329,50.03454],[19.19118,50.03653],[19.19184,50.03657],[19.19238,50.03644]]}},{"type":"Feature","properties":{"numer":"1878K","klasa":"droga zbiorcza","kat":"powiatowa"},"geometry":{"type":"LineString","coordinates":[[19.19478,50.03563],[19.19557,50.03576]]}},{"type":"Feature","properties":{"numer":"1878K","klasa":"droga zbiorcza","kat":"powiatowa"},"geometry":{"type":"LineString","coordinates":[[19.19344,50.03599],[19.19407,50.03573],[19.19478,50.03563]]}},{"type":"Feature","properties":{"numer":"1878K","klasa":"droga zbiorcza","kat":"powiatowa"},"geometry":{"type":"LineString","coordinates":[[19.19329,50.03606],[19.19344,50.03599]]}},{"type":"Feature","properties":{"numer":"1878K","klasa":"droga zbiorcza","kat":"powiatowa"},"geometry":{"type":"LineString","coordinates":[[19.19238,50.03644],[19.19329,50.03606]]}},{"type":"Feature","properties":{"numer":"1881K","klasa":"droga zbiorcza","kat":"powiatowa"},"geometry":{"type":"LineString","coordinates":[[19.19557,50.03576],[19.19488,50.03703]]}},{"type":"Feature","properties":{"numer":"1880K","klasa":"droga zbiorcza","kat":"powiatowa"},"geometry":{"type":"LineString","coordinates":[[19.19488,50.03703],[19.19402,50.03664],[19.19329,50.03606]]}},{"type":"Feature","properties":{"numer":"1884K","klasa":"","kat":"powiatowa"},"geometry":{"type":"LineString","coordinates":[[19.20029,50.04088],[19.20408,50.03873],[19.2046,50.03809],[19.20507,50.0368],[19.20534,50.03518],[19.20531,50.03436],[19.20505,50.03351]]}},{"type":"Feature","properties":{"numer":"44,933","klasa":"droga gĹ‚Ăłwna","kat":"gminna"},"geometry":{"type":"LineString","coordinates":[[19.21037,50.03501],[19.21028,50.03589],[19.21111,50.03721],[19.21452,50.04046]]}},{"type":"Feature","properties":{"numer":"1880K","klasa":"droga zbiorcza","kat":"powiatowa"},"geometry":{"type":"LineString","coordinates":[[19.19488,50.03703],[19.19542,50.03749],[19.19744,50.03889]]}},{"type":"Feature","properties":{"numer":"1892K","klasa":"droga zbiorcza","kat":"powiatowa"},"geometry":{"type":"LineString","coordinates":[[19.2166,50.04009],[19.21879,50.03964]]}},{"type":"Feature","properties":{"numer":"1880K","klasa":"droga zbiorcza","kat":"powiatowa"},"geometry":{"type":"LineString","coordinates":[[19.19744,50.03889],[19.19969,50.04038],[19.20029,50.04088]]}},{"type":"Feature","properties":{"numer":"44,933","klasa":"droga gĹ‚Ăłwna","kat":"gminna"},"geometry":{"type":"LineString","coordinates":[[19.21452,50.04046],[19.21481,50.04073]]}},{"type":"Feature","properties":{"numer":"1892K","klasa":"droga zbiorcza","kat":"powiatowa"},"geometry":{"type":"LineString","coordinates":[[19.21536,50.04128],[19.21579,50.04099],[19.2162,50.04032],[19.2166,50.04009]]}},{"type":"Feature","properties":{"numer":"1898K","klasa":"","kat":"powiatowa"},"geometry":{"type":"LineString","coordinates":[[19.34042,50.02669],[19.33987,50.02506],[19.33759,50.02455],[19.33781,50.02275],[19.33835,50.02198],[19.33882,50.02083],[19.33876,50.01835],[19.33865,50.01806]]}},{"type":"Feature","properties":{"numer":"1898K","klasa":"","kat":"powiatowa"},"geometry":{"type":"LineString","coordinates":[[19.34042,50.02669],[19.34051,50.02685],[19.34073,50.02693],[19.34198,50.02677],[19.34216,50.02679],[19.34223,50.02689],[19.34347,50.03237],[19.34554,50.03883],[19.34553,50.03908]]}},{"type":"Feature","properties":{"numer":"1898K","klasa":"","kat":"powiatowa"},"geometry":{"type":"LineString","coordinates":[[19.33625,50.04023],[19.33653,50.04002],[19.33717,50.03984],[19.33875,50.03957],[19.34553,50.03908]]}},{"type":"Feature","properties":{"numer":"1895K","klasa":"droga zbiorcza","kat":"powiatowa"},"geometry":{"type":"LineString","coordinates":[[19.34559,50.04266],[19.3476,50.04251],[19.34873,50.04226],[19.3505,50.04206],[19.35109,50.04161],[19.35144,50.04145],[19.35195,50.0413],[19.35295,50.04115],[19.35378,50.04037],[19.35409,50.03981],[19.3544,50.03967],[19.35685,50.03966],[19.35935,50.03979],[19.36139,50.03962],[19.36608,50.04009],[19.36685,50.0401],[19.36769,50.04001],[19.36877,50.03961],[19.36962,50.03897],[19.37003,50.0382],[19.37,50.03736]]}},{"type":"Feature","properties":{"numer":"1898K","klasa":"","kat":"powiatowa"},"geometry":{"type":"LineString","coordinates":[[19.33601,50.04045],[19.33625,50.04023]]}},{"type":"Feature","properties":{"numer":"1898K","klasa":"","kat":"powiatowa"},"geometry":{"type":"LineString","coordinates":[[19.3187,50.0429],[19.33351,50.04095],[19.3353,50.04078],[19.3358,50.04063],[19.33601,50.04045]]}},{"type":"Feature","properties":{"numer":"1895K","klasa":"droga zbiorcza","kat":"powiatowa"},"geometry":{"type":"LineString","coordinates":[[19.34554,50.04266],[19.34559,50.04266]]}},{"type":"Feature","properties":{"numer":"1895K","klasa":"droga zbiorcza","kat":"powiatowa"},"geometry":{"type":"LineString","coordinates":[[19.31895,50.04365],[19.31921,50.04443],[19.31967,50.04506],[19.32294,50.04761],[19.32659,50.04963],[19.32698,50.04976],[19.32734,50.04978],[19.32768,50.04972],[19.32804,50.04955],[19.329,50.04862],[19.32995,50.04799],[19.33052,50.0478],[19.33199,50.04752],[19.33265,50.04673],[19.33404,50.04595],[19.33588,50.04547],[19.33903,50.04532],[19.33958,50.04513],[19.34073,50.04434],[19.34063,50.04314],[19.34075,50.04298],[19.34554,50.04266]]}},{"type":"Feature","properties":{"numer":"510799K","klasa":"droga lokalna","kat":"powiatowa"},"geometry":{"type":"LineString","coordinates":[[19.2433,50.03551],[19.24078,50.03562]]}},{"type":"Feature","properties":{"numer":"510799K","klasa":"droga lokalna","kat":"powiatowa"},"geometry":{"type":"LineString","coordinates":[[19.24072,50.03562],[19.23976,50.03568]]}},{"type":"Feature","properties":{"numer":"510799K","klasa":"droga lokalna","kat":"powiatowa"},"geometry":{"type":"LineString","coordinates":[[19.23976,50.03568],[19.23913,50.03571]]}},{"type":"Feature","properties":{"numer":"510799K","klasa":"droga lokalna","kat":"powiatowa"},"geometry":{"type":"LineString","coordinates":[[19.23913,50.03571],[19.23878,50.03573]]}},{"type":"Feature","properties":{"numer":"510799K","klasa":"droga lokalna","kat":"powiatowa"},"geometry":{"type":"LineString","coordinates":[[19.23878,50.03573],[19.23844,50.03575]]}},{"type":"Feature","properties":{"numer":"510799K","klasa":"droga lokalna","kat":"powiatowa"},"geometry":{"type":"LineString","coordinates":[[19.23844,50.03575],[19.2346,50.03594]]}},{"type":"Feature","properties":{"numer":"510799K","klasa":"droga lokalna","kat":"powiatowa"},"geometry":{"type":"LineString","coordinates":[[19.2346,50.03594],[19.23403,50.03597]]}},{"type":"Feature","properties":{"numer":"510799K","klasa":"droga lokalna","kat":"powiatowa"},"geometry":{"type":"LineString","coordinates":[[19.23403,50.03597],[19.23316,50.03601],[19.23198,50.03624]]}},{"type":"Feature","properties":{"numer":"1890K","klasa":"droga zbiorcza","kat":"powiatowa"},"geometry":{"type":"LineString","coordinates":[[19.24361,50.03776],[19.2433,50.03551]]}},{"type":"Feature","properties":{"numer":"1888K","klasa":"droga zbiorcza","kat":"powiatowa"},"geometry":{"type":"LineString","coordinates":[[19.23878,50.03573],[19.2389,50.03834]]}},{"type":"Feature","properties":{"numer":"1896K","klasa":"","kat":"powiatowa"},"geometry":{"type":"LineString","coordinates":[[19.23244,50.03827],[19.23263,50.0372],[19.23198,50.03624]]}},{"type":"Feature","properties":{"numer":"1892K","klasa":"droga zbiorcza","kat":"powiatowa"},"geometry":{"type":"LineString","coordinates":[[19.25253,50.03812],[19.25309,50.03773]]}},{"type":"Feature","properties":{"numer":"1892K","klasa":"droga zbiorcza","kat":"powiatowa"},"geometry":{"type":"LineString","coordinates":[[19.24361,50.03776],[19.2445,50.03768],[19.24539,50.03772],[19.24896,50.03807],[19.25011,50.03834]]}},{"type":"Feature","properties":{"numer":"1892K","klasa":"droga zbiorcza","kat":"powiatowa"},"geometry":{"type":"LineString","coordinates":[[19.2389,50.03834],[19.24361,50.03776]]}},{"type":"Feature","properties":{"numer":"510768K","klasa":"droga lokalna","kat":"powiatowa"},"geometry":{"type":"LineString","coordinates":[[19.24361,50.03776],[19.24395,50.03838]]}},{"type":"Feature","properties":{"numer":"1892K","klasa":"droga zbiorcza","kat":"powiatowa"},"geometry":{"type":"LineString","coordinates":[[19.25011,50.03834],[19.25108,50.03836],[19.25212,50.03825],[19.25253,50.03812]]}},{"type":"Feature","properties":{"numer":"1892K","klasa":"droga zbiorcza","kat":"powiatowa"},"geometry":{"type":"LineString","coordinates":[[19.23244,50.03827],[19.2389,50.03834]]}},{"type":"Feature","properties":{"numer":"1892K","klasa":"droga zbiorcza","kat":"powiatowa"},"geometry":{"type":"LineString","coordinates":[[19.25239,50.0387],[19.25239,50.03829],[19.25253,50.03812]]}},{"type":"Feature","properties":{"numer":"1892K","klasa":"droga zbiorcza","kat":"powiatowa"},"geometry":{"type":"LineString","coordinates":[[19.25239,50.0387],[19.25103,50.03868],[19.25011,50.03834]]}},{"type":"Feature","properties":{"numer":"933","klasa":"droga gĹ‚Ăłwna","kat":"wojewodzka"},"geometry":{"type":"LineString","coordinates":[[19.25355,50.03845],[19.25354,50.0386]]}},{"type":"Feature","properties":{"numer":"510768K","klasa":"droga lokalna","kat":"powiatowa"},"geometry":{"type":"LineString","coordinates":[[19.24395,50.03838],[19.24419,50.03871]]}},{"type":"Feature","properties":{"numer":"1895K","klasa":"droga gĹ‚Ăłwna","kat":"powiatowa"},"geometry":{"type":"LineString","coordinates":[[19.25354,50.0386],[19.2533,50.03864]]}},{"type":"Feature","properties":{"numer":"1895K","klasa":"droga zbiorcza","kat":"powiatowa"},"geometry":{"type":"LineString","coordinates":[[19.2533,50.03864],[19.25276,50.03868]]}},{"type":"Feature","properties":{"numer":"1895K","klasa":"droga zbiorcza","kat":"powiatowa"},"geometry":{"type":"LineString","coordinates":[[19.25354,50.0386],[19.25359,50.03877]]}},{"type":"Feature","properties":{"numer":"1892K","klasa":"droga zbiorcza","kat":"powiatowa"},"geometry":{"type":"LineString","coordinates":[[19.25276,50.03868],[19.25239,50.0387]]}},{"type":"Feature","properties":{"numer":"1895K","klasa":"droga zbiorcza","kat":"powiatowa"},"geometry":{"type":"LineString","coordinates":[[19.25432,50.0388],[19.254,50.03865],[19.25354,50.0386]]}},{"type":"Feature","properties":{"numer":"","klasa":"droga wewnÄ™trzna","kat":"gminna"},"geometry":{"type":"LineString","coordinates":[[19.24419,50.03871],[19.24426,50.03879]]}},{"type":"Feature","properties":{"numer":"1892K","klasa":"droga zbiorcza","kat":"powiatowa"},"geometry":{"type":"LineString","coordinates":[[19.21879,50.03964],[19.22065,50.03938],[19.22104,50.03924],[19.22265,50.03904],[19.22421,50.0387],[19.228,50.03829],[19.22964,50.03816],[19.23244,50.03827]]}},{"type":"Feature","properties":{"numer":"1895K","klasa":"droga zbiorcza","kat":"powiatowa"},"geometry":{"type":"LineString","coordinates":[[19.25432,50.0388],[19.25452,50.03917]]}},{"type":"Feature","properties":{"numer":"1895K","klasa":"droga zbiorcza","kat":"powiatowa"},"geometry":{"type":"LineString","coordinates":[[19.25432,50.0388],[19.2538,50.0391],[19.25384,50.03969],[19.25411,50.03984],[19.25484,50.04005]]}},{"type":"Feature","properties":{"numer":"44","klasa":"droga gĹ‚Ăłwna","kat":"krajowa"},"geometry":{"type":"LineString","coordinates":[[19.25329,50.03094],[19.30128,50.03003],[19.30292,50.02964],[19.30431,50.02887],[19.30783,50.02744],[19.31023,50.02624],[19.31229,50.02501],[19.314,50.02412],[19.31617,50.02309],[19.31831,50.02236],[19.32032,50.02128],[19.32273,50.02055],[19.32346,50.02045],[19.32449,50.02042]]}},{"type":"Feature","properties":{"numer":"1895K","klasa":"droga zbiorcza","kat":"powiatowa"},"geometry":{"type":"LineString","coordinates":[[19.25452,50.03917],[19.25484,50.03985],[19.25544,50.04022],[19.26759,50.04379],[19.26846,50.04397],[19.27193,50.04422],[19.27363,50.04468],[19.27505,50.04535],[19.27626,50.04534],[19.28066,50.04595]]}},{"type":"Feature","properties":{"numer":"1895K","klasa":"droga zbiorcza","kat":"powiatowa"},"geometry":{"type":"LineString","coordinates":[[19.3187,50.0429],[19.31886,50.0434]]}},{"type":"Feature","properties":{"numer":"1895K","klasa":"droga zbiorcza","kat":"powiatowa"},"geometry":{"type":"LineString","coordinates":[[19.31886,50.0434],[19.31895,50.04365]]}},{"type":"Feature","properties":{"numer":"1895K","klasa":"droga zbiorcza","kat":"powiatowa"},"geometry":{"type":"LineString","coordinates":[[19.2814,50.04592],[19.28188,50.04596],[19.28251,50.04639],[19.28529,50.04676],[19.28932,50.0467],[19.30237,50.04382],[19.30815,50.04269],[19.31044,50.04206],[19.31353,50.0411],[19.31473,50.04085],[19.3156,50.04083],[19.31634,50.04092],[19.31698,50.04108],[19.31767,50.04138],[19.3183,50.04191],[19.3187,50.0429]]}},{"type":"Feature","properties":{"numer":"1895K","klasa":"droga zbiorcza","kat":"powiatowa"},"geometry":{"type":"LineString","coordinates":[[19.28066,50.04595],[19.2814,50.04592]]}},{"type":"Feature","properties":{"numer":"1895K","klasa":"droga zbiorcza","kat":"powiatowa"},"geometry":{"type":"LineString","coordinates":[[19.28066,50.04595],[19.28126,50.04605],[19.28137,50.04603],[19.2814,50.04592]]}},{"type":"Feature","properties":{"numer":"1001K","klasa":"droga zbiorcza","kat":"powiatowa"},"geometry":{"type":"LineString","coordinates":[[19.26177,50.05525],[19.26311,50.05461],[19.27053,50.05266],[19.27259,50.05188],[19.27318,50.05173],[19.273582687634025,50.05165449606862]]}},{"type":"Feature","properties":{"numer":"1894K","klasa":"","kat":"powiatowa"},"geometry":{"type":"LineString","coordinates":[[19.2389,50.03834],[19.23895,50.039],[19.23978,50.04018],[19.24143,50.04161]]}},{"type":"Feature","properties":{"numer":"","klasa":"droga wewnÄ™trzna","kat":"gminna"},"geometry":{"type":"LineString","coordinates":[[19.24426,50.03879],[19.24478,50.03943],[19.24488,50.03977],[19.24483,50.04016],[19.24455,50.04052],[19.24275,50.04139],[19.24143,50.04161]]}},{"type":"Feature","properties":{"numer":"1893K","klasa":"","kat":"powiatowa"},"geometry":{"type":"LineString","coordinates":[[19.23244,50.03827],[19.23529,50.04228]]}},{"type":"Feature","properties":{"numer":"933","klasa":"droga gĹ‚Ăłwna","kat":"wojewodzka"},"geometry":{"type":"LineString","coordinates":[[19.25488,50.04367],[19.25385,50.04059],[19.25359,50.03877]]}},{"type":"Feature","properties":{"numer":"510652K","klasa":"droga lokalna","kat":"powiatowa"},"geometry":{"type":"LineString","coordinates":[[19.23529,50.04228],[19.23877,50.04206],[19.24143,50.04161]]}},{"type":"Feature","properties":{"numer":"1894K","klasa":"","kat":"powiatowa"},"geometry":{"type":"LineString","coordinates":[[19.24143,50.04161],[19.24352,50.04502]]}},{"type":"Feature","properties":{"numer":"510766K","klasa":"droga lokalna","kat":"powiatowa"},"geometry":{"type":"LineString","coordinates":[[19.25471,50.04373],[19.25488,50.04367]]}},{"type":"Feature","properties":{"numer":"1893K","klasa":"","kat":"powiatowa"},"geometry":{"type":"LineString","coordinates":[[19.23529,50.04228],[19.23627,50.04363],[19.2386,50.04499],[19.23954,50.04515],[19.24088,50.04516],[19.24352,50.04502]]}},{"type":"Feature","properties":{"numer":"510766K","klasa":"droga lokalna","kat":"powiatowa"},"geometry":{"type":"LineString","coordinates":[[19.25441,50.04387],[19.25471,50.04373]]}},{"type":"Feature","properties":{"numer":"933","klasa":"droga gĹ‚Ăłwna","kat":"wojewodzka"},"geometry":{"type":"LineString","coordinates":[[19.25508,50.04457],[19.25488,50.04367]]}},{"type":"Feature","properties":{"numer":"510766K","klasa":"droga lokalna","kat":"powiatowa"},"geometry":{"type":"LineString","coordinates":[[19.25253,50.04482],[19.25277,50.04463],[19.25399,50.04437],[19.25441,50.04387]]}},{"type":"Feature","properties":{"numer":"510778K","klasa":"droga lokalna","kat":"powiatowa"},"geometry":{"type":"LineString","coordinates":[[19.24411,50.04484],[19.24515,50.04448],[19.24652,50.04434],[19.24718,50.04448],[19.24918,50.04515],[19.2499,50.04528]]}},{"type":"Feature","properties":{"numer":"510778K","klasa":"droga lokalna","kat":"powiatowa"},"geometry":{"type":"LineString","coordinates":[[19.24352,50.04502],[19.24411,50.04484]]}},{"type":"Feature","properties":{"numer":"510766K","klasa":"droga lokalna","kat":"powiatowa"},"geometry":{"type":"LineString","coordinates":[[19.25179,50.04518],[19.25229,50.045],[19.25253,50.04482]]}},{"type":"Feature","properties":{"numer":"510778K","klasa":"droga lokalna","kat":"powiatowa"},"geometry":{"type":"LineString","coordinates":[[19.2499,50.04528],[19.25091,50.04536],[19.25179,50.04518]]}},{"type":"Feature","properties":{"numer":"1894K","klasa":"","kat":"powiatowa"},"geometry":{"type":"LineString","coordinates":[[19.24352,50.04502],[19.24352,50.04547],[19.24334,50.0459],[19.23789,50.04746]]}},{"type":"Feature","properties":{"numer":"933","klasa":"droga gĹ‚Ăłwna","kat":"wojewodzka"},"geometry":{"type":"LineString","coordinates":[[19.26058,50.05308],[19.2578,50.04796],[19.25709,50.04704],[19.25556,50.04542],[19.25508,50.04457]]}},{"type":"Feature","properties":{"numer":"933","klasa":"droga gĹ‚Ăłwna","kat":"wojewodzka"},"geometry":{"type":"LineString","coordinates":[[19.26177,50.05525],[19.26058,50.05308]]}},{"type":"Feature","properties":{"numer":"","klasa":"droga gĹ‚Ăłwna","kat":"gminna"},"geometry":{"type":"LineString","coordinates":[[19.23523,50.06273],[19.23267,50.06123],[19.21384,50.04923]]}},{"type":"Feature","properties":{"numer":"","klasa":"droga gĹ‚Ăłwna","kat":"gminna"},"geometry":{"type":"LineString","coordinates":[[19.23716,50.06384],[19.23523,50.06273]]}},{"type":"Feature","properties":{"numer":"1001K","klasa":"droga zbiorcza","kat":"powiatowa"},"geometry":{"type":"LineString","coordinates":[[19.26069,50.07203],[19.26094,50.07172],[19.26054,50.07003],[19.25801,50.06673],[19.25798,50.06484],[19.25732,50.06333],[19.2567,50.05927],[19.25683,50.05899],[19.25841,50.05696],[19.26177,50.05525]]}},{"type":"Feature","properties":{"numer":"933","klasa":"droga gĹ‚Ăłwna","kat":"wojewodzka"},"geometry":{"type":"LineString","coordinates":[[19.26285,50.07391],[19.26387,50.07308],[19.26427,50.07252],[19.26471,50.07014],[19.2666,50.06653],[19.26672,50.0659],[19.26675,50.06472],[19.26652,50.06395],[19.26226,50.05593],[19.26177,50.05525]]}},{"type":"Feature","properties":{"numer":"","klasa":"droga gĹ‚Ăłwna","kat":"gminna"},"geometry":{"type":"LineString","coordinates":[[19.23894,50.06759],[19.23867,50.06695],[19.23813,50.06457],[19.23785,50.06426],[19.23716,50.06384]]}},{"type":"Feature","properties":{"numer":"","klasa":"droga gĹ‚Ăłwna","kat":"gminna"},"geometry":{"type":"LineString","coordinates":[[19.24762,50.07153],[19.24098,50.06928],[19.23976,50.06854],[19.23894,50.06759]]}},{"type":"Feature","properties":{"numer":"1808K","klasa":"","kat":"powiatowa"},"geometry":{"type":"LineString","coordinates":[[19.23894,50.06759],[19.23846,50.06805],[19.23747,50.06854],[19.23625,50.06875],[19.23596,50.06889],[19.23601,50.06966],[19.23636,50.07061],[19.23638,50.07203],[19.23582,50.07303],[19.23461,50.07404]]}},{"type":"Feature","properties":{"numer":"","klasa":"droga gĹ‚Ăłwna","kat":"gminna"},"geometry":{"type":"LineString","coordinates":[[19.26069,50.07203],[19.25936,50.07154],[19.25788,50.07134],[19.24895,50.07155],[19.24762,50.07153]]}},{"type":"Feature","properties":{"numer":"1900K","klasa":"droga zbiorcza","kat":"powiatowa"},"geometry":{"type":"LineString","coordinates":[[19.23461,50.07404],[19.24624,50.07186],[19.24731,50.07165],[19.24762,50.07153]]}},{"type":"Feature","properties":{"numer":"","klasa":"droga gĹ‚Ăłwna","kat":"gminna"},"geometry":{"type":"LineString","coordinates":[[19.26069,50.07203],[19.2615,50.07256],[19.26285,50.07391]]}},{"type":"Feature","properties":{"numer":"1808K,1900K","klasa":"droga zbiorcza","kat":"powiatowa"},"geometry":{"type":"LineString","coordinates":[[19.23406,50.07412],[19.23461,50.07404]]}},{"type":"Feature","properties":{"numer":"470224K","klasa":"droga dojazdowa","kat":"powiatowa"},"geometry":{"type":"LineString","coordinates":[[19.47648,49.94908],[19.47654420662598,49.94910346011334]]}},{"type":"Feature","properties":{"numer":"1807K","klasa":"droga zbiorcza","kat":"powiatowa"},"geometry":{"type":"LineString","coordinates":[[19.46795,49.95356],[19.46836,49.95365],[19.46868,49.95359],[19.46947,49.95312],[19.47033,49.95275],[19.47119,49.95216],[19.4733,49.95117],[19.474587454600254,49.950101500263735]]}},{"type":"Feature","properties":{"numer":"1807K","klasa":"droga zbiorcza","kat":"powiatowa"},"geometry":{"type":"LineString","coordinates":[[19.474862408858616,49.949888827938665],[19.47548,49.94948],[19.47611,49.94917],[19.47648,49.94908]]}},{"type":"Feature","properties":{"numer":"1807K","klasa":"droga zbiorcza","kat":"powiatowa"},"geometry":{"type":"LineString","coordinates":[[19.46791,49.95354],[19.46795,49.95356]]}},{"type":"Feature","properties":{"numer":"44","klasa":"droga gĹ‚Ăłwna","kat":"krajowa"},"geometry":{"type":"LineString","coordinates":[[19.45851,49.99445],[19.45907,49.99445],[19.46315,49.99501],[19.46553,49.99512],[19.46837,49.99454],[19.4692,49.99445],[19.4726785171281,49.99433464101361]]}},{"type":"Feature","properties":{"numer":"1773K","klasa":"droga zbiorcza","kat":"powiatowa"},"geometry":{"type":"LineString","coordinates":[[19.45599,50.02587],[19.45828,50.02865],[19.45843,50.02919],[19.46001,50.02968],[19.46133,50.03023],[19.46163,50.03026],[19.46275,50.02994],[19.46302,50.0298],[19.46344,50.02933],[19.46364,50.02891],[19.46382,50.0288],[19.47173,50.02747],[19.4756,50.02658],[19.47868,50.02609],[19.48001,50.02594],[19.48137,50.02591],[19.48385,50.02599],[19.48752,50.02568],[19.48845,50.02531],[19.48861,50.02514],[19.48779,50.02321],[19.48808,50.02269],[19.48832,50.02258],[19.48952,50.0224],[19.48965,50.02225],[19.48962,50.02192],[19.48983,50.02178],[19.49011,50.02179],[19.49157,50.02211],[19.4924,50.02213],[19.49262,50.022],[19.49289208569119,50.0216860549717]]}},{"type":"Feature","properties":{"numer":"1758K","klasa":"droga zbiorcza","kat":"powiatowa"},"geometry":{"type":"LineString","coordinates":[[19.33168,49.93063],[19.33231,49.92998]]}},{"type":"Feature","properties":{"numer":"1897K","klasa":"droga zbiorcza","kat":"powiatowa"},"geometry":{"type":"LineString","coordinates":[[19.33207,49.93069],[19.33231,49.92998]]}},{"type":"Feature","properties":{"numer":"1897K","klasa":"droga zbiorcza","kat":"powiatowa"},"geometry":{"type":"LineString","coordinates":[[19.33168,49.93063],[19.3319,49.93062],[19.33207,49.93069]]}},{"type":"Feature","properties":{"numer":"1758K","klasa":"droga zbiorcza","kat":"powiatowa"},"geometry":{"type":"LineString","coordinates":[[19.31007,49.93787],[19.31139,49.93716],[19.3152,49.93573],[19.33015,49.93208],[19.33049,49.93188],[19.33168,49.93063]]}},{"type":"Feature","properties":{"numer":"1897K","klasa":"droga zbiorcza","kat":"powiatowa"},"geometry":{"type":"LineString","coordinates":[[19.33194,49.94595],[19.33148,49.94449],[19.33157,49.94432],[19.3323,49.94388],[19.33242,49.94348],[19.33222,49.94215],[19.33217,49.93684],[19.33129,49.93355],[19.33159,49.93194],[19.33207,49.93069]]}},{"type":"Feature","properties":{"numer":"1761K","klasa":"droga zbiorcza","kat":"powiatowa"},"geometry":{"type":"LineString","coordinates":[[19.33194,49.94595],[19.33304,49.94569],[19.33476,49.94541],[19.3369,49.94451],[19.33757,49.94431],[19.33919,49.94423],[19.34105,49.94403],[19.34214,49.94407],[19.34425,49.94385],[19.35027,49.94366],[19.35237,49.94419],[19.35346,49.94485],[19.35403,49.94501]]}},{"type":"Feature","properties":{"numer":"1897K","klasa":"droga zbiorcza","kat":"powiatowa"},"geometry":{"type":"LineString","coordinates":[[19.33003,49.98323],[19.32787,49.97836],[19.32784,49.97713],[19.32763,49.97614],[19.32756,49.97433],[19.32741,49.97359],[19.32743,49.9724],[19.3276,49.97132],[19.32808,49.97001],[19.32934,49.96843],[19.32981,49.96756],[19.32992,49.96539],[19.32987,49.96328],[19.33296,49.95648],[19.3331,49.95385],[19.33262,49.94793],[19.33194,49.94595]]}},{"type":"Feature","properties":{"numer":"1899K","klasa":"droga zbiorcza","kat":"powiatowa"},"geometry":{"type":"LineString","coordinates":[[19.36107,49.97767],[19.36091,49.97766]]}},{"type":"Feature","properties":{"numer":"1899K","klasa":"droga zbiorcza","kat":"powiatowa"},"geometry":{"type":"LineString","coordinates":[[19.36107,49.97767],[19.36636,49.9779]]}},{"type":"Feature","properties":{"numer":"1899K","klasa":"droga zbiorcza","kat":"powiatowa"},"geometry":{"type":"LineString","coordinates":[[19.33003,49.98323],[19.33138,49.98348],[19.33294,49.9833],[19.33526,49.98341],[19.33773,49.98326],[19.33829,49.98316],[19.34085,49.98229],[19.3426,49.98192],[19.34341,49.98187],[19.34375,49.98189],[19.3442,49.98203],[19.34557,49.98282],[19.34599,49.9829],[19.34657,49.98286],[19.34707,49.98272],[19.3479,49.98228],[19.34867,49.98153],[19.35209,49.98103],[19.3553,49.97979],[19.35673,49.9791],[19.35811,49.97781],[19.35835,49.97769],[19.35905,49.97759],[19.36091,49.97766]]}},{"type":"Feature","properties":{"numer":"1758K","klasa":"droga zbiorcza","kat":"powiatowa"},"geometry":{"type":"LineString","coordinates":[[19.3053,49.94066],[19.30686,49.93987]]}},{"type":"Feature","properties":{"numer":"1758K","klasa":"droga zbiorcza","kat":"powiatowa"},"geometry":{"type":"LineString","coordinates":[[19.27822,49.94439],[19.2839,49.94321],[19.28644,49.94329],[19.28844,49.94287],[19.29197,49.94267],[19.29341,49.94249],[19.29605,49.94272],[19.29756,49.94263],[19.301,49.94179],[19.30255,49.94167],[19.30311,49.94156],[19.3053,49.94066]]}},{"type":"Feature","properties":{"numer":"1758K","klasa":"droga zbiorcza","kat":"powiatowa"},"geometry":{"type":"LineString","coordinates":[[19.27812,49.94441],[19.27822,49.94439]]}},{"type":"Feature","properties":{"numer":"1758K","klasa":"droga zbiorcza","kat":"powiatowa"},"geometry":{"type":"LineString","coordinates":[[19.27486,49.94507],[19.27812,49.94441]]}},{"type":"Feature","properties":{"numer":"1758K","klasa":"droga zbiorcza","kat":"powiatowa"},"geometry":{"type":"LineString","coordinates":[[19.27477,49.94509],[19.27486,49.94507]]}},{"type":"Feature","properties":{"numer":"1814K","klasa":"","kat":"powiatowa"},"geometry":{"type":"LineString","coordinates":[[19.26833,49.95297],[19.27031,49.95226],[19.27177,49.95122],[19.27466,49.94986],[19.276,49.94892],[19.27655,49.94869],[19.2781,49.94861],[19.27864,49.94871],[19.27932,49.94897],[19.27985,49.94896],[19.28367,49.94747],[19.28436,49.94734],[19.28571,49.94727],[19.28656,49.94712],[19.28917,49.94652],[19.29044,49.946],[19.29152,49.94577],[19.29223,49.94575],[19.29403,49.94604],[19.29581,49.94653],[19.2967,49.94653],[19.29847,49.94675],[19.30111,49.94616],[19.30267,49.94568],[19.30369,49.94565],[19.30508,49.94585],[19.30586,49.94582],[19.30721,49.94552],[19.30896,49.94492],[19.30901,49.94481],[19.30824,49.94342],[19.30822,49.94317],[19.30874,49.94286],[19.30886,49.94238],[19.30919,49.94201],[19.31169,49.94139],[19.31173,49.94128],[19.31142,49.94041],[19.31197,49.9399],[19.31194,49.93975],[19.31056,49.93819],[19.31007,49.93787]]}},{"type":"Feature","properties":{"numer":"1758K","klasa":"droga zbiorcza","kat":"powiatowa"},"geometry":{"type":"LineString","coordinates":[[19.26275,49.95059],[19.2631,49.95062],[19.26491,49.95048],[19.26659,49.94995],[19.26847,49.94805],[19.26931,49.94741],[19.27289,49.94572],[19.27387,49.94532],[19.27477,49.94509]]}},{"type":"Feature","properties":{"numer":"1814K","klasa":"","kat":"powiatowa"},"geometry":{"type":"LineString","coordinates":[[19.26519,49.95373],[19.26625,49.95319],[19.26833,49.95297]]}},{"type":"Feature","properties":{"numer":"949","klasa":"droga gĹ‚Ăłwna","kat":"wojewodzka"},"geometry":{"type":"LineString","coordinates":[[19.24268,49.95889],[19.24264,49.95913],[19.24215,49.95949],[19.24221,49.95977],[19.24359,49.96037],[19.24416,49.96074],[19.25109,49.96634],[19.25175,49.96683],[19.25241,49.96715],[19.25761,49.96832],[19.26191,49.9677],[19.26565,49.96733],[19.26637,49.96738],[19.26938,49.96838],[19.27006,49.96868],[19.27532,49.97302],[19.276,49.97344],[19.27733,49.97404],[19.28013,49.97447],[19.28195,49.97486],[19.28411,49.97504],[19.28666,49.97566],[19.29196,49.97655],[19.29274,49.97685],[19.296,49.97872],[19.29917,49.98003],[19.29986,49.9802],[19.30073,49.98029],[19.30489,49.98018],[19.30571,49.9803],[19.30686,49.98064],[19.30943,49.98156],[19.31118,49.9824],[19.31424,49.98368],[19.31636,49.98418],[19.31775,49.98479],[19.31833,49.98496],[19.31952,49.98512],[19.32235,49.98496],[19.32623,49.98519]]}},{"type":"Feature","properties":{"numer":"1897K","klasa":"droga zbiorcza","kat":"powiatowa"},"geometry":{"type":"LineString","coordinates":[[19.30752,49.99969],[19.32405,49.98869],[19.32513,49.98773],[19.32544,49.98719]]}},{"type":"Feature","properties":{"numer":"1758K","klasa":"droga zbiorcza","kat":"powiatowa"},"geometry":{"type":"LineString","coordinates":[[19.23929,49.95679],[19.24526,49.95489],[19.25025,49.95366],[19.25326,49.95188],[19.25483,49.95135],[19.25683,49.95102],[19.26183,49.95069],[19.26243,49.95057]]}},{"type":"Feature","properties":{"numer":"1814K","klasa":"","kat":"powiatowa"},"geometry":{"type":"LineString","coordinates":[[19.24268,49.95889],[19.24365,49.95844],[19.24421,49.9583],[19.24512,49.95849],[19.2455,49.9585],[19.24696,49.95812],[19.249,49.95783],[19.25212,49.95781],[19.25264,49.95774],[19.25404,49.95705],[19.2552,49.95604],[19.25552,49.95588],[19.25897,49.95537],[19.25988,49.9551],[19.26077,49.9547],[19.26343,49.95426],[19.2647,49.95394],[19.26519,49.95373]]}},{"type":"Feature","properties":{"numer":"949","klasa":"droga gĹ‚Ăłwna","kat":"wojewodzka"},"geometry":{"type":"LineString","coordinates":[[19.23929,49.95679],[19.24053,49.95827]]}},{"type":"Feature","properties":{"numer":"949","klasa":"droga gĹ‚Ăłwna","kat":"wojewodzka"},"geometry":{"type":"LineString","coordinates":[[19.23285,49.95939],[19.23374,49.95885],[19.23454,49.95786],[19.23517,49.95745],[19.23562,49.95732],[19.23929,49.95679]]}},{"type":"Feature","properties":{"numer":"949","klasa":"droga gĹ‚Ăłwna","kat":"wojewodzka"},"geometry":{"type":"LineString","coordinates":[[19.24053,49.95827],[19.2406,49.95836]]}},{"type":"Feature","properties":{"numer":"949","klasa":"droga gĹ‚Ăłwna","kat":"wojewodzka"},"geometry":{"type":"LineString","coordinates":[[19.2406,49.95836],[19.24098,49.95877],[19.24122,49.95886],[19.24162,49.95888],[19.24225,49.95874],[19.24268,49.95889]]}},{"type":"Feature","properties":{"numer":"949","klasa":"droga gĹ‚Ăłwna","kat":"wojewodzka"},"geometry":{"type":"LineString","coordinates":[[19.23285,49.95939],[19.23274,49.95944]]}},{"type":"Feature","properties":{"numer":"949","klasa":"droga gĹ‚Ăłwna","kat":"wojewodzka"},"geometry":{"type":"LineString","coordinates":[[19.23274,49.95944],[19.21985,49.96643]]}},{"type":"Feature","properties":{"numer":"1864K","klasa":"droga zbiorcza","kat":"powiatowa"},"geometry":{"type":"LineString","coordinates":[[19.21799,49.98177],[19.22094,49.98166],[19.22304,49.98112],[19.22539,49.98067],[19.22695,49.98068],[19.22875,49.98045],[19.23121,49.98026],[19.23475,49.98009],[19.23529,49.98025],[19.23762,49.98209]]}},{"type":"Feature","properties":{"numer":"1864K","klasa":"droga zbiorcza","kat":"powiatowa"},"geometry":{"type":"LineString","coordinates":[[19.23762,49.98209],[19.23806,49.98221],[19.23961,49.98235],[19.24145,49.9824],[19.2447,49.98293],[19.24611,49.98339],[19.24747,49.9837],[19.24909,49.98423],[19.24955,49.98452],[19.25021,49.98513],[19.25265,49.98652],[19.25394,49.98782],[19.25688,49.99002],[19.2574,49.99007],[19.25905,49.98995],[19.26191,49.9903],[19.2633,49.99032],[19.26415,49.99051],[19.26598,49.99116],[19.26726,49.99121],[19.2693,49.99165],[19.27038,49.99174]]}},{"type":"Feature","properties":{"numer":"1897K","klasa":"droga zbiorcza","kat":"powiatowa"},"geometry":{"type":"LineString","coordinates":[[19.32623,49.98519],[19.32648,49.98454],[19.32667,49.98439],[19.32879,49.98444],[19.3297,49.98421],[19.32987,49.98408],[19.33003,49.98374],[19.33003,49.98323]]}},{"type":"Feature","properties":{"numer":"1762K","klasa":"droga zbiorcza","kat":"powiatowa"},"geometry":{"type":"LineString","coordinates":[[19.36188,49.99062],[19.36144,49.98836],[19.36139,49.98712],[19.36151,49.98659],[19.36258,49.98424],[19.366,49.98005],[19.36614,49.97864],[19.36636,49.9779]]}},{"type":"Feature","properties":{"numer":"1897K,949","klasa":"droga gĹ‚Ăłwna","kat":"powiatowa"},"geometry":{"type":"LineString","coordinates":[[19.32623,49.98519],[19.32638,49.9855],[19.32544,49.98719]]}},{"type":"Feature","properties":{"numer":"949","klasa":"droga gĹ‚Ăłwna","kat":"wojewodzka"},"geometry":{"type":"LineString","coordinates":[[19.32544,49.98719],[19.32693,49.98777],[19.32845,49.98858],[19.329,49.98876],[19.33486,49.9893],[19.34684,49.98984],[19.3473,49.98975],[19.34854,49.98928],[19.34899,49.98919]]}},{"type":"Feature","properties":{"numer":"949","klasa":"droga gĹ‚Ăłwna","kat":"wojewodzka"},"geometry":{"type":"LineString","coordinates":[[19.34899,49.98919],[19.34926,49.98916]]}},{"type":"Feature","properties":{"numer":"949","klasa":"droga gĹ‚Ăłwna","kat":"wojewodzka"},"geometry":{"type":"LineString","coordinates":[[19.34926,49.98916],[19.3501,49.98902],[19.35151,49.98826],[19.35216,49.98819],[19.35326,49.9886],[19.35428,49.98928],[19.35502,49.98956],[19.36188,49.99062]]}},{"type":"Feature","properties":{"numer":"44","klasa":"droga gĹ‚Ăłwna","kat":"krajowa"},"geometry":{"type":"LineString","coordinates":[[19.33865,50.01806],[19.34284,50.0172],[19.34817,50.01625],[19.34863,50.01621],[19.34959,50.01627],[19.35047,50.01619],[19.35246,50.0159],[19.35442,50.01547],[19.35818,50.01444],[19.36085,50.01392],[19.36546,50.01215],[19.37021,50.01053],[19.37133,50.01024]]}},{"type":"Feature","properties":{"numer":"44","klasa":"droga gĹ‚Ăłwna","kat":"krajowa"},"geometry":{"type":"LineString","coordinates":[[19.32776,50.01997],[19.32988,50.01961],[19.3311,50.01928],[19.33457,50.01886],[19.33865,50.01806]]}},{"type":"Feature","properties":{"numer":"44","klasa":"droga gĹ‚Ăłwna","kat":"krajowa"},"geometry":{"type":"LineString","coordinates":[[19.32736,50.02005],[19.32776,50.01997]]}},{"type":"Feature","properties":{"numer":"44","klasa":"droga gĹ‚Ăłwna","kat":"krajowa"},"geometry":{"type":"LineString","coordinates":[[19.32449,50.02042],[19.32567,50.02036],[19.32736,50.02005]]}},{"type":"Feature","properties":{"numer":"1867K","klasa":"droga zbiorcza","kat":"powiatowa"},"geometry":{"type":"LineString","coordinates":[[19.24076,50.02161],[19.24029,50.02118],[19.24002,50.02075],[19.23973,50.02011],[19.23963,50.01942],[19.23903,50.0183],[19.23846,50.01746],[19.23745,50.01645],[19.23737,50.01609],[19.23764,50.01554],[19.23729,50.01497],[19.23501,50.01273],[19.23476,50.01266],[19.23421,50.0127],[19.23401,50.01263],[19.23217,50.01097],[19.23155,50.01061],[19.23081,50.01003],[19.23052,50.00965],[19.23033,50.00902],[19.23095,50.00857],[19.23162,50.0078],[19.232,50.00751],[19.23368,50.00683],[19.23405,50.00655],[19.23412,50.00638],[19.23407,50.00598],[19.23319,50.00341],[19.23285,50.00302],[19.23168,50.00214],[19.23134,50.00174],[19.2311,49.99979],[19.23129,49.99952],[19.23251,49.99908],[19.23296,49.99872],[19.23405,49.99813],[19.23438,49.9979],[19.23454,49.99765],[19.23458,49.9973],[19.23441,49.99664],[19.23345,49.99481],[19.23385,49.99417],[19.23457,49.99338],[19.23523,49.99203],[19.23552,49.99176],[19.23636,49.99132],[19.23653,49.99108],[19.23649,49.99071],[19.23603,49.99019],[19.23588,49.98976],[19.23762,49.98209]]}},{"type":"Feature","properties":{"numer":"44","klasa":"droga gĹ‚Ăłwna ruchu przyĹ›pieszonego","kat":"krajowa"},"geometry":{"type":"LineString","coordinates":[[19.22265,50.01792],[19.22288,50.0179]]}},{"type":"Feature","properties":{"numer":"44","klasa":"droga gĹ‚Ăłwna ruchu przyĹ›pieszonego","kat":"krajowa"},"geometry":{"type":"LineString","coordinates":[[19.22288,50.0179],[19.22463,50.01783],[19.22647,50.01803]]}},{"type":"Feature","properties":{"numer":"44","klasa":"droga gĹ‚Ăłwna ruchu przyĹ›pieszonego","kat":"krajowa"},"geometry":{"type":"LineString","coordinates":[[19.22647,50.01803],[19.22675,50.01808]]}},{"type":"Feature","properties":{"numer":"44","klasa":"droga gĹ‚Ăłwna ruchu przyĹ›pieszonego","kat":"krajowa"},"geometry":{"type":"LineString","coordinates":[[19.22675,50.01808],[19.22775,50.01832],[19.22894,50.01876],[19.23016,50.01943],[19.23162,50.02045],[19.23249,50.02093],[19.234,50.02151],[19.23491,50.02173]]}},{"type":"Feature","properties":{"numer":"","klasa":"droga wewnÄ™trzna","kat":"gminna"},"geometry":{"type":"LineString","coordinates":[[19.2246,50.0211],[19.2236,50.02071],[19.2226,50.02058]]}},{"type":"Feature","properties":{"numer":"","klasa":"droga wewnÄ™trzna","kat":"gminna"},"geometry":{"type":"LineString","coordinates":[[19.22697,50.02242],[19.2246,50.0211]]}},{"type":"Feature","properties":{"numer":"44","klasa":"droga gĹ‚Ăłwna ruchu przyĹ›pieszonego","kat":"krajowa"},"geometry":{"type":"LineString","coordinates":[[19.23491,50.02173],[19.23564,50.02187]]}},{"type":"Feature","properties":{"numer":"44","klasa":"droga gĹ‚Ăłwna ruchu przyĹ›pieszonego","kat":"krajowa"},"geometry":{"type":"LineString","coordinates":[[19.23564,50.02187],[19.23768,50.02201],[19.23918,50.02189],[19.24076,50.02161]]}},{"type":"Feature","properties":{"numer":"44","klasa":"droga gĹ‚Ăłwna ruchu przyĹ›pieszonego","kat":"krajowa"},"geometry":{"type":"LineString","coordinates":[[19.23491,50.02173],[19.23479,50.02217]]}},{"type":"Feature","properties":{"numer":"1864K","klasa":"droga zbiorcza","kat":"powiatowa"},"geometry":{"type":"LineString","coordinates":[[19.27038,49.99174],[19.2712,49.99176],[19.27312,49.99206],[19.27466,49.99211],[19.27886,49.99269],[19.28021,49.99269],[19.28144,49.99287],[19.2829,49.99269],[19.28351,49.99292],[19.28528,49.99405],[19.28649,49.99463],[19.28767,49.99506],[19.28983,49.99625],[19.29032,49.9963],[19.29368,49.99616],[19.29477,49.99659],[19.2952,49.99666],[19.29577,49.99658],[19.2964,49.99618],[19.29676,49.99617],[19.3011,49.99766],[19.30587,49.99946],[19.30752,49.99969]]}},{"type":"Feature","properties":{"numer":"1865K","klasa":"droga zbiorcza","kat":"powiatowa"},"geometry":{"type":"LineString","coordinates":[[19.28144,50.00886],[19.28056,50.00874],[19.27975,50.00815],[19.27929,50.0068],[19.27791,50.00412],[19.27697,50.00202],[19.27604,50.00125],[19.27569,50.00076],[19.27557,50.00039],[19.27563,49.99965],[19.27555,49.99939],[19.27495,49.99844],[19.27389,49.99622],[19.2735,49.99567],[19.27048,49.99273],[19.2704,49.99251],[19.27058,49.9921],[19.27038,49.99174]]}},{"type":"Feature","properties":{"numer":"1897K","klasa":"droga zbiorcza","kat":"powiatowa"},"geometry":{"type":"LineString","coordinates":[[19.30138,50.00631],[19.30122,50.00467],[19.30149,50.00362],[19.30752,49.99969]]}},{"type":"Feature","properties":{"numer":"1897K","klasa":"droga zbiorcza","kat":"powiatowa"},"geometry":{"type":"LineString","coordinates":[[19.30137,50.00642],[19.30138,50.00631]]}},{"type":"Feature","properties":{"numer":"1897K","klasa":"droga zbiorcza","kat":"powiatowa"},"geometry":{"type":"LineString","coordinates":[[19.29076,50.00944],[19.29228,50.00925],[19.29546,50.00807],[19.29654,50.00784],[19.29719,50.00783],[19.2981,50.00802],[19.30027,50.00794],[19.30117,50.00735],[19.30137,50.00642]]}},{"type":"Feature","properties":{"numer":"1865K","klasa":"droga zbiorcza","kat":"powiatowa"},"geometry":{"type":"LineString","coordinates":[[19.28158,50.00886],[19.28144,50.00886]]}},{"type":"Feature","properties":{"numer":"1865K","klasa":"droga zbiorcza","kat":"powiatowa"},"geometry":{"type":"LineString","coordinates":[[19.28285,50.00979],[19.28265,50.00916],[19.28251,50.009],[19.28158,50.00886]]}},{"type":"Feature","properties":{"numer":"1897K","klasa":"droga zbiorcza","kat":"powiatowa"},"geometry":{"type":"LineString","coordinates":[[19.28285,50.00979],[19.28339,50.0098],[19.28431,50.01017],[19.28523,50.01016],[19.287,50.00988],[19.28866,50.00953],[19.29076,50.00944]]}},{"type":"Feature","properties":{"numer":"1866K","klasa":"droga zbiorcza","kat":"powiatowa"},"geometry":{"type":"LineString","coordinates":[[19.29076,50.00944],[19.29107,50.01078],[19.29128,50.01094],[19.30143,50.0124],[19.30175,50.0125],[19.30231,50.0148],[19.30236,50.01602],[19.30259,50.01631],[19.3039,50.0165],[19.30607,50.01643],[19.30668,50.01652],[19.30728,50.01683],[19.30814,50.01769],[19.30822,50.01794],[19.30869,50.01798],[19.31154,50.0173],[19.31413,50.01714],[19.31483,50.01715],[19.31773,50.01755],[19.32219,50.01893],[19.32449,50.02042]]}},{"type":"Feature","properties":{"numer":"1897K","klasa":"droga zbiorcza","kat":"powiatowa"},"geometry":{"type":"LineString","coordinates":[[19.253,50.02466],[19.25463,50.02474],[19.25592,50.0245],[19.25707,50.02414],[19.25842,50.02344],[19.25902,50.02296],[19.25937,50.02249],[19.25947,50.02208],[19.25932,50.02161],[19.25944,50.02142],[19.26201,50.02007],[19.26437,50.01845],[19.26571,50.01776],[19.26618,50.01741],[19.26727,50.01553],[19.26788,50.01374],[19.26813,50.01348],[19.27037,50.01258],[19.2725,50.01269],[19.27368,50.01242],[19.27618,50.01223],[19.27712,50.01247],[19.27768,50.0124],[19.27902,50.01192],[19.28019,50.01092],[19.28135,50.01069],[19.28285,50.00979]]}},{"type":"Feature","properties":{"numer":"1867K","klasa":"droga zbiorcza","kat":"powiatowa"},"geometry":{"type":"LineString","coordinates":[[19.24161,50.02404],[19.24096,50.02198],[19.24076,50.02161]]}},{"type":"Feature","properties":{"numer":"44,933","klasa":"droga gĹ‚Ăłwna","kat":"gminna"},"geometry":{"type":"LineString","coordinates":[[19.253,50.02466],[19.25281,50.02406],[19.25229,50.02362],[19.24857,50.02183],[19.24719,50.02136],[19.24589,50.02111],[19.24422,50.02104],[19.2428,50.02118],[19.24076,50.02161]]}},{"type":"Feature","properties":{"numer":"","klasa":"droga wewnÄ™trzna","kat":"gminna"},"geometry":{"type":"LineString","coordinates":[[19.22969,50.02397],[19.22697,50.02242]]}},{"type":"Feature","properties":{"numer":"44","klasa":"droga gĹ‚Ăłwna ruchu przyĹ›pieszonego","kat":"krajowa"},"geometry":{"type":"LineString","coordinates":[[19.23479,50.02217],[19.23444,50.02278],[19.23416,50.02298],[19.23239,50.02381],[19.23096,50.02472]]}},{"type":"Feature","properties":{"numer":"","klasa":"droga wewnÄ™trzna","kat":"gminna"},"geometry":{"type":"LineString","coordinates":[[19.23001,50.02416],[19.22969,50.02397]]}},{"type":"Feature","properties":{"numer":"510701K","klasa":"droga lokalna","kat":"powiatowa"},"geometry":{"type":"LineString","coordinates":[[19.23001,50.02416],[19.23048,50.02444]]}},{"type":"Feature","properties":{"numer":"1897K","klasa":"droga zbiorcza","kat":"powiatowa"},"geometry":{"type":"LineString","coordinates":[[19.24161,50.02404],[19.24202,50.02422],[19.24243,50.0246],[19.24282,50.0247],[19.24445,50.0246],[19.24556,50.02446],[19.24687,50.02448],[19.24824,50.02419],[19.25063,50.0241],[19.25125,50.02423],[19.25201,50.02454],[19.253,50.02466]]}},{"type":"Feature","properties":{"numer":"510701K","klasa":"droga lokalna","kat":"powiatowa"},"geometry":{"type":"LineString","coordinates":[[19.23048,50.02444],[19.23081,50.02463]]}},{"type":"Feature","properties":{"numer":"510767K","klasa":"droga lokalna","kat":"powiatowa"},"geometry":{"type":"LineString","coordinates":[[19.23135,50.02499],[19.23111,50.02483]]}},{"type":"Feature","properties":{"numer":"1897K","klasa":"droga zbiorcza","kat":"powiatowa"},"geometry":{"type":"LineString","coordinates":[[19.23956,50.02668],[19.24006,50.02619],[19.24044,50.0255],[19.24107,50.02486],[19.24161,50.02404]]}},{"type":"Feature","properties":{"numer":"510767K","klasa":"droga lokalna","kat":"powiatowa"},"geometry":{"type":"LineString","coordinates":[[19.23273,50.02599],[19.23135,50.02499]]}},{"type":"Feature","properties":{"numer":"510767K","klasa":"droga lokalna","kat":"powiatowa"},"geometry":{"type":"LineString","coordinates":[[19.23387,50.02681],[19.23273,50.02599]]}},{"type":"Feature","properties":{"numer":"510767K","klasa":"droga lokalna","kat":"powiatowa"},"geometry":{"type":"LineString","coordinates":[[19.23482,50.0275],[19.23387,50.02681]]}},{"type":"Feature","properties":{"numer":"1897K","klasa":"droga zbiorcza","kat":"powiatowa"},"geometry":{"type":"LineString","coordinates":[[19.23628,50.02855],[19.23797,50.02772],[19.23956,50.02668]]}},{"type":"Feature","properties":{"numer":"510767K","klasa":"droga lokalna","kat":"powiatowa"},"geometry":{"type":"LineString","coordinates":[[19.23535,50.02788],[19.23482,50.0275]]}},{"type":"Feature","properties":{"numer":"44,933","klasa":"droga gĹ‚Ăłwna","kat":"gminna"},"geometry":{"type":"LineString","coordinates":[[19.25329,50.03094],[19.253,50.02466]]}},{"type":"Feature","properties":{"numer":"44,933","klasa":"droga gĹ‚Ăłwna","kat":"gminna"},"geometry":{"type":"LineString","coordinates":[[19.23096,50.02472],[19.22446,50.02922],[19.22235,50.03022],[19.21957,50.03112]]}},{"type":"Feature","properties":{"numer":"510767K","klasa":"droga lokalna","kat":"powiatowa"},"geometry":{"type":"LineString","coordinates":[[19.23628,50.02855],[19.23535,50.02788]]}},{"type":"Feature","properties":{"numer":"1890K","klasa":"droga zbiorcza","kat":"powiatowa"},"geometry":{"type":"LineString","coordinates":[[19.24196,50.03128],[19.24061,50.02756],[19.23956,50.02668]]}},{"type":"Feature","properties":{"numer":"510798K","klasa":"droga zbiorcza","kat":"powiatowa"},"geometry":{"type":"LineString","coordinates":[[19.23808,50.03028],[19.23768,50.03039],[19.2377,50.03063]]}},{"type":"Feature","properties":{"numer":"510798K","klasa":"droga zbiorcza","kat":"powiatowa"},"geometry":{"type":"LineString","coordinates":[[19.2377,50.03063],[19.23787,50.0311]]}},{"type":"Feature","properties":{"numer":"933","klasa":"droga gĹ‚Ăłwna","kat":"wojewodzka"},"geometry":{"type":"LineString","coordinates":[[19.25329,50.03094],[19.25328,50.03108]]}},{"type":"Feature","properties":{"numer":"1887K","klasa":"droga zbiorcza","kat":"powiatowa"},"geometry":{"type":"LineString","coordinates":[[19.25329,50.03094],[19.24739,50.03103],[19.24416,50.03099],[19.24196,50.03128]]}},{"type":"Feature","properties":{"numer":"510798K","klasa":"droga zbiorcza","kat":"powiatowa"},"geometry":{"type":"LineString","coordinates":[[19.23787,50.0311],[19.23789,50.03115]]}},{"type":"Feature","properties":{"numer":"510798K","klasa":"droga zbiorcza","kat":"powiatowa"},"geometry":{"type":"LineString","coordinates":[[19.23789,50.03115],[19.23801,50.03148]]}},{"type":"Feature","properties":{"numer":"1897K","klasa":"droga zbiorcza","kat":"powiatowa"},"geometry":{"type":"LineString","coordinates":[[19.23053,50.03456],[19.23227,50.03185],[19.23322,50.03088],[19.23377,50.03006],[19.23501,50.02909],[19.23628,50.02855]]}},{"type":"Feature","properties":{"numer":"1887K","klasa":"droga zbiorcza","kat":"powiatowa"},"geometry":{"type":"LineString","coordinates":[[19.24196,50.03128],[19.23814,50.03187]]}},{"type":"Feature","properties":{"numer":"510798K","klasa":"droga zbiorcza","kat":"powiatowa"},"geometry":{"type":"LineString","coordinates":[[19.23801,50.03148],[19.23811,50.03177]]}},{"type":"Feature","properties":{"numer":"1888K","klasa":"droga zbiorcza","kat":"powiatowa"},"geometry":{"type":"LineString","coordinates":[[19.23811,50.03177],[19.23814,50.03187]]}},{"type":"Feature","properties":{"numer":"1887K","klasa":"droga zbiorcza","kat":"powiatowa"},"geometry":{"type":"LineString","coordinates":[[19.23814,50.03187],[19.23467,50.03236],[19.23417,50.03276],[19.23278,50.03303],[19.23194,50.0335],[19.23151,50.03391]]}},{"type":"Feature","properties":{"numer":"1890K","klasa":"droga zbiorcza","kat":"powiatowa"},"geometry":{"type":"LineString","coordinates":[[19.2433,50.03551],[19.24313,50.0343],[19.24196,50.03128]]}},{"type":"Feature","properties":{"numer":"1897K","klasa":"droga zbiorcza","kat":"powiatowa"},"geometry":{"type":"LineString","coordinates":[[19.21957,50.03112],[19.21975,50.03223],[19.22249,50.03461],[19.22371,50.03573],[19.22393,50.03605],[19.2244,50.0361],[19.22543,50.03603],[19.22809,50.03569],[19.22991,50.03493],[19.23053,50.03456]]}},{"type":"Feature","properties":{"numer":"1888K","klasa":"droga zbiorcza","kat":"powiatowa"},"geometry":{"type":"LineString","coordinates":[[19.23814,50.03187],[19.23836,50.03246],[19.23868,50.03425],[19.23878,50.03573]]}},{"type":"Feature","properties":{"numer":"1896K","klasa":"","kat":"powiatowa"},"geometry":{"type":"LineString","coordinates":[[19.23151,50.03391],[19.23174,50.03413]]}},{"type":"Feature","properties":{"numer":"1887K","klasa":"droga zbiorcza","kat":"powiatowa"},"geometry":{"type":"LineString","coordinates":[[19.23053,50.03456],[19.23079,50.03451],[19.23151,50.03391]]}},{"type":"Feature","properties":{"numer":"933","klasa":"droga gĹ‚Ăłwna","kat":"wojewodzka"},"geometry":{"type":"LineString","coordinates":[[19.25328,50.03108],[19.25355,50.03845]]}},{"type":"Feature","properties":{"numer":"1896K","klasa":"","kat":"powiatowa"},"geometry":{"type":"LineString","coordinates":[[19.23198,50.03624],[19.23147,50.03564],[19.23139,50.03532],[19.23145,50.03495],[19.23178,50.0344],[19.23174,50.03413]]}},{"type":"Feature","properties":{"numer":"510799K","klasa":"droga lokalna","kat":"powiatowa"},"geometry":{"type":"LineString","coordinates":[[19.2533,50.03543],[19.25263,50.03542]]}},{"type":"Feature","properties":{"numer":"510799K","klasa":"droga lokalna","kat":"powiatowa"},"geometry":{"type":"LineString","coordinates":[[19.25263,50.03542],[19.25121,50.03543]]}},{"type":"Feature","properties":{"numer":"510799K","klasa":"droga lokalna","kat":"powiatowa"},"geometry":{"type":"LineString","coordinates":[[19.25105,50.03543],[19.2433,50.03551]]}},{"type":"Feature","properties":{"numer":"28","klasa":"droga gĹ‚Ăłwna","kat":"krajowa"},"geometry":{"type":"LineString","coordinates":[[19.43818,49.98923],[19.4382,49.98758],[19.43792,49.98661],[19.43792,49.98439],[19.43899,49.97888],[19.44022,49.97467],[19.44061,49.97081],[19.44121,49.96859],[19.44112,49.96812],[19.44054,49.96705],[19.44049,49.96633],[19.4425,49.96173]]}},{"type":"Feature","properties":{"numer":"1807K","klasa":"droga zbiorcza","kat":"powiatowa"},"geometry":{"type":"LineString","coordinates":[[19.45414,49.96427],[19.45414,49.96513],[19.45478,49.96903],[19.45472,49.97017],[19.45452,49.97074],[19.45352,49.97225],[19.45263,49.97596],[19.45244,49.97722],[19.45253,49.97741],[19.45268,49.97749],[19.4541,49.97777],[19.4543,49.97794],[19.45467,49.98082],[19.45508,49.98284],[19.45495,49.98376],[19.45426,49.98597],[19.45427,49.98675],[19.45446,49.98722],[19.45487,49.98772],[19.45662,49.98904],[19.457,49.98948],[19.45714,49.98991],[19.45702,49.9907],[19.4572,49.99107]]}},{"type":"Feature","properties":{"numer":"28,781","klasa":"droga gĹ‚Ăłwna","kat":"gminna"},"geometry":{"type":"LineString","coordinates":[[19.43819,49.99253],[19.43818,49.98923]]}},{"type":"Feature","properties":{"numer":"1807K,510382K","klasa":"droga zbiorcza","kat":"powiatowa"},"geometry":{"type":"LineString","coordinates":[[19.4572,49.99107],[19.45748,49.9915]]}},{"type":"Feature","properties":{"numer":"510404K","klasa":"droga lokalna","kat":"powiatowa"},"geometry":{"type":"LineString","coordinates":[[19.43675,49.99254],[19.43819,49.99253]]}},{"type":"Feature","properties":{"numer":"510404K","klasa":"droga lokalna","kat":"powiatowa"},"geometry":{"type":"LineString","coordinates":[[19.43259,49.99271],[19.43675,49.99254]]}},{"type":"Feature","properties":{"numer":"1807K","klasa":"droga zbiorcza","kat":"powiatowa"},"geometry":{"type":"LineString","coordinates":[[19.45748,49.9915],[19.4579,49.99219],[19.45794,49.99261],[19.4577,49.99295],[19.45669,49.99378],[19.45664,49.99395],[19.45686,49.99407],[19.45816,49.99432],[19.45851,49.99445]]}},{"type":"Feature","properties":{"numer":"28,781","klasa":"droga gĹ‚Ăłwna","kat":"gminna"},"geometry":{"type":"LineString","coordinates":[[19.4376,49.99591],[19.43813,49.99511],[19.43792,49.99411],[19.43817,49.99327],[19.43819,49.99253]]}},{"type":"Feature","properties":{"numer":"28,781","klasa":"droga gĹ‚Ăłwna","kat":"gminna"},"geometry":{"type":"LineString","coordinates":[[19.4376,49.99591],[19.43741,49.99643]]}},{"type":"Feature","properties":{"numer":"28,781","klasa":"droga gĹ‚Ăłwna","kat":"gminna"},"geometry":{"type":"LineString","coordinates":[[19.43806,49.99677],[19.43827,49.99612],[19.43812,49.996],[19.4376,49.99591]]}},{"type":"Feature","properties":{"numer":"1762K","klasa":"","kat":"powiatowa"},"geometry":{"type":"LineString","coordinates":[[19.3837,49.95886],[19.384141921502394,49.95844658956228]]}},{"type":"Feature","properties":{"numer":"1762K","klasa":"droga zbiorcza","kat":"powiatowa"},"geometry":{"type":"LineString","coordinates":[[19.36636,49.9779],[19.36681,49.97688],[19.36705,49.97457],[19.36723,49.97406],[19.36906,49.97213],[19.37253,49.97025],[19.37553,49.96758],[19.38031,49.96223],[19.3837,49.95886]]}},{"type":"Feature","properties":{"numer":"949","klasa":"droga gĹ‚Ăłwna","kat":"wojewodzka"},"geometry":{"type":"LineString","coordinates":[[19.36188,49.99062],[19.36335,49.99423],[19.36401,49.99511],[19.36522,49.99731],[19.36609,49.99776],[19.36842,49.99863],[19.36942,49.9989],[19.37056,49.99961],[19.37177,49.99985],[19.37218,50.00002],[19.37237,50.00025],[19.37263,50.00102],[19.37197,50.00236],[19.372,50.00267],[19.37222,50.00315],[19.37298,50.00401],[19.3735,50.00486],[19.37397,50.0053],[19.37505,50.00598],[19.37617,50.0063]]}},{"type":"Feature","properties":{"numer":"44","klasa":"droga gĹ‚Ăłwna","kat":"krajowa"},"geometry":{"type":"LineString","coordinates":[[19.3962,50.00492],[19.39643,50.00492]]}},{"type":"Feature","properties":{"numer":"44","klasa":"droga gĹ‚Ăłwna","kat":"krajowa"},"geometry":{"type":"LineString","coordinates":[[19.37617,50.0063],[19.37706,50.00601],[19.38087,50.00508],[19.38398,50.00462],[19.38824,50.00427],[19.39212,50.00409],[19.39338,50.00412],[19.39426,50.00429],[19.39539,50.00478],[19.3962,50.00492]]}},{"type":"Feature","properties":{"numer":"44","klasa":"droga gĹ‚Ăłwna","kat":"krajowa"},"geometry":{"type":"LineString","coordinates":[[19.37473,50.00791],[19.37534,50.00745],[19.37583,50.00664],[19.37617,50.0063]]}},{"type":"Feature","properties":{"numer":"44","klasa":"droga gĹ‚Ăłwna","kat":"krajowa"},"geometry":{"type":"LineString","coordinates":[[19.37435,50.00818],[19.37473,50.00791]]}},{"type":"Feature","properties":{"numer":"44","klasa":"droga gĹ‚Ăłwna","kat":"krajowa"},"geometry":{"type":"LineString","coordinates":[[19.37133,50.01024],[19.37212,50.00996],[19.37349,50.00923],[19.37378,50.00899],[19.37408,50.00844],[19.37435,50.00818]]}},{"type":"Feature","properties":{"numer":"1895K","klasa":"droga zbiorcza","kat":"powiatowa"},"geometry":{"type":"LineString","coordinates":[[19.37133,50.01024],[19.37318,50.01179],[19.3736,50.01225],[19.37368,50.01262],[19.37348,50.01342],[19.3739,50.01427],[19.37385,50.0153],[19.37419,50.01638],[19.37409,50.01663],[19.37347,50.01723],[19.373,50.01853],[19.378,50.02722],[19.37921,50.0289],[19.3793,50.02923],[19.3792,50.02965],[19.37893,50.02995],[19.3785,50.03021]]}},{"type":"Feature","properties":{"numer":"510382K","klasa":"droga lokalna","kat":"powiatowa"},"geometry":{"type":"LineString","coordinates":[[19.40352,49.99477],[19.40399,49.99486]]}},{"type":"Feature","properties":{"numer":"510382K","klasa":"droga lokalna","kat":"powiatowa"},"geometry":{"type":"LineString","coordinates":[[19.40399,49.99486],[19.40433,49.99491]]}},{"type":"Feature","properties":{"numer":"510382K","klasa":"droga lokalna","kat":"powiatowa"},"geometry":{"type":"LineString","coordinates":[[19.40433,49.99491],[19.4047,49.99495]]}},{"type":"Feature","properties":{"numer":"510382K","klasa":"droga lokalna","kat":"powiatowa"},"geometry":{"type":"LineString","coordinates":[[19.4047,49.99495],[19.40496,49.99497]]}},{"type":"Feature","properties":{"numer":"510382K","klasa":"droga lokalna","kat":"powiatowa"},"geometry":{"type":"LineString","coordinates":[[19.40496,49.99497],[19.40513,49.99498]]}},{"type":"Feature","properties":{"numer":"510382K","klasa":"droga lokalna","kat":"powiatowa"},"geometry":{"type":"LineString","coordinates":[[19.40513,49.99498],[19.40699,49.99512],[19.40791,49.99533]]}},{"type":"Feature","properties":{"numer":"510382K","klasa":"droga lokalna","kat":"powiatowa"},"geometry":{"type":"LineString","coordinates":[[19.40791,49.99533],[19.4084,49.99545]]}},{"type":"Feature","properties":{"numer":"510382K","klasa":"droga lokalna","kat":"powiatowa"},"geometry":{"type":"LineString","coordinates":[[19.4084,49.99545],[19.40954,49.99574],[19.41039,49.99614]]}},{"type":"Feature","properties":{"numer":"510382K","klasa":"droga lokalna","kat":"powiatowa"},"geometry":{"type":"LineString","coordinates":[[19.41039,49.99614],[19.41047,49.99617]]}},{"type":"Feature","properties":{"numer":"510382K","klasa":"droga lokalna","kat":"powiatowa"},"geometry":{"type":"LineString","coordinates":[[19.41047,49.99617],[19.41099,49.99641]]}},{"type":"Feature","properties":{"numer":"510382K","klasa":"droga lokalna","kat":"powiatowa"},"geometry":{"type":"LineString","coordinates":[[19.41099,49.99641],[19.412,49.99701],[19.41269,49.99731]]}},{"type":"Feature","properties":{"numer":"510382K","klasa":"droga lokalna","kat":"powiatowa"},"geometry":{"type":"LineString","coordinates":[[19.41269,49.99731],[19.41389,49.99764]]}},{"type":"Feature","properties":{"numer":"510430K","klasa":"droga lokalna","kat":"powiatowa"},"geometry":{"type":"LineString","coordinates":[[19.41979,49.99756],[19.42036,49.99784]]}},{"type":"Feature","properties":{"numer":"510382K","klasa":"droga lokalna","kat":"powiatowa"},"geometry":{"type":"LineString","coordinates":[[19.41389,49.99764],[19.41509,49.99797]]}},{"type":"Feature","properties":{"numer":"510430K","klasa":"droga lokalna","kat":"powiatowa"},"geometry":{"type":"LineString","coordinates":[[19.42036,49.99784],[19.42087,49.99808]]}},{"type":"Feature","properties":{"numer":"510382K","klasa":"droga lokalna","kat":"powiatowa"},"geometry":{"type":"LineString","coordinates":[[19.41509,49.99797],[19.41523,49.99801]]}},{"type":"Feature","properties":{"numer":"510382K","klasa":"droga lokalna","kat":"powiatowa"},"geometry":{"type":"LineString","coordinates":[[19.41675,49.99841],[19.41736,49.99848],[19.41824,49.99836],[19.41979,49.99756]]}},{"type":"Feature","properties":{"numer":"44","klasa":"droga gĹ‚Ăłwna","kat":"krajowa"},"geometry":{"type":"LineString","coordinates":[[19.42111,49.99823],[19.42087,49.99808]]}},{"type":"Feature","properties":{"numer":"44","klasa":"droga gĹ‚Ăłwna","kat":"krajowa"},"geometry":{"type":"LineString","coordinates":[[19.42111,49.99823],[19.42194,49.99827],[19.42502,49.99807],[19.43182,49.99806]]}},{"type":"Feature","properties":{"numer":"510382K","klasa":"droga lokalna","kat":"powiatowa"},"geometry":{"type":"LineString","coordinates":[[19.41523,49.99801],[19.41642,49.99833]]}},{"type":"Feature","properties":{"numer":"28,781","klasa":"droga gĹ‚Ăłwna","kat":"gminna"},"geometry":{"type":"LineString","coordinates":[[19.43741,49.99643],[19.43747,49.99659],[19.43806,49.99677]]}},{"type":"Feature","properties":{"numer":"44","klasa":"droga gĹ‚Ăłwna","kat":"krajowa"},"geometry":{"type":"LineString","coordinates":[[19.44934,49.99948],[19.45011,49.9995],[19.45108,49.99939],[19.45181,49.99918],[19.45243,49.99891],[19.45791,49.99475],[19.45851,49.99445]]}},{"type":"Feature","properties":{"numer":"510395K,781","klasa":"","kat":"powiatowa"},"geometry":{"type":"LineString","coordinates":[[19.43726,49.99763],[19.43716,49.99699],[19.43741,49.99643]]}},{"type":"Feature","properties":{"numer":"28","klasa":"droga gĹ‚Ăłwna","kat":"krajowa"},"geometry":{"type":"LineString","coordinates":[[19.43726,49.99763],[19.4377,49.99735],[19.43806,49.99677]]}},{"type":"Feature","properties":{"numer":"28,781","klasa":"droga gĹ‚Ăłwna","kat":"gminna"},"geometry":{"type":"LineString","coordinates":[[19.43596,49.99788],[19.43726,49.99763]]}},{"type":"Feature","properties":{"numer":"44,781","klasa":"droga gĹ‚Ăłwna","kat":"gminna"},"geometry":{"type":"LineString","coordinates":[[19.43182,49.99806],[19.43399,49.99811],[19.43596,49.99788]]}},{"type":"Feature","properties":{"numer":"44","klasa":"droga gĹ‚Ăłwna","kat":"krajowa"},"geometry":{"type":"LineString","coordinates":[[19.43596,49.99788],[19.43634,49.99812],[19.4368,49.99826],[19.4382,49.99823],[19.43979,49.99868],[19.44368,49.99901]]}},{"type":"Feature","properties":{"numer":"44","klasa":"droga gĹ‚Ăłwna","kat":"krajowa"},"geometry":{"type":"LineString","coordinates":[[19.44368,49.99901],[19.44657,49.99925]]}},{"type":"Feature","properties":{"numer":"44","klasa":"droga gĹ‚Ăłwna","kat":"krajowa"},"geometry":{"type":"LineString","coordinates":[[19.44657,49.99925],[19.44934,49.99948]]}},{"type":"Feature","properties":{"numer":"1806K","klasa":"droga zbiorcza","kat":"powiatowa"},"geometry":{"type":"LineString","coordinates":[[19.44934,49.99948],[19.44947,49.9996],[19.45024,49.99984],[19.45038,50.00001],[19.44924,50.0025],[19.44926,50.00267],[19.45441,50.00386]]}},{"type":"Feature","properties":{"numer":"510382K","klasa":"droga lokalna","kat":"powiatowa"},"geometry":{"type":"LineString","coordinates":[[19.41642,49.99833],[19.41675,49.99841]]}},{"type":"Feature","properties":{"numer":"1805K","klasa":"","kat":"powiatowa"},"geometry":{"type":"LineString","coordinates":[[19.40352,49.99477],[19.40343,49.99543],[19.40378,49.99726],[19.40376,49.99811],[19.40412,49.99916],[19.40461,50.00247]]}},{"type":"Feature","properties":{"numer":"44","klasa":"droga gĹ‚Ăłwna","kat":"krajowa"},"geometry":{"type":"LineString","coordinates":[[19.40461,50.00247],[19.40882,50.00161],[19.41206,50.00052],[19.41579,49.99939],[19.41857,49.99873],[19.42041,49.99845],[19.42111,49.99823]]}},{"type":"Feature","properties":{"numer":"781","klasa":"droga gĹ‚Ăłwna","kat":"wojewodzka"},"geometry":{"type":"LineString","coordinates":[[19.42262,50.0029],[19.42204,50.00075],[19.42111,49.99823]]}},{"type":"Feature","properties":{"numer":"781","klasa":"droga gĹ‚Ăłwna","kat":"wojewodzka"},"geometry":{"type":"LineString","coordinates":[[19.42275,50.00346],[19.42262,50.0029]]}},{"type":"Feature","properties":{"numer":"44","klasa":"droga gĹ‚Ăłwna","kat":"krajowa"},"geometry":{"type":"LineString","coordinates":[[19.39643,50.00492],[19.39732,50.00476],[19.40246,50.00294],[19.40461,50.00247]]}},{"type":"Feature","properties":{"numer":"781","klasa":"droga gĹ‚Ăłwna","kat":"wojewodzka"},"geometry":{"type":"LineString","coordinates":[[19.42342,50.00582],[19.42275,50.00346]]}},{"type":"Feature","properties":{"numer":"781","klasa":"droga gĹ‚Ăłwna","kat":"wojewodzka"},"geometry":{"type":"LineString","coordinates":[[19.4235,50.00602],[19.42342,50.00582]]}},{"type":"Feature","properties":{"numer":"781","klasa":"droga gĹ‚Ăłwna","kat":"wojewodzka"},"geometry":{"type":"LineString","coordinates":[[19.4235,50.00602],[19.42759,50.01656],[19.42824,50.01791],[19.42888,50.01864],[19.43301,50.02208],[19.43374,50.02257],[19.4355,50.02319]]}},{"type":"Feature","properties":{"numer":"","klasa":"droga gĹ‚Ăłwna","kat":"gminna"},"geometry":{"type":"LineString","coordinates":[[19.43182,49.99806],[19.43166,49.99956],[19.43298,50.00162],[19.43296,50.00178],[19.43259,50.00227],[19.43258,50.00253],[19.4348,50.00976],[19.43475,50.01005],[19.4341,50.01129],[19.43495,50.01336],[19.43497,50.0137],[19.43474,50.01407],[19.43385,50.01499],[19.43364,50.01639],[19.43303,50.01726],[19.43295,50.01774],[19.43313,50.0184],[19.43556,50.02142],[19.43562,50.02176],[19.4355,50.02319]]}},{"type":"Feature","properties":{"numer":"1773K","klasa":"droga zbiorcza","kat":"powiatowa"},"geometry":{"type":"LineString","coordinates":[[19.45441,50.00386],[19.455,50.00408],[19.45602,50.00466],[19.45701,50.00495],[19.45711,50.0051],[19.45461,50.00818],[19.45431,50.00868],[19.45432,50.00961],[19.45482,50.01065],[19.45505,50.01186],[19.45444,50.01355],[19.45381,50.01628],[19.45352,50.01685],[19.45282,50.01762],[19.45267,50.01792],[19.45252,50.01946],[19.45285,50.02018],[19.45416,50.02177],[19.45459,50.02216],[19.45564,50.02288],[19.45593,50.02328],[19.45612,50.02383],[19.45581,50.02467],[19.4559,50.02545]]}},{"type":"Feature","properties":{"numer":"781","klasa":"droga gĹ‚Ăłwna","kat":"wojewodzka"},"geometry":{"type":"LineString","coordinates":[[19.4355,50.02319],[19.43554,50.0235]]}},{"type":"Feature","properties":{"numer":"781","klasa":"droga gĹ‚Ăłwna","kat":"wojewodzka"},"geometry":{"type":"LineString","coordinates":[[19.43554,50.0235],[19.43553199742268,50.02360403350516]]}},{"type":"Feature","properties":{"numer":"1773K,510462K","klasa":"droga zbiorcza","kat":"powiatowa"},"geometry":{"type":"LineString","coordinates":[[19.4559,50.02545],[19.45599,50.02587]]}},{"type":"Feature","properties":{"numer":"1895K","klasa":"droga zbiorcza","kat":"powiatowa"},"geometry":{"type":"LineString","coordinates":[[19.3785,50.03021],[19.37845,50.03024]]}},{"type":"Feature","properties":{"numer":"1895K","klasa":"droga zbiorcza","kat":"powiatowa"},"geometry":{"type":"LineString","coordinates":[[19.37845,50.03024],[19.37054,50.03412],[19.36993,50.03469],[19.36967,50.03512],[19.36955,50.0356],[19.36964,50.03622]]}},{"type":"Feature","properties":{"numer":"1895K","klasa":"droga zbiorcza","kat":"powiatowa"},"geometry":{"type":"LineString","coordinates":[[19.37,50.03736],[19.36964,50.03622]]}},{"type":"Feature","properties":{"numer":"1054K","klasa":"droga zbiorcza","kat":"powiatowa"},"geometry":{"type":"LineString","coordinates":[[19.28166,50.07714],[19.2816782,50.0771166]]}},{"type":"Feature","properties":{"numer":"1054K","klasa":"droga zbiorcza","kat":"powiatowa"},"geometry":{"type":"LineString","coordinates":[[19.281890032154344,50.076844244372985],[19.28236,50.07624],[19.28304,50.07556],[19.28340215765037,50.07535606656581]]}},{"type":"Feature","properties":{"numer":"1054K","klasa":"droga zbiorcza","kat":"powiatowa"},"geometry":{"type":"LineString","coordinates":[[19.290644240337095,50.069875097642004],[19.290714298080527,50.06984687993979]]}},{"type":"Feature","properties":{"numer":"933","klasa":"droga gĹ‚Ăłwna","kat":"wojewodzka"},"geometry":{"type":"LineString","coordinates":[[19.26285,50.07391],[19.26333,50.0745],[19.26411,50.07516],[19.26607,50.07631],[19.26684,50.07668],[19.27589,50.07948],[19.28515,50.08336],[19.28594566359798,50.08383375389803]]}},{"type":"Feature","properties":{"numer":"1900K","klasa":"droga zbiorcza","kat":"powiatowa"},"geometry":{"type":"LineString","coordinates":[[19.23406,50.07412],[19.22563,50.0737],[19.22615,50.08062],[19.22807,50.08334],[19.23099,50.08624],[19.23125,50.08637]]}},{"type":"Feature","properties":{"numer":"1808K","klasa":"","kat":"powiatowa"},"geometry":{"type":"LineString","coordinates":[[19.23406,50.07412],[19.23245,50.08079],[19.23125,50.08637]]}},{"type":"Feature","properties":{"numer":"1900K","klasa":"droga zbiorcza","kat":"powiatowa"},"geometry":{"type":"LineString","coordinates":[[19.23125,50.08637],[19.23053,50.09553],[19.23051,50.09609],[19.23067,50.09688]]}},{"type":"Feature","properties":{"numer":"780","klasa":"droga gĹ‚Ăłwna","kat":"wojewodzka"},"geometry":{"type":"LineString","coordinates":[[19.23067,50.09688],[19.23342,50.09647],[19.23494,50.09646],[19.23671,50.09675],[19.23842,50.09734]]}},{"type":"Feature","properties":{"numer":"780","klasa":"droga gĹ‚Ăłwna","kat":"wojewodzka"},"geometry":{"type":"LineString","coordinates":[[19.22570364146417,50.09767780860013],[19.23067,50.09688]]}},{"type":"Feature","properties":{"numer":"1900K","klasa":"droga zbiorcza","kat":"powiatowa"},"geometry":{"type":"LineString","coordinates":[[19.23067,50.09688],[19.23129,50.09842],[19.23211,50.09926]]}},{"type":"Feature","properties":{"numer":"1907K","klasa":"droga zbiorcza","kat":"powiatowa"},"geometry":{"type":"LineString","coordinates":[[19.23842,50.09734],[19.23689,50.09808],[19.23518,50.09868],[19.23273,50.09896],[19.23211,50.09926]]}},{"type":"Feature","properties":{"numer":"780","klasa":"droga gĹ‚Ăłwna","kat":"wojewodzka"},"geometry":{"type":"LineString","coordinates":[[19.23842,50.09734],[19.23947,50.09766],[19.24162,50.09798],[19.24486,50.09943],[19.24612,50.09986],[19.24656,50.09994],[19.24868,50.09999]]}},{"type":"Feature","properties":{"numer":"780","klasa":"droga gĹ‚Ăłwna","kat":"wojewodzka"},"geometry":{"type":"LineString","coordinates":[[19.26816,50.10006],[19.28230842497518,50.09660725069935]]}},{"type":"Feature","properties":{"numer":"1906K","klasa":"","kat":"powiatowa"},"geometry":{"type":"LineString","coordinates":[[19.26816,50.10006],[19.27021,50.1037]]}},{"type":"Feature","properties":{"numer":"1906K,510620K","klasa":"","kat":"powiatowa"},"geometry":{"type":"LineString","coordinates":[[19.27021,50.1037],[19.27183,50.10339],[19.27206,50.10345],[19.27279,50.1039]]}},{"type":"Feature","properties":{"numer":"1004K","klasa":"droga zbiorcza","kat":"powiatowa"},"geometry":{"type":"LineString","coordinates":[[19.2728,50.1039],[19.272838042986425,50.10395005656109]]}},{"type":"Feature","properties":{"numer":"780","klasa":"droga gĹ‚Ăłwna","kat":"wojewodzka"},"geometry":{"type":"LineString","coordinates":[[19.24868,50.09999],[19.25761,50.1002],[19.26523,50.10071],[19.26589,50.10061],[19.26816,50.10006]]}},{"type":"Feature","properties":{"numer":"1902K","klasa":"droga zbiorcza","kat":"powiatowa"},"geometry":{"type":"LineString","coordinates":[[19.24868,50.09999],[19.2494,50.10167],[19.24931,50.10265],[19.24951,50.10315]]}},{"type":"Feature","properties":{"numer":"1907K","klasa":"droga zbiorcza","kat":"powiatowa"},"geometry":{"type":"LineString","coordinates":[[19.23211,50.09926],[19.23184,50.09956],[19.23194,50.10007],[19.23299,50.10261],[19.23304,50.10266],[19.23366,50.10262],[19.23399,50.10282],[19.23786,50.10763]]}},{"type":"Feature","properties":{"numer":"1903K","klasa":"","kat":"powiatowa"},"geometry":{"type":"LineString","coordinates":[[19.23786,50.10763],[19.23933,50.10741],[19.24755,50.10503],[19.24792,50.1048],[19.24893,50.10336],[19.24915,50.10323],[19.24951,50.10315]]}},{"type":"Feature","properties":{"numer":"1902K","klasa":"droga zbiorcza","kat":"powiatowa"},"geometry":{"type":"LineString","coordinates":[[19.24951,50.10315],[19.25032,50.10411],[19.24903,50.10627],[19.24761,50.10722],[19.24507,50.10817],[19.24304,50.10908],[19.24195,50.10994],[19.24169,50.11029]]}},{"type":"Feature","properties":{"numer":"1907K","klasa":"droga zbiorcza","kat":"powiatowa"},"geometry":{"type":"LineString","coordinates":[[19.23786,50.10763],[19.23836,50.1081],[19.24101,50.10951],[19.24147,50.10994],[19.24169,50.11029]]}},{"type":"Feature","properties":{"numer":"1907K","klasa":"droga zbiorcza","kat":"powiatowa"},"geometry":{"type":"LineString","coordinates":[[19.24169,50.11029],[19.2419,50.11159],[19.24298,50.11345],[19.24453,50.11458],[19.24575,50.11666],[19.24633,50.11801],[19.24982,50.12242],[19.25021,50.12327],[19.2508,50.12679],[19.25147,50.12752],[19.25256,50.12824],[19.25338,50.12992],[19.25421,50.1305],[19.2544,50.13059]]}},{"type":"Feature","properties":{"numer":"1907K","klasa":"droga zbiorcza","kat":"powiatowa"},"geometry":{"type":"LineString","coordinates":[[19.2544,50.13059],[19.25449,50.13063]]}},{"type":"Feature","properties":{"numer":"1907K","klasa":"droga zbiorcza","kat":"powiatowa"},"geometry":{"type":"LineString","coordinates":[[19.25449,50.13063],[19.2547,50.13074],[19.25497,50.1308]]}},{"type":"Feature","properties":{"numer":"1907K","klasa":"droga zbiorcza","kat":"powiatowa"},"geometry":{"type":"LineString","coordinates":[[19.25497,50.1308],[19.2553,50.13088]]}},{"type":"Feature","properties":{"numer":"1907K","klasa":"droga zbiorcza","kat":"powiatowa"},"geometry":{"type":"LineString","coordinates":[[19.2553,50.13088],[19.25739,50.13138],[19.2584,50.13149],[19.26001,50.13139]]}},{"type":"Feature","properties":{"numer":"6806S","klasa":"droga zbiorcza","kat":"powiatowa"},"geometry":{"type":"LineString","coordinates":[[19.260959422150886,50.13142985018727],[19.26069,50.13136],[19.26001,50.13139]]}},{"type":"Feature","properties":{"numer":"6806S","klasa":"droga zbiorcza","kat":"powiatowa"},"geometry":{"type":"LineString","coordinates":[[19.2612,50.13211],[19.261205930599367,50.132062555205046]]}},{"type":"Feature","properties":{"numer":"6806S","klasa":"droga zbiorcza","kat":"powiatowa"},"geometry":{"type":"LineString","coordinates":[[19.261183687882177,50.132165461200586],[19.2612,50.13211]]}},{"type":"Feature","properties":{"numer":"44,933","klasa":"droga gĹ‚Ăłwna","kat":"gminna"},"geometry":{"type":"LineString","coordinates":[[19.21481,50.04073],[19.21536,50.04128]]}},{"type":"Feature","properties":{"numer":"44,933","klasa":"droga gĹ‚Ăłwna","kat":"gminna"},"geometry":{"type":"LineString","coordinates":[[19.21536,50.04128],[19.21486,50.04171]]}},{"type":"Feature","properties":{"numer":"44,933","klasa":"droga gĹ‚Ăłwna","kat":"gminna"},"geometry":{"type":"LineString","coordinates":[[19.21367,50.04244],[19.21486,50.04171]]}},{"type":"Feature","properties":{"numer":"1880K","klasa":"droga zbiorcza","kat":"powiatowa"},"geometry":{"type":"LineString","coordinates":[[19.20029,50.04088],[19.20458,50.04391],[19.20568,50.04453],[19.20628,50.04503],[19.20681,50.04523],[19.20761,50.0454],[19.20801,50.0456]]}},{"type":"Feature","properties":{"numer":"44,933","klasa":"droga gĹ‚Ăłwna","kat":"gminna"},"geometry":{"type":"LineString","coordinates":[[19.2115,50.04414],[19.21247,50.04319],[19.21367,50.04244]]}},{"type":"Feature","properties":{"numer":"1879K","klasa":"","kat":"powiatowa"},"geometry":{"type":"LineString","coordinates":[[19.2115,50.04414],[19.2119,50.04447]]}},{"type":"Feature","properties":{"numer":"44,933","klasa":"droga gĹ‚Ăłwna","kat":"gminna"},"geometry":{"type":"LineString","coordinates":[[19.20801,50.0456],[19.20915,50.04504],[19.21042,50.04465],[19.2115,50.04414]]}},{"type":"Feature","properties":{"numer":"44","klasa":"droga gĹ‚Ăłwna","kat":"krajowa"},"geometry":{"type":"LineString","coordinates":[[19.20801,50.0456],[19.20788,50.04588],[19.20795,50.04611],[19.20817,50.04626],[19.20891,50.04652],[19.20916,50.04676],[19.20916,50.0471],[19.20884,50.04738]]}},{"type":"Feature","properties":{"numer":"","klasa":"droga gĹ‚Ăłwna","kat":"gminna"},"geometry":{"type":"LineString","coordinates":[[19.21312,50.04876],[19.20911,50.04621],[19.20801,50.0456]]}},{"type":"Feature","properties":{"numer":"44","klasa":"droga gĹ‚Ăłwna","kat":"krajowa"},"geometry":{"type":"LineString","coordinates":[[19.20884,50.04738],[19.20843,50.04763]]}},{"type":"Feature","properties":{"numer":"1877K,1878K","klasa":"droga zbiorcza","kat":"powiatowa"},"geometry":{"type":"LineString","coordinates":[[19.18106,50.03439],[19.18103,50.03151]]}},{"type":"Feature","properties":{"numer":"1877K","klasa":"droga zbiorcza","kat":"powiatowa"},"geometry":{"type":"LineString","coordinates":[[19.18329,50.03454],[19.18307,50.03358],[19.18184,50.03172],[19.18148,50.03154],[19.18103,50.03151]]}},{"type":"Feature","properties":{"numer":"44","klasa":"droga gĹ‚Ăłwna ruchu przyĹ›pieszonego","kat":"krajowa"},"geometry":{"type":"LineString","coordinates":[[19.14481156438159,50.039627996464674],[19.15105,50.03762],[19.15248,50.03684],[19.15393,50.03588],[19.15497,50.035],[19.15848,50.03128],[19.15935,50.03059],[19.1609,50.02963],[19.16474,50.02755]]}},{"type":"Feature","properties":{"numer":"1878K","klasa":"droga zbiorcza","kat":"powiatowa"},"geometry":{"type":"LineString","coordinates":[[19.18106,50.03439],[19.18248,50.03437],[19.18329,50.03454]]}},{"type":"Feature","properties":{"numer":"1877K","klasa":"droga zbiorcza","kat":"powiatowa"},"geometry":{"type":"LineString","coordinates":[[19.18106,50.03439],[19.18127,50.03929],[19.18137,50.03938]]}},{"type":"Feature","properties":{"numer":"1877K","klasa":"droga zbiorcza","kat":"powiatowa"},"geometry":{"type":"LineString","coordinates":[[19.18137,50.03938],[19.18223,50.03871],[19.18245,50.03841],[19.18329,50.03454]]}},{"type":"Feature","properties":{"numer":"1877K","klasa":"droga zbiorcza","kat":"powiatowa"},"geometry":{"type":"LineString","coordinates":[[19.18137,50.03938],[19.18129,50.03972],[19.18157,50.04693],[19.18182,50.04704],[19.18382,50.04704],[19.18389,50.04711],[19.18302,50.04826],[19.18351,50.04938],[19.18377,50.04969],[19.18588,50.05122],[19.18706,50.05274],[19.18735,50.05298],[19.189,50.05378],[19.19077,50.05523],[19.19141,50.05551],[19.19354,50.05565],[19.19553,50.05543],[19.19678,50.05542],[19.19871,50.05515],[19.19921,50.0552],[19.19961,50.05533]]}},{"type":"Feature","properties":{"numer":"44","klasa":"droga gĹ‚Ăłwna","kat":"krajowa"},"geometry":{"type":"LineString","coordinates":[[19.20843,50.04763],[19.20795,50.04785],[19.20719,50.04806]]}},{"type":"Feature","properties":{"numer":"44","klasa":"droga gĹ‚Ăłwna","kat":"krajowa"},"geometry":{"type":"LineString","coordinates":[[19.20719,50.04806],[19.20692,50.04813]]}},{"type":"Feature","properties":{"numer":"","klasa":"droga gĹ‚Ăłwna","kat":"gminna"},"geometry":{"type":"LineString","coordinates":[[19.21371,50.04915],[19.21312,50.04876]]}},{"type":"Feature","properties":{"numer":"","klasa":"droga gĹ‚Ăłwna","kat":"gminna"},"geometry":{"type":"LineString","coordinates":[[19.21384,50.04923],[19.21371,50.04915]]}},{"type":"Feature","properties":{"numer":"44","klasa":"droga gĹ‚Ăłwna","kat":"krajowa"},"geometry":{"type":"LineString","coordinates":[[19.20692,50.04813],[19.20592,50.04841],[19.20545,50.04865],[19.2035,50.05086]]}},{"type":"Feature","properties":{"numer":"44","klasa":"droga gĹ‚Ăłwna","kat":"krajowa"},"geometry":{"type":"LineString","coordinates":[[19.2035,50.05086],[19.19961,50.05533]]}},{"type":"Feature","properties":{"numer":"44","klasa":"droga gĹ‚Ăłwna","kat":"krajowa"},"geometry":{"type":"LineString","coordinates":[[19.19961,50.05533],[19.19426,50.06146],[19.19287,50.06343]]}},{"type":"Feature","properties":{"numer":"44","klasa":"droga gĹ‚Ăłwna","kat":"krajowa"},"geometry":{"type":"LineString","coordinates":[[19.19287,50.06343],[19.19247,50.06394]]}},{"type":"Feature","properties":{"numer":"44","klasa":"droga gĹ‚Ăłwna ruchu przyĹ›pieszonego","kat":"krajowa"},"geometry":{"type":"LineString","coordinates":[[19.19247,50.06394],[19.19235415081522,50.064087807580584]]}}]}