{"type":"FeatureCollection","features":[{"type":"Feature","properties":{"numer":"602344K","klasa":"droga lokalna","kat":"powiatowa"},"geometry":{"type":"LineString","coordinates":[[19.98639,49.9763],[19.98638,49.97623]]}},{"type":"Feature","properties":{"numer":"602344K","klasa":"droga lokalna","kat":"powiatowa"},"geometry":{"type":"LineString","coordinates":[[19.98648,49.97668],[19.98639,49.9763]]}},{"type":"Feature","properties":{"numer":"602344K","klasa":"droga lokalna","kat":"powiatowa"},"geometry":{"type":"LineString","coordinates":[[19.98819,49.97873],[19.98686,49.97753],[19.98661,49.97713],[19.98648,49.97668]]}},{"type":"Feature","properties":{"numer":"602344K","klasa":"droga lokalna","kat":"powiatowa"},"geometry":{"type":"LineString","coordinates":[[19.98849,49.97891],[19.98819,49.97873]]}},{"type":"Feature","properties":{"numer":"602344K","klasa":"droga lokalna","kat":"powiatowa"},"geometry":{"type":"LineString","coordinates":[[19.98904,49.97921],[19.98849,49.97891]]}},{"type":"Feature","properties":{"numer":"602344K","klasa":"droga lokalna","kat":"powiatowa"},"geometry":{"type":"LineString","coordinates":[[19.98968,49.9797],[19.98946,49.97945],[19.98904,49.97921]]}},{"type":"Feature","properties":{"numer":"602344K","klasa":"droga lokalna","kat":"powiatowa"},"geometry":{"type":"LineString","coordinates":[[19.98982,49.98014],[19.98968,49.9797]]}},{"type":"Feature","properties":{"numer":"602344K","klasa":"droga lokalna","kat":"powiatowa"},"geometry":{"type":"LineString","coordinates":[[19.98971,49.98063],[19.98982,49.98014]]}},{"type":"Feature","properties":{"numer":"602344K","klasa":"droga lokalna","kat":"powiatowa"},"geometry":{"type":"LineString","coordinates":[[19.98969,49.98072],[19.98971,49.98063]]}},{"type":"Feature","properties":{"numer":"602344K","klasa":"droga lokalna","kat":"powiatowa"},"geometry":{"type":"LineString","coordinates":[[19.98905,49.98268],[19.98961,49.98163],[19.98969,49.98072]]}},{"type":"Feature","properties":{"numer":"2240K","klasa":"droga zbiorcza","kat":"powiatowa"},"geometry":{"type":"LineString","coordinates":[[19.98905,49.98268],[19.9891,49.98268]]}},{"type":"Feature","properties":{"numer":"2241K","klasa":"droga zbiorcza","kat":"powiatowa"},"geometry":{"type":"LineString","coordinates":[[19.9891,49.98268],[19.99049,49.98273],[19.99334,49.98322],[19.99662,49.98361],[19.9984,49.98368],[19.99898,49.98379],[20.00119,49.98456],[20.0028,49.98501]]}},{"type":"Feature","properties":{"numer":"603700K","klasa":"droga lokalna","kat":"powiatowa"},"geometry":{"type":"LineString","coordinates":[[20.0028,49.98501],[20.00237,49.98545]]}},{"type":"Feature","properties":{"numer":"2241K","klasa":"droga zbiorcza","kat":"powiatowa"},"geometry":{"type":"LineString","coordinates":[[20.0028,49.98501],[20.00433,49.98529],[20.00733,49.9863],[20.00813,49.98644],[20.0098,49.98622],[20.013,49.98655],[20.01447,49.98637],[20.01804,49.9862],[20.01837891281144,49.98608108322405]]}},{"type":"Feature","properties":{"numer":"603700K","klasa":"droga lokalna","kat":"powiatowa"},"geometry":{"type":"LineString","coordinates":[[20.00237,49.98545],[20.00166,49.98618]]}},{"type":"Feature","properties":{"numer":"603700K","klasa":"droga lokalna","kat":"powiatowa"},"geometry":{"type":"LineString","coordinates":[[20.00166,49.98618],[20.00132,49.98638],[20.00105,49.98669],[20.00079,49.98738]]}},{"type":"Feature","properties":{"numer":"603700K","klasa":"droga lokalna","kat":"powiatowa"},"geometry":{"type":"LineString","coordinates":[[20.00079,49.98738],[20.00058,49.98811]]}},{"type":"Feature","properties":{"numer":"603700K","klasa":"droga lokalna","kat":"powiatowa"},"geometry":{"type":"LineString","coordinates":[[20.00058,49.98811],[20.00029,49.98842]]}},{"type":"Feature","properties":{"numer":"603700K","klasa":"droga lokalna","kat":"powiatowa"},"geometry":{"type":"LineString","coordinates":[[20.00029,49.98842],[20.00018,49.9885]]}},{"type":"Feature","properties":{"numer":"2028K","klasa":"","kat":"powiatowa"},"geometry":{"type":"LineString","coordinates":[[19.966674392484116,49.973772459305806],[19.96446,49.97359],[19.96255,49.97361],[19.96084,49.97349],[19.9595,49.97309],[19.95836,49.97295],[19.95788,49.97278],[19.95623,49.97269],[19.9555,49.97223],[19.9521,49.97191],[19.95113,49.97195],[19.95007,49.97181],[19.94957,49.97185],[19.94912,49.972],[19.94863,49.97254],[19.94833,49.97266]]}},{"type":"Feature","properties":{"numer":"2240K","klasa":"droga zbiorcza","kat":"powiatowa"},"geometry":{"type":"LineString","coordinates":[[19.94596,49.99002],[19.94641,49.98997],[19.94896,49.99005],[19.95162,49.98977],[19.95342,49.98984],[19.95484,49.98928],[19.95704,49.98883],[19.95813,49.98877],[19.95931,49.98852],[19.96184,49.98842],[19.96368,49.98816],[19.96548,49.98777],[19.96754,49.9877],[19.96901,49.98715],[19.96973,49.98653],[19.97021,49.98633],[19.97145,49.9862],[19.97363,49.98639],[19.97447,49.98633],[19.97676,49.98571],[19.97851,49.98507],[19.97973,49.98474],[19.98245,49.98437],[19.98385,49.98407],[19.98429,49.98388],[19.98487,49.98344],[19.98544,49.98325],[19.98905,49.98268]]}},{"type":"Feature","properties":{"numer":"94,A4,E40","klasa":"autostrada","kat":"krajowa"},"geometry":{"type":"LineString","coordinates":[[19.94062,50.00142],[19.94268,50.00127],[19.94971,50.00048],[19.95326,50.0003],[19.95561,50.00034],[19.95801,50.0005],[19.96055,50.00081],[19.96514,50.00155],[19.96805,50.00178],[19.97045,50.00174],[19.98251,50.0011]]}},{"type":"Feature","properties":{"numer":"602233K","klasa":"droga zbiorcza","kat":"powiatowa"},"geometry":{"type":"LineString","coordinates":[[19.95232,50.00263],[19.95291,50.00268]]}},{"type":"Feature","properties":{"numer":"602233K","klasa":"droga zbiorcza","kat":"powiatowa"},"geometry":{"type":"LineString","coordinates":[[19.95019,50.00281],[19.95102,50.00263],[19.95232,50.00263]]}},{"type":"Feature","properties":{"numer":"602233K","klasa":"droga zbiorcza","kat":"powiatowa"},"geometry":{"type":"LineString","coordinates":[[19.95291,50.00268],[19.9542,50.00298]]}},{"type":"Feature","properties":{"numer":"602233K","klasa":"droga zbiorcza","kat":"powiatowa"},"geometry":{"type":"LineString","coordinates":[[19.9542,50.00298],[19.95498,50.00315]]}},{"type":"Feature","properties":{"numer":"602233K","klasa":"droga zbiorcza","kat":"powiatowa"},"geometry":{"type":"LineString","coordinates":[[19.95019,50.00281],[19.9495,50.00347]]}},{"type":"Feature","properties":{"numer":"602233K","klasa":"droga zbiorcza","kat":"powiatowa"},"geometry":{"type":"LineString","coordinates":[[19.95498,50.00315],[19.9553,50.00321]]}},{"type":"Feature","properties":{"numer":"602233K","klasa":"droga zbiorcza","kat":"powiatowa"},"geometry":{"type":"LineString","coordinates":[[19.9553,50.00321],[19.95724,50.00344]]}},{"type":"Feature","properties":{"numer":"603700K","klasa":"droga lokalna","kat":"powiatowa"},"geometry":{"type":"LineString","coordinates":[[20.00018,49.9885],[20.00013,49.98854]]}},{"type":"Feature","properties":{"numer":"603700K","klasa":"droga lokalna","kat":"powiatowa"},"geometry":{"type":"LineString","coordinates":[[19.99906,49.98933],[20.00013,49.98854]]}},{"type":"Feature","properties":{"numer":"603700K","klasa":"droga lokalna","kat":"powiatowa"},"geometry":{"type":"LineString","coordinates":[[19.99844,49.99079],[19.99906,49.98933]]}},{"type":"Feature","properties":{"numer":"603700K","klasa":"droga lokalna","kat":"powiatowa"},"geometry":{"type":"LineString","coordinates":[[19.99837,49.99193],[19.99844,49.99079]]}},{"type":"Feature","properties":{"numer":"603700K","klasa":"droga lokalna","kat":"powiatowa"},"geometry":{"type":"LineString","coordinates":[[19.99762,49.99233],[19.99811,49.99217],[19.99837,49.99193]]}},{"type":"Feature","properties":{"numer":"603700K","klasa":"droga lokalna","kat":"powiatowa"},"geometry":{"type":"LineString","coordinates":[[19.99691,49.9926],[19.99762,49.99233]]}},{"type":"Feature","properties":{"numer":"603700K","klasa":"droga lokalna","kat":"powiatowa"},"geometry":{"type":"LineString","coordinates":[[19.99615,49.99325],[19.99691,49.9926]]}},{"type":"Feature","properties":{"numer":"603700K","klasa":"droga lokalna","kat":"powiatowa"},"geometry":{"type":"LineString","coordinates":[[19.99554,49.99365],[19.99615,49.99325]]}},{"type":"Feature","properties":{"numer":"603700K","klasa":"droga lokalna","kat":"powiatowa"},"geometry":{"type":"LineString","coordinates":[[19.99538,49.99378],[19.99554,49.99365]]}},{"type":"Feature","properties":{"numer":"603136K","klasa":"droga lokalna","kat":"powiatowa"},"geometry":{"type":"LineString","coordinates":[[19.87318,49.98201],[19.87359,49.98064]]}},{"type":"Feature","properties":{"numer":"603136K","klasa":"droga lokalna","kat":"powiatowa"},"geometry":{"type":"LineString","coordinates":[[19.87316,49.9823],[19.87318,49.98201]]}},{"type":"Feature","properties":{"numer":"7,E77","klasa":"droga zbiorcza","kat":"powiatowa"},"geometry":{"type":"LineString","coordinates":[[19.91232,49.98326],[19.9114212748672,49.98147253556921]]}},{"type":"Feature","properties":{"numer":"603136K","klasa":"droga lokalna","kat":"powiatowa"},"geometry":{"type":"LineString","coordinates":[[19.87332,49.98267],[19.87316,49.9823]]}},{"type":"Feature","properties":{"numer":"603136K","klasa":"droga lokalna","kat":"powiatowa"},"geometry":{"type":"LineString","coordinates":[[19.87335,49.98324],[19.87344,49.98289],[19.87332,49.98267]]}},{"type":"Feature","properties":{"numer":"2235K","klasa":"","kat":"powiatowa"},"geometry":{"type":"LineString","coordinates":[[19.91453,49.98743],[19.9142,49.98751],[19.91327,49.98733],[19.91212,49.98736],[19.91055,49.98686],[19.90947,49.98669],[19.90818,49.98633],[19.90636,49.98602],[19.90463,49.9861],[19.90186,49.98594],[19.90074,49.9855],[19.89728,49.98439],[19.8948,49.98424],[19.89209,49.98425],[19.88881,49.98327],[19.8864,49.98309],[19.88335,49.98266],[19.88092,49.98211],[19.87738,49.98153],[19.87359,49.98064]]}},{"type":"Feature","properties":{"numer":"603318K","klasa":"droga dojazdowa","kat":"powiatowa"},"geometry":{"type":"LineString","coordinates":[[19.91952,49.98121],[19.91946,49.98116]]}},{"type":"Feature","properties":{"numer":"603318K","klasa":"droga dojazdowa","kat":"powiatowa"},"geometry":{"type":"LineString","coordinates":[[19.91976,49.98136],[19.91952,49.98121]]}},{"type":"Feature","properties":{"numer":"603318K","klasa":"droga dojazdowa","kat":"powiatowa"},"geometry":{"type":"LineString","coordinates":[[19.92008,49.98174],[19.91976,49.98136]]}},{"type":"Feature","properties":{"numer":"603318K","klasa":"droga dojazdowa","kat":"powiatowa"},"geometry":{"type":"LineString","coordinates":[[19.92061,49.98394],[19.92069,49.98291],[19.92008,49.98174]]}},{"type":"Feature","properties":{"numer":"603318K","klasa":"droga dojazdowa","kat":"powiatowa"},"geometry":{"type":"LineString","coordinates":[[19.92036,49.98424],[19.92061,49.98394]]}},{"type":"Feature","properties":{"numer":"603318K","klasa":"droga dojazdowa","kat":"powiatowa"},"geometry":{"type":"LineString","coordinates":[[19.9195,49.98498],[19.91979,49.98463],[19.92036,49.98424]]}},{"type":"Feature","properties":{"numer":"2237K","klasa":"","kat":"powiatowa"},"geometry":{"type":"LineString","coordinates":[[19.94127,49.99068],[19.94167,49.98926],[19.94149,49.98873],[19.94143,49.98793],[19.94118,49.98727],[19.94043,49.98675],[19.9399,49.98565],[19.93969,49.98452],[19.93951,49.98427],[19.93895,49.98384],[19.937,49.98312],[19.93573,49.9825],[19.93511,49.98237],[19.9349,49.98225],[19.9341,49.98112],[19.93359,49.97981],[19.93336,49.97958],[19.93257,49.97912],[19.93237,49.97886]]}},{"type":"Feature","properties":{"numer":"603318K","klasa":"droga dojazdowa","kat":"powiatowa"},"geometry":{"type":"LineString","coordinates":[[19.91945,49.98509],[19.9195,49.98498]]}},{"type":"Feature","properties":{"numer":"2239K","klasa":"droga zbiorcza","kat":"powiatowa"},"geometry":{"type":"LineString","coordinates":[[19.94596,49.99002],[19.94478,49.98905],[19.94403,49.98803],[19.94387,49.98763],[19.9439,49.98693],[19.94475,49.98363],[19.94468,49.98301],[19.94425,49.98217],[19.94436,49.9814],[19.94396,49.98067],[19.94407,49.98037]]}},{"type":"Feature","properties":{"numer":"603318K","klasa":"droga dojazdowa","kat":"powiatowa"},"geometry":{"type":"LineString","coordinates":[[19.9192,49.98665],[19.91915,49.98587],[19.91945,49.98509]]}},{"type":"Feature","properties":{"numer":"603136K","klasa":"droga lokalna","kat":"powiatowa"},"geometry":{"type":"LineString","coordinates":[[19.87327,49.98506],[19.8726,49.98435],[19.87335,49.98324]]}},{"type":"Feature","properties":{"numer":"603136K","klasa":"droga lokalna","kat":"powiatowa"},"geometry":{"type":"LineString","coordinates":[[19.87325,49.98533],[19.87327,49.98506]]}},{"type":"Feature","properties":{"numer":"7,E77","klasa":"droga zbiorcza","kat":"powiatowa"},"geometry":{"type":"LineString","coordinates":[[19.91462,49.98741],[19.91232,49.98326]]}},{"type":"Feature","properties":{"numer":"603136K","klasa":"droga lokalna","kat":"powiatowa"},"geometry":{"type":"LineString","coordinates":[[19.87274,49.98679],[19.87289,49.98594],[19.87325,49.98533]]}},{"type":"Feature","properties":{"numer":"E77,S7","klasa":"droga ekspresowa","kat":"krajowa"},"geometry":{"type":"LineString","coordinates":[[19.91473,49.98737],[19.91462,49.98741]]}},{"type":"Feature","properties":{"numer":"E77,S7","klasa":"droga ekspresowa","kat":"krajowa"},"geometry":{"type":"LineString","coordinates":[[19.91462,49.98741],[19.91453,49.98743]]}},{"type":"Feature","properties":{"numer":"603136K","klasa":"droga lokalna","kat":"powiatowa"},"geometry":{"type":"LineString","coordinates":[[19.87143,49.98849],[19.87226,49.98762],[19.87274,49.98679]]}},{"type":"Feature","properties":{"numer":"603586K","klasa":"droga lokalna","kat":"powiatowa"},"geometry":{"type":"LineString","coordinates":[[19.8686,49.9884],[19.86887,49.98843]]}},{"type":"Feature","properties":{"numer":"603586K","klasa":"droga lokalna","kat":"powiatowa"},"geometry":{"type":"LineString","coordinates":[[19.86887,49.98843],[19.86995,49.98853]]}},{"type":"Feature","properties":{"numer":"603586K","klasa":"droga lokalna","kat":"powiatowa"},"geometry":{"type":"LineString","coordinates":[[19.87069,49.98856],[19.87143,49.98849]]}},{"type":"Feature","properties":{"numer":"603586K","klasa":"droga lokalna","kat":"powiatowa"},"geometry":{"type":"LineString","coordinates":[[19.86995,49.98853],[19.87069,49.98856]]}},{"type":"Feature","properties":{"numer":"7,E77","klasa":"droga zbiorcza","kat":"powiatowa"},"geometry":{"type":"LineString","coordinates":[[19.91617,49.9904],[19.91462,49.98741]]}},{"type":"Feature","properties":{"numer":"603586K","klasa":"droga lokalna","kat":"powiatowa"},"geometry":{"type":"LineString","coordinates":[[19.86572,49.98999],[19.86591,49.98928],[19.8661,49.98911],[19.86767,49.98848],[19.86809,49.9884],[19.8686,49.9884]]}},{"type":"Feature","properties":{"numer":"603586K","klasa":"droga lokalna","kat":"powiatowa"},"geometry":{"type":"LineString","coordinates":[[19.86012,49.98996],[19.86056,49.98994]]}},{"type":"Feature","properties":{"numer":"603586K","klasa":"droga lokalna","kat":"powiatowa"},"geometry":{"type":"LineString","coordinates":[[19.85979,49.99004],[19.86012,49.98996]]}},{"type":"Feature","properties":{"numer":"603586K","klasa":"droga lokalna","kat":"powiatowa"},"geometry":{"type":"LineString","coordinates":[[19.86056,49.98994],[19.86103,49.99002],[19.86163,49.99024]]}},{"type":"Feature","properties":{"numer":"603586K","klasa":"droga lokalna","kat":"powiatowa"},"geometry":{"type":"LineString","coordinates":[[19.86506,49.99026],[19.86572,49.98999]]}},{"type":"Feature","properties":{"numer":"603586K","klasa":"droga lokalna","kat":"powiatowa"},"geometry":{"type":"LineString","coordinates":[[19.86444,49.99043],[19.86506,49.99026]]}},{"type":"Feature","properties":{"numer":"603586K","klasa":"droga lokalna","kat":"powiatowa"},"geometry":{"type":"LineString","coordinates":[[19.85949,49.99071],[19.85952,49.99029],[19.85979,49.99004]]}},{"type":"Feature","properties":{"numer":"603586K","klasa":"droga lokalna","kat":"powiatowa"},"geometry":{"type":"LineString","coordinates":[[19.86163,49.99024],[19.86254,49.99058],[19.86306,49.99065]]}},{"type":"Feature","properties":{"numer":"603118K","klasa":"droga lokalna","kat":"powiatowa"},"geometry":{"type":"LineString","coordinates":[[19.91858,49.98688],[19.9192,49.98665]]}},{"type":"Feature","properties":{"numer":"603318K","klasa":"droga dojazdowa","kat":"powiatowa"},"geometry":{"type":"LineString","coordinates":[[19.91934,49.98699],[19.9192,49.98665]]}},{"type":"Feature","properties":{"numer":"603118K","klasa":"droga lokalna","kat":"powiatowa"},"geometry":{"type":"LineString","coordinates":[[19.91858,49.98688],[19.91878,49.98689]]}},{"type":"Feature","properties":{"numer":"603118K","klasa":"droga lokalna","kat":"powiatowa"},"geometry":{"type":"LineString","coordinates":[[19.91878,49.98689],[19.91934,49.98699]]}},{"type":"Feature","properties":{"numer":"603118K","klasa":"droga lokalna","kat":"powiatowa"},"geometry":{"type":"LineString","coordinates":[[19.91679,49.98704],[19.91858,49.98688]]}},{"type":"Feature","properties":{"numer":"603118K","klasa":"droga lokalna","kat":"powiatowa"},"geometry":{"type":"LineString","coordinates":[[19.91616,49.98715],[19.91679,49.98704]]}},{"type":"Feature","properties":{"numer":"2239K","klasa":"droga zbiorcza","kat":"powiatowa"},"geometry":{"type":"LineString","coordinates":[[19.94602,49.9909],[19.94616,49.99046],[19.94596,49.99002]]}},{"type":"Feature","properties":{"numer":"2238K","klasa":"","kat":"powiatowa"},"geometry":{"type":"LineString","coordinates":[[19.94127,49.99068],[19.94361,49.99102],[19.94538,49.99085],[19.94602,49.9909]]}},{"type":"Feature","properties":{"numer":"E77,S7","klasa":"droga zbiorcza","kat":"powiatowa"},"geometry":{"type":"LineString","coordinates":[[19.91715,49.99225],[19.91617,49.9904]]}},{"type":"Feature","properties":{"numer":"2237K","klasa":"","kat":"powiatowa"},"geometry":{"type":"LineString","coordinates":[[19.9398,49.99316],[19.94059,49.99218],[19.94069,49.99123],[19.94127,49.99068]]}},{"type":"Feature","properties":{"numer":"E77,S7","klasa":"droga zbiorcza","kat":"powiatowa"},"geometry":{"type":"LineString","coordinates":[[19.91728,49.99252],[19.91715,49.99225]]}},{"type":"Feature","properties":{"numer":"2239K","klasa":"droga zbiorcza","kat":"powiatowa"},"geometry":{"type":"LineString","coordinates":[[19.94673,49.9943],[19.94651,49.99296],[19.94613,49.99204],[19.94602,49.9909]]}},{"type":"Feature","properties":{"numer":"2236K","klasa":"","kat":"powiatowa"},"geometry":{"type":"LineString","coordinates":[[19.9398,49.99316],[19.93989,49.9932]]}},{"type":"Feature","properties":{"numer":"2222K","klasa":"droga zbiorcza","kat":"powiatowa"},"geometry":{"type":"LineString","coordinates":[[19.9181,49.99408],[19.91728,49.99252]]}},{"type":"Feature","properties":{"numer":"2236K","klasa":"","kat":"powiatowa"},"geometry":{"type":"LineString","coordinates":[[19.93207,49.99432],[19.93529,49.9929],[19.93594,49.99287],[19.93946,49.99306],[19.9398,49.99316]]}},{"type":"Feature","properties":{"numer":"2236K","klasa":"","kat":"powiatowa"},"geometry":{"type":"LineString","coordinates":[[19.93989,49.9932],[19.94038,49.99339],[19.9415,49.99341],[19.94172,49.99357],[19.94199,49.994],[19.94268,49.9942],[19.94381,49.99431],[19.94673,49.9943]]}},{"type":"Feature","properties":{"numer":"2237K","klasa":"","kat":"powiatowa"},"geometry":{"type":"LineString","coordinates":[[19.93919,49.99466],[19.93943,49.99387],[19.93989,49.9932]]}},{"type":"Feature","properties":{"numer":"94,A4,E40","klasa":"autostrada","kat":"krajowa"},"geometry":{"type":"LineString","coordinates":[[19.91728,49.99252],[19.92006,49.99329],[19.92226,49.99416],[19.92451,49.99533],[19.92656,49.99674]]}},{"type":"Feature","properties":{"numer":"602196K","klasa":"droga dojazdowa","kat":"powiatowa"},"geometry":{"type":"LineString","coordinates":[[19.93406,49.99567],[19.93207,49.99432]]}},{"type":"Feature","properties":{"numer":"2237K","klasa":"","kat":"powiatowa"},"geometry":{"type":"LineString","coordinates":[[19.93899,49.99576],[19.93913,49.99542],[19.93919,49.99466]]}},{"type":"Feature","properties":{"numer":"603586K","klasa":"droga lokalna","kat":"powiatowa"},"geometry":{"type":"LineString","coordinates":[[19.86365,49.99057],[19.86444,49.99043]]}},{"type":"Feature","properties":{"numer":"603586K","klasa":"droga lokalna","kat":"powiatowa"},"geometry":{"type":"LineString","coordinates":[[19.86306,49.99065],[19.86365,49.99057]]}},{"type":"Feature","properties":{"numer":"603586K","klasa":"droga lokalna","kat":"powiatowa"},"geometry":{"type":"LineString","coordinates":[[19.85947,49.9912],[19.85949,49.99071]]}},{"type":"Feature","properties":{"numer":"603586K","klasa":"droga lokalna","kat":"powiatowa"},"geometry":{"type":"LineString","coordinates":[[19.85813,49.99405],[19.85899,49.99344],[19.8595,49.99207],[19.85947,49.9912]]}},{"type":"Feature","properties":{"numer":"7,94,A4,E40,E77","klasa":"autostrada","kat":"krajowa"},"geometry":{"type":"LineString","coordinates":[[19.85559,49.99736],[19.85674,49.9967],[19.8581,49.99609],[19.85918,49.99573],[19.86097,49.99528],[19.87687,49.99217],[19.88279,49.99128],[19.88622,49.99092],[19.88922,49.99071],[19.89306,49.99056],[19.89789,49.99056],[19.90076,49.99066],[19.90468,49.99093],[19.90879,49.99134],[19.91534,49.99216],[19.91728,49.99252]]}},{"type":"Feature","properties":{"numer":"602385K","klasa":"droga lokalna","kat":"powiatowa"},"geometry":{"type":"LineString","coordinates":[[19.91123,49.99984],[19.91238,49.99983]]}},{"type":"Feature","properties":{"numer":"602385K","klasa":"droga lokalna","kat":"powiatowa"},"geometry":{"type":"LineString","coordinates":[[19.91081,49.99993],[19.91123,49.99984]]}},{"type":"Feature","properties":{"numer":"603656K","klasa":"droga lokalna","kat":"powiatowa"},"geometry":{"type":"LineString","coordinates":[[19.91238,49.99983],[19.91249,49.99983],[19.91265,50.00013]]}},{"type":"Feature","properties":{"numer":"602385K","klasa":"droga lokalna","kat":"powiatowa"},"geometry":{"type":"LineString","coordinates":[[19.90954,50.00021],[19.91081,49.99993]]}},{"type":"Feature","properties":{"numer":"602385K","klasa":"droga lokalna","kat":"powiatowa"},"geometry":{"type":"LineString","coordinates":[[19.90797,50.00054],[19.90954,50.00021]]}},{"type":"Feature","properties":{"numer":"2236K","klasa":"","kat":"powiatowa"},"geometry":{"type":"LineString","coordinates":[[19.92787,49.99616],[19.93207,49.99432]]}},{"type":"Feature","properties":{"numer":"602196K","klasa":"droga dojazdowa","kat":"powiatowa"},"geometry":{"type":"LineString","coordinates":[[19.93414,49.99572],[19.93406,49.99567]]}},{"type":"Feature","properties":{"numer":"602196K","klasa":"droga dojazdowa","kat":"powiatowa"},"geometry":{"type":"LineString","coordinates":[[19.93574,49.99644],[19.93469,49.99608],[19.93414,49.99572]]}},{"type":"Feature","properties":{"numer":"2239K","klasa":"droga zbiorcza","kat":"powiatowa"},"geometry":{"type":"LineString","coordinates":[[19.94594,49.99791],[19.94628,49.99699],[19.94716,49.99574],[19.94714,49.99514],[19.94673,49.9943]]}},{"type":"Feature","properties":{"numer":"2237K","klasa":"","kat":"powiatowa"},"geometry":{"type":"LineString","coordinates":[[19.93806,49.99696],[19.93858,49.9968],[19.93899,49.99576]]}},{"type":"Feature","properties":{"numer":"2236K","klasa":"","kat":"powiatowa"},"geometry":{"type":"LineString","coordinates":[[19.92694,49.99659],[19.92787,49.99616]]}},{"type":"Feature","properties":{"numer":"602196K","klasa":"droga dojazdowa","kat":"powiatowa"},"geometry":{"type":"LineString","coordinates":[[19.93581,49.99646],[19.93574,49.99644]]}},{"type":"Feature","properties":{"numer":"602196K","klasa":"droga dojazdowa","kat":"powiatowa"},"geometry":{"type":"LineString","coordinates":[[19.93639,49.99665],[19.93581,49.99646]]}},{"type":"Feature","properties":{"numer":"2222K","klasa":"droga zbiorcza","kat":"powiatowa"},"geometry":{"type":"LineString","coordinates":[[19.92082,49.99924],[19.9181,49.99408]]}},{"type":"Feature","properties":{"numer":"2236K","klasa":"","kat":"powiatowa"},"geometry":{"type":"LineString","coordinates":[[19.92656,49.99674],[19.92694,49.99659]]}},{"type":"Feature","properties":{"numer":"602196K","klasa":"droga dojazdowa","kat":"powiatowa"},"geometry":{"type":"LineString","coordinates":[[19.9375,49.99683],[19.93639,49.99665]]}},{"type":"Feature","properties":{"numer":"2236K","klasa":"","kat":"powiatowa"},"geometry":{"type":"LineString","coordinates":[[19.92623,49.99689],[19.92656,49.99674]]}},{"type":"Feature","properties":{"numer":"602196K","klasa":"droga dojazdowa","kat":"powiatowa"},"geometry":{"type":"LineString","coordinates":[[19.93806,49.99696],[19.93793,49.99688],[19.9375,49.99683]]}},{"type":"Feature","properties":{"numer":"2236K","klasa":"","kat":"powiatowa"},"geometry":{"type":"LineString","coordinates":[[19.92579,49.99708],[19.92623,49.99689]]}},{"type":"Feature","properties":{"numer":"2236K","klasa":"","kat":"powiatowa"},"geometry":{"type":"LineString","coordinates":[[19.92269,49.99845],[19.92579,49.99708]]}},{"type":"Feature","properties":{"numer":"2236K","klasa":"","kat":"powiatowa"},"geometry":{"type":"LineString","coordinates":[[19.92082,49.99924],[19.92269,49.99845]]}},{"type":"Feature","properties":{"numer":"94,A4,E40","klasa":"autostrada","kat":"krajowa"},"geometry":{"type":"LineString","coordinates":[[19.92656,49.99674],[19.92961,49.99898],[19.93099,49.99972],[19.93268,50.0004],[19.93464,50.00095],[19.93629,50.00126],[19.93866,50.00145],[19.94062,50.00142]]}},{"type":"Feature","properties":{"numer":"2239K","klasa":"droga zbiorcza","kat":"powiatowa"},"geometry":{"type":"LineString","coordinates":[[19.94472,50.00042],[19.94528,50.0],[19.94562,49.99951],[19.94594,49.99791]]}},{"type":"Feature","properties":{"numer":"2222K","klasa":"droga zbiorcza","kat":"powiatowa"},"geometry":{"type":"LineString","coordinates":[[19.92226,50.00202],[19.92082,49.99924]]}},{"type":"Feature","properties":{"numer":"602326K","klasa":"droga dojazdowa","kat":"powiatowa"},"geometry":{"type":"LineString","coordinates":[[19.91624,50.00068],[19.91717,50.00103]]}},{"type":"Feature","properties":{"numer":"602326K","klasa":"droga dojazdowa","kat":"powiatowa"},"geometry":{"type":"LineString","coordinates":[[19.91265,50.00013],[19.91364,50.0001],[19.91455,50.00018],[19.91624,50.00068]]}},{"type":"Feature","properties":{"numer":"602385K","klasa":"droga lokalna","kat":"powiatowa"},"geometry":{"type":"LineString","coordinates":[[19.90715,50.00076],[19.90797,50.00054]]}},{"type":"Feature","properties":{"numer":"602385K","klasa":"droga lokalna","kat":"powiatowa"},"geometry":{"type":"LineString","coordinates":[[19.90649,50.00092],[19.90715,50.00076]]}},{"type":"Feature","properties":{"numer":"602385K","klasa":"droga lokalna","kat":"powiatowa"},"geometry":{"type":"LineString","coordinates":[[19.90459,50.00147],[19.90495,50.00129],[19.90649,50.00092]]}},{"type":"Feature","properties":{"numer":"602194K","klasa":"droga lokalna","kat":"powiatowa"},"geometry":{"type":"LineString","coordinates":[[19.90456,50.00148],[19.90459,50.00147]]}},{"type":"Feature","properties":{"numer":"602194K","klasa":"droga lokalna","kat":"powiatowa"},"geometry":{"type":"LineString","coordinates":[[19.90471,50.00173],[19.90456,50.00148]]}},{"type":"Feature","properties":{"numer":"602194K","klasa":"droga lokalna","kat":"powiatowa"},"geometry":{"type":"LineString","coordinates":[[19.90505,50.00231],[19.90471,50.00173]]}},{"type":"Feature","properties":{"numer":"2234K","klasa":"droga zbiorcza","kat":"powiatowa"},"geometry":{"type":"LineString","coordinates":[[19.87369,50.00658],[19.87307,50.00604],[19.87205,50.00463],[19.87049,50.00401],[19.86931,50.00337],[19.8688,50.00294],[19.86739,50.00126],[19.8667,50.00072],[19.86587,50.00036],[19.86391,49.99989],[19.85604,49.99753]]}},{"type":"Feature","properties":{"numer":"602194K","klasa":"droga lokalna","kat":"powiatowa"},"geometry":{"type":"LineString","coordinates":[[19.90505,50.00231],[19.90538,50.00286]]}},{"type":"Feature","properties":{"numer":"602194K","klasa":"droga lokalna","kat":"powiatowa"},"geometry":{"type":"LineString","coordinates":[[19.90538,50.00286],[19.9055,50.00307]]}},{"type":"Feature","properties":{"numer":"603700K","klasa":"droga lokalna","kat":"powiatowa"},"geometry":{"type":"LineString","coordinates":[[19.99495,49.99407],[19.99538,49.99378]]}},{"type":"Feature","properties":{"numer":"603700K","klasa":"droga dojazdowa","kat":"powiatowa"},"geometry":{"type":"LineString","coordinates":[[19.98916,49.99411],[19.98951,49.99419]]}},{"type":"Feature","properties":{"numer":"603700K","klasa":"droga lokalna","kat":"powiatowa"},"geometry":{"type":"LineString","coordinates":[[19.99454,49.99432],[19.99495,49.99407]]}},{"type":"Feature","properties":{"numer":"602943K","klasa":"","kat":"powiatowa"},"geometry":{"type":"LineString","coordinates":[[19.98916,49.99411],[19.9891,49.99429]]}},{"type":"Feature","properties":{"numer":"603700K","klasa":"droga lokalna","kat":"powiatowa"},"geometry":{"type":"LineString","coordinates":[[19.99242,49.99423],[19.99293,49.99432],[19.99437,49.99435]]}},{"type":"Feature","properties":{"numer":"603700K","klasa":"droga lokalna","kat":"powiatowa"},"geometry":{"type":"LineString","coordinates":[[19.99054,49.99448],[19.99174,49.99414],[19.99242,49.99423]]}},{"type":"Feature","properties":{"numer":"603700K","klasa":"droga lokalna","kat":"powiatowa"},"geometry":{"type":"LineString","coordinates":[[19.99437,49.99435],[19.99454,49.99432]]}},{"type":"Feature","properties":{"numer":"603700K","klasa":"droga dojazdowa","kat":"powiatowa"},"geometry":{"type":"LineString","coordinates":[[19.98951,49.99419],[19.99008,49.99444],[19.99054,49.99448]]}},{"type":"Feature","properties":{"numer":"602943K","klasa":"droga lokalna","kat":"powiatowa"},"geometry":{"type":"LineString","coordinates":[[19.98875,49.99515],[19.9891,49.99429]]}},{"type":"Feature","properties":{"numer":"2051K","klasa":"droga zbiorcza","kat":"powiatowa"},"geometry":{"type":"LineString","coordinates":[[20.02819,49.99951],[20.02811244298549,49.999478977194194]]}},{"type":"Feature","properties":{"numer":"94","klasa":"droga gĹ‚Ăłwna ruchu przyĹ›pieszonego","kat":"krajowa"},"geometry":{"type":"LineString","coordinates":[[20.02819,49.99951],[20.02853054133138,49.99920647403073]]}},{"type":"Feature","properties":{"numer":"94","klasa":"droga gĹ‚Ăłwna ruchu przyĹ›pieszonego","kat":"krajowa"},"geometry":{"type":"LineString","coordinates":[[20.02819,49.99951],[20.02591,50.00151]]}},{"type":"Feature","properties":{"numer":"602943K","klasa":"droga lokalna","kat":"powiatowa"},"geometry":{"type":"LineString","coordinates":[[19.98865,49.99817],[19.98833,49.99747],[19.98875,49.99515]]}},{"type":"Feature","properties":{"numer":"602943K","klasa":"droga lokalna","kat":"powiatowa"},"geometry":{"type":"LineString","coordinates":[[19.98862,49.99835],[19.98865,49.99817]]}},{"type":"Feature","properties":{"numer":"602943K","klasa":"droga lokalna","kat":"powiatowa"},"geometry":{"type":"LineString","coordinates":[[19.98854,49.99972],[19.98862,49.99835]]}},{"type":"Feature","properties":{"numer":"602943K","klasa":"droga lokalna","kat":"powiatowa"},"geometry":{"type":"LineString","coordinates":[[19.98814,50.00053],[19.98854,49.99972]]}},{"type":"Feature","properties":{"numer":"602943K","klasa":"droga lokalna","kat":"powiatowa"},"geometry":{"type":"LineString","coordinates":[[19.98798,50.0008],[19.98814,50.00053]]}},{"type":"Feature","properties":{"numer":"602943K","klasa":"droga lokalna","kat":"powiatowa"},"geometry":{"type":"LineString","coordinates":[[19.98798,50.0008],[19.9878,50.00109]]}},{"type":"Feature","properties":{"numer":"94,A4,E40","klasa":"autostrada","kat":"krajowa"},"geometry":{"type":"LineString","coordinates":[[19.98251,50.0011],[19.98798,50.0008]]}},{"type":"Feature","properties":{"numer":"94,A4,E40","klasa":"autostrada","kat":"krajowa"},"geometry":{"type":"LineString","coordinates":[[19.98798,50.0008],[19.9926,50.00067],[19.99623,50.00083],[19.9993,50.00119],[20.00612071685959,50.00236429845502]]}},{"type":"Feature","properties":{"numer":"602943K","klasa":"droga lokalna","kat":"powiatowa"},"geometry":{"type":"LineString","coordinates":[[19.9878,50.00109],[19.98631,50.00267]]}},{"type":"Feature","properties":{"numer":"A4,E40","klasa":"autostrada","kat":"krajowa"},"geometry":{"type":"LineString","coordinates":[[20.00987167867448,50.003037492795414],[20.01339,50.00367]]}},{"type":"Feature","properties":{"numer":"94","klasa":"droga gĹ‚Ăłwna ruchu przyĹ›pieszonego","kat":"krajowa"},"geometry":{"type":"LineString","coordinates":[[20.02591,50.00151],[20.02335,50.00351],[20.02215,50.00415],[20.02043,50.00494]]}},{"type":"Feature","properties":{"numer":"602943K","klasa":"droga lokalna","kat":"powiatowa"},"geometry":{"type":"LineString","coordinates":[[19.98631,50.00267],[19.98598,50.00294],[19.98395,50.00409]]}},{"type":"Feature","properties":{"numer":"A4,E40","klasa":"autostrada","kat":"krajowa"},"geometry":{"type":"LineString","coordinates":[[20.01339,50.00367],[20.02043,50.00494]]}},{"type":"Feature","properties":{"numer":"602943K","klasa":"droga lokalna","kat":"powiatowa"},"geometry":{"type":"LineString","coordinates":[[19.98395,50.00409],[19.98341,50.00454]]}},{"type":"Feature","properties":{"numer":"2242K","klasa":"droga zbiorcza","kat":"powiatowa"},"geometry":{"type":"LineString","coordinates":[[19.99055,50.00397],[19.99253,50.00391],[19.99974,50.00246],[20.00094,50.00243],[20.00163,50.00257],[20.0036,50.00354],[20.00453,50.0039],[20.00498,50.00398],[20.00574,50.00398],[20.00743,50.00367],[20.00808,50.00369],[20.01135,50.00445],[20.01435,50.00547],[20.01753,50.00623]]}},{"type":"Feature","properties":{"numer":"602973K","klasa":"droga dojazdowa","kat":"powiatowa"},"geometry":{"type":"LineString","coordinates":[[19.99055,50.00397],[19.9912,50.00453],[19.99108,50.00507]]}},{"type":"Feature","properties":{"numer":"602943K","klasa":"droga lokalna","kat":"powiatowa"},"geometry":{"type":"LineString","coordinates":[[19.98341,50.00454],[19.98265,50.00534]]}},{"type":"Feature","properties":{"numer":"2242K","klasa":"droga zbiorcza","kat":"powiatowa"},"geometry":{"type":"LineString","coordinates":[[19.98282,50.00606],[19.98538,50.00536],[19.98725,50.00434],[19.98766,50.0042],[19.98896,50.004],[19.99055,50.00397]]}},{"type":"Feature","properties":{"numer":"602973K","klasa":"droga dojazdowa","kat":"powiatowa"},"geometry":{"type":"LineString","coordinates":[[19.99108,50.00507],[19.99089,50.00548]]}},{"type":"Feature","properties":{"numer":"602943K","klasa":"droga lokalna","kat":"powiatowa"},"geometry":{"type":"LineString","coordinates":[[19.98265,50.00534],[19.98273,50.00583]]}},{"type":"Feature","properties":{"numer":"560833K","klasa":"droga lokalna","kat":"powiatowa"},"geometry":{"type":"LineString","coordinates":[[20.05526,50.00431],[20.05526,50.00415471153846]]}},{"type":"Feature","properties":{"numer":"560833K","klasa":"droga lokalna","kat":"powiatowa"},"geometry":{"type":"LineString","coordinates":[[20.05526,50.00458],[20.05526,50.00431]]}},{"type":"Feature","properties":{"numer":"603124K","klasa":"droga lokalna","kat":"powiatowa"},"geometry":{"type":"LineString","coordinates":[[20.05482,50.00553],[20.0552,50.00505],[20.05526,50.00459]]}},{"type":"Feature","properties":{"numer":"603124K","klasa":"droga lokalna","kat":"powiatowa"},"geometry":{"type":"LineString","coordinates":[[20.05457,50.0058],[20.05482,50.00553]]}},{"type":"Feature","properties":{"numer":"603124K","klasa":"droga lokalna","kat":"powiatowa"},"geometry":{"type":"LineString","coordinates":[[20.05419,50.00622],[20.05457,50.0058]]}},{"type":"Feature","properties":{"numer":"A4,E40","klasa":"autostrada","kat":"krajowa"},"geometry":{"type":"LineString","coordinates":[[20.02043,50.00494],[20.02303,50.00538],[20.02581,50.00573],[20.02985,50.00603],[20.0344,50.0061],[20.04529,50.00606],[20.04753,50.00614],[20.05038,50.00644],[20.05168,50.0067],[20.05336,50.00715]]}},{"type":"Feature","properties":{"numer":"2251K","klasa":"droga gĹ‚Ăłwna ruchu przyĹ›pieszonego","kat":"powiatowa"},"geometry":{"type":"LineString","coordinates":[[20.02043,50.00494],[20.01753,50.00623]]}},{"type":"Feature","properties":{"numer":"602973K","klasa":"droga dojazdowa","kat":"powiatowa"},"geometry":{"type":"LineString","coordinates":[[19.99117,50.00579],[19.99089,50.00548]]}},{"type":"Feature","properties":{"numer":"602943K","klasa":"droga lokalna","kat":"powiatowa"},"geometry":{"type":"LineString","coordinates":[[19.98273,50.00583],[19.98282,50.00606]]}},{"type":"Feature","properties":{"numer":"2242K","klasa":"droga zbiorcza","kat":"powiatowa"},"geometry":{"type":"LineString","coordinates":[[19.97536,50.00751],[19.9777,50.00706],[19.98088,50.00621],[19.98282,50.00606]]}},{"type":"Feature","properties":{"numer":"602973K","klasa":"droga dojazdowa","kat":"powiatowa"},"geometry":{"type":"LineString","coordinates":[[19.99119,50.00783],[19.99134,50.00663],[19.99117,50.00579]]}},{"type":"Feature","properties":{"numer":"602973K","klasa":"droga dojazdowa","kat":"powiatowa"},"geometry":{"type":"LineString","coordinates":[[19.99123,50.00794],[19.99119,50.00783]]}},{"type":"Feature","properties":{"numer":"602973K","klasa":"droga dojazdowa","kat":"powiatowa"},"geometry":{"type":"LineString","coordinates":[[19.99143,50.00859],[19.99123,50.00794]]}},{"type":"Feature","properties":{"numer":"602973K","klasa":"droga dojazdowa","kat":"powiatowa"},"geometry":{"type":"LineString","coordinates":[[19.9917,50.00915],[19.99143,50.00859]]}},{"type":"Feature","properties":{"numer":"602973K","klasa":"droga dojazdowa","kat":"powiatowa"},"geometry":{"type":"LineString","coordinates":[[19.99193,50.00941],[19.9917,50.00915]]}},{"type":"Feature","properties":{"numer":"602973K","klasa":"droga dojazdowa","kat":"powiatowa"},"geometry":{"type":"LineString","coordinates":[[19.99211,50.00976],[19.99193,50.00941]]}},{"type":"Feature","properties":{"numer":"603124K","klasa":"droga lokalna","kat":"powiatowa"},"geometry":{"type":"LineString","coordinates":[[20.05354,50.00695],[20.05419,50.00622]]}},{"type":"Feature","properties":{"numer":"603124K","klasa":"droga lokalna","kat":"powiatowa"},"geometry":{"type":"LineString","coordinates":[[20.05336,50.00715],[20.05354,50.00695]]}},{"type":"Feature","properties":{"numer":"603124K","klasa":"droga lokalna","kat":"powiatowa"},"geometry":{"type":"LineString","coordinates":[[20.05314,50.0074],[20.05336,50.00715]]}},{"type":"Feature","properties":{"numer":"603124K","klasa":"droga lokalna","kat":"powiatowa"},"geometry":{"type":"LineString","coordinates":[[20.05294,50.0078],[20.05314,50.0074]]}},{"type":"Feature","properties":{"numer":"603369K","klasa":"droga lokalna","kat":"powiatowa"},"geometry":{"type":"LineString","coordinates":[[20.05272,50.00784],[20.05294,50.0078]]}},{"type":"Feature","properties":{"numer":"603124K","klasa":"droga lokalna","kat":"powiatowa"},"geometry":{"type":"LineString","coordinates":[[20.05286,50.00854],[20.05294,50.0078]]}},{"type":"Feature","properties":{"numer":"A4,E40","klasa":"autostrada","kat":"krajowa"},"geometry":{"type":"LineString","coordinates":[[20.05336,50.00715],[20.05549,50.00793],[20.05695,50.00865],[20.05788,50.00918],[20.05956,50.01042]]}},{"type":"Feature","properties":{"numer":"603124K","klasa":"droga lokalna","kat":"powiatowa"},"geometry":{"type":"LineString","coordinates":[[20.05253,50.01031],[20.05286,50.00854]]}},{"type":"Feature","properties":{"numer":"2245K","klasa":"droga zbiorcza","kat":"powiatowa"},"geometry":{"type":"LineString","coordinates":[[20.05956,50.01042],[20.05983,50.01024]]}},{"type":"Feature","properties":{"numer":"2245K","klasa":"droga zbiorcza","kat":"powiatowa"},"geometry":{"type":"LineString","coordinates":[[20.05927,50.01064],[20.05956,50.01042]]}},{"type":"Feature","properties":{"numer":"602653K","klasa":"droga lokalna","kat":"powiatowa"},"geometry":{"type":"LineString","coordinates":[[19.99849,50.01039],[19.99834,50.00997],[19.99801,50.00964],[19.99751,50.00933],[19.997,50.00914],[19.99656,50.00905],[19.99583,50.00904],[19.9947,50.00932]]}},{"type":"Feature","properties":{"numer":"602653K","klasa":"droga lokalna","kat":"powiatowa"},"geometry":{"type":"LineString","coordinates":[[19.9947,50.00932],[19.99243,50.01013]]}},{"type":"Feature","properties":{"numer":"602973K","klasa":"droga dojazdowa","kat":"powiatowa"},"geometry":{"type":"LineString","coordinates":[[19.99238,50.01005],[19.99211,50.00976]]}},{"type":"Feature","properties":{"numer":"2251K","klasa":"droga gĹ‚Ăłwna ruchu przyĹ›pieszonego","kat":"powiatowa"},"geometry":{"type":"LineString","coordinates":[[20.01753,50.00623],[20.0034,50.01252],[19.99942,50.01393]]}},{"type":"Feature","properties":{"numer":"602973K","klasa":"droga dojazdowa","kat":"powiatowa"},"geometry":{"type":"LineString","coordinates":[[19.99243,50.01013],[19.99238,50.01005]]}},{"type":"Feature","properties":{"numer":"602653K","klasa":"droga lokalna","kat":"powiatowa"},"geometry":{"type":"LineString","coordinates":[[19.99171,50.01042],[19.99243,50.01013]]}},{"type":"Feature","properties":{"numer":"2243K","klasa":"droga zbiorcza","kat":"powiatowa"},"geometry":{"type":"LineString","coordinates":[[20.01753,50.00623],[20.01945,50.00678],[20.02033,50.00711],[20.02074,50.00736],[20.02306,50.01078],[20.02354,50.01109],[20.02757,50.01299],[20.02784,50.01323],[20.02805,50.01361],[20.02835,50.01468]]}},{"type":"Feature","properties":{"numer":"602653K","klasa":"droga lokalna","kat":"powiatowa"},"geometry":{"type":"LineString","coordinates":[[19.99152,50.0105],[19.99171,50.01042]]}},{"type":"Feature","properties":{"numer":"602653K","klasa":"","kat":"powiatowa"},"geometry":{"type":"LineString","coordinates":[[19.99859,50.0107],[19.99849,50.01039]]}},{"type":"Feature","properties":{"numer":"602867K","klasa":"droga dojazdowa","kat":"powiatowa"},"geometry":{"type":"LineString","coordinates":[[19.99032,50.01089],[19.99152,50.0105]]}},{"type":"Feature","properties":{"numer":"602653K","klasa":"","kat":"powiatowa"},"geometry":{"type":"LineString","coordinates":[[19.99849,50.01098],[19.99859,50.0107]]}},{"type":"Feature","properties":{"numer":"602653K","klasa":"droga lokalna","kat":"powiatowa"},"geometry":{"type":"LineString","coordinates":[[19.99851,50.0113],[19.99849,50.01098]]}},{"type":"Feature","properties":{"numer":"602867K","klasa":"droga dojazdowa","kat":"powiatowa"},"geometry":{"type":"LineString","coordinates":[[19.9882,50.01234],[19.98872,50.01185],[19.98921,50.01162],[19.99032,50.01089]]}},{"type":"Feature","properties":{"numer":"602867K","klasa":"droga dojazdowa","kat":"powiatowa"},"geometry":{"type":"LineString","coordinates":[[19.98251,50.01165],[19.98291,50.01172],[19.98357,50.01167],[19.98428,50.01177]]}},{"type":"Feature","properties":{"numer":"602653K","klasa":"droga lokalna","kat":"powiatowa"},"geometry":{"type":"LineString","coordinates":[[19.99852,50.01221],[19.99851,50.0113]]}},{"type":"Feature","properties":{"numer":"602172K","klasa":"droga lokalna","kat":"powiatowa"},"geometry":{"type":"LineString","coordinates":[[19.98251,50.01165],[19.98232,50.0118],[19.98231,50.01215],[19.98194,50.0125]]}},{"type":"Feature","properties":{"numer":"602867K","klasa":"droga dojazdowa","kat":"powiatowa"},"geometry":{"type":"LineString","coordinates":[[19.98428,50.01177],[19.98496,50.01199],[19.98628,50.0122],[19.98734,50.01252],[19.9876,50.01251]]}},{"type":"Feature","properties":{"numer":"602867K","klasa":"droga dojazdowa","kat":"powiatowa"},"geometry":{"type":"LineString","coordinates":[[19.98771,50.0125],[19.98804,50.01246],[19.9882,50.01234]]}},{"type":"Feature","properties":{"numer":"602653K","klasa":"droga lokalna","kat":"powiatowa"},"geometry":{"type":"LineString","coordinates":[[19.9986,50.01276],[19.99852,50.01221]]}},{"type":"Feature","properties":{"numer":"602867K","klasa":"droga dojazdowa","kat":"powiatowa"},"geometry":{"type":"LineString","coordinates":[[19.9876,50.01251],[19.98771,50.0125]]}},{"type":"Feature","properties":{"numer":"602326K","klasa":"droga dojazdowa","kat":"powiatowa"},"geometry":{"type":"LineString","coordinates":[[19.91717,50.00103],[19.91981,50.00196],[19.92031,50.00202],[19.92226,50.00202]]}},{"type":"Feature","properties":{"numer":"603789K","klasa":"droga zbiorcza","kat":"powiatowa"},"geometry":{"type":"LineString","coordinates":[[19.94336,50.00196],[19.94334,50.00154]]}},{"type":"Feature","properties":{"numer":"603789K","klasa":"droga zbiorcza","kat":"powiatowa"},"geometry":{"type":"LineString","coordinates":[[19.94369,50.00354],[19.94336,50.00196]]}},{"type":"Feature","properties":{"numer":"1964K","klasa":"droga gĹ‚Ăłwna ruchu przyĹ›pieszonego","kat":"powiatowa"},"geometry":{"type":"LineString","coordinates":[[19.94062,50.00142],[19.94284,50.00439],[19.94329,50.00486]]}},{"type":"Feature","properties":{"numer":"2222K","klasa":"droga zbiorcza","kat":"powiatowa"},"geometry":{"type":"LineString","coordinates":[[19.92438,50.00602],[19.92226,50.00202]]}},{"type":"Feature","properties":{"numer":"603789K","klasa":"droga zbiorcza","kat":"powiatowa"},"geometry":{"type":"LineString","coordinates":[[19.9443,50.00489],[19.94369,50.00354]]}},{"type":"Feature","properties":{"numer":"602233K","klasa":"droga zbiorcza","kat":"powiatowa"},"geometry":{"type":"LineString","coordinates":[[19.94847,50.00419],[19.94749,50.0045]]}},{"type":"Feature","properties":{"numer":"602233K","klasa":"droga zbiorcza","kat":"powiatowa"},"geometry":{"type":"LineString","coordinates":[[19.94749,50.0045],[19.94656,50.00476]]}},{"type":"Feature","properties":{"numer":"602233K","klasa":"droga zbiorcza","kat":"powiatowa"},"geometry":{"type":"LineString","coordinates":[[19.94656,50.00476],[19.94635,50.00482]]}},{"type":"Feature","properties":{"numer":"","klasa":"droga zbiorcza","kat":"powiatowa"},"geometry":{"type":"LineString","coordinates":[[19.94635,50.00482],[19.9443,50.00489]]}},{"type":"Feature","properties":{"numer":"2242K","klasa":"droga zbiorcza","kat":"powiatowa"},"geometry":{"type":"LineString","coordinates":[[19.94309,50.00526],[19.94329,50.00486]]}},{"type":"Feature","properties":{"numer":"1964K","klasa":"droga gĹ‚Ăłwna ruchu przyĹ›pieszonego","kat":"powiatowa"},"geometry":{"type":"LineString","coordinates":[[19.94329,50.00486],[19.94406,50.00544]]}},{"type":"Feature","properties":{"numer":"602233K","klasa":"droga zbiorcza","kat":"powiatowa"},"geometry":{"type":"LineString","coordinates":[[19.94498,50.00558],[19.94635,50.00482]]}},{"type":"Feature","properties":{"numer":"2242K","klasa":"droga zbiorcza","kat":"powiatowa"},"geometry":{"type":"LineString","coordinates":[[19.94309,50.00526],[19.94283,50.00567]]}},{"type":"Feature","properties":{"numer":"1964K","klasa":"droga gĹ‚Ăłwna ruchu przyĹ›pieszonego","kat":"powiatowa"},"geometry":{"type":"LineString","coordinates":[[19.94406,50.00544],[19.94452,50.00577]]}},{"type":"Feature","properties":{"numer":"2242K","klasa":"droga zbiorcza","kat":"powiatowa"},"geometry":{"type":"LineString","coordinates":[[19.94406,50.00544],[19.94543,50.00572],[19.94617,50.00577]]}},{"type":"Feature","properties":{"numer":"2242K","klasa":"droga zbiorcza","kat":"powiatowa"},"geometry":{"type":"LineString","coordinates":[[19.94235,50.00566],[19.94283,50.00567]]}},{"type":"Feature","properties":{"numer":"2242K","klasa":"droga zbiorcza","kat":"powiatowa"},"geometry":{"type":"LineString","coordinates":[[19.94283,50.00567],[19.94377,50.00571]]}},{"type":"Feature","properties":{"numer":"2242K","klasa":"droga zbiorcza","kat":"powiatowa"},"geometry":{"type":"LineString","coordinates":[[19.94617,50.00577],[19.94827,50.00567]]}},{"type":"Feature","properties":{"numer":"2242K","klasa":"droga zbiorcza","kat":"powiatowa"},"geometry":{"type":"LineString","coordinates":[[19.94377,50.00571],[19.94452,50.00577]]}},{"type":"Feature","properties":{"numer":"602194K","klasa":"droga lokalna","kat":"powiatowa"},"geometry":{"type":"LineString","coordinates":[[19.9055,50.00307],[19.90577,50.00351],[19.90582,50.00382]]}},{"type":"Feature","properties":{"numer":"602194K","klasa":"droga lokalna","kat":"powiatowa"},"geometry":{"type":"LineString","coordinates":[[19.90582,50.00382],[19.90581,50.00409]]}},{"type":"Feature","properties":{"numer":"602194K","klasa":"droga lokalna","kat":"powiatowa"},"geometry":{"type":"LineString","coordinates":[[19.90581,50.00409],[19.90582,50.00439]]}},{"type":"Feature","properties":{"numer":"602194K","klasa":"droga lokalna","kat":"powiatowa"},"geometry":{"type":"LineString","coordinates":[[19.90582,50.00439],[19.90581,50.00508]]}},{"type":"Feature","properties":{"numer":"602194K","klasa":"droga lokalna","kat":"powiatowa"},"geometry":{"type":"LineString","coordinates":[[19.90581,50.00508],[19.9058,50.00555],[19.90565,50.00606]]}},{"type":"Feature","properties":{"numer":"602194K","klasa":"droga lokalna","kat":"powiatowa"},"geometry":{"type":"LineString","coordinates":[[19.90565,50.00606],[19.90509,50.00711]]}},{"type":"Feature","properties":{"numer":"2280K","klasa":"droga zbiorcza","kat":"powiatowa"},"geometry":{"type":"LineString","coordinates":[[19.87369,50.00658],[19.87408,50.00662],[19.87551,50.00635],[19.87626,50.00631],[19.88011,50.00705]]}},{"type":"Feature","properties":{"numer":"2280K","klasa":"droga zbiorcza","kat":"powiatowa"},"geometry":{"type":"LineString","coordinates":[[19.89362,50.00756],[19.89566,50.00744],[19.8972,50.00688],[19.89869,50.00655],[19.9016,50.00641],[19.90274,50.00644],[19.90342,50.00654],[19.90429,50.00677],[19.90509,50.00711]]}},{"type":"Feature","properties":{"numer":"2280K","klasa":"droga zbiorcza","kat":"powiatowa"},"geometry":{"type":"LineString","coordinates":[[19.88142,50.0071],[19.88278,50.00701],[19.88519,50.00709],[19.88852,50.00662],[19.89126,50.00686],[19.8915,50.00695],[19.89194,50.00738],[19.89228,50.00756],[19.89362,50.00756]]}},{"type":"Feature","properties":{"numer":"2280K","klasa":"droga zbiorcza","kat":"powiatowa"},"geometry":{"type":"LineString","coordinates":[[19.88011,50.00705],[19.88068,50.0073]]}},{"type":"Feature","properties":{"numer":"2242K","klasa":"droga zbiorcza","kat":"powiatowa"},"geometry":{"type":"LineString","coordinates":[[19.94617,50.00577],[19.94615,50.00582]]}},{"type":"Feature","properties":{"numer":"602469K","klasa":"droga lokalna","kat":"powiatowa"},"geometry":{"type":"LineString","coordinates":[[19.94827,50.00567],[19.94831,50.00636]]}},{"type":"Feature","properties":{"numer":"2242K","klasa":"droga zbiorcza","kat":"powiatowa"},"geometry":{"type":"LineString","coordinates":[[19.93682,50.00728],[19.93717,50.00597],[19.93735,50.00575],[19.93765,50.00558],[19.93807,50.0055],[19.93861,50.00551],[19.94235,50.00566]]}},{"type":"Feature","properties":{"numer":"602469K","klasa":"droga lokalna","kat":"powiatowa"},"geometry":{"type":"LineString","coordinates":[[19.94831,50.00636],[19.94831,50.00653]]}},{"type":"Feature","properties":{"numer":"2222K","klasa":"droga zbiorcza","kat":"powiatowa"},"geometry":{"type":"LineString","coordinates":[[19.92494,50.00709],[19.92438,50.00602]]}},{"type":"Feature","properties":{"numer":"602469K","klasa":"droga lokalna","kat":"powiatowa"},"geometry":{"type":"LineString","coordinates":[[19.94831,50.00653],[19.9483,50.00694]]}},{"type":"Feature","properties":{"numer":"602469K","klasa":"droga lokalna","kat":"powiatowa"},"geometry":{"type":"LineString","coordinates":[[19.9483,50.00694],[19.9483,50.00725]]}},{"type":"Feature","properties":{"numer":"2222K","klasa":"droga zbiorcza","kat":"powiatowa"},"geometry":{"type":"LineString","coordinates":[[19.92522,50.00767],[19.92494,50.00709]]}},{"type":"Feature","properties":{"numer":"2242K","klasa":"droga zbiorcza","kat":"powiatowa"},"geometry":{"type":"LineString","coordinates":[[19.93664,50.00749],[19.93682,50.00728]]}},{"type":"Feature","properties":{"numer":"2242K","klasa":"droga zbiorcza","kat":"powiatowa"},"geometry":{"type":"LineString","coordinates":[[19.92494,50.00709],[19.92536,50.0071],[19.92593,50.00724],[19.92926,50.00751],[19.93223,50.00743],[19.93473,50.00793],[19.93603,50.00776],[19.93664,50.00749]]}},{"type":"Feature","properties":{"numer":"44","klasa":"droga zbiorcza","kat":"krajowa"},"geometry":{"type":"LineString","coordinates":[[19.85248,49.9957],[19.85148,49.99495],[19.8496,49.99243],[19.84898,49.99193]]}},{"type":"Feature","properties":{"numer":"603586K","klasa":"droga lokalna","kat":"powiatowa"},"geometry":{"type":"LineString","coordinates":[[19.85269,49.99557],[19.85813,49.99405]]}},{"type":"Feature","properties":{"numer":"603586K","klasa":"droga lokalna","kat":"powiatowa"},"geometry":{"type":"LineString","coordinates":[[19.85248,49.9957],[19.85269,49.99557]]}},{"type":"Feature","properties":{"numer":"44","klasa":"droga zbiorcza","kat":"krajowa"},"geometry":{"type":"LineString","coordinates":[[19.85512,49.99716],[19.85248,49.9957]]}},{"type":"Feature","properties":{"numer":"44","klasa":"droga zbiorcza","kat":"krajowa"},"geometry":{"type":"LineString","coordinates":[[19.85559,49.99736],[19.85512,49.99716]]}},{"type":"Feature","properties":{"numer":"2234K","klasa":"droga zbiorcza","kat":"powiatowa"},"geometry":{"type":"LineString","coordinates":[[19.85559,49.99736],[19.85604,49.99753]]}},{"type":"Feature","properties":{"numer":"7,94,A4,E40,E77","klasa":"autostrada","kat":"krajowa"},"geometry":{"type":"LineString","coordinates":[[19.84131,50.01626],[19.84293,50.01563],[19.84514,50.01448],[19.84712,50.01302],[19.84861,50.01154],[19.84968,50.01],[19.85036,50.00848],[19.85225,50.00146],[19.85254,50.0007],[19.8535,49.99919],[19.85436,49.99831],[19.85559,49.99736]]}},{"type":"Feature","properties":{"numer":"2233K","klasa":"droga zbiorcza","kat":"powiatowa"},"geometry":{"type":"LineString","coordinates":[[19.81903635106938,49.996901669274905],[19.81911,49.99729],[19.81879,49.99778],[19.81848,49.99867],[19.81805,49.99936],[19.81716,50.00035],[19.81677,50.00138],[19.81688,50.00159],[19.81734,50.0017],[19.81752,50.00182],[19.81736,50.00335],[19.81711,50.00351],[19.81652,50.00359],[19.81572,50.00413],[19.81541,50.00452],[19.81526,50.0048],[19.81527,50.00622],[19.81465,50.00788],[19.81434,50.00829],[19.81228,50.00986],[19.8119,50.01036],[19.81083,50.01085],[19.81011,50.01134],[19.80951,50.01202],[19.80901,50.01293],[19.80916,50.01377],[19.80898,50.01535],[19.80903,50.01565],[19.81007,50.01611],[19.81144,50.01697],[19.8125,50.01748]]}},{"type":"Feature","properties":{"numer":"2233K","klasa":"","kat":"powiatowa"},"geometry":{"type":"LineString","coordinates":[[19.8125,50.01748],[19.81197,50.01814]]}},{"type":"Feature","properties":{"numer":"7,94,A4,E40,E77","klasa":"autostrada","kat":"krajowa"},"geometry":{"type":"LineString","coordinates":[[19.82745,50.02187],[19.82899,50.02074],[19.83024,50.01998],[19.83279,50.01877],[19.83495,50.01801],[19.83976,50.01675],[19.84131,50.01626]]}},{"type":"Feature","properties":{"numer":"602233K","klasa":"droga zbiorcza","kat":"powiatowa"},"geometry":{"type":"LineString","coordinates":[[19.95724,50.00344],[19.95737,50.00347]]}},{"type":"Feature","properties":{"numer":"602233K","klasa":"droga zbiorcza","kat":"powiatowa"},"geometry":{"type":"LineString","coordinates":[[19.95737,50.00347],[19.95822,50.00365]]}},{"type":"Feature","properties":{"numer":"602233K","klasa":"droga zbiorcza","kat":"powiatowa"},"geometry":{"type":"LineString","coordinates":[[19.95822,50.00365],[19.9598,50.00397]]}},{"type":"Feature","properties":{"numer":"602233K","klasa":"droga zbiorcza","kat":"powiatowa"},"geometry":{"type":"LineString","coordinates":[[19.9495,50.00347],[19.94902,50.00389],[19.94847,50.00419]]}},{"type":"Feature","properties":{"numer":"602233K","klasa":"droga zbiorcza","kat":"powiatowa"},"geometry":{"type":"LineString","coordinates":[[19.9598,50.00397],[19.96135,50.00429],[19.96151,50.0044],[19.96161,50.0047]]}},{"type":"Feature","properties":{"numer":"2242K","klasa":"droga zbiorcza","kat":"powiatowa"},"geometry":{"type":"LineString","coordinates":[[19.94827,50.00567],[19.96161,50.0047]]}},{"type":"Feature","properties":{"numer":"2242K","klasa":"droga zbiorcza","kat":"powiatowa"},"geometry":{"type":"LineString","coordinates":[[19.96161,50.0047],[19.96381,50.00476],[19.96598,50.00532],[19.9671,50.00602],[19.96812,50.00635],[19.97536,50.00751]]}},{"type":"Feature","properties":{"numer":"2247K","klasa":"droga zbiorcza","kat":"powiatowa"},"geometry":{"type":"LineString","coordinates":[[19.97173,50.00961],[19.97341,50.00844],[19.97536,50.00751]]}},{"type":"Feature","properties":{"numer":"900056K","klasa":"droga dojazdowa","kat":"powiatowa"},"geometry":{"type":"LineString","coordinates":[[19.97281,50.01023],[19.97173,50.00961]]}},{"type":"Feature","properties":{"numer":"900056K","klasa":"droga dojazdowa","kat":"powiatowa"},"geometry":{"type":"LineString","coordinates":[[19.97351,50.01055],[19.97281,50.01023]]}},{"type":"Feature","properties":{"numer":"602469K","klasa":"droga lokalna","kat":"powiatowa"},"geometry":{"type":"LineString","coordinates":[[19.9483,50.00731],[19.94828,50.00799]]}},{"type":"Feature","properties":{"numer":"2280K","klasa":"droga zbiorcza","kat":"powiatowa"},"geometry":{"type":"LineString","coordinates":[[19.91473,50.00899],[19.91571,50.00818],[19.91607,50.008],[19.91834,50.00734],[19.91933,50.00731],[19.92169,50.00766],[19.92424,50.0074],[19.92494,50.00709]]}},{"type":"Feature","properties":{"numer":"602469K","klasa":"droga lokalna","kat":"powiatowa"},"geometry":{"type":"LineString","coordinates":[[19.94828,50.00799],[19.9483,50.00836]]}},{"type":"Feature","properties":{"numer":"602469K","klasa":"droga lokalna","kat":"powiatowa"},"geometry":{"type":"LineString","coordinates":[[19.9483,50.00836],[19.9484,50.00927],[19.94862,50.00995]]}},{"type":"Feature","properties":{"numer":"1964K","klasa":"droga gĹ‚Ăłwna ruchu przyĹ›pieszonego","kat":"powiatowa"},"geometry":{"type":"LineString","coordinates":[[19.94452,50.00577],[19.94508,50.0063],[19.94527,50.00687],[19.94416,50.01016],[19.94404,50.01091],[19.94421,50.01147],[19.94523,50.01283],[19.94533,50.01319],[19.94538,50.01487]]}},{"type":"Feature","properties":{"numer":"2222K","klasa":"droga zbiorcza","kat":"powiatowa"},"geometry":{"type":"LineString","coordinates":[[19.92838,50.01352],[19.92522,50.00767]]}},{"type":"Feature","properties":{"numer":"2222K","klasa":"droga zbiorcza","kat":"powiatowa"},"geometry":{"type":"LineString","coordinates":[[19.92849,50.01373],[19.92838,50.01352]]}},{"type":"Feature","properties":{"numer":"603832K","klasa":"","kat":"powiatowa"},"geometry":{"type":"LineString","coordinates":[[19.94201,50.01367],[19.94229,50.01436]]}},{"type":"Feature","properties":{"numer":"2246K","klasa":"droga gĹ‚Ăłwna","kat":"powiatowa"},"geometry":{"type":"LineString","coordinates":[[19.94668,50.01462],[19.9482,50.01431]]}},{"type":"Feature","properties":{"numer":"603832K","klasa":"","kat":"powiatowa"},"geometry":{"type":"LineString","coordinates":[[19.94229,50.01436],[19.94228,50.01459],[19.94214,50.01472]]}},{"type":"Feature","properties":{"numer":"602469K","klasa":"droga lokalna","kat":"powiatowa"},"geometry":{"type":"LineString","coordinates":[[19.94862,50.00995],[19.94893,50.01086]]}},{"type":"Feature","properties":{"numer":"900056K","klasa":"droga dojazdowa","kat":"powiatowa"},"geometry":{"type":"LineString","coordinates":[[19.97351,50.01055],[19.97384,50.01073]]}},{"type":"Feature","properties":{"numer":"900056K","klasa":"droga dojazdowa","kat":"powiatowa"},"geometry":{"type":"LineString","coordinates":[[19.97384,50.01073],[19.97394,50.01078]]}},{"type":"Feature","properties":{"numer":"900056K","klasa":"droga dojazdowa","kat":"powiatowa"},"geometry":{"type":"LineString","coordinates":[[19.97394,50.01078],[19.97413,50.01088]]}},{"type":"Feature","properties":{"numer":"900056K","klasa":"droga dojazdowa","kat":"powiatowa"},"geometry":{"type":"LineString","coordinates":[[19.97413,50.01088],[19.97503,50.01135]]}},{"type":"Feature","properties":{"numer":"602469K","klasa":"droga lokalna","kat":"powiatowa"},"geometry":{"type":"LineString","coordinates":[[19.94893,50.01086],[19.94914,50.01147]]}},{"type":"Feature","properties":{"numer":"900056K","klasa":"droga dojazdowa","kat":"powiatowa"},"geometry":{"type":"LineString","coordinates":[[19.97503,50.01135],[19.97531,50.0115]]}},{"type":"Feature","properties":{"numer":"900056K","klasa":"droga dojazdowa","kat":"powiatowa"},"geometry":{"type":"LineString","coordinates":[[19.97531,50.0115],[19.97576,50.01174]]}},{"type":"Feature","properties":{"numer":"2247K","klasa":"droga zbiorcza","kat":"powiatowa"},"geometry":{"type":"LineString","coordinates":[[19.96575,50.0138],[19.9691,50.01185],[19.96982,50.01115],[19.97102,50.01031],[19.97173,50.00961]]}},{"type":"Feature","properties":{"numer":"602469K","klasa":"droga lokalna","kat":"powiatowa"},"geometry":{"type":"LineString","coordinates":[[19.94936,50.01217],[19.94914,50.01147]]}},{"type":"Feature","properties":{"numer":"2280K","klasa":"droga zbiorcza","kat":"powiatowa"},"geometry":{"type":"LineString","coordinates":[[19.88068,50.0073],[19.88094,50.00718],[19.88142,50.0071]]}},{"type":"Feature","properties":{"numer":"2282K","klasa":"droga gĹ‚Ăłwna ruchu przyĹ›pieszonego","kat":"powiatowa"},"geometry":{"type":"LineString","coordinates":[[19.88068,50.0073],[19.88104,50.00767],[19.88145,50.00849]]}},{"type":"Feature","properties":{"numer":"2280K","klasa":"droga zbiorcza","kat":"powiatowa"},"geometry":{"type":"LineString","coordinates":[[19.90509,50.00711],[19.90805,50.00903],[19.90903,50.00939],[19.90993,50.00949],[19.91348,50.00949],[19.91413,50.00935],[19.91462,50.00906]]}},{"type":"Feature","properties":{"numer":"2280K","klasa":"droga zbiorcza","kat":"powiatowa"},"geometry":{"type":"LineString","coordinates":[[19.91462,50.00906],[19.91473,50.00899]]}},{"type":"Feature","properties":{"numer":"2282K","klasa":"droga gĹ‚Ăłwna ruchu przyĹ›pieszonego","kat":"powiatowa"},"geometry":{"type":"LineString","coordinates":[[19.88145,50.00849],[19.88269,50.01113],[19.88559,50.01523],[19.88644,50.01604],[19.88785,50.01692]]}},{"type":"Feature","properties":{"numer":"2234K","klasa":"droga zbiorcza","kat":"powiatowa"},"geometry":{"type":"LineString","coordinates":[[19.87513,50.01885],[19.87559,50.01812],[19.87627,50.01749],[19.8759,50.0167],[19.87599,50.01484],[19.87588,50.0121],[19.87524,50.00988],[19.87469,50.00907],[19.87377,50.008],[19.87363,50.00729],[19.87369,50.00658]]}},{"type":"Feature","properties":{"numer":"2282K","klasa":"droga gĹ‚Ăłwna ruchu przyĹ›pieszonego","kat":"powiatowa"},"geometry":{"type":"LineString","coordinates":[[19.88785,50.01692],[19.88833,50.01717],[19.88947,50.01751]]}},{"type":"Feature","properties":{"numer":"200037K","klasa":"droga zbiorcza","kat":"powiatowa"},"geometry":{"type":"LineString","coordinates":[[19.88832,50.01835],[19.8884,50.01823],[19.88936,50.01768],[19.88947,50.01751]]}},{"type":"Feature","properties":{"numer":"200037K","klasa":"droga zbiorcza","kat":"powiatowa"},"geometry":{"type":"LineString","coordinates":[[19.88862,50.01866],[19.88832,50.01835]]}},{"type":"Feature","properties":{"numer":"200037K","klasa":"droga zbiorcza","kat":"powiatowa"},"geometry":{"type":"LineString","coordinates":[[19.88887,50.01886],[19.88862,50.01866]]}},{"type":"Feature","properties":{"numer":"602469K","klasa":"droga lokalna","kat":"powiatowa"},"geometry":{"type":"LineString","coordinates":[[19.94958,50.01283],[19.94976,50.01334]]}},{"type":"Feature","properties":{"numer":"2246K","klasa":"droga gĹ‚Ăłwna","kat":"powiatowa"},"geometry":{"type":"LineString","coordinates":[[19.94997,50.01392],[19.95494,50.01284],[19.95669,50.01257],[19.95784,50.01252],[19.95875,50.01257],[19.96093,50.0129]]}},{"type":"Feature","properties":{"numer":"603087K","klasa":"droga lokalna","kat":"powiatowa"},"geometry":{"type":"LineString","coordinates":[[19.97605,50.01285],[19.97441,50.01391]]}},{"type":"Feature","properties":{"numer":"2246K","klasa":"droga gĹ‚Ăłwna","kat":"powiatowa"},"geometry":{"type":"LineString","coordinates":[[19.96557,50.01387],[19.96145,50.013]]}},{"type":"Feature","properties":{"numer":"602469K","klasa":"","kat":"powiatowa"},"geometry":{"type":"LineString","coordinates":[[19.94997,50.01392],[19.94976,50.01334]]}},{"type":"Feature","properties":{"numer":"2247K","klasa":"droga zbiorcza","kat":"powiatowa"},"geometry":{"type":"LineString","coordinates":[[19.96557,50.01387],[19.96575,50.0138]]}},{"type":"Feature","properties":{"numer":"603087K","klasa":"droga lokalna","kat":"powiatowa"},"geometry":{"type":"LineString","coordinates":[[19.97441,50.01391],[19.97388,50.01425]]}},{"type":"Feature","properties":{"numer":"602150K","klasa":"","kat":"powiatowa"},"geometry":{"type":"LineString","coordinates":[[19.95003,50.01429],[19.94997,50.01392]]}},{"type":"Feature","properties":{"numer":"2246K","klasa":"droga gĹ‚Ăłwna","kat":"powiatowa"},"geometry":{"type":"LineString","coordinates":[[19.9482,50.01431],[19.94997,50.01392]]}},{"type":"Feature","properties":{"numer":"602150K","klasa":"droga lokalna","kat":"powiatowa"},"geometry":{"type":"LineString","coordinates":[[19.95003,50.01429],[19.95007,50.01442]]}},{"type":"Feature","properties":{"numer":"44","klasa":"droga gĹ‚Ăłwna","kat":"krajowa"},"geometry":{"type":"LineString","coordinates":[[19.84867,49.99172],[19.848594735836667,49.99166492866098]]}},{"type":"Feature","properties":{"numer":"44","klasa":"droga gĹ‚Ăłwna","kat":"krajowa"},"geometry":{"type":"LineString","coordinates":[[19.84898,49.99193],[19.84867,49.99172]]}},{"type":"Feature","properties":{"numer":"2233K","klasa":"droga zbiorcza","kat":"powiatowa"},"geometry":{"type":"LineString","coordinates":[[19.8125,50.01748],[19.81399,50.01806],[19.81479,50.01826],[19.81891,50.01839],[19.82745,50.02187]]}},{"type":"Feature","properties":{"numer":"7,94,A4,E40,E77","klasa":"autostrada","kat":"krajowa"},"geometry":{"type":"LineString","coordinates":[[19.82621,50.02299],[19.82745,50.02187]]}},{"type":"Feature","properties":{"numer":"52,A4,E40,E77","klasa":"autostrada","kat":"krajowa"},"geometry":{"type":"LineString","coordinates":[[19.82621,50.02299],[19.826106157965096,50.02309564798334]]}},{"type":"Feature","properties":{"numer":"2233K","klasa":"","kat":"powiatowa"},"geometry":{"type":"LineString","coordinates":[[19.82745,50.02187],[19.83152,50.02357],[19.83268,50.02418],[19.83451,50.02491],[19.83628,50.02523],[19.83933,50.02591],[19.84104,50.02636],[19.84281,50.02649],[19.8438,50.02664],[19.84557,50.02717],[19.84713,50.02746],[19.85016,50.0286],[19.8506,50.0287],[19.85316,50.02887],[19.85667,50.02932],[19.85877,50.02925]]}},{"type":"Feature","properties":{"numer":"602847K","klasa":"","kat":"powiatowa"},"geometry":{"type":"LineString","coordinates":[[19.8181,50.03421],[19.8178,50.03396]]}},{"type":"Feature","properties":{"numer":"602847K","klasa":"","kat":"powiatowa"},"geometry":{"type":"LineString","coordinates":[[19.81823,50.03436],[19.8181,50.03421]]}},{"type":"Feature","properties":{"numer":"900056K","klasa":"droga dojazdowa","kat":"powiatowa"},"geometry":{"type":"LineString","coordinates":[[19.97614,50.01195],[19.97576,50.01174]]}},{"type":"Feature","properties":{"numer":"900056K","klasa":"droga dojazdowa","kat":"powiatowa"},"geometry":{"type":"LineString","coordinates":[[19.97667,50.01224],[19.97614,50.01195]]}},{"type":"Feature","properties":{"numer":"900056K","klasa":"droga dojazdowa","kat":"powiatowa"},"geometry":{"type":"LineString","coordinates":[[19.97684,50.01235],[19.97667,50.01224]]}},{"type":"Feature","properties":{"numer":"603343K","klasa":"droga dojazdowa","kat":"powiatowa"},"geometry":{"type":"LineString","coordinates":[[19.97713,50.0125],[19.97684,50.01235]]}},{"type":"Feature","properties":{"numer":"602469K","klasa":"droga lokalna","kat":"powiatowa"},"geometry":{"type":"LineString","coordinates":[[19.94958,50.01283],[19.94936,50.01217]]}},{"type":"Feature","properties":{"numer":"603087K","klasa":"droga lokalna","kat":"powiatowa"},"geometry":{"type":"LineString","coordinates":[[19.97684,50.01235],[19.97605,50.01285]]}},{"type":"Feature","properties":{"numer":"2247K","klasa":"","kat":"powiatowa"},"geometry":{"type":"LineString","coordinates":[[19.97066,50.01476],[19.96848,50.0143],[19.9681,50.01403],[19.96814,50.01351],[19.97078,50.01173],[19.97212,50.01105],[19.97351,50.01055]]}},{"type":"Feature","properties":{"numer":"603343K","klasa":"droga dojazdowa","kat":"powiatowa"},"geometry":{"type":"LineString","coordinates":[[19.97773,50.01282],[19.97713,50.0125]]}},{"type":"Feature","properties":{"numer":"603343K","klasa":"droga dojazdowa","kat":"powiatowa"},"geometry":{"type":"LineString","coordinates":[[19.97909,50.01302],[19.97828,50.01299],[19.97773,50.01282]]}},{"type":"Feature","properties":{"numer":"","klasa":"droga gĹ‚Ăłwna","kat":"gminna"},"geometry":{"type":"LineString","coordinates":[[19.96093,50.0129],[19.96145,50.013]]}},{"type":"Feature","properties":{"numer":"603124K","klasa":"droga lokalna","kat":"powiatowa"},"geometry":{"type":"LineString","coordinates":[[20.05239,50.01077],[20.05253,50.01031]]}},{"type":"Feature","properties":{"numer":"603124K","klasa":"droga lokalna","kat":"powiatowa"},"geometry":{"type":"LineString","coordinates":[[20.05234,50.01094],[20.05239,50.01077]]}},{"type":"Feature","properties":{"numer":"2245K","klasa":"droga zbiorcza","kat":"powiatowa"},"geometry":{"type":"LineString","coordinates":[[20.05983,50.01024],[20.06085,50.0098],[20.06183,50.0096],[20.06314,50.00957],[20.06393,50.0097],[20.06437,50.00988],[20.06478,50.01016],[20.06552,50.01139],[20.06602,50.01188],[20.06693,50.01231],[20.067595009627286,50.012426924769635]]}},{"type":"Feature","properties":{"numer":"603124K","klasa":"droga lokalna","kat":"powiatowa"},"geometry":{"type":"LineString","coordinates":[[20.0521,50.01173],[20.05234,50.01094]]}},{"type":"Feature","properties":{"numer":"A4,E40","klasa":"autostrada","kat":"krajowa"},"geometry":{"type":"LineString","coordinates":[[20.05956,50.01042],[20.06167,50.01221],[20.06279,50.01304]]}},{"type":"Feature","properties":{"numer":"603124K","klasa":"droga lokalna","kat":"powiatowa"},"geometry":{"type":"LineString","coordinates":[[20.05197,50.01218],[20.0521,50.01173]]}},{"type":"Feature","properties":{"numer":"603124K","klasa":"droga lokalna","kat":"powiatowa"},"geometry":{"type":"LineString","coordinates":[[20.05046,50.01305],[20.05176,50.0125],[20.05197,50.01218]]}},{"type":"Feature","properties":{"numer":"603124K","klasa":"droga lokalna","kat":"powiatowa"},"geometry":{"type":"LineString","coordinates":[[20.0499,50.01323],[20.05046,50.01305]]}},{"type":"Feature","properties":{"numer":"2245K","klasa":"droga zbiorcza","kat":"powiatowa"},"geometry":{"type":"LineString","coordinates":[[20.05375,50.0158],[20.05604,50.01544],[20.05777,50.01487],[20.05836,50.01454],[20.05866,50.01421],[20.05882,50.01367],[20.05847,50.01254],[20.05849,50.01181],[20.05876,50.01121],[20.05927,50.01064]]}},{"type":"Feature","properties":{"numer":"603124K","klasa":"droga lokalna","kat":"powiatowa"},"geometry":{"type":"LineString","coordinates":[[20.04974,50.01331],[20.0499,50.01323]]}},{"type":"Feature","properties":{"numer":"603244K","klasa":"droga dojazdowa","kat":"powiatowa"},"geometry":{"type":"LineString","coordinates":[[19.98194,50.0125],[19.98205,50.0126]]}},{"type":"Feature","properties":{"numer":"602172K","klasa":"droga lokalna","kat":"powiatowa"},"geometry":{"type":"LineString","coordinates":[[19.98205,50.0126],[19.98193,50.01319]]}},{"type":"Feature","properties":{"numer":"603343K","klasa":"droga lokalna","kat":"powiatowa"},"geometry":{"type":"LineString","coordinates":[[19.97924,50.01302],[19.97909,50.01302]]}},{"type":"Feature","properties":{"numer":"603343K","klasa":"droga lokalna","kat":"powiatowa"},"geometry":{"type":"LineString","coordinates":[[19.97972,50.01303],[19.97924,50.01302]]}},{"type":"Feature","properties":{"numer":"602653K","klasa":"droga lokalna","kat":"powiatowa"},"geometry":{"type":"LineString","coordinates":[[19.99874,50.01335],[19.9986,50.01276]]}},{"type":"Feature","properties":{"numer":"603343K","klasa":"droga lokalna","kat":"powiatowa"},"geometry":{"type":"LineString","coordinates":[[19.98193,50.01319],[19.98159,50.01308],[19.97972,50.01303]]}},{"type":"Feature","properties":{"numer":"602653K","klasa":"droga lokalna","kat":"powiatowa"},"geometry":{"type":"LineString","coordinates":[[19.99938,50.01388],[19.99895,50.01362],[19.99874,50.01335]]}},{"type":"Feature","properties":{"numer":"2251K","klasa":"droga zbiorcza","kat":"powiatowa"},"geometry":{"type":"LineString","coordinates":[[19.99938,50.01388],[19.99942,50.01393]]}},{"type":"Feature","properties":{"numer":"2251K","klasa":"droga zbiorcza","kat":"powiatowa"},"geometry":{"type":"LineString","coordinates":[[19.99936,50.01395],[19.99929,50.01391]]}},{"type":"Feature","properties":{"numer":"2251K","klasa":"droga gĹ‚Ăłwna ruchu przyĹ›pieszonego","kat":"powiatowa"},"geometry":{"type":"LineString","coordinates":[[19.99942,50.01393],[19.99936,50.01395]]}},{"type":"Feature","properties":{"numer":"603124K","klasa":"droga lokalna","kat":"powiatowa"},"geometry":{"type":"LineString","coordinates":[[20.04934,50.01349],[20.04974,50.01331]]}},{"type":"Feature","properties":{"numer":"603124K","klasa":"droga lokalna","kat":"powiatowa"},"geometry":{"type":"LineString","coordinates":[[20.04899,50.01365],[20.04934,50.01349]]}},{"type":"Feature","properties":{"numer":"603124K","klasa":"droga lokalna","kat":"powiatowa"},"geometry":{"type":"LineString","coordinates":[[20.04839,50.01396],[20.04899,50.01365]]}},{"type":"Feature","properties":{"numer":"603124K","klasa":"droga lokalna","kat":"powiatowa"},"geometry":{"type":"LineString","coordinates":[[20.0481,50.01492],[20.048,50.01459],[20.04839,50.01396]]}},{"type":"Feature","properties":{"numer":"A4,E40","klasa":"autostrada","kat":"krajowa"},"geometry":{"type":"LineString","coordinates":[[20.06279,50.01304],[20.0641,50.0139],[20.0657,50.01475],[20.06727,50.01541],[20.068813241474974,50.01596524031904]]}},{"type":"Feature","properties":{"numer":"S7","klasa":"droga ekspresowa","kat":"krajowa"},"geometry":{"type":"LineString","coordinates":[[20.06279,50.01304],[20.06197,50.01475],[20.06171,50.0157],[20.06163,50.01657]]}},{"type":"Feature","properties":{"numer":"603124K","klasa":"droga lokalna","kat":"powiatowa"},"geometry":{"type":"LineString","coordinates":[[20.04914,50.01657],[20.04866,50.01536],[20.0481,50.01492]]}},{"type":"Feature","properties":{"numer":"602522K","klasa":"droga zbiorcza","kat":"powiatowa"},"geometry":{"type":"LineString","coordinates":[[20.05375,50.0158],[20.05484,50.01607],[20.05542,50.01613]]}},{"type":"Feature","properties":{"numer":"2245K","klasa":"droga zbiorcza","kat":"powiatowa"},"geometry":{"type":"LineString","coordinates":[[20.05042,50.01634],[20.05251,50.01575],[20.05303,50.01572],[20.05375,50.0158]]}},{"type":"Feature","properties":{"numer":"602522K","klasa":"droga zbiorcza","kat":"powiatowa"},"geometry":{"type":"LineString","coordinates":[[20.05542,50.01613],[20.05605,50.01627],[20.05674,50.01656]]}},{"type":"Feature","properties":{"numer":"603087K","klasa":"droga lokalna","kat":"powiatowa"},"geometry":{"type":"LineString","coordinates":[[19.97108,50.01521],[19.97127,50.01487]]}},{"type":"Feature","properties":{"numer":"2246K","klasa":"droga gĹ‚Ăłwna","kat":"powiatowa"},"geometry":{"type":"LineString","coordinates":[[19.97101,50.01535],[19.96969,50.01506]]}},{"type":"Feature","properties":{"numer":"603087K","klasa":"droga lokalna","kat":"powiatowa"},"geometry":{"type":"LineString","coordinates":[[19.97101,50.01535],[19.97108,50.01521]]}},{"type":"Feature","properties":{"numer":"602150K","klasa":"droga lokalna","kat":"powiatowa"},"geometry":{"type":"LineString","coordinates":[[19.95023,50.01518],[19.95028,50.01544]]}},{"type":"Feature","properties":{"numer":"602150K","klasa":"droga lokalna","kat":"powiatowa"},"geometry":{"type":"LineString","coordinates":[[19.95028,50.01544],[19.95037,50.01582]]}},{"type":"Feature","properties":{"numer":"602150K","klasa":"droga lokalna","kat":"powiatowa"},"geometry":{"type":"LineString","coordinates":[[19.95037,50.01582],[19.9505,50.01632]]}},{"type":"Feature","properties":{"numer":"2246K","klasa":"droga gĹ‚Ăłwna","kat":"powiatowa"},"geometry":{"type":"LineString","coordinates":[[19.97725,50.01724],[19.97673,50.0168],[19.97594,50.01646],[19.97101,50.01535]]}},{"type":"Feature","properties":{"numer":"602150K","klasa":"droga lokalna","kat":"powiatowa"},"geometry":{"type":"LineString","coordinates":[[19.9505,50.01632],[19.9508,50.01712]]}},{"type":"Feature","properties":{"numer":"2247K","klasa":"droga zbiorcza","kat":"powiatowa"},"geometry":{"type":"LineString","coordinates":[[19.96018,50.02073],[19.96032,50.01996],[19.96156,50.01896],[19.96294,50.01804],[19.96319,50.01679],[19.96404,50.01538],[19.96448,50.01433],[19.96557,50.01387]]}},{"type":"Feature","properties":{"numer":"602150K","klasa":"droga lokalna","kat":"powiatowa"},"geometry":{"type":"LineString","coordinates":[[19.9508,50.01712],[19.95124,50.01787]]}},{"type":"Feature","properties":{"numer":"","klasa":"droga gĹ‚Ăłwna","kat":"gminna"},"geometry":{"type":"LineString","coordinates":[[19.97754,50.01883],[19.97754,50.0178],[19.97725,50.01724]]}},{"type":"Feature","properties":{"numer":"602150K","klasa":"droga lokalna","kat":"powiatowa"},"geometry":{"type":"LineString","coordinates":[[19.95124,50.01787],[19.95187,50.01895]]}},{"type":"Feature","properties":{"numer":"602150K","klasa":"droga lokalna","kat":"powiatowa"},"geometry":{"type":"LineString","coordinates":[[19.95187,50.01895],[19.95217,50.01938]]}},{"type":"Feature","properties":{"numer":"602150K","klasa":"droga lokalna","kat":"powiatowa"},"geometry":{"type":"LineString","coordinates":[[19.95217,50.01938],[19.95247,50.01958]]}},{"type":"Feature","properties":{"numer":"602150K","klasa":"droga lokalna","kat":"powiatowa"},"geometry":{"type":"LineString","coordinates":[[19.95326,50.01992],[19.95247,50.01958]]}},{"type":"Feature","properties":{"numer":"602150K","klasa":"droga lokalna","kat":"powiatowa"},"geometry":{"type":"LineString","coordinates":[[19.95425,50.02025],[19.95326,50.01992]]}},{"type":"Feature","properties":{"numer":"602604K","klasa":"droga lokalna","kat":"powiatowa"},"geometry":{"type":"LineString","coordinates":[[19.95701,50.02025],[19.95533,50.02025]]}},{"type":"Feature","properties":{"numer":"602604K","klasa":"droga lokalna","kat":"powiatowa"},"geometry":{"type":"LineString","coordinates":[[19.95723,50.02025],[19.95701,50.02025]]}},{"type":"Feature","properties":{"numer":"602150K","klasa":"droga lokalna","kat":"powiatowa"},"geometry":{"type":"LineString","coordinates":[[19.95443,50.02029],[19.95425,50.02025]]}},{"type":"Feature","properties":{"numer":"602604K","klasa":"droga lokalna","kat":"powiatowa"},"geometry":{"type":"LineString","coordinates":[[19.95533,50.02025],[19.95443,50.02029]]}},{"type":"Feature","properties":{"numer":"2251K","klasa":"droga zbiorcza","kat":"powiatowa"},"geometry":{"type":"LineString","coordinates":[[19.99942,50.01393],[19.99946,50.014]]}},{"type":"Feature","properties":{"numer":"2251K","klasa":"droga zbiorcza","kat":"powiatowa"},"geometry":{"type":"LineString","coordinates":[[19.99946,50.014],[19.99936,50.01395]]}},{"type":"Feature","properties":{"numer":"2244K","klasa":"droga zbiorcza","kat":"powiatowa"},"geometry":{"type":"LineString","coordinates":[[19.99946,50.014],[20.00377,50.01636],[20.00474,50.01664],[20.00595,50.01666],[20.00975,50.01605],[20.01092,50.01595],[20.01231,50.01602],[20.0145,50.01636]]}},{"type":"Feature","properties":{"numer":"2244K","klasa":"droga zbiorcza","kat":"powiatowa"},"geometry":{"type":"LineString","coordinates":[[20.0145,50.01636],[20.01555,50.01648],[20.01642,50.01644],[20.02457,50.01488],[20.02835,50.01468]]}},{"type":"Feature","properties":{"numer":"2251K","klasa":"droga gĹ‚Ăłwna ruchu przyĹ›pieszonego","kat":"powiatowa"},"geometry":{"type":"LineString","coordinates":[[19.99936,50.01395],[19.99282,50.01632],[19.98078,50.02339]]}},{"type":"Feature","properties":{"numer":"2245K","klasa":"droga zbiorcza","kat":"powiatowa"},"geometry":{"type":"LineString","coordinates":[[19.98078,50.02339],[19.98346,50.02468],[19.98603,50.02488],[19.98699,50.0251],[19.98832,50.02562],[19.98887,50.0256],[19.99169,50.02528],[19.99263,50.02508],[19.99822,50.02314],[20.00048,50.02314],[20.00164,50.02291],[20.00416,50.02262],[20.00856,50.02143],[20.0092,50.0214],[20.01103,50.02167],[20.01264,50.0217],[20.01551,50.0214],[20.01965,50.02055],[20.0245,50.01908],[20.02593,50.01851],[20.02801,50.01809]]}},{"type":"Feature","properties":{"numer":"2251K","klasa":"droga gĹ‚Ăłwna ruchu przyĹ›pieszonego","kat":"powiatowa"},"geometry":{"type":"LineString","coordinates":[[19.98078,50.02339],[19.97959,50.02413]]}},{"type":"Feature","properties":{"numer":"2246K","klasa":"droga gĹ‚Ăłwna","kat":"powiatowa"},"geometry":{"type":"LineString","coordinates":[[19.97951,50.02406],[19.97896,50.02367]]}},{"type":"Feature","properties":{"numer":"2246K","klasa":"droga gĹ‚Ăłwna","kat":"powiatowa"},"geometry":{"type":"LineString","coordinates":[[19.97959,50.02413],[19.97951,50.02406]]}},{"type":"Feature","properties":{"numer":"2251K","klasa":"droga gĹ‚Ăłwna ruchu przyĹ›pieszonego","kat":"powiatowa"},"geometry":{"type":"LineString","coordinates":[[19.97959,50.02413],[19.97845,50.0249]]}},{"type":"Feature","properties":{"numer":"602604K","klasa":"droga lokalna","kat":"powiatowa"},"geometry":{"type":"LineString","coordinates":[[19.95806,50.02036],[19.95723,50.02025]]}},{"type":"Feature","properties":{"numer":"602604K","klasa":"droga lokalna","kat":"powiatowa"},"geometry":{"type":"LineString","coordinates":[[19.95928,50.02066],[19.95806,50.02036]]}},{"type":"Feature","properties":{"numer":"602604K","klasa":"droga lokalna","kat":"powiatowa"},"geometry":{"type":"LineString","coordinates":[[19.96018,50.02073],[19.95928,50.02066]]}},{"type":"Feature","properties":{"numer":"602800K","klasa":"droga lokalna","kat":"powiatowa"},"geometry":{"type":"LineString","coordinates":[[19.96168,50.02088],[19.96109,50.02068],[19.96018,50.02073]]}},{"type":"Feature","properties":{"numer":"602800K","klasa":"droga lokalna","kat":"powiatowa"},"geometry":{"type":"LineString","coordinates":[[19.96243,50.02125],[19.96168,50.02088]]}},{"type":"Feature","properties":{"numer":"2246K","klasa":"droga gĹ‚Ăłwna","kat":"powiatowa"},"geometry":{"type":"LineString","coordinates":[[19.97896,50.02367],[19.97792,50.02295],[19.97756,50.02252],[19.97741,50.02216],[19.97736,50.02145],[19.97754,50.01883]]}},{"type":"Feature","properties":{"numer":"602800K","klasa":"droga lokalna","kat":"powiatowa"},"geometry":{"type":"LineString","coordinates":[[19.96264,50.02136],[19.96243,50.02125]]}},{"type":"Feature","properties":{"numer":"602800K","klasa":"droga lokalna","kat":"powiatowa"},"geometry":{"type":"LineString","coordinates":[[19.96417,50.02192],[19.96264,50.02136]]}},{"type":"Feature","properties":{"numer":"602800K","klasa":"droga lokalna","kat":"powiatowa"},"geometry":{"type":"LineString","coordinates":[[19.96584,50.02247],[19.96417,50.02192]]}},{"type":"Feature","properties":{"numer":"602800K","klasa":"droga lokalna","kat":"powiatowa"},"geometry":{"type":"LineString","coordinates":[[19.96619,50.02259],[19.96584,50.02247]]}},{"type":"Feature","properties":{"numer":"602800K","klasa":"droga lokalna","kat":"powiatowa"},"geometry":{"type":"LineString","coordinates":[[19.96661,50.02275],[19.96619,50.02259]]}},{"type":"Feature","properties":{"numer":"602800K","klasa":"droga lokalna","kat":"powiatowa"},"geometry":{"type":"LineString","coordinates":[[19.96849,50.02346],[19.96661,50.02275]]}},{"type":"Feature","properties":{"numer":"602800K","klasa":"droga lokalna","kat":"powiatowa"},"geometry":{"type":"LineString","coordinates":[[19.96883,50.02359],[19.96849,50.02346]]}},{"type":"Feature","properties":{"numer":"602800K","klasa":"droga lokalna","kat":"powiatowa"},"geometry":{"type":"LineString","coordinates":[[19.96913,50.02371],[19.96883,50.02359]]}},{"type":"Feature","properties":{"numer":"602800K","klasa":"droga lokalna","kat":"powiatowa"},"geometry":{"type":"LineString","coordinates":[[19.96987,50.024],[19.96913,50.02371]]}},{"type":"Feature","properties":{"numer":"2247K","klasa":"droga zbiorcza","kat":"powiatowa"},"geometry":{"type":"LineString","coordinates":[[19.95949,50.02699],[19.96046,50.02479],[19.96018,50.02073]]}},{"type":"Feature","properties":{"numer":"602800K","klasa":"droga lokalna","kat":"powiatowa"},"geometry":{"type":"LineString","coordinates":[[19.97033,50.0242],[19.96987,50.024]]}},{"type":"Feature","properties":{"numer":"602800K","klasa":"droga lokalna","kat":"powiatowa"},"geometry":{"type":"LineString","coordinates":[[19.97139,50.02462],[19.97033,50.0242]]}},{"type":"Feature","properties":{"numer":"602800K","klasa":"droga lokalna","kat":"powiatowa"},"geometry":{"type":"LineString","coordinates":[[19.97192,50.0248],[19.97139,50.02462]]}},{"type":"Feature","properties":{"numer":"602800K","klasa":"droga lokalna","kat":"powiatowa"},"geometry":{"type":"LineString","coordinates":[[19.97221,50.02491],[19.97192,50.0248]]}},{"type":"Feature","properties":{"numer":"603087K","klasa":"droga lokalna","kat":"powiatowa"},"geometry":{"type":"LineString","coordinates":[[19.97388,50.01425],[19.97341,50.01449]]}},{"type":"Feature","properties":{"numer":"2246K","klasa":"droga gĹ‚Ăłwna","kat":"powiatowa"},"geometry":{"type":"LineString","coordinates":[[19.96969,50.01506],[19.96784,50.01458],[19.96557,50.01387]]}},{"type":"Feature","properties":{"numer":"602150K","klasa":"droga lokalna","kat":"powiatowa"},"geometry":{"type":"LineString","coordinates":[[19.95007,50.01442],[19.9501,50.01454]]}},{"type":"Feature","properties":{"numer":"603087K","klasa":"droga lokalna","kat":"powiatowa"},"geometry":{"type":"LineString","coordinates":[[19.9728,50.01462],[19.97341,50.01449]]}},{"type":"Feature","properties":{"numer":"603087K","klasa":"droga lokalna","kat":"powiatowa"},"geometry":{"type":"LineString","coordinates":[[19.97237,50.01471],[19.9728,50.01462]]}},{"type":"Feature","properties":{"numer":"603087K","klasa":"droga lokalna","kat":"powiatowa"},"geometry":{"type":"LineString","coordinates":[[19.9716,50.01483],[19.97237,50.01471]]}},{"type":"Feature","properties":{"numer":"2247K","klasa":"","kat":"powiatowa"},"geometry":{"type":"LineString","coordinates":[[19.97127,50.01487],[19.97066,50.01476]]}},{"type":"Feature","properties":{"numer":"603087K","klasa":"droga lokalna","kat":"powiatowa"},"geometry":{"type":"LineString","coordinates":[[19.97127,50.01487],[19.9716,50.01483]]}},{"type":"Feature","properties":{"numer":"602150K","klasa":"droga lokalna","kat":"powiatowa"},"geometry":{"type":"LineString","coordinates":[[19.9501,50.01454],[19.95023,50.01518]]}},{"type":"Feature","properties":{"numer":"2247K","klasa":"","kat":"powiatowa"},"geometry":{"type":"LineString","coordinates":[[19.97066,50.01476],[19.96969,50.01506]]}},{"type":"Feature","properties":{"numer":"","klasa":"droga gĹ‚Ăłwna","kat":"gminna"},"geometry":{"type":"LineString","coordinates":[[19.94214,50.01472],[19.94128,50.01466],[19.94041,50.01471]]}},{"type":"Feature","properties":{"numer":"2246K","klasa":"droga gĹ‚Ăłwna","kat":"powiatowa"},"geometry":{"type":"LineString","coordinates":[[19.94538,50.01487],[19.94668,50.01462]]}},{"type":"Feature","properties":{"numer":"2246K","klasa":"droga gĹ‚Ăłwna","kat":"powiatowa"},"geometry":{"type":"LineString","coordinates":[[19.94468,50.01491],[19.94214,50.01472]]}},{"type":"Feature","properties":{"numer":"2246K","klasa":"","kat":"powiatowa"},"geometry":{"type":"LineString","coordinates":[[19.94163,50.01506],[19.94214,50.01472]]}},{"type":"Feature","properties":{"numer":"2246K","klasa":"droga gĹ‚Ăłwna","kat":"powiatowa"},"geometry":{"type":"LineString","coordinates":[[19.94538,50.01487],[19.94468,50.01491]]}},{"type":"Feature","properties":{"numer":"2222K","klasa":"droga zbiorcza","kat":"powiatowa"},"geometry":{"type":"LineString","coordinates":[[19.9302,50.017],[19.92849,50.01373]]}},{"type":"Feature","properties":{"numer":"2246K","klasa":"","kat":"powiatowa"},"geometry":{"type":"LineString","coordinates":[[19.94163,50.01506],[19.94109,50.01543],[19.94068,50.01597]]}},{"type":"Feature","properties":{"numer":"2246K","klasa":"","kat":"powiatowa"},"geometry":{"type":"LineString","coordinates":[[19.94105,50.01723],[19.94026,50.01699],[19.9401,50.01687],[19.94068,50.01597]]}},{"type":"Feature","properties":{"numer":"1964K","klasa":"droga gĹ‚Ăłwna","kat":"powiatowa"},"geometry":{"type":"LineString","coordinates":[[19.94538,50.01487],[19.94568,50.01929]]}},{"type":"Feature","properties":{"numer":"","klasa":"droga gĹ‚Ăłwna","kat":"gminna"},"geometry":{"type":"LineString","coordinates":[[19.94041,50.01471],[19.9387,50.01509],[19.93801,50.01539],[19.93701,50.01609],[19.93636,50.01698],[19.93559,50.01849],[19.93514,50.01913],[19.93438,50.01986]]}},{"type":"Feature","properties":{"numer":"200037K","klasa":"droga zbiorcza","kat":"powiatowa"},"geometry":{"type":"LineString","coordinates":[[19.89033,50.01879],[19.88959,50.01891],[19.88887,50.01886]]}},{"type":"Feature","properties":{"numer":"","klasa":"droga zbiorcza","kat":"powiatowa"},"geometry":{"type":"LineString","coordinates":[[19.89809,50.02046],[19.89623,50.01894],[19.89523,50.01841],[19.89439,50.0182],[19.89036,50.01769],[19.88947,50.01751]]}},{"type":"Feature","properties":{"numer":"603301K","klasa":"droga zbiorcza","kat":"powiatowa"},"geometry":{"type":"LineString","coordinates":[[19.87513,50.01885],[19.87563,50.01906],[19.87691,50.01923]]}},{"type":"Feature","properties":{"numer":"603301K","klasa":"droga zbiorcza","kat":"powiatowa"},"geometry":{"type":"LineString","coordinates":[[19.87691,50.01923],[19.87727,50.01935]]}},{"type":"Feature","properties":{"numer":"603301K","klasa":"droga zbiorcza","kat":"powiatowa"},"geometry":{"type":"LineString","coordinates":[[19.87727,50.01935],[19.8778,50.01957]]}},{"type":"Feature","properties":{"numer":"200037K","klasa":"droga zbiorcza","kat":"powiatowa"},"geometry":{"type":"LineString","coordinates":[[19.89128,50.02019],[19.89083,50.01967],[19.89033,50.01879]]}},{"type":"Feature","properties":{"numer":"603301K","klasa":"droga zbiorcza","kat":"powiatowa"},"geometry":{"type":"LineString","coordinates":[[19.87879,50.02053],[19.87843,50.02039],[19.87811,50.01985],[19.8778,50.01957]]}},{"type":"Feature","properties":{"numer":"200037K","klasa":"droga zbiorcza","kat":"powiatowa"},"geometry":{"type":"LineString","coordinates":[[19.89173,50.0206],[19.89128,50.02019]]}},{"type":"Feature","properties":{"numer":"603815K","klasa":"droga dojazdowa","kat":"powiatowa"},"geometry":{"type":"LineString","coordinates":[[19.89803,50.0205],[19.89809,50.02046]]}},{"type":"Feature","properties":{"numer":"603301K","klasa":"droga zbiorcza","kat":"powiatowa"},"geometry":{"type":"LineString","coordinates":[[19.87904,50.02062],[19.87879,50.02053]]}},{"type":"Feature","properties":{"numer":"603815K","klasa":"droga dojazdowa","kat":"powiatowa"},"geometry":{"type":"LineString","coordinates":[[19.89718,50.02086],[19.89803,50.0205]]}},{"type":"Feature","properties":{"numer":"200037K","klasa":"droga zbiorcza","kat":"powiatowa"},"geometry":{"type":"LineString","coordinates":[[19.89219,50.02101],[19.89173,50.0206]]}},{"type":"Feature","properties":{"numer":"603301K","klasa":"droga zbiorcza","kat":"powiatowa"},"geometry":{"type":"LineString","coordinates":[[19.8792,50.02132],[19.87904,50.02062]]}},{"type":"Feature","properties":{"numer":"603815K","klasa":"droga dojazdowa","kat":"powiatowa"},"geometry":{"type":"LineString","coordinates":[[19.89624,50.02128],[19.89718,50.02086]]}},{"type":"Feature","properties":{"numer":"200037K","klasa":"droga zbiorcza","kat":"powiatowa"},"geometry":{"type":"LineString","coordinates":[[19.89256,50.02156],[19.89253,50.02135],[19.89219,50.02101]]}},{"type":"Feature","properties":{"numer":"603815K","klasa":"droga dojazdowa","kat":"powiatowa"},"geometry":{"type":"LineString","coordinates":[[19.89624,50.02128],[19.89528,50.02169]]}},{"type":"Feature","properties":{"numer":"603815K","klasa":"droga dojazdowa","kat":"powiatowa"},"geometry":{"type":"LineString","coordinates":[[19.89528,50.02169],[19.89473,50.02194]]}},{"type":"Feature","properties":{"numer":"200037K","klasa":"droga zbiorcza","kat":"powiatowa"},"geometry":{"type":"LineString","coordinates":[[19.89256,50.02156],[19.89335,50.0217],[19.89381,50.02222]]}},{"type":"Feature","properties":{"numer":"603815K","klasa":"droga dojazdowa","kat":"powiatowa"},"geometry":{"type":"LineString","coordinates":[[19.89473,50.02194],[19.89395,50.02225]]}},{"type":"Feature","properties":{"numer":"200037K","klasa":"droga dojazdowa","kat":"powiatowa"},"geometry":{"type":"LineString","coordinates":[[19.89381,50.02222],[19.89388,50.02223]]}},{"type":"Feature","properties":{"numer":"2246K","klasa":"","kat":"powiatowa"},"geometry":{"type":"LineString","coordinates":[[19.94105,50.01723],[19.94197,50.01749],[19.94284,50.01759]]}},{"type":"Feature","properties":{"numer":"","klasa":"","kat":"gminna"},"geometry":{"type":"LineString","coordinates":[[19.94286,50.01739],[19.94284,50.01759]]}},{"type":"Feature","properties":{"numer":"2222K","klasa":"droga zbiorcza","kat":"powiatowa"},"geometry":{"type":"LineString","coordinates":[[19.93098,50.01842],[19.9302,50.017]]}},{"type":"Feature","properties":{"numer":"2222K","klasa":"droga zbiorcza","kat":"powiatowa"},"geometry":{"type":"LineString","coordinates":[[19.93175,50.01984],[19.93098,50.01842]]}},{"type":"Feature","properties":{"numer":"2222K","klasa":"droga zbiorcza","kat":"powiatowa"},"geometry":{"type":"LineString","coordinates":[[19.9323,50.02106],[19.93175,50.01984]]}},{"type":"Feature","properties":{"numer":"","klasa":"droga gĹ‚Ăłwna","kat":"gminna"},"geometry":{"type":"LineString","coordinates":[[19.93438,50.01986],[19.93337,50.02055],[19.9323,50.02106]]}},{"type":"Feature","properties":{"numer":"","klasa":"droga gĹ‚Ăłwna","kat":"gminna"},"geometry":{"type":"LineString","coordinates":[[19.9323,50.02106],[19.93048,50.02161],[19.92986,50.02171]]}},{"type":"Feature","properties":{"numer":"2222K","klasa":"droga zbiorcza","kat":"powiatowa"},"geometry":{"type":"LineString","coordinates":[[19.93297,50.02238],[19.9323,50.02106]]}},{"type":"Feature","properties":{"numer":"","klasa":"droga gĹ‚Ăłwna","kat":"gminna"},"geometry":{"type":"LineString","coordinates":[[19.92199,50.0237],[19.92653,50.02219],[19.92986,50.02171]]}},{"type":"Feature","properties":{"numer":"","klasa":"","kat":"gminna"},"geometry":{"type":"LineString","coordinates":[[19.94284,50.01759],[19.94273,50.01821],[19.94288,50.02029],[19.94202,50.02464],[19.94094,50.02781],[19.94097,50.02841]]}},{"type":"Feature","properties":{"numer":"1964K","klasa":"droga gĹ‚Ăłwna","kat":"powiatowa"},"geometry":{"type":"LineString","coordinates":[[19.94568,50.01929],[19.94588,50.02319],[19.94466,50.0279],[19.94472,50.02912]]}},{"type":"Feature","properties":{"numer":"","klasa":"droga gĹ‚Ăłwna","kat":"gminna"},"geometry":{"type":"LineString","coordinates":[[19.91755,50.02553],[19.91951,50.02461],[19.92199,50.0237]]}},{"type":"Feature","properties":{"numer":"2222K","klasa":"droga zbiorcza","kat":"powiatowa"},"geometry":{"type":"LineString","coordinates":[[19.93591,50.02794],[19.93297,50.02238]]}},{"type":"Feature","properties":{"numer":"1965K","klasa":"droga zbiorcza","kat":"powiatowa"},"geometry":{"type":"LineString","coordinates":[[19.94097,50.02841],[19.94241,50.02841]]}},{"type":"Feature","properties":{"numer":"2222K","klasa":"droga zbiorcza","kat":"powiatowa"},"geometry":{"type":"LineString","coordinates":[[19.93659,50.02913],[19.93591,50.02794]]}},{"type":"Feature","properties":{"numer":"1965K","klasa":"droga zbiorcza","kat":"powiatowa"},"geometry":{"type":"LineString","coordinates":[[19.94472,50.02912],[19.94374,50.02874],[19.94241,50.02841]]}},{"type":"Feature","properties":{"numer":"1965K","klasa":"droga zbiorcza","kat":"powiatowa"},"geometry":{"type":"LineString","coordinates":[[19.93659,50.02913],[19.93814,50.02881],[19.94097,50.02841]]}},{"type":"Feature","properties":{"numer":"2231K","klasa":"droga zbiorcza","kat":"powiatowa"},"geometry":{"type":"LineString","coordinates":[[19.9336,50.03015],[19.93659,50.02913]]}},{"type":"Feature","properties":{"numer":"2222K","klasa":"droga zbiorcza","kat":"powiatowa"},"geometry":{"type":"LineString","coordinates":[[19.9372,50.03037],[19.93659,50.02913]]}},{"type":"Feature","properties":{"numer":"2231K","klasa":"droga zbiorcza","kat":"powiatowa"},"geometry":{"type":"LineString","coordinates":[[19.9278,50.03037],[19.93237,50.03038],[19.9336,50.03015]]}},{"type":"Feature","properties":{"numer":"603815K","klasa":"droga dojazdowa","kat":"powiatowa"},"geometry":{"type":"LineString","coordinates":[[19.89395,50.02225],[19.89388,50.02223]]}},{"type":"Feature","properties":{"numer":"","klasa":"droga zbiorcza","kat":"powiatowa"},"geometry":{"type":"LineString","coordinates":[[19.902,50.02422],[19.90113,50.02304],[19.89809,50.02046]]}},{"type":"Feature","properties":{"numer":"603301K","klasa":"droga zbiorcza","kat":"powiatowa"},"geometry":{"type":"LineString","coordinates":[[19.87984,50.02436],[19.8792,50.02132]]}},{"type":"Feature","properties":{"numer":"2234K","klasa":"droga zbiorcza","kat":"powiatowa"},"geometry":{"type":"LineString","coordinates":[[19.85877,50.02925],[19.85921,50.0289],[19.85939,50.02829],[19.86025,50.02814],[19.8607,50.02714],[19.86101,50.02673],[19.86262,50.02575],[19.86816,50.02111],[19.86887,50.02072],[19.86979,50.02037],[19.87124,50.02007],[19.87265,50.01962],[19.87324,50.01934],[19.87428,50.01864],[19.87452,50.01863],[19.87513,50.01885]]}},{"type":"Feature","properties":{"numer":"603301K","klasa":"droga zbiorcza","kat":"powiatowa"},"geometry":{"type":"LineString","coordinates":[[19.87998,50.02501],[19.87984,50.02436]]}},{"type":"Feature","properties":{"numer":"","klasa":"droga gĹ‚Ăłwna","kat":"gminna"},"geometry":{"type":"LineString","coordinates":[[19.91473,50.02801],[19.916,50.02681],[19.91755,50.02553]]}},{"type":"Feature","properties":{"numer":"","klasa":"droga zbiorcza","kat":"powiatowa"},"geometry":{"type":"LineString","coordinates":[[19.91288,50.02979],[19.90378,50.02603],[19.903,50.02548],[19.902,50.02422]]}},{"type":"Feature","properties":{"numer":"","klasa":"droga gĹ‚Ăłwna","kat":"gminna"},"geometry":{"type":"LineString","coordinates":[[19.91288,50.02979],[19.91473,50.02801]]}},{"type":"Feature","properties":{"numer":"2233K","klasa":"","kat":"powiatowa"},"geometry":{"type":"LineString","coordinates":[[19.85877,50.02925],[19.85917,50.02934],[19.86106,50.03031],[19.86517,50.03159],[19.86786,50.03261],[19.87253,50.03334],[19.87728,50.03418],[19.87935,50.03439],[19.88123,50.03434],[19.88312,50.03486],[19.88456,50.03476],[19.88669,50.03551],[19.88728,50.03563]]}},{"type":"Feature","properties":{"numer":"2233K","klasa":"","kat":"powiatowa"},"geometry":{"type":"LineString","coordinates":[[19.88728,50.03563],[19.88739,50.03565]]}},{"type":"Feature","properties":{"numer":"2231K","klasa":"droga zbiorcza","kat":"powiatowa"},"geometry":{"type":"LineString","coordinates":[[19.92757,50.03037],[19.9278,50.03037]]}},{"type":"Feature","properties":{"numer":"2231K","klasa":"droga zbiorcza","kat":"powiatowa"},"geometry":{"type":"LineString","coordinates":[[19.9258,50.0304],[19.92757,50.03037]]}},{"type":"Feature","properties":{"numer":"","klasa":"droga zbiorcza","kat":"powiatowa"},"geometry":{"type":"LineString","coordinates":[[19.9258,50.0304],[19.92473,50.0306]]}},{"type":"Feature","properties":{"numer":"1964K","klasa":"droga gĹ‚Ăłwna","kat":"powiatowa"},"geometry":{"type":"LineString","coordinates":[[19.94472,50.02912],[19.94561,50.03198]]}},{"type":"Feature","properties":{"numer":"1965K","klasa":"droga zbiorcza","kat":"powiatowa"},"geometry":{"type":"LineString","coordinates":[[19.94472,50.02912],[19.94558,50.02972],[19.94603,50.03033],[19.946,50.03088],[19.94569,50.03167],[19.94569,50.03196],[19.94561,50.03198]]}},{"type":"Feature","properties":{"numer":"2231K","klasa":"droga zbiorcza","kat":"powiatowa"},"geometry":{"type":"LineString","coordinates":[[19.9258,50.0304],[19.92597,50.03093]]}},{"type":"Feature","properties":{"numer":"","klasa":"droga zbiorcza","kat":"powiatowa"},"geometry":{"type":"LineString","coordinates":[[19.92597,50.03093],[19.92585,50.03092],[19.92554,50.03059],[19.92473,50.0306]]}},{"type":"Feature","properties":{"numer":"","klasa":"droga zbiorcza","kat":"powiatowa"},"geometry":{"type":"LineString","coordinates":[[19.92057,50.0316],[19.91914,50.03192],[19.91823,50.03188],[19.91664,50.03138],[19.91288,50.02979]]}},{"type":"Feature","properties":{"numer":"","klasa":"droga zbiorcza","kat":"powiatowa"},"geometry":{"type":"LineString","coordinates":[[19.92473,50.0306],[19.92057,50.0316]]}},{"type":"Feature","properties":{"numer":"2203K","klasa":"droga gĹ‚Ăłwna","kat":"powiatowa"},"geometry":{"type":"LineString","coordinates":[[19.94866,50.03162],[19.94764,50.03243]]}},{"type":"Feature","properties":{"numer":"2203K","klasa":"droga gĹ‚Ăłwna","kat":"powiatowa"},"geometry":{"type":"LineString","coordinates":[[19.94764,50.03243],[19.94731,50.03269]]}},{"type":"Feature","properties":{"numer":"1965K","klasa":"droga zbiorcza","kat":"powiatowa"},"geometry":{"type":"LineString","coordinates":[[19.94561,50.03198],[19.9459,50.03275],[19.94641,50.03341]]}},{"type":"Feature","properties":{"numer":"2222K","klasa":"droga zbiorcza","kat":"powiatowa"},"geometry":{"type":"LineString","coordinates":[[19.93977,50.03518],[19.9372,50.03037]]}},{"type":"Feature","properties":{"numer":"2231K","klasa":"droga zbiorcza","kat":"powiatowa"},"geometry":{"type":"LineString","coordinates":[[19.92597,50.03093],[19.92564,50.03481]]}},{"type":"Feature","properties":{"numer":"2203K","klasa":"droga gĹ‚Ăłwna","kat":"powiatowa"},"geometry":{"type":"LineString","coordinates":[[19.94731,50.03269],[19.9465,50.03334]]}},{"type":"Feature","properties":{"numer":"2203K","klasa":"droga gĹ‚Ăłwna","kat":"powiatowa"},"geometry":{"type":"LineString","coordinates":[[19.9465,50.03334],[19.94641,50.03341]]}},{"type":"Feature","properties":{"numer":"2203K","klasa":"droga gĹ‚Ăłwna","kat":"powiatowa"},"geometry":{"type":"LineString","coordinates":[[19.94641,50.03341],[19.94632,50.03348]]}},{"type":"Feature","properties":{"numer":"2203K","klasa":"droga gĹ‚Ăłwna","kat":"powiatowa"},"geometry":{"type":"LineString","coordinates":[[19.94632,50.03348],[19.94562,50.03403],[19.94463,50.03459],[19.94215,50.03567]]}},{"type":"Feature","properties":{"numer":"776","klasa":"droga gĹ‚Ăłwna","kat":"wojewodzka"},"geometry":{"type":"LineString","coordinates":[[19.94946,50.03653],[19.94798,50.03535],[19.94641,50.03341]]}},{"type":"Feature","properties":{"numer":"2222K","klasa":"droga zbiorcza","kat":"powiatowa"},"geometry":{"type":"LineString","coordinates":[[19.94067,50.03636],[19.93977,50.03518]]}},{"type":"Feature","properties":{"numer":"2247K","klasa":"droga zbiorcza","kat":"powiatowa"},"geometry":{"type":"LineString","coordinates":[[19.95949,50.02699],[19.95881,50.02815],[19.95872,50.02864]]}},{"type":"Feature","properties":{"numer":"2203K","klasa":"droga gĹ‚Ăłwna","kat":"powiatowa"},"geometry":{"type":"LineString","coordinates":[[19.95872,50.02864],[19.95642,50.02911],[19.95422,50.02944],[19.95255,50.02983],[19.9513,50.03022],[19.95004,50.03073],[19.94866,50.03162]]}},{"type":"Feature","properties":{"numer":"2251K","klasa":"droga zbiorcza","kat":"powiatowa"},"geometry":{"type":"LineString","coordinates":[[19.97677,50.02685],[19.9667,50.03671]]}},{"type":"Feature","properties":{"numer":"","klasa":"droga gĹ‚Ăłwna","kat":"gminna"},"geometry":{"type":"LineString","coordinates":[[19.94946,50.03653],[19.94929,50.03648]]}},{"type":"Feature","properties":{"numer":"2251K","klasa":"droga zbiorcza","kat":"powiatowa"},"geometry":{"type":"LineString","coordinates":[[19.9667,50.03671],[19.9666,50.03681]]}},{"type":"Feature","properties":{"numer":"2251K","klasa":"droga zbiorcza","kat":"powiatowa"},"geometry":{"type":"LineString","coordinates":[[19.9666,50.03681],[19.96566,50.03772]]}},{"type":"Feature","properties":{"numer":"2251K","klasa":"droga zbiorcza","kat":"powiatowa"},"geometry":{"type":"LineString","coordinates":[[19.96566,50.03772],[19.96551,50.03787]]}},{"type":"Feature","properties":{"numer":"2251K","klasa":"droga zbiorcza","kat":"powiatowa"},"geometry":{"type":"LineString","coordinates":[[19.96551,50.03787],[19.96344,50.03982]]}},{"type":"Feature","properties":{"numer":"776","klasa":"droga gĹ‚Ăłwna","kat":"wojewodzka"},"geometry":{"type":"LineString","coordinates":[[19.95862,50.04129],[19.95612,50.04075],[19.95434,50.04004],[19.95287,50.0391],[19.94946,50.03653]]}},{"type":"Feature","properties":{"numer":"2251K","klasa":"droga zbiorcza","kat":"powiatowa"},"geometry":{"type":"LineString","coordinates":[[19.96344,50.03982],[19.96336,50.03982]]}},{"type":"Feature","properties":{"numer":"602847K","klasa":"","kat":"powiatowa"},"geometry":{"type":"LineString","coordinates":[[19.81849,50.03434],[19.81823,50.03436]]}},{"type":"Feature","properties":{"numer":"602847K","klasa":"","kat":"powiatowa"},"geometry":{"type":"LineString","coordinates":[[19.81901,50.03442],[19.81849,50.03434]]}},{"type":"Feature","properties":{"numer":"","klasa":"droga zbiorcza","kat":"powiatowa"},"geometry":{"type":"LineString","coordinates":[[19.81823,50.03436],[19.81801,50.03447]]}},{"type":"Feature","properties":{"numer":"","klasa":"droga zbiorcza","kat":"powiatowa"},"geometry":{"type":"LineString","coordinates":[[19.81801,50.03447],[19.81767,50.03474]]}},{"type":"Feature","properties":{"numer":"7,94,A4,E40,E77","klasa":"autostrada","kat":"krajowa"},"geometry":{"type":"LineString","coordinates":[[19.813191870896944,50.036495083129395],[19.81601113603368,50.03359152102843]]}},{"type":"Feature","properties":{"numer":"","klasa":"droga zbiorcza","kat":"powiatowa"},"geometry":{"type":"LineString","coordinates":[[19.81767,50.03474],[19.81721,50.03512],[19.81663,50.03536],[19.81516,50.03554]]}},{"type":"Feature","properties":{"numer":"602847K","klasa":"droga zbiorcza","kat":"powiatowa"},"geometry":{"type":"LineString","coordinates":[[19.82405,50.03594],[19.82348,50.03575]]}},{"type":"Feature","properties":{"numer":"602847K","klasa":"droga zbiorcza","kat":"powiatowa"},"geometry":{"type":"LineString","coordinates":[[19.82563,50.03662],[19.82427,50.03603]]}},{"type":"Feature","properties":{"numer":"","klasa":"droga wewnÄ™trzna","kat":"gminna"},"geometry":{"type":"LineString","coordinates":[[19.81429,50.037],[19.81494,50.03665]]}},{"type":"Feature","properties":{"numer":"","klasa":"droga wewnÄ™trzna","kat":"gminna"},"geometry":{"type":"LineString","coordinates":[[19.812800202898554,50.038279797101445],[19.81352,50.03756],[19.81429,50.037]]}},{"type":"Feature","properties":{"numer":"602847K","klasa":"droga zbiorcza","kat":"powiatowa"},"geometry":{"type":"LineString","coordinates":[[19.8302,50.03879],[19.82872,50.03829],[19.82563,50.03662]]}},{"type":"Feature","properties":{"numer":"602847K","klasa":"droga zbiorcza","kat":"powiatowa"},"geometry":{"type":"LineString","coordinates":[[19.83582,50.03907],[19.8349,50.03894],[19.83146,50.0389],[19.8302,50.03879]]}},{"type":"Feature","properties":{"numer":"780","klasa":"droga gĹ‚Ăłwna","kat":"wojewodzka"},"geometry":{"type":"LineString","coordinates":[[19.81094,50.04056],[19.810956501882057,50.04050740025094]]}},{"type":"Feature","properties":{"numer":"602847K","klasa":"droga zbiorcza","kat":"powiatowa"},"geometry":{"type":"LineString","coordinates":[[19.83969,50.04116],[19.83921,50.04067],[19.83776,50.03987],[19.83678,50.03938],[19.83582,50.03907]]}},{"type":"Feature","properties":{"numer":"","klasa":"droga wewnÄ™trzna","kat":"gminna"},"geometry":{"type":"LineString","coordinates":[[19.81111,50.04158],[19.81094,50.04056]]}},{"type":"Feature","properties":{"numer":"780","klasa":"droga zbiorcza","kat":"wojewodzka"},"geometry":{"type":"LineString","coordinates":[[19.81144,50.04203],[19.81195,50.04192]]}},{"type":"Feature","properties":{"numer":"780","klasa":"droga zbiorcza","kat":"wojewodzka"},"geometry":{"type":"LineString","coordinates":[[19.81125,50.04208],[19.81144,50.04203]]}},{"type":"Feature","properties":{"numer":"780","klasa":"droga zbiorcza","kat":"wojewodzka"},"geometry":{"type":"LineString","coordinates":[[19.81108,50.04216],[19.81125,50.04208]]}},{"type":"Feature","properties":{"numer":"603011K","klasa":"droga dojazdowa","kat":"powiatowa"},"geometry":{"type":"LineString","coordinates":[[19.82726,50.04619],[19.82654,50.04715],[19.82641,50.04756]]}},{"type":"Feature","properties":{"numer":"603011K","klasa":"droga dojazdowa","kat":"powiatowa"},"geometry":{"type":"LineString","coordinates":[[19.82641,50.04756],[19.82625,50.04848]]}},{"type":"Feature","properties":{"numer":"603011K","klasa":"droga dojazdowa","kat":"powiatowa"},"geometry":{"type":"LineString","coordinates":[[19.82625,50.04848],[19.82605,50.04948]]}},{"type":"Feature","properties":{"numer":"603011K","klasa":"droga dojazdowa","kat":"powiatowa"},"geometry":{"type":"LineString","coordinates":[[19.82605,50.04948],[19.82583,50.05079],[19.82561,50.05126]]}},{"type":"Feature","properties":{"numer":"603011K","klasa":"droga dojazdowa","kat":"powiatowa"},"geometry":{"type":"LineString","coordinates":[[19.82561,50.05126],[19.82535,50.05173]]}},{"type":"Feature","properties":{"numer":"603011K","klasa":"droga dojazdowa","kat":"powiatowa"},"geometry":{"type":"LineString","coordinates":[[19.82535,50.05173],[19.82507,50.05225],[19.82519,50.05261],[19.82644,50.05303],[19.82668,50.05315],[19.82689,50.05343]]}},{"type":"Feature","properties":{"numer":"603011K","klasa":"droga dojazdowa","kat":"powiatowa"},"geometry":{"type":"LineString","coordinates":[[19.82689,50.05343],[19.82754,50.05442],[19.82833,50.05528]]}},{"type":"Feature","properties":{"numer":"603011K","klasa":"droga dojazdowa","kat":"powiatowa"},"geometry":{"type":"LineString","coordinates":[[19.82833,50.05528],[19.82841,50.05548],[19.82807,50.05637],[19.8281,50.05648],[19.8283,50.05657]]}},{"type":"Feature","properties":{"numer":"603011K","klasa":"droga dojazdowa","kat":"powiatowa"},"geometry":{"type":"LineString","coordinates":[[19.8283,50.05657],[19.82869,50.05665]]}},{"type":"Feature","properties":{"numer":"603011K","klasa":"droga dojazdowa","kat":"powiatowa"},"geometry":{"type":"LineString","coordinates":[[19.82869,50.05665],[19.82967,50.05695]]}},{"type":"Feature","properties":{"numer":"603240K","klasa":"droga lokalna","kat":"powiatowa"},"geometry":{"type":"LineString","coordinates":[[19.82967,50.05695],[19.82948,50.05727]]}},{"type":"Feature","properties":{"numer":"603240K","klasa":"droga lokalna","kat":"powiatowa"},"geometry":{"type":"LineString","coordinates":[[19.82948,50.05727],[19.82888,50.05798]]}},{"type":"Feature","properties":{"numer":"603240K","klasa":"droga lokalna","kat":"powiatowa"},"geometry":{"type":"LineString","coordinates":[[19.82888,50.05798],[19.82891,50.05838]]}},{"type":"Feature","properties":{"numer":"603240K","klasa":"droga lokalna","kat":"powiatowa"},"geometry":{"type":"LineString","coordinates":[[19.82891,50.05838],[19.82924,50.05885]]}},{"type":"Feature","properties":{"numer":"603240K","klasa":"droga lokalna","kat":"powiatowa"},"geometry":{"type":"LineString","coordinates":[[19.82924,50.05885],[19.82954,50.05926]]}},{"type":"Feature","properties":{"numer":"603240K","klasa":"droga lokalna","kat":"powiatowa"},"geometry":{"type":"LineString","coordinates":[[19.82954,50.05926],[19.82958,50.05943]]}},{"type":"Feature","properties":{"numer":"603240K","klasa":"droga lokalna","kat":"powiatowa"},"geometry":{"type":"LineString","coordinates":[[19.82958,50.05943],[19.82963,50.05961]]}},{"type":"Feature","properties":{"numer":"603240K","klasa":"droga lokalna","kat":"powiatowa"},"geometry":{"type":"LineString","coordinates":[[19.82963,50.05961],[19.82988,50.06047]]}},{"type":"Feature","properties":{"numer":"603240K","klasa":"droga lokalna","kat":"powiatowa"},"geometry":{"type":"LineString","coordinates":[[19.82988,50.06047],[19.82996,50.06064]]}},{"type":"Feature","properties":{"numer":"602410K","klasa":"droga dojazdowa","kat":"powiatowa"},"geometry":{"type":"LineString","coordinates":[[19.82986,50.06062],[19.82996,50.06064]]}},{"type":"Feature","properties":{"numer":"603240K","klasa":"droga lokalna","kat":"powiatowa"},"geometry":{"type":"LineString","coordinates":[[19.82996,50.06064],[19.83048,50.06092]]}},{"type":"Feature","properties":{"numer":"7,94,A4,E40,E77","klasa":"autostrada","kat":"krajowa"},"geometry":{"type":"LineString","coordinates":[[19.80948,50.06134],[19.809488017719513,50.06073065331701]]}},{"type":"Feature","properties":{"numer":"603240K","klasa":"droga lokalna","kat":"powiatowa"},"geometry":{"type":"LineString","coordinates":[[19.83048,50.06092],[19.83073,50.06105]]}},{"type":"Feature","properties":{"numer":"603240K","klasa":"droga lokalna","kat":"powiatowa"},"geometry":{"type":"LineString","coordinates":[[19.83073,50.06105],[19.83117,50.06128]]}},{"type":"Feature","properties":{"numer":"2260K","klasa":"droga zbiorcza","kat":"powiatowa"},"geometry":{"type":"LineString","coordinates":[[19.80899,50.06133],[19.80948,50.06134]]}},{"type":"Feature","properties":{"numer":"2260K","klasa":"droga zbiorcza","kat":"powiatowa"},"geometry":{"type":"LineString","coordinates":[[19.80974,50.06135],[19.80948,50.06134]]}},{"type":"Feature","properties":{"numer":"2260K","klasa":"droga zbiorcza","kat":"powiatowa"},"geometry":{"type":"LineString","coordinates":[[19.80974,50.06135],[19.80988,50.06136]]}},{"type":"Feature","properties":{"numer":"603240K","klasa":"droga lokalna","kat":"powiatowa"},"geometry":{"type":"LineString","coordinates":[[19.83117,50.06128],[19.832,50.06171]]}},{"type":"Feature","properties":{"numer":"603240K","klasa":"droga lokalna","kat":"powiatowa"},"geometry":{"type":"LineString","coordinates":[[19.832,50.06171],[19.8329,50.06218]]}},{"type":"Feature","properties":{"numer":"602344K","klasa":"droga lokalna","kat":"powiatowa"},"geometry":{"type":"LineString","coordinates":[[19.98638,49.97623],[19.98665,49.97497],[19.98663,49.97418],[19.98719953964675,49.97310627771515]]}},{"type":"Feature","properties":{"numer":"2175K","klasa":"","kat":"powiatowa"},"geometry":{"type":"LineString","coordinates":[[19.86887,49.97269],[19.868848374612437,49.97260956410724]]}},{"type":"Feature","properties":{"numer":"2174K","klasa":"","kat":"powiatowa"},"geometry":{"type":"LineString","coordinates":[[19.86887,49.97269],[19.87097,49.97195],[19.87264,49.97176],[19.87325121045392,49.971637757909214]]}},{"type":"Feature","properties":{"numer":"2174K","klasa":"","kat":"powiatowa"},"geometry":{"type":"LineString","coordinates":[[19.876641231826945,49.9715349101196],[19.87944,49.97153]]}},{"type":"Feature","properties":{"numer":"2174K","klasa":"droga zbiorcza","kat":"powiatowa"},"geometry":{"type":"LineString","coordinates":[[19.87944,49.97153],[19.87945668611067,49.97153034053287]]}},{"type":"Feature","properties":{"numer":"2174K","klasa":"","kat":"powiatowa"},"geometry":{"type":"LineString","coordinates":[[19.86879,49.97272],[19.86887,49.97269]]}},{"type":"Feature","properties":{"numer":"2174K","klasa":"droga zbiorcza","kat":"powiatowa"},"geometry":{"type":"LineString","coordinates":[[19.86877478578892,49.97272637176362],[19.86879,49.97272]]}},{"type":"Feature","properties":{"numer":"2204K","klasa":"","kat":"powiatowa"},"geometry":{"type":"LineString","coordinates":[[19.86302,49.97712],[19.862896981907895,49.977071183296786]]}},{"type":"Feature","properties":{"numer":"2235K","klasa":"","kat":"powiatowa"},"geometry":{"type":"LineString","coordinates":[[19.87359,49.98064],[19.87255,49.98009],[19.87197,49.97988],[19.86894,49.97937],[19.86512,49.97848],[19.86467,49.97827],[19.86376,49.97755],[19.86302,49.97712]]}},{"type":"Feature","properties":{"numer":"2239K","klasa":"droga zbiorcza","kat":"powiatowa"},"geometry":{"type":"LineString","coordinates":[[19.94717,49.97228],[19.94717,49.972275934065934]]}},{"type":"Feature","properties":{"numer":"2239K","klasa":"droga zbiorcza","kat":"powiatowa"},"geometry":{"type":"LineString","coordinates":[[19.94716,49.97272],[19.94717,49.97228]]}},{"type":"Feature","properties":{"numer":"2028K","klasa":"","kat":"powiatowa"},"geometry":{"type":"LineString","coordinates":[[19.94816,49.97272],[19.94833,49.97266]]}},{"type":"Feature","properties":{"numer":"2028K","klasa":"","kat":"powiatowa"},"geometry":{"type":"LineString","coordinates":[[19.94716,49.97272],[19.94816,49.97272]]}},{"type":"Feature","properties":{"numer":"2239K","klasa":"droga zbiorcza","kat":"powiatowa"},"geometry":{"type":"LineString","coordinates":[[19.94435,49.9803],[19.94447,49.97921],[19.9454,49.9775],[19.94555,49.97632],[19.94688,49.9746],[19.9471,49.97365],[19.94716,49.97272]]}},{"type":"Feature","properties":{"numer":"2237K","klasa":"","kat":"powiatowa"},"geometry":{"type":"LineString","coordinates":[[19.93237,49.97886],[19.932342195439738,49.97881134201954]]}},{"type":"Feature","properties":{"numer":"603318K","klasa":"droga dojazdowa","kat":"powiatowa"},"geometry":{"type":"LineString","coordinates":[[19.91929,49.98089],[19.91907,49.98003]]}},{"type":"Feature","properties":{"numer":"603318K","klasa":"droga dojazdowa","kat":"powiatowa"},"geometry":{"type":"LineString","coordinates":[[19.91946,49.98116],[19.91929,49.98089]]}},{"type":"Feature","properties":{"numer":"75","klasa":"droga gĹ‚Ăłwna ruchu przyĹ›pieszonego","kat":"krajowa"},"geometry":{"type":"LineString","coordinates":[[20.21231,50.04952],[20.21240901976563,50.04947655907056]]}},{"type":"Feature","properties":{"numer":"75","klasa":"droga gĹ‚Ăłwna","kat":"krajowa"},"geometry":{"type":"LineString","coordinates":[[20.21072,50.05022],[20.21231,50.04952]]}},{"type":"Feature","properties":{"numer":"602209K","klasa":"droga lokalna","kat":"powiatowa"},"geometry":{"type":"LineString","coordinates":[[20.13211,50.05858],[20.13397,50.05881],[20.13517,50.05872],[20.13703,50.05922],[20.13854,50.05926]]}},{"type":"Feature","properties":{"numer":"602209K","klasa":"droga lokalna","kat":"powiatowa"},"geometry":{"type":"LineString","coordinates":[[20.13854,50.05926],[20.13941,50.0593],[20.14105,50.05964]]}},{"type":"Feature","properties":{"numer":"602209K","klasa":"droga lokalna","kat":"powiatowa"},"geometry":{"type":"LineString","coordinates":[[20.14105,50.05964],[20.1438,50.06042],[20.14411,50.06059]]}},{"type":"Feature","properties":{"numer":"602577K","klasa":"droga lokalna","kat":"powiatowa"},"geometry":{"type":"LineString","coordinates":[[20.14402,50.06074],[20.14411,50.06059]]}},{"type":"Feature","properties":{"numer":"602577K","klasa":"droga lokalna","kat":"powiatowa"},"geometry":{"type":"LineString","coordinates":[[20.1428,50.06242],[20.14402,50.06074]]}},{"type":"Feature","properties":{"numer":"602577K","klasa":"droga lokalna","kat":"powiatowa"},"geometry":{"type":"LineString","coordinates":[[20.14264,50.06261],[20.1428,50.06242]]}},{"type":"Feature","properties":{"numer":"602577K","klasa":"droga lokalna","kat":"powiatowa"},"geometry":{"type":"LineString","coordinates":[[20.14241,50.0629],[20.14264,50.06261]]}},{"type":"Feature","properties":{"numer":"602577K","klasa":"droga lokalna","kat":"powiatowa"},"geometry":{"type":"LineString","coordinates":[[20.14214,50.06324],[20.14241,50.0629]]}},{"type":"Feature","properties":{"numer":"602577K","klasa":"droga lokalna","kat":"powiatowa"},"geometry":{"type":"LineString","coordinates":[[20.14147,50.06407],[20.14214,50.06324]]}},{"type":"Feature","properties":{"numer":"602577K","klasa":"droga lokalna","kat":"powiatowa"},"geometry":{"type":"LineString","coordinates":[[20.1412,50.06482],[20.14126,50.06446],[20.14147,50.06407]]}},{"type":"Feature","properties":{"numer":"602577K","klasa":"droga lokalna","kat":"powiatowa"},"geometry":{"type":"LineString","coordinates":[[20.14119,50.06509],[20.1412,50.06482]]}},{"type":"Feature","properties":{"numer":"602577K","klasa":"droga lokalna","kat":"powiatowa"},"geometry":{"type":"LineString","coordinates":[[20.14117,50.06551],[20.14119,50.06509]]}},{"type":"Feature","properties":{"numer":"602577K","klasa":"droga lokalna","kat":"powiatowa"},"geometry":{"type":"LineString","coordinates":[[20.14115,50.06652],[20.14117,50.06551]]}},{"type":"Feature","properties":{"numer":"602577K","klasa":"droga lokalna","kat":"powiatowa"},"geometry":{"type":"LineString","coordinates":[[20.141,50.06876],[20.14117,50.06802],[20.14115,50.06652]]}},{"type":"Feature","properties":{"numer":"603070K","klasa":"droga dojazdowa","kat":"powiatowa"},"geometry":{"type":"LineString","coordinates":[[20.13884,50.06876],[20.13949,50.06867],[20.14073,50.06882],[20.141,50.06876]]}},{"type":"Feature","properties":{"numer":"603070K","klasa":"droga dojazdowa","kat":"powiatowa"},"geometry":{"type":"LineString","coordinates":[[20.13847,50.06972],[20.13844,50.06943],[20.13884,50.06876]]}},{"type":"Feature","properties":{"numer":"603256K","klasa":"droga dojazdowa","kat":"powiatowa"},"geometry":{"type":"LineString","coordinates":[[20.13985,50.07002],[20.13847,50.06972]]}},{"type":"Feature","properties":{"numer":"603256K","klasa":"droga dojazdowa","kat":"powiatowa"},"geometry":{"type":"LineString","coordinates":[[20.13985,50.07002],[20.14004,50.07007]]}},{"type":"Feature","properties":{"numer":"603256K","klasa":"","kat":"powiatowa"},"geometry":{"type":"LineString","coordinates":[[20.14008,50.07028],[20.14004,50.07007]]}},{"type":"Feature","properties":{"numer":"603435K","klasa":"droga dojazdowa","kat":"powiatowa"},"geometry":{"type":"LineString","coordinates":[[20.13964,50.0725],[20.14008,50.07028]]}},{"type":"Feature","properties":{"numer":"603435K","klasa":"droga dojazdowa","kat":"powiatowa"},"geometry":{"type":"LineString","coordinates":[[20.13964,50.0725],[20.13952,50.07338],[20.13957,50.07422],[20.13944,50.07464]]}},{"type":"Feature","properties":{"numer":"603435K","klasa":"droga dojazdowa","kat":"powiatowa"},"geometry":{"type":"LineString","coordinates":[[20.13944,50.07464],[20.1394,50.07474]]}},{"type":"Feature","properties":{"numer":"79","klasa":"droga gĹ‚Ăłwna ruchu przyĹ›pieszonego","kat":"krajowa"},"geometry":{"type":"LineString","coordinates":[[20.13316,50.07434],[20.13926,50.07506]]}},{"type":"Feature","properties":{"numer":"603435K","klasa":"droga dojazdowa","kat":"powiatowa"},"geometry":{"type":"LineString","coordinates":[[20.1394,50.07474],[20.1393,50.075]]}},{"type":"Feature","properties":{"numer":"603435K","klasa":"droga dojazdowa","kat":"powiatowa"},"geometry":{"type":"LineString","coordinates":[[20.1393,50.075],[20.13926,50.07506]]}},{"type":"Feature","properties":{"numer":"79","klasa":"droga gĹ‚Ăłwna ruchu przyĹ›pieszonego","kat":"krajowa"},"geometry":{"type":"LineString","coordinates":[[20.13926,50.07506],[20.14814,50.07611]]}},{"type":"Feature","properties":{"numer":"","klasa":"droga wewnÄ™trzna","kat":"gminna"},"geometry":{"type":"LineString","coordinates":[[20.1561,50.07712],[20.15611,50.07707]]}},{"type":"Feature","properties":{"numer":"602540K","klasa":"droga lokalna","kat":"powiatowa"},"geometry":{"type":"LineString","coordinates":[[20.15411,50.07702],[20.154,50.07735]]}},{"type":"Feature","properties":{"numer":"","klasa":"droga wewnÄ™trzna","kat":"gminna"},"geometry":{"type":"LineString","coordinates":[[20.15606,50.0778],[20.1561,50.07712]]}},{"type":"Feature","properties":{"numer":"","klasa":"droga wewnÄ™trzna","kat":"gminna"},"geometry":{"type":"LineString","coordinates":[[20.15606,50.0778],[20.154,50.07735]]}},{"type":"Feature","properties":{"numer":"79","klasa":"droga gĹ‚Ăłwna ruchu przyĹ›pieszonego","kat":"krajowa"},"geometry":{"type":"LineString","coordinates":[[20.14814,50.07611],[20.1744,50.07926]]}},{"type":"Feature","properties":{"numer":"","klasa":"droga wewnÄ™trzna","kat":"gminna"},"geometry":{"type":"LineString","coordinates":[[20.15924,50.07837],[20.15606,50.0778]]}},{"type":"Feature","properties":{"numer":"603535K","klasa":"droga lokalna","kat":"powiatowa"},"geometry":{"type":"LineString","coordinates":[[20.16004,50.07921],[20.15924,50.07837]]}},{"type":"Feature","properties":{"numer":"79","klasa":"droga gĹ‚Ăłwna ruchu przyĹ›pieszonego","kat":"krajowa"},"geometry":{"type":"LineString","coordinates":[[20.1744,50.07926],[20.17504,50.07934]]}},{"type":"Feature","properties":{"numer":"75","klasa":"droga gĹ‚Ăłwna ruchu przyĹ›pieszonego","kat":"krajowa"},"geometry":{"type":"LineString","coordinates":[[20.18641,50.07995],[20.18708,50.07876]]}},{"type":"Feature","properties":{"numer":"79","klasa":"droga gĹ‚Ăłwna ruchu przyĹ›pieszonego","kat":"krajowa"},"geometry":{"type":"LineString","coordinates":[[20.17504,50.07934],[20.18079,50.08002],[20.1836,50.08028],[20.1846,50.08035],[20.18628,50.0803]]}},{"type":"Feature","properties":{"numer":"602540K","klasa":"droga lokalna","kat":"powiatowa"},"geometry":{"type":"LineString","coordinates":[[20.154,50.07735],[20.15289,50.08079],[20.1519,50.0828]]}},{"type":"Feature","properties":{"numer":"75","klasa":"droga gĹ‚Ăłwna ruchu przyĹ›pieszonego","kat":"krajowa"},"geometry":{"type":"LineString","coordinates":[[20.18641,50.07995],[20.18633,50.0803]]}},{"type":"Feature","properties":{"numer":"2245K","klasa":"droga zbiorcza","kat":"powiatowa"},"geometry":{"type":"LineString","coordinates":[[20.05034,50.01636],[20.05042,50.01634]]}},{"type":"Feature","properties":{"numer":"2243K","klasa":"droga zbiorcza","kat":"powiatowa"},"geometry":{"type":"LineString","coordinates":[[20.02835,50.01468],[20.02841,50.01525],[20.02796,50.0176],[20.02801,50.01809]]}},{"type":"Feature","properties":{"numer":"2245K","klasa":"droga zbiorcza","kat":"powiatowa"},"geometry":{"type":"LineString","coordinates":[[20.04914,50.01657],[20.05034,50.01636]]}},{"type":"Feature","properties":{"numer":"2245K","klasa":"droga zbiorcza","kat":"powiatowa"},"geometry":{"type":"LineString","coordinates":[[20.03608,50.01865],[20.03779,50.01914],[20.03888,50.01933],[20.04049,50.01936],[20.04454,50.01764],[20.04544,50.01738],[20.04778,50.01695],[20.04914,50.01657]]}},{"type":"Feature","properties":{"numer":"2245K","klasa":"droga zbiorcza","kat":"powiatowa"},"geometry":{"type":"LineString","coordinates":[[20.02801,50.01809],[20.03164,50.01801],[20.0343,50.01837],[20.03489,50.01834],[20.03576,50.01863]]}},{"type":"Feature","properties":{"numer":"2245K","klasa":"droga zbiorcza","kat":"powiatowa"},"geometry":{"type":"LineString","coordinates":[[20.03576,50.01863],[20.03587,50.01864]]}},{"type":"Feature","properties":{"numer":"2245K","klasa":"droga zbiorcza","kat":"powiatowa"},"geometry":{"type":"LineString","coordinates":[[20.03587,50.01864],[20.03608,50.01865]]}},{"type":"Feature","properties":{"numer":"2248K","klasa":"droga zbiorcza","kat":"powiatowa"},"geometry":{"type":"LineString","coordinates":[[20.04215,50.0337],[20.04201,50.03325],[20.04131,50.0327],[20.04108,50.0324],[20.04055,50.03093],[20.0399,50.03001],[20.03929,50.02796],[20.03782,50.024],[20.0379,50.02374],[20.03818,50.02348],[20.03929,50.0231],[20.04134,50.02254],[20.04156,50.02236],[20.04157,50.02213],[20.04124,50.02181],[20.04027,50.02141],[20.03945,50.02085],[20.03867,50.02048],[20.03842,50.02043],[20.03777,50.02051],[20.03744,50.02043],[20.03654,50.01937],[20.03576,50.01863]]}},{"type":"Feature","properties":{"numer":"S7","klasa":"droga ekspresowa","kat":"krajowa"},"geometry":{"type":"LineString","coordinates":[[20.06166,50.01688],[20.06298,50.03088],[20.06319,50.03463],[20.06336,50.03565],[20.06392,50.03726]]}},{"type":"Feature","properties":{"numer":"2248K","klasa":"droga zbiorcza","kat":"powiatowa"},"geometry":{"type":"LineString","coordinates":[[20.04216,50.03384],[20.04215,50.0337]]}},{"type":"Feature","properties":{"numer":"602800K","klasa":"droga lokalna","kat":"powiatowa"},"geometry":{"type":"LineString","coordinates":[[19.97265,50.02531],[19.97221,50.02491]]}},{"type":"Feature","properties":{"numer":"2203K","klasa":"droga gĹ‚Ăłwna","kat":"powiatowa"},"geometry":{"type":"LineString","coordinates":[[19.97845,50.0249],[19.97782,50.02523],[19.97641,50.02575],[19.97399,50.02629]]}},{"type":"Feature","properties":{"numer":"2251K","klasa":"droga zbiorcza","kat":"powiatowa"},"geometry":{"type":"LineString","coordinates":[[19.97845,50.0249],[19.97775,50.02588],[19.97677,50.02685]]}},{"type":"Feature","properties":{"numer":"602800K","klasa":"droga lokalna","kat":"powiatowa"},"geometry":{"type":"LineString","coordinates":[[19.97407,50.02631],[19.97399,50.02629]]}},{"type":"Feature","properties":{"numer":"602800K","klasa":"droga lokalna","kat":"powiatowa"},"geometry":{"type":"LineString","coordinates":[[19.97452,50.02656],[19.97407,50.02631]]}},{"type":"Feature","properties":{"numer":"602800K","klasa":"droga lokalna","kat":"powiatowa"},"geometry":{"type":"LineString","coordinates":[[19.97591,50.02665],[19.97492,50.02666],[19.97452,50.02656]]}},{"type":"Feature","properties":{"numer":"602800K","klasa":"droga lokalna","kat":"powiatowa"},"geometry":{"type":"LineString","coordinates":[[19.97673,50.02684],[19.97591,50.02665]]}},{"type":"Feature","properties":{"numer":"2251K","klasa":"droga zbiorcza","kat":"powiatowa"},"geometry":{"type":"LineString","coordinates":[[19.97677,50.02685],[19.97673,50.02684]]}},{"type":"Feature","properties":{"numer":"2251K","klasa":"droga zbiorcza","kat":"powiatowa"},"geometry":{"type":"LineString","coordinates":[[19.97683,50.02686],[19.97677,50.02685]]}},{"type":"Feature","properties":{"numer":"2203K","klasa":"droga gĹ‚Ăłwna","kat":"powiatowa"},"geometry":{"type":"LineString","coordinates":[[19.97399,50.02629],[19.97134,50.02673],[19.9662,50.02721],[19.95872,50.02864]]}},{"type":"Feature","properties":{"numer":"2248K","klasa":"droga zbiorcza","kat":"powiatowa"},"geometry":{"type":"LineString","coordinates":[[20.04246,50.03724],[20.04216,50.03384]]}},{"type":"Feature","properties":{"numer":"2286K","klasa":"droga zbiorcza","kat":"powiatowa"},"geometry":{"type":"LineString","coordinates":[[20.06775,50.03731],[20.06623,50.03718],[20.06392,50.03726]]}},{"type":"Feature","properties":{"numer":"2250K","klasa":"droga gĹ‚Ăłwna","kat":"powiatowa"},"geometry":{"type":"LineString","coordinates":[[20.05902,50.03762],[20.06392,50.03726]]}},{"type":"Feature","properties":{"numer":"2248K","klasa":"droga zbiorcza","kat":"powiatowa"},"geometry":{"type":"LineString","coordinates":[[20.04261,50.03846],[20.04246,50.03724]]}},{"type":"Feature","properties":{"numer":"2250K","klasa":"droga gĹ‚Ăłwna","kat":"powiatowa"},"geometry":{"type":"LineString","coordinates":[[20.05246,50.03821],[20.05902,50.03762]]}},{"type":"Feature","properties":{"numer":"2250K","klasa":"droga gĹ‚Ăłwna","kat":"powiatowa"},"geometry":{"type":"LineString","coordinates":[[20.05096,50.03826],[20.05246,50.03821]]}},{"type":"Feature","properties":{"numer":"2250K","klasa":"droga gĹ‚Ăłwna","kat":"powiatowa"},"geometry":{"type":"LineString","coordinates":[[20.02688,50.03802],[20.03078,50.03846],[20.03311,50.03863],[20.03572,50.03866],[20.04261,50.03846]]}},{"type":"Feature","properties":{"numer":"2250K","klasa":"droga gĹ‚Ăłwna","kat":"powiatowa"},"geometry":{"type":"LineString","coordinates":[[20.04261,50.03846],[20.05096,50.03826]]}},{"type":"Feature","properties":{"numer":"2248K","klasa":"droga zbiorcza","kat":"powiatowa"},"geometry":{"type":"LineString","coordinates":[[20.043,50.03921],[20.04273,50.03907],[20.04261,50.03846]]}},{"type":"Feature","properties":{"numer":"S7","klasa":"droga ekspresowa","kat":"krajowa"},"geometry":{"type":"LineString","coordinates":[[20.06392,50.03726],[20.06476,50.03875],[20.06553,50.03975],[20.06673,50.04092]]}},{"type":"Feature","properties":{"numer":"2250K","klasa":"droga zbiorcza","kat":"powiatowa"},"geometry":{"type":"LineString","coordinates":[[19.98272,50.03656],[19.98272,50.03641]]}},{"type":"Feature","properties":{"numer":"2250K","klasa":"droga zbiorcza","kat":"powiatowa"},"geometry":{"type":"LineString","coordinates":[[19.98272,50.03656],[19.98291,50.03724]]}},{"type":"Feature","properties":{"numer":"2250K","klasa":"droga zbiorcza","kat":"powiatowa"},"geometry":{"type":"LineString","coordinates":[[19.98295,50.03754],[19.98291,50.03724]]}},{"type":"Feature","properties":{"numer":"2250K","klasa":"","kat":"powiatowa"},"geometry":{"type":"LineString","coordinates":[[20.01858,50.03775],[20.02348,50.03772],[20.02498,50.0378],[20.02688,50.03802]]}},{"type":"Feature","properties":{"numer":"2250K","klasa":"droga zbiorcza","kat":"powiatowa"},"geometry":{"type":"LineString","coordinates":[[19.98292,50.03847],[19.98295,50.03754]]}},{"type":"Feature","properties":{"numer":"2250K","klasa":"droga gĹ‚Ăłwna","kat":"powiatowa"},"geometry":{"type":"LineString","coordinates":[[20.00441,50.03928],[20.00785,50.03892],[20.01319,50.03807],[20.01858,50.03775]]}},{"type":"Feature","properties":{"numer":"2250K","klasa":"droga zbiorcza","kat":"powiatowa"},"geometry":{"type":"LineString","coordinates":[[19.98289,50.03922],[19.98292,50.03847]]}},{"type":"Feature","properties":{"numer":"2250K","klasa":"droga zbiorcza","kat":"powiatowa"},"geometry":{"type":"LineString","coordinates":[[19.99994,50.03977],[20.00441,50.03928]]}},{"type":"Feature","properties":{"numer":"2250K","klasa":"droga zbiorcza","kat":"powiatowa"},"geometry":{"type":"LineString","coordinates":[[19.99999,50.03984],[19.99994,50.03977]]}},{"type":"Feature","properties":{"numer":"2250K","klasa":"droga zbiorcza","kat":"powiatowa"},"geometry":{"type":"LineString","coordinates":[[19.98289,50.03922],[19.98315,50.04069]]}},{"type":"Feature","properties":{"numer":"2250K","klasa":"droga zbiorcza","kat":"powiatowa"},"geometry":{"type":"LineString","coordinates":[[19.99173,50.04053],[19.99994,50.03977]]}},{"type":"Feature","properties":{"numer":"2250K","klasa":"droga zbiorcza","kat":"powiatowa"},"geometry":{"type":"LineString","coordinates":[[19.98315,50.04069],[19.99173,50.04053]]}},{"type":"Feature","properties":{"numer":"603236K","klasa":"","kat":"powiatowa"},"geometry":{"type":"LineString","coordinates":[[19.99165,50.04138],[19.99173,50.04053]]}},{"type":"Feature","properties":{"numer":"2250K","klasa":"droga zbiorcza","kat":"powiatowa"},"geometry":{"type":"LineString","coordinates":[[19.98315,50.04069],[19.9834,50.04216]]}},{"type":"Feature","properties":{"numer":"2278K","klasa":"droga zbiorcza","kat":"powiatowa"},"geometry":{"type":"LineString","coordinates":[[19.97442,50.04262],[19.97492,50.04167],[19.97531,50.04127],[19.97576,50.04099],[19.97654,50.04072],[19.97776,50.04063],[19.98315,50.04069]]}},{"type":"Feature","properties":{"numer":"603236K","klasa":"droga lokalna","kat":"powiatowa"},"geometry":{"type":"LineString","coordinates":[[19.99153,50.04206],[19.99165,50.04138]]}},{"type":"Feature","properties":{"numer":"603155K","klasa":"droga lokalna","kat":"powiatowa"},"geometry":{"type":"LineString","coordinates":[[19.99153,50.04206],[19.99074,50.04241]]}},{"type":"Feature","properties":{"numer":"2250K","klasa":"droga zbiorcza","kat":"powiatowa"},"geometry":{"type":"LineString","coordinates":[[20.00075,50.04486],[20.0009,50.04419],[20.00082,50.0432],[19.99999,50.03984]]}},{"type":"Feature","properties":{"numer":"2250K","klasa":"droga zbiorcza","kat":"powiatowa"},"geometry":{"type":"LineString","coordinates":[[19.9834,50.04216],[19.98366,50.04378],[19.98364,50.04518]]}},{"type":"Feature","properties":{"numer":"603408K","klasa":"droga dojazdowa","kat":"powiatowa"},"geometry":{"type":"LineString","coordinates":[[19.99171,50.04524],[19.99074,50.04241]]}},{"type":"Feature","properties":{"numer":"603377K","klasa":"droga lokalna","kat":"powiatowa"},"geometry":{"type":"LineString","coordinates":[[19.97403,50.04247],[19.9734,50.04216]]}},{"type":"Feature","properties":{"numer":"602693K","klasa":"droga dojazdowa","kat":"powiatowa"},"geometry":{"type":"LineString","coordinates":[[19.9734,50.04216],[19.97246,50.04282]]}},{"type":"Feature","properties":{"numer":"603377K","klasa":"droga lokalna","kat":"powiatowa"},"geometry":{"type":"LineString","coordinates":[[19.97432,50.04255],[19.97403,50.04247]]}},{"type":"Feature","properties":{"numer":"603377K","klasa":"droga dojazdowa","kat":"powiatowa"},"geometry":{"type":"LineString","coordinates":[[19.97442,50.04262],[19.97432,50.04255]]}},{"type":"Feature","properties":{"numer":"776","klasa":"droga gĹ‚Ăłwna","kat":"wojewodzka"},"geometry":{"type":"LineString","coordinates":[[19.96683,50.04298],[19.96603,50.04271],[19.96523,50.04228]]}},{"type":"Feature","properties":{"numer":"2278K","klasa":"droga zbiorcza","kat":"powiatowa"},"geometry":{"type":"LineString","coordinates":[[19.97453,50.04268],[19.97442,50.04262]]}},{"type":"Feature","properties":{"numer":"603377K","klasa":"","kat":"powiatowa"},"geometry":{"type":"LineString","coordinates":[[19.97478,50.04274],[19.97453,50.04268]]}},{"type":"Feature","properties":{"numer":"776","klasa":"droga gĹ‚Ăłwna","kat":"wojewodzka"},"geometry":{"type":"LineString","coordinates":[[19.96678,50.04309],[19.96213,50.04234]]}},{"type":"Feature","properties":{"numer":"603377K","klasa":"droga lokalna","kat":"powiatowa"},"geometry":{"type":"LineString","coordinates":[[19.97664,50.04305],[19.97478,50.04274]]}},{"type":"Feature","properties":{"numer":"2251K","klasa":"droga zbiorcza","kat":"powiatowa"},"geometry":{"type":"LineString","coordinates":[[19.96099,50.04214],[19.95982,50.04331],[19.95906,50.04367]]}},{"type":"Feature","properties":{"numer":"2011K","klasa":"","kat":"powiatowa"},"geometry":{"type":"LineString","coordinates":[[20.080436619718313,50.04036366197183],[20.0801,50.04033]]}},{"type":"Feature","properties":{"numer":"2286K","klasa":"droga zbiorcza","kat":"powiatowa"},"geometry":{"type":"LineString","coordinates":[[20.06775,50.03731],[20.07012,50.03782],[20.07127,50.03796],[20.078,50.03803],[20.07916,50.0379],[20.08125,50.0372],[20.08226204819277,50.03710326009922]]}},{"type":"Feature","properties":{"numer":"2249K","klasa":"","kat":"powiatowa"},"geometry":{"type":"LineString","coordinates":[[20.06673,50.04092],[20.06845,50.04031],[20.06903,50.04021],[20.0713,50.04021],[20.07445,50.04066],[20.07643,50.04055],[20.07778,50.04022],[20.0801,50.04033]]}},{"type":"Feature","properties":{"numer":"S7","klasa":"droga ekspresowa","kat":"krajowa"},"geometry":{"type":"LineString","coordinates":[[20.06673,50.04092],[20.06823,50.04247],[20.06948,50.04424],[20.0737,50.05297],[20.07417,50.05431],[20.07475,50.05663]]}},{"type":"Feature","properties":{"numer":"776","klasa":"droga gĹ‚Ăłwna","kat":"wojewodzka"},"geometry":{"type":"LineString","coordinates":[[19.96683,50.04298],[19.96695,50.04308]]}},{"type":"Feature","properties":{"numer":"602693K","klasa":"droga dojazdowa","kat":"powiatowa"},"geometry":{"type":"LineString","coordinates":[[19.97246,50.04282],[19.9718,50.04312],[19.97166,50.04335]]}},{"type":"Feature","properties":{"numer":"776","klasa":"droga gĹ‚Ăłwna","kat":"wojewodzka"},"geometry":{"type":"LineString","coordinates":[[19.96695,50.04308],[19.96678,50.04309]]}},{"type":"Feature","properties":{"numer":"603254K","klasa":"droga dojazdowa","kat":"powiatowa"},"geometry":{"type":"LineString","coordinates":[[19.9766,50.04365],[19.97664,50.04305]]}},{"type":"Feature","properties":{"numer":"776","klasa":"droga gĹ‚Ăłwna","kat":"wojewodzka"},"geometry":{"type":"LineString","coordinates":[[19.96945,50.04386],[19.96695,50.04308]]}},{"type":"Feature","properties":{"numer":"602693K","klasa":"droga dojazdowa","kat":"powiatowa"},"geometry":{"type":"LineString","coordinates":[[19.97166,50.04335],[19.97163,50.04376]]}},{"type":"Feature","properties":{"numer":"2278K","klasa":"droga zbiorcza","kat":"powiatowa"},"geometry":{"type":"LineString","coordinates":[[19.97442,50.04262],[19.97324,50.04512]]}},{"type":"Feature","properties":{"numer":"776","klasa":"droga gĹ‚Ăłwna","kat":"wojewodzka"},"geometry":{"type":"LineString","coordinates":[[19.96953,50.04395],[19.96945,50.04386]]}},{"type":"Feature","properties":{"numer":"602693K","klasa":"droga dojazdowa","kat":"powiatowa"},"geometry":{"type":"LineString","coordinates":[[19.97163,50.04376],[19.97151,50.04413]]}},{"type":"Feature","properties":{"numer":"776","klasa":"droga gĹ‚Ăłwna","kat":"wojewodzka"},"geometry":{"type":"LineString","coordinates":[[19.97123,50.04421],[19.96989,50.04389],[19.96945,50.04386]]}},{"type":"Feature","properties":{"numer":"602892K","klasa":"droga dojazdowa","kat":"powiatowa"},"geometry":{"type":"LineString","coordinates":[[19.99994,50.04496],[20.00075,50.04486]]}},{"type":"Feature","properties":{"numer":"602892K","klasa":"droga dojazdowa","kat":"powiatowa"},"geometry":{"type":"LineString","coordinates":[[19.99922,50.04503],[19.99994,50.04496]]}},{"type":"Feature","properties":{"numer":"602892K","klasa":"droga dojazdowa","kat":"powiatowa"},"geometry":{"type":"LineString","coordinates":[[19.99885,50.04505],[19.99922,50.04503]]}},{"type":"Feature","properties":{"numer":"602892K","klasa":"droga dojazdowa","kat":"powiatowa"},"geometry":{"type":"LineString","coordinates":[[19.99834,50.04507],[19.99885,50.04505]]}},{"type":"Feature","properties":{"numer":"602892K","klasa":"droga dojazdowa","kat":"powiatowa"},"geometry":{"type":"LineString","coordinates":[[19.99726,50.04511],[19.99834,50.04507]]}},{"type":"Feature","properties":{"numer":"602892K","klasa":"droga dojazdowa","kat":"powiatowa"},"geometry":{"type":"LineString","coordinates":[[19.99726,50.04511],[19.99688,50.04513]]}},{"type":"Feature","properties":{"numer":"602892K","klasa":"droga dojazdowa","kat":"powiatowa"},"geometry":{"type":"LineString","coordinates":[[19.99585,50.04517],[19.99525,50.04519],[19.99429,50.04506],[19.9939,50.04511]]}},{"type":"Feature","properties":{"numer":"602892K","klasa":"droga dojazdowa","kat":"powiatowa"},"geometry":{"type":"LineString","coordinates":[[19.99688,50.04513],[19.99585,50.04517]]}},{"type":"Feature","properties":{"numer":"602892K","klasa":"droga dojazdowa","kat":"powiatowa"},"geometry":{"type":"LineString","coordinates":[[19.9939,50.04511],[19.99309,50.04522]]}},{"type":"Feature","properties":{"numer":"603408K","klasa":"droga dojazdowa","kat":"powiatowa"},"geometry":{"type":"LineString","coordinates":[[19.99184,50.04527],[19.99171,50.04524]]}},{"type":"Feature","properties":{"numer":"603074K","klasa":"droga lokalna","kat":"powiatowa"},"geometry":{"type":"LineString","coordinates":[[19.97409,50.04486],[19.97411,50.04508],[19.97494,50.04536],[19.97527,50.04538],[19.97528,50.04555]]}},{"type":"Feature","properties":{"numer":"2278K","klasa":"droga zbiorcza","kat":"powiatowa"},"geometry":{"type":"LineString","coordinates":[[19.97324,50.04512],[19.9726,50.0458],[19.97193,50.04627]]}},{"type":"Feature","properties":{"numer":"776","klasa":"droga gĹ‚Ăłwna","kat":"wojewodzka"},"geometry":{"type":"LineString","coordinates":[[19.97583,50.04586],[19.97528,50.04555]]}},{"type":"Feature","properties":{"numer":"2278K","klasa":"droga zbiorcza","kat":"powiatowa"},"geometry":{"type":"LineString","coordinates":[[19.97193,50.04627],[19.97167,50.04643]]}},{"type":"Feature","properties":{"numer":"2278K","klasa":"droga zbiorcza","kat":"powiatowa"},"geometry":{"type":"LineString","coordinates":[[19.97193,50.04627],[19.97267,50.04673]]}},{"type":"Feature","properties":{"numer":"2251K","klasa":"","kat":"powiatowa"},"geometry":{"type":"LineString","coordinates":[[19.95563,50.04511],[19.95452,50.04811]]}},{"type":"Feature","properties":{"numer":"776","klasa":"droga gĹ‚Ăłwna","kat":"wojewodzka"},"geometry":{"type":"LineString","coordinates":[[19.98174,50.04896],[19.97679,50.04648],[19.97564,50.04597],[19.97324,50.04512]]}},{"type":"Feature","properties":{"numer":"602929K","klasa":"droga dojazdowa","kat":"powiatowa"},"geometry":{"type":"LineString","coordinates":[[19.95412,50.04783],[19.95389,50.04791]]}},{"type":"Feature","properties":{"numer":"603090K","klasa":"droga lokalna","kat":"powiatowa"},"geometry":{"type":"LineString","coordinates":[[19.95013,50.04867],[19.9482,50.04763],[19.94761,50.04741]]}},{"type":"Feature","properties":{"numer":"603332K","klasa":"droga dojazdowa","kat":"powiatowa"},"geometry":{"type":"LineString","coordinates":[[19.95407,50.04861],[19.95357,50.04823],[19.9536,50.048],[19.95389,50.04791]]}},{"type":"Feature","properties":{"numer":"2203K","klasa":"droga gĹ‚Ăłwna","kat":"powiatowa"},"geometry":{"type":"LineString","coordinates":[[19.94215,50.03567],[19.94067,50.03636]]}},{"type":"Feature","properties":{"numer":"2252K","klasa":"","kat":"powiatowa"},"geometry":{"type":"LineString","coordinates":[[19.94101,50.03766],[19.94067,50.03636]]}},{"type":"Feature","properties":{"numer":"2203K","klasa":"droga zbiorcza","kat":"powiatowa"},"geometry":{"type":"LineString","coordinates":[[19.94067,50.03636],[19.94041,50.03652],[19.94011,50.03701],[19.9377,50.03895],[19.93665,50.04029]]}},{"type":"Feature","properties":{"numer":"2252K","klasa":"","kat":"powiatowa"},"geometry":{"type":"LineString","coordinates":[[19.94296,50.04116],[19.94101,50.03766]]}},{"type":"Feature","properties":{"numer":"","klasa":"","kat":"gminna"},"geometry":{"type":"LineString","coordinates":[[19.93665,50.04029],[19.9363,50.04017],[19.93598,50.03991]]}},{"type":"Feature","properties":{"numer":"2231K","klasa":"droga zbiorcza","kat":"powiatowa"},"geometry":{"type":"LineString","coordinates":[[19.92564,50.03481],[19.92568,50.03685],[19.92553,50.03872],[19.92139,50.0455]]}},{"type":"Feature","properties":{"numer":"2252K,603319K","klasa":"","kat":"powiatowa"},"geometry":{"type":"LineString","coordinates":[[19.94304,50.04132],[19.94296,50.04116]]}},{"type":"Feature","properties":{"numer":"2203K","klasa":"droga zbiorcza","kat":"powiatowa"},"geometry":{"type":"LineString","coordinates":[[19.93665,50.04029],[19.93537,50.04207],[19.93504,50.04282]]}},{"type":"Feature","properties":{"numer":"2252K","klasa":"","kat":"powiatowa"},"geometry":{"type":"LineString","coordinates":[[19.94697,50.04379],[19.94346,50.04191],[19.94304,50.04132]]}},{"type":"Feature","properties":{"numer":"2252K","klasa":"","kat":"powiatowa"},"geometry":{"type":"LineString","coordinates":[[19.94829,50.04444],[19.94713,50.04384]]}},{"type":"Feature","properties":{"numer":"2251K","klasa":"droga zbiorcza","kat":"powiatowa"},"geometry":{"type":"LineString","coordinates":[[19.96354,50.03985],[19.96344,50.03982]]}},{"type":"Feature","properties":{"numer":"2251K","klasa":"droga zbiorcza","kat":"powiatowa"},"geometry":{"type":"LineString","coordinates":[[19.96344,50.03982],[19.96157,50.04167]]}},{"type":"Feature","properties":{"numer":"776","klasa":"droga gĹ‚Ăłwna","kat":"wojewodzka"},"geometry":{"type":"LineString","coordinates":[[19.95862,50.04129],[19.95906,50.04131]]}},{"type":"Feature","properties":{"numer":"776","klasa":"droga gĹ‚Ăłwna","kat":"wojewodzka"},"geometry":{"type":"LineString","coordinates":[[19.95906,50.04131],[19.96105,50.04162]]}},{"type":"Feature","properties":{"numer":"776","klasa":"droga gĹ‚Ăłwna","kat":"wojewodzka"},"geometry":{"type":"LineString","coordinates":[[19.96105,50.04162],[19.96157,50.04167]]}},{"type":"Feature","properties":{"numer":"776","klasa":"droga gĹ‚Ăłwna","kat":"wojewodzka"},"geometry":{"type":"LineString","coordinates":[[19.96099,50.04214],[19.95931,50.04146],[19.95862,50.04129]]}},{"type":"Feature","properties":{"numer":"776","klasa":"droga gĹ‚Ăłwna","kat":"wojewodzka"},"geometry":{"type":"LineString","coordinates":[[19.96157,50.04167],[19.96332,50.04183]]}},{"type":"Feature","properties":{"numer":"2251K","klasa":"droga zbiorcza","kat":"powiatowa"},"geometry":{"type":"LineString","coordinates":[[19.96157,50.04167],[19.96099,50.04214]]}},{"type":"Feature","properties":{"numer":"776","klasa":"droga gĹ‚Ăłwna","kat":"wojewodzka"},"geometry":{"type":"LineString","coordinates":[[19.96332,50.04183],[19.96437,50.04197],[19.96523,50.04228]]}},{"type":"Feature","properties":{"numer":"776","klasa":"droga gĹ‚Ăłwna","kat":"wojewodzka"},"geometry":{"type":"LineString","coordinates":[[19.96213,50.04234],[19.96099,50.04214]]}},{"type":"Feature","properties":{"numer":"2233K","klasa":"","kat":"powiatowa"},"geometry":{"type":"LineString","coordinates":[[19.88739,50.03565],[19.88822,50.03633],[19.88897,50.03657],[19.88997,50.03662],[19.89161,50.03649],[19.89341,50.03655],[19.89645,50.03707],[19.89942,50.03831],[19.90029,50.03966],[19.90216,50.04119],[19.90328,50.04317],[19.90362,50.04348],[19.90588,50.04506]]}},{"type":"Feature","properties":{"numer":"2233K","klasa":"","kat":"powiatowa"},"geometry":{"type":"LineString","coordinates":[[19.90602,50.04542],[19.90588,50.04506]]}},{"type":"Feature","properties":{"numer":"2281K","klasa":"droga zbiorcza","kat":"powiatowa"},"geometry":{"type":"LineString","coordinates":[[19.91157,50.04674],[19.90768,50.04518],[19.90736,50.04511],[19.90588,50.04506]]}},{"type":"Feature","properties":{"numer":"780","klasa":"droga zbiorcza","kat":"wojewodzka"},"geometry":{"type":"LineString","coordinates":[[19.87603,50.04626],[19.8761,50.04626]]}},{"type":"Feature","properties":{"numer":"2281K","klasa":"droga zbiorcza","kat":"powiatowa"},"geometry":{"type":"LineString","coordinates":[[19.91165,50.04676],[19.91157,50.04674]]}},{"type":"Feature","properties":{"numer":"780","klasa":"droga zbiorcza","kat":"wojewodzka"},"geometry":{"type":"LineString","coordinates":[[19.90147,50.04878],[19.89561,50.04791],[19.88806,50.0475],[19.88449,50.04745],[19.88393,50.04731],[19.88081,50.04613],[19.87763,50.04612],[19.8761,50.04626]]}},{"type":"Feature","properties":{"numer":"2281K","klasa":"droga zbiorcza","kat":"powiatowa"},"geometry":{"type":"LineString","coordinates":[[19.91834,50.049],[19.91165,50.04676]]}},{"type":"Feature","properties":{"numer":"2276K","klasa":"droga zbiorcza","kat":"powiatowa"},"geometry":{"type":"LineString","coordinates":[[19.91157,50.04674],[19.9106,50.04741],[19.90967,50.04784],[19.90508,50.04909]]}},{"type":"Feature","properties":{"numer":"780","klasa":"droga zbiorcza","kat":"wojewodzka"},"geometry":{"type":"LineString","coordinates":[[19.90479,50.0488],[19.90444,50.04851],[19.9041,50.04848],[19.90385,50.04858],[19.90353,50.04903]]}},{"type":"Feature","properties":{"numer":"780","klasa":"droga zbiorcza","kat":"wojewodzka"},"geometry":{"type":"LineString","coordinates":[[19.90353,50.04903],[19.90147,50.04878]]}},{"type":"Feature","properties":{"numer":"780","klasa":"droga zbiorcza","kat":"wojewodzka"},"geometry":{"type":"LineString","coordinates":[[19.81101579088896,50.04219363334388],[19.81108,50.04216]]}},{"type":"Feature","properties":{"numer":"780","klasa":"droga zbiorcza","kat":"wojewodzka"},"geometry":{"type":"LineString","coordinates":[[19.83969,50.04116],[19.83899,50.04117],[19.83779,50.04132],[19.83681,50.04114],[19.83639,50.04116],[19.83611,50.04128],[19.83588,50.04151],[19.83582,50.04176],[19.83611,50.04243],[19.83594,50.04266],[19.83574,50.04275],[19.83512,50.04278],[19.83439,50.04242],[19.83399,50.04234],[19.83367,50.04236],[19.83321,50.04253],[19.83264,50.04294],[19.83211,50.04311],[19.82904,50.04395],[19.8273,50.04415]]}},{"type":"Feature","properties":{"numer":"780","klasa":"droga zbiorcza","kat":"wojewodzka"},"geometry":{"type":"LineString","coordinates":[[19.8273,50.04415],[19.82642,50.04418],[19.82554,50.04411],[19.81363,50.04202],[19.81254,50.04188],[19.81195,50.04192]]}},{"type":"Feature","properties":{"numer":"780","klasa":"droga zbiorcza","kat":"wojewodzka"},"geometry":{"type":"LineString","coordinates":[[19.87603,50.04626],[19.87421,50.0463],[19.86036,50.0452],[19.84973,50.04395],[19.84717,50.04396],[19.8429,50.0427],[19.84039,50.04132],[19.83969,50.04116]]}},{"type":"Feature","properties":{"numer":"603011K","klasa":"droga dojazdowa","kat":"powiatowa"},"geometry":{"type":"LineString","coordinates":[[19.8273,50.04415],[19.82743,50.04463]]}},{"type":"Feature","properties":{"numer":"603011K","klasa":"droga dojazdowa","kat":"powiatowa"},"geometry":{"type":"LineString","coordinates":[[19.82743,50.04463],[19.82753,50.04514]]}},{"type":"Feature","properties":{"numer":"603011K","klasa":"droga dojazdowa","kat":"powiatowa"},"geometry":{"type":"LineString","coordinates":[[19.82753,50.04514],[19.82758,50.04543],[19.82747,50.04586]]}},{"type":"Feature","properties":{"numer":"603011K","klasa":"droga dojazdowa","kat":"powiatowa"},"geometry":{"type":"LineString","coordinates":[[19.82747,50.04586],[19.82726,50.04619]]}},{"type":"Feature","properties":{"numer":"776","klasa":"droga gĹ‚Ăłwna","kat":"wojewodzka"},"geometry":{"type":"LineString","coordinates":[[19.97035,50.0443],[19.96953,50.04395]]}},{"type":"Feature","properties":{"numer":"603254K","klasa":"droga dojazdowa","kat":"powiatowa"},"geometry":{"type":"LineString","coordinates":[[19.97632,50.04464],[19.9766,50.04365]]}},{"type":"Feature","properties":{"numer":"602693K","klasa":"","kat":"powiatowa"},"geometry":{"type":"LineString","coordinates":[[19.97151,50.04413],[19.97144,50.0442]]}},{"type":"Feature","properties":{"numer":"776","klasa":"droga gĹ‚Ăłwna","kat":"wojewodzka"},"geometry":{"type":"LineString","coordinates":[[19.97144,50.0442],[19.97123,50.04421]]}},{"type":"Feature","properties":{"numer":"2251K","klasa":"droga zbiorcza","kat":"powiatowa"},"geometry":{"type":"LineString","coordinates":[[19.95906,50.04367],[19.95563,50.04511]]}},{"type":"Feature","properties":{"numer":"776","klasa":"droga gĹ‚Ăłwna","kat":"wojewodzka"},"geometry":{"type":"LineString","coordinates":[[19.97324,50.04512],[19.97099,50.04432],[19.96945,50.04386]]}},{"type":"Feature","properties":{"numer":"603074K","klasa":"droga lokalna","kat":"powiatowa"},"geometry":{"type":"LineString","coordinates":[[19.97632,50.04464],[19.97624,50.04463]]}},{"type":"Feature","properties":{"numer":"603074K","klasa":"droga lokalna","kat":"powiatowa"},"geometry":{"type":"LineString","coordinates":[[19.97624,50.04463],[19.97548,50.04461],[19.97409,50.04486]]}},{"type":"Feature","properties":{"numer":"2252K","klasa":"droga zbiorcza","kat":"powiatowa"},"geometry":{"type":"LineString","coordinates":[[19.95397,50.04508],[19.9497,50.04493],[19.94829,50.04444]]}},{"type":"Feature","properties":{"numer":"2252K","klasa":"droga zbiorcza","kat":"powiatowa"},"geometry":{"type":"LineString","coordinates":[[19.95397,50.04508],[19.95563,50.04511]]}},{"type":"Feature","properties":{"numer":"2257K","klasa":"droga zbiorcza","kat":"powiatowa"},"geometry":{"type":"LineString","coordinates":[[19.94697,50.04379],[19.94562,50.0448]]}},{"type":"Feature","properties":{"numer":"2257K","klasa":"droga zbiorcza","kat":"powiatowa"},"geometry":{"type":"LineString","coordinates":[[19.9456,50.04483],[19.94562,50.0448]]}},{"type":"Feature","properties":{"numer":"2257K","klasa":"","kat":"powiatowa"},"geometry":{"type":"LineString","coordinates":[[19.94556,50.04489],[19.9456,50.04483]]}},{"type":"Feature","properties":{"numer":"603486K","klasa":"droga lokalna","kat":"powiatowa"},"geometry":{"type":"LineString","coordinates":[[19.92604,50.04501],[19.92701,50.04531]]}},{"type":"Feature","properties":{"numer":"2257K","klasa":"","kat":"powiatowa"},"geometry":{"type":"LineString","coordinates":[[19.94556,50.04489],[19.94449,50.046]]}},{"type":"Feature","properties":{"numer":"603486K","klasa":"droga lokalna","kat":"powiatowa"},"geometry":{"type":"LineString","coordinates":[[19.92701,50.04531],[19.92816,50.04574]]}},{"type":"Feature","properties":{"numer":"2276K","klasa":"droga zbiorcza","kat":"powiatowa"},"geometry":{"type":"LineString","coordinates":[[19.92139,50.0455],[19.9181,50.04484],[19.91663,50.04448],[19.91577,50.04439],[19.91509,50.04446],[19.91442,50.04465],[19.9139,50.04491],[19.91157,50.04674]]}},{"type":"Feature","properties":{"numer":"603431K","klasa":"droga lokalna","kat":"powiatowa"},"geometry":{"type":"LineString","coordinates":[[19.92493,50.04621],[19.92604,50.04501]]}},{"type":"Feature","properties":{"numer":"2233K","klasa":"","kat":"powiatowa"},"geometry":{"type":"LineString","coordinates":[[19.92088,50.04605],[19.92139,50.0455]]}},{"type":"Feature","properties":{"numer":"2203K","klasa":"droga zbiorcza","kat":"powiatowa"},"geometry":{"type":"LineString","coordinates":[[19.93504,50.04282],[19.93396,50.04683],[19.93237,50.04901]]}},{"type":"Feature","properties":{"numer":"2231K","klasa":"droga zbiorcza","kat":"powiatowa"},"geometry":{"type":"LineString","coordinates":[[19.92139,50.0455],[19.92464,50.04648]]}},{"type":"Feature","properties":{"numer":"2257K","klasa":"","kat":"powiatowa"},"geometry":{"type":"LineString","coordinates":[[19.94449,50.046],[19.94435,50.04614]]}},{"type":"Feature","properties":{"numer":"603431K","klasa":"droga lokalna","kat":"powiatowa"},"geometry":{"type":"LineString","coordinates":[[19.92473,50.04639],[19.92493,50.04621]]}},{"type":"Feature","properties":{"numer":"603431K","klasa":"","kat":"powiatowa"},"geometry":{"type":"LineString","coordinates":[[19.92464,50.04648],[19.92473,50.04639]]}},{"type":"Feature","properties":{"numer":"603431K","klasa":"","kat":"powiatowa"},"geometry":{"type":"LineString","coordinates":[[19.92452,50.0466],[19.92464,50.04648]]}},{"type":"Feature","properties":{"numer":"603486K","klasa":"droga lokalna","kat":"powiatowa"},"geometry":{"type":"LineString","coordinates":[[19.92816,50.04574],[19.92908,50.04614],[19.93058,50.04734]]}},{"type":"Feature","properties":{"numer":"603090K","klasa":"droga lokalna","kat":"powiatowa"},"geometry":{"type":"LineString","coordinates":[[19.94687,50.04717],[19.94435,50.04614]]}},{"type":"Feature","properties":{"numer":"603431K","klasa":"droga lokalna","kat":"powiatowa"},"geometry":{"type":"LineString","coordinates":[[19.92448,50.04692],[19.92452,50.0466]]}},{"type":"Feature","properties":{"numer":"602319K","klasa":"droga dojazdowa","kat":"powiatowa"},"geometry":{"type":"LineString","coordinates":[[19.9251,50.04716],[19.92449,50.047],[19.92448,50.04692]]}},{"type":"Feature","properties":{"numer":"603090K","klasa":"droga lokalna","kat":"powiatowa"},"geometry":{"type":"LineString","coordinates":[[19.94761,50.04741],[19.94687,50.04717]]}},{"type":"Feature","properties":{"numer":"602228K","klasa":"droga lokalna","kat":"powiatowa"},"geometry":{"type":"LineString","coordinates":[[19.93056,50.04739],[19.93058,50.04734]]}},{"type":"Feature","properties":{"numer":"2231K","klasa":"droga zbiorcza","kat":"powiatowa"},"geometry":{"type":"LineString","coordinates":[[19.92464,50.04648],[19.93017,50.0483]]}},{"type":"Feature","properties":{"numer":"2233K","klasa":"","kat":"powiatowa"},"geometry":{"type":"LineString","coordinates":[[19.91839,50.04902],[19.92088,50.04605]]}},{"type":"Feature","properties":{"numer":"602228K","klasa":"droga lokalna","kat":"powiatowa"},"geometry":{"type":"LineString","coordinates":[[19.93022,50.04817],[19.93056,50.04739]]}},{"type":"Feature","properties":{"numer":"602128K","klasa":"droga lokalna","kat":"powiatowa"},"geometry":{"type":"LineString","coordinates":[[19.92595,50.04887],[19.92558,50.04797],[19.9251,50.04716]]}},{"type":"Feature","properties":{"numer":"603307K","klasa":"droga lokalna","kat":"powiatowa"},"geometry":{"type":"LineString","coordinates":[[19.92722,50.04833],[19.92768,50.04792]]}},{"type":"Feature","properties":{"numer":"2231K","klasa":"droga zbiorcza","kat":"powiatowa"},"geometry":{"type":"LineString","coordinates":[[19.93017,50.0483],[19.93022,50.04817]]}},{"type":"Feature","properties":{"numer":"602633K","klasa":"droga dojazdowa","kat":"powiatowa"},"geometry":{"type":"LineString","coordinates":[[19.92732,50.04918],[19.92875,50.04814],[19.92848,50.04799],[19.92768,50.04792]]}},{"type":"Feature","properties":{"numer":"603307K","klasa":"droga lokalna","kat":"powiatowa"},"geometry":{"type":"LineString","coordinates":[[19.92662,50.04886],[19.92722,50.04833]]}},{"type":"Feature","properties":{"numer":"2231K","klasa":"droga zbiorcza","kat":"powiatowa"},"geometry":{"type":"LineString","coordinates":[[19.93017,50.0483],[19.93237,50.04901]]}},{"type":"Feature","properties":{"numer":"603167K","klasa":"droga lokalna","kat":"powiatowa"},"geometry":{"type":"LineString","coordinates":[[19.92595,50.04887],[19.92662,50.04886]]}},{"type":"Feature","properties":{"numer":"2257K","klasa":"","kat":"powiatowa"},"geometry":{"type":"LineString","coordinates":[[19.94435,50.04614],[19.94399,50.04656],[19.94323,50.04855],[19.94319,50.04908],[19.94233,50.05097],[19.9421,50.05142],[19.94167,50.05176]]}},{"type":"Feature","properties":{"numer":"2233K","klasa":"droga zbiorcza","kat":"powiatowa"},"geometry":{"type":"LineString","coordinates":[[19.91839,50.04902],[19.91834,50.049]]}},{"type":"Feature","properties":{"numer":"603167K","klasa":"droga lokalna","kat":"powiatowa"},"geometry":{"type":"LineString","coordinates":[[19.92732,50.04918],[19.92788,50.04958]]}},{"type":"Feature","properties":{"numer":"603167K","klasa":"droga lokalna","kat":"powiatowa"},"geometry":{"type":"LineString","coordinates":[[19.92788,50.04958],[19.928,50.04967]]}},{"type":"Feature","properties":{"numer":"2281K","klasa":"droga zbiorcza","kat":"powiatowa"},"geometry":{"type":"LineString","coordinates":[[19.92211,50.05027],[19.91839,50.04902]]}},{"type":"Feature","properties":{"numer":"2231K","klasa":"droga zbiorcza","kat":"powiatowa"},"geometry":{"type":"LineString","coordinates":[[19.93237,50.04901],[19.93602,50.05015],[19.93706,50.05039],[19.93846,50.05059]]}},{"type":"Feature","properties":{"numer":"602135K","klasa":"droga lokalna","kat":"powiatowa"},"geometry":{"type":"LineString","coordinates":[[19.93069,50.05003],[19.93139,50.04968]]}},{"type":"Feature","properties":{"numer":"603167K","klasa":"droga lokalna","kat":"powiatowa"},"geometry":{"type":"LineString","coordinates":[[19.928,50.04967],[19.92879,50.05025]]}},{"type":"Feature","properties":{"numer":"602135K","klasa":"droga lokalna","kat":"powiatowa"},"geometry":{"type":"LineString","coordinates":[[19.92992,50.05048],[19.93069,50.05003]]}},{"type":"Feature","properties":{"numer":"2251K","klasa":"","kat":"powiatowa"},"geometry":{"type":"LineString","coordinates":[[19.95452,50.04811],[19.95422,50.04848]]}},{"type":"Feature","properties":{"numer":"2251K","klasa":"droga gĹ‚Ăłwna","kat":"powiatowa"},"geometry":{"type":"LineString","coordinates":[[19.95422,50.04848],[19.95407,50.04861]]}},{"type":"Feature","properties":{"numer":"603332K","klasa":"droga dojazdowa","kat":"powiatowa"},"geometry":{"type":"LineString","coordinates":[[19.95486,50.04905],[19.95407,50.04861]]}},{"type":"Feature","properties":{"numer":"2278K","klasa":"droga zbiorcza","kat":"powiatowa"},"geometry":{"type":"LineString","coordinates":[[19.97167,50.04643],[19.96867,50.04838],[19.96734,50.04911],[19.96682,50.0493],[19.96299,50.05029],[19.96218,50.05081],[19.96164,50.05148]]}},{"type":"Feature","properties":{"numer":"2251K","klasa":"droga gĹ‚Ăłwna","kat":"powiatowa"},"geometry":{"type":"LineString","coordinates":[[19.95407,50.04861],[19.95246,50.04987]]}},{"type":"Feature","properties":{"numer":"603806K","klasa":"droga lokalna","kat":"powiatowa"},"geometry":{"type":"LineString","coordinates":[[19.95486,50.04905],[19.95559,50.04949]]}},{"type":"Feature","properties":{"numer":"603806K","klasa":"droga lokalna","kat":"powiatowa"},"geometry":{"type":"LineString","coordinates":[[19.95559,50.04949],[19.95579,50.04958]]}},{"type":"Feature","properties":{"numer":"603806K","klasa":"droga lokalna","kat":"powiatowa"},"geometry":{"type":"LineString","coordinates":[[19.95579,50.04958],[19.95593,50.04965]]}},{"type":"Feature","properties":{"numer":"2251K","klasa":"droga gĹ‚Ăłwna","kat":"powiatowa"},"geometry":{"type":"LineString","coordinates":[[19.95246,50.04987],[19.95242,50.0499]]}},{"type":"Feature","properties":{"numer":"603806K","klasa":"droga lokalna","kat":"powiatowa"},"geometry":{"type":"LineString","coordinates":[[19.95593,50.04965],[19.95717,50.0502],[19.95744,50.05026],[19.95781,50.05023]]}},{"type":"Feature","properties":{"numer":"603167K","klasa":"droga lokalna","kat":"powiatowa"},"geometry":{"type":"LineString","coordinates":[[19.92879,50.05025],[19.92882,50.05027]]}},{"type":"Feature","properties":{"numer":"2203K","klasa":"droga zbiorcza","kat":"powiatowa"},"geometry":{"type":"LineString","coordinates":[[19.93237,50.04901],[19.93021,50.05171]]}},{"type":"Feature","properties":{"numer":"602135K","klasa":"droga lokalna","kat":"powiatowa"},"geometry":{"type":"LineString","coordinates":[[19.92955,50.05067],[19.92992,50.05048]]}},{"type":"Feature","properties":{"numer":"603431K","klasa":"droga lokalna","kat":"powiatowa"},"geometry":{"type":"LineString","coordinates":[[19.92196,50.05098],[19.92211,50.05027]]}},{"type":"Feature","properties":{"numer":"603389K","klasa":"droga dojazdowa","kat":"powiatowa"},"geometry":{"type":"LineString","coordinates":[[19.93841,50.05074],[19.93846,50.05059]]}},{"type":"Feature","properties":{"numer":"602135K","klasa":"droga lokalna","kat":"powiatowa"},"geometry":{"type":"LineString","coordinates":[[19.92943,50.05073],[19.92955,50.05067]]}},{"type":"Feature","properties":{"numer":"603211K","klasa":"droga dojazdowa","kat":"powiatowa"},"geometry":{"type":"LineString","coordinates":[[19.92717,50.0514],[19.92714,50.05131],[19.92882,50.05027]]}},{"type":"Feature","properties":{"numer":"603811K","klasa":"droga lokalna","kat":"powiatowa"},"geometry":{"type":"LineString","coordinates":[[19.92334,50.05126],[19.92196,50.05098]]}},{"type":"Feature","properties":{"numer":"2231K","klasa":"droga zbiorcza","kat":"powiatowa"},"geometry":{"type":"LineString","coordinates":[[19.93846,50.05059],[19.94043,50.0509],[19.94167,50.05176]]}},{"type":"Feature","properties":{"numer":"603389K","klasa":"droga dojazdowa","kat":"powiatowa"},"geometry":{"type":"LineString","coordinates":[[19.9375,50.05187],[19.93841,50.05074]]}},{"type":"Feature","properties":{"numer":"603806K","klasa":"droga lokalna","kat":"powiatowa"},"geometry":{"type":"LineString","coordinates":[[19.9583,50.0501],[19.95861,50.05009]]}},{"type":"Feature","properties":{"numer":"2253K","klasa":"","kat":"powiatowa"},"geometry":{"type":"LineString","coordinates":[[19.95242,50.0499],[19.95329,50.05035]]}},{"type":"Feature","properties":{"numer":"603806K","klasa":"droga lokalna","kat":"powiatowa"},"geometry":{"type":"LineString","coordinates":[[19.95805,50.05016],[19.9583,50.0501]]}},{"type":"Feature","properties":{"numer":"603806K","klasa":"droga lokalna","kat":"powiatowa"},"geometry":{"type":"LineString","coordinates":[[19.95781,50.05023],[19.95805,50.05016]]}},{"type":"Feature","properties":{"numer":"603806K","klasa":"droga lokalna","kat":"powiatowa"},"geometry":{"type":"LineString","coordinates":[[19.95861,50.05009],[19.95934,50.05037],[19.96045,50.05045]]}},{"type":"Feature","properties":{"numer":"2253K","klasa":"","kat":"powiatowa"},"geometry":{"type":"LineString","coordinates":[[19.95329,50.05035],[19.95336,50.05039]]}},{"type":"Feature","properties":{"numer":"2253K","klasa":"","kat":"powiatowa"},"geometry":{"type":"LineString","coordinates":[[19.95336,50.05039],[19.95459,50.05125]]}},{"type":"Feature","properties":{"numer":"","klasa":"droga wewnÄ™trzna","kat":"gminna"},"geometry":{"type":"LineString","coordinates":[[19.96045,50.05045],[19.96091,50.05123]]}},{"type":"Feature","properties":{"numer":"","klasa":"droga wewnÄ™trzna","kat":"gminna"},"geometry":{"type":"LineString","coordinates":[[19.96091,50.05123],[19.96116,50.05141],[19.96164,50.05148]]}},{"type":"Feature","properties":{"numer":"2253K","klasa":"","kat":"powiatowa"},"geometry":{"type":"LineString","coordinates":[[19.95459,50.05125],[19.95502,50.05164]]}},{"type":"Feature","properties":{"numer":"602135K","klasa":"droga lokalna","kat":"powiatowa"},"geometry":{"type":"LineString","coordinates":[[19.92943,50.05073],[19.92836,50.05198]]}},{"type":"Feature","properties":{"numer":"603811K","klasa":"droga lokalna","kat":"powiatowa"},"geometry":{"type":"LineString","coordinates":[[19.92472,50.05166],[19.92334,50.05126]]}},{"type":"Feature","properties":{"numer":"602620K","klasa":"droga dojazdowa","kat":"powiatowa"},"geometry":{"type":"LineString","coordinates":[[19.9375,50.05187],[19.93565,50.05133]]}},{"type":"Feature","properties":{"numer":"603231K","klasa":"droga lokalna","kat":"powiatowa"},"geometry":{"type":"LineString","coordinates":[[19.92717,50.0514],[19.92745,50.05199]]}},{"type":"Feature","properties":{"numer":"603811K","klasa":"droga lokalna","kat":"powiatowa"},"geometry":{"type":"LineString","coordinates":[[19.92658,50.05197],[19.92561,50.05193],[19.92472,50.05166]]}},{"type":"Feature","properties":{"numer":"603314K","klasa":"droga dojazdowa","kat":"powiatowa"},"geometry":{"type":"LineString","coordinates":[[19.93565,50.05133],[19.93548,50.05145],[19.93517,50.05246]]}},{"type":"Feature","properties":{"numer":"603231K","klasa":"droga lokalna","kat":"powiatowa"},"geometry":{"type":"LineString","coordinates":[[19.92745,50.05199],[19.92658,50.05197]]}},{"type":"Feature","properties":{"numer":"602135K","klasa":"droga lokalna","kat":"powiatowa"},"geometry":{"type":"LineString","coordinates":[[19.92836,50.05198],[19.92815,50.05223]]}},{"type":"Feature","properties":{"numer":"602790K","klasa":"droga lokalna","kat":"powiatowa"},"geometry":{"type":"LineString","coordinates":[[19.92815,50.05223],[19.92745,50.05199]]}},{"type":"Feature","properties":{"numer":"2203K","klasa":"droga zbiorcza","kat":"powiatowa"},"geometry":{"type":"LineString","coordinates":[[19.93021,50.05171],[19.92912,50.05314]]}},{"type":"Feature","properties":{"numer":"780","klasa":"droga zbiorcza","kat":"wojewodzka"},"geometry":{"type":"LineString","coordinates":[[19.90508,50.04909],[19.90479,50.0488]]}},{"type":"Feature","properties":{"numer":"2276K","klasa":"droga zbiorcza","kat":"powiatowa"},"geometry":{"type":"LineString","coordinates":[[19.90508,50.04909],[19.90427,50.04913],[19.90353,50.04903]]}},{"type":"Feature","properties":{"numer":"780","klasa":"droga zbiorcza","kat":"wojewodzka"},"geometry":{"type":"LineString","coordinates":[[19.9137,50.05251],[19.91168,50.05195],[19.90987,50.05178],[19.90869,50.05146],[19.90655,50.05031],[19.90558,50.04959],[19.90508,50.04909]]}},{"type":"Feature","properties":{"numer":"780","klasa":"droga zbiorcza","kat":"wojewodzka"},"geometry":{"type":"LineString","coordinates":[[19.91472,50.05271],[19.9137,50.05251]]}},{"type":"Feature","properties":{"numer":"780","klasa":"droga zbiorcza","kat":"wojewodzka"},"geometry":{"type":"LineString","coordinates":[[19.91654,50.05271],[19.9162,50.05275]]}},{"type":"Feature","properties":{"numer":"780","klasa":"droga zbiorcza","kat":"wojewodzka"},"geometry":{"type":"LineString","coordinates":[[19.91558,50.05277],[19.91472,50.05271]]}},{"type":"Feature","properties":{"numer":"780","klasa":"droga zbiorcza","kat":"wojewodzka"},"geometry":{"type":"LineString","coordinates":[[19.9162,50.05275],[19.91586,50.05277]]}},{"type":"Feature","properties":{"numer":"780","klasa":"droga zbiorcza","kat":"wojewodzka"},"geometry":{"type":"LineString","coordinates":[[19.91586,50.05277],[19.91558,50.05277]]}},{"type":"Feature","properties":{"numer":"2260K","klasa":"droga zbiorcza","kat":"powiatowa"},"geometry":{"type":"LineString","coordinates":[[19.9137,50.05251],[19.91299,50.05395],[19.91128,50.05445],[19.90876,50.05492],[19.90539,50.05571],[19.90398,50.05611],[19.90382,50.05634]]}},{"type":"Feature","properties":{"numer":"2259K","klasa":"droga zbiorcza","kat":"powiatowa"},"geometry":{"type":"LineString","coordinates":[[19.90661,50.05681],[19.9055,50.05651],[19.90382,50.05634]]}},{"type":"Feature","properties":{"numer":"602790K","klasa":"droga lokalna","kat":"powiatowa"},"geometry":{"type":"LineString","coordinates":[[19.92893,50.05307],[19.92826,50.05277],[19.92815,50.05223]]}},{"type":"Feature","properties":{"numer":"2257K","klasa":"","kat":"powiatowa"},"geometry":{"type":"LineString","coordinates":[[19.94167,50.05176],[19.94069,50.0525],[19.9398,50.05355],[19.93916,50.05409]]}},{"type":"Feature","properties":{"numer":"602790K","klasa":"droga lokalna","kat":"powiatowa"},"geometry":{"type":"LineString","coordinates":[[19.92912,50.05314],[19.92893,50.05307]]}},{"type":"Feature","properties":{"numer":"602149K","klasa":"droga dojazdowa","kat":"powiatowa"},"geometry":{"type":"LineString","coordinates":[[19.93916,50.05409],[19.93517,50.05246]]}},{"type":"Feature","properties":{"numer":"2203K","klasa":"droga zbiorcza","kat":"powiatowa"},"geometry":{"type":"LineString","coordinates":[[19.92912,50.05314],[19.92885,50.0535]]}},{"type":"Feature","properties":{"numer":"2231K","klasa":"droga zbiorcza","kat":"powiatowa"},"geometry":{"type":"LineString","coordinates":[[19.94167,50.05176],[19.9427,50.05293],[19.94442,50.05517]]}},{"type":"Feature","properties":{"numer":"780","klasa":"droga zbiorcza","kat":"wojewodzka"},"geometry":{"type":"LineString","coordinates":[[19.92606,50.05459],[19.9189,50.05257],[19.918,50.05253],[19.91654,50.05271]]}},{"type":"Feature","properties":{"numer":"2203K","klasa":"droga zbiorcza","kat":"powiatowa"},"geometry":{"type":"LineString","coordinates":[[19.92885,50.0535],[19.92787,50.05477]]}},{"type":"Feature","properties":{"numer":"602489K","klasa":"droga lokalna","kat":"powiatowa"},"geometry":{"type":"LineString","coordinates":[[19.93916,50.05409],[19.93853,50.05451]]}},{"type":"Feature","properties":{"numer":"602489K","klasa":"droga lokalna","kat":"powiatowa"},"geometry":{"type":"LineString","coordinates":[[19.93853,50.05451],[19.93835,50.05461]]}},{"type":"Feature","properties":{"numer":"602306K","klasa":"","kat":"powiatowa"},"geometry":{"type":"LineString","coordinates":[[19.95502,50.05164],[19.95497,50.05168]]}},{"type":"Feature","properties":{"numer":"2253K","klasa":"","kat":"powiatowa"},"geometry":{"type":"LineString","coordinates":[[19.95502,50.05164],[19.95596,50.05217],[19.95872,50.05305]]}},{"type":"Feature","properties":{"numer":"2278K","klasa":"droga zbiorcza","kat":"powiatowa"},"geometry":{"type":"LineString","coordinates":[[19.96164,50.05148],[19.96038,50.05341]]}},{"type":"Feature","properties":{"numer":"2250K","klasa":"droga zbiorcza","kat":"powiatowa"},"geometry":{"type":"LineString","coordinates":[[19.97627,50.05449],[19.97922,50.05117]]}},{"type":"Feature","properties":{"numer":"2251K","klasa":"","kat":"powiatowa"},"geometry":{"type":"LineString","coordinates":[[19.95242,50.0499],[19.94542,50.05644]]}},{"type":"Feature","properties":{"numer":"2253K","klasa":"","kat":"powiatowa"},"geometry":{"type":"LineString","coordinates":[[19.95872,50.05305],[19.96038,50.05341]]}},{"type":"Feature","properties":{"numer":"2278K","klasa":"droga zbiorcza","kat":"powiatowa"},"geometry":{"type":"LineString","coordinates":[[19.96038,50.05341],[19.95983,50.05425]]}},{"type":"Feature","properties":{"numer":"2253K","klasa":"","kat":"powiatowa"},"geometry":{"type":"LineString","coordinates":[[19.96038,50.05341],[19.96123,50.05373],[19.96124,50.05391],[19.96094,50.05418],[19.96071,50.05426],[19.95983,50.05425]]}},{"type":"Feature","properties":{"numer":"602306K","klasa":"","kat":"powiatowa"},"geometry":{"type":"LineString","coordinates":[[19.95497,50.05168],[19.95421,50.05242],[19.95375,50.05311],[19.9537,50.05382],[19.954,50.05477],[19.95391,50.05537],[19.95356,50.05589],[19.95234,50.05707]]}},{"type":"Feature","properties":{"numer":"2278K","klasa":"droga zbiorcza","kat":"powiatowa"},"geometry":{"type":"LineString","coordinates":[[19.95983,50.05425],[19.95922,50.0555],[19.959,50.05666]]}},{"type":"Feature","properties":{"numer":"2203K","klasa":"droga zbiorcza","kat":"powiatowa"},"geometry":{"type":"LineString","coordinates":[[19.92787,50.05477],[19.92779,50.05488]]}},{"type":"Feature","properties":{"numer":"780","klasa":"droga zbiorcza","kat":"wojewodzka"},"geometry":{"type":"LineString","coordinates":[[19.92755,50.05519],[19.92606,50.05459]]}},{"type":"Feature","properties":{"numer":"602489K","klasa":"droga lokalna","kat":"powiatowa"},"geometry":{"type":"LineString","coordinates":[[19.93835,50.05461],[19.9375,50.05527]]}},{"type":"Feature","properties":{"numer":"2203K","klasa":"droga zbiorcza","kat":"powiatowa"},"geometry":{"type":"LineString","coordinates":[[19.92779,50.05488],[19.92755,50.05519]]}},{"type":"Feature","properties":{"numer":"2231K","klasa":"droga zbiorcza","kat":"powiatowa"},"geometry":{"type":"LineString","coordinates":[[19.94461,50.05541],[19.94442,50.05517]]}},{"type":"Feature","properties":{"numer":"602489K","klasa":"droga lokalna","kat":"powiatowa"},"geometry":{"type":"LineString","coordinates":[[19.9375,50.05527],[19.93739,50.05532]]}},{"type":"Feature","properties":{"numer":"2257K","klasa":"","kat":"powiatowa"},"geometry":{"type":"LineString","coordinates":[[19.93484,50.0553],[19.93337,50.05499],[19.92999,50.05578]]}},{"type":"Feature","properties":{"numer":"2257K","klasa":"","kat":"powiatowa"},"geometry":{"type":"LineString","coordinates":[[19.93739,50.05532],[19.93594,50.05551],[19.93484,50.0553]]}},{"type":"Feature","properties":{"numer":"603688K","klasa":"","kat":"powiatowa"},"geometry":{"type":"LineString","coordinates":[[19.92888,50.05607],[19.9282,50.05555],[19.92755,50.05519]]}},{"type":"Feature","properties":{"numer":"2231K","klasa":"droga zbiorcza","kat":"powiatowa"},"geometry":{"type":"LineString","coordinates":[[19.94461,50.05541],[19.94542,50.05644]]}},{"type":"Feature","properties":{"numer":"2257K","klasa":"","kat":"powiatowa"},"geometry":{"type":"LineString","coordinates":[[19.92999,50.05578],[19.92888,50.05607]]}},{"type":"Feature","properties":{"numer":"603688K","klasa":"","kat":"powiatowa"},"geometry":{"type":"LineString","coordinates":[[19.92897,50.05615],[19.92888,50.05607]]}},{"type":"Feature","properties":{"numer":"603688K","klasa":"","kat":"powiatowa"},"geometry":{"type":"LineString","coordinates":[[19.92926,50.05642],[19.92897,50.05615]]}},{"type":"Feature","properties":{"numer":"2258K","klasa":"","kat":"powiatowa"},"geometry":{"type":"LineString","coordinates":[[19.94211,50.05958],[19.94102,50.05873],[19.9408,50.0582],[19.94,50.05482],[19.93982,50.05457],[19.93916,50.05409]]}},{"type":"Feature","properties":{"numer":"603688K","klasa":"droga lokalna","kat":"powiatowa"},"geometry":{"type":"LineString","coordinates":[[19.9307,50.05762],[19.92954,50.05668]]}},{"type":"Feature","properties":{"numer":"2203K","klasa":"droga zbiorcza","kat":"powiatowa"},"geometry":{"type":"LineString","coordinates":[[19.92755,50.05519],[19.92635,50.05738],[19.92507,50.05933]]}},{"type":"Feature","properties":{"numer":"2231K","klasa":"droga zbiorcza","kat":"powiatowa"},"geometry":{"type":"LineString","coordinates":[[19.94542,50.05644],[19.94687,50.05819]]}},{"type":"Feature","properties":{"numer":"2251K","klasa":"","kat":"powiatowa"},"geometry":{"type":"LineString","coordinates":[[19.94542,50.05644],[19.94211,50.05958]]}},{"type":"Feature","properties":{"numer":"603688K","klasa":"droga lokalna","kat":"powiatowa"},"geometry":{"type":"LineString","coordinates":[[19.93256,50.05849],[19.9307,50.05762]]}},{"type":"Feature","properties":{"numer":"2231K","klasa":"droga zbiorcza","kat":"powiatowa"},"geometry":{"type":"LineString","coordinates":[[19.94687,50.05819],[19.9467,50.0583]]}},{"type":"Feature","properties":{"numer":"602306K","klasa":"","kat":"powiatowa"},"geometry":{"type":"LineString","coordinates":[[19.95234,50.05707],[19.95162,50.05772],[19.95041,50.05847]]}},{"type":"Feature","properties":{"numer":"2253K,2254K","klasa":"droga zbiorcza","kat":"powiatowa"},"geometry":{"type":"LineString","coordinates":[[19.95899,50.05762],[19.95909,50.05808]]}},{"type":"Feature","properties":{"numer":"602255K","klasa":"droga dojazdowa","kat":"powiatowa"},"geometry":{"type":"LineString","coordinates":[[19.95476,50.05831],[19.95405,50.05741]]}},{"type":"Feature","properties":{"numer":"2231K","klasa":"droga gĹ‚Ăłwna","kat":"powiatowa"},"geometry":{"type":"LineString","coordinates":[[19.95971,50.05774],[19.96057,50.058]]}},{"type":"Feature","properties":{"numer":"2231K","klasa":"droga zbiorcza","kat":"powiatowa"},"geometry":{"type":"LineString","coordinates":[[19.95476,50.05831],[19.95667,50.05762]]}},{"type":"Feature","properties":{"numer":"2231K","klasa":"droga zbiorcza","kat":"powiatowa"},"geometry":{"type":"LineString","coordinates":[[19.95053,50.05877],[19.95351,50.05858],[19.95476,50.05831]]}},{"type":"Feature","properties":{"numer":"602829K","klasa":"droga dojazdowa","kat":"powiatowa"},"geometry":{"type":"LineString","coordinates":[[19.95053,50.05877],[19.95041,50.05847]]}},{"type":"Feature","properties":{"numer":"2231K","klasa":"droga zbiorcza","kat":"powiatowa"},"geometry":{"type":"LineString","coordinates":[[19.94822,50.05859],[19.95053,50.05877]]}},{"type":"Feature","properties":{"numer":"602775K","klasa":"droga dojazdowa","kat":"powiatowa"},"geometry":{"type":"LineString","coordinates":[[19.95053,50.05877],[19.95064,50.05933]]}},{"type":"Feature","properties":{"numer":"2254K","klasa":"droga zbiorcza","kat":"powiatowa"},"geometry":{"type":"LineString","coordinates":[[19.95909,50.05808],[19.95978,50.06024]]}},{"type":"Feature","properties":{"numer":"603545K","klasa":"droga dojazdowa","kat":"powiatowa"},"geometry":{"type":"LineString","coordinates":[[19.9467,50.0583],[19.94575,50.05841]]}},{"type":"Feature","properties":{"numer":"2231K","klasa":"droga zbiorcza","kat":"powiatowa"},"geometry":{"type":"LineString","coordinates":[[19.94687,50.05819],[19.94739,50.05841],[19.94822,50.05859]]}},{"type":"Feature","properties":{"numer":"603545K","klasa":"droga dojazdowa","kat":"powiatowa"},"geometry":{"type":"LineString","coordinates":[[19.94575,50.05841],[19.94536,50.05845]]}},{"type":"Feature","properties":{"numer":"603545K","klasa":"droga dojazdowa","kat":"powiatowa"},"geometry":{"type":"LineString","coordinates":[[19.94536,50.05845],[19.94472,50.05852]]}},{"type":"Feature","properties":{"numer":"2231K","klasa":"droga zbiorcza","kat":"powiatowa"},"geometry":{"type":"LineString","coordinates":[[19.94824,50.05845],[19.94822,50.05859]]}},{"type":"Feature","properties":{"numer":"2259K","klasa":"droga zbiorcza","kat":"powiatowa"},"geometry":{"type":"LineString","coordinates":[[19.91433,50.05778],[19.92483,50.0593]]}},{"type":"Feature","properties":{"numer":"603688K","klasa":"","kat":"powiatowa"},"geometry":{"type":"LineString","coordinates":[[19.93326,50.05876],[19.93256,50.05849]]}},{"type":"Feature","properties":{"numer":"2231K","klasa":"droga zbiorcza","kat":"powiatowa"},"geometry":{"type":"LineString","coordinates":[[19.94822,50.05859],[19.94821,50.05872]]}},{"type":"Feature","properties":{"numer":"603545K","klasa":"droga dojazdowa","kat":"powiatowa"},"geometry":{"type":"LineString","coordinates":[[19.94472,50.05852],[19.94211,50.05958]]}},{"type":"Feature","properties":{"numer":"602168K","klasa":"droga dojazdowa","kat":"powiatowa"},"geometry":{"type":"LineString","coordinates":[[19.94821,50.05872],[19.94809,50.05979]]}},{"type":"Feature","properties":{"numer":"2249K","klasa":"","kat":"powiatowa"},"geometry":{"type":"LineString","coordinates":[[20.06643,50.04102],[20.06673,50.04092]]}},{"type":"Feature","properties":{"numer":"2248K","klasa":"droga zbiorcza","kat":"powiatowa"},"geometry":{"type":"LineString","coordinates":[[20.04538,50.0436],[20.04379,50.03954],[20.04357,50.03933],[20.043,50.03921]]}},{"type":"Feature","properties":{"numer":"2249K","klasa":"","kat":"powiatowa"},"geometry":{"type":"LineString","coordinates":[[20.06263,50.04179],[20.0633,50.04196],[20.06371,50.04196],[20.06643,50.04102]]}},{"type":"Feature","properties":{"numer":"2249K","klasa":"","kat":"powiatowa"},"geometry":{"type":"LineString","coordinates":[[20.06208,50.0417],[20.06263,50.04179]]}},{"type":"Feature","properties":{"numer":"2249K","klasa":"","kat":"powiatowa"},"geometry":{"type":"LineString","coordinates":[[20.04538,50.0436],[20.04601,50.04305],[20.04756,50.04249],[20.04859,50.04229],[20.05098,50.04246],[20.05283,50.04293],[20.05342,50.04253],[20.05385,50.04243],[20.05614,50.0422],[20.05807,50.04223],[20.06208,50.0417]]}},{"type":"Feature","properties":{"numer":"2248K","klasa":"droga zbiorcza","kat":"powiatowa"},"geometry":{"type":"LineString","coordinates":[[20.04983,50.05008],[20.04982,50.04894],[20.0495,50.04815],[20.04569,50.0441],[20.04538,50.0436]]}},{"type":"Feature","properties":{"numer":"2248K","klasa":"droga zbiorcza","kat":"powiatowa"},"geometry":{"type":"LineString","coordinates":[[20.04977,50.05309],[20.04983,50.05008]]}},{"type":"Feature","properties":{"numer":"2248K","klasa":"droga zbiorcza","kat":"powiatowa"},"geometry":{"type":"LineString","coordinates":[[20.04977,50.05341],[20.04977,50.05309]]}},{"type":"Feature","properties":{"numer":"2279K","klasa":"droga zbiorcza","kat":"powiatowa"},"geometry":{"type":"LineString","coordinates":[[20.04977,50.05341],[20.0503,50.05349],[20.05093,50.05347],[20.06376,50.05299],[20.06415,50.0532],[20.0649,50.05444],[20.06705,50.0567],[20.06758,50.05682],[20.07132,50.05683]]}},{"type":"Feature","properties":{"numer":"2279K","klasa":"droga zbiorcza","kat":"powiatowa"},"geometry":{"type":"LineString","coordinates":[[20.02444,50.06001],[20.02481,50.06018],[20.02532,50.06025],[20.02635,50.06017],[20.02707,50.05999],[20.04244,50.05394],[20.04345,50.05379],[20.04918,50.05354],[20.04977,50.05341]]}},{"type":"Feature","properties":{"numer":"602892K","klasa":"droga dojazdowa","kat":"powiatowa"},"geometry":{"type":"LineString","coordinates":[[19.99309,50.04522],[19.99231,50.04534],[19.99184,50.04527]]}},{"type":"Feature","properties":{"numer":"2250K","klasa":"droga zbiorcza","kat":"powiatowa"},"geometry":{"type":"LineString","coordinates":[[19.98364,50.04518],[19.98337,50.04734],[19.98308,50.04781],[19.98264,50.04821]]}},{"type":"Feature","properties":{"numer":"2250K","klasa":"droga zbiorcza","kat":"powiatowa"},"geometry":{"type":"LineString","coordinates":[[19.98264,50.04821],[19.98174,50.04896]]}},{"type":"Feature","properties":{"numer":"2250K","klasa":"droga zbiorcza","kat":"powiatowa"},"geometry":{"type":"LineString","coordinates":[[19.98008,50.05031],[19.98174,50.04896]]}},{"type":"Feature","properties":{"numer":"2250K","klasa":"droga zbiorcza","kat":"powiatowa"},"geometry":{"type":"LineString","coordinates":[[19.98008,50.05031],[19.97922,50.05117]]}},{"type":"Feature","properties":{"numer":"776","klasa":"droga gĹ‚Ăłwna","kat":"wojewodzka"},"geometry":{"type":"LineString","coordinates":[[20.0043,50.06706],[20.00385,50.06376],[20.00297,50.05898],[20.00255,50.05811],[20.00152,50.057],[19.99968,50.05596],[19.98793,50.05203],[19.9865,50.05138],[19.98174,50.04896]]}},{"type":"Feature","properties":{"numer":"2231K","klasa":"droga gĹ‚Ăłwna","kat":"powiatowa"},"geometry":{"type":"LineString","coordinates":[[19.97574,50.05953],[19.97725,50.05983],[19.98479,50.06338],[19.98577,50.06366],[19.98955,50.0643]]}},{"type":"Feature","properties":{"numer":"2279K","klasa":"","kat":"powiatowa"},"geometry":{"type":"LineString","coordinates":[[20.01127,50.06567],[20.0117,50.06543],[20.01307,50.06436],[20.01347,50.0642],[20.01538,50.06414],[20.01725,50.0644],[20.01856,50.06432],[20.02029,50.06445],[20.02084,50.06435],[20.02179,50.06366],[20.02243,50.06296],[20.02357,50.06148],[20.02392,50.0609],[20.02411,50.06034],[20.02444,50.06001]]}},{"type":"Feature","properties":{"numer":"2231K","klasa":"droga gĹ‚Ăłwna","kat":"powiatowa"},"geometry":{"type":"LineString","coordinates":[[19.98955,50.0643],[19.99689,50.06558]]}},{"type":"Feature","properties":{"numer":"2231K","klasa":"droga gĹ‚Ăłwna","kat":"powiatowa"},"geometry":{"type":"LineString","coordinates":[[19.99689,50.06558],[19.99693,50.06549]]}},{"type":"Feature","properties":{"numer":"602209K","klasa":"droga lokalna","kat":"powiatowa"},"geometry":{"type":"LineString","coordinates":[[20.12506,50.05504],[20.12556,50.05498]]}},{"type":"Feature","properties":{"numer":"602209K","klasa":"droga lokalna","kat":"powiatowa"},"geometry":{"type":"LineString","coordinates":[[20.12556,50.05498],[20.1258,50.05515]]}},{"type":"Feature","properties":{"numer":"602209K","klasa":"droga lokalna","kat":"powiatowa"},"geometry":{"type":"LineString","coordinates":[[20.12186,50.05524],[20.1221,50.0551],[20.1224,50.05506],[20.12506,50.05504]]}},{"type":"Feature","properties":{"numer":"602209K","klasa":"droga lokalna","kat":"powiatowa"},"geometry":{"type":"LineString","coordinates":[[20.12159,50.05595],[20.12186,50.05524]]}},{"type":"Feature","properties":{"numer":"2279K","klasa":"droga zbiorcza","kat":"powiatowa"},"geometry":{"type":"LineString","coordinates":[[20.07512,50.0566],[20.07629,50.05654],[20.08046,50.05667],[20.08109,50.05645],[20.08152,50.05595]]}},{"type":"Feature","properties":{"numer":"2279K","klasa":"droga zbiorcza","kat":"powiatowa"},"geometry":{"type":"LineString","coordinates":[[20.07475,50.05663],[20.07512,50.0566]]}},{"type":"Feature","properties":{"numer":"2279K","klasa":"droga zbiorcza","kat":"powiatowa"},"geometry":{"type":"LineString","coordinates":[[20.07437,50.05666],[20.07475,50.05663]]}},{"type":"Feature","properties":{"numer":"602209K","klasa":"droga lokalna","kat":"powiatowa"},"geometry":{"type":"LineString","coordinates":[[20.1258,50.05515],[20.12706,50.05605],[20.12702,50.05742],[20.12719,50.05782],[20.1275,50.05804],[20.1281,50.05824],[20.12893,50.05835]]}},{"type":"Feature","properties":{"numer":"2279K","klasa":"droga zbiorcza","kat":"powiatowa"},"geometry":{"type":"LineString","coordinates":[[20.07246,50.0569],[20.07251,50.05682],[20.07309,50.05674],[20.07437,50.05666]]}},{"type":"Feature","properties":{"numer":"2279K","klasa":"droga zbiorcza","kat":"powiatowa"},"geometry":{"type":"LineString","coordinates":[[20.07132,50.05683],[20.07185,50.05683]]}},{"type":"Feature","properties":{"numer":"2278K","klasa":"droga zbiorcza","kat":"powiatowa"},"geometry":{"type":"LineString","coordinates":[[19.959,50.05666],[19.95895,50.05725]]}},{"type":"Feature","properties":{"numer":"2250K","klasa":"droga zbiorcza","kat":"powiatowa"},"geometry":{"type":"LineString","coordinates":[[19.97574,50.05953],[19.97513,50.05808],[19.97514,50.05758],[19.97545,50.05564],[19.97566,50.05523],[19.97627,50.05449]]}},{"type":"Feature","properties":{"numer":"603104K","klasa":"droga dojazdowa","kat":"powiatowa"},"geometry":{"type":"LineString","coordinates":[[19.95252,50.05714],[19.95234,50.05707]]}},{"type":"Feature","properties":{"numer":"603104K","klasa":"droga dojazdowa","kat":"powiatowa"},"geometry":{"type":"LineString","coordinates":[[19.95311,50.05739],[19.95252,50.05714]]}},{"type":"Feature","properties":{"numer":"603104K","klasa":"droga dojazdowa","kat":"powiatowa"},"geometry":{"type":"LineString","coordinates":[[19.95405,50.05741],[19.95369,50.05744]]}},{"type":"Feature","properties":{"numer":"2254K,2278K","klasa":"droga zbiorcza","kat":"powiatowa"},"geometry":{"type":"LineString","coordinates":[[19.95895,50.05725],[19.95899,50.05762]]}},{"type":"Feature","properties":{"numer":"603104K","klasa":"droga dojazdowa","kat":"powiatowa"},"geometry":{"type":"LineString","coordinates":[[19.95369,50.05744],[19.95335,50.05748],[19.95311,50.05739]]}},{"type":"Feature","properties":{"numer":"2231K","klasa":"droga zbiorcza","kat":"powiatowa"},"geometry":{"type":"LineString","coordinates":[[19.95667,50.05762],[19.95724,50.05751],[19.95831,50.05756]]}},{"type":"Feature","properties":{"numer":"2231K","klasa":"droga zbiorcza","kat":"powiatowa"},"geometry":{"type":"LineString","coordinates":[[19.95831,50.05756],[19.95899,50.05762]]}},{"type":"Feature","properties":{"numer":"2231K","klasa":"droga zbiorcza","kat":"powiatowa"},"geometry":{"type":"LineString","coordinates":[[19.95899,50.05762],[19.95971,50.05774]]}},{"type":"Feature","properties":{"numer":"2279K","klasa":"droga zbiorcza","kat":"powiatowa"},"geometry":{"type":"LineString","coordinates":[[20.07185,50.05683],[20.07246,50.0569]]}},{"type":"Feature","properties":{"numer":"602209K","klasa":"droga lokalna","kat":"powiatowa"},"geometry":{"type":"LineString","coordinates":[[20.116,50.05802],[20.11725,50.05787],[20.11948,50.05785],[20.12009,50.05769],[20.12087,50.0573],[20.12115,50.05706],[20.12159,50.05595]]}},{"type":"Feature","properties":{"numer":"S7","klasa":"droga ekspresowa","kat":"krajowa"},"geometry":{"type":"LineString","coordinates":[[20.07475,50.05663],[20.07515,50.05891]]}},{"type":"Feature","properties":{"numer":"2279K","klasa":"droga zbiorcza","kat":"powiatowa"},"geometry":{"type":"LineString","coordinates":[[20.07246,50.0569],[20.07296,50.05721],[20.07364,50.05835],[20.074,50.05861],[20.07435,50.05875]]}},{"type":"Feature","properties":{"numer":"602209K","klasa":"droga lokalna","kat":"powiatowa"},"geometry":{"type":"LineString","coordinates":[[20.11116,50.05864],[20.11154,50.05843],[20.11223,50.0583],[20.116,50.05802]]}},{"type":"Feature","properties":{"numer":"602209K","klasa":"droga lokalna","kat":"powiatowa"},"geometry":{"type":"LineString","coordinates":[[20.12893,50.05835],[20.12963,50.05838]]}},{"type":"Feature","properties":{"numer":"602209K","klasa":"droga lokalna","kat":"powiatowa"},"geometry":{"type":"LineString","coordinates":[[20.12963,50.05838],[20.13042,50.0585],[20.13151,50.05852]]}},{"type":"Feature","properties":{"numer":"602209K","klasa":"droga lokalna","kat":"powiatowa"},"geometry":{"type":"LineString","coordinates":[[20.13151,50.05852],[20.13191,50.05856]]}},{"type":"Feature","properties":{"numer":"602209K","klasa":"droga lokalna","kat":"powiatowa"},"geometry":{"type":"LineString","coordinates":[[20.13191,50.05856],[20.13211,50.05858]]}},{"type":"Feature","properties":{"numer":"602579K","klasa":"droga dojazdowa","kat":"powiatowa"},"geometry":{"type":"LineString","coordinates":[[20.10215,50.0586],[20.10236,50.05853],[20.10375,50.05902]]}},{"type":"Feature","properties":{"numer":"2279K","klasa":"droga zbiorcza","kat":"powiatowa"},"geometry":{"type":"LineString","coordinates":[[20.07435,50.05875],[20.07515,50.05891]]}},{"type":"Feature","properties":{"numer":"603387K","klasa":"droga dojazdowa","kat":"powiatowa"},"geometry":{"type":"LineString","coordinates":[[20.11057,50.05912],[20.11116,50.05864]]}},{"type":"Feature","properties":{"numer":"2279K","klasa":"droga zbiorcza","kat":"powiatowa"},"geometry":{"type":"LineString","coordinates":[[20.07515,50.05891],[20.07601,50.05904]]}},{"type":"Feature","properties":{"numer":"602579K","klasa":"droga dojazdowa","kat":"powiatowa"},"geometry":{"type":"LineString","coordinates":[[20.10375,50.05902],[20.10541,50.05959]]}},{"type":"Feature","properties":{"numer":"602358K","klasa":"droga lokalna","kat":"powiatowa"},"geometry":{"type":"LineString","coordinates":[[20.10233,50.06043],[20.10215,50.0586]]}},{"type":"Feature","properties":{"numer":"603387K","klasa":"droga dojazdowa","kat":"powiatowa"},"geometry":{"type":"LineString","coordinates":[[20.10848,50.06064],[20.11057,50.05912]]}},{"type":"Feature","properties":{"numer":"602579K","klasa":"droga dojazdowa","kat":"powiatowa"},"geometry":{"type":"LineString","coordinates":[[20.10541,50.05959],[20.10848,50.06064]]}},{"type":"Feature","properties":{"numer":"2279K","klasa":"droga zbiorcza","kat":"powiatowa"},"geometry":{"type":"LineString","coordinates":[[20.07601,50.05904],[20.07898,50.05939],[20.07944,50.05954],[20.07982,50.05977],[20.08013,50.06012],[20.08054,50.06086],[20.08161,50.06151],[20.08164,50.06329]]}},{"type":"Feature","properties":{"numer":"S7","klasa":"droga ekspresowa","kat":"krajowa"},"geometry":{"type":"LineString","coordinates":[[20.07515,50.05891],[20.07513,50.06004],[20.07487,50.06118],[20.07463,50.06184],[20.07406,50.06287],[20.07332,50.06396]]}},{"type":"Feature","properties":{"numer":"602358K","klasa":"droga lokalna","kat":"powiatowa"},"geometry":{"type":"LineString","coordinates":[[20.10248,50.06322],[20.10233,50.06043]]}},{"type":"Feature","properties":{"numer":"2224K","klasa":"","kat":"powiatowa"},"geometry":{"type":"LineString","coordinates":[[20.05261,50.06854],[20.05218,50.06633],[20.05204,50.06331],[20.05175,50.06283],[20.0507,50.06196],[20.05026,50.0606],[20.05017,50.0576],[20.04992,50.05629],[20.0494,50.05493],[20.04977,50.05341]]}},{"type":"Feature","properties":{"numer":"79","klasa":"droga gĹ‚Ăłwna","kat":"krajowa"},"geometry":{"type":"LineString","coordinates":[[20.05261,50.06854],[20.05819,50.06755],[20.05905,50.06748],[20.06291,50.06756],[20.06603,50.06787],[20.06761,50.0677],[20.06866,50.06719],[20.0698,50.06633],[20.07093,50.0648],[20.0715,50.06428],[20.07209,50.06407],[20.07332,50.06396]]}},{"type":"Feature","properties":{"numer":"2088K","klasa":"droga ekspresowa","kat":"krajowa"},"geometry":{"type":"LineString","coordinates":[[20.06552,50.07083],[20.06759,50.06873],[20.07039,50.06658]]}},{"type":"Feature","properties":{"numer":"79","klasa":"droga gĹ‚Ăłwna","kat":"krajowa"},"geometry":{"type":"LineString","coordinates":[[20.03717,50.07157],[20.03782,50.07147],[20.04206,50.07043],[20.05261,50.06854]]}},{"type":"Feature","properties":{"numer":"2088K","klasa":"droga zbiorcza","kat":"powiatowa"},"geometry":{"type":"LineString","coordinates":[[20.06433,50.0722],[20.06552,50.07083]]}},{"type":"Feature","properties":{"numer":"2224K","klasa":"droga zbiorcza","kat":"powiatowa"},"geometry":{"type":"LineString","coordinates":[[20.05231,50.07615],[20.05395,50.07358],[20.05406,50.07315],[20.05261,50.06854]]}},{"type":"Feature","properties":{"numer":"2225K","klasa":"droga zbiorcza","kat":"powiatowa"},"geometry":{"type":"LineString","coordinates":[[20.01745,50.07344],[20.01811,50.07347],[20.01971,50.07323],[20.02562,50.07263],[20.03412,50.0718],[20.03717,50.07157]]}},{"type":"Feature","properties":{"numer":"2223K","klasa":"droga zbiorcza","kat":"powiatowa"},"geometry":{"type":"LineString","coordinates":[[20.03717,50.07157],[20.03737,50.07196],[20.03791,50.07234],[20.04249,50.07355]]}},{"type":"Feature","properties":{"numer":"79","klasa":"droga zbiorcza","kat":"krajowa"},"geometry":{"type":"LineString","coordinates":[[20.03717,50.07157],[20.03713,50.07223],[20.03678,50.07264],[20.03247,50.07571]]}},{"type":"Feature","properties":{"numer":"2223K","klasa":"droga zbiorcza","kat":"powiatowa"},"geometry":{"type":"LineString","coordinates":[[20.04249,50.07355],[20.0469,50.07472]]}},{"type":"Feature","properties":{"numer":"2279K","klasa":"droga zbiorcza","kat":"powiatowa"},"geometry":{"type":"LineString","coordinates":[[20.08164,50.06329],[20.08165,50.06364]]}},{"type":"Feature","properties":{"numer":"602358K","klasa":"droga lokalna","kat":"powiatowa"},"geometry":{"type":"LineString","coordinates":[[20.10247,50.06415],[20.10248,50.06322]]}},{"type":"Feature","properties":{"numer":"2279K","klasa":"droga zbiorcza","kat":"powiatowa"},"geometry":{"type":"LineString","coordinates":[[20.08165,50.06364],[20.08165,50.06399]]}},{"type":"Feature","properties":{"numer":"79","klasa":"droga gĹ‚Ăłwna ruchu przyĹ›pieszonego","kat":"krajowa"},"geometry":{"type":"LineString","coordinates":[[20.07332,50.06396],[20.07501,50.06412],[20.0816,50.06436]]}},{"type":"Feature","properties":{"numer":"2279K","klasa":"droga zbiorcza","kat":"powiatowa"},"geometry":{"type":"LineString","coordinates":[[20.08165,50.06399],[20.0816,50.06436]]}},{"type":"Feature","properties":{"numer":"79","klasa":"droga gĹ‚Ăłwna","kat":"krajowa"},"geometry":{"type":"LineString","coordinates":[[20.0816,50.06436],[20.08164,50.06436]]}},{"type":"Feature","properties":{"numer":"602358K","klasa":"droga lokalna","kat":"powiatowa"},"geometry":{"type":"LineString","coordinates":[[20.10249,50.06575],[20.10247,50.06415]]}},{"type":"Feature","properties":{"numer":"S7","klasa":"droga ekspresowa","kat":"krajowa"},"geometry":{"type":"LineString","coordinates":[[20.07332,50.06396],[20.072,50.06537],[20.07039,50.06658]]}},{"type":"Feature","properties":{"numer":"602358K","klasa":"droga lokalna","kat":"powiatowa"},"geometry":{"type":"LineString","coordinates":[[20.10241,50.06648],[20.10249,50.06575]]}},{"type":"Feature","properties":{"numer":"602358K","klasa":"droga lokalna","kat":"powiatowa"},"geometry":{"type":"LineString","coordinates":[[20.10221,50.06694],[20.10241,50.06648]]}},{"type":"Feature","properties":{"numer":"2279K","klasa":"","kat":"powiatowa"},"geometry":{"type":"LineString","coordinates":[[20.01127,50.06567],[20.01124,50.06589]]}},{"type":"Feature","properties":{"numer":"602239K","klasa":"","kat":"powiatowa"},"geometry":{"type":"LineString","coordinates":[[20.01124,50.06589],[20.01122,50.06609]]}},{"type":"Feature","properties":{"numer":"602239K","klasa":"droga lokalna","kat":"powiatowa"},"geometry":{"type":"LineString","coordinates":[[20.01122,50.06609],[20.01147,50.0662]]}},{"type":"Feature","properties":{"numer":"2231K","klasa":"droga gĹ‚Ăłwna","kat":"powiatowa"},"geometry":{"type":"LineString","coordinates":[[19.99689,50.06558],[20.00207,50.0665],[20.0043,50.06706]]}},{"type":"Feature","properties":{"numer":"602239K","klasa":"droga lokalna","kat":"powiatowa"},"geometry":{"type":"LineString","coordinates":[[20.01147,50.0662],[20.01198,50.06655]]}},{"type":"Feature","properties":{"numer":"2227K","klasa":"droga zbiorcza","kat":"powiatowa"},"geometry":{"type":"LineString","coordinates":[[19.98955,50.0643],[19.98927,50.06471],[19.98903,50.06539],[19.9887,50.06778],[19.98825,50.06852],[19.98748,50.06919],[19.98328,50.07137]]}},{"type":"Feature","properties":{"numer":"2279K","klasa":"","kat":"powiatowa"},"geometry":{"type":"LineString","coordinates":[[20.01213,50.0692],[20.01298,50.06848],[20.01198,50.06655]]}},{"type":"Feature","properties":{"numer":"776","klasa":"droga gĹ‚Ăłwna","kat":"wojewodzka"},"geometry":{"type":"LineString","coordinates":[[20.01213,50.0692],[20.00982,50.06857],[20.00657,50.06755],[20.0043,50.06706]]}},{"type":"Feature","properties":{"numer":"2225K","klasa":"droga zbiorcza","kat":"powiatowa"},"geometry":{"type":"LineString","coordinates":[[19.98089,50.06955],[19.98121,50.0698]]}},{"type":"Feature","properties":{"numer":"2225K","klasa":"droga zbiorcza","kat":"powiatowa"},"geometry":{"type":"LineString","coordinates":[[19.98121,50.0698],[19.98328,50.07137]]}},{"type":"Feature","properties":{"numer":"2228K","klasa":"droga zbiorcza","kat":"powiatowa"},"geometry":{"type":"LineString","coordinates":[[19.95241,50.06797],[19.95243,50.06801]]}},{"type":"Feature","properties":{"numer":"2225K","klasa":"droga zbiorcza","kat":"powiatowa"},"geometry":{"type":"LineString","coordinates":[[19.96973,50.06652],[19.97346,50.06664],[19.97451,50.06673],[19.97525,50.06689],[19.9791,50.06826],[19.98089,50.06955]]}},{"type":"Feature","properties":{"numer":"2277K","klasa":"droga zbiorcza","kat":"powiatowa"},"geometry":{"type":"LineString","coordinates":[[19.94972,50.06905],[19.94998,50.06882],[19.95059,50.0685],[19.95241,50.06797]]}},{"type":"Feature","properties":{"numer":"","klasa":"droga wewnÄ™trzna","kat":"gminna"},"geometry":{"type":"LineString","coordinates":[[19.94895,50.06902],[19.94873,50.06902]]}},{"type":"Feature","properties":{"numer":"2277K","klasa":"droga zbiorcza","kat":"powiatowa"},"geometry":{"type":"LineString","coordinates":[[19.94966,50.06904],[19.94972,50.06905]]}},{"type":"Feature","properties":{"numer":"2230K","klasa":"droga zbiorcza","kat":"powiatowa"},"geometry":{"type":"LineString","coordinates":[[19.95943,50.06767],[19.95899,50.07142]]}},{"type":"Feature","properties":{"numer":"2226K","klasa":"droga zbiorcza","kat":"powiatowa"},"geometry":{"type":"LineString","coordinates":[[19.96521,50.07267],[19.96298,50.07041],[19.95967,50.06797],[19.95943,50.06767]]}},{"type":"Feature","properties":{"numer":"2228K","klasa":"","kat":"powiatowa"},"geometry":{"type":"LineString","coordinates":[[19.95627,50.0732],[19.95243,50.06801]]}},{"type":"Feature","properties":{"numer":"2230K","klasa":"droga zbiorcza","kat":"powiatowa"},"geometry":{"type":"LineString","coordinates":[[19.95885,50.07142],[19.95899,50.07142]]}},{"type":"Feature","properties":{"numer":"2230K","klasa":"droga zbiorcza","kat":"powiatowa"},"geometry":{"type":"LineString","coordinates":[[19.95899,50.07142],[19.95887,50.07238]]}},{"type":"Feature","properties":{"numer":"2259K","klasa":"droga zbiorcza","kat":"powiatowa"},"geometry":{"type":"LineString","coordinates":[[19.90661,50.05681],[19.90695,50.05686]]}},{"type":"Feature","properties":{"numer":"2259K","klasa":"droga zbiorcza","kat":"powiatowa"},"geometry":{"type":"LineString","coordinates":[[19.90695,50.05686],[19.90896,50.05701]]}},{"type":"Feature","properties":{"numer":"2259K","klasa":"droga zbiorcza","kat":"powiatowa"},"geometry":{"type":"LineString","coordinates":[[19.90896,50.05701],[19.90984,50.05713]]}},{"type":"Feature","properties":{"numer":"2260K","klasa":"droga zbiorcza","kat":"powiatowa"},"geometry":{"type":"LineString","coordinates":[[19.90382,50.05634],[19.90298,50.05649],[19.90126,50.05707],[19.90082,50.05724],[19.89909,50.05822],[19.89853,50.05839]]}},{"type":"Feature","properties":{"numer":"2259K","klasa":"droga zbiorcza","kat":"powiatowa"},"geometry":{"type":"LineString","coordinates":[[19.90984,50.05713],[19.91358,50.05767]]}},{"type":"Feature","properties":{"numer":"2259K","klasa":"droga zbiorcza","kat":"powiatowa"},"geometry":{"type":"LineString","coordinates":[[19.91358,50.05767],[19.91433,50.05778]]}},{"type":"Feature","properties":{"numer":"2262K","klasa":"droga zbiorcza","kat":"powiatowa"},"geometry":{"type":"LineString","coordinates":[[19.89853,50.05839],[19.90048,50.06001]]}},{"type":"Feature","properties":{"numer":"2262K","klasa":"droga zbiorcza","kat":"powiatowa"},"geometry":{"type":"LineString","coordinates":[[19.90048,50.06001],[19.90066,50.0602]]}},{"type":"Feature","properties":{"numer":"2261K","klasa":"droga zbiorcza","kat":"powiatowa"},"geometry":{"type":"LineString","coordinates":[[19.92483,50.0593],[19.92392,50.05929],[19.90245,50.06259]]}},{"type":"Feature","properties":{"numer":"2262K","klasa":"droga zbiorcza","kat":"powiatowa"},"geometry":{"type":"LineString","coordinates":[[19.90066,50.0602],[19.90163,50.06137],[19.90245,50.06259]]}},{"type":"Feature","properties":{"numer":"2259K","klasa":"droga zbiorcza","kat":"powiatowa"},"geometry":{"type":"LineString","coordinates":[[19.92483,50.0593],[19.92507,50.05933]]}},{"type":"Feature","properties":{"numer":"2259K","klasa":"","kat":"powiatowa"},"geometry":{"type":"LineString","coordinates":[[19.92507,50.05933],[19.9264,50.05963],[19.92768,50.05982]]}},{"type":"Feature","properties":{"numer":"2256K","klasa":"","kat":"powiatowa"},"geometry":{"type":"LineString","coordinates":[[19.93243,50.06049],[19.93326,50.05876]]}},{"type":"Feature","properties":{"numer":"603333K","klasa":"droga dojazdowa","kat":"powiatowa"},"geometry":{"type":"LineString","coordinates":[[19.94809,50.05979],[19.94891,50.05986]]}},{"type":"Feature","properties":{"numer":"2259K","klasa":"","kat":"powiatowa"},"geometry":{"type":"LineString","coordinates":[[19.92768,50.05982],[19.92788,50.05985]]}},{"type":"Feature","properties":{"numer":"2259K","klasa":"","kat":"powiatowa"},"geometry":{"type":"LineString","coordinates":[[19.92788,50.05985],[19.93243,50.06049]]}},{"type":"Feature","properties":{"numer":"2203K","klasa":"droga zbiorcza","kat":"powiatowa"},"geometry":{"type":"LineString","coordinates":[[19.92507,50.05933],[19.92348,50.06237],[19.92352,50.06307],[19.92384,50.06384]]}},{"type":"Feature","properties":{"numer":"2258K","klasa":"","kat":"powiatowa"},"geometry":{"type":"LineString","coordinates":[[19.94497,50.06461],[19.94508,50.06338],[19.94486,50.06242],[19.94386,50.06086],[19.94211,50.05958]]}},{"type":"Feature","properties":{"numer":"603416K","klasa":"droga dojazdowa","kat":"powiatowa"},"geometry":{"type":"LineString","coordinates":[[19.93486,50.06278],[19.9345,50.06271],[19.93361,50.06309]]}},{"type":"Feature","properties":{"numer":"602506K","klasa":"droga dojazdowa","kat":"powiatowa"},"geometry":{"type":"LineString","coordinates":[[19.93486,50.06278],[19.93535,50.06288],[19.93558,50.06331]]}},{"type":"Feature","properties":{"numer":"2231K","klasa":"droga gĹ‚Ăłwna","kat":"powiatowa"},"geometry":{"type":"LineString","coordinates":[[19.97574,50.05953],[19.97432,50.05958],[19.9699,50.0605],[19.96884,50.06049],[19.96325,50.05914],[19.96057,50.058]]}},{"type":"Feature","properties":{"numer":"602775K","klasa":"droga dojazdowa","kat":"powiatowa"},"geometry":{"type":"LineString","coordinates":[[19.95064,50.05933],[19.95074,50.05977]]}},{"type":"Feature","properties":{"numer":"602775K","klasa":"droga dojazdowa","kat":"powiatowa"},"geometry":{"type":"LineString","coordinates":[[19.95074,50.05977],[19.95067,50.0604]]}},{"type":"Feature","properties":{"numer":"603333K","klasa":"droga dojazdowa","kat":"powiatowa"},"geometry":{"type":"LineString","coordinates":[[19.94891,50.05986],[19.95026,50.06033],[19.95066,50.0604]]}},{"type":"Feature","properties":{"numer":"602775K","klasa":"droga dojazdowa","kat":"powiatowa"},"geometry":{"type":"LineString","coordinates":[[19.95067,50.0604],[19.95066,50.0604]]}},{"type":"Feature","properties":{"numer":"2254K","klasa":"droga zbiorcza","kat":"powiatowa"},"geometry":{"type":"LineString","coordinates":[[19.95978,50.06024],[19.96025,50.06188]]}},{"type":"Feature","properties":{"numer":"2254K","klasa":"droga zbiorcza","kat":"powiatowa"},"geometry":{"type":"LineString","coordinates":[[19.96025,50.06188],[19.95967,50.06412],[19.95921,50.0651],[19.95925,50.06527]]}},{"type":"Feature","properties":{"numer":"2255K","klasa":"","kat":"powiatowa"},"geometry":{"type":"LineString","coordinates":[[19.95162,50.06511],[19.95528,50.06543]]}},{"type":"Feature","properties":{"numer":"2254K","klasa":"droga zbiorcza","kat":"powiatowa"},"geometry":{"type":"LineString","coordinates":[[19.95947,50.06569],[19.95925,50.06527]]}},{"type":"Feature","properties":{"numer":"2255K","klasa":"","kat":"powiatowa"},"geometry":{"type":"LineString","coordinates":[[19.95869,50.0655],[19.95703,50.06557],[19.95528,50.06543]]}},{"type":"Feature","properties":{"numer":"2260K","klasa":"droga zbiorcza","kat":"powiatowa"},"geometry":{"type":"LineString","coordinates":[[19.89853,50.05839],[19.89605,50.05897],[19.89497,50.05946],[19.89402,50.06021],[19.89355,50.06044],[19.89283,50.06062],[19.89093,50.06092],[19.88963,50.0618],[19.88768,50.06234],[19.88184,50.06444],[19.8764,50.06551],[19.87432,50.06643]]}},{"type":"Feature","properties":{"numer":"2262K","klasa":"droga zbiorcza","kat":"powiatowa"},"geometry":{"type":"LineString","coordinates":[[19.90245,50.06259],[19.90271,50.06311],[19.90316,50.06741]]}},{"type":"Feature","properties":{"numer":"603191K","klasa":"","kat":"powiatowa"},"geometry":{"type":"LineString","coordinates":[[19.91399,50.06572],[19.91361,50.0658]]}},{"type":"Feature","properties":{"numer":"603191K","klasa":"droga lokalna","kat":"powiatowa"},"geometry":{"type":"LineString","coordinates":[[19.91361,50.0658],[19.91345,50.06584]]}},{"type":"Feature","properties":{"numer":"603191K","klasa":"droga lokalna","kat":"powiatowa"},"geometry":{"type":"LineString","coordinates":[[19.91345,50.06584],[19.91279,50.06595]]}},{"type":"Feature","properties":{"numer":"603191K","klasa":"droga lokalna","kat":"powiatowa"},"geometry":{"type":"LineString","coordinates":[[19.91279,50.06595],[19.91199,50.06607]]}},{"type":"Feature","properties":{"numer":"603191K","klasa":"droga lokalna","kat":"powiatowa"},"geometry":{"type":"LineString","coordinates":[[19.91199,50.06607],[19.9113,50.06618]]}},{"type":"Feature","properties":{"numer":"603191K","klasa":"droga lokalna","kat":"powiatowa"},"geometry":{"type":"LineString","coordinates":[[19.9113,50.06618],[19.91078,50.06626]]}},{"type":"Feature","properties":{"numer":"603191K","klasa":"droga lokalna","kat":"powiatowa"},"geometry":{"type":"LineString","coordinates":[[19.91078,50.06626],[19.9097,50.06643]]}},{"type":"Feature","properties":{"numer":"2260K","klasa":"droga zbiorcza","kat":"powiatowa"},"geometry":{"type":"LineString","coordinates":[[19.87432,50.06643],[19.87418,50.06648]]}},{"type":"Feature","properties":{"numer":"603416K","klasa":"droga dojazdowa","kat":"powiatowa"},"geometry":{"type":"LineString","coordinates":[[19.93361,50.06309],[19.93294,50.06339]]}},{"type":"Feature","properties":{"numer":"603409K","klasa":"droga dojazdowa","kat":"powiatowa"},"geometry":{"type":"LineString","coordinates":[[19.93559,50.06333],[19.93558,50.06331]]}},{"type":"Feature","properties":{"numer":"603409K","klasa":"droga dojazdowa","kat":"powiatowa"},"geometry":{"type":"LineString","coordinates":[[19.93502,50.06356],[19.93559,50.06333]]}},{"type":"Feature","properties":{"numer":"2205K","klasa":"","kat":"powiatowa"},"geometry":{"type":"LineString","coordinates":[[19.93282,50.06357],[19.93294,50.06339]]}},{"type":"Feature","properties":{"numer":"603409K","klasa":"droga dojazdowa","kat":"powiatowa"},"geometry":{"type":"LineString","coordinates":[[19.93502,50.06356],[19.93373,50.06409]]}},{"type":"Feature","properties":{"numer":"603191K","klasa":"droga lokalna","kat":"powiatowa"},"geometry":{"type":"LineString","coordinates":[[19.92384,50.06384],[19.92362,50.06387]]}},{"type":"Feature","properties":{"numer":"2205K","klasa":"","kat":"powiatowa"},"geometry":{"type":"LineString","coordinates":[[19.93162,50.06475],[19.93282,50.06357]]}},{"type":"Feature","properties":{"numer":"603191K","klasa":"","kat":"powiatowa"},"geometry":{"type":"LineString","coordinates":[[19.92362,50.06387],[19.91929,50.06451],[19.91399,50.06572]]}},{"type":"Feature","properties":{"numer":"2203K","klasa":"droga zbiorcza","kat":"powiatowa"},"geometry":{"type":"LineString","coordinates":[[19.92384,50.06384],[19.92457,50.06583]]}},{"type":"Feature","properties":{"numer":"2255K","klasa":"","kat":"powiatowa"},"geometry":{"type":"LineString","coordinates":[[19.94497,50.06461],[19.94526,50.06458],[19.95162,50.06511]]}},{"type":"Feature","properties":{"numer":"2205K","klasa":"","kat":"powiatowa"},"geometry":{"type":"LineString","coordinates":[[19.93132,50.06502],[19.93162,50.06475]]}},{"type":"Feature","properties":{"numer":"2256K","klasa":"","kat":"powiatowa"},"geometry":{"type":"LineString","coordinates":[[19.94184,50.06569],[19.94497,50.06461]]}},{"type":"Feature","properties":{"numer":"602283K","klasa":"droga zbiorcza","kat":"powiatowa"},"geometry":{"type":"LineString","coordinates":[[19.92483,50.06578],[19.92717,50.06529]]}},{"type":"Feature","properties":{"numer":"2256K","klasa":"","kat":"powiatowa"},"geometry":{"type":"LineString","coordinates":[[19.93543,50.06566],[19.93551,50.06573]]}},{"type":"Feature","properties":{"numer":"2256K","klasa":"","kat":"powiatowa"},"geometry":{"type":"LineString","coordinates":[[19.94155,50.06579],[19.94184,50.06569]]}},{"type":"Feature","properties":{"numer":"602283K","klasa":"droga zbiorcza","kat":"powiatowa"},"geometry":{"type":"LineString","coordinates":[[19.92457,50.06583],[19.92483,50.06578]]}},{"type":"Feature","properties":{"numer":"2271K","klasa":"","kat":"powiatowa"},"geometry":{"type":"LineString","coordinates":[[19.94497,50.06461],[19.94514,50.06727]]}},{"type":"Feature","properties":{"numer":"2256K","klasa":"","kat":"powiatowa"},"geometry":{"type":"LineString","coordinates":[[19.93557,50.06579],[19.93614,50.06617],[19.93912,50.06627]]}},{"type":"Feature","properties":{"numer":"2256K","klasa":"","kat":"powiatowa"},"geometry":{"type":"LineString","coordinates":[[19.93912,50.06627],[19.94002,50.06624],[19.94155,50.06579]]}},{"type":"Feature","properties":{"numer":"2201K","klasa":"droga zbiorcza","kat":"powiatowa"},"geometry":{"type":"LineString","coordinates":[[19.92277,50.06635],[19.92457,50.06583]]}},{"type":"Feature","properties":{"numer":"2255K","klasa":"","kat":"powiatowa"},"geometry":{"type":"LineString","coordinates":[[19.95869,50.0655],[19.95947,50.06569]]}},{"type":"Feature","properties":{"numer":"2225K","klasa":"droga zbiorcza","kat":"powiatowa"},"geometry":{"type":"LineString","coordinates":[[19.95947,50.06569],[19.96084,50.06609]]}},{"type":"Feature","properties":{"numer":"2230K","klasa":"droga zbiorcza","kat":"powiatowa"},"geometry":{"type":"LineString","coordinates":[[19.95947,50.06661],[19.95956,50.06601],[19.95947,50.06569]]}},{"type":"Feature","properties":{"numer":"2277K","klasa":"droga zbiorcza","kat":"powiatowa"},"geometry":{"type":"LineString","coordinates":[[19.95947,50.06569],[19.95847,50.06666]]}},{"type":"Feature","properties":{"numer":"2225K","klasa":"droga zbiorcza","kat":"powiatowa"},"geometry":{"type":"LineString","coordinates":[[19.96084,50.06609],[19.9653,50.06657]]}},{"type":"Feature","properties":{"numer":"","klasa":"droga gĹ‚Ăłwna","kat":"gminna"},"geometry":{"type":"LineString","coordinates":[[19.96973,50.06652],[19.96974,50.06645]]}},{"type":"Feature","properties":{"numer":"2228K","klasa":"","kat":"powiatowa"},"geometry":{"type":"LineString","coordinates":[[19.95162,50.06511],[19.95216,50.06748],[19.95241,50.06797]]}},{"type":"Feature","properties":{"numer":"2225K","klasa":"droga zbiorcza","kat":"powiatowa"},"geometry":{"type":"LineString","coordinates":[[19.9653,50.06657],[19.96973,50.06652]]}},{"type":"Feature","properties":{"numer":"2230K","klasa":"droga zbiorcza","kat":"powiatowa"},"geometry":{"type":"LineString","coordinates":[[19.95943,50.06767],[19.95947,50.06661]]}},{"type":"Feature","properties":{"numer":"2277K","klasa":"droga zbiorcza","kat":"powiatowa"},"geometry":{"type":"LineString","coordinates":[[19.95847,50.06666],[19.95796,50.06688],[19.95733,50.06705],[19.95241,50.06797]]}},{"type":"Feature","properties":{"numer":"2205K","klasa":"","kat":"powiatowa"},"geometry":{"type":"LineString","coordinates":[[19.92661,50.06899],[19.93132,50.06502]]}},{"type":"Feature","properties":{"numer":"2201K","klasa":"droga zbiorcza","kat":"powiatowa"},"geometry":{"type":"LineString","coordinates":[[19.91367,50.06794],[19.91448,50.06764],[19.91511,50.06754],[19.91818,50.06756],[19.92277,50.06635]]}},{"type":"Feature","properties":{"numer":"2203K","klasa":"droga zbiorcza","kat":"powiatowa"},"geometry":{"type":"LineString","coordinates":[[19.92457,50.06583],[19.92515,50.06713],[19.92647,50.06911]]}},{"type":"Feature","properties":{"numer":"2271K","klasa":"","kat":"powiatowa"},"geometry":{"type":"LineString","coordinates":[[19.94514,50.06727],[19.9452,50.06848]]}},{"type":"Feature","properties":{"numer":"2271K","klasa":"","kat":"powiatowa"},"geometry":{"type":"LineString","coordinates":[[19.94511,50.06918],[19.9452,50.06848]]}},{"type":"Feature","properties":{"numer":"","klasa":"droga wewnÄ™trzna","kat":"gminna"},"geometry":{"type":"LineString","coordinates":[[19.94684,50.06901],[19.94697,50.06899]]}},{"type":"Feature","properties":{"numer":"","klasa":"droga wewnÄ™trzna","kat":"gminna"},"geometry":{"type":"LineString","coordinates":[[19.94697,50.06899],[19.94873,50.06902]]}},{"type":"Feature","properties":{"numer":"2205K","klasa":"","kat":"powiatowa"},"geometry":{"type":"LineString","coordinates":[[19.92647,50.06911],[19.92661,50.06899]]}},{"type":"Feature","properties":{"numer":"","klasa":"droga wewnÄ™trzna","kat":"gminna"},"geometry":{"type":"LineString","coordinates":[[19.94629,50.06911],[19.94684,50.06901]]}},{"type":"Feature","properties":{"numer":"","klasa":"droga wewnÄ™trzna","kat":"gminna"},"geometry":{"type":"LineString","coordinates":[[19.94614,50.06922],[19.94629,50.06911]]}},{"type":"Feature","properties":{"numer":"603191K","klasa":"","kat":"powiatowa"},"geometry":{"type":"LineString","coordinates":[[19.9097,50.06643],[19.909,50.06654]]}},{"type":"Feature","properties":{"numer":"2260K","klasa":"droga zbiorcza","kat":"powiatowa"},"geometry":{"type":"LineString","coordinates":[[19.87418,50.06648],[19.87399,50.0665]]}},{"type":"Feature","properties":{"numer":"603191K","klasa":"droga lokalna","kat":"powiatowa"},"geometry":{"type":"LineString","coordinates":[[19.909,50.06654],[19.90738,50.06678]]}},{"type":"Feature","properties":{"numer":"603191K","klasa":"droga lokalna","kat":"powiatowa"},"geometry":{"type":"LineString","coordinates":[[19.90738,50.06678],[19.90628,50.06694]]}},{"type":"Feature","properties":{"numer":"603191K","klasa":"droga lokalna","kat":"powiatowa"},"geometry":{"type":"LineString","coordinates":[[19.90628,50.06694],[19.90484,50.06716]]}},{"type":"Feature","properties":{"numer":"603191K","klasa":"droga lokalna","kat":"powiatowa"},"geometry":{"type":"LineString","coordinates":[[19.90484,50.06716],[19.90458,50.0672]]}},{"type":"Feature","properties":{"numer":"603191K","klasa":"droga lokalna","kat":"powiatowa"},"geometry":{"type":"LineString","coordinates":[[19.90361,50.06734],[19.90458,50.0672]]}},{"type":"Feature","properties":{"numer":"603191K","klasa":"droga lokalna","kat":"powiatowa"},"geometry":{"type":"LineString","coordinates":[[19.90316,50.06741],[19.90361,50.06734]]}},{"type":"Feature","properties":{"numer":"2260K","klasa":"droga zbiorcza","kat":"powiatowa"},"geometry":{"type":"LineString","coordinates":[[19.87399,50.0665],[19.87131,50.06654],[19.87072,50.06663],[19.86604,50.06823],[19.86518,50.06843],[19.86436,50.06853]]}},{"type":"Feature","properties":{"numer":"602537K","klasa":"droga dojazdowa","kat":"powiatowa"},"geometry":{"type":"LineString","coordinates":[[19.87483,50.0679],[19.87459,50.06749]]}},{"type":"Feature","properties":{"numer":"2262K","klasa":"droga zbiorcza","kat":"powiatowa"},"geometry":{"type":"LineString","coordinates":[[19.90316,50.06741],[19.90323,50.0681]]}},{"type":"Feature","properties":{"numer":"602537K","klasa":"droga dojazdowa","kat":"powiatowa"},"geometry":{"type":"LineString","coordinates":[[19.87488,50.06797],[19.87483,50.0679]]}},{"type":"Feature","properties":{"numer":"602537K","klasa":"droga dojazdowa","kat":"powiatowa"},"geometry":{"type":"LineString","coordinates":[[19.87535,50.06887],[19.87488,50.06797]]}},{"type":"Feature","properties":{"numer":"2260K","klasa":"droga zbiorcza","kat":"powiatowa"},"geometry":{"type":"LineString","coordinates":[[19.86436,50.06853],[19.86422,50.06854]]}},{"type":"Feature","properties":{"numer":"2260K","klasa":"droga zbiorcza","kat":"powiatowa"},"geometry":{"type":"LineString","coordinates":[[19.86422,50.06854],[19.86408,50.06856]]}},{"type":"Feature","properties":{"numer":"2201K","klasa":"droga zbiorcza","kat":"powiatowa"},"geometry":{"type":"LineString","coordinates":[[19.90556,50.06982],[19.91083,50.06903],[19.91146,50.06886],[19.91367,50.06794]]}},{"type":"Feature","properties":{"numer":"602537K","klasa":"droga dojazdowa","kat":"powiatowa"},"geometry":{"type":"LineString","coordinates":[[19.87539,50.06894],[19.87535,50.06887]]}},{"type":"Feature","properties":{"numer":"2262K","klasa":"droga zbiorcza","kat":"powiatowa"},"geometry":{"type":"LineString","coordinates":[[19.90323,50.0681],[19.90399,50.07005]]}},{"type":"Feature","properties":{"numer":"602537K","klasa":"droga dojazdowa","kat":"powiatowa"},"geometry":{"type":"LineString","coordinates":[[19.87588,50.06966],[19.87539,50.06894]]}},{"type":"Feature","properties":{"numer":"2201K","klasa":"droga zbiorcza","kat":"powiatowa"},"geometry":{"type":"LineString","coordinates":[[19.90399,50.07005],[19.90556,50.06982]]}},{"type":"Feature","properties":{"numer":"602537K","klasa":"droga dojazdowa","kat":"powiatowa"},"geometry":{"type":"LineString","coordinates":[[19.87654,50.07021],[19.8761,50.06993],[19.87588,50.06966]]}},{"type":"Feature","properties":{"numer":"602537K","klasa":"droga dojazdowa","kat":"powiatowa"},"geometry":{"type":"LineString","coordinates":[[19.87669,50.07038],[19.87654,50.07021]]}},{"type":"Feature","properties":{"numer":"2264K","klasa":"droga zbiorcza","kat":"powiatowa"},"geometry":{"type":"LineString","coordinates":[[19.91367,50.06794],[19.91452,50.07121],[19.91557,50.07299]]}},{"type":"Feature","properties":{"numer":"602537K","klasa":"droga dojazdowa","kat":"powiatowa"},"geometry":{"type":"LineString","coordinates":[[19.87709,50.0706],[19.87669,50.07038]]}},{"type":"Feature","properties":{"numer":"2201K","klasa":"droga zbiorcza","kat":"powiatowa"},"geometry":{"type":"LineString","coordinates":[[19.89529,50.07127],[19.90399,50.07005]]}},{"type":"Feature","properties":{"numer":"2262K","klasa":"droga zbiorcza","kat":"powiatowa"},"geometry":{"type":"LineString","coordinates":[[19.90399,50.07005],[19.90461,50.07134]]}},{"type":"Feature","properties":{"numer":"602537K","klasa":"droga dojazdowa","kat":"powiatowa"},"geometry":{"type":"LineString","coordinates":[[19.87763,50.07103],[19.87745,50.07071],[19.87709,50.0706]]}},{"type":"Feature","properties":{"numer":"602893K","klasa":"droga dojazdowa","kat":"powiatowa"},"geometry":{"type":"LineString","coordinates":[[19.87791,50.07177],[19.87763,50.07103]]}},{"type":"Feature","properties":{"numer":"602893K","klasa":"droga dojazdowa","kat":"powiatowa"},"geometry":{"type":"LineString","coordinates":[[19.87776,50.07213],[19.87791,50.07177]]}},{"type":"Feature","properties":{"numer":"602893K","klasa":"droga dojazdowa","kat":"powiatowa"},"geometry":{"type":"LineString","coordinates":[[19.87767,50.07348],[19.87776,50.07213]]}},{"type":"Feature","properties":{"numer":"2205K","klasa":"","kat":"powiatowa"},"geometry":{"type":"LineString","coordinates":[[19.92632,50.06923],[19.92647,50.06911]]}},{"type":"Feature","properties":{"numer":"2271K","klasa":"","kat":"powiatowa"},"geometry":{"type":"LineString","coordinates":[[19.94505,50.06956],[19.94511,50.06918]]}},{"type":"Feature","properties":{"numer":"2205K","klasa":"droga zbiorcza","kat":"powiatowa"},"geometry":{"type":"LineString","coordinates":[[19.92632,50.06923],[19.92566,50.06976],[19.92468,50.07026]]}},{"type":"Feature","properties":{"numer":"","klasa":"droga wewnÄ™trzna","kat":"gminna"},"geometry":{"type":"LineString","coordinates":[[19.94589,50.07037],[19.94598,50.06961],[19.94614,50.06922]]}},{"type":"Feature","properties":{"numer":"","klasa":"","kat":"gminna"},"geometry":{"type":"LineString","coordinates":[[19.9449,50.07045],[19.94505,50.06956]]}},{"type":"Feature","properties":{"numer":"2203K","klasa":"droga zbiorcza","kat":"powiatowa"},"geometry":{"type":"LineString","coordinates":[[19.92647,50.06911],[19.92738,50.07038],[19.9289,50.07126]]}},{"type":"Feature","properties":{"numer":"","klasa":"droga wewnÄ™trzna","kat":"gminna"},"geometry":{"type":"LineString","coordinates":[[19.94515,50.07047],[19.94569,50.07045],[19.94589,50.07037]]}},{"type":"Feature","properties":{"numer":"","klasa":"droga wewnÄ™trzna","kat":"gminna"},"geometry":{"type":"LineString","coordinates":[[19.9449,50.07045],[19.94515,50.07047]]}},{"type":"Feature","properties":{"numer":"2277K","klasa":"droga zbiorcza","kat":"powiatowa"},"geometry":{"type":"LineString","coordinates":[[19.94711,50.07294],[19.94908,50.07103],[19.94926,50.07072],[19.94947,50.06948],[19.94972,50.06905]]}},{"type":"Feature","properties":{"numer":"","klasa":"","kat":"gminna"},"geometry":{"type":"LineString","coordinates":[[19.9447,50.07198],[19.9449,50.07045]]}},{"type":"Feature","properties":{"numer":"2260K","klasa":"droga zbiorcza","kat":"powiatowa"},"geometry":{"type":"LineString","coordinates":[[19.83298,50.06826],[19.83374,50.06846],[19.83499,50.06893],[19.83584,50.06896],[19.83822,50.06873],[19.84069,50.06872],[19.8415,50.06857],[19.84466,50.06769],[19.84548,50.06767],[19.84618,50.06781]]}},{"type":"Feature","properties":{"numer":"2260K","klasa":"droga zbiorcza","kat":"powiatowa"},"geometry":{"type":"LineString","coordinates":[[19.86408,50.06856],[19.86216,50.06899],[19.86064,50.06922],[19.85779,50.0702],[19.85717,50.07026],[19.85603,50.06998],[19.85371,50.06842],[19.85142,50.06759],[19.85096,50.06749]]}},{"type":"Feature","properties":{"numer":"603098K","klasa":"droga lokalna","kat":"powiatowa"},"geometry":{"type":"LineString","coordinates":[[19.84658,50.06823],[19.84696,50.06966]]}},{"type":"Feature","properties":{"numer":"603098K","klasa":"droga lokalna","kat":"powiatowa"},"geometry":{"type":"LineString","coordinates":[[19.84696,50.06966],[19.84739,50.07095]]}},{"type":"Feature","properties":{"numer":"603098K","klasa":"droga lokalna","kat":"powiatowa"},"geometry":{"type":"LineString","coordinates":[[19.84739,50.07095],[19.84781,50.07205]]}},{"type":"Feature","properties":{"numer":"774","klasa":"droga gĹ‚Ăłwna","kat":"wojewodzka"},"geometry":{"type":"LineString","coordinates":[[19.80781,50.07217],[19.80906,50.07195],[19.81028,50.07219]]}},{"type":"Feature","properties":{"numer":"603098K","klasa":"droga lokalna","kat":"powiatowa"},"geometry":{"type":"LineString","coordinates":[[19.84781,50.07205],[19.8481,50.07279]]}},{"type":"Feature","properties":{"numer":"603098K","klasa":"droga lokalna","kat":"powiatowa"},"geometry":{"type":"LineString","coordinates":[[19.8481,50.07279],[19.84822,50.07311]]}},{"type":"Feature","properties":{"numer":"","klasa":"droga gĹ‚Ăłwna","kat":"gminna"},"geometry":{"type":"LineString","coordinates":[[19.80995,50.07381],[19.80997,50.07416],[19.81011,50.07436],[19.8105,50.07452],[19.81095,50.07448],[19.81134,50.07418],[19.81159,50.07327],[19.81154,50.07289],[19.81132,50.0726],[19.81089,50.07235],[19.81028,50.07219]]}},{"type":"Feature","properties":{"numer":"603098K","klasa":"droga lokalna","kat":"powiatowa"},"geometry":{"type":"LineString","coordinates":[[19.84822,50.07311],[19.84876,50.07454],[19.84894,50.07555]]}},{"type":"Feature","properties":{"numer":"2265K","klasa":"","kat":"powiatowa"},"geometry":{"type":"LineString","coordinates":[[19.92718,50.07136],[19.9289,50.07126]]}},{"type":"Feature","properties":{"numer":"2205K","klasa":"droga zbiorcza","kat":"powiatowa"},"geometry":{"type":"LineString","coordinates":[[19.92468,50.07026],[19.9219,50.07122],[19.91557,50.07299]]}},{"type":"Feature","properties":{"numer":"2203K","klasa":"droga zbiorcza","kat":"powiatowa"},"geometry":{"type":"LineString","coordinates":[[19.9289,50.07126],[19.93198,50.07284],[19.9329,50.0732],[19.93431,50.07355]]}},{"type":"Feature","properties":{"numer":"2272K","klasa":"droga zbiorcza","kat":"powiatowa"},"geometry":{"type":"LineString","coordinates":[[19.9447,50.07198],[19.94439,50.07334]]}},{"type":"Feature","properties":{"numer":"2265K","klasa":"","kat":"powiatowa"},"geometry":{"type":"LineString","coordinates":[[19.91647,50.07427],[19.91848,50.07367],[19.92182,50.07243],[19.92399,50.07176],[19.92531,50.07146],[19.92718,50.07136]]}},{"type":"Feature","properties":{"numer":"2203K","klasa":"droga zbiorcza","kat":"powiatowa"},"geometry":{"type":"LineString","coordinates":[[19.94299,50.0731],[19.94439,50.07334]]}},{"type":"Feature","properties":{"numer":"2203K","klasa":"droga zbiorcza","kat":"powiatowa"},"geometry":{"type":"LineString","coordinates":[[19.93808,50.07371],[19.94207,50.07315],[19.94299,50.0731]]}},{"type":"Feature","properties":{"numer":"2272K","klasa":"droga zbiorcza","kat":"powiatowa"},"geometry":{"type":"LineString","coordinates":[[19.94439,50.07334],[19.94414,50.07374],[19.94385,50.07383],[19.9436,50.07381],[19.9433,50.07364],[19.94299,50.0731]]}},{"type":"Feature","properties":{"numer":"2268K","klasa":"droga zbiorcza","kat":"powiatowa"},"geometry":{"type":"LineString","coordinates":[[19.93431,50.07355],[19.93456,50.07342]]}},{"type":"Feature","properties":{"numer":"2277K","klasa":"droga zbiorcza","kat":"powiatowa"},"geometry":{"type":"LineString","coordinates":[[19.946,50.07421],[19.94637,50.07369],[19.94711,50.07294]]}},{"type":"Feature","properties":{"numer":"603000K","klasa":"droga dojazdowa","kat":"powiatowa"},"geometry":{"type":"LineString","coordinates":[[19.96013,50.07195],[19.95902,50.07233]]}},{"type":"Feature","properties":{"numer":"2230K","klasa":"","kat":"powiatowa"},"geometry":{"type":"LineString","coordinates":[[19.95902,50.07233],[19.95887,50.07238]]}},{"type":"Feature","properties":{"numer":"602131K","klasa":"droga dojazdowa","kat":"powiatowa"},"geometry":{"type":"LineString","coordinates":[[19.96003,50.07281],[19.96013,50.07195]]}},{"type":"Feature","properties":{"numer":"2230K","klasa":"","kat":"powiatowa"},"geometry":{"type":"LineString","coordinates":[[19.95887,50.07238],[19.95873,50.07243]]}},{"type":"Feature","properties":{"numer":"603000K","klasa":"droga dojazdowa","kat":"powiatowa"},"geometry":{"type":"LineString","coordinates":[[19.95873,50.07243],[19.95722,50.07291]]}},{"type":"Feature","properties":{"numer":"2226K","klasa":"droga zbiorcza","kat":"powiatowa"},"geometry":{"type":"LineString","coordinates":[[19.96552,50.07297],[19.96521,50.07267]]}},{"type":"Feature","properties":{"numer":"2226K","klasa":"droga zbiorcza","kat":"powiatowa"},"geometry":{"type":"LineString","coordinates":[[19.96552,50.07297],[19.96566,50.07312]]}},{"type":"Feature","properties":{"numer":"603000K","klasa":"droga dojazdowa","kat":"powiatowa"},"geometry":{"type":"LineString","coordinates":[[19.95722,50.07291],[19.95627,50.0732]]}},{"type":"Feature","properties":{"numer":"2230K","klasa":"droga zbiorcza","kat":"powiatowa"},"geometry":{"type":"LineString","coordinates":[[19.95887,50.07238],[19.95873,50.07398]]}},{"type":"Feature","properties":{"numer":"602131K","klasa":"droga dojazdowa","kat":"powiatowa"},"geometry":{"type":"LineString","coordinates":[[19.9599,50.07375],[19.96003,50.07281]]}},{"type":"Feature","properties":{"numer":"2201K","klasa":"droga zbiorcza","kat":"powiatowa"},"geometry":{"type":"LineString","coordinates":[[19.88853,50.07579],[19.88797,50.07341],[19.88811,50.07285],[19.88852,50.07241],[19.88901,50.07216],[19.88964,50.07199],[19.89529,50.07127]]}},{"type":"Feature","properties":{"numer":"2262K","klasa":"droga zbiorcza","kat":"powiatowa"},"geometry":{"type":"LineString","coordinates":[[19.90461,50.07134],[19.90621,50.07576]]}},{"type":"Feature","properties":{"numer":"2205K","klasa":"droga zbiorcza","kat":"powiatowa"},"geometry":{"type":"LineString","coordinates":[[19.91557,50.07299],[19.91036,50.0742]]}},{"type":"Feature","properties":{"numer":"2264K","klasa":"droga zbiorcza","kat":"powiatowa"},"geometry":{"type":"LineString","coordinates":[[19.91557,50.07299],[19.91647,50.07427]]}},{"type":"Feature","properties":{"numer":"602893K","klasa":"droga dojazdowa","kat":"powiatowa"},"geometry":{"type":"LineString","coordinates":[[19.87788,50.07493],[19.87754,50.07453],[19.87767,50.07348]]}},{"type":"Feature","properties":{"numer":"2265K","klasa":"","kat":"powiatowa"},"geometry":{"type":"LineString","coordinates":[[19.91036,50.0742],[19.91083,50.07508],[19.91647,50.07427]]}},{"type":"Feature","properties":{"numer":"2205K","klasa":"droga zbiorcza","kat":"powiatowa"},"geometry":{"type":"LineString","coordinates":[[19.90621,50.07576],[19.9077,50.07473],[19.91036,50.0742]]}},{"type":"Feature","properties":{"numer":"602893K","klasa":"droga dojazdowa","kat":"powiatowa"},"geometry":{"type":"LineString","coordinates":[[19.87788,50.07493],[19.87903,50.0757]]}},{"type":"Feature","properties":{"numer":"602893K","klasa":"droga dojazdowa","kat":"powiatowa"},"geometry":{"type":"LineString","coordinates":[[19.87918,50.07577],[19.87903,50.0757]]}},{"type":"Feature","properties":{"numer":"603649K","klasa":"","kat":"powiatowa"},"geometry":{"type":"LineString","coordinates":[[19.88878,50.07575],[19.88853,50.07579]]}},{"type":"Feature","properties":{"numer":"2268K","klasa":"droga zbiorcza","kat":"powiatowa"},"geometry":{"type":"LineString","coordinates":[[19.93578,50.07351],[19.93577,50.07368]]}},{"type":"Feature","properties":{"numer":"2267K","klasa":"droga zbiorcza","kat":"powiatowa"},"geometry":{"type":"LineString","coordinates":[[19.93416,50.07365],[19.93431,50.07355]]}},{"type":"Feature","properties":{"numer":"2203K","klasa":"droga zbiorcza","kat":"powiatowa"},"geometry":{"type":"LineString","coordinates":[[19.93431,50.07355],[19.93577,50.07368]]}},{"type":"Feature","properties":{"numer":"2203K","klasa":"droga zbiorcza","kat":"powiatowa"},"geometry":{"type":"LineString","coordinates":[[19.93577,50.07368],[19.93693,50.07379],[19.93808,50.07371]]}},{"type":"Feature","properties":{"numer":"2268K","klasa":"droga zbiorcza","kat":"powiatowa"},"geometry":{"type":"LineString","coordinates":[[19.93577,50.07368],[19.93575,50.07382]]}},{"type":"Feature","properties":{"numer":"2203K","klasa":"droga zbiorcza","kat":"powiatowa"},"geometry":{"type":"LineString","coordinates":[[19.94439,50.07334],[19.94541,50.07378],[19.946,50.07421]]}},{"type":"Feature","properties":{"numer":"2273K","klasa":"droga zbiorcza","kat":"powiatowa"},"geometry":{"type":"LineString","coordinates":[[19.93575,50.07382],[19.93573,50.07473]]}},{"type":"Feature","properties":{"numer":"2203K","klasa":"droga zbiorcza","kat":"powiatowa"},"geometry":{"type":"LineString","coordinates":[[19.946,50.07421],[19.94641,50.07468],[19.94714,50.07581]]}},{"type":"Feature","properties":{"numer":"2266K","klasa":"","kat":"powiatowa"},"geometry":{"type":"LineString","coordinates":[[19.93573,50.07473],[19.93208,50.07537]]}},{"type":"Feature","properties":{"numer":"2277K","klasa":"droga zbiorcza","kat":"powiatowa"},"geometry":{"type":"LineString","coordinates":[[19.94714,50.07581],[19.94703,50.07596],[19.9468,50.07603],[19.94594,50.07602],[19.94554,50.07594],[19.94579,50.07462],[19.946,50.07421]]}},{"type":"Feature","properties":{"numer":"603649K","klasa":"droga lokalna","kat":"powiatowa"},"geometry":{"type":"LineString","coordinates":[[19.88833,50.07583],[19.88853,50.07579]]}},{"type":"Feature","properties":{"numer":"603649K","klasa":"droga lokalna","kat":"powiatowa"},"geometry":{"type":"LineString","coordinates":[[19.8874,50.07599],[19.88833,50.07583]]}},{"type":"Feature","properties":{"numer":"603649K","klasa":"droga lokalna","kat":"powiatowa"},"geometry":{"type":"LineString","coordinates":[[19.8874,50.07599],[19.88647,50.07604]]}},{"type":"Feature","properties":{"numer":"603649K","klasa":"droga lokalna","kat":"powiatowa"},"geometry":{"type":"LineString","coordinates":[[19.8859,50.07608],[19.88647,50.07604]]}},{"type":"Feature","properties":{"numer":"603649K","klasa":"droga lokalna","kat":"powiatowa"},"geometry":{"type":"LineString","coordinates":[[19.8859,50.07608],[19.88435,50.07616]]}},{"type":"Feature","properties":{"numer":"603649K","klasa":"droga lokalna","kat":"powiatowa"},"geometry":{"type":"LineString","coordinates":[[19.88435,50.07616],[19.88326,50.07622]]}},{"type":"Feature","properties":{"numer":"603649K","klasa":"droga lokalna","kat":"powiatowa"},"geometry":{"type":"LineString","coordinates":[[19.88326,50.07622],[19.88251,50.07629],[19.88207,50.07644]]}},{"type":"Feature","properties":{"numer":"602893K","klasa":"droga dojazdowa","kat":"powiatowa"},"geometry":{"type":"LineString","coordinates":[[19.88033,50.07749],[19.87991,50.07672],[19.87918,50.07577]]}},{"type":"Feature","properties":{"numer":"2205K","klasa":"droga zbiorcza","kat":"powiatowa"},"geometry":{"type":"LineString","coordinates":[[19.90132,50.07763],[19.90621,50.07576]]}},{"type":"Feature","properties":{"numer":"603649K","klasa":"droga lokalna","kat":"powiatowa"},"geometry":{"type":"LineString","coordinates":[[19.88207,50.07644],[19.88063,50.0772],[19.88033,50.07749]]}},{"type":"Feature","properties":{"numer":"602780K","klasa":"droga lokalna","kat":"powiatowa"},"geometry":{"type":"LineString","coordinates":[[19.93088,50.07579],[19.93061,50.0763]]}},{"type":"Feature","properties":{"numer":"602780K","klasa":"droga lokalna","kat":"powiatowa"},"geometry":{"type":"LineString","coordinates":[[19.93061,50.0763],[19.93033,50.07679]]}},{"type":"Feature","properties":{"numer":"2273K","klasa":"droga zbiorcza","kat":"powiatowa"},"geometry":{"type":"LineString","coordinates":[[19.93573,50.07473],[19.93656,50.07634],[19.93681,50.07762],[19.93858,50.07929]]}},{"type":"Feature","properties":{"numer":"602780K","klasa":"droga lokalna","kat":"powiatowa"},"geometry":{"type":"LineString","coordinates":[[19.93033,50.07679],[19.9297,50.07754]]}},{"type":"Feature","properties":{"numer":"2203K","klasa":"droga zbiorcza","kat":"powiatowa"},"geometry":{"type":"LineString","coordinates":[[19.94714,50.07581],[19.94919,50.07856]]}},{"type":"Feature","properties":{"numer":"2264K","klasa":"droga zbiorcza","kat":"powiatowa"},"geometry":{"type":"LineString","coordinates":[[19.91647,50.07427],[19.91688,50.07501],[19.91801,50.0785],[19.91883,50.0803]]}},{"type":"Feature","properties":{"numer":"602780K","klasa":"droga lokalna","kat":"powiatowa"},"geometry":{"type":"LineString","coordinates":[[19.9297,50.07754],[19.92917,50.07806]]}},{"type":"Feature","properties":{"numer":"2266K","klasa":"","kat":"powiatowa"},"geometry":{"type":"LineString","coordinates":[[19.93208,50.07537],[19.92967,50.0758],[19.91883,50.0803]]}},{"type":"Feature","properties":{"numer":"602780K","klasa":"droga lokalna","kat":"powiatowa"},"geometry":{"type":"LineString","coordinates":[[19.92917,50.07806],[19.92886,50.07836]]}},{"type":"Feature","properties":{"numer":"602780K","klasa":"droga lokalna","kat":"powiatowa"},"geometry":{"type":"LineString","coordinates":[[19.92886,50.07836],[19.92822,50.07901]]}},{"type":"Feature","properties":{"numer":"602893K","klasa":"droga dojazdowa","kat":"powiatowa"},"geometry":{"type":"LineString","coordinates":[[19.88033,50.07749],[19.88015,50.07826]]}},{"type":"Feature","properties":{"numer":"603225K","klasa":"droga lokalna","kat":"powiatowa"},"geometry":{"type":"LineString","coordinates":[[19.90212,50.07855],[19.90132,50.07763]]}},{"type":"Feature","properties":{"numer":"602893K","klasa":"droga dojazdowa","kat":"powiatowa"},"geometry":{"type":"LineString","coordinates":[[19.8801,50.07842],[19.88006,50.07856]]}},{"type":"Feature","properties":{"numer":"2201K","klasa":"droga gĹ‚Ăłwna ruchu przyĹ›pieszonego","kat":"powiatowa"},"geometry":{"type":"LineString","coordinates":[[19.88853,50.07579],[19.89063,50.08125]]}},{"type":"Feature","properties":{"numer":"603225K","klasa":"droga lokalna","kat":"powiatowa"},"geometry":{"type":"LineString","coordinates":[[19.90215,50.07859],[19.90212,50.07855]]}},{"type":"Feature","properties":{"numer":"602893K","klasa":"droga dojazdowa","kat":"powiatowa"},"geometry":{"type":"LineString","coordinates":[[19.88006,50.07856],[19.87999,50.07882]]}},{"type":"Feature","properties":{"numer":"2263K","klasa":"droga zbiorcza","kat":"powiatowa"},"geometry":{"type":"LineString","coordinates":[[19.91535,50.08166],[19.91515,50.08099],[19.91495,50.08088],[19.91106,50.08148],[19.90904,50.08157],[19.90621,50.07576]]}},{"type":"Feature","properties":{"numer":"603225K","klasa":"droga lokalna","kat":"powiatowa"},"geometry":{"type":"LineString","coordinates":[[19.90215,50.07859],[19.90265,50.07922]]}},{"type":"Feature","properties":{"numer":"602893K","klasa":"droga dojazdowa","kat":"powiatowa"},"geometry":{"type":"LineString","coordinates":[[19.87999,50.07882],[19.88016,50.07952]]}},{"type":"Feature","properties":{"numer":"2205K","klasa":"droga zbiorcza","kat":"powiatowa"},"geometry":{"type":"LineString","coordinates":[[19.8924,50.08089],[19.89335,50.08063],[19.90132,50.07763]]}},{"type":"Feature","properties":{"numer":"2275K","klasa":"droga gĹ‚Ăłwna","kat":"powiatowa"},"geometry":{"type":"LineString","coordinates":[[20.0043,50.06706],[20.00434,50.06818],[20.00473,50.07067],[20.00473,50.07214],[20.00449,50.07302],[20.00359,50.07423]]}},{"type":"Feature","properties":{"numer":"776","klasa":"droga gĹ‚Ăłwna","kat":"wojewodzka"},"geometry":{"type":"LineString","coordinates":[[20.01745,50.07344],[20.01625,50.0712],[20.01572,50.07064],[20.01482,50.07013],[20.01213,50.0692]]}},{"type":"Feature","properties":{"numer":"602767K","klasa":"droga dojazdowa","kat":"powiatowa"},"geometry":{"type":"LineString","coordinates":[[19.98016,50.07183],[19.98106,50.07144],[19.98128,50.07146]]}},{"type":"Feature","properties":{"numer":"2227K","klasa":"droga zbiorcza","kat":"powiatowa"},"geometry":{"type":"LineString","coordinates":[[19.98328,50.07137],[19.98198,50.07205]]}},{"type":"Feature","properties":{"numer":"602767K","klasa":"droga dojazdowa","kat":"powiatowa"},"geometry":{"type":"LineString","coordinates":[[19.98128,50.07146],[19.98191,50.07199]]}},{"type":"Feature","properties":{"numer":"602767K","klasa":"droga dojazdowa","kat":"powiatowa"},"geometry":{"type":"LineString","coordinates":[[19.98198,50.07205],[19.98191,50.07199]]}},{"type":"Feature","properties":{"numer":"602987K","klasa":"droga dojazdowa","kat":"powiatowa"},"geometry":{"type":"LineString","coordinates":[[19.97987,50.07245],[19.97983,50.07197],[19.98016,50.07183]]}},{"type":"Feature","properties":{"numer":"2225K","klasa":"droga zbiorcza","kat":"powiatowa"},"geometry":{"type":"LineString","coordinates":[[19.98328,50.07137],[19.98496,50.07265],[19.98602,50.07313]]}},{"type":"Feature","properties":{"numer":"2227K","klasa":"droga zbiorcza","kat":"powiatowa"},"geometry":{"type":"LineString","coordinates":[[19.98198,50.07205],[19.98106,50.07263]]}},{"type":"Feature","properties":{"numer":"603440K","klasa":"droga dojazdowa","kat":"powiatowa"},"geometry":{"type":"LineString","coordinates":[[19.98044,50.07244],[19.97987,50.07245]]}},{"type":"Feature","properties":{"numer":"603440K","klasa":"","kat":"powiatowa"},"geometry":{"type":"LineString","coordinates":[[19.98044,50.07244],[19.98095,50.07258]]}},{"type":"Feature","properties":{"numer":"2227K","klasa":"droga zbiorcza","kat":"powiatowa"},"geometry":{"type":"LineString","coordinates":[[19.98095,50.07258],[19.98106,50.07263]]}},{"type":"Feature","properties":{"numer":"2227K","klasa":"droga zbiorcza","kat":"powiatowa"},"geometry":{"type":"LineString","coordinates":[[19.98106,50.07263],[19.98116,50.07269]]}},{"type":"Feature","properties":{"numer":"2225K","klasa":"droga zbiorcza","kat":"powiatowa"},"geometry":{"type":"LineString","coordinates":[[19.98597,50.07321],[19.98602,50.07313]]}},{"type":"Feature","properties":{"numer":"2225K","klasa":"droga zbiorcza","kat":"powiatowa"},"geometry":{"type":"LineString","coordinates":[[19.98602,50.07313],[19.98687,50.07332],[19.98982,50.07349]]}},{"type":"Feature","properties":{"numer":"2225K","klasa":"droga zbiorcza","kat":"powiatowa"},"geometry":{"type":"LineString","coordinates":[[19.98982,50.07349],[19.98979,50.0736]]}},{"type":"Feature","properties":{"numer":"2225K","klasa":"droga zbiorcza","kat":"powiatowa"},"geometry":{"type":"LineString","coordinates":[[19.98982,50.07349],[19.99524,50.07378]]}},{"type":"Feature","properties":{"numer":"2225K","klasa":"droga zbiorcza","kat":"powiatowa"},"geometry":{"type":"LineString","coordinates":[[20.01245,50.07391],[20.01694,50.07343],[20.01745,50.07344]]}},{"type":"Feature","properties":{"numer":"2225K","klasa":"droga zbiorcza","kat":"powiatowa"},"geometry":{"type":"LineString","coordinates":[[19.99525,50.07388],[19.99524,50.07378]]}},{"type":"Feature","properties":{"numer":"2227K","klasa":"droga zbiorcza","kat":"powiatowa"},"geometry":{"type":"LineString","coordinates":[[19.98106,50.07263],[19.98052,50.07326],[19.97955,50.07533]]}},{"type":"Feature","properties":{"numer":"2225K","klasa":"droga zbiorcza","kat":"powiatowa"},"geometry":{"type":"LineString","coordinates":[[19.99524,50.07378],[20.00359,50.07423]]}},{"type":"Feature","properties":{"numer":"2225K","klasa":"droga zbiorcza","kat":"powiatowa"},"geometry":{"type":"LineString","coordinates":[[20.00359,50.07423],[20.00718,50.07439],[20.01245,50.07391]]}},{"type":"Feature","properties":{"numer":"776","klasa":"droga gĹ‚Ăłwna","kat":"wojewodzka"},"geometry":{"type":"LineString","coordinates":[[20.01923,50.07499],[20.01807,50.07432],[20.01759,50.0738],[20.01745,50.07344]]}},{"type":"Feature","properties":{"numer":"2214K","klasa":"droga zbiorcza","kat":"powiatowa"},"geometry":{"type":"LineString","coordinates":[[20.01334,50.07573],[20.01261,50.07441],[20.01245,50.07391]]}},{"type":"Feature","properties":{"numer":"2226K","klasa":"droga zbiorcza","kat":"powiatowa"},"geometry":{"type":"LineString","coordinates":[[19.98597,50.07321],[19.98563,50.07373],[19.98583,50.07469],[19.98572,50.07532],[19.98541,50.07584],[19.98436,50.07683]]}},{"type":"Feature","properties":{"numer":"2227K","klasa":"droga zbiorcza","kat":"powiatowa"},"geometry":{"type":"LineString","coordinates":[[19.9797,50.07536],[19.97955,50.07533]]}},{"type":"Feature","properties":{"numer":"2215K","klasa":"droga gĹ‚Ăłwna ruchu przyĹ›pieszonego","kat":"powiatowa"},"geometry":{"type":"LineString","coordinates":[[20.00359,50.07423],[20.00187,50.07648]]}},{"type":"Feature","properties":{"numer":"2216K","klasa":"droga zbiorcza","kat":"powiatowa"},"geometry":{"type":"LineString","coordinates":[[20.01334,50.07573],[20.01855,50.07526],[20.01901,50.07514],[20.01923,50.07499]]}},{"type":"Feature","properties":{"numer":"603492K","klasa":"droga dojazdowa","kat":"powiatowa"},"geometry":{"type":"LineString","coordinates":[[19.9797,50.07536],[19.98006,50.07546]]}},{"type":"Feature","properties":{"numer":"603492K","klasa":"droga dojazdowa","kat":"powiatowa"},"geometry":{"type":"LineString","coordinates":[[19.98006,50.07546],[19.98077,50.0757]]}},{"type":"Feature","properties":{"numer":"79","klasa":"droga gĹ‚Ăłwna ruchu przyĹ›pieszonego","kat":"krajowa"},"geometry":{"type":"LineString","coordinates":[[20.08164,50.06436],[20.08475,50.06449],[20.08569,50.06471],[20.08617,50.06491],[20.08945,50.06657],[20.09004,50.06704],[20.09174,50.06876],[20.09228,50.06908],[20.09326,50.06944],[20.09444,50.06966],[20.09833,50.06989],[20.09973,50.07017],[20.10046,50.0704]]}},{"type":"Feature","properties":{"numer":"602358K","klasa":"droga lokalna","kat":"powiatowa"},"geometry":{"type":"LineString","coordinates":[[20.10076,50.07002],[20.10221,50.06694]]}},{"type":"Feature","properties":{"numer":"602926K","klasa":"droga lokalna","kat":"powiatowa"},"geometry":{"type":"LineString","coordinates":[[20.10046,50.07033],[20.10056,50.0701],[20.10076,50.07002]]}},{"type":"Feature","properties":{"numer":"602926K","klasa":"droga lokalna","kat":"powiatowa"},"geometry":{"type":"LineString","coordinates":[[20.10046,50.0704],[20.10046,50.07033]]}},{"type":"Feature","properties":{"numer":"79","klasa":"droga gĹ‚Ăłwna ruchu przyĹ›pieszonego","kat":"krajowa"},"geometry":{"type":"LineString","coordinates":[[20.10046,50.0704],[20.10468,50.07181],[20.10647,50.07221],[20.10917,50.07235],[20.1146,50.07235],[20.1169,50.07243],[20.13274,50.07429]]}},{"type":"Feature","properties":{"numer":"79","klasa":"droga gĹ‚Ăłwna ruchu przyĹ›pieszonego","kat":"krajowa"},"geometry":{"type":"LineString","coordinates":[[20.13274,50.07429],[20.13316,50.07434]]}},{"type":"Feature","properties":{"numer":"602170K","klasa":"droga lokalna","kat":"powiatowa"},"geometry":{"type":"LineString","coordinates":[[20.074,50.08568],[20.0744,50.08534]]}},{"type":"Feature","properties":{"numer":"602170K","klasa":"droga lokalna","kat":"powiatowa"},"geometry":{"type":"LineString","coordinates":[[20.07391,50.08576],[20.074,50.08568]]}},{"type":"Feature","properties":{"numer":"602885K","klasa":"droga lokalna","kat":"powiatowa"},"geometry":{"type":"LineString","coordinates":[[20.0774,50.08662],[20.07506,50.08551],[20.0744,50.08534]]}},{"type":"Feature","properties":{"numer":"602170K","klasa":"droga lokalna","kat":"powiatowa"},"geometry":{"type":"LineString","coordinates":[[20.0737,50.08746],[20.07359,50.08613],[20.07391,50.08576]]}},{"type":"Feature","properties":{"numer":"2218K","klasa":"","kat":"powiatowa"},"geometry":{"type":"LineString","coordinates":[[20.03247,50.07571],[20.04168,50.07447],[20.04196,50.07433],[20.04249,50.07355]]}},{"type":"Feature","properties":{"numer":"2223K","klasa":"droga zbiorcza","kat":"powiatowa"},"geometry":{"type":"LineString","coordinates":[[20.0469,50.07472],[20.05231,50.07615]]}},{"type":"Feature","properties":{"numer":"S7","klasa":"droga gĹ‚Ăłwna ruchu przyĹ›pieszonego","kat":"krajowa"},"geometry":{"type":"LineString","coordinates":[[20.06433,50.0722],[20.06386,50.07256],[20.06263,50.07392],[20.06209,50.07499],[20.06191,50.07566],[20.06187,50.07646],[20.06222,50.07878]]}},{"type":"Feature","properties":{"numer":"2088K","klasa":"droga zbiorcza","kat":"powiatowa"},"geometry":{"type":"LineString","coordinates":[[20.06266,50.07889],[20.06282,50.07418],[20.06308,50.07357],[20.06433,50.0722]]}},{"type":"Feature","properties":{"numer":"602226K","klasa":"droga zbiorcza","kat":"powiatowa"},"geometry":{"type":"LineString","coordinates":[[20.05149,50.07743],[20.05224,50.07626]]}},{"type":"Feature","properties":{"numer":"2217K","klasa":"","kat":"powiatowa"},"geometry":{"type":"LineString","coordinates":[[20.0469,50.07472],[20.04459,50.07823],[20.03608,50.07939]]}},{"type":"Feature","properties":{"numer":"2223K","klasa":"droga zbiorcza","kat":"powiatowa"},"geometry":{"type":"LineString","coordinates":[[20.05231,50.07615],[20.06222,50.07878]]}},{"type":"Feature","properties":{"numer":"79","klasa":"droga zbiorcza","kat":"krajowa"},"geometry":{"type":"LineString","coordinates":[[20.03247,50.07571],[20.02735,50.07963]]}},{"type":"Feature","properties":{"numer":"2223K","klasa":"droga zbiorcza","kat":"powiatowa"},"geometry":{"type":"LineString","coordinates":[[20.06222,50.07878],[20.06266,50.07889]]}},{"type":"Feature","properties":{"numer":"602226K","klasa":"droga zbiorcza","kat":"powiatowa"},"geometry":{"type":"LineString","coordinates":[[20.04845,50.08057],[20.04962,50.08005],[20.04997,50.07978],[20.05149,50.07743]]}},{"type":"Feature","properties":{"numer":"2228K","klasa":"","kat":"powiatowa"},"geometry":{"type":"LineString","coordinates":[[19.95722,50.07442],[19.95627,50.0732]]}},{"type":"Feature","properties":{"numer":"602190K","klasa":"droga dojazdowa","kat":"powiatowa"},"geometry":{"type":"LineString","coordinates":[[19.9599,50.0747],[19.95873,50.07398]]}},{"type":"Feature","properties":{"numer":"602336K","klasa":"droga dojazdowa","kat":"powiatowa"},"geometry":{"type":"LineString","coordinates":[[19.95935,50.07521],[19.9599,50.0747]]}},{"type":"Feature","properties":{"numer":"2228K","klasa":"","kat":"powiatowa"},"geometry":{"type":"LineString","coordinates":[[19.95812,50.07575],[19.95722,50.07442]]}},{"type":"Feature","properties":{"numer":"602336K","klasa":"droga dojazdowa","kat":"powiatowa"},"geometry":{"type":"LineString","coordinates":[[19.9585,50.07597],[19.95935,50.07521]]}},{"type":"Feature","properties":{"numer":"603182K","klasa":"droga lokalna","kat":"powiatowa"},"geometry":{"type":"LineString","coordinates":[[19.95812,50.07575],[19.9585,50.07597]]}},{"type":"Feature","properties":{"numer":"2226K","klasa":"droga zbiorcza","kat":"powiatowa"},"geometry":{"type":"LineString","coordinates":[[19.96566,50.07312],[19.96832,50.07602],[19.97116,50.07863]]}},{"type":"Feature","properties":{"numer":"2228K","klasa":"","kat":"powiatowa"},"geometry":{"type":"LineString","coordinates":[[19.94919,50.07856],[19.95812,50.07575]]}},{"type":"Feature","properties":{"numer":"2227K","klasa":"droga zbiorcza","kat":"powiatowa"},"geometry":{"type":"LineString","coordinates":[[19.97955,50.07533],[19.97885,50.07675],[19.97812,50.0776],[19.97618,50.079],[19.97376,50.08056]]}},{"type":"Feature","properties":{"numer":"603546K","klasa":"droga lokalna","kat":"powiatowa"},"geometry":{"type":"LineString","coordinates":[[19.97051,50.07897],[19.97116,50.07863]]}},{"type":"Feature","properties":{"numer":"603492K","klasa":"droga dojazdowa","kat":"powiatowa"},"geometry":{"type":"LineString","coordinates":[[19.98077,50.0757],[19.98133,50.07588]]}},{"type":"Feature","properties":{"numer":"603492K","klasa":"droga dojazdowa","kat":"powiatowa"},"geometry":{"type":"LineString","coordinates":[[19.98133,50.07588],[19.98197,50.07609]]}},{"type":"Feature","properties":{"numer":"2216K","klasa":"droga zbiorcza","kat":"powiatowa"},"geometry":{"type":"LineString","coordinates":[[20.00187,50.07648],[20.01131,50.07593],[20.01334,50.07573]]}},{"type":"Feature","properties":{"numer":"603492K","klasa":"droga dojazdowa","kat":"powiatowa"},"geometry":{"type":"LineString","coordinates":[[19.98197,50.07609],[19.98275,50.07633]]}},{"type":"Feature","properties":{"numer":"603492K","klasa":"droga dojazdowa","kat":"powiatowa"},"geometry":{"type":"LineString","coordinates":[[19.98275,50.07633],[19.98436,50.07683]]}},{"type":"Feature","properties":{"numer":"776","klasa":"droga gĹ‚Ăłwna","kat":"wojewodzka"},"geometry":{"type":"LineString","coordinates":[[20.02735,50.07963],[20.02679,50.07932],[20.02609,50.07869],[20.01923,50.07499]]}},{"type":"Feature","properties":{"numer":"2214K","klasa":"droga zbiorcza","kat":"powiatowa"},"geometry":{"type":"LineString","coordinates":[[20.01545,50.08122],[20.01539,50.0796],[20.01334,50.07573]]}},{"type":"Feature","properties":{"numer":"2215K","klasa":"droga gĹ‚Ăłwna ruchu przyĹ›pieszonego","kat":"powiatowa"},"geometry":{"type":"LineString","coordinates":[[20.00187,50.07648],[19.99909,50.08006],[19.99876,50.08064],[19.99855,50.08138]]}},{"type":"Feature","properties":{"numer":"2226K","klasa":"droga zbiorcza","kat":"powiatowa"},"geometry":{"type":"LineString","coordinates":[[19.98436,50.07683],[19.98345,50.07801],[19.98193,50.07957],[19.97997,50.08089],[19.97858,50.08159]]}},{"type":"Feature","properties":{"numer":"","klasa":"droga zbiorcza","kat":"powiatowa"},"geometry":{"type":"LineString","coordinates":[[20.01545,50.08122],[20.01559,50.08118]]}},{"type":"Feature","properties":{"numer":"603546K","klasa":"droga lokalna","kat":"powiatowa"},"geometry":{"type":"LineString","coordinates":[[19.97028,50.07902],[19.97051,50.07897]]}},{"type":"Feature","properties":{"numer":"603546K","klasa":"droga lokalna","kat":"powiatowa"},"geometry":{"type":"LineString","coordinates":[[19.9701,50.07904],[19.97028,50.07902]]}},{"type":"Feature","properties":{"numer":"603546K","klasa":"droga lokalna","kat":"powiatowa"},"geometry":{"type":"LineString","coordinates":[[19.96989,50.07906],[19.9701,50.07904]]}},{"type":"Feature","properties":{"numer":"603546K","klasa":"droga lokalna","kat":"powiatowa"},"geometry":{"type":"LineString","coordinates":[[19.96911,50.07945],[19.96989,50.07906]]}},{"type":"Feature","properties":{"numer":"2226K","klasa":"droga zbiorcza","kat":"powiatowa"},"geometry":{"type":"LineString","coordinates":[[19.97116,50.07863],[19.97262,50.07992]]}},{"type":"Feature","properties":{"numer":"603352K","klasa":"droga lokalna","kat":"powiatowa"},"geometry":{"type":"LineString","coordinates":[[19.96911,50.07945],[19.96899,50.08036]]}},{"type":"Feature","properties":{"numer":"2226K","klasa":"droga zbiorcza","kat":"powiatowa"},"geometry":{"type":"LineString","coordinates":[[19.97335,50.08055],[19.97262,50.07992]]}},{"type":"Feature","properties":{"numer":"2226K","klasa":"droga zbiorcza","kat":"powiatowa"},"geometry":{"type":"LineString","coordinates":[[19.97356,50.0807],[19.97335,50.08055]]}},{"type":"Feature","properties":{"numer":"2227K","klasa":"droga zbiorcza","kat":"powiatowa"},"geometry":{"type":"LineString","coordinates":[[19.97376,50.08056],[19.97356,50.0807]]}},{"type":"Feature","properties":{"numer":"2226K","klasa":"droga zbiorcza","kat":"powiatowa"},"geometry":{"type":"LineString","coordinates":[[19.97376,50.08086],[19.97356,50.0807]]}},{"type":"Feature","properties":{"numer":"2223K","klasa":"droga zbiorcza","kat":"powiatowa"},"geometry":{"type":"LineString","coordinates":[[20.06266,50.07889],[20.06382,50.0791],[20.06607,50.07919]]}},{"type":"Feature","properties":{"numer":"2221K","klasa":"droga zbiorcza","kat":"powiatowa"},"geometry":{"type":"LineString","coordinates":[[20.06607,50.07919],[20.06597,50.08018]]}},{"type":"Feature","properties":{"numer":"2217K","klasa":"droga zbiorcza","kat":"powiatowa"},"geometry":{"type":"LineString","coordinates":[[20.03608,50.07939],[20.03247,50.08213]]}},{"type":"Feature","properties":{"numer":"602226K","klasa":"droga zbiorcza","kat":"powiatowa"},"geometry":{"type":"LineString","coordinates":[[20.04751,50.08097],[20.04845,50.08057]]}},{"type":"Feature","properties":{"numer":"2221K","klasa":"droga zbiorcza","kat":"powiatowa"},"geometry":{"type":"LineString","coordinates":[[20.06597,50.08138],[20.06597,50.08018]]}},{"type":"Feature","properties":{"numer":"776","klasa":"droga gĹ‚Ăłwna","kat":"wojewodzka"},"geometry":{"type":"LineString","coordinates":[[20.03247,50.08213],[20.02909,50.08031],[20.0279,50.07992],[20.02735,50.07963]]}},{"type":"Feature","properties":{"numer":"602226K","klasa":"droga zbiorcza","kat":"powiatowa"},"geometry":{"type":"LineString","coordinates":[[20.0466,50.08137],[20.04751,50.08097]]}},{"type":"Feature","properties":{"numer":"602226K","klasa":"droga zbiorcza","kat":"powiatowa"},"geometry":{"type":"LineString","coordinates":[[20.04462,50.08222],[20.0466,50.08137]]}},{"type":"Feature","properties":{"numer":"2221K","klasa":"droga zbiorcza","kat":"powiatowa"},"geometry":{"type":"LineString","coordinates":[[20.06582,50.08225],[20.06597,50.08138]]}},{"type":"Feature","properties":{"numer":"602226K","klasa":"droga zbiorcza","kat":"powiatowa"},"geometry":{"type":"LineString","coordinates":[[20.04394,50.08252],[20.04462,50.08222]]}},{"type":"Feature","properties":{"numer":"2203K","klasa":"droga zbiorcza","kat":"powiatowa"},"geometry":{"type":"LineString","coordinates":[[19.94919,50.07856],[19.95237,50.08304]]}},{"type":"Feature","properties":{"numer":"603352K","klasa":"droga lokalna","kat":"powiatowa"},"geometry":{"type":"LineString","coordinates":[[19.96899,50.08036],[19.96888,50.08103],[19.96863,50.0814]]}},{"type":"Feature","properties":{"numer":"2226K","klasa":"droga zbiorcza","kat":"powiatowa"},"geometry":{"type":"LineString","coordinates":[[19.97376,50.08086],[19.97422,50.08121]]}},{"type":"Feature","properties":{"numer":"603246K","klasa":"droga dojazdowa","kat":"powiatowa"},"geometry":{"type":"LineString","coordinates":[[19.97422,50.08121],[19.97414,50.08139]]}},{"type":"Feature","properties":{"numer":"2226K","klasa":"droga zbiorcza","kat":"powiatowa"},"geometry":{"type":"LineString","coordinates":[[19.97858,50.08159],[19.97824,50.08167],[19.97621,50.0814],[19.9749,50.08134],[19.97422,50.08121]]}},{"type":"Feature","properties":{"numer":"602187K","klasa":"droga dojazdowa","kat":"powiatowa"},"geometry":{"type":"LineString","coordinates":[[19.96906,50.08161],[19.96863,50.0814]]}},{"type":"Feature","properties":{"numer":"602187K","klasa":"droga dojazdowa","kat":"powiatowa"},"geometry":{"type":"LineString","coordinates":[[19.96995,50.0817],[19.9697,50.0816],[19.96906,50.08161]]}},{"type":"Feature","properties":{"numer":"2227K","klasa":"droga zbiorcza","kat":"powiatowa"},"geometry":{"type":"LineString","coordinates":[[19.97356,50.0807],[19.97125,50.0828]]}},{"type":"Feature","properties":{"numer":"602187K","klasa":"droga dojazdowa","kat":"powiatowa"},"geometry":{"type":"LineString","coordinates":[[19.97034,50.08201],[19.96995,50.0817]]}},{"type":"Feature","properties":{"numer":"603246K","klasa":"droga dojazdowa","kat":"powiatowa"},"geometry":{"type":"LineString","coordinates":[[19.97414,50.08139],[19.9741,50.08171],[19.97474,50.08282]]}},{"type":"Feature","properties":{"numer":"603225K","klasa":"droga lokalna","kat":"powiatowa"},"geometry":{"type":"LineString","coordinates":[[19.90265,50.07922],[19.90285,50.0796]]}},{"type":"Feature","properties":{"numer":"603225K","klasa":"droga lokalna","kat":"powiatowa"},"geometry":{"type":"LineString","coordinates":[[19.90285,50.0796],[19.90293,50.07974]]}},{"type":"Feature","properties":{"numer":"602893K","klasa":"droga dojazdowa","kat":"powiatowa"},"geometry":{"type":"LineString","coordinates":[[19.88016,50.07952],[19.88031,50.08016]]}},{"type":"Feature","properties":{"numer":"603225K","klasa":"droga lokalna","kat":"powiatowa"},"geometry":{"type":"LineString","coordinates":[[19.90293,50.07974],[19.90309,50.07995]]}},{"type":"Feature","properties":{"numer":"603225K","klasa":"droga lokalna","kat":"powiatowa"},"geometry":{"type":"LineString","coordinates":[[19.90309,50.07995],[19.9035,50.08046]]}},{"type":"Feature","properties":{"numer":"602893K","klasa":"droga dojazdowa","kat":"powiatowa"},"geometry":{"type":"LineString","coordinates":[[19.88031,50.08016],[19.88039,50.08049]]}},{"type":"Feature","properties":{"numer":"602893K","klasa":"droga dojazdowa","kat":"powiatowa"},"geometry":{"type":"LineString","coordinates":[[19.88039,50.08049],[19.8804,50.08054]]}},{"type":"Feature","properties":{"numer":"602893K","klasa":"droga dojazdowa","kat":"powiatowa"},"geometry":{"type":"LineString","coordinates":[[19.8804,50.08054],[19.88049,50.08088]]}},{"type":"Feature","properties":{"numer":"603225K","klasa":"droga lokalna","kat":"powiatowa"},"geometry":{"type":"LineString","coordinates":[[19.90421,50.08115],[19.90393,50.08099],[19.9035,50.08046]]}},{"type":"Feature","properties":{"numer":"2205K","klasa":"droga zbiorcza","kat":"powiatowa"},"geometry":{"type":"LineString","coordinates":[[19.8924,50.08089],[19.8917,50.08103]]}},{"type":"Feature","properties":{"numer":"2273K","klasa":"droga zbiorcza","kat":"powiatowa"},"geometry":{"type":"LineString","coordinates":[[19.93858,50.07929],[19.93876,50.07961],[19.93866,50.07998],[19.93774,50.08049]]}},{"type":"Feature","properties":{"numer":"602780K","klasa":"droga lokalna","kat":"powiatowa"},"geometry":{"type":"LineString","coordinates":[[19.92822,50.07901],[19.92706,50.08022],[19.92661,50.08102]]}},{"type":"Feature","properties":{"numer":"2273K","klasa":"droga zbiorcza","kat":"powiatowa"},"geometry":{"type":"LineString","coordinates":[[19.93774,50.08049],[19.93733,50.0807]]}},{"type":"Feature","properties":{"numer":"2266K","klasa":"","kat":"powiatowa"},"geometry":{"type":"LineString","coordinates":[[19.91883,50.0803],[19.91679,50.08144]]}},{"type":"Feature","properties":{"numer":"602780K","klasa":"droga lokalna","kat":"powiatowa"},"geometry":{"type":"LineString","coordinates":[[19.9265,50.08113],[19.92661,50.08102]]}},{"type":"Feature","properties":{"numer":"603137K","klasa":"droga zbiorcza","kat":"powiatowa"},"geometry":{"type":"LineString","coordinates":[[19.93749,50.08147],[19.93733,50.0807]]}},{"type":"Feature","properties":{"numer":"2273K","klasa":"droga zbiorcza","kat":"powiatowa"},"geometry":{"type":"LineString","coordinates":[[19.93733,50.0807],[19.93554,50.08157]]}},{"type":"Feature","properties":{"numer":"602780K","klasa":"droga lokalna","kat":"powiatowa"},"geometry":{"type":"LineString","coordinates":[[19.92619,50.08141],[19.9265,50.08113]]}},{"type":"Feature","properties":{"numer":"603137K","klasa":"droga zbiorcza","kat":"powiatowa"},"geometry":{"type":"LineString","coordinates":[[19.93751,50.08165],[19.93749,50.08147]]}},{"type":"Feature","properties":{"numer":"602780K","klasa":"droga lokalna","kat":"powiatowa"},"geometry":{"type":"LineString","coordinates":[[19.92622,50.08196],[19.92619,50.08141]]}},{"type":"Feature","properties":{"numer":"2205K","klasa":"droga zbiorcza","kat":"powiatowa"},"geometry":{"type":"LineString","coordinates":[[19.8917,50.08103],[19.89115,50.08114]]}},{"type":"Feature","properties":{"numer":"602893K","klasa":"droga dojazdowa","kat":"powiatowa"},"geometry":{"type":"LineString","coordinates":[[19.88049,50.08088],[19.88061,50.08138]]}},{"type":"Feature","properties":{"numer":"2205K","klasa":"droga zbiorcza","kat":"powiatowa"},"geometry":{"type":"LineString","coordinates":[[19.89115,50.08114],[19.89063,50.08125]]}},{"type":"Feature","properties":{"numer":"2205K","klasa":"droga zbiorcza","kat":"powiatowa"},"geometry":{"type":"LineString","coordinates":[[19.89022,50.08133],[19.89063,50.08125]]}},{"type":"Feature","properties":{"numer":"603225K","klasa":"droga lokalna","kat":"powiatowa"},"geometry":{"type":"LineString","coordinates":[[19.90483,50.08147],[19.90421,50.08115]]}},{"type":"Feature","properties":{"numer":"2266K","klasa":"","kat":"powiatowa"},"geometry":{"type":"LineString","coordinates":[[19.91679,50.08144],[19.91535,50.08166]]}},{"type":"Feature","properties":{"numer":"603225K","klasa":"droga lokalna","kat":"powiatowa"},"geometry":{"type":"LineString","coordinates":[[19.90558,50.08204],[19.90483,50.08147]]}},{"type":"Feature","properties":{"numer":"2205K","klasa":"droga zbiorcza","kat":"powiatowa"},"geometry":{"type":"LineString","coordinates":[[19.88078,50.0822],[19.88642,50.08208],[19.89022,50.08133]]}},{"type":"Feature","properties":{"numer":"602893K","klasa":"droga dojazdowa","kat":"powiatowa"},"geometry":{"type":"LineString","coordinates":[[19.88061,50.08138],[19.88078,50.0822]]}},{"type":"Feature","properties":{"numer":"2205K","klasa":"droga zbiorcza","kat":"powiatowa"},"geometry":{"type":"LineString","coordinates":[[19.87745,50.08195],[19.87755,50.08197]]}},{"type":"Feature","properties":{"numer":"2266K","klasa":"","kat":"powiatowa"},"geometry":{"type":"LineString","coordinates":[[19.91547,50.08239],[19.91535,50.08166]]}},{"type":"Feature","properties":{"numer":"2205K","klasa":"droga zbiorcza","kat":"powiatowa"},"geometry":{"type":"LineString","coordinates":[[19.84834,50.08334],[19.86102,50.08085],[19.86831,50.08093],[19.87133,50.08073],[19.87276,50.08091],[19.87399,50.08116],[19.87745,50.08195]]}},{"type":"Feature","properties":{"numer":"2205K","klasa":"droga zbiorcza","kat":"powiatowa"},"geometry":{"type":"LineString","coordinates":[[19.87755,50.08197],[19.87912,50.08217],[19.88078,50.0822]]}},{"type":"Feature","properties":{"numer":"603179K","klasa":"droga zbiorcza","kat":"powiatowa"},"geometry":{"type":"LineString","coordinates":[[19.91547,50.08239],[19.91394,50.0824],[19.9129,50.08253]]}},{"type":"Feature","properties":{"numer":"603179K","klasa":"droga zbiorcza","kat":"powiatowa"},"geometry":{"type":"LineString","coordinates":[[19.9129,50.08253],[19.91125,50.08276]]}},{"type":"Feature","properties":{"numer":"603179K","klasa":"droga zbiorcza","kat":"powiatowa"},"geometry":{"type":"LineString","coordinates":[[19.91125,50.08276],[19.91059,50.08284]]}},{"type":"Feature","properties":{"numer":"603179K","klasa":"droga zbiorcza","kat":"powiatowa"},"geometry":{"type":"LineString","coordinates":[[19.91059,50.08284],[19.91009,50.08293],[19.90953,50.08314]]}},{"type":"Feature","properties":{"numer":"2201K","klasa":"droga gĹ‚Ăłwna ruchu przyĹ›pieszonego","kat":"powiatowa"},"geometry":{"type":"LineString","coordinates":[[19.89063,50.08125],[19.89085,50.08205],[19.89111,50.08478]]}},{"type":"Feature","properties":{"numer":"603179K","klasa":"droga zbiorcza","kat":"powiatowa"},"geometry":{"type":"LineString","coordinates":[[19.90953,50.08314],[19.90947,50.08317]]}},{"type":"Feature","properties":{"numer":"603179K","klasa":"droga zbiorcza","kat":"powiatowa"},"geometry":{"type":"LineString","coordinates":[[19.90832,50.08336],[19.90947,50.08317]]}},{"type":"Feature","properties":{"numer":"603137K","klasa":"droga zbiorcza","kat":"powiatowa"},"geometry":{"type":"LineString","coordinates":[[19.93756,50.08185],[19.93751,50.08165]]}},{"type":"Feature","properties":{"numer":"603137K","klasa":"droga zbiorcza","kat":"powiatowa"},"geometry":{"type":"LineString","coordinates":[[19.93761,50.08222],[19.93756,50.08185]]}},{"type":"Feature","properties":{"numer":"603137K","klasa":"droga zbiorcza","kat":"powiatowa"},"geometry":{"type":"LineString","coordinates":[[19.93761,50.08222],[19.93763,50.0823]]}},{"type":"Feature","properties":{"numer":"602780K","klasa":"droga lokalna","kat":"powiatowa"},"geometry":{"type":"LineString","coordinates":[[19.92502,50.08319],[19.92609,50.08221],[19.92622,50.08196]]}},{"type":"Feature","properties":{"numer":"2273K","klasa":"droga zbiorcza","kat":"powiatowa"},"geometry":{"type":"LineString","coordinates":[[19.93554,50.08157],[19.93512,50.08188],[19.93348,50.08399]]}},{"type":"Feature","properties":{"numer":"603137K","klasa":"droga zbiorcza","kat":"powiatowa"},"geometry":{"type":"LineString","coordinates":[[19.93763,50.0823],[19.93785,50.08354]]}},{"type":"Feature","properties":{"numer":"2274K","klasa":"droga zbiorcza","kat":"powiatowa"},"geometry":{"type":"LineString","coordinates":[[19.91547,50.08239],[19.91959,50.08246],[19.92021,50.0826],[19.92426,50.08385]]}},{"type":"Feature","properties":{"numer":"602780K","klasa":"droga lokalna","kat":"powiatowa"},"geometry":{"type":"LineString","coordinates":[[19.92487,50.08333],[19.92502,50.08319]]}},{"type":"Feature","properties":{"numer":"602780K","klasa":"droga lokalna","kat":"powiatowa"},"geometry":{"type":"LineString","coordinates":[[19.92426,50.08385],[19.92487,50.08333]]}},{"type":"Feature","properties":{"numer":"2274K","klasa":"droga zbiorcza","kat":"powiatowa"},"geometry":{"type":"LineString","coordinates":[[19.9307,50.08393],[19.92426,50.08385]]}},{"type":"Feature","properties":{"numer":"603179K","klasa":"droga zbiorcza","kat":"powiatowa"},"geometry":{"type":"LineString","coordinates":[[19.90705,50.08324],[19.90728,50.08332]]}},{"type":"Feature","properties":{"numer":"603179K","klasa":"droga zbiorcza","kat":"powiatowa"},"geometry":{"type":"LineString","coordinates":[[19.90728,50.08332],[19.90801,50.08336]]}},{"type":"Feature","properties":{"numer":"603179K","klasa":"droga zbiorcza","kat":"powiatowa"},"geometry":{"type":"LineString","coordinates":[[19.90801,50.08336],[19.90832,50.08336]]}},{"type":"Feature","properties":{"numer":"603179K","klasa":"droga lokalna","kat":"powiatowa"},"geometry":{"type":"LineString","coordinates":[[19.90588,50.08349],[19.90659,50.08342]]}},{"type":"Feature","properties":{"numer":"603179K","klasa":"droga lokalna","kat":"powiatowa"},"geometry":{"type":"LineString","coordinates":[[19.90499,50.08358],[19.90588,50.08349]]}},{"type":"Feature","properties":{"numer":"603179K","klasa":"droga lokalna","kat":"powiatowa"},"geometry":{"type":"LineString","coordinates":[[19.9046,50.08362],[19.90499,50.08358]]}},{"type":"Feature","properties":{"numer":"603179K","klasa":"droga lokalna","kat":"powiatowa"},"geometry":{"type":"LineString","coordinates":[[19.90278,50.08388],[19.90296,50.0838],[19.9046,50.08362]]}},{"type":"Feature","properties":{"numer":"603525K","klasa":"droga zbiorcza","kat":"powiatowa"},"geometry":{"type":"LineString","coordinates":[[19.90832,50.08336],[19.90844,50.08438]]}},{"type":"Feature","properties":{"numer":"603179K","klasa":"droga lokalna","kat":"powiatowa"},"geometry":{"type":"LineString","coordinates":[[19.9015,50.08411],[19.90278,50.08388]]}},{"type":"Feature","properties":{"numer":"603179K","klasa":"droga lokalna","kat":"powiatowa"},"geometry":{"type":"LineString","coordinates":[[19.9013,50.08414],[19.9015,50.08411]]}},{"type":"Feature","properties":{"numer":"602187K","klasa":"droga dojazdowa","kat":"powiatowa"},"geometry":{"type":"LineString","coordinates":[[19.97062,50.08227],[19.97034,50.08201]]}},{"type":"Feature","properties":{"numer":"602187K","klasa":"droga dojazdowa","kat":"powiatowa"},"geometry":{"type":"LineString","coordinates":[[19.97113,50.08277],[19.97076,50.08261],[19.97062,50.08227]]}},{"type":"Feature","properties":{"numer":"2227K","klasa":"droga zbiorcza","kat":"powiatowa"},"geometry":{"type":"LineString","coordinates":[[19.97125,50.0828],[19.97113,50.08277]]}},{"type":"Feature","properties":{"numer":"2227K","klasa":"droga zbiorcza","kat":"powiatowa"},"geometry":{"type":"LineString","coordinates":[[19.97137,50.08283],[19.97125,50.0828]]}},{"type":"Feature","properties":{"numer":"2203K","klasa":"droga zbiorcza","kat":"powiatowa"},"geometry":{"type":"LineString","coordinates":[[19.95237,50.08304],[19.95246,50.08302]]}},{"type":"Feature","properties":{"numer":"602859K","klasa":"droga dojazdowa","kat":"powiatowa"},"geometry":{"type":"LineString","coordinates":[[19.97474,50.08282],[19.97418,50.08303],[19.97289,50.08326]]}},{"type":"Feature","properties":{"numer":"602859K","klasa":"droga dojazdowa","kat":"powiatowa"},"geometry":{"type":"LineString","coordinates":[[19.97266,50.0833],[19.97137,50.08283]]}},{"type":"Feature","properties":{"numer":"602859K","klasa":"droga dojazdowa","kat":"powiatowa"},"geometry":{"type":"LineString","coordinates":[[19.97289,50.08326],[19.97266,50.0833]]}},{"type":"Feature","properties":{"numer":"2227K","klasa":"droga zbiorcza","kat":"powiatowa"},"geometry":{"type":"LineString","coordinates":[[19.97125,50.0828],[19.97074,50.08334],[19.97053,50.08377],[19.97057,50.08443],[19.97093,50.08493]]}},{"type":"Feature","properties":{"numer":"2203K","klasa":"droga zbiorcza","kat":"powiatowa"},"geometry":{"type":"LineString","coordinates":[[19.95237,50.08304],[19.95468,50.08612]]}},{"type":"Feature","properties":{"numer":"602682K","klasa":"droga lokalna","kat":"powiatowa"},"geometry":{"type":"LineString","coordinates":[[19.9307,50.08393],[19.9307,50.08398]]}},{"type":"Feature","properties":{"numer":"2274K","klasa":"droga zbiorcza","kat":"powiatowa"},"geometry":{"type":"LineString","coordinates":[[19.93348,50.08399],[19.9307,50.08393]]}},{"type":"Feature","properties":{"numer":"602682K","klasa":"droga lokalna","kat":"powiatowa"},"geometry":{"type":"LineString","coordinates":[[19.9307,50.08398],[19.9307,50.08425]]}},{"type":"Feature","properties":{"numer":"603137K","klasa":"droga zbiorcza","kat":"powiatowa"},"geometry":{"type":"LineString","coordinates":[[19.93785,50.08354],[19.93809,50.08495]]}},{"type":"Feature","properties":{"numer":"602780K","klasa":"droga lokalna","kat":"powiatowa"},"geometry":{"type":"LineString","coordinates":[[19.92345,50.08468],[19.92426,50.08385]]}},{"type":"Feature","properties":{"numer":"2273K","klasa":"","kat":"powiatowa"},"geometry":{"type":"LineString","coordinates":[[19.93488,50.08467],[19.93348,50.08399]]}},{"type":"Feature","properties":{"numer":"602682K","klasa":"droga lokalna","kat":"powiatowa"},"geometry":{"type":"LineString","coordinates":[[19.9307,50.08425],[19.93066,50.08508]]}},{"type":"Feature","properties":{"numer":"602780K","klasa":"droga lokalna","kat":"powiatowa"},"geometry":{"type":"LineString","coordinates":[[19.92315,50.08514],[19.92345,50.08468]]}},{"type":"Feature","properties":{"numer":"603137K","klasa":"droga zbiorcza","kat":"powiatowa"},"geometry":{"type":"LineString","coordinates":[[19.93809,50.08495],[19.9382,50.08562]]}},{"type":"Feature","properties":{"numer":"602682K","klasa":"droga lokalna","kat":"powiatowa"},"geometry":{"type":"LineString","coordinates":[[19.93066,50.08508],[19.93065,50.08534],[19.93089,50.08579]]}},{"type":"Feature","properties":{"numer":"603179K","klasa":"droga lokalna","kat":"powiatowa"},"geometry":{"type":"LineString","coordinates":[[19.89986,50.08447],[19.9013,50.08414]]}},{"type":"Feature","properties":{"numer":"603179K","klasa":"droga lokalna","kat":"powiatowa"},"geometry":{"type":"LineString","coordinates":[[19.89889,50.08477],[19.89986,50.08447]]}},{"type":"Feature","properties":{"numer":"603179K","klasa":"droga lokalna","kat":"powiatowa"},"geometry":{"type":"LineString","coordinates":[[19.89857,50.08488],[19.89889,50.08477]]}},{"type":"Feature","properties":{"numer":"603525K","klasa":"droga zbiorcza","kat":"powiatowa"},"geometry":{"type":"LineString","coordinates":[[19.90844,50.08438],[19.90884,50.08527]]}},{"type":"Feature","properties":{"numer":"603179K","klasa":"droga lokalna","kat":"powiatowa"},"geometry":{"type":"LineString","coordinates":[[19.89818,50.08501],[19.89857,50.08488]]}},{"type":"Feature","properties":{"numer":"603179K","klasa":"droga lokalna","kat":"powiatowa"},"geometry":{"type":"LineString","coordinates":[[19.89793,50.08509],[19.89818,50.08501]]}},{"type":"Feature","properties":{"numer":"603179K","klasa":"droga lokalna","kat":"powiatowa"},"geometry":{"type":"LineString","coordinates":[[19.89709,50.08538],[19.89793,50.08509]]}},{"type":"Feature","properties":{"numer":"603179K","klasa":"droga lokalna","kat":"powiatowa"},"geometry":{"type":"LineString","coordinates":[[19.89631,50.08567],[19.89709,50.08538]]}},{"type":"Feature","properties":{"numer":"603525K","klasa":"droga zbiorcza","kat":"powiatowa"},"geometry":{"type":"LineString","coordinates":[[19.90884,50.08527],[19.90922,50.08614]]}},{"type":"Feature","properties":{"numer":"603179K","klasa":"droga lokalna","kat":"powiatowa"},"geometry":{"type":"LineString","coordinates":[[19.89594,50.08576],[19.89631,50.08567]]}},{"type":"Feature","properties":{"numer":"603179K","klasa":"droga lokalna","kat":"powiatowa"},"geometry":{"type":"LineString","coordinates":[[19.89533,50.08592],[19.89594,50.08576]]}},{"type":"Feature","properties":{"numer":"603179K","klasa":"droga lokalna","kat":"powiatowa"},"geometry":{"type":"LineString","coordinates":[[19.89479,50.08606],[19.89533,50.08592]]}},{"type":"Feature","properties":{"numer":"2201K","klasa":"droga gĹ‚Ăłwna ruchu przyĹ›pieszonego","kat":"powiatowa"},"geometry":{"type":"LineString","coordinates":[[19.89111,50.08478],[19.8914,50.08677],[19.89166,50.08745]]}},{"type":"Feature","properties":{"numer":"603179K","klasa":"droga lokalna","kat":"powiatowa"},"geometry":{"type":"LineString","coordinates":[[19.89426,50.08619],[19.89479,50.08606]]}},{"type":"Feature","properties":{"numer":"603525K","klasa":"droga zbiorcza","kat":"powiatowa"},"geometry":{"type":"LineString","coordinates":[[19.90922,50.08614],[19.90928,50.0864]]}},{"type":"Feature","properties":{"numer":"603179K","klasa":"droga lokalna","kat":"powiatowa"},"geometry":{"type":"LineString","coordinates":[[19.89353,50.08636],[19.89426,50.08619]]}},{"type":"Feature","properties":{"numer":"","klasa":"droga wewnÄ™trzna","kat":"gminna"},"geometry":{"type":"LineString","coordinates":[[19.89401,50.08695],[19.89382,50.08656],[19.89353,50.08636]]}},{"type":"Feature","properties":{"numer":"603525K","klasa":"droga zbiorcza","kat":"powiatowa"},"geometry":{"type":"LineString","coordinates":[[19.90928,50.0864],[19.90943,50.08716]]}},{"type":"Feature","properties":{"numer":"","klasa":"droga wewnÄ™trzna","kat":"gminna"},"geometry":{"type":"LineString","coordinates":[[19.89388,50.08759],[19.89401,50.08695]]}},{"type":"Feature","properties":{"numer":"7,79,E77","klasa":"droga gĹ‚Ăłwna ruchu przyĹ›pieszonego","kat":"gminna"},"geometry":{"type":"LineString","coordinates":[[19.89383,50.08772],[19.89166,50.08745]]}},{"type":"Feature","properties":{"numer":"603240K","klasa":"droga lokalna","kat":"powiatowa"},"geometry":{"type":"LineString","coordinates":[[19.83617,50.06225],[19.83651,50.06225],[19.83682,50.06235]]}},{"type":"Feature","properties":{"numer":"603240K","klasa":"droga lokalna","kat":"powiatowa"},"geometry":{"type":"LineString","coordinates":[[19.83479,50.0625],[19.83617,50.06225]]}},{"type":"Feature","properties":{"numer":"603240K","klasa":"droga lokalna","kat":"powiatowa"},"geometry":{"type":"LineString","coordinates":[[19.8329,50.06218],[19.83365,50.06264]]}},{"type":"Feature","properties":{"numer":"603240K","klasa":"droga lokalna","kat":"powiatowa"},"geometry":{"type":"LineString","coordinates":[[19.83365,50.06264],[19.83479,50.0625]]}},{"type":"Feature","properties":{"numer":"602739K","klasa":"droga dojazdowa","kat":"powiatowa"},"geometry":{"type":"LineString","coordinates":[[19.83365,50.06264],[19.83406,50.0631]]}},{"type":"Feature","properties":{"numer":"602739K","klasa":"droga dojazdowa","kat":"powiatowa"},"geometry":{"type":"LineString","coordinates":[[19.83406,50.0631],[19.83371,50.0653]]}},{"type":"Feature","properties":{"numer":"2260K","klasa":"droga zbiorcza","kat":"powiatowa"},"geometry":{"type":"LineString","coordinates":[[19.80988,50.06136],[19.8108,50.06148],[19.81196,50.06179],[19.82124,50.06546],[19.82185,50.06591],[19.82277,50.06718],[19.82324,50.06738],[19.82418,50.0676],[19.82786,50.0681],[19.82923,50.06818],[19.83166,50.06806],[19.83298,50.06826]]}},{"type":"Feature","properties":{"numer":"2260K","klasa":"droga zbiorcza","kat":"powiatowa"},"geometry":{"type":"LineString","coordinates":[[19.83682,50.06235],[19.83774,50.06265],[19.83957,50.06292],[19.84031,50.06312],[19.84143,50.06419],[19.84261,50.06504],[19.84468,50.06596],[19.84681,50.06764]]}},{"type":"Feature","properties":{"numer":"602739K","klasa":"droga dojazdowa","kat":"powiatowa"},"geometry":{"type":"LineString","coordinates":[[19.83371,50.0653],[19.83368,50.06538]]}},{"type":"Feature","properties":{"numer":"603788K","klasa":"droga zbiorcza","kat":"powiatowa"},"geometry":{"type":"LineString","coordinates":[[19.84716,50.06624],[19.84658,50.06596]]}},{"type":"Feature","properties":{"numer":"2260K","klasa":"droga zbiorcza","kat":"powiatowa"},"geometry":{"type":"LineString","coordinates":[[19.80502,50.06207],[19.80785,50.06143],[19.80899,50.06133]]}},{"type":"Feature","properties":{"numer":"2260K","klasa":"droga zbiorcza","kat":"powiatowa"},"geometry":{"type":"LineString","coordinates":[[19.804532915461532,50.06218928600942],[19.80502,50.06207]]}},{"type":"Feature","properties":{"numer":"603788K","klasa":"droga zbiorcza","kat":"powiatowa"},"geometry":{"type":"LineString","coordinates":[[19.84745,50.06641],[19.84716,50.06624]]}},{"type":"Feature","properties":{"numer":"602739K","klasa":"droga dojazdowa","kat":"powiatowa"},"geometry":{"type":"LineString","coordinates":[[19.83368,50.06538],[19.83337,50.06634],[19.83342,50.06731],[19.83302,50.06806]]}},{"type":"Feature","properties":{"numer":"603788K","klasa":"droga zbiorcza","kat":"powiatowa"},"geometry":{"type":"LineString","coordinates":[[19.84979,50.0671],[19.84888,50.0667],[19.84745,50.06641]]}},{"type":"Feature","properties":{"numer":"7,94,A4,E40,E77","klasa":"autostrada","kat":"krajowa"},"geometry":{"type":"LineString","coordinates":[[19.81028,50.07219],[19.81057,50.07055],[19.81061,50.0684],[19.81042,50.0669],[19.8096,50.06293],[19.80948,50.06134]]}},{"type":"Feature","properties":{"numer":"603788K","klasa":"droga zbiorcza","kat":"powiatowa"},"geometry":{"type":"LineString","coordinates":[[19.85096,50.06749],[19.84979,50.0671]]}},{"type":"Feature","properties":{"numer":"2260K","klasa":"droga zbiorcza","kat":"powiatowa"},"geometry":{"type":"LineString","coordinates":[[19.85096,50.06749],[19.85034,50.0675],[19.84914,50.06767],[19.84823,50.06792],[19.84777,50.06794]]}},{"type":"Feature","properties":{"numer":"2260K","klasa":"droga zbiorcza","kat":"powiatowa"},"geometry":{"type":"LineString","coordinates":[[19.84681,50.06764],[19.84689,50.0679]]}},{"type":"Feature","properties":{"numer":"2260K","klasa":"droga zbiorcza","kat":"powiatowa"},"geometry":{"type":"LineString","coordinates":[[19.84618,50.06781],[19.84689,50.0679]]}},{"type":"Feature","properties":{"numer":"2260K","klasa":"droga zbiorcza","kat":"powiatowa"},"geometry":{"type":"LineString","coordinates":[[19.84777,50.06794],[19.84689,50.0679]]}},{"type":"Feature","properties":{"numer":"602739K","klasa":"droga dojazdowa","kat":"powiatowa"},"geometry":{"type":"LineString","coordinates":[[19.83302,50.06806],[19.83298,50.06826]]}},{"type":"Feature","properties":{"numer":"774","klasa":"droga gĹ‚Ăłwna","kat":"wojewodzka"},"geometry":{"type":"LineString","coordinates":[[19.80351100436681,50.070442489082964],[19.80497,50.07131],[19.805467928464978,50.07177428464978]]}},{"type":"Feature","properties":{"numer":"774","klasa":"droga gĹ‚Ăłwna","kat":"wojewodzka"},"geometry":{"type":"LineString","coordinates":[[19.8063,50.07242],[19.80781,50.07217]]}},{"type":"Feature","properties":{"numer":"774","klasa":"droga gĹ‚Ăłwna","kat":"wojewodzka"},"geometry":{"type":"LineString","coordinates":[[19.806153154372623,50.07243129581749],[19.8063,50.07242]]}},{"type":"Feature","properties":{"numer":"774","klasa":"droga gĹ‚Ăłwna","kat":"wojewodzka"},"geometry":{"type":"LineString","coordinates":[[19.80715594520963,50.074549745724234],[19.80723,50.07464]]}},{"type":"Feature","properties":{"numer":"774","klasa":"droga gĹ‚Ăłwna","kat":"wojewodzka"},"geometry":{"type":"LineString","coordinates":[[19.80723,50.07464],[19.80725,50.07466]]}},{"type":"Feature","properties":{"numer":"774","klasa":"droga gĹ‚Ăłwna","kat":"wojewodzka"},"geometry":{"type":"LineString","coordinates":[[19.80725,50.07466],[19.80744,50.07479],[19.80746,50.07502]]}},{"type":"Feature","properties":{"numer":"774","klasa":"droga gĹ‚Ăłwna","kat":"wojewodzka"},"geometry":{"type":"LineString","coordinates":[[19.80746,50.07515],[19.80746,50.07502]]}},{"type":"Feature","properties":{"numer":"774","klasa":"droga gĹ‚Ăłwna","kat":"wojewodzka"},"geometry":{"type":"LineString","coordinates":[[19.80746,50.07515],[19.807467398386358,50.075207707413604]]}},{"type":"Feature","properties":{"numer":"7,94,A4,E40,E77","klasa":"autostrada","kat":"krajowa"},"geometry":{"type":"LineString","coordinates":[[19.808623302213924,50.07858998132835],[19.81028,50.07219]]}},{"type":"Feature","properties":{"numer":"603098K","klasa":"droga lokalna","kat":"powiatowa"},"geometry":{"type":"LineString","coordinates":[[19.84894,50.07555],[19.84916,50.07639],[19.84968,50.07754],[19.84958,50.07762]]}},{"type":"Feature","properties":{"numer":"603630K","klasa":"droga lokalna","kat":"powiatowa"},"geometry":{"type":"LineString","coordinates":[[19.84958,50.07762],[19.84875,50.0776],[19.84859,50.07771]]}},{"type":"Feature","properties":{"numer":"603630K","klasa":"droga lokalna","kat":"powiatowa"},"geometry":{"type":"LineString","coordinates":[[19.84859,50.07771],[19.84858,50.07797]]}},{"type":"Feature","properties":{"numer":"603630K","klasa":"droga lokalna","kat":"powiatowa"},"geometry":{"type":"LineString","coordinates":[[19.84858,50.07797],[19.84844,50.08045]]}},{"type":"Feature","properties":{"numer":"774","klasa":"droga gĹ‚Ăłwna","kat":"wojewodzka"},"geometry":{"type":"LineString","coordinates":[[19.808312431318683,50.07762733516485],[19.80832,50.07766],[19.80831041433892,50.07769591247671]]}},{"type":"Feature","properties":{"numer":"603630K","klasa":"droga lokalna","kat":"powiatowa"},"geometry":{"type":"LineString","coordinates":[[19.84844,50.08045],[19.84843,50.08085]]}},{"type":"Feature","properties":{"numer":"603630K","klasa":"droga lokalna","kat":"powiatowa"},"geometry":{"type":"LineString","coordinates":[[19.84843,50.08085],[19.8484,50.08136]]}},{"type":"Feature","properties":{"numer":"603630K","klasa":"droga lokalna","kat":"powiatowa"},"geometry":{"type":"LineString","coordinates":[[19.8484,50.08136],[19.8484,50.08169]]}},{"type":"Feature","properties":{"numer":"603630K","klasa":"droga lokalna","kat":"powiatowa"},"geometry":{"type":"LineString","coordinates":[[19.8484,50.08169],[19.84842,50.08198]]}},{"type":"Feature","properties":{"numer":"603630K","klasa":"droga lokalna","kat":"powiatowa"},"geometry":{"type":"LineString","coordinates":[[19.84842,50.08198],[19.84829,50.08287]]}},{"type":"Feature","properties":{"numer":"603630K","klasa":"droga lokalna","kat":"powiatowa"},"geometry":{"type":"LineString","coordinates":[[19.84829,50.08287],[19.84834,50.08334]]}},{"type":"Feature","properties":{"numer":"2205K","klasa":"droga zbiorcza","kat":"powiatowa"},"geometry":{"type":"LineString","coordinates":[[19.83763250281518,50.08986478636294],[19.84559,50.08413],[19.84669,50.08369],[19.84834,50.08334]]}},{"type":"Feature","properties":{"numer":"603802K","klasa":"","kat":"powiatowa"},"geometry":{"type":"LineString","coordinates":[[19.99907,50.0814],[19.99855,50.08138]]}},{"type":"Feature","properties":{"numer":"79","klasa":"droga zbiorcza","kat":"krajowa"},"geometry":{"type":"LineString","coordinates":[[20.02735,50.07963],[20.02174,50.08392],[20.02091,50.08436],[20.01921,50.08498]]}},{"type":"Feature","properties":{"numer":"2215K","klasa":"droga gĹ‚Ăłwna ruchu przyĹ›pieszonego","kat":"powiatowa"},"geometry":{"type":"LineString","coordinates":[[19.99855,50.08138],[19.99854,50.08209],[19.9988,50.08296],[19.99941,50.08385],[20.0001,50.08455]]}},{"type":"Feature","properties":{"numer":"2214K","klasa":"droga zbiorcza","kat":"powiatowa"},"geometry":{"type":"LineString","coordinates":[[20.01921,50.08498],[20.01879,50.08444],[20.016,50.08216],[20.01566,50.08173],[20.01545,50.08122]]}},{"type":"Feature","properties":{"numer":"2214K","klasa":"droga zbiorcza","kat":"powiatowa"},"geometry":{"type":"LineString","coordinates":[[20.0194,50.08532],[20.01921,50.08498]]}},{"type":"Feature","properties":{"numer":"79","klasa":"droga gĹ‚Ăłwna","kat":"krajowa"},"geometry":{"type":"LineString","coordinates":[[19.98672,50.08661],[19.97543,50.08536],[19.97116,50.08512]]}},{"type":"Feature","properties":{"numer":"2215K","klasa":"droga gĹ‚Ăłwna ruchu przyĹ›pieszonego","kat":"powiatowa"},"geometry":{"type":"LineString","coordinates":[[20.0001,50.08455],[20.00113,50.0856],[20.00139,50.08597],[20.00154,50.08654],[20.00137,50.08769]]}},{"type":"Feature","properties":{"numer":"79","klasa":"droga zbiorcza","kat":"krajowa"},"geometry":{"type":"LineString","coordinates":[[20.01921,50.08498],[20.01819,50.08522],[20.01557,50.08556],[20.00839,50.08675],[20.00734,50.08697],[20.00548,50.0875],[20.00399,50.08778]]}},{"type":"Feature","properties":{"numer":"2214K","klasa":"droga zbiorcza","kat":"powiatowa"},"geometry":{"type":"LineString","coordinates":[[20.0194,50.08532],[20.02032,50.08747]]}},{"type":"Feature","properties":{"numer":"603821K","klasa":"droga lokalna","kat":"powiatowa"},"geometry":{"type":"LineString","coordinates":[[19.98679,50.08638],[19.98672,50.08661]]}},{"type":"Feature","properties":{"numer":"776","klasa":"droga gĹ‚Ăłwna","kat":"wojewodzka"},"geometry":{"type":"LineString","coordinates":[[20.03476,50.08337],[20.03247,50.08213]]}},{"type":"Feature","properties":{"numer":"602226K","klasa":"droga zbiorcza","kat":"powiatowa"},"geometry":{"type":"LineString","coordinates":[[20.04109,50.08321],[20.04312,50.08283],[20.04394,50.08252]]}},{"type":"Feature","properties":{"numer":"603432K","klasa":"droga dojazdowa","kat":"powiatowa"},"geometry":{"type":"LineString","coordinates":[[20.03467,50.08343],[20.03476,50.08337]]}},{"type":"Feature","properties":{"numer":"602226K","klasa":"droga zbiorcza","kat":"powiatowa"},"geometry":{"type":"LineString","coordinates":[[20.03953,50.08409],[20.04041,50.08346],[20.04109,50.08321]]}},{"type":"Feature","properties":{"numer":"603432K","klasa":"droga dojazdowa","kat":"powiatowa"},"geometry":{"type":"LineString","coordinates":[[20.03396,50.08401],[20.03467,50.08343]]}},{"type":"Feature","properties":{"numer":"S7","klasa":"droga gĹ‚Ăłwna ruchu przyĹ›pieszonego","kat":"krajowa"},"geometry":{"type":"LineString","coordinates":[[20.06222,50.07878],[20.06229,50.08019],[20.06205,50.08302],[20.06167,50.08512],[20.06119,50.08604],[20.0606,50.08674],[20.05955,50.0876],[20.05769,50.08855],[20.05607,50.0892]]}},{"type":"Feature","properties":{"numer":"603432K","klasa":"droga dojazdowa","kat":"powiatowa"},"geometry":{"type":"LineString","coordinates":[[20.03378,50.08416],[20.03396,50.08401]]}},{"type":"Feature","properties":{"numer":"603432K","klasa":"droga dojazdowa","kat":"powiatowa"},"geometry":{"type":"LineString","coordinates":[[20.03362,50.08431],[20.03378,50.08416]]}},{"type":"Feature","properties":{"numer":"776","klasa":"droga gĹ‚Ăłwna","kat":"wojewodzka"},"geometry":{"type":"LineString","coordinates":[[20.03817,50.0852],[20.03476,50.08337]]}},{"type":"Feature","properties":{"numer":"602226K","klasa":"droga zbiorcza","kat":"powiatowa"},"geometry":{"type":"LineString","coordinates":[[20.03854,50.08486],[20.03953,50.08409]]}},{"type":"Feature","properties":{"numer":"603432K","klasa":"droga dojazdowa","kat":"powiatowa"},"geometry":{"type":"LineString","coordinates":[[20.03356,50.08471],[20.03362,50.08431]]}},{"type":"Feature","properties":{"numer":"602372K","klasa":"droga lokalna","kat":"powiatowa"},"geometry":{"type":"LineString","coordinates":[[20.03332,50.08476],[20.03356,50.08471]]}},{"type":"Feature","properties":{"numer":"602372K","klasa":"droga lokalna","kat":"powiatowa"},"geometry":{"type":"LineString","coordinates":[[20.03275,50.0848],[20.03332,50.08476]]}},{"type":"Feature","properties":{"numer":"602372K","klasa":"droga lokalna","kat":"powiatowa"},"geometry":{"type":"LineString","coordinates":[[20.03218,50.08483],[20.03275,50.0848]]}},{"type":"Feature","properties":{"numer":"2221K","klasa":"droga zbiorcza","kat":"powiatowa"},"geometry":{"type":"LineString","coordinates":[[20.06582,50.08225],[20.06538,50.08742]]}},{"type":"Feature","properties":{"numer":"602226K","klasa":"droga zbiorcza","kat":"powiatowa"},"geometry":{"type":"LineString","coordinates":[[20.03825,50.08511],[20.03854,50.08486]]}},{"type":"Feature","properties":{"numer":"776","klasa":"droga gĹ‚Ăłwna","kat":"wojewodzka"},"geometry":{"type":"LineString","coordinates":[[20.03817,50.0852],[20.03825,50.08511]]}},{"type":"Feature","properties":{"numer":"776","klasa":"droga gĹ‚Ăłwna","kat":"wojewodzka"},"geometry":{"type":"LineString","coordinates":[[20.0381,50.08527],[20.03817,50.0852]]}},{"type":"Feature","properties":{"numer":"602372K","klasa":"droga lokalna","kat":"powiatowa"},"geometry":{"type":"LineString","coordinates":[[20.02984,50.08566],[20.03037,50.08516],[20.03075,50.08498],[20.03218,50.08483]]}},{"type":"Feature","properties":{"numer":"776","klasa":"droga gĹ‚Ăłwna","kat":"wojewodzka"},"geometry":{"type":"LineString","coordinates":[[20.03935,50.08574],[20.03817,50.0852]]}},{"type":"Feature","properties":{"numer":"602267K","klasa":"droga dojazdowa","kat":"powiatowa"},"geometry":{"type":"LineString","coordinates":[[20.0381,50.08527],[20.0374,50.08556],[20.03656,50.08577]]}},{"type":"Feature","properties":{"numer":"602267K","klasa":"droga dojazdowa","kat":"powiatowa"},"geometry":{"type":"LineString","coordinates":[[20.03027,50.08587],[20.02984,50.08566]]}},{"type":"Feature","properties":{"numer":"602267K","klasa":"droga dojazdowa","kat":"powiatowa"},"geometry":{"type":"LineString","coordinates":[[20.03656,50.08577],[20.03647,50.08577]]}},{"type":"Feature","properties":{"numer":"776","klasa":"droga gĹ‚Ăłwna","kat":"wojewodzka"},"geometry":{"type":"LineString","coordinates":[[20.04127,50.08626],[20.03935,50.08574]]}},{"type":"Feature","properties":{"numer":"602267K","klasa":"droga dojazdowa","kat":"powiatowa"},"geometry":{"type":"LineString","coordinates":[[20.03122,50.08628],[20.03027,50.08587]]}},{"type":"Feature","properties":{"numer":"602267K","klasa":"droga dojazdowa","kat":"powiatowa"},"geometry":{"type":"LineString","coordinates":[[20.03647,50.08577],[20.03505,50.08584],[20.03365,50.08643],[20.03315,50.0865]]}},{"type":"Feature","properties":{"numer":"776","klasa":"droga gĹ‚Ăłwna","kat":"wojewodzka"},"geometry":{"type":"LineString","coordinates":[[20.04127,50.08626],[20.04132,50.08616]]}},{"type":"Feature","properties":{"numer":"2217K","klasa":"droga zbiorcza","kat":"powiatowa"},"geometry":{"type":"LineString","coordinates":[[20.03247,50.08213],[20.02887,50.08471],[20.02864,50.08512],[20.02745,50.08844],[20.02691,50.08908],[20.02624,50.08951],[20.02558,50.08976],[20.02272,50.09034]]}},{"type":"Feature","properties":{"numer":"776","klasa":"droga gĹ‚Ăłwna","kat":"wojewodzka"},"geometry":{"type":"LineString","coordinates":[[20.04122,50.08633],[20.04127,50.08626]]}},{"type":"Feature","properties":{"numer":"602267K","klasa":"droga dojazdowa","kat":"powiatowa"},"geometry":{"type":"LineString","coordinates":[[20.03169,50.08639],[20.03122,50.08628]]}},{"type":"Feature","properties":{"numer":"602267K","klasa":"droga dojazdowa","kat":"powiatowa"},"geometry":{"type":"LineString","coordinates":[[20.0322,50.0865],[20.03169,50.08639]]}},{"type":"Feature","properties":{"numer":"602918K","klasa":"droga lokalna","kat":"powiatowa"},"geometry":{"type":"LineString","coordinates":[[20.04122,50.08633],[20.04114,50.08666]]}},{"type":"Feature","properties":{"numer":"602267K","klasa":"droga dojazdowa","kat":"powiatowa"},"geometry":{"type":"LineString","coordinates":[[20.03315,50.0865],[20.0322,50.0865]]}},{"type":"Feature","properties":{"numer":"776","klasa":"droga gĹ‚Ăłwna","kat":"wojewodzka"},"geometry":{"type":"LineString","coordinates":[[20.04458,50.0868],[20.0435,50.08669],[20.04127,50.08626]]}},{"type":"Feature","properties":{"numer":"602918K","klasa":"droga lokalna","kat":"powiatowa"},"geometry":{"type":"LineString","coordinates":[[20.04114,50.08666],[20.04111,50.08682]]}},{"type":"Feature","properties":{"numer":"602918K","klasa":"droga lokalna","kat":"powiatowa"},"geometry":{"type":"LineString","coordinates":[[20.04111,50.08682],[20.04109,50.08697]]}},{"type":"Feature","properties":{"numer":"776","klasa":"droga gĹ‚Ăłwna","kat":"wojewodzka"},"geometry":{"type":"LineString","coordinates":[[20.04458,50.0868],[20.04652,50.08701]]}},{"type":"Feature","properties":{"numer":"776","klasa":"droga gĹ‚Ăłwna","kat":"wojewodzka"},"geometry":{"type":"LineString","coordinates":[[20.04652,50.08701],[20.04678,50.08704]]}},{"type":"Feature","properties":{"numer":"776","klasa":"droga gĹ‚Ăłwna","kat":"wojewodzka"},"geometry":{"type":"LineString","coordinates":[[20.04678,50.08704],[20.04708,50.08707]]}},{"type":"Feature","properties":{"numer":"602918K","klasa":"droga lokalna","kat":"powiatowa"},"geometry":{"type":"LineString","coordinates":[[20.04109,50.08697],[20.04099,50.08769]]}},{"type":"Feature","properties":{"numer":"79","klasa":"droga gĹ‚Ăłwna","kat":"krajowa"},"geometry":{"type":"LineString","coordinates":[[19.99951,50.08761],[19.99176,50.08718],[19.98672,50.08661]]}},{"type":"Feature","properties":{"numer":"603821K","klasa":"droga lokalna","kat":"powiatowa"},"geometry":{"type":"LineString","coordinates":[[19.98672,50.08661],[19.98662,50.08714],[19.98679,50.08769]]}},{"type":"Feature","properties":{"numer":"79","klasa":"droga gĹ‚Ăłwna","kat":"krajowa"},"geometry":{"type":"LineString","coordinates":[[20.00137,50.08769],[19.99951,50.08761]]}},{"type":"Feature","properties":{"numer":"79","klasa":"droga gĹ‚Ăłwna","kat":"krajowa"},"geometry":{"type":"LineString","coordinates":[[20.0035,50.08781],[20.00137,50.08769]]}},{"type":"Feature","properties":{"numer":"2211K","klasa":"droga zbiorcza","kat":"powiatowa"},"geometry":{"type":"LineString","coordinates":[[19.99162,50.08796],[19.99248,50.08772],[19.99335,50.08761],[19.99866,50.08769],[19.99949,50.08768],[19.99951,50.08761]]}},{"type":"Feature","properties":{"numer":"79","klasa":"droga gĹ‚Ăłwna","kat":"krajowa"},"geometry":{"type":"LineString","coordinates":[[20.00399,50.08778],[20.0035,50.08781]]}},{"type":"Feature","properties":{"numer":"603821K","klasa":"droga lokalna","kat":"powiatowa"},"geometry":{"type":"LineString","coordinates":[[19.98679,50.08769],[19.98729,50.08837]]}},{"type":"Feature","properties":{"numer":"2212K","klasa":"droga zbiorcza","kat":"powiatowa"},"geometry":{"type":"LineString","coordinates":[[20.0035,50.08781],[20.0041,50.08799],[20.00484,50.08835]]}},{"type":"Feature","properties":{"numer":"603558K","klasa":"droga zbiorcza","kat":"powiatowa"},"geometry":{"type":"LineString","coordinates":[[20.00137,50.08769],[20.00139,50.0882],[20.00166,50.08864]]}},{"type":"Feature","properties":{"numer":"2211K","klasa":"droga zbiorcza","kat":"powiatowa"},"geometry":{"type":"LineString","coordinates":[[19.99162,50.08796],[19.98815,50.08905]]}},{"type":"Feature","properties":{"numer":"602885K","klasa":"droga lokalna","kat":"powiatowa"},"geometry":{"type":"LineString","coordinates":[[20.07766,50.08674],[20.0774,50.08662]]}},{"type":"Feature","properties":{"numer":"602885K","klasa":"droga lokalna","kat":"powiatowa"},"geometry":{"type":"LineString","coordinates":[[20.07917,50.08745],[20.07766,50.08674]]}},{"type":"Feature","properties":{"numer":"602170K","klasa":"droga lokalna","kat":"powiatowa"},"geometry":{"type":"LineString","coordinates":[[20.07372,50.08766],[20.0737,50.08746]]}},{"type":"Feature","properties":{"numer":"602885K","klasa":"droga lokalna","kat":"powiatowa"},"geometry":{"type":"LineString","coordinates":[[20.0816,50.0886],[20.07917,50.08745]]}},{"type":"Feature","properties":{"numer":"602170K","klasa":"droga lokalna","kat":"powiatowa"},"geometry":{"type":"LineString","coordinates":[[20.07377,50.08851],[20.07372,50.08766]]}},{"type":"Feature","properties":{"numer":"","klasa":"droga wewnÄ™trzna","kat":"gminna"},"geometry":{"type":"LineString","coordinates":[[20.13357,50.08794],[20.13338,50.08843]]}},{"type":"Feature","properties":{"numer":"2221K","klasa":"droga gĹ‚Ăłwna","kat":"powiatowa"},"geometry":{"type":"LineString","coordinates":[[20.07377,50.08851],[20.08103,50.0889],[20.08144,50.08884],[20.0816,50.0886]]}},{"type":"Feature","properties":{"numer":"","klasa":"droga wewnÄ™trzna","kat":"gminna"},"geometry":{"type":"LineString","coordinates":[[20.13338,50.08843],[20.13313,50.08907]]}},{"type":"Feature","properties":{"numer":"602170K","klasa":"droga lokalna","kat":"powiatowa"},"geometry":{"type":"LineString","coordinates":[[20.0737,50.08911],[20.07377,50.08851]]}},{"type":"Feature","properties":{"numer":"","klasa":"droga wewnÄ™trzna","kat":"gminna"},"geometry":{"type":"LineString","coordinates":[[20.13313,50.08907],[20.13309,50.08919]]}},{"type":"Feature","properties":{"numer":"602798K","klasa":"droga lokalna","kat":"powiatowa"},"geometry":{"type":"LineString","coordinates":[[20.04707,50.08767],[20.04698,50.0873],[20.04708,50.08707]]}},{"type":"Feature","properties":{"numer":"2221K","klasa":"droga zbiorcza","kat":"powiatowa"},"geometry":{"type":"LineString","coordinates":[[20.06538,50.08742],[20.06529,50.088]]}},{"type":"Feature","properties":{"numer":"776","klasa":"droga gĹ‚Ăłwna","kat":"wojewodzka"},"geometry":{"type":"LineString","coordinates":[[20.04708,50.08707],[20.05033,50.08744],[20.05437,50.08863]]}},{"type":"Feature","properties":{"numer":"2221K","klasa":"droga gĹ‚Ăłwna","kat":"powiatowa"},"geometry":{"type":"LineString","coordinates":[[20.06529,50.088],[20.06311,50.08794]]}},{"type":"Feature","properties":{"numer":"2221K","klasa":"droga gĹ‚Ăłwna","kat":"powiatowa"},"geometry":{"type":"LineString","coordinates":[[20.06311,50.08794],[20.06133,50.08788],[20.05966,50.08809]]}},{"type":"Feature","properties":{"numer":"2221K","klasa":"droga gĹ‚Ăłwna","kat":"powiatowa"},"geometry":{"type":"LineString","coordinates":[[20.06704,50.08815],[20.06529,50.088]]}},{"type":"Feature","properties":{"numer":"2221K","klasa":"droga zbiorcza","kat":"powiatowa"},"geometry":{"type":"LineString","coordinates":[[20.05966,50.08809],[20.05911,50.08821]]}},{"type":"Feature","properties":{"numer":"602798K","klasa":"droga lokalna","kat":"powiatowa"},"geometry":{"type":"LineString","coordinates":[[20.04743,50.08865],[20.04707,50.08767]]}},{"type":"Feature","properties":{"numer":"2221K","klasa":"droga gĹ‚Ăłwna","kat":"powiatowa"},"geometry":{"type":"LineString","coordinates":[[20.06704,50.08815],[20.07377,50.08851]]}},{"type":"Feature","properties":{"numer":"602918K","klasa":"droga lokalna","kat":"powiatowa"},"geometry":{"type":"LineString","coordinates":[[20.04099,50.08769],[20.0408,50.0893]]}},{"type":"Feature","properties":{"numer":"2221K","klasa":"droga ekspresowa","kat":"krajowa"},"geometry":{"type":"LineString","coordinates":[[20.05911,50.08821],[20.05615,50.08924]]}},{"type":"Feature","properties":{"numer":"602798K","klasa":"droga lokalna","kat":"powiatowa"},"geometry":{"type":"LineString","coordinates":[[20.04743,50.08865],[20.04639,50.089]]}},{"type":"Feature","properties":{"numer":"776","klasa":"droga gĹ‚Ăłwna","kat":"wojewodzka"},"geometry":{"type":"LineString","coordinates":[[20.05437,50.08863],[20.05607,50.0892]]}},{"type":"Feature","properties":{"numer":"776","klasa":"droga gĹ‚Ăłwna","kat":"wojewodzka"},"geometry":{"type":"LineString","coordinates":[[20.05437,50.08863],[20.0542,50.0892],[20.0545,50.08974]]}},{"type":"Feature","properties":{"numer":"776","klasa":"droga gĹ‚Ăłwna","kat":"wojewodzka"},"geometry":{"type":"LineString","coordinates":[[20.05607,50.0892],[20.05615,50.08924]]}},{"type":"Feature","properties":{"numer":"602798K","klasa":"droga lokalna","kat":"powiatowa"},"geometry":{"type":"LineString","coordinates":[[20.04639,50.089],[20.04493,50.08948]]}},{"type":"Feature","properties":{"numer":"602798K","klasa":"droga lokalna","kat":"powiatowa"},"geometry":{"type":"LineString","coordinates":[[20.04246,50.08939],[20.0408,50.0893]]}},{"type":"Feature","properties":{"numer":"602798K","klasa":"droga lokalna","kat":"powiatowa"},"geometry":{"type":"LineString","coordinates":[[20.04256,50.0894],[20.04246,50.08939]]}},{"type":"Feature","properties":{"numer":"602798K","klasa":"droga lokalna","kat":"powiatowa"},"geometry":{"type":"LineString","coordinates":[[20.04341,50.08945],[20.04256,50.0894]]}},{"type":"Feature","properties":{"numer":"S7","klasa":"droga gĹ‚Ăłwna ruchu przyĹ›pieszonego","kat":"krajowa"},"geometry":{"type":"LineString","coordinates":[[20.05607,50.0892],[20.05474,50.0897]]}},{"type":"Feature","properties":{"numer":"603558K","klasa":"droga zbiorcza","kat":"powiatowa"},"geometry":{"type":"LineString","coordinates":[[20.00166,50.08864],[20.00242,50.08907]]}},{"type":"Feature","properties":{"numer":"603821K","klasa":"","kat":"powiatowa"},"geometry":{"type":"LineString","coordinates":[[19.98768,50.08873],[19.98815,50.08905]]}},{"type":"Feature","properties":{"numer":"2214K","klasa":"droga zbiorcza","kat":"powiatowa"},"geometry":{"type":"LineString","coordinates":[[20.02032,50.08747],[20.02152,50.09038],[20.02149,50.09059]]}},{"type":"Feature","properties":{"numer":"603558K","klasa":"droga zbiorcza","kat":"powiatowa"},"geometry":{"type":"LineString","coordinates":[[20.00242,50.08907],[20.00316,50.0894],[20.0037,50.08976]]}},{"type":"Feature","properties":{"numer":"2211K","klasa":"droga zbiorcza","kat":"powiatowa"},"geometry":{"type":"LineString","coordinates":[[19.98815,50.08905],[19.98605,50.08978]]}},{"type":"Feature","properties":{"numer":"2213K","klasa":"droga zbiorcza","kat":"powiatowa"},"geometry":{"type":"LineString","coordinates":[[19.98833,50.08996],[19.98843,50.08944],[19.98815,50.08905]]}},{"type":"Feature","properties":{"numer":"2211K","klasa":"droga zbiorcza","kat":"powiatowa"},"geometry":{"type":"LineString","coordinates":[[19.98605,50.08978],[19.98467,50.09008],[19.9828,50.09017],[19.97597,50.08935]]}},{"type":"Feature","properties":{"numer":"603558K","klasa":"droga zbiorcza","kat":"powiatowa"},"geometry":{"type":"LineString","coordinates":[[20.0037,50.08976],[20.00481,50.0906]]}},{"type":"Feature","properties":{"numer":"2217K","klasa":"droga zbiorcza","kat":"powiatowa"},"geometry":{"type":"LineString","coordinates":[[20.02272,50.09034],[20.02149,50.09059]]}},{"type":"Feature","properties":{"numer":"603558K","klasa":"droga zbiorcza","kat":"powiatowa"},"geometry":{"type":"LineString","coordinates":[[20.00481,50.0906],[20.0049,50.09067]]}},{"type":"Feature","properties":{"numer":"75","klasa":"droga gĹ‚Ăłwna","kat":"krajowa"},"geometry":{"type":"LineString","coordinates":[[20.18708,50.07876],[20.1894,50.07451],[20.18967,50.0738],[20.18976,50.07308],[20.18939,50.0692],[20.18989,50.06703],[20.19041,50.06601],[20.19148,50.0651],[20.20073,50.05815],[20.20389,50.05429],[20.20575,50.05254],[20.2067,50.05196],[20.21072,50.05022]]}},{"type":"Feature","properties":{"numer":"79","klasa":"droga gĹ‚Ăłwna ruchu przyĹ›pieszonego","kat":"krajowa"},"geometry":{"type":"LineString","coordinates":[[20.18628,50.0803],[20.18633,50.0803]]}},{"type":"Feature","properties":{"numer":"79","klasa":"droga gĹ‚Ăłwna ruchu przyĹ›pieszonego","kat":"krajowa"},"geometry":{"type":"LineString","coordinates":[[20.18636,50.0803],[20.18633,50.0803]]}},{"type":"Feature","properties":{"numer":"79","klasa":"droga gĹ‚Ăłwna ruchu przyĹ›pieszonego","kat":"krajowa"},"geometry":{"type":"LineString","coordinates":[[20.18633,50.0803],[20.18636,50.0803]]}},{"type":"Feature","properties":{"numer":"79","klasa":"droga gĹ‚Ăłwna ruchu przyĹ›pieszonego","kat":"krajowa"},"geometry":{"type":"LineString","coordinates":[[20.19008,50.08075],[20.18864,50.08036],[20.18742,50.08027],[20.18636,50.0803]]}},{"type":"Feature","properties":{"numer":"79","klasa":"droga gĹ‚Ăłwna ruchu przyĹ›pieszonego","kat":"krajowa"},"geometry":{"type":"LineString","coordinates":[[20.19042,50.08087],[20.19008,50.08075]]}},{"type":"Feature","properties":{"numer":"603535K","klasa":"droga lokalna","kat":"powiatowa"},"geometry":{"type":"LineString","coordinates":[[20.16314,50.08253],[20.16004,50.07921]]}},{"type":"Feature","properties":{"numer":"79","klasa":"droga gĹ‚Ăłwna ruchu przyĹ›pieszonego","kat":"krajowa"},"geometry":{"type":"LineString","coordinates":[[20.19066,50.08096],[20.19042,50.08087]]}},{"type":"Feature","properties":{"numer":"79","klasa":"droga gĹ‚Ăłwna ruchu przyĹ›pieszonego","kat":"krajowa"},"geometry":{"type":"LineString","coordinates":[[20.19119456322571,50.08116142962128],[20.19066,50.08096]]}},{"type":"Feature","properties":{"numer":"603535K","klasa":"droga lokalna","kat":"powiatowa"},"geometry":{"type":"LineString","coordinates":[[20.16463,50.0841],[20.16314,50.08253]]}},{"type":"Feature","properties":{"numer":"602540K","klasa":"droga lokalna","kat":"powiatowa"},"geometry":{"type":"LineString","coordinates":[[20.1519,50.0828],[20.15101,50.08414],[20.15071,50.08443]]}},{"type":"Feature","properties":{"numer":"603535K","klasa":"droga lokalna","kat":"powiatowa"},"geometry":{"type":"LineString","coordinates":[[20.16493,50.08433],[20.16463,50.0841]]}},{"type":"Feature","properties":{"numer":"603171K","klasa":"droga lokalna","kat":"powiatowa"},"geometry":{"type":"LineString","coordinates":[[20.16816,50.08444],[20.16493,50.08433]]}},{"type":"Feature","properties":{"numer":"603171K","klasa":"droga lokalna","kat":"powiatowa"},"geometry":{"type":"LineString","coordinates":[[20.16965,50.08452],[20.16816,50.08444]]}},{"type":"Feature","properties":{"numer":"602540K","klasa":"droga lokalna","kat":"powiatowa"},"geometry":{"type":"LineString","coordinates":[[20.15071,50.08443],[20.15023,50.08474]]}},{"type":"Feature","properties":{"numer":"603171K","klasa":"droga lokalna","kat":"powiatowa"},"geometry":{"type":"LineString","coordinates":[[20.17027,50.08482],[20.16965,50.08452]]}},{"type":"Feature","properties":{"numer":"602658K","klasa":"droga lokalna","kat":"powiatowa"},"geometry":{"type":"LineString","coordinates":[[20.18605,50.08092],[20.18444,50.08259],[20.18154,50.08442],[20.18135,50.08491],[20.18147,50.08577],[20.18139,50.08598],[20.18038,50.08669],[20.17969,50.08819],[20.17955,50.08832],[20.17918,50.08847]]}},{"type":"Feature","properties":{"numer":"602540K","klasa":"droga lokalna","kat":"powiatowa"},"geometry":{"type":"LineString","coordinates":[[20.15023,50.08474],[20.14968,50.08503]]}},{"type":"Feature","properties":{"numer":"603171K","klasa":"droga lokalna","kat":"powiatowa"},"geometry":{"type":"LineString","coordinates":[[20.17086,50.08535],[20.17027,50.08482]]}},{"type":"Feature","properties":{"numer":"602540K","klasa":"droga lokalna","kat":"powiatowa"},"geometry":{"type":"LineString","coordinates":[[20.14968,50.08503],[20.14868,50.08542]]}},{"type":"Feature","properties":{"numer":"602540K","klasa":"droga lokalna","kat":"powiatowa"},"geometry":{"type":"LineString","coordinates":[[20.14868,50.08542],[20.1474,50.08588],[20.14645,50.08639]]}},{"type":"Feature","properties":{"numer":"603171K","klasa":"droga lokalna","kat":"powiatowa"},"geometry":{"type":"LineString","coordinates":[[20.17241,50.08679],[20.17086,50.08535]]}},{"type":"Feature","properties":{"numer":"602540K","klasa":"droga lokalna","kat":"powiatowa"},"geometry":{"type":"LineString","coordinates":[[20.14645,50.08639],[20.14622,50.08687]]}},{"type":"Feature","properties":{"numer":"603171K","klasa":"droga lokalna","kat":"powiatowa"},"geometry":{"type":"LineString","coordinates":[[20.17262,50.08698],[20.17241,50.08679]]}},{"type":"Feature","properties":{"numer":"603171K","klasa":"droga lokalna","kat":"powiatowa"},"geometry":{"type":"LineString","coordinates":[[20.17281,50.08716],[20.17262,50.08698]]}},{"type":"Feature","properties":{"numer":"603171K","klasa":"droga lokalna","kat":"powiatowa"},"geometry":{"type":"LineString","coordinates":[[20.17287,50.08721],[20.17281,50.08716]]}},{"type":"Feature","properties":{"numer":"602540K","klasa":"droga lokalna","kat":"powiatowa"},"geometry":{"type":"LineString","coordinates":[[20.14622,50.08708],[20.14633,50.08768]]}},{"type":"Feature","properties":{"numer":"603171K","klasa":"droga lokalna","kat":"powiatowa"},"geometry":{"type":"LineString","coordinates":[[20.1736,50.08788],[20.17287,50.08721]]}},{"type":"Feature","properties":{"numer":"602540K","klasa":"droga lokalna","kat":"powiatowa"},"geometry":{"type":"LineString","coordinates":[[20.14633,50.08768],[20.14617,50.08805]]}},{"type":"Feature","properties":{"numer":"603171K","klasa":"droga lokalna","kat":"powiatowa"},"geometry":{"type":"LineString","coordinates":[[20.17375,50.08802],[20.1736,50.08788]]}},{"type":"Feature","properties":{"numer":"603171K","klasa":"droga lokalna","kat":"powiatowa"},"geometry":{"type":"LineString","coordinates":[[20.17393,50.08819],[20.17375,50.08802]]}},{"type":"Feature","properties":{"numer":"602540K","klasa":"droga lokalna","kat":"powiatowa"},"geometry":{"type":"LineString","coordinates":[[20.14617,50.08805],[20.1455,50.08839]]}},{"type":"Feature","properties":{"numer":"603171K","klasa":"droga lokalna","kat":"powiatowa"},"geometry":{"type":"LineString","coordinates":[[20.1741,50.08835],[20.17393,50.08819]]}},{"type":"Feature","properties":{"numer":"603609K","klasa":"droga lokalna","kat":"powiatowa"},"geometry":{"type":"LineString","coordinates":[[20.14229,50.08855],[20.13919,50.08863],[20.13787,50.08858],[20.13384,50.08798]]}},{"type":"Feature","properties":{"numer":"603609K","klasa":"droga lokalna","kat":"powiatowa"},"geometry":{"type":"LineString","coordinates":[[20.1455,50.08839],[20.14456,50.08851],[20.14229,50.08855]]}},{"type":"Feature","properties":{"numer":"602658K","klasa":"droga lokalna","kat":"powiatowa"},"geometry":{"type":"LineString","coordinates":[[20.17918,50.08847],[20.17789,50.08881],[20.17654,50.08907],[20.17604,50.0893]]}},{"type":"Feature","properties":{"numer":"603171K","klasa":"droga lokalna","kat":"powiatowa"},"geometry":{"type":"LineString","coordinates":[[20.17572,50.08946],[20.17474,50.08891],[20.1741,50.08835]]}},{"type":"Feature","properties":{"numer":"602658K","klasa":"droga lokalna","kat":"powiatowa"},"geometry":{"type":"LineString","coordinates":[[20.17604,50.0893],[20.17572,50.08946]]}},{"type":"Feature","properties":{"numer":"602658K","klasa":"droga lokalna","kat":"powiatowa"},"geometry":{"type":"LineString","coordinates":[[20.17509,50.09088],[20.17553,50.08964],[20.17572,50.08946]]}},{"type":"Feature","properties":{"numer":"602658K","klasa":"droga lokalna","kat":"powiatowa"},"geometry":{"type":"LineString","coordinates":[[20.17477,50.09135],[20.17509,50.09088]]}},{"type":"Feature","properties":{"numer":"602658K","klasa":"droga lokalna","kat":"powiatowa"},"geometry":{"type":"LineString","coordinates":[[20.17401,50.09212],[20.17477,50.09135]]}},{"type":"Feature","properties":{"numer":"603502K","klasa":"droga lokalna","kat":"powiatowa"},"geometry":{"type":"LineString","coordinates":[[20.10772,50.09377],[20.10869,50.09392]]}},{"type":"Feature","properties":{"numer":"603502K","klasa":"droga lokalna","kat":"powiatowa"},"geometry":{"type":"LineString","coordinates":[[20.10869,50.09392],[20.10954,50.09406]]}},{"type":"Feature","properties":{"numer":"602407K","klasa":"droga lokalna","kat":"powiatowa"},"geometry":{"type":"LineString","coordinates":[[20.13151,50.09411],[20.13146,50.09416]]}},{"type":"Feature","properties":{"numer":"602407K","klasa":"droga lokalna","kat":"powiatowa"},"geometry":{"type":"LineString","coordinates":[[20.13146,50.09416],[20.13116,50.09447]]}},{"type":"Feature","properties":{"numer":"2219K","klasa":"","kat":"powiatowa"},"geometry":{"type":"LineString","coordinates":[[20.09332,50.09509],[20.09594,50.0945],[20.09728,50.09431],[20.09789,50.09427],[20.10099,50.09437],[20.10521,50.09394],[20.10772,50.09377]]}},{"type":"Feature","properties":{"numer":"603502K","klasa":"droga lokalna","kat":"powiatowa"},"geometry":{"type":"LineString","coordinates":[[20.10954,50.09406],[20.11222,50.09453],[20.11351,50.09486]]}},{"type":"Feature","properties":{"numer":"602407K","klasa":"droga lokalna","kat":"powiatowa"},"geometry":{"type":"LineString","coordinates":[[20.13116,50.09447],[20.13048,50.09519]]}},{"type":"Feature","properties":{"numer":"603502K","klasa":"droga lokalna","kat":"powiatowa"},"geometry":{"type":"LineString","coordinates":[[20.11351,50.09486],[20.11572,50.0955]]}},{"type":"Feature","properties":{"numer":"602407K","klasa":"droga lokalna","kat":"powiatowa"},"geometry":{"type":"LineString","coordinates":[[20.13048,50.09519],[20.12955,50.09617]]}},{"type":"Feature","properties":{"numer":"603502K","klasa":"droga lokalna","kat":"powiatowa"},"geometry":{"type":"LineString","coordinates":[[20.11572,50.0955],[20.11707,50.09587]]}},{"type":"Feature","properties":{"numer":"603502K","klasa":"droga lokalna","kat":"powiatowa"},"geometry":{"type":"LineString","coordinates":[[20.11707,50.09587],[20.11773,50.09606]]}},{"type":"Feature","properties":{"numer":"603502K","klasa":"droga lokalna","kat":"powiatowa"},"geometry":{"type":"LineString","coordinates":[[20.11773,50.09606],[20.11901,50.09643]]}},{"type":"Feature","properties":{"numer":"602407K","klasa":"droga lokalna","kat":"powiatowa"},"geometry":{"type":"LineString","coordinates":[[20.12955,50.09617],[20.12923,50.09652]]}},{"type":"Feature","properties":{"numer":"603502K","klasa":"droga lokalna","kat":"powiatowa"},"geometry":{"type":"LineString","coordinates":[[20.11901,50.09643],[20.11968,50.09662]]}},{"type":"Feature","properties":{"numer":"603502K","klasa":"droga lokalna","kat":"powiatowa"},"geometry":{"type":"LineString","coordinates":[[20.11968,50.09662],[20.11993,50.09669]]}},{"type":"Feature","properties":{"numer":"602407K","klasa":"droga lokalna","kat":"powiatowa"},"geometry":{"type":"LineString","coordinates":[[20.12923,50.09652],[20.1289,50.09687]]}},{"type":"Feature","properties":{"numer":"603502K","klasa":"droga lokalna","kat":"powiatowa"},"geometry":{"type":"LineString","coordinates":[[20.11993,50.09669],[20.12099,50.09695]]}},{"type":"Feature","properties":{"numer":"603502K","klasa":"droga lokalna","kat":"powiatowa"},"geometry":{"type":"LineString","coordinates":[[20.12192,50.09687],[20.12228,50.09683]]}},{"type":"Feature","properties":{"numer":"603502K","klasa":"droga lokalna","kat":"powiatowa"},"geometry":{"type":"LineString","coordinates":[[20.12128,50.09698],[20.12192,50.09687]]}},{"type":"Feature","properties":{"numer":"603502K","klasa":"droga lokalna","kat":"powiatowa"},"geometry":{"type":"LineString","coordinates":[[20.12228,50.09683],[20.1229,50.09684],[20.12389,50.09702]]}},{"type":"Feature","properties":{"numer":"603370K","klasa":"droga dojazdowa","kat":"powiatowa"},"geometry":{"type":"LineString","coordinates":[[20.17334,50.09629],[20.1746,50.09406],[20.17444,50.09281],[20.17401,50.09212]]}},{"type":"Feature","properties":{"numer":"603370K","klasa":"droga dojazdowa","kat":"powiatowa"},"geometry":{"type":"LineString","coordinates":[[20.17361,50.09685],[20.17335,50.09664],[20.17334,50.09629]]}},{"type":"Feature","properties":{"numer":"603370K","klasa":"droga dojazdowa","kat":"powiatowa"},"geometry":{"type":"LineString","coordinates":[[20.17555,50.09692],[20.17405,50.09693],[20.17361,50.09685]]}},{"type":"Feature","properties":{"numer":"603370K","klasa":"droga dojazdowa","kat":"powiatowa"},"geometry":{"type":"LineString","coordinates":[[20.17561,50.09692],[20.17555,50.09692]]}},{"type":"Feature","properties":{"numer":"603370K","klasa":"droga dojazdowa","kat":"powiatowa"},"geometry":{"type":"LineString","coordinates":[[20.17891,50.09697],[20.17861,50.09687],[20.17561,50.09692]]}},{"type":"Feature","properties":{"numer":"602232K","klasa":"droga dojazdowa","kat":"powiatowa"},"geometry":{"type":"LineString","coordinates":[[20.17855,50.09841],[20.17894,50.09773],[20.17902,50.09701],[20.17891,50.09697]]}},{"type":"Feature","properties":{"numer":"602232K","klasa":"droga dojazdowa","kat":"powiatowa"},"geometry":{"type":"LineString","coordinates":[[20.17839,50.09859],[20.17855,50.09841]]}},{"type":"Feature","properties":{"numer":"602232K","klasa":"droga dojazdowa","kat":"powiatowa"},"geometry":{"type":"LineString","coordinates":[[20.17674,50.10064],[20.17839,50.09859]]}},{"type":"Feature","properties":{"numer":"602232K","klasa":"droga dojazdowa","kat":"powiatowa"},"geometry":{"type":"LineString","coordinates":[[20.17429,50.10162],[20.17581,50.10107],[20.17674,50.10064]]}},{"type":"Feature","properties":{"numer":"602232K","klasa":"droga dojazdowa","kat":"powiatowa"},"geometry":{"type":"LineString","coordinates":[[20.17423,50.10164],[20.17429,50.10162]]}},{"type":"Feature","properties":{"numer":"603502K","klasa":"droga lokalna","kat":"powiatowa"},"geometry":{"type":"LineString","coordinates":[[20.12099,50.09695],[20.12128,50.09698]]}},{"type":"Feature","properties":{"numer":"602407K","klasa":"droga lokalna","kat":"powiatowa"},"geometry":{"type":"LineString","coordinates":[[20.1289,50.09687],[20.1287,50.0971]]}},{"type":"Feature","properties":{"numer":"603502K","klasa":"droga lokalna","kat":"powiatowa"},"geometry":{"type":"LineString","coordinates":[[20.12389,50.09702],[20.12435,50.09725]]}},{"type":"Feature","properties":{"numer":"602407K","klasa":"droga lokalna","kat":"powiatowa"},"geometry":{"type":"LineString","coordinates":[[20.1287,50.0971],[20.12844,50.09738]]}},{"type":"Feature","properties":{"numer":"602525K","klasa":"droga dojazdowa","kat":"powiatowa"},"geometry":{"type":"LineString","coordinates":[[20.12418,50.09755],[20.12435,50.09725]]}},{"type":"Feature","properties":{"numer":"602407K","klasa":"droga lokalna","kat":"powiatowa"},"geometry":{"type":"LineString","coordinates":[[20.12844,50.09738],[20.12834,50.09749]]}},{"type":"Feature","properties":{"numer":"602407K","klasa":"droga lokalna","kat":"powiatowa"},"geometry":{"type":"LineString","coordinates":[[20.12834,50.09749],[20.12821,50.09763]]}},{"type":"Feature","properties":{"numer":"602525K","klasa":"droga dojazdowa","kat":"powiatowa"},"geometry":{"type":"LineString","coordinates":[[20.12415,50.09773],[20.12418,50.09755]]}},{"type":"Feature","properties":{"numer":"602525K","klasa":"droga dojazdowa","kat":"powiatowa"},"geometry":{"type":"LineString","coordinates":[[20.12415,50.09777],[20.12415,50.09773]]}},{"type":"Feature","properties":{"numer":"602525K","klasa":"droga dojazdowa","kat":"powiatowa"},"geometry":{"type":"LineString","coordinates":[[20.12415,50.09835],[20.12415,50.09777]]}},{"type":"Feature","properties":{"numer":"603137K","klasa":"droga zbiorcza","kat":"powiatowa"},"geometry":{"type":"LineString","coordinates":[[19.9382,50.08562],[19.93824,50.08585]]}},{"type":"Feature","properties":{"numer":"602780K","klasa":"droga lokalna","kat":"powiatowa"},"geometry":{"type":"LineString","coordinates":[[19.9229,50.0864],[19.92315,50.08514]]}},{"type":"Feature","properties":{"numer":"602682K","klasa":"droga lokalna","kat":"powiatowa"},"geometry":{"type":"LineString","coordinates":[[19.93089,50.08579],[19.93134,50.08661]]}},{"type":"Feature","properties":{"numer":"602780K","klasa":"droga lokalna","kat":"powiatowa"},"geometry":{"type":"LineString","coordinates":[[19.92285,50.08702],[19.9229,50.0864]]}},{"type":"Feature","properties":{"numer":"602682K","klasa":"droga lokalna","kat":"powiatowa"},"geometry":{"type":"LineString","coordinates":[[19.93134,50.08661],[19.9314,50.08704]]}},{"type":"Feature","properties":{"numer":"602682K","klasa":"droga lokalna","kat":"powiatowa"},"geometry":{"type":"LineString","coordinates":[[19.9314,50.08704],[19.93139,50.08719]]}},{"type":"Feature","properties":{"numer":"602780K","klasa":"droga lokalna","kat":"powiatowa"},"geometry":{"type":"LineString","coordinates":[[19.92091,50.08762],[19.92285,50.08702]]}},{"type":"Feature","properties":{"numer":"602682K","klasa":"droga lokalna","kat":"powiatowa"},"geometry":{"type":"LineString","coordinates":[[19.93139,50.08719],[19.93137,50.08756]]}},{"type":"Feature","properties":{"numer":"602682K","klasa":"droga lokalna","kat":"powiatowa"},"geometry":{"type":"LineString","coordinates":[[19.93137,50.08756],[19.93135,50.08789]]}},{"type":"Feature","properties":{"numer":"602957K","klasa":"droga lokalna","kat":"powiatowa"},"geometry":{"type":"LineString","coordinates":[[19.93135,50.08789],[19.93202,50.08811]]}},{"type":"Feature","properties":{"numer":"2227K","klasa":"droga zbiorcza","kat":"powiatowa"},"geometry":{"type":"LineString","coordinates":[[19.97093,50.08493],[19.97116,50.08512]]}},{"type":"Feature","properties":{"numer":"79","klasa":"droga gĹ‚Ăłwna ruchu przyĹ›pieszonego","kat":"krajowa"},"geometry":{"type":"LineString","coordinates":[[19.97116,50.08512],[19.96482,50.08499],[19.95843,50.08525]]}},{"type":"Feature","properties":{"numer":"2210K","klasa":"droga gĹ‚Ăłwna ruchu przyĹ›pieszonego","kat":"powiatowa"},"geometry":{"type":"LineString","coordinates":[[19.97116,50.08512],[19.97134,50.08541]]}},{"type":"Feature","properties":{"numer":"79","klasa":"droga gĹ‚Ăłwna ruchu przyĹ›pieszonego","kat":"krajowa"},"geometry":{"type":"LineString","coordinates":[[19.95843,50.08525],[19.95725,50.08537],[19.95468,50.08612]]}},{"type":"Feature","properties":{"numer":"7,79,E77","klasa":"droga gĹ‚Ăłwna ruchu przyĹ›pieszonego","kat":"gminna"},"geometry":{"type":"LineString","coordinates":[[19.95468,50.08612],[19.95177,50.08675]]}},{"type":"Feature","properties":{"numer":"2210K","klasa":"droga gĹ‚Ăłwna ruchu przyĹ›pieszonego","kat":"powiatowa"},"geometry":{"type":"LineString","coordinates":[[19.97134,50.08541],[19.97223,50.0865],[19.97344,50.08868],[19.97384,50.08897]]}},{"type":"Feature","properties":{"numer":"7,E77","klasa":"droga zbiorcza","kat":"powiatowa"},"geometry":{"type":"LineString","coordinates":[[19.9572,50.08855],[19.95468,50.08612]]}},{"type":"Feature","properties":{"numer":"2211K","klasa":"droga zbiorcza","kat":"powiatowa"},"geometry":{"type":"LineString","coordinates":[[19.97279,50.08897],[19.96859,50.08859],[19.96485,50.08796],[19.96255,50.08793],[19.96158,50.08798],[19.96066,50.08812],[19.95858,50.08878],[19.95797,50.08913]]}},{"type":"Feature","properties":{"numer":"7,E77","klasa":"droga gĹ‚Ăłwna ruchu przyĹ›pieszonego","kat":"gminna"},"geometry":{"type":"LineString","coordinates":[[19.95732,50.08865],[19.9572,50.08855]]}},{"type":"Feature","properties":{"numer":"7,E77","klasa":"droga zbiorcza","kat":"powiatowa"},"geometry":{"type":"LineString","coordinates":[[19.95797,50.08913],[19.95732,50.08865]]}},{"type":"Feature","properties":{"numer":"602957K","klasa":"droga lokalna","kat":"powiatowa"},"geometry":{"type":"LineString","coordinates":[[19.93202,50.08811],[19.93265,50.08829]]}},{"type":"Feature","properties":{"numer":"7,79,E77","klasa":"droga gĹ‚Ăłwna ruchu przyĹ›pieszonego","kat":"gminna"},"geometry":{"type":"LineString","coordinates":[[19.95177,50.08675],[19.94767,50.08793],[19.94348,50.09005]]}},{"type":"Feature","properties":{"numer":"","klasa":"droga wewnÄ™trzna","kat":"gminna"},"geometry":{"type":"LineString","coordinates":[[19.93265,50.08829],[19.93247,50.08876]]}},{"type":"Feature","properties":{"numer":"2273K","klasa":"droga zbiorcza","kat":"powiatowa"},"geometry":{"type":"LineString","coordinates":[[19.93958,50.09141],[19.93919,50.09079],[19.93901,50.09025],[19.93824,50.08585]]}},{"type":"Feature","properties":{"numer":"602780K","klasa":"droga lokalna","kat":"powiatowa"},"geometry":{"type":"LineString","coordinates":[[19.91953,50.08983],[19.92028,50.08899],[19.92091,50.08762]]}},{"type":"Feature","properties":{"numer":"","klasa":"droga wewnÄ™trzna","kat":"gminna"},"geometry":{"type":"LineString","coordinates":[[19.93247,50.08876],[19.93235,50.08909]]}},{"type":"Feature","properties":{"numer":"2207K","klasa":"droga zbiorcza","kat":"powiatowa"},"geometry":{"type":"LineString","coordinates":[[19.92286,50.09101],[19.92301,50.09065],[19.92263,50.08997],[19.92259,50.08953],[19.92288,50.08915],[19.92392,50.08832],[19.92285,50.08702]]}},{"type":"Feature","properties":{"numer":"","klasa":"droga wewnÄ™trzna","kat":"gminna"},"geometry":{"type":"LineString","coordinates":[[19.93235,50.08909],[19.93214,50.0897]]}},{"type":"Feature","properties":{"numer":"602780K","klasa":"droga lokalna","kat":"powiatowa"},"geometry":{"type":"LineString","coordinates":[[19.91913,50.09039],[19.91953,50.08983]]}},{"type":"Feature","properties":{"numer":"","klasa":"droga wewnÄ™trzna","kat":"gminna"},"geometry":{"type":"LineString","coordinates":[[19.93214,50.0897],[19.93175,50.09052],[19.93114,50.09134]]}},{"type":"Feature","properties":{"numer":"","klasa":"droga wewnÄ™trzna","kat":"gminna"},"geometry":{"type":"LineString","coordinates":[[19.89383,50.08772],[19.89388,50.08759]]}},{"type":"Feature","properties":{"numer":"603525K","klasa":"droga zbiorcza","kat":"powiatowa"},"geometry":{"type":"LineString","coordinates":[[19.90943,50.08716],[19.90931,50.08762],[19.90959,50.08835]]}},{"type":"Feature","properties":{"numer":"7,79,E77","klasa":"droga gĹ‚Ăłwna ruchu przyĹ›pieszonego","kat":"gminna"},"geometry":{"type":"LineString","coordinates":[[19.89635,50.08812],[19.89383,50.08772]]}},{"type":"Feature","properties":{"numer":"7,79,E77","klasa":"droga gĹ‚Ăłwna ruchu przyĹ›pieszonego","kat":"gminna"},"geometry":{"type":"LineString","coordinates":[[19.89828,50.08841],[19.89635,50.08812]]}},{"type":"Feature","properties":{"numer":"7,79,E77","klasa":"droga gĹ‚Ăłwna ruchu przyĹ›pieszonego","kat":"gminna"},"geometry":{"type":"LineString","coordinates":[[19.90328,50.08922],[19.89828,50.08841]]}},{"type":"Feature","properties":{"numer":"603525K","klasa":"","kat":"powiatowa"},"geometry":{"type":"LineString","coordinates":[[19.91003,50.0895],[19.90959,50.08835]]}},{"type":"Feature","properties":{"numer":"","klasa":"","kat":"gminna"},"geometry":{"type":"LineString","coordinates":[[19.90331,50.08915],[19.90328,50.08922]]}},{"type":"Feature","properties":{"numer":"7,79,E77","klasa":"droga gĹ‚Ăłwna ruchu przyĹ›pieszonego","kat":"gminna"},"geometry":{"type":"LineString","coordinates":[[19.91003,50.0895],[19.90537,50.08949],[19.90328,50.08922]]}},{"type":"Feature","properties":{"numer":"2285K","klasa":"droga gĹ‚Ăłwna ruchu przyĹ›pieszonego","kat":"powiatowa"},"geometry":{"type":"LineString","coordinates":[[19.89166,50.08745],[19.89246,50.08901],[19.89324,50.09122],[19.89341,50.09231]]}},{"type":"Feature","properties":{"numer":"7,79,E77","klasa":"droga gĹ‚Ăłwna ruchu przyĹ›pieszonego","kat":"gminna"},"geometry":{"type":"LineString","coordinates":[[19.91908,50.09045],[19.91795,50.09028],[19.91548,50.08966],[19.91451,50.08949],[19.91324,50.08942],[19.91003,50.0895]]}},{"type":"Feature","properties":{"numer":"2208K","klasa":"","kat":"powiatowa"},"geometry":{"type":"LineString","coordinates":[[19.94415,50.0911],[19.94392,50.09061],[19.94348,50.09005]]}},{"type":"Feature","properties":{"numer":"602780K","klasa":"droga lokalna","kat":"powiatowa"},"geometry":{"type":"LineString","coordinates":[[19.91881,50.09083],[19.91904,50.09052]]}},{"type":"Feature","properties":{"numer":"7,79,E77","klasa":"droga gĹ‚Ăłwna ruchu przyĹ›pieszonego","kat":"gminna"},"geometry":{"type":"LineString","coordinates":[[19.92286,50.09101],[19.91908,50.09045]]}},{"type":"Feature","properties":{"numer":"7,79,E77","klasa":"droga gĹ‚Ăłwna ruchu przyĹ›pieszonego","kat":"gminna"},"geometry":{"type":"LineString","coordinates":[[19.94348,50.09005],[19.94165,50.09092],[19.94105,50.09111],[19.93958,50.09141]]}},{"type":"Feature","properties":{"numer":"602780K","klasa":"droga lokalna","kat":"powiatowa"},"geometry":{"type":"LineString","coordinates":[[19.91869,50.09098],[19.91881,50.09083]]}},{"type":"Feature","properties":{"numer":"2208K,602936K","klasa":"","kat":"powiatowa"},"geometry":{"type":"LineString","coordinates":[[19.94417,50.09116],[19.94415,50.0911]]}},{"type":"Feature","properties":{"numer":"79","klasa":"droga gĹ‚Ăłwna ruchu przyĹ›pieszonego","kat":"krajowa"},"geometry":{"type":"LineString","coordinates":[[19.92676,50.09141],[19.92572,50.09138],[19.92286,50.09101]]}},{"type":"Feature","properties":{"numer":"794","klasa":"","kat":"wojewodzka"},"geometry":{"type":"LineString","coordinates":[[19.92286,50.09101],[19.92268,50.09153]]}},{"type":"Feature","properties":{"numer":"79","klasa":"droga gĹ‚Ăłwna ruchu przyĹ›pieszonego","kat":"krajowa"},"geometry":{"type":"LineString","coordinates":[[19.93114,50.09134],[19.92676,50.09141]]}},{"type":"Feature","properties":{"numer":"602780K","klasa":"droga lokalna","kat":"powiatowa"},"geometry":{"type":"LineString","coordinates":[[19.91797,50.09177],[19.91869,50.09098]]}},{"type":"Feature","properties":{"numer":"79","klasa":"droga gĹ‚Ăłwna ruchu przyĹ›pieszonego","kat":"krajowa"},"geometry":{"type":"LineString","coordinates":[[19.93438,50.09167],[19.93258,50.09144],[19.93114,50.09134]]}},{"type":"Feature","properties":{"numer":"794","klasa":"","kat":"wojewodzka"},"geometry":{"type":"LineString","coordinates":[[19.92268,50.09153],[19.92265,50.09159]]}},{"type":"Feature","properties":{"numer":"7,79,E77","klasa":"droga gĹ‚Ăłwna ruchu przyĹ›pieszonego","kat":"gminna"},"geometry":{"type":"LineString","coordinates":[[19.93958,50.09141],[19.9355,50.09177]]}},{"type":"Feature","properties":{"numer":"79","klasa":"droga gĹ‚Ăłwna ruchu przyĹ›pieszonego","kat":"krajowa"},"geometry":{"type":"LineString","coordinates":[[19.9355,50.09177],[19.93438,50.09167]]}},{"type":"Feature","properties":{"numer":"603073K","klasa":"droga lokalna","kat":"powiatowa"},"geometry":{"type":"LineString","coordinates":[[19.9355,50.09182],[19.9355,50.09177]]}},{"type":"Feature","properties":{"numer":"602780K","klasa":"droga lokalna","kat":"powiatowa"},"geometry":{"type":"LineString","coordinates":[[19.91758,50.09218],[19.91797,50.09177]]}},{"type":"Feature","properties":{"numer":"603073K","klasa":"droga lokalna","kat":"powiatowa"},"geometry":{"type":"LineString","coordinates":[[19.93577,50.09239],[19.9355,50.09182]]}},{"type":"Feature","properties":{"numer":"794","klasa":"","kat":"wojewodzka"},"geometry":{"type":"LineString","coordinates":[[19.92265,50.09159],[19.92222,50.09282],[19.92188,50.09338]]}},{"type":"Feature","properties":{"numer":"2206K","klasa":"","kat":"powiatowa"},"geometry":{"type":"LineString","coordinates":[[19.91758,50.09218],[19.92188,50.09338]]}},{"type":"Feature","properties":{"numer":"603073K","klasa":"droga lokalna","kat":"powiatowa"},"geometry":{"type":"LineString","coordinates":[[19.93663,50.09331],[19.93577,50.09239]]}},{"type":"Feature","properties":{"numer":"2208K","klasa":"","kat":"powiatowa"},"geometry":{"type":"LineString","coordinates":[[19.94665,50.09585],[19.94569,50.09505],[19.94537,50.09458],[19.94417,50.09116]]}},{"type":"Feature","properties":{"numer":"794","klasa":"","kat":"wojewodzka"},"geometry":{"type":"LineString","coordinates":[[19.92188,50.09338],[19.92309,50.09373]]}},{"type":"Feature","properties":{"numer":"603073K","klasa":"droga lokalna","kat":"powiatowa"},"geometry":{"type":"LineString","coordinates":[[19.93748,50.09428],[19.93663,50.09331]]}},{"type":"Feature","properties":{"numer":"794","klasa":"","kat":"wojewodzka"},"geometry":{"type":"LineString","coordinates":[[19.92309,50.09373],[19.92276,50.09424],[19.92272,50.09473]]}},{"type":"Feature","properties":{"numer":"794","klasa":"","kat":"wojewodzka"},"geometry":{"type":"LineString","coordinates":[[19.92309,50.09373],[19.92512,50.09423],[19.92889,50.0948]]}},{"type":"Feature","properties":{"numer":"","klasa":"droga wewnÄ™trzna","kat":"gminna"},"geometry":{"type":"LineString","coordinates":[[19.93748,50.09428],[19.93736,50.09474]]}},{"type":"Feature","properties":{"numer":"603028K","klasa":"droga lokalna","kat":"powiatowa"},"geometry":{"type":"LineString","coordinates":[[19.93626,50.09473],[19.93679,50.09472]]}},{"type":"Feature","properties":{"numer":"603028K","klasa":"","kat":"powiatowa"},"geometry":{"type":"LineString","coordinates":[[19.93679,50.09472],[19.93736,50.09474]]}},{"type":"Feature","properties":{"numer":"794","klasa":"","kat":"wojewodzka"},"geometry":{"type":"LineString","coordinates":[[19.92889,50.0948],[19.92905,50.09483]]}},{"type":"Feature","properties":{"numer":"603028K","klasa":"droga lokalna","kat":"powiatowa"},"geometry":{"type":"LineString","coordinates":[[19.93528,50.09494],[19.93626,50.09473]]}},{"type":"Feature","properties":{"numer":"602990K","klasa":"droga lokalna","kat":"powiatowa"},"geometry":{"type":"LineString","coordinates":[[19.88126,50.09104],[19.88157,50.09164]]}},{"type":"Feature","properties":{"numer":"602990K","klasa":"droga lokalna","kat":"powiatowa"},"geometry":{"type":"LineString","coordinates":[[19.88157,50.09164],[19.88181,50.09194]]}},{"type":"Feature","properties":{"numer":"602990K","klasa":"droga lokalna","kat":"powiatowa"},"geometry":{"type":"LineString","coordinates":[[19.88181,50.09194],[19.88225,50.09264],[19.88231,50.09299]]}},{"type":"Feature","properties":{"numer":"602990K","klasa":"droga lokalna","kat":"powiatowa"},"geometry":{"type":"LineString","coordinates":[[19.88231,50.09299],[19.88234,50.09331]]}},{"type":"Feature","properties":{"numer":"602990K","klasa":"droga lokalna","kat":"powiatowa"},"geometry":{"type":"LineString","coordinates":[[19.88234,50.09331],[19.88241,50.09433]]}},{"type":"Feature","properties":{"numer":"602990K","klasa":"droga lokalna","kat":"powiatowa"},"geometry":{"type":"LineString","coordinates":[[19.88241,50.09433],[19.88242,50.09459]]}},{"type":"Feature","properties":{"numer":"7,79,E77","klasa":"droga gĹ‚Ăłwna ruchu przyĹ›pieszonego","kat":"gminna"},"geometry":{"type":"LineString","coordinates":[[19.89166,50.08745],[19.89013,50.08756],[19.88895,50.08788],[19.88407,50.08974],[19.87831,50.0923],[19.87284,50.09569],[19.86882,50.09773],[19.8684,50.09812],[19.86728,50.09964],[19.86641,50.10051],[19.86548,50.10119],[19.86434,50.10171]]}},{"type":"Feature","properties":{"numer":"602990K","klasa":"droga lokalna","kat":"powiatowa"},"geometry":{"type":"LineString","coordinates":[[19.88242,50.09459],[19.88246,50.09491]]}},{"type":"Feature","properties":{"numer":"602990K","klasa":"droga lokalna","kat":"powiatowa"},"geometry":{"type":"LineString","coordinates":[[19.88246,50.09491],[19.88254,50.09514]]}},{"type":"Feature","properties":{"numer":"2285K","klasa":"droga gĹ‚Ăłwna ruchu przyĹ›pieszonego","kat":"powiatowa"},"geometry":{"type":"LineString","coordinates":[[19.89341,50.09231],[19.89332,50.09299],[19.89293,50.09402],[19.89034,50.0984]]}},{"type":"Feature","properties":{"numer":"603281K","klasa":"droga lokalna","kat":"powiatowa"},"geometry":{"type":"LineString","coordinates":[[19.95423,50.09247],[19.9541,50.09256]]}},{"type":"Feature","properties":{"numer":"603281K","klasa":"droga lokalna","kat":"powiatowa"},"geometry":{"type":"LineString","coordinates":[[19.9541,50.09256],[19.95345,50.09297]]}},{"type":"Feature","properties":{"numer":"603281K","klasa":"droga lokalna","kat":"powiatowa"},"geometry":{"type":"LineString","coordinates":[[19.95929,50.09297],[19.95888,50.0927]]}},{"type":"Feature","properties":{"numer":"603281K","klasa":"droga lokalna","kat":"powiatowa"},"geometry":{"type":"LineString","coordinates":[[19.95345,50.09297],[19.95327,50.09309]]}},{"type":"Feature","properties":{"numer":"603281K","klasa":"droga lokalna","kat":"powiatowa"},"geometry":{"type":"LineString","coordinates":[[19.95327,50.09309],[19.95265,50.09349]]}},{"type":"Feature","properties":{"numer":"603281K","klasa":"droga lokalna","kat":"powiatowa"},"geometry":{"type":"LineString","coordinates":[[19.96101,50.09384],[19.96074,50.09381],[19.95929,50.09297]]}},{"type":"Feature","properties":{"numer":"603281K","klasa":"droga lokalna","kat":"powiatowa"},"geometry":{"type":"LineString","coordinates":[[19.95265,50.09349],[19.95156,50.09419]]}},{"type":"Feature","properties":{"numer":"603281K","klasa":"droga lokalna","kat":"powiatowa"},"geometry":{"type":"LineString","coordinates":[[19.95156,50.09419],[19.95134,50.09433]]}},{"type":"Feature","properties":{"numer":"2210K","klasa":"droga zbiorcza","kat":"powiatowa"},"geometry":{"type":"LineString","coordinates":[[19.97287,50.09801],[19.97482,50.09511],[19.97576,50.09394],[19.97562,50.09341],[19.97406,50.09145]]}},{"type":"Feature","properties":{"numer":"603281K","klasa":"droga lokalna","kat":"powiatowa"},"geometry":{"type":"LineString","coordinates":[[19.95134,50.09433],[19.95001,50.09519]]}},{"type":"Feature","properties":{"numer":"7,E77","klasa":"droga zbiorcza","kat":"powiatowa"},"geometry":{"type":"LineString","coordinates":[[19.9623,50.0978],[19.96049,50.09195]]}},{"type":"Feature","properties":{"numer":"2209K","klasa":"droga zbiorcza","kat":"powiatowa"},"geometry":{"type":"LineString","coordinates":[[19.97287,50.09801],[19.96961,50.09617],[19.9685,50.09542],[19.96661,50.09447],[19.96441,50.09352],[19.963,50.09305],[19.96114,50.09197],[19.96089,50.09192],[19.96049,50.09195]]}},{"type":"Feature","properties":{"numer":"603281K","klasa":"droga lokalna","kat":"powiatowa"},"geometry":{"type":"LineString","coordinates":[[19.95001,50.09519],[19.9497,50.0954]]}},{"type":"Feature","properties":{"numer":"602713K","klasa":"","kat":"powiatowa"},"geometry":{"type":"LineString","coordinates":[[19.9623,50.0978],[19.96157,50.09796]]}},{"type":"Feature","properties":{"numer":"602713K","klasa":"droga lokalna","kat":"powiatowa"},"geometry":{"type":"LineString","coordinates":[[19.96157,50.09796],[19.96115,50.09797]]}},{"type":"Feature","properties":{"numer":"602713K","klasa":"droga lokalna","kat":"powiatowa"},"geometry":{"type":"LineString","coordinates":[[19.96115,50.09797],[19.96035,50.09798]]}},{"type":"Feature","properties":{"numer":"602713K","klasa":"droga lokalna","kat":"powiatowa"},"geometry":{"type":"LineString","coordinates":[[19.96035,50.09798],[19.95998,50.09805]]}},{"type":"Feature","properties":{"numer":"602713K","klasa":"droga lokalna","kat":"powiatowa"},"geometry":{"type":"LineString","coordinates":[[19.95593,50.09811],[19.95133,50.09825]]}},{"type":"Feature","properties":{"numer":"602713K","klasa":"droga lokalna","kat":"powiatowa"},"geometry":{"type":"LineString","coordinates":[[19.95742,50.09827],[19.95593,50.09811]]}},{"type":"Feature","properties":{"numer":"602713K","klasa":"droga lokalna","kat":"powiatowa"},"geometry":{"type":"LineString","coordinates":[[19.95998,50.09805],[19.95997,50.09836]]}},{"type":"Feature","properties":{"numer":"2221K","klasa":"droga ekspresowa","kat":"krajowa"},"geometry":{"type":"LineString","coordinates":[[20.05615,50.08924],[20.05554,50.08955],[20.05474,50.0897]]}},{"type":"Feature","properties":{"numer":"602798K","klasa":"droga lokalna","kat":"powiatowa"},"geometry":{"type":"LineString","coordinates":[[20.04413,50.08949],[20.04341,50.08945]]}},{"type":"Feature","properties":{"numer":"602798K","klasa":"droga lokalna","kat":"powiatowa"},"geometry":{"type":"LineString","coordinates":[[20.04493,50.08948],[20.04413,50.08949]]}},{"type":"Feature","properties":{"numer":"776","klasa":"droga gĹ‚Ăłwna","kat":"wojewodzka"},"geometry":{"type":"LineString","coordinates":[[20.05615,50.08924],[20.05659,50.08956],[20.05669,50.08981]]}},{"type":"Feature","properties":{"numer":"2221K","klasa":"droga ekspresowa","kat":"krajowa"},"geometry":{"type":"LineString","coordinates":[[20.05474,50.0897],[20.0545,50.08974]]}},{"type":"Feature","properties":{"numer":"S7","klasa":"droga gĹ‚Ăłwna ruchu przyĹ›pieszonego","kat":"krajowa"},"geometry":{"type":"LineString","coordinates":[[20.05474,50.0897],[20.05454,50.08976]]}},{"type":"Feature","properties":{"numer":"776","klasa":"droga gĹ‚Ăłwna","kat":"wojewodzka"},"geometry":{"type":"LineString","coordinates":[[20.0545,50.08974],[20.05454,50.08976]]}},{"type":"Feature","properties":{"numer":"2221K","klasa":"droga ekspresowa","kat":"krajowa"},"geometry":{"type":"LineString","coordinates":[[20.0545,50.08974],[20.0544,50.0898]]}},{"type":"Feature","properties":{"numer":"S7","klasa":"droga gĹ‚Ăłwna ruchu przyĹ›pieszonego","kat":"krajowa"},"geometry":{"type":"LineString","coordinates":[[20.05454,50.08976],[20.0544,50.0898]]}},{"type":"Feature","properties":{"numer":"776","klasa":"droga gĹ‚Ăłwna","kat":"wojewodzka"},"geometry":{"type":"LineString","coordinates":[[20.05454,50.08976],[20.05488,50.08993],[20.05613,50.08973],[20.05669,50.08981]]}},{"type":"Feature","properties":{"numer":"2211K","klasa":"droga zbiorcza","kat":"powiatowa"},"geometry":{"type":"LineString","coordinates":[[19.97279,50.08897],[19.97384,50.08897]]}},{"type":"Feature","properties":{"numer":"2211K","klasa":"droga zbiorcza","kat":"powiatowa"},"geometry":{"type":"LineString","coordinates":[[19.97597,50.08935],[19.97437,50.08912],[19.97384,50.08897]]}},{"type":"Feature","properties":{"numer":"2210K","klasa":"droga zbiorcza","kat":"powiatowa"},"geometry":{"type":"LineString","coordinates":[[19.97376,50.08957],[19.97384,50.08897]]}},{"type":"Feature","properties":{"numer":"2210K","klasa":"droga zbiorcza","kat":"powiatowa"},"geometry":{"type":"LineString","coordinates":[[19.97376,50.08957],[19.97401,50.09128]]}},{"type":"Feature","properties":{"numer":"7,E77","klasa":"droga zbiorcza","kat":"powiatowa"},"geometry":{"type":"LineString","coordinates":[[19.96049,50.09195],[19.96019,50.09142],[19.95797,50.08913]]}},{"type":"Feature","properties":{"numer":"2210K","klasa":"droga zbiorcza","kat":"powiatowa"},"geometry":{"type":"LineString","coordinates":[[19.97401,50.09128],[19.97406,50.09145]]}},{"type":"Feature","properties":{"numer":"603281K","klasa":"droga lokalna","kat":"powiatowa"},"geometry":{"type":"LineString","coordinates":[[19.95568,50.09192],[19.95523,50.09202]]}},{"type":"Feature","properties":{"numer":"603281K","klasa":"droga lokalna","kat":"powiatowa"},"geometry":{"type":"LineString","coordinates":[[19.95822,50.09226],[19.95739,50.09177],[19.95693,50.09168],[19.95568,50.09192]]}},{"type":"Feature","properties":{"numer":"603281K","klasa":"droga lokalna","kat":"powiatowa"},"geometry":{"type":"LineString","coordinates":[[19.95523,50.09202],[19.95423,50.09247]]}},{"type":"Feature","properties":{"numer":"603281K","klasa":"droga lokalna","kat":"powiatowa"},"geometry":{"type":"LineString","coordinates":[[19.95888,50.0927],[19.95822,50.09226]]}},{"type":"Feature","properties":{"numer":"776","klasa":"droga gĹ‚Ăłwna","kat":"wojewodzka"},"geometry":{"type":"LineString","coordinates":[[20.05669,50.08981],[20.05689,50.09005]]}},{"type":"Feature","properties":{"numer":"2221K","klasa":"droga ekspresowa","kat":"krajowa"},"geometry":{"type":"LineString","coordinates":[[20.0544,50.0898],[20.05359,50.09012]]}},{"type":"Feature","properties":{"numer":"S7","klasa":"droga gĹ‚Ăłwna ruchu przyĹ›pieszonego","kat":"krajowa"},"geometry":{"type":"LineString","coordinates":[[20.0544,50.0898],[20.05208,50.09039]]}},{"type":"Feature","properties":{"numer":"2221K","klasa":"droga zbiorcza","kat":"powiatowa"},"geometry":{"type":"LineString","coordinates":[[20.05359,50.09012],[20.05347,50.09016]]}},{"type":"Feature","properties":{"numer":"776","klasa":"droga gĹ‚Ăłwna","kat":"wojewodzka"},"geometry":{"type":"LineString","coordinates":[[20.05689,50.09005],[20.05708,50.09032]]}},{"type":"Feature","properties":{"numer":"2221K","klasa":"droga gĹ‚Ăłwna ruchu przyĹ›pieszonego","kat":"powiatowa"},"geometry":{"type":"LineString","coordinates":[[20.05347,50.09016],[20.05208,50.09039]]}},{"type":"Feature","properties":{"numer":"776","klasa":"droga gĹ‚Ăłwna","kat":"wojewodzka"},"geometry":{"type":"LineString","coordinates":[[20.05708,50.09032],[20.05753,50.09078],[20.05799,50.09102]]}},{"type":"Feature","properties":{"numer":"2219K","klasa":"","kat":"powiatowa"},"geometry":{"type":"LineString","coordinates":[[20.05799,50.09102],[20.05829,50.09082],[20.05954,50.09037],[20.06033,50.09018],[20.06349,50.09013],[20.06606,50.09033],[20.06938,50.09095],[20.07227,50.09138]]}},{"type":"Feature","properties":{"numer":"S7","klasa":"droga gĹ‚Ăłwna ruchu przyĹ›pieszonego","kat":"krajowa"},"geometry":{"type":"LineString","coordinates":[[20.05208,50.09039],[20.04681,50.09133],[20.03854,50.09317]]}},{"type":"Feature","properties":{"numer":"2221K","klasa":"droga gĹ‚Ăłwna ruchu przyĹ›pieszonego","kat":"powiatowa"},"geometry":{"type":"LineString","coordinates":[[20.05208,50.09039],[20.04805,50.09076],[20.03937,50.0928],[20.03713,50.09299],[20.03544,50.09337],[20.03501,50.09341],[20.02954,50.09322]]}},{"type":"Feature","properties":{"numer":"603558K","klasa":"droga zbiorcza","kat":"powiatowa"},"geometry":{"type":"LineString","coordinates":[[20.0049,50.09067],[20.005,50.09074]]}},{"type":"Feature","properties":{"numer":"2212K","klasa":"droga zbiorcza","kat":"powiatowa"},"geometry":{"type":"LineString","coordinates":[[20.01399,50.09363],[20.00484,50.08835]]}},{"type":"Feature","properties":{"numer":"603558K","klasa":"droga zbiorcza","kat":"powiatowa"},"geometry":{"type":"LineString","coordinates":[[20.005,50.09074],[20.00586,50.09148]]}},{"type":"Feature","properties":{"numer":"2214K","klasa":"droga zbiorcza","kat":"powiatowa"},"geometry":{"type":"LineString","coordinates":[[20.02149,50.09059],[20.01807,50.09117],[20.01736,50.09135],[20.01673,50.09168],[20.01399,50.09363]]}},{"type":"Feature","properties":{"numer":"603558K","klasa":"droga zbiorcza","kat":"powiatowa"},"geometry":{"type":"LineString","coordinates":[[20.00586,50.09148],[20.00623,50.09204],[20.00639,50.09298]]}},{"type":"Feature","properties":{"numer":"2213K","klasa":"droga zbiorcza","kat":"powiatowa"},"geometry":{"type":"LineString","coordinates":[[19.99284,50.09549],[19.99156,50.09543],[19.98877,50.09511],[19.98813,50.09489],[19.98787,50.09467],[19.98772,50.09426],[19.98782,50.09291],[19.98809,50.09069],[19.98833,50.08996]]}},{"type":"Feature","properties":{"numer":"603558K","klasa":"droga zbiorcza","kat":"powiatowa"},"geometry":{"type":"LineString","coordinates":[[20.00639,50.09298],[20.00646,50.09338]]}},{"type":"Feature","properties":{"numer":"2213K,603558K","klasa":"droga zbiorcza","kat":"powiatowa"},"geometry":{"type":"LineString","coordinates":[[20.00646,50.09338],[20.00653,50.09364]]}},{"type":"Feature","properties":{"numer":"2213K","klasa":"droga zbiorcza","kat":"powiatowa"},"geometry":{"type":"LineString","coordinates":[[20.00653,50.09364],[20.00586,50.09368],[20.00472,50.09391]]}},{"type":"Feature","properties":{"numer":"2214K","klasa":"droga zbiorcza","kat":"powiatowa"},"geometry":{"type":"LineString","coordinates":[[20.01399,50.09363],[20.01284,50.09444],[20.01252,50.09453]]}},{"type":"Feature","properties":{"numer":"602170K","klasa":"droga lokalna","kat":"powiatowa"},"geometry":{"type":"LineString","coordinates":[[20.07364,50.0892],[20.0737,50.08911]]}},{"type":"Feature","properties":{"numer":"","klasa":"droga wewnÄ™trzna","kat":"gminna"},"geometry":{"type":"LineString","coordinates":[[20.13309,50.08919],[20.13304,50.08931]]}},{"type":"Feature","properties":{"numer":"602170K","klasa":"droga lokalna","kat":"powiatowa"},"geometry":{"type":"LineString","coordinates":[[20.07341,50.08956],[20.07364,50.0892]]}},{"type":"Feature","properties":{"numer":"","klasa":"droga wewnÄ™trzna","kat":"gminna"},"geometry":{"type":"LineString","coordinates":[[20.13304,50.08931],[20.13243,50.09097]]}},{"type":"Feature","properties":{"numer":"602170K","klasa":"droga lokalna","kat":"powiatowa"},"geometry":{"type":"LineString","coordinates":[[20.07227,50.09138],[20.07341,50.08956]]}},{"type":"Feature","properties":{"numer":"","klasa":"droga wewnÄ™trzna","kat":"gminna"},"geometry":{"type":"LineString","coordinates":[[20.13243,50.09097],[20.13221,50.09147]]}},{"type":"Feature","properties":{"numer":"","klasa":"droga wewnÄ™trzna","kat":"gminna"},"geometry":{"type":"LineString","coordinates":[[20.13221,50.09147],[20.1324,50.09178]]}},{"type":"Feature","properties":{"numer":"603009K","klasa":"droga dojazdowa","kat":"powiatowa"},"geometry":{"type":"LineString","coordinates":[[20.1324,50.09178],[20.13335,50.09215],[20.13347,50.09243],[20.13332,50.09266]]}},{"type":"Feature","properties":{"numer":"602407K","klasa":"droga lokalna","kat":"powiatowa"},"geometry":{"type":"LineString","coordinates":[[20.13332,50.09266],[20.13237,50.09328],[20.13151,50.09411]]}},{"type":"Feature","properties":{"numer":"2219K","klasa":"","kat":"powiatowa"},"geometry":{"type":"LineString","coordinates":[[20.07227,50.09138],[20.07304,50.09163],[20.07455,50.09231],[20.07648,50.09211],[20.07794,50.09232],[20.07957,50.0931],[20.08088,50.0935],[20.08242,50.09413],[20.08346,50.09471],[20.08582,50.09536],[20.08865,50.09556],[20.09171,50.09534],[20.09332,50.09509]]}},{"type":"Feature","properties":{"numer":"2213K","klasa":"droga zbiorcza","kat":"powiatowa"},"geometry":{"type":"LineString","coordinates":[[20.00653,50.09364],[20.01252,50.09453]]}},{"type":"Feature","properties":{"numer":"2212K","klasa":"droga zbiorcza","kat":"powiatowa"},"geometry":{"type":"LineString","coordinates":[[20.02801,50.09322],[20.02604,50.09354],[20.02037,50.09524],[20.01896,50.09545],[20.01769,50.09536],[20.01667,50.09509],[20.01585,50.0947],[20.01399,50.09363]]}},{"type":"Feature","properties":{"numer":"2213K","klasa":"droga zbiorcza","kat":"powiatowa"},"geometry":{"type":"LineString","coordinates":[[20.00472,50.09391],[20.00117,50.09433],[19.99673,50.09543],[19.99529,50.09558]]}},{"type":"Feature","properties":{"numer":"603056K","klasa":"","kat":"powiatowa"},"geometry":{"type":"LineString","coordinates":[[20.01252,50.09453],[20.01283,50.09579]]}},{"type":"Feature","properties":{"numer":"2213K","klasa":"droga zbiorcza","kat":"powiatowa"},"geometry":{"type":"LineString","coordinates":[[19.99529,50.09558],[19.99284,50.09549]]}},{"type":"Feature","properties":{"numer":"603056K","klasa":"droga lokalna","kat":"powiatowa"},"geometry":{"type":"LineString","coordinates":[[20.01283,50.09579],[20.01288,50.09612]]}},{"type":"Feature","properties":{"numer":"603056K","klasa":"droga lokalna","kat":"powiatowa"},"geometry":{"type":"LineString","coordinates":[[20.01288,50.09612],[20.01319,50.09817]]}},{"type":"Feature","properties":{"numer":"602850K","klasa":"droga lokalna","kat":"powiatowa"},"geometry":{"type":"LineString","coordinates":[[20.02545,50.0979],[20.02552,50.09759]]}},{"type":"Feature","properties":{"numer":"602850K","klasa":"droga lokalna","kat":"powiatowa"},"geometry":{"type":"LineString","coordinates":[[20.02528,50.09828],[20.02545,50.0979]]}},{"type":"Feature","properties":{"numer":"602850K","klasa":"droga lokalna","kat":"powiatowa"},"geometry":{"type":"LineString","coordinates":[[20.02523,50.09836],[20.02528,50.09828]]}},{"type":"Feature","properties":{"numer":"2221K","klasa":"droga gĹ‚Ăłwna ruchu przyĹ›pieszonego","kat":"powiatowa"},"geometry":{"type":"LineString","coordinates":[[20.02932,50.09321],[20.02801,50.09322]]}},{"type":"Feature","properties":{"numer":"2221K","klasa":"droga gĹ‚Ăłwna ruchu przyĹ›pieszonego","kat":"powiatowa"},"geometry":{"type":"LineString","coordinates":[[20.02954,50.09322],[20.02932,50.09321]]}},{"type":"Feature","properties":{"numer":"602850K","klasa":"droga lokalna","kat":"powiatowa"},"geometry":{"type":"LineString","coordinates":[[20.028,50.09377],[20.02801,50.09322]]}},{"type":"Feature","properties":{"numer":"602850K","klasa":"droga lokalna","kat":"powiatowa"},"geometry":{"type":"LineString","coordinates":[[20.02794,50.09416],[20.028,50.09377]]}},{"type":"Feature","properties":{"numer":"602850K","klasa":"droga lokalna","kat":"powiatowa"},"geometry":{"type":"LineString","coordinates":[[20.02669,50.09558],[20.02719,50.09531],[20.02794,50.09416]]}},{"type":"Feature","properties":{"numer":"602850K","klasa":"droga lokalna","kat":"powiatowa"},"geometry":{"type":"LineString","coordinates":[[20.02633,50.09616],[20.02669,50.09558]]}},{"type":"Feature","properties":{"numer":"S7","klasa":"droga gĹ‚Ăłwna ruchu przyĹ›pieszonego","kat":"krajowa"},"geometry":{"type":"LineString","coordinates":[[20.03854,50.09317],[20.03721,50.09348],[20.0357,50.09402],[20.03474,50.09445],[20.03373,50.09506],[20.03302,50.09565],[20.03217,50.09673],[20.03176,50.09773],[20.03163,50.09832],[20.03163,50.09908],[20.03185,50.09991]]}},{"type":"Feature","properties":{"numer":"602850K","klasa":"droga lokalna","kat":"powiatowa"},"geometry":{"type":"LineString","coordinates":[[20.02552,50.09759],[20.02633,50.09616]]}},{"type":"Feature","properties":{"numer":"776","klasa":"droga gĹ‚Ăłwna","kat":"wojewodzka"},"geometry":{"type":"LineString","coordinates":[[20.05799,50.09102],[20.06101,50.09226],[20.06403,50.09417],[20.06551,50.09583],[20.06581,50.09632],[20.06591,50.09687],[20.06588,50.09778],[20.06622,50.09841],[20.07246,50.10402]]}},{"type":"Feature","properties":{"numer":"S52","klasa":"droga ekspresowa","kat":"krajowa"},"geometry":{"type":"LineString","coordinates":[[20.02707,50.10289],[20.03,50.10059],[20.03185,50.09991]]}},{"type":"Feature","properties":{"numer":"602850K","klasa":"droga lokalna","kat":"powiatowa"},"geometry":{"type":"LineString","coordinates":[[20.0251,50.0986],[20.02523,50.09836]]}},{"type":"Feature","properties":{"numer":"603056K","klasa":"droga lokalna","kat":"powiatowa"},"geometry":{"type":"LineString","coordinates":[[20.01319,50.09817],[20.01328,50.09879]]}},{"type":"Feature","properties":{"numer":"602850K","klasa":"droga lokalna","kat":"powiatowa"},"geometry":{"type":"LineString","coordinates":[[20.0249,50.09967],[20.0251,50.0986]]}},{"type":"Feature","properties":{"numer":"603056K","klasa":"droga lokalna","kat":"powiatowa"},"geometry":{"type":"LineString","coordinates":[[20.01328,50.09879],[20.01334,50.09949],[20.01322,50.10024]]}},{"type":"Feature","properties":{"numer":"602850K","klasa":"droga lokalna","kat":"powiatowa"},"geometry":{"type":"LineString","coordinates":[[20.02499,50.10019],[20.0249,50.09967]]}},{"type":"Feature","properties":{"numer":"603056K","klasa":"droga lokalna","kat":"powiatowa"},"geometry":{"type":"LineString","coordinates":[[20.01322,50.10024],[20.01301,50.10088]]}},{"type":"Feature","properties":{"numer":"603056K","klasa":"droga lokalna","kat":"powiatowa"},"geometry":{"type":"LineString","coordinates":[[20.01313,50.10144],[20.01301,50.10088]]}},{"type":"Feature","properties":{"numer":"603056K","klasa":"droga lokalna","kat":"powiatowa"},"geometry":{"type":"LineString","coordinates":[[20.01301,50.10088],[20.01287,50.10145]]}},{"type":"Feature","properties":{"numer":"602850K","klasa":"droga lokalna","kat":"powiatowa"},"geometry":{"type":"LineString","coordinates":[[20.02587,50.10224],[20.02575,50.10211],[20.02544,50.10067],[20.02499,50.10019]]}},{"type":"Feature","properties":{"numer":"603056K","klasa":"droga lokalna","kat":"powiatowa"},"geometry":{"type":"LineString","coordinates":[[20.01287,50.10145],[20.01313,50.10144]]}},{"type":"Feature","properties":{"numer":"S7","klasa":"droga gĹ‚Ăłwna ruchu przyĹ›pieszonego","kat":"krajowa"},"geometry":{"type":"LineString","coordinates":[[20.03185,50.09991],[20.03233,50.10082],[20.03332,50.102],[20.03587,50.10423]]}},{"type":"Feature","properties":{"numer":"602850K","klasa":"droga lokalna","kat":"powiatowa"},"geometry":{"type":"LineString","coordinates":[[20.02612,50.10241],[20.02587,50.10224]]}},{"type":"Feature","properties":{"numer":"602850K","klasa":"droga lokalna","kat":"powiatowa"},"geometry":{"type":"LineString","coordinates":[[20.02636,50.10254],[20.02612,50.10241]]}},{"type":"Feature","properties":{"numer":"602874K","klasa":"droga lokalna","kat":"powiatowa"},"geometry":{"type":"LineString","coordinates":[[20.02707,50.10289],[20.02636,50.10254]]}},{"type":"Feature","properties":{"numer":"S52","klasa":"droga ekspresowa","kat":"krajowa"},"geometry":{"type":"LineString","coordinates":[[20.025575570942966,50.10410546896639],[20.02707,50.10289]]}},{"type":"Feature","properties":{"numer":"602874K","klasa":"droga lokalna","kat":"powiatowa"},"geometry":{"type":"LineString","coordinates":[[20.03301,50.10419],[20.02848,50.10341],[20.02743,50.10307]]}},{"type":"Feature","properties":{"numer":"602874K","klasa":"droga lokalna","kat":"powiatowa"},"geometry":{"type":"LineString","coordinates":[[20.07246,50.10402],[20.06895,50.10411]]}},{"type":"Feature","properties":{"numer":"602874K","klasa":"droga lokalna","kat":"powiatowa"},"geometry":{"type":"LineString","coordinates":[[20.06895,50.10411],[20.06397,50.10417]]}},{"type":"Feature","properties":{"numer":"602874K","klasa":"droga lokalna","kat":"powiatowa"},"geometry":{"type":"LineString","coordinates":[[20.06397,50.10417],[20.06238,50.10418]]}},{"type":"Feature","properties":{"numer":"602874K","klasa":"droga lokalna","kat":"powiatowa"},"geometry":{"type":"LineString","coordinates":[[20.06238,50.10418],[20.06019,50.10421]]}},{"type":"Feature","properties":{"numer":"602407K","klasa":"droga lokalna","kat":"powiatowa"},"geometry":{"type":"LineString","coordinates":[[20.12422,50.10152],[20.12369,50.10198]]}},{"type":"Feature","properties":{"numer":"2220K","klasa":"","kat":"powiatowa"},"geometry":{"type":"LineString","coordinates":[[20.10948,50.10848],[20.10765,50.10808],[20.10296,50.10677],[20.1028,50.10654],[20.10297,50.10578],[20.10282,50.10532],[20.10238,50.10489],[20.10114,50.10395],[20.10028,50.10287],[20.09735,50.10104],[20.09518,50.10008],[20.09359,50.09921],[20.09252,50.09892],[20.09245,50.09871],[20.0928,50.09765],[20.09366,50.09588],[20.09365,50.09554],[20.09332,50.09509]]}},{"type":"Feature","properties":{"numer":"602407K","klasa":"droga lokalna","kat":"powiatowa"},"geometry":{"type":"LineString","coordinates":[[20.12369,50.10198],[20.12341,50.10235]]}},{"type":"Feature","properties":{"numer":"602407K","klasa":"droga lokalna","kat":"powiatowa"},"geometry":{"type":"LineString","coordinates":[[20.12341,50.10235],[20.12329,50.10256]]}},{"type":"Feature","properties":{"numer":"602407K","klasa":"droga lokalna","kat":"powiatowa"},"geometry":{"type":"LineString","coordinates":[[20.12329,50.10256],[20.1231,50.10299]]}},{"type":"Feature","properties":{"numer":"602407K","klasa":"droga lokalna","kat":"powiatowa"},"geometry":{"type":"LineString","coordinates":[[20.1231,50.10299],[20.12236,50.10468]]}},{"type":"Feature","properties":{"numer":"602407K","klasa":"droga lokalna","kat":"powiatowa"},"geometry":{"type":"LineString","coordinates":[[20.12236,50.10468],[20.12137,50.10702]]}},{"type":"Feature","properties":{"numer":"776","klasa":"droga gĹ‚Ăłwna","kat":"wojewodzka"},"geometry":{"type":"LineString","coordinates":[[20.07246,50.10402],[20.075,50.10624],[20.07657,50.10706],[20.07941,50.10809],[20.07981,50.1083],[20.080293766913098,50.10885399114242]]}},{"type":"Feature","properties":{"numer":"602407K","klasa":"droga lokalna","kat":"powiatowa"},"geometry":{"type":"LineString","coordinates":[[20.12137,50.10702],[20.12109,50.10769]]}},{"type":"Feature","properties":{"numer":"603028K","klasa":"droga lokalna","kat":"powiatowa"},"geometry":{"type":"LineString","coordinates":[[19.93736,50.09474],[19.93833,50.09502]]}},{"type":"Feature","properties":{"numer":"603028K","klasa":"","kat":"powiatowa"},"geometry":{"type":"LineString","coordinates":[[19.93501,50.09504],[19.93528,50.09494]]}},{"type":"Feature","properties":{"numer":"603028K","klasa":"","kat":"powiatowa"},"geometry":{"type":"LineString","coordinates":[[19.9346,50.09517],[19.93501,50.09504]]}},{"type":"Feature","properties":{"numer":"","klasa":"","kat":"gminna"},"geometry":{"type":"LineString","coordinates":[[19.92905,50.09483],[19.93194,50.09528],[19.93201,50.09541]]}},{"type":"Feature","properties":{"numer":"603028K","klasa":"droga lokalna","kat":"powiatowa"},"geometry":{"type":"LineString","coordinates":[[19.93833,50.09502],[19.9395,50.0954]]}},{"type":"Feature","properties":{"numer":"603028K","klasa":"droga lokalna","kat":"powiatowa"},"geometry":{"type":"LineString","coordinates":[[19.93314,50.09542],[19.93391,50.09536],[19.9346,50.09517]]}},{"type":"Feature","properties":{"numer":"603028K","klasa":"droga lokalna","kat":"powiatowa"},"geometry":{"type":"LineString","coordinates":[[19.93295,50.09541],[19.93314,50.09542]]}},{"type":"Feature","properties":{"numer":"603028K","klasa":"droga lokalna","kat":"powiatowa"},"geometry":{"type":"LineString","coordinates":[[19.9395,50.0954],[19.93976,50.09549]]}},{"type":"Feature","properties":{"numer":"","klasa":"","kat":"gminna"},"geometry":{"type":"LineString","coordinates":[[19.93214,50.09565],[19.93201,50.09541]]}},{"type":"Feature","properties":{"numer":"603028K","klasa":"droga lokalna","kat":"powiatowa"},"geometry":{"type":"LineString","coordinates":[[19.93976,50.09549],[19.94039,50.09571]]}},{"type":"Feature","properties":{"numer":"603028K","klasa":"","kat":"powiatowa"},"geometry":{"type":"LineString","coordinates":[[19.94039,50.09571],[19.94157,50.09615]]}},{"type":"Feature","properties":{"numer":"794","klasa":"droga gĹ‚Ăłwna","kat":"wojewodzka"},"geometry":{"type":"LineString","coordinates":[[19.92889,50.0948],[19.92832,50.09566],[19.92694,50.09712]]}},{"type":"Feature","properties":{"numer":"2208K","klasa":"","kat":"powiatowa"},"geometry":{"type":"LineString","coordinates":[[19.94702,50.09621],[19.94665,50.09585]]}},{"type":"Feature","properties":{"numer":"603028K","klasa":"droga lokalna","kat":"powiatowa"},"geometry":{"type":"LineString","coordinates":[[19.94213,50.09638],[19.94157,50.09615]]}},{"type":"Feature","properties":{"numer":"2208K","klasa":"droga zbiorcza","kat":"powiatowa"},"geometry":{"type":"LineString","coordinates":[[19.94717,50.09663],[19.94702,50.09621]]}},{"type":"Feature","properties":{"numer":"603028K","klasa":"droga lokalna","kat":"powiatowa"},"geometry":{"type":"LineString","coordinates":[[19.94311,50.09666],[19.94213,50.09638]]}},{"type":"Feature","properties":{"numer":"603028K","klasa":"droga lokalna","kat":"powiatowa"},"geometry":{"type":"LineString","coordinates":[[19.94448,50.09664],[19.94578,50.09644]]}},{"type":"Feature","properties":{"numer":"603028K","klasa":"droga lokalna","kat":"powiatowa"},"geometry":{"type":"LineString","coordinates":[[19.94448,50.09664],[19.9441,50.09669]]}},{"type":"Feature","properties":{"numer":"603028K","klasa":"droga lokalna","kat":"powiatowa"},"geometry":{"type":"LineString","coordinates":[[19.9441,50.09669],[19.94311,50.09666]]}},{"type":"Feature","properties":{"numer":"","klasa":"","kat":"gminna"},"geometry":{"type":"LineString","coordinates":[[19.93214,50.09565],[19.9304,50.09811]]}},{"type":"Feature","properties":{"numer":"602990K","klasa":"droga lokalna","kat":"powiatowa"},"geometry":{"type":"LineString","coordinates":[[19.88257,50.09522],[19.88269,50.09553]]}},{"type":"Feature","properties":{"numer":"602990K","klasa":"droga lokalna","kat":"powiatowa"},"geometry":{"type":"LineString","coordinates":[[19.88269,50.09553],[19.88273,50.09564]]}},{"type":"Feature","properties":{"numer":"602990K","klasa":"droga lokalna","kat":"powiatowa"},"geometry":{"type":"LineString","coordinates":[[19.88273,50.09564],[19.88277,50.09575]]}},{"type":"Feature","properties":{"numer":"602990K","klasa":"droga lokalna","kat":"powiatowa"},"geometry":{"type":"LineString","coordinates":[[19.88277,50.09575],[19.88319,50.09687]]}},{"type":"Feature","properties":{"numer":"602990K,603365K","klasa":"droga lokalna","kat":"powiatowa"},"geometry":{"type":"LineString","coordinates":[[19.88319,50.09687],[19.88323,50.09698]]}},{"type":"Feature","properties":{"numer":"602990K","klasa":"droga lokalna","kat":"powiatowa"},"geometry":{"type":"LineString","coordinates":[[19.88323,50.09698],[19.88341,50.09774]]}},{"type":"Feature","properties":{"numer":"602990K","klasa":"droga lokalna","kat":"powiatowa"},"geometry":{"type":"LineString","coordinates":[[19.88341,50.09774],[19.88343,50.09871],[19.88359,50.09912]]}},{"type":"Feature","properties":{"numer":"602244K","klasa":"droga dojazdowa","kat":"powiatowa"},"geometry":{"type":"LineString","coordinates":[[19.88988,50.09851],[19.89034,50.0984]]}},{"type":"Feature","properties":{"numer":"602244K","klasa":"droga dojazdowa","kat":"powiatowa"},"geometry":{"type":"LineString","coordinates":[[19.88971,50.09854],[19.88988,50.09851]]}},{"type":"Feature","properties":{"numer":"602244K","klasa":"droga dojazdowa","kat":"powiatowa"},"geometry":{"type":"LineString","coordinates":[[19.88845,50.09889],[19.88971,50.09854]]}},{"type":"Feature","properties":{"numer":"794","klasa":"droga gĹ‚Ăłwna","kat":"wojewodzka"},"geometry":{"type":"LineString","coordinates":[[19.92694,50.09712],[19.9267,50.09736]]}},{"type":"Feature","properties":{"numer":"2208K","klasa":"droga zbiorcza","kat":"powiatowa"},"geometry":{"type":"LineString","coordinates":[[19.94764,50.09811],[19.94756,50.0976],[19.94717,50.09663]]}},{"type":"Feature","properties":{"numer":"","klasa":"","kat":"gminna"},"geometry":{"type":"LineString","coordinates":[[19.9304,50.09811],[19.93026,50.09831]]}},{"type":"Feature","properties":{"numer":"2208K","klasa":"","kat":"powiatowa"},"geometry":{"type":"LineString","coordinates":[[19.94737,50.09946],[19.94764,50.09811]]}},{"type":"Feature","properties":{"numer":"602713K","klasa":"droga lokalna","kat":"powiatowa"},"geometry":{"type":"LineString","coordinates":[[19.9481,50.09952],[19.94737,50.09946]]}},{"type":"Feature","properties":{"numer":"794","klasa":"droga gĹ‚Ăłwna","kat":"wojewodzka"},"geometry":{"type":"LineString","coordinates":[[19.9267,50.09736],[19.92592,50.09821],[19.92283,50.10223]]}},{"type":"Feature","properties":{"numer":"2208K","klasa":"","kat":"powiatowa"},"geometry":{"type":"LineString","coordinates":[[19.94707,50.10026],[19.94725,50.1],[19.94737,50.09946]]}},{"type":"Feature","properties":{"numer":"2208K","klasa":"","kat":"powiatowa"},"geometry":{"type":"LineString","coordinates":[[19.94701,50.10033],[19.94707,50.10026]]}},{"type":"Feature","properties":{"numer":"","klasa":"","kat":"gminna"},"geometry":{"type":"LineString","coordinates":[[19.93026,50.09831],[19.92807,50.10153],[19.92691,50.10349]]}},{"type":"Feature","properties":{"numer":"794","klasa":"droga gĹ‚Ăłwna","kat":"wojewodzka"},"geometry":{"type":"LineString","coordinates":[[19.92341,50.10241],[19.92283,50.10223]]}},{"type":"Feature","properties":{"numer":"602244K","klasa":"droga dojazdowa","kat":"powiatowa"},"geometry":{"type":"LineString","coordinates":[[19.88819,50.09901],[19.88845,50.09889]]}},{"type":"Feature","properties":{"numer":"602990K","klasa":"droga lokalna","kat":"powiatowa"},"geometry":{"type":"LineString","coordinates":[[19.88359,50.09912],[19.88367,50.09926]]}},{"type":"Feature","properties":{"numer":"602990K","klasa":"droga lokalna","kat":"powiatowa"},"geometry":{"type":"LineString","coordinates":[[19.88367,50.09926],[19.88392,50.09982]]}},{"type":"Feature","properties":{"numer":"602244K","klasa":"droga dojazdowa","kat":"powiatowa"},"geometry":{"type":"LineString","coordinates":[[19.88581,50.10049],[19.88715,50.09946],[19.88819,50.09901]]}},{"type":"Feature","properties":{"numer":"602990K","klasa":"droga lokalna","kat":"powiatowa"},"geometry":{"type":"LineString","coordinates":[[19.88392,50.09982],[19.88406,50.10067],[19.88442,50.10146]]}},{"type":"Feature","properties":{"numer":"602244K","klasa":"droga dojazdowa","kat":"powiatowa"},"geometry":{"type":"LineString","coordinates":[[19.88461,50.10136],[19.88581,50.10049]]}},{"type":"Feature","properties":{"numer":"602244K","klasa":"droga dojazdowa","kat":"powiatowa"},"geometry":{"type":"LineString","coordinates":[[19.88442,50.10146],[19.88461,50.10136]]}},{"type":"Feature","properties":{"numer":"602990K","klasa":"droga lokalna","kat":"powiatowa"},"geometry":{"type":"LineString","coordinates":[[19.88342,50.10213],[19.88442,50.10146]]}},{"type":"Feature","properties":{"numer":"2285K","klasa":"droga gĹ‚Ăłwna ruchu przyĹ›pieszonego","kat":"powiatowa"},"geometry":{"type":"LineString","coordinates":[[19.89034,50.0984],[19.8882,50.10211],[19.88761,50.10287],[19.88709,50.10335],[19.88563,50.10423],[19.87945,50.10723]]}},{"type":"Feature","properties":{"numer":"2206K","klasa":"droga zbiorcza","kat":"powiatowa"},"geometry":{"type":"LineString","coordinates":[[19.89706,50.11349],[19.8989,50.11239],[19.89953,50.11188],[19.90022,50.11044],[19.90114,50.10926],[19.9039,50.10725],[19.90571,50.10519],[19.90751,50.10355],[19.90852,50.10234],[19.90975,50.10123],[19.91168,50.099],[19.9125,50.09788],[19.9137,50.09654],[19.91632,50.09323],[19.91691,50.09266],[19.91758,50.09218]]}},{"type":"Feature","properties":{"numer":"602713K","klasa":"droga lokalna","kat":"powiatowa"},"geometry":{"type":"LineString","coordinates":[[19.95133,50.09825],[19.95018,50.09843]]}},{"type":"Feature","properties":{"numer":"602713K","klasa":"droga lokalna","kat":"powiatowa"},"geometry":{"type":"LineString","coordinates":[[19.95918,50.09845],[19.95742,50.09827]]}},{"type":"Feature","properties":{"numer":"602713K","klasa":"droga lokalna","kat":"powiatowa"},"geometry":{"type":"LineString","coordinates":[[19.95997,50.09836],[19.95996,50.09839]]}},{"type":"Feature","properties":{"numer":"602713K","klasa":"droga lokalna","kat":"powiatowa"},"geometry":{"type":"LineString","coordinates":[[19.95996,50.09839],[19.95983,50.09846],[19.95918,50.09845]]}},{"type":"Feature","properties":{"numer":"602713K","klasa":"droga lokalna","kat":"powiatowa"},"geometry":{"type":"LineString","coordinates":[[19.95018,50.09843],[19.94922,50.09882]]}},{"type":"Feature","properties":{"numer":"602713K","klasa":"droga lokalna","kat":"powiatowa"},"geometry":{"type":"LineString","coordinates":[[19.94915,50.09887],[19.9481,50.09952]]}},{"type":"Feature","properties":{"numer":"7,E77","klasa":"droga zbiorcza","kat":"powiatowa"},"geometry":{"type":"LineString","coordinates":[[19.96471,50.10531],[19.96352,50.10191],[19.9623,50.0978]]}},{"type":"Feature","properties":{"numer":"603864K","klasa":"","kat":"powiatowa"},"geometry":{"type":"LineString","coordinates":[[19.96362,50.10546],[19.96471,50.10531]]}},{"type":"Feature","properties":{"numer":"7,E77","klasa":"droga zbiorcza","kat":"powiatowa"},"geometry":{"type":"LineString","coordinates":[[19.96570126322126,50.109221729297445],[19.96531,50.10706],[19.96471,50.10531]]}},{"type":"Feature","properties":{"numer":"602990K","klasa":"droga lokalna","kat":"powiatowa"},"geometry":{"type":"LineString","coordinates":[[19.88061,50.10551],[19.88262,50.10359],[19.88307,50.10295],[19.88342,50.10213]]}},{"type":"Feature","properties":{"numer":"602990K","klasa":"droga lokalna","kat":"powiatowa"},"geometry":{"type":"LineString","coordinates":[[19.88056,50.10556],[19.88061,50.10551]]}},{"type":"Feature","properties":{"numer":"602990K","klasa":"droga lokalna","kat":"powiatowa"},"geometry":{"type":"LineString","coordinates":[[19.88056,50.10556],[19.87934,50.1067]]}},{"type":"Feature","properties":{"numer":"602990K","klasa":"","kat":"powiatowa"},"geometry":{"type":"LineString","coordinates":[[19.87934,50.1067],[19.87925,50.10696],[19.87945,50.10723]]}},{"type":"Feature","properties":{"numer":"602389K","klasa":"droga lokalna","kat":"powiatowa"},"geometry":{"type":"LineString","coordinates":[[19.87782,50.10844],[19.87816,50.10855]]}},{"type":"Feature","properties":{"numer":"602389K","klasa":"droga lokalna","kat":"powiatowa"},"geometry":{"type":"LineString","coordinates":[[19.87816,50.10855],[19.87848,50.10867],[19.88423,50.10951]]}},{"type":"Feature","properties":{"numer":"2285K","klasa":"droga gĹ‚Ăłwna ruchu przyĹ›pieszonego","kat":"powiatowa"},"geometry":{"type":"LineString","coordinates":[[19.87945,50.10723],[19.87807,50.10807],[19.87499,50.11087]]}},{"type":"Feature","properties":{"numer":"602389K","klasa":"droga lokalna","kat":"powiatowa"},"geometry":{"type":"LineString","coordinates":[[19.88423,50.10951],[19.8855,50.10969]]}},{"type":"Feature","properties":{"numer":"602389K","klasa":"droga lokalna","kat":"powiatowa"},"geometry":{"type":"LineString","coordinates":[[19.8855,50.10969],[19.88628,50.10981]]}},{"type":"Feature","properties":{"numer":"602389K","klasa":"droga lokalna","kat":"powiatowa"},"geometry":{"type":"LineString","coordinates":[[19.88628,50.10981],[19.88679,50.10988]]}},{"type":"Feature","properties":{"numer":"","klasa":"droga gĹ‚Ăłwna","kat":"gminna"},"geometry":{"type":"LineString","coordinates":[[19.92283,50.10223],[19.922346060211552,50.10284678600488]]}},{"type":"Feature","properties":{"numer":"794","klasa":"droga gĹ‚Ăłwna","kat":"wojewodzka"},"geometry":{"type":"LineString","coordinates":[[19.92654,50.10336],[19.92341,50.10241]]}},{"type":"Feature","properties":{"numer":"794","klasa":"droga gĹ‚Ăłwna","kat":"wojewodzka"},"geometry":{"type":"LineString","coordinates":[[19.92691,50.10349],[19.92654,50.10336]]}},{"type":"Feature","properties":{"numer":"794","klasa":"","kat":"wojewodzka"},"geometry":{"type":"LineString","coordinates":[[19.92691,50.10349],[19.9263,50.10446]]}},{"type":"Feature","properties":{"numer":"","klasa":"droga gĹ‚Ăłwna","kat":"gminna"},"geometry":{"type":"LineString","coordinates":[[19.9263,50.10446],[19.926272494382022,50.104505842696625]]}},{"type":"Feature","properties":{"numer":"2208K","klasa":"","kat":"powiatowa"},"geometry":{"type":"LineString","coordinates":[[19.9431,50.11315],[19.94319,50.11266],[19.94301,50.11045],[19.94335,50.10929],[19.94289,50.10788],[19.94293,50.10697],[19.94357,50.10573],[19.94551,50.10406],[19.94577,50.10299],[19.94663,50.10154],[19.9466,50.10123],[19.94625,50.10059],[19.94687,50.10043],[19.94701,50.10033]]}},{"type":"Feature","properties":{"numer":"7,79,E77","klasa":"droga gĹ‚Ăłwna ruchu przyĹ›pieszonego","kat":"gminna"},"geometry":{"type":"LineString","coordinates":[[19.86434,50.10171],[19.86389485504135,50.10184896845954]]}},{"type":"Feature","properties":{"numer":"602389K","klasa":"droga lokalna","kat":"powiatowa"},"geometry":{"type":"LineString","coordinates":[[19.88679,50.10988],[19.88907,50.11008],[19.88935,50.11021],[19.88977,50.11071]]}},{"type":"Feature","properties":{"numer":"602389K","klasa":"droga lokalna","kat":"powiatowa"},"geometry":{"type":"LineString","coordinates":[[19.88977,50.11071],[19.88982,50.11074]]}},{"type":"Feature","properties":{"numer":"602389K","klasa":"droga lokalna","kat":"powiatowa"},"geometry":{"type":"LineString","coordinates":[[19.88982,50.11074],[19.89129,50.11121]]}},{"type":"Feature","properties":{"numer":"602389K","klasa":"droga lokalna","kat":"powiatowa"},"geometry":{"type":"LineString","coordinates":[[19.89129,50.11121],[19.89204,50.11143]]}},{"type":"Feature","properties":{"numer":"602389K","klasa":"droga lokalna","kat":"powiatowa"},"geometry":{"type":"LineString","coordinates":[[19.89204,50.11143],[19.89393,50.11201]]}},{"type":"Feature","properties":{"numer":"602389K","klasa":"droga lokalna","kat":"powiatowa"},"geometry":{"type":"LineString","coordinates":[[19.89393,50.11201],[19.89464,50.11223]]}},{"type":"Feature","properties":{"numer":"602389K","klasa":"droga lokalna","kat":"powiatowa"},"geometry":{"type":"LineString","coordinates":[[19.89464,50.11223],[19.89498,50.11232]]}},{"type":"Feature","properties":{"numer":"602389K","klasa":"droga lokalna","kat":"powiatowa"},"geometry":{"type":"LineString","coordinates":[[19.89498,50.11232],[19.89544,50.11249],[19.89609,50.11309]]}},{"type":"Feature","properties":{"numer":"603056K","klasa":"droga lokalna","kat":"powiatowa"},"geometry":{"type":"LineString","coordinates":[[20.01279,50.10205],[20.01313,50.10144]]}},{"type":"Feature","properties":{"numer":"603056K","klasa":"droga lokalna","kat":"powiatowa"},"geometry":{"type":"LineString","coordinates":[[20.01279,50.10205],[20.01287,50.10145]]}},{"type":"Feature","properties":{"numer":"603056K","klasa":"droga lokalna","kat":"powiatowa"},"geometry":{"type":"LineString","coordinates":[[20.01258,50.10263],[20.01279,50.10205]]}},{"type":"Feature","properties":{"numer":"2209K","klasa":"droga zbiorcza","kat":"powiatowa"},"geometry":{"type":"LineString","coordinates":[[20.01162,50.10666],[20.01087,50.1068],[20.00579,50.10704],[20.00304,50.10679],[20.00024,50.1057],[19.99825,50.1051],[19.9971,50.10486],[19.99555,50.10468],[19.9929,50.10451],[19.99103,50.10353],[19.98854,50.10284],[19.98402,50.10189],[19.98226,50.10131],[19.97964,50.1003],[19.97394,50.09843],[19.97287,50.09801]]}},{"type":"Feature","properties":{"numer":"603056K","klasa":"droga lokalna","kat":"powiatowa"},"geometry":{"type":"LineString","coordinates":[[20.01251,50.1028],[20.01258,50.10263]]}},{"type":"Feature","properties":{"numer":"603056K","klasa":"droga lokalna","kat":"powiatowa"},"geometry":{"type":"LineString","coordinates":[[20.01216,50.10382],[20.01251,50.1028]]}},{"type":"Feature","properties":{"numer":"603056K","klasa":"droga lokalna","kat":"powiatowa"},"geometry":{"type":"LineString","coordinates":[[20.01213,50.10392],[20.01216,50.10382]]}},{"type":"Feature","properties":{"numer":"603056K","klasa":"droga lokalna","kat":"powiatowa"},"geometry":{"type":"LineString","coordinates":[[20.01212,50.10399],[20.01213,50.10392]]}},{"type":"Feature","properties":{"numer":"603056K","klasa":"droga lokalna","kat":"powiatowa"},"geometry":{"type":"LineString","coordinates":[[20.01222,50.10523],[20.01212,50.10399]]}},{"type":"Feature","properties":{"numer":"602874K","klasa":"droga lokalna","kat":"powiatowa"},"geometry":{"type":"LineString","coordinates":[[20.03322,50.10423],[20.03301,50.10419]]}},{"type":"Feature","properties":{"numer":"602874K","klasa":"droga lokalna","kat":"powiatowa"},"geometry":{"type":"LineString","coordinates":[[20.06019,50.10421],[20.05849,50.10429]]}},{"type":"Feature","properties":{"numer":"602874K","klasa":"droga lokalna","kat":"powiatowa"},"geometry":{"type":"LineString","coordinates":[[20.03424,50.10441],[20.03322,50.10423]]}},{"type":"Feature","properties":{"numer":"602874K","klasa":"droga lokalna","kat":"powiatowa"},"geometry":{"type":"LineString","coordinates":[[20.05849,50.10429],[20.05765,50.10437]]}},{"type":"Feature","properties":{"numer":"S7","klasa":"droga gĹ‚Ăłwna ruchu przyĹ›pieszonego","kat":"krajowa"},"geometry":{"type":"LineString","coordinates":[[20.03587,50.10423],[20.03621,50.10455]]}},{"type":"Feature","properties":{"numer":"602874K","klasa":"droga lokalna","kat":"powiatowa"},"geometry":{"type":"LineString","coordinates":[[20.05765,50.10437],[20.05292,50.10488]]}},{"type":"Feature","properties":{"numer":"S7","klasa":"droga gĹ‚Ăłwna ruchu przyĹ›pieszonego","kat":"krajowa"},"geometry":{"type":"LineString","coordinates":[[20.03621,50.10455],[20.03665,50.10495]]}},{"type":"Feature","properties":{"numer":"602874K","klasa":"droga lokalna","kat":"powiatowa"},"geometry":{"type":"LineString","coordinates":[[20.05292,50.10488],[20.05255,50.10494]]}},{"type":"Feature","properties":{"numer":"602874K","klasa":"droga lokalna","kat":"powiatowa"},"geometry":{"type":"LineString","coordinates":[[20.05255,50.10494],[20.05109,50.10531]]}},{"type":"Feature","properties":{"numer":"602874K","klasa":"droga lokalna","kat":"powiatowa"},"geometry":{"type":"LineString","coordinates":[[20.05109,50.10531],[20.05038,50.1055]]}},{"type":"Feature","properties":{"numer":"602874K","klasa":"droga lokalna","kat":"powiatowa"},"geometry":{"type":"LineString","coordinates":[[20.05038,50.1055],[20.04885,50.10586]]}},{"type":"Feature","properties":{"numer":"602874K","klasa":"droga lokalna","kat":"powiatowa"},"geometry":{"type":"LineString","coordinates":[[20.04133,50.10606],[20.04024,50.10594],[20.0391,50.10566]]}},{"type":"Feature","properties":{"numer":"602874K","klasa":"droga lokalna","kat":"powiatowa"},"geometry":{"type":"LineString","coordinates":[[20.04885,50.10586],[20.04718,50.10599]]}},{"type":"Feature","properties":{"numer":"602874K","klasa":"droga lokalna","kat":"powiatowa"},"geometry":{"type":"LineString","coordinates":[[20.04718,50.10599],[20.04586,50.10602]]}},{"type":"Feature","properties":{"numer":"602874K","klasa":"droga lokalna","kat":"powiatowa"},"geometry":{"type":"LineString","coordinates":[[20.04586,50.10602],[20.0455,50.10602]]}},{"type":"Feature","properties":{"numer":"602874K","klasa":"droga lokalna","kat":"powiatowa"},"geometry":{"type":"LineString","coordinates":[[20.0455,50.10602],[20.04505,50.10603]]}},{"type":"Feature","properties":{"numer":"602874K","klasa":"droga lokalna","kat":"powiatowa"},"geometry":{"type":"LineString","coordinates":[[20.04505,50.10603],[20.04418,50.10604]]}},{"type":"Feature","properties":{"numer":"602874K","klasa":"droga lokalna","kat":"powiatowa"},"geometry":{"type":"LineString","coordinates":[[20.04418,50.10604],[20.04401,50.10605]]}},{"type":"Feature","properties":{"numer":"602874K","klasa":"droga lokalna","kat":"powiatowa"},"geometry":{"type":"LineString","coordinates":[[20.04401,50.10605],[20.04325,50.10606]]}},{"type":"Feature","properties":{"numer":"602874K","klasa":"droga lokalna","kat":"powiatowa"},"geometry":{"type":"LineString","coordinates":[[20.04325,50.10606],[20.04299,50.10606]]}},{"type":"Feature","properties":{"numer":"603056K","klasa":"droga lokalna","kat":"powiatowa"},"geometry":{"type":"LineString","coordinates":[[20.01223,50.10553],[20.01222,50.10523]]}},{"type":"Feature","properties":{"numer":"603056K","klasa":"","kat":"powiatowa"},"geometry":{"type":"LineString","coordinates":[[20.01234,50.10657],[20.01229,50.10613]]}},{"type":"Feature","properties":{"numer":"","klasa":"","kat":"gminna"},"geometry":{"type":"LineString","coordinates":[[20.01234,50.10657],[20.01313,50.10662]]}},{"type":"Feature","properties":{"numer":"2209K","klasa":"droga zbiorcza","kat":"powiatowa"},"geometry":{"type":"LineString","coordinates":[[20.01162,50.10666],[20.01234,50.10657]]}},{"type":"Feature","properties":{"numer":"","klasa":"droga wewnÄ™trzna","kat":"gminna"},"geometry":{"type":"LineString","coordinates":[[20.01234,50.10657],[20.012346944463008,50.1067297226492]]}},{"type":"Feature","properties":{"numer":"602407K","klasa":"droga lokalna","kat":"powiatowa"},"geometry":{"type":"LineString","coordinates":[[20.12109,50.10769],[20.12097,50.10795]]}},{"type":"Feature","properties":{"numer":"602407K","klasa":"droga lokalna","kat":"powiatowa"},"geometry":{"type":"LineString","coordinates":[[20.12097,50.10795],[20.1209,50.10811]]}},{"type":"Feature","properties":{"numer":"602407K","klasa":"droga lokalna","kat":"powiatowa"},"geometry":{"type":"LineString","coordinates":[[20.1209,50.10811],[20.12077,50.10844]]}},{"type":"Feature","properties":{"numer":"602407K","klasa":"droga lokalna","kat":"powiatowa"},"geometry":{"type":"LineString","coordinates":[[20.12077,50.10844],[20.120653180416344,50.110197856592144]]}},{"type":"Feature","properties":{"numer":"2220K","klasa":"droga zbiorcza","kat":"powiatowa"},"geometry":{"type":"LineString","coordinates":[[20.10948,50.10848],[20.11045,50.10846],[20.11139,50.10864],[20.11316,50.10932],[20.120504295038653,50.11158283684975]]}},{"type":"Feature","properties":{"numer":"776","klasa":"droga gĹ‚Ăłwna","kat":"wojewodzka"},"geometry":{"type":"LineString","coordinates":[[20.084309605338415,50.111118186844614],[20.08460517073171,50.1112416097561]]}},{"type":"Feature","properties":{"numer":"602874K","klasa":"droga lokalna","kat":"powiatowa"},"geometry":{"type":"LineString","coordinates":[[20.04299,50.10606],[20.04185,50.10608]]}},{"type":"Feature","properties":{"numer":"602874K","klasa":"droga lokalna","kat":"powiatowa"},"geometry":{"type":"LineString","coordinates":[[20.04185,50.10608],[20.04133,50.10606]]}},{"type":"Feature","properties":{"numer":"S7","klasa":"droga gĹ‚Ăłwna ruchu przyĹ›pieszonego","kat":"krajowa"},"geometry":{"type":"LineString","coordinates":[[20.03665,50.10495],[20.04204,50.1099],[20.04349,50.11138]]}},{"type":"Feature","properties":{"numer":"S7,E77","klasa":"droga ekspresowa","kat":"krajowa"},"geometry":{"type":"LineString","coordinates":[[20.043565262917834,50.111451621163745],[20.04349,50.11138]]}},{"type":"Feature","properties":{"numer":"602407K","klasa":"droga lokalna","kat":"powiatowa"},"geometry":{"type":"LineString","coordinates":[[20.12821,50.09763],[20.12733,50.09861]]}},{"type":"Feature","properties":{"numer":"602525K","klasa":"droga dojazdowa","kat":"powiatowa"},"geometry":{"type":"LineString","coordinates":[[20.12413,50.0989],[20.12415,50.09835]]}},{"type":"Feature","properties":{"numer":"602407K","klasa":"droga lokalna","kat":"powiatowa"},"geometry":{"type":"LineString","coordinates":[[20.12733,50.09861],[20.1271,50.09903]]}},{"type":"Feature","properties":{"numer":"602407K","klasa":"droga lokalna","kat":"powiatowa"},"geometry":{"type":"LineString","coordinates":[[20.1271,50.09903],[20.127,50.09922]]}},{"type":"Feature","properties":{"numer":"602525K","klasa":"droga dojazdowa","kat":"powiatowa"},"geometry":{"type":"LineString","coordinates":[[20.12407,50.09939],[20.12413,50.0989]]}},{"type":"Feature","properties":{"numer":"602407K","klasa":"droga lokalna","kat":"powiatowa"},"geometry":{"type":"LineString","coordinates":[[20.127,50.09922],[20.12673,50.09958]]}},{"type":"Feature","properties":{"numer":"602407K","klasa":"droga lokalna","kat":"powiatowa"},"geometry":{"type":"LineString","coordinates":[[20.12673,50.09958],[20.12631,50.09993]]}},{"type":"Feature","properties":{"numer":"602525K","klasa":"droga dojazdowa","kat":"powiatowa"},"geometry":{"type":"LineString","coordinates":[[20.12322,50.1009],[20.12407,50.09939]]}},{"type":"Feature","properties":{"numer":"602525K","klasa":"droga dojazdowa","kat":"powiatowa"},"geometry":{"type":"LineString","coordinates":[[20.12317,50.10102],[20.12322,50.1009]]}},{"type":"Feature","properties":{"numer":"602525K","klasa":"droga dojazdowa","kat":"powiatowa"},"geometry":{"type":"LineString","coordinates":[[20.12422,50.10152],[20.12317,50.10102]]}},{"type":"Feature","properties":{"numer":"602232K","klasa":"droga dojazdowa","kat":"powiatowa"},"geometry":{"type":"LineString","coordinates":[[20.17412,50.10167],[20.17423,50.10164]]}},{"type":"Feature","properties":{"numer":"602232K","klasa":"droga dojazdowa","kat":"powiatowa"},"geometry":{"type":"LineString","coordinates":[[20.17291,50.10208],[20.17412,50.10167]]}},{"type":"Feature","properties":{"numer":"602232K","klasa":"droga dojazdowa","kat":"powiatowa"},"geometry":{"type":"LineString","coordinates":[[20.17268,50.10228],[20.17291,50.10208]]}},{"type":"Feature","properties":{"numer":"602232K","klasa":"droga dojazdowa","kat":"powiatowa"},"geometry":{"type":"LineString","coordinates":[[20.17227,50.10379],[20.17268,50.10228]]}},{"type":"Feature","properties":{"numer":"602232K","klasa":"droga dojazdowa","kat":"powiatowa"},"geometry":{"type":"LineString","coordinates":[[20.17122,50.10515],[20.17227,50.10379]]}},{"type":"Feature","properties":{"numer":"602232K","klasa":"droga dojazdowa","kat":"powiatowa"},"geometry":{"type":"LineString","coordinates":[[20.17113,50.10572],[20.17098,50.10548],[20.17122,50.10515]]}},{"type":"Feature","properties":{"numer":"602232K","klasa":"droga dojazdowa","kat":"powiatowa"},"geometry":{"type":"LineString","coordinates":[[20.17247,50.10665],[20.17184,50.1061],[20.17113,50.10572]]}},{"type":"Feature","properties":{"numer":"602232K","klasa":"droga dojazdowa","kat":"powiatowa"},"geometry":{"type":"LineString","coordinates":[[20.17377,50.10794],[20.17247,50.10665]]}},{"type":"Feature","properties":{"numer":"602232K","klasa":"droga dojazdowa","kat":"powiatowa"},"geometry":{"type":"LineString","coordinates":[[20.17482,50.10897],[20.17377,50.10794]]}},{"type":"Feature","properties":{"numer":"602232K","klasa":"droga dojazdowa","kat":"powiatowa"},"geometry":{"type":"LineString","coordinates":[[20.17559,50.10971],[20.17482,50.10897]]}},{"type":"Feature","properties":{"numer":"602232K","klasa":"droga dojazdowa","kat":"powiatowa"},"geometry":{"type":"LineString","coordinates":[[20.17738,50.11145],[20.17559,50.10971]]}},{"type":"Feature","properties":{"numer":"602232K","klasa":"droga dojazdowa","kat":"powiatowa"},"geometry":{"type":"LineString","coordinates":[[20.17784,50.1119],[20.17738,50.11145]]}},{"type":"Feature","properties":{"numer":"603589K","klasa":"droga dojazdowa","kat":"powiatowa"},"geometry":{"type":"LineString","coordinates":[[20.17816,50.11195],[20.17784,50.1119]]}},{"type":"Feature","properties":{"numer":"602232K","klasa":"droga dojazdowa","kat":"powiatowa"},"geometry":{"type":"LineString","coordinates":[[20.17793,50.11199],[20.17784,50.1119]]}},{"type":"Feature","properties":{"numer":"602232K","klasa":"droga dojazdowa","kat":"powiatowa"},"geometry":{"type":"LineString","coordinates":[[20.18012,50.11461],[20.17921,50.11326],[20.17793,50.11199]]}},{"type":"Feature","properties":{"numer":"602232K","klasa":"droga dojazdowa","kat":"powiatowa"},"geometry":{"type":"LineString","coordinates":[[20.18148,50.11666],[20.18012,50.11461]]}},{"type":"Feature","properties":{"numer":"600347K","klasa":"droga lokalna","kat":"powiatowa"},"geometry":{"type":"LineString","coordinates":[[20.18148649390244,50.11666974085366],[20.18148,50.11666]]}},{"type":"Feature","properties":{"numer":"602407K","klasa":"droga lokalna","kat":"powiatowa"},"geometry":{"type":"LineString","coordinates":[[20.12024,50.11395],[20.12019063768115,50.11450057971024]]}},{"type":"Feature","properties":{"numer":"602407K","klasa":"droga lokalna","kat":"powiatowa"},"geometry":{"type":"LineString","coordinates":[[20.12002957974138,50.115998793103444],[20.11985,50.11626],[20.119464569536436,50.116471986754966]]}},{"type":"Feature","properties":{"numer":"S52","klasa":"droga ekspresowa","kat":"krajowa"},"geometry":{"type":"LineString","coordinates":[[19.925648360655735,50.11232245901639],[19.9257,50.11232]]}},{"type":"Feature","properties":{"numer":"S52","klasa":"droga ekspresowa","kat":"krajowa"},"geometry":{"type":"LineString","coordinates":[[19.9257,50.11232],[19.92881,50.1124],[19.93457,50.11278],[19.9431,50.11315]]}},{"type":"Feature","properties":{"numer":"S52","klasa":"droga ekspresowa","kat":"krajowa"},"geometry":{"type":"LineString","coordinates":[[19.9431,50.11315],[19.94772,50.11333],[19.95108,50.11325],[19.952458628362145,50.1131146745166]]}},{"type":"Feature","properties":{"numer":"602389K","klasa":"droga lokalna","kat":"powiatowa"},"geometry":{"type":"LineString","coordinates":[[19.89609,50.11309],[19.89631,50.11333],[19.89706,50.11349]]}},{"type":"Feature","properties":{"numer":"2206K","klasa":"droga zbiorcza","kat":"powiatowa"},"geometry":{"type":"LineString","coordinates":[[19.89697,50.11387],[19.89706,50.11349]]}},{"type":"Feature","properties":{"numer":"","klasa":"droga lokalna","kat":"gminna"},"geometry":{"type":"LineString","coordinates":[[19.91019,50.1141],[19.910363461149377,50.11400195674166]]}},{"type":"Feature","properties":{"numer":"602916K","klasa":"droga lokalna","kat":"powiatowa"},"geometry":{"type":"LineString","coordinates":[[19.89697,50.11387],[19.89734,50.11418]]}},{"type":"Feature","properties":{"numer":"603504K","klasa":"droga dojazdowa","kat":"powiatowa"},"geometry":{"type":"LineString","coordinates":[[19.91016,50.11412],[19.91019,50.1141]]}},{"type":"Feature","properties":{"numer":"S52","klasa":"droga ekspresowa","kat":"krajowa"},"geometry":{"type":"LineString","coordinates":[[19.90962,50.11527],[19.909832880147224,50.1152088275439]]}},{"type":"Feature","properties":{"numer":"794A","klasa":"droga gĹ‚Ăłwna","kat":"gminna"},"geometry":{"type":"LineString","coordinates":[[19.91009584520987,50.11461068163436],[19.90994,50.11474],[19.90962,50.11527]]}},{"type":"Feature","properties":{"numer":"603053K","klasa":"droga dojazdowa","kat":"powiatowa"},"geometry":{"type":"LineString","coordinates":[[19.90958,50.11528],[19.90976,50.11487],[19.91,50.11461],[19.91016,50.11412]]}},{"type":"Feature","properties":{"numer":"602916K","klasa":"droga lokalna","kat":"powiatowa"},"geometry":{"type":"LineString","coordinates":[[19.89734,50.11418],[19.89777,50.11441],[19.89911,50.11488],[19.90015,50.11538]]}},{"type":"Feature","properties":{"numer":"603504K","klasa":"droga dojazdowa","kat":"powiatowa"},"geometry":{"type":"LineString","coordinates":[[19.90753,50.11543],[19.90781,50.11535],[19.90872,50.11481]]}},{"type":"Feature","properties":{"numer":"S52","klasa":"droga ekspresowa","kat":"krajowa"},"geometry":{"type":"LineString","coordinates":[[19.90958,50.11528],[19.90962,50.11527]]}},{"type":"Feature","properties":{"numer":"602916K","klasa":"droga lokalna","kat":"powiatowa"},"geometry":{"type":"LineString","coordinates":[[19.90015,50.11538],[19.90062,50.11558]]}},{"type":"Feature","properties":{"numer":"602916K","klasa":"droga lokalna","kat":"powiatowa"},"geometry":{"type":"LineString","coordinates":[[19.90753,50.11543],[19.90714,50.11556],[19.90605,50.11574]]}},{"type":"Feature","properties":{"numer":"2208K","klasa":"","kat":"powiatowa"},"geometry":{"type":"LineString","coordinates":[[19.94139,50.11903],[19.9431,50.11315]]}},{"type":"Feature","properties":{"numer":"2208K","klasa":"droga zbiorcza","kat":"powiatowa"},"geometry":{"type":"LineString","coordinates":[[19.94138594568567,50.11904378466872],[19.94139,50.11903]]}},{"type":"Feature","properties":{"numer":"601523K","klasa":"droga lokalna","kat":"powiatowa"},"geometry":{"type":"LineString","coordinates":[[19.94330023964145,50.11913918137748],[19.94419,50.11899],[19.945,50.11906],[19.94525,50.11915],[19.945344657231114,50.11924106265271]]}},{"type":"Feature","properties":{"numer":"602916K","klasa":"droga lokalna","kat":"powiatowa"},"geometry":{"type":"LineString","coordinates":[[19.90062,50.11558],[19.90175,50.11596]]}},{"type":"Feature","properties":{"numer":"794A","klasa":"droga gĹ‚Ăłwna","kat":"gminna"},"geometry":{"type":"LineString","coordinates":[[19.90961,50.11571],[19.909607118256428,50.1157223503296]]}},{"type":"Feature","properties":{"numer":"602916K","klasa":"droga lokalna","kat":"powiatowa"},"geometry":{"type":"LineString","coordinates":[[19.90605,50.11574],[19.90492,50.116],[19.90284,50.11592]]}},{"type":"Feature","properties":{"numer":"602916K","klasa":"droga lokalna","kat":"powiatowa"},"geometry":{"type":"LineString","coordinates":[[19.90284,50.11592],[19.90274,50.11593]]}},{"type":"Feature","properties":{"numer":"602916K","klasa":"droga lokalna","kat":"powiatowa"},"geometry":{"type":"LineString","coordinates":[[19.90274,50.11593],[19.90175,50.11596]]}},{"type":"Feature","properties":{"numer":"2158K","klasa":"droga zbiorcza","kat":"powiatowa"},"geometry":{"type":"LineString","coordinates":[[19.90948524311272,50.115999570116706],[19.90933,50.11597]]}},{"type":"Feature","properties":{"numer":"2206K","klasa":"droga zbiorcza","kat":"powiatowa"},"geometry":{"type":"LineString","coordinates":[[19.89149,50.11922],[19.89181,50.11857],[19.89225,50.11817],[19.89291,50.11765],[19.8945,50.11679],[19.89491,50.11648],[19.89697,50.11387]]}},{"type":"Feature","properties":{"numer":"S52","klasa":"droga ekspresowa","kat":"krajowa"},"geometry":{"type":"LineString","coordinates":[[19.89149,50.11922],[19.8959,50.11862],[19.89779,50.1183],[19.90253,50.11721],[19.90958,50.11528]]}},{"type":"Feature","properties":{"numer":"S52","klasa":"droga ekspresowa","kat":"krajowa"},"geometry":{"type":"LineString","coordinates":[[19.88006366867773,50.11964833384674],[19.88609,50.11956],[19.8884,50.11947],[19.89149,50.11922]]}},{"type":"Feature","properties":{"numer":"2206K","klasa":"droga zbiorcza","kat":"powiatowa"},"geometry":{"type":"LineString","coordinates":[[19.88879941342139,50.12237554918908],[19.88908,50.12219],[19.89046,50.12099],[19.891,50.12028],[19.89149,50.11922]]}}]}