{"type":"FeatureCollection","features":[{"type":"Feature","properties":{"numer":"79","klasa":"droga gĹ‚Ăłwna","kat":"krajowa"},"geometry":{"type":"LineString","coordinates":[[21.61531041785347,51.475366069236564],[21.61076,51.48307]]}},{"type":"Feature","properties":{"numer":"1742W","klasa":"droga zbiorcza","kat":"powiatowa"},"geometry":{"type":"LineString","coordinates":[[21.62599,51.49045],[21.63761,51.48252],[21.63997,51.48153],[21.64979,51.47479]]}},{"type":"Feature","properties":{"numer":"691","klasa":"droga zbiorcza","kat":"wojewodzka"},"geometry":{"type":"LineString","coordinates":[[21.541758593228607,51.469885446739916],[21.54344,51.47165],[21.54678,51.47578],[21.5541,51.4811],[21.55455,51.48125],[21.5552,51.48131],[21.55644,51.48132],[21.55772,51.48119],[21.55816,51.48123],[21.55867,51.4814],[21.56014,51.48217],[21.5612,51.48254],[21.56194,51.48264],[21.56383,51.48268],[21.56652,51.48302]]}},{"type":"Feature","properties":{"numer":"1739W","klasa":"droga zbiorcza","kat":"powiatowa"},"geometry":{"type":"LineString","coordinates":[[21.57716,51.51265],[21.57698,51.51253],[21.57623,51.51132],[21.57089,51.50258],[21.56205,51.48771],[21.56216,51.48744],[21.56309,51.48708],[21.56375,51.48666],[21.56567,51.48467],[21.56588,51.48444],[21.56652,51.48302]]}},{"type":"Feature","properties":{"numer":"79","klasa":"droga gĹ‚Ăłwna","kat":"krajowa"},"geometry":{"type":"LineString","coordinates":[[21.57716,51.51265],[21.58146,51.50907]]}},{"type":"Feature","properties":{"numer":"79","klasa":"droga gĹ‚Ăłwna","kat":"krajowa"},"geometry":{"type":"LineString","coordinates":[[21.5663941250158,51.52433128259862],[21.5667,51.52376],[21.56916,51.51952],[21.56958,51.519],[21.57033,51.51834],[21.57716,51.51265]]}},{"type":"Feature","properties":{"numer":"79","klasa":"droga gĹ‚Ăłwna","kat":"krajowa"},"geometry":{"type":"LineString","coordinates":[[21.55259,51.54662],[21.55383,51.54567],[21.55707,51.54386],[21.55781,51.54309],[21.558024568868074,51.542371660746]]}},{"type":"Feature","properties":{"numer":"79","klasa":"droga gĹ‚Ăłwna","kat":"krajowa"},"geometry":{"type":"LineString","coordinates":[[21.55259,51.54662],[21.55248,51.54672]]}},{"type":"Feature","properties":{"numer":"1727W","klasa":"droga zbiorcza","kat":"powiatowa"},"geometry":{"type":"LineString","coordinates":[[21.58134,51.55298],[21.58133,51.55216],[21.5811,51.55186],[21.58073,51.55166],[21.56682,51.5457],[21.56482,51.5445],[21.56354,51.544],[21.56153,51.54337],[21.56091,51.54309],[21.5582061631378,51.54236458035404]]}},{"type":"Feature","properties":{"numer":"1727W","klasa":"droga zbiorcza","kat":"powiatowa"},"geometry":{"type":"LineString","coordinates":[[21.58133,51.55303],[21.58134,51.55298]]}},{"type":"Feature","properties":{"numer":"79","klasa":"droga gĹ‚Ăłwna","kat":"krajowa"},"geometry":{"type":"LineString","coordinates":[[21.53841,51.56867],[21.53986,51.56698],[21.54182,51.56496],[21.54437,51.56093],[21.54451,51.56003],[21.54388,51.55797],[21.54385,51.55588],[21.54424,51.55383],[21.54455,51.5532],[21.54621,51.55096],[21.5466,51.55059],[21.54776,51.54979],[21.55056,51.54833],[21.55248,51.54672]]}},{"type":"Feature","properties":{"numer":"1727W","klasa":"droga zbiorcza","kat":"powiatowa"},"geometry":{"type":"LineString","coordinates":[[21.57106,51.57134],[21.57088,51.57119],[21.57084,51.5706],[21.57099,51.56978],[21.57358,51.55766],[21.57374,51.5575],[21.57406,51.5574],[21.58106,51.5561],[21.58133,51.55303]]}},{"type":"Feature","properties":{"numer":"691","klasa":"droga zbiorcza","kat":"wojewodzka"},"geometry":{"type":"LineString","coordinates":[[21.61205,51.48371],[21.61076,51.48307]]}},{"type":"Feature","properties":{"numer":"691","klasa":"droga zbiorcza","kat":"wojewodzka"},"geometry":{"type":"LineString","coordinates":[[21.56652,51.48302],[21.56884,51.48329],[21.58015,51.48396],[21.58472,51.48375],[21.60773,51.48482],[21.60961,51.48502]]}},{"type":"Feature","properties":{"numer":"79","klasa":"droga gĹ‚Ăłwna","kat":"krajowa"},"geometry":{"type":"LineString","coordinates":[[21.61076,51.48307],[21.60961,51.48502]]}},{"type":"Feature","properties":{"numer":"79","klasa":"droga gĹ‚Ăłwna","kat":"krajowa"},"geometry":{"type":"LineString","coordinates":[[21.60938,51.48543],[21.60961,51.48502]]}},{"type":"Feature","properties":{"numer":"79","klasa":"droga gĹ‚Ăłwna","kat":"krajowa"},"geometry":{"type":"LineString","coordinates":[[21.60938,51.48543],[21.60933,51.48551]]}},{"type":"Feature","properties":{"numer":"691","klasa":"droga zbiorcza","kat":"wojewodzka"},"geometry":{"type":"LineString","coordinates":[[21.62599,51.49045],[21.61205,51.48371]]}},{"type":"Feature","properties":{"numer":"691","klasa":"droga zbiorcza","kat":"wojewodzka"},"geometry":{"type":"LineString","coordinates":[[21.62702,51.49094],[21.62599,51.49045]]}},{"type":"Feature","properties":{"numer":"691","klasa":"droga zbiorcza","kat":"wojewodzka"},"geometry":{"type":"LineString","coordinates":[[21.6781,51.50021],[21.67355,51.50337],[21.67323,51.50349],[21.67265,51.5035],[21.64067,51.49748],[21.62702,51.49094]]}},{"type":"Feature","properties":{"numer":"79","klasa":"droga gĹ‚Ăłwna","kat":"krajowa"},"geometry":{"type":"LineString","coordinates":[[21.58146,51.50907],[21.60808,51.48706],[21.60872,51.4865],[21.60933,51.48551]]}},{"type":"Feature","properties":{"numer":"1740W","klasa":"droga zbiorcza","kat":"powiatowa"},"geometry":{"type":"LineString","coordinates":[[21.61592,51.50902],[21.61682,51.50907],[21.61718,51.5089],[21.62376,51.50477],[21.62819,51.50118],[21.6292,51.50023],[21.63054,51.49921],[21.63152,51.49799],[21.6327,51.49675],[21.631,51.49592],[21.62984,51.49522],[21.62837,51.49495],[21.62452,51.49326],[21.62448,51.49299],[21.62702,51.49094]]}},{"type":"Feature","properties":{"numer":"737","klasa":"droga gĹ‚Ăłwna","kat":"wojewodzka"},"geometry":{"type":"LineString","coordinates":[[21.53655,51.56732],[21.52844,51.56334],[21.524,51.56022],[21.52298,51.55965],[21.50426190325467,51.55229232381732]]}},{"type":"Feature","properties":{"numer":"737","klasa":"droga gĹ‚Ăłwna","kat":"wojewodzka"},"geometry":{"type":"LineString","coordinates":[[21.438997383419572,51.51464380829009],[21.438626216105643,51.51442390916447]]}},{"type":"Feature","properties":{"numer":"48","klasa":"droga gĹ‚Ăłwna","kat":"krajowa"},"geometry":{"type":"LineString","coordinates":[[21.50573,51.59772],[21.50679,51.59761],[21.50777,51.59729],[21.50885,51.59671],[21.51017,51.59579],[21.51263,51.59444],[21.51302,51.59426],[21.5148,51.59372],[21.52038,51.5909],[21.52273,51.58994],[21.52469,51.58956],[21.52817,51.58947],[21.53019,51.58926],[21.53124,51.58937]]}},{"type":"Feature","properties":{"numer":"170862W","klasa":"droga lokalna","kat":"powiatowa"},"geometry":{"type":"LineString","coordinates":[[21.52842,51.59477],[21.52906,51.59399]]}},{"type":"Feature","properties":{"numer":"170591W","klasa":"droga lokalna","kat":"powiatowa"},"geometry":{"type":"LineString","coordinates":[[21.52842,51.59477],[21.52761,51.59545]]}},{"type":"Feature","properties":{"numer":"170591W","klasa":"droga lokalna","kat":"powiatowa"},"geometry":{"type":"LineString","coordinates":[[21.52761,51.59545],[21.52677,51.59601]]}},{"type":"Feature","properties":{"numer":"170591W","klasa":"droga lokalna","kat":"powiatowa"},"geometry":{"type":"LineString","coordinates":[[21.52677,51.59601],[21.52583,51.59649]]}},{"type":"Feature","properties":{"numer":"170591W","klasa":"droga lokalna","kat":"powiatowa"},"geometry":{"type":"LineString","coordinates":[[21.52583,51.59649],[21.52485,51.597]]}},{"type":"Feature","properties":{"numer":"170591W","klasa":"droga lokalna","kat":"powiatowa"},"geometry":{"type":"LineString","coordinates":[[21.52485,51.597],[21.52354,51.59768]]}},{"type":"Feature","properties":{"numer":"48","klasa":"droga gĹ‚Ăłwna","kat":"krajowa"},"geometry":{"type":"LineString","coordinates":[[21.49716,51.59766],[21.4977,51.59766]]}},{"type":"Feature","properties":{"numer":"1740W","klasa":"droga zbiorcza","kat":"powiatowa"},"geometry":{"type":"LineString","coordinates":[[21.61578,51.509],[21.61592,51.50902]]}},{"type":"Feature","properties":{"numer":"1740W","klasa":"droga zbiorcza","kat":"powiatowa"},"geometry":{"type":"LineString","coordinates":[[21.58146,51.50907],[21.58961,51.51025],[21.59237,51.51128],[21.59307,51.51146],[21.59564,51.5116],[21.59734,51.51153],[21.61497,51.509],[21.61578,51.509]]}},{"type":"Feature","properties":{"numer":"48","klasa":"droga gĹ‚Ăłwna","kat":"krajowa"},"geometry":{"type":"LineString","coordinates":[[21.63818,51.55458],[21.6387,51.55446],[21.63918,51.55414],[21.64074,51.55252],[21.6413,51.55122],[21.64123,51.55045],[21.64138,51.55021],[21.6429,51.54936],[21.64527,51.54769],[21.64744,51.54637],[21.64807,51.54607],[21.64973,51.5455],[21.65165,51.5443],[21.65343,51.54361],[21.65433,51.54316],[21.65524,51.54228],[21.65583,51.54072],[21.65692,51.54006],[21.65815,51.53855],[21.65933,51.53781]]}},{"type":"Feature","properties":{"numer":"48","klasa":"droga gĹ‚Ăłwna","kat":"krajowa"},"geometry":{"type":"LineString","coordinates":[[21.62203,51.55705],[21.62325,51.55664],[21.63053,51.55521],[21.63319,51.55486],[21.63545,51.55493],[21.63818,51.55458]]}},{"type":"Feature","properties":{"numer":"1730W","klasa":"droga zbiorcza","kat":"powiatowa"},"geometry":{"type":"LineString","coordinates":[[21.63818,51.55458],[21.63866,51.5562],[21.64069,51.55874],[21.64192,51.55946],[21.64448,51.56057],[21.6459,51.56099],[21.64755,51.5611]]}},{"type":"Feature","properties":{"numer":"48","klasa":"droga gĹ‚Ăłwna","kat":"krajowa"},"geometry":{"type":"LineString","coordinates":[[21.6039,51.56484],[21.60888,51.5637],[21.61193,51.56256],[21.61419,51.56138],[21.61971,51.55808],[21.62203,51.55705]]}},{"type":"Feature","properties":{"numer":"1730W","klasa":"droga zbiorcza","kat":"powiatowa"},"geometry":{"type":"LineString","coordinates":[[21.64755,51.5611],[21.64778,51.5611]]}},{"type":"Feature","properties":{"numer":"1730W","klasa":"droga zbiorcza","kat":"powiatowa"},"geometry":{"type":"LineString","coordinates":[[21.64778,51.5611],[21.65644,51.56148]]}},{"type":"Feature","properties":{"numer":"48","klasa":"droga gĹ‚Ăłwna","kat":"krajowa"},"geometry":{"type":"LineString","coordinates":[[21.60379,51.56486],[21.6039,51.56484]]}},{"type":"Feature","properties":{"numer":"1729W","klasa":"droga zbiorcza","kat":"powiatowa"},"geometry":{"type":"LineString","coordinates":[[21.62203,51.55705],[21.62267,51.5575],[21.62266,51.55773],[21.62223,51.5583],[21.62161,51.55891],[21.62076,51.56012],[21.62048,51.56062],[21.62003,51.56195],[21.61943,51.5628],[21.61872,51.56352],[21.6167,51.5667],[21.61525,51.5673],[21.615,51.56748],[21.61497,51.56767],[21.61527,51.56865],[21.6155,51.56892],[21.6166,51.56916],[21.62268,51.57089],[21.62817,51.57213],[21.6297,51.57435]]}},{"type":"Feature","properties":{"numer":"737","klasa":"droga gĹ‚Ăłwna","kat":"wojewodzka"},"geometry":{"type":"LineString","coordinates":[[21.5377,51.56858],[21.53711,51.56778],[21.53655,51.56732]]}},{"type":"Feature","properties":{"numer":"737","klasa":"droga gĹ‚Ăłwna","kat":"wojewodzka"},"geometry":{"type":"LineString","coordinates":[[21.53797,51.56887],[21.5377,51.56858]]}},{"type":"Feature","properties":{"numer":"79","klasa":"droga gĹ‚Ăłwna","kat":"krajowa"},"geometry":{"type":"LineString","coordinates":[[21.53824,51.56887],[21.53841,51.56867]]}},{"type":"Feature","properties":{"numer":"79","klasa":"droga gĹ‚Ăłwna","kat":"krajowa"},"geometry":{"type":"LineString","coordinates":[[21.53824,51.56887],[21.53811,51.56896]]}},{"type":"Feature","properties":{"numer":"737","klasa":"droga gĹ‚Ăłwna","kat":"wojewodzka"},"geometry":{"type":"LineString","coordinates":[[21.53811,51.56896],[21.53797,51.56887]]}},{"type":"Feature","properties":{"numer":"79","klasa":"droga gĹ‚Ăłwna","kat":"krajowa"},"geometry":{"type":"LineString","coordinates":[[21.53811,51.56896],[21.53812,51.56907]]}},{"type":"Feature","properties":{"numer":"79","klasa":"droga gĹ‚Ăłwna","kat":"krajowa"},"geometry":{"type":"LineString","coordinates":[[21.53812,51.56907],[21.53907,51.57049]]}},{"type":"Feature","properties":{"numer":"170824W","klasa":"droga lokalna","kat":"powiatowa"},"geometry":{"type":"LineString","coordinates":[[21.56524,51.57218],[21.56583,51.57272]]}},{"type":"Feature","properties":{"numer":"170824W","klasa":"droga lokalna","kat":"powiatowa"},"geometry":{"type":"LineString","coordinates":[[21.56137,51.57288],[21.56484,51.57221],[21.56524,51.57218]]}},{"type":"Feature","properties":{"numer":"79","klasa":"droga gĹ‚Ăłwna","kat":"krajowa"},"geometry":{"type":"LineString","coordinates":[[21.53907,51.57049],[21.54245,51.57523]]}},{"type":"Feature","properties":{"numer":"48","klasa":"droga gĹ‚Ăłwna","kat":"krajowa"},"geometry":{"type":"LineString","coordinates":[[21.5677,51.57444],[21.57106,51.57134]]}},{"type":"Feature","properties":{"numer":"170824W","klasa":"droga lokalna","kat":"powiatowa"},"geometry":{"type":"LineString","coordinates":[[21.55922,51.57329],[21.56137,51.57288]]}},{"type":"Feature","properties":{"numer":"170824W","klasa":"droga lokalna","kat":"powiatowa"},"geometry":{"type":"LineString","coordinates":[[21.56583,51.57272],[21.56665,51.57348]]}},{"type":"Feature","properties":{"numer":"170824W","klasa":"droga lokalna","kat":"powiatowa"},"geometry":{"type":"LineString","coordinates":[[21.55895,51.57335],[21.55922,51.57329]]}},{"type":"Feature","properties":{"numer":"170595W,170824W","klasa":"droga lokalna","kat":"powiatowa"},"geometry":{"type":"LineString","coordinates":[[21.56665,51.57348],[21.56687,51.57368]]}},{"type":"Feature","properties":{"numer":"170824W","klasa":"droga lokalna","kat":"powiatowa"},"geometry":{"type":"LineString","coordinates":[[21.55591,51.57396],[21.55895,51.57335]]}},{"type":"Feature","properties":{"numer":"170824W","klasa":"droga lokalna","kat":"powiatowa"},"geometry":{"type":"LineString","coordinates":[[21.55571,51.574],[21.55591,51.57396]]}},{"type":"Feature","properties":{"numer":"170824W","klasa":"droga lokalna","kat":"powiatowa"},"geometry":{"type":"LineString","coordinates":[[21.56687,51.57368],[21.5677,51.57444]]}},{"type":"Feature","properties":{"numer":"170824W","klasa":"droga lokalna","kat":"powiatowa"},"geometry":{"type":"LineString","coordinates":[[21.55481,51.57418],[21.55571,51.574]]}},{"type":"Feature","properties":{"numer":"170824W","klasa":"droga lokalna","kat":"powiatowa"},"geometry":{"type":"LineString","coordinates":[[21.55481,51.57418],[21.55467,51.57421]]}},{"type":"Feature","properties":{"numer":"1715W","klasa":"droga gĹ‚Ăłwna","kat":"powiatowa"},"geometry":{"type":"LineString","coordinates":[[21.327747669169863,51.546953686769236],[21.32784,51.54701]]}},{"type":"Feature","properties":{"numer":"1715W","klasa":"droga zbiorcza","kat":"powiatowa"},"geometry":{"type":"LineString","coordinates":[[21.32784,51.54701],[21.32814,51.5474],[21.32918,51.5495],[21.32991,51.55059],[21.33316,51.55432],[21.33357,51.55587],[21.33365,51.55872],[21.32845,51.57547],[21.32813,51.57588],[21.32422,51.57954],[21.32398,51.57986],[21.3239,51.58024],[21.32669,51.58334],[21.33057,51.59352],[21.33249,51.59727],[21.33286,51.59735],[21.33842,51.59709],[21.34552,51.5979]]}},{"type":"Feature","properties":{"numer":"1716W","klasa":"droga zbiorcza","kat":"powiatowa"},"geometry":{"type":"LineString","coordinates":[[21.34851,51.59798],[21.34863,51.59732],[21.34856,51.59597],[21.34869,51.59574],[21.351,51.59449],[21.3563,51.58901],[21.35952,51.58627],[21.35982,51.58592],[21.36224,51.57684],[21.3655,51.56797]]}},{"type":"Feature","properties":{"numer":"1715W","klasa":"droga zbiorcza","kat":"powiatowa"},"geometry":{"type":"LineString","coordinates":[[21.34851,51.59798],[21.34552,51.5979]]}},{"type":"Feature","properties":{"numer":"1716W","klasa":"droga zbiorcza","kat":"powiatowa"},"geometry":{"type":"LineString","coordinates":[[21.34851,51.59798],[21.3487,51.59881]]}},{"type":"Feature","properties":{"numer":"1716W","klasa":"droga zbiorcza","kat":"powiatowa"},"geometry":{"type":"LineString","coordinates":[[21.40375,51.53717],[21.410607039203548,51.53372759975207]]}},{"type":"Feature","properties":{"numer":"1711W","klasa":"droga zbiorcza","kat":"powiatowa"},"geometry":{"type":"LineString","coordinates":[[21.53655,51.56732],[21.53617,51.56734],[21.52949,51.56625],[21.52841,51.56624],[21.52084,51.56727],[21.51768,51.56744],[21.51109,51.5682],[21.50691,51.56888],[21.50163,51.56946],[21.48396,51.57181],[21.47494,51.57291],[21.47403,51.57278],[21.47244,51.57197],[21.47195,51.57186],[21.47073,51.57192],[21.4647,51.57301],[21.46389,51.5731],[21.45372,51.57255],[21.44992,51.57244],[21.44377,51.57195],[21.43918,51.57168],[21.43869,51.57157],[21.4375,51.57091],[21.43512,51.56985],[21.43417,51.56956],[21.43332,51.56945],[21.41538,51.57632],[21.41504,51.5762],[21.41401,51.57501],[21.41355,51.57481],[21.37387,51.56911],[21.3655,51.56797]]}},{"type":"Feature","properties":{"numer":"48","klasa":"droga gĹ‚Ăłwna","kat":"krajowa"},"geometry":{"type":"LineString","coordinates":[[21.34912,51.6001],[21.35443,51.60021],[21.35601,51.60073],[21.35833,51.6019],[21.35916,51.60202],[21.38499,51.60074],[21.38726,51.60053],[21.39024,51.60066],[21.39358,51.60029],[21.40229,51.601],[21.40458,51.60103],[21.40804,51.60086],[21.41676,51.60132],[21.41749,51.60124],[21.41815,51.60106],[21.42108,51.5999],[21.42369,51.59913],[21.42751,51.59823],[21.43069,51.59771],[21.43265,51.59783],[21.43488,51.59826],[21.4361,51.59836],[21.43935,51.59881],[21.44051,51.59891],[21.48552,51.59864],[21.48697,51.59859],[21.48993,51.59829],[21.494,51.59773],[21.49542,51.59765],[21.49716,51.59766]]}},{"type":"Feature","properties":{"numer":"1718W","klasa":"droga zbiorcza","kat":"powiatowa"},"geometry":{"type":"LineString","coordinates":[[21.45901,51.64841],[21.46012,51.64893]]}},{"type":"Feature","properties":{"numer":"79","klasa":"droga gĹ‚Ăłwna","kat":"krajowa"},"geometry":{"type":"LineString","coordinates":[[21.45705,51.65076],[21.45901,51.64841]]}},{"type":"Feature","properties":{"numer":"79","klasa":"droga gĹ‚Ăłwna","kat":"krajowa"},"geometry":{"type":"LineString","coordinates":[[21.45675,51.65112],[21.45705,51.65076]]}},{"type":"Feature","properties":{"numer":"3515W","klasa":"droga zbiorcza","kat":"powiatowa"},"geometry":{"type":"LineString","coordinates":[[21.24965,51.57188],[21.249528782453,51.57182545210385]]}},{"type":"Feature","properties":{"numer":"3515W","klasa":"droga zbiorcza","kat":"powiatowa"},"geometry":{"type":"LineString","coordinates":[[21.31834,51.61885],[21.3178,51.61863],[21.31529,51.61797],[21.31448,51.61769],[21.30859,51.61482],[21.3081,51.61449],[21.30764,51.61397],[21.3058,51.6102],[21.30004,51.59904],[21.29723,51.59478],[21.29692,51.5945],[21.29624,51.59423],[21.29511,51.59351],[21.28728,51.58757],[21.28356,51.586],[21.28295,51.58563],[21.27907,51.58206],[21.27856,51.5818],[21.27599,51.58081],[21.27081,51.57898],[21.25441,51.57359],[21.24965,51.57188]]}},{"type":"Feature","properties":{"numer":"48","klasa":"droga gĹ‚Ăłwna","kat":"krajowa"},"geometry":{"type":"LineString","coordinates":[[21.225772951523332,51.6170782868332],[21.2289,51.61706],[21.23131,51.61681],[21.23489,51.61616],[21.23727,51.61546],[21.2393,51.61414],[21.24963,51.61009],[21.25359,51.60747],[21.2607,51.60478],[21.26661,51.60404],[21.26775,51.60379],[21.26976,51.60317],[21.27011,51.60323],[21.29156,51.61222],[21.29206,51.61255],[21.29309,51.61377],[21.2935,51.614],[21.29578,51.61449],[21.29759,51.61536],[21.30242,51.61726],[21.30315,51.61773],[21.30562,51.61994],[21.3085,51.62146],[21.3089,51.62157],[21.31318,51.62207],[21.31406,51.62223]]}},{"type":"Feature","properties":{"numer":"1714W","klasa":"droga zbiorcza","kat":"powiatowa"},"geometry":{"type":"LineString","coordinates":[[21.23984837578993,51.63518701063705],[21.24192,51.63485],[21.24459,51.63425],[21.24738,51.63385],[21.25142,51.63253],[21.2538,51.63196],[21.25741,51.63165],[21.26337,51.63147],[21.26815,51.63049],[21.27079,51.63021],[21.27137,51.63005],[21.27291,51.62938],[21.27629,51.62824],[21.2782,51.62776],[21.28,51.62754],[21.28288,51.62634],[21.2836,51.62618],[21.28968,51.62629],[21.30927,51.62639]]}},{"type":"Feature","properties":{"numer":"730","klasa":"droga gĹ‚Ăłwna","kat":"wojewodzka"},"geometry":{"type":"LineString","coordinates":[[21.23337,51.6994],[21.23377,51.69899],[21.23457,51.69862],[21.24117,51.69679],[21.2419,51.69648],[21.25958,51.68217],[21.27382,51.67048],[21.28146,51.66253],[21.28522,51.66042],[21.28726,51.65871],[21.28784,51.65834],[21.29247,51.65662],[21.29328,51.65617],[21.2968,51.65332],[21.29834,51.65189],[21.30273,51.64923],[21.30612,51.64497]]}},{"type":"Feature","properties":{"numer":"1710W","klasa":"droga zbiorcza","kat":"powiatowa"},"geometry":{"type":"LineString","coordinates":[[21.22697,51.72416],[21.22813,51.72464],[21.22848,51.72472],[21.22995,51.72441],[21.23505,51.72367],[21.23709,51.7231],[21.24133,51.72222],[21.245,51.72107],[21.24879,51.71998],[21.25901,51.71862],[21.26811,51.71817],[21.28035,51.71606],[21.28193,51.71587],[21.28251,51.71598],[21.28656,51.7176],[21.29052,51.71896],[21.29338,51.71947],[21.29395,51.71965],[21.29892,51.72148],[21.3057,51.72441]]}},{"type":"Feature","properties":{"numer":"1130W","klasa":"droga zbiorcza","kat":"powiatowa"},"geometry":{"type":"LineString","coordinates":[[21.17888,51.73283],[21.17646,51.73216],[21.176045566790282,51.73201015607076]]}},{"type":"Feature","properties":{"numer":"1131W","klasa":"droga zbiorcza","kat":"powiatowa"},"geometry":{"type":"LineString","coordinates":[[21.17461,51.68736],[21.17538,51.68549],[21.17596,51.68461],[21.17655,51.68422],[21.17922,51.68283],[21.1809,51.68168],[21.1825,51.67947],[21.18351,51.67831],[21.18399,51.67798],[21.18524,51.67743],[21.18585,51.67732],[21.19346,51.67784],[21.19388,51.67799],[21.19419,51.67822],[21.19628,51.67995],[21.19642,51.68027],[21.19655,51.68142],[21.19693,51.68216],[21.19815,51.68316],[21.19861,51.68436],[21.19988,51.68561],[21.20636,51.68595],[21.20876,51.68576],[21.21065,51.68541],[21.21196,51.6853],[21.21295,51.68531],[21.21879,51.68639],[21.2191,51.68651],[21.23337,51.6994]]}},{"type":"Feature","properties":{"numer":"1701W","klasa":"droga zbiorcza","kat":"powiatowa"},"geometry":{"type":"LineString","coordinates":[[21.17461,51.68736],[21.17569,51.69103],[21.17671,51.69268],[21.1771,51.69358],[21.17673,51.6947],[21.176575595588236,51.694991262867646]]}},{"type":"Feature","properties":{"numer":"1701W","klasa":"droga zbiorcza","kat":"powiatowa"},"geometry":{"type":"LineString","coordinates":[[21.17534505617976,51.69696112359552],[21.1748,51.69761],[21.17428,51.69926],[21.17374,51.70017],[21.17319,51.70142],[21.173219319415452,51.7016967019833]]}},{"type":"Feature","properties":{"numer":"1701W","klasa":"droga zbiorcza","kat":"powiatowa"},"geometry":{"type":"LineString","coordinates":[[21.174423530535492,51.70638532027939],[21.17449,51.70642],[21.17494,51.70647],[21.17936,51.70669],[21.18287,51.707],[21.18455,51.70728],[21.18967,51.70862],[21.19063,51.70877],[21.19217,51.7089],[21.19348,51.70853],[21.19406,51.70846],[21.19507,51.70853],[21.19627,51.70878],[21.19718,51.7092],[21.19867,51.71028],[21.20192,51.71175],[21.20601,51.71331],[21.20643,51.71332],[21.20693,51.71324],[21.20959,51.71257],[21.21018,51.71261],[21.21599,51.71639],[21.21805,51.71792],[21.22476,51.72528],[21.22516,51.72567],[21.22562,51.72595]]}},{"type":"Feature","properties":{"numer":"730","klasa":"droga gĹ‚Ăłwna","kat":"wojewodzka"},"geometry":{"type":"LineString","coordinates":[[21.22697,51.72416],[21.22727,51.72177],[21.23147,51.71337],[21.23203,51.71168],[21.23512,51.70726],[21.23501,51.70654],[21.23323,51.70026],[21.23337,51.6994]]}},{"type":"Feature","properties":{"numer":"730","klasa":"droga gĹ‚Ăłwna","kat":"wojewodzka"},"geometry":{"type":"LineString","coordinates":[[21.22562,51.72595],[21.22658,51.72493],[21.22697,51.72416]]}},{"type":"Feature","properties":{"numer":"730","klasa":"droga gĹ‚Ăłwna","kat":"wojewodzka"},"geometry":{"type":"LineString","coordinates":[[21.21927,51.73435],[21.21905,51.73203],[21.21914,51.73168],[21.22295,51.72848],[21.22458,51.72702],[21.22562,51.72595]]}},{"type":"Feature","properties":{"numer":"730","klasa":"droga gĹ‚Ăłwna","kat":"wojewodzka"},"geometry":{"type":"LineString","coordinates":[[21.21799,51.73673],[21.21909,51.73497],[21.21927,51.73435]]}},{"type":"Feature","properties":{"numer":"1130W","klasa":"droga zbiorcza","kat":"powiatowa"},"geometry":{"type":"LineString","coordinates":[[21.18335,51.74187],[21.20205,51.73855],[21.21799,51.73673]]}},{"type":"Feature","properties":{"numer":"730","klasa":"droga gĹ‚Ăłwna","kat":"wojewodzka"},"geometry":{"type":"LineString","coordinates":[[21.20642,51.75258],[21.20847,51.74601],[21.21257,51.74269],[21.21612,51.7395],[21.21799,51.73673]]}},{"type":"Feature","properties":{"numer":"730","klasa":"droga gĹ‚Ăłwna","kat":"wojewodzka"},"geometry":{"type":"LineString","coordinates":[[21.20642,51.75258],[21.2064,51.75265]]}},{"type":"Feature","properties":{"numer":"730","klasa":"droga gĹ‚Ăłwna","kat":"wojewodzka"},"geometry":{"type":"LineString","coordinates":[[21.2064,51.75265],[21.20231,51.76781]]}},{"type":"Feature","properties":{"numer":"730","klasa":"droga gĹ‚Ăłwna","kat":"wojewodzka"},"geometry":{"type":"LineString","coordinates":[[21.20231,51.76781],[21.2019,51.76897],[21.19929,51.77192]]}},{"type":"Feature","properties":{"numer":"736","klasa":"droga gĹ‚Ăłwna","kat":"wojewodzka"},"geometry":{"type":"LineString","coordinates":[[21.20462,51.77289],[21.19929,51.77192]]}},{"type":"Feature","properties":{"numer":"736","klasa":"droga gĹ‚Ăłwna","kat":"wojewodzka"},"geometry":{"type":"LineString","coordinates":[[21.2047,51.77291],[21.20462,51.77289]]}},{"type":"Feature","properties":{"numer":"730","klasa":"droga gĹ‚Ăłwna","kat":"wojewodzka"},"geometry":{"type":"LineString","coordinates":[[21.19929,51.77192],[21.199239969842118,51.77200479687777]]}},{"type":"Feature","properties":{"numer":"1130W","klasa":"droga zbiorcza","kat":"powiatowa"},"geometry":{"type":"LineString","coordinates":[[21.1805,51.73359],[21.18046,51.73328],[21.17888,51.73283]]}},{"type":"Feature","properties":{"numer":"1130W","klasa":"droga zbiorcza","kat":"powiatowa"},"geometry":{"type":"LineString","coordinates":[[21.18335,51.74187],[21.18308,51.74135],[21.1827,51.741],[21.18153,51.73821],[21.18079,51.73542],[21.1805,51.73359]]}},{"type":"Feature","properties":{"numer":"1130W","klasa":"droga zbiorcza","kat":"powiatowa"},"geometry":{"type":"LineString","coordinates":[[21.18293,51.74195],[21.18335,51.74187]]}},{"type":"Feature","properties":{"numer":"1685W","klasa":"droga zbiorcza","kat":"powiatowa"},"geometry":{"type":"LineString","coordinates":[[21.128275858836897,51.733884650524274],[21.12857,51.734],[21.13325,51.735],[21.13681,51.73668],[21.13863,51.73832],[21.14613,51.74667],[21.15067,51.74894],[21.15278,51.75027],[21.15297,51.75034],[21.15369,51.75003],[21.15416,51.74993],[21.15836,51.74985],[21.15985,51.74973],[21.16052,51.74955],[21.16224,51.7488],[21.16249,51.74877],[21.17074,51.75484],[21.17693719017439,51.75951787903487]]}},{"type":"Feature","properties":{"numer":"1685W","klasa":"droga zbiorcza","kat":"powiatowa"},"geometry":{"type":"LineString","coordinates":[[21.18974023157892,51.767080042105256],[21.19095,51.7673],[21.19339,51.76798],[21.1944411402999,51.768403019876786]]}},{"type":"Feature","properties":{"numer":"1685W","klasa":"droga zbiorcza","kat":"powiatowa"},"geometry":{"type":"LineString","coordinates":[[21.195829500600233,51.769219183673464],[21.19855,51.77119],[21.19929,51.77192]]}},{"type":"Feature","properties":{"numer":"1716W","klasa":"droga zbiorcza","kat":"powiatowa"},"geometry":{"type":"LineString","coordinates":[[21.3487,51.59881],[21.34871,51.59887]]}},{"type":"Feature","properties":{"numer":"1747W","klasa":"droga zbiorcza","kat":"powiatowa"},"geometry":{"type":"LineString","coordinates":[[21.34651,51.60039],[21.34552,51.5979]]}},{"type":"Feature","properties":{"numer":"1716W","klasa":"droga zbiorcza","kat":"powiatowa"},"geometry":{"type":"LineString","coordinates":[[21.34871,51.59887],[21.34912,51.6001]]}},{"type":"Feature","properties":{"numer":"48","klasa":"droga gĹ‚Ăłwna","kat":"krajowa"},"geometry":{"type":"LineString","coordinates":[[21.34651,51.60039],[21.34787,51.60013],[21.34912,51.6001]]}},{"type":"Feature","properties":{"numer":"48","klasa":"droga gĹ‚Ăłwna","kat":"krajowa"},"geometry":{"type":"LineString","coordinates":[[21.34402,51.60479],[21.34594,51.6009],[21.34618,51.60061],[21.34651,51.60039]]}},{"type":"Feature","properties":{"numer":"48","klasa":"droga gĹ‚Ăłwna","kat":"krajowa"},"geometry":{"type":"LineString","coordinates":[[21.33593,51.61187],[21.34402,51.60479]]}},{"type":"Feature","properties":{"numer":"48","klasa":"droga gĹ‚Ăłwna","kat":"krajowa"},"geometry":{"type":"LineString","coordinates":[[21.33566,51.6121],[21.33593,51.61187]]}},{"type":"Feature","properties":{"numer":"48","klasa":"droga gĹ‚Ăłwna","kat":"krajowa"},"geometry":{"type":"LineString","coordinates":[[21.33447,51.61312],[21.33566,51.6121]]}},{"type":"Feature","properties":{"numer":"48","klasa":"droga gĹ‚Ăłwna","kat":"krajowa"},"geometry":{"type":"LineString","coordinates":[[21.33439,51.61318],[21.33447,51.61312]]}},{"type":"Feature","properties":{"numer":"48","klasa":"droga gĹ‚Ăłwna","kat":"krajowa"},"geometry":{"type":"LineString","coordinates":[[21.33176,51.61505],[21.33439,51.61318]]}},{"type":"Feature","properties":{"numer":"1716W","klasa":"droga zbiorcza","kat":"powiatowa"},"geometry":{"type":"LineString","coordinates":[[21.40365,51.53721],[21.40375,51.53717]]}},{"type":"Feature","properties":{"numer":"1716W","klasa":"droga zbiorcza","kat":"powiatowa"},"geometry":{"type":"LineString","coordinates":[[21.40365,51.53721],[21.40288,51.53753],[21.38671,51.54134],[21.37959,51.54488],[21.37922,51.54521],[21.37634,51.54854],[21.37573,51.54896],[21.37503,51.54909],[21.36919,51.54945],[21.36865,51.54958],[21.36822,51.54983]]}},{"type":"Feature","properties":{"numer":"1716W","klasa":"droga zbiorcza","kat":"powiatowa"},"geometry":{"type":"LineString","coordinates":[[21.36822,51.54983],[21.36785,51.54979]]}},{"type":"Feature","properties":{"numer":"","klasa":"droga lokalna","kat":"gminna"},"geometry":{"type":"LineString","coordinates":[[21.36794,51.55031],[21.36785,51.54979]]}},{"type":"Feature","properties":{"numer":"1716W","klasa":"droga zbiorcza","kat":"powiatowa"},"geometry":{"type":"LineString","coordinates":[[21.36794,51.55031],[21.36822,51.54983]]}},{"type":"Feature","properties":{"numer":"1716W","klasa":"droga zbiorcza","kat":"powiatowa"},"geometry":{"type":"LineString","coordinates":[[21.3655,51.56797],[21.36961,51.55684],[21.36794,51.55031]]}},{"type":"Feature","properties":{"numer":"1712W","klasa":"droga zbiorcza","kat":"powiatowa"},"geometry":{"type":"LineString","coordinates":[[21.34402,51.60479],[21.34713,51.6083],[21.34986,51.6112],[21.35721,51.62165],[21.36118,51.62755],[21.3617,51.62801],[21.36363,51.62937],[21.3673,51.63168],[21.36911,51.63331],[21.37127,51.63792],[21.37335,51.64325],[21.37363,51.64353],[21.37608,51.64521],[21.3762,51.64548],[21.37631,51.6467],[21.37645,51.647],[21.40653,51.67639],[21.41469,51.68394],[21.4198,51.6883],[21.41999,51.68854],[21.42108,51.69104]]}},{"type":"Feature","properties":{"numer":"1713W","klasa":"droga zbiorcza","kat":"powiatowa"},"geometry":{"type":"LineString","coordinates":[[21.35691,51.68968],[21.35805,51.68991],[21.36146,51.69031],[21.36378,51.69092],[21.36783,51.69182]]}},{"type":"Feature","properties":{"numer":"1713W","klasa":"droga zbiorcza","kat":"powiatowa"},"geometry":{"type":"LineString","coordinates":[[21.36783,51.69182],[21.36905,51.69204]]}},{"type":"Feature","properties":{"numer":"1713W","klasa":"droga zbiorcza","kat":"powiatowa"},"geometry":{"type":"LineString","coordinates":[[21.36783,51.69182],[21.36786,51.69206]]}},{"type":"Feature","properties":{"numer":"48","klasa":"droga gĹ‚Ăłwna","kat":"krajowa"},"geometry":{"type":"LineString","coordinates":[[21.33118,51.61546],[21.33176,51.61505]]}},{"type":"Feature","properties":{"numer":"48","klasa":"droga gĹ‚Ăłwna","kat":"krajowa"},"geometry":{"type":"LineString","coordinates":[[21.31996,51.62073],[21.32128,51.61973],[21.32168,51.61952],[21.32914,51.61672],[21.32993,51.61633],[21.33118,51.61546]]}},{"type":"Feature","properties":{"numer":"3515W","klasa":"droga zbiorcza","kat":"powiatowa"},"geometry":{"type":"LineString","coordinates":[[21.31834,51.61885],[21.31843,51.61891]]}},{"type":"Feature","properties":{"numer":"3515W","klasa":"droga zbiorcza","kat":"powiatowa"},"geometry":{"type":"LineString","coordinates":[[21.31843,51.61891],[21.319,51.61945],[21.31926,51.62017],[21.31996,51.62073]]}},{"type":"Feature","properties":{"numer":"48","klasa":"droga gĹ‚Ăłwna","kat":"krajowa"},"geometry":{"type":"LineString","coordinates":[[21.31777,51.62319],[21.31895,51.62154],[21.31996,51.62073]]}},{"type":"Feature","properties":{"numer":"48","klasa":"droga gĹ‚Ăłwna","kat":"krajowa"},"geometry":{"type":"LineString","coordinates":[[21.31406,51.62223],[21.31418,51.62226]]}},{"type":"Feature","properties":{"numer":"48","klasa":"droga gĹ‚Ăłwna","kat":"krajowa"},"geometry":{"type":"LineString","coordinates":[[21.31418,51.62226],[21.31575,51.62263]]}},{"type":"Feature","properties":{"numer":"48","klasa":"droga gĹ‚Ăłwna","kat":"krajowa"},"geometry":{"type":"LineString","coordinates":[[21.31723,51.62303],[21.31575,51.62263]]}},{"type":"Feature","properties":{"numer":"48","klasa":"droga gĹ‚Ăłwna","kat":"krajowa"},"geometry":{"type":"LineString","coordinates":[[21.31723,51.62303],[21.31777,51.62319]]}},{"type":"Feature","properties":{"numer":"1714W","klasa":"droga zbiorcza","kat":"powiatowa"},"geometry":{"type":"LineString","coordinates":[[21.30937,51.6264],[21.31177,51.6267],[21.31212,51.62667],[21.31468,51.62394],[21.31575,51.62263]]}},{"type":"Feature","properties":{"numer":"1714W","klasa":"droga zbiorcza","kat":"powiatowa"},"geometry":{"type":"LineString","coordinates":[[21.30927,51.62639],[21.30937,51.6264]]}},{"type":"Feature","properties":{"numer":"730","klasa":"droga gĹ‚Ăłwna","kat":"wojewodzka"},"geometry":{"type":"LineString","coordinates":[[21.30612,51.64497],[21.30781,51.6428],[21.3138,51.63578],[21.31456,51.63467],[21.31506,51.63327],[21.31551,51.63135],[21.31695,51.62445],[21.31777,51.62319]]}},{"type":"Feature","properties":{"numer":"1704W","klasa":"droga zbiorcza","kat":"powiatowa"},"geometry":{"type":"LineString","coordinates":[[21.32529,51.68828],[21.32296,51.6796],[21.32233,51.6768],[21.32558,51.66511],[21.32552,51.66405],[21.32185,51.66124],[21.31912,51.65955],[21.317,51.65801],[21.31636,51.65747],[21.31494,51.65598],[21.31376,51.655],[21.31357,51.65455],[21.31416,51.65316],[21.31406,51.65268],[21.3085,51.64852],[21.30763,51.64738],[21.30612,51.64497]]}},{"type":"Feature","properties":{"numer":"1713W","klasa":"droga zbiorcza","kat":"powiatowa"},"geometry":{"type":"LineString","coordinates":[[21.32529,51.68828],[21.33692,51.68532],[21.3377,51.68526],[21.33922,51.68552],[21.34458,51.68672],[21.35257,51.68858],[21.35691,51.68968]]}},{"type":"Feature","properties":{"numer":"1704W","klasa":"droga zbiorcza","kat":"powiatowa"},"geometry":{"type":"LineString","coordinates":[[21.32529,51.68828],[21.32581,51.68931],[21.32587,51.68972],[21.32475,51.69765],[21.32438,51.69948],[21.32368,51.70933],[21.32372,51.70962],[21.32399,51.71],[21.3252,51.71072],[21.32538,51.711]]}},{"type":"Feature","properties":{"numer":"1702W","klasa":"droga zbiorcza","kat":"powiatowa"},"geometry":{"type":"LineString","coordinates":[[21.36786,51.69206],[21.3658,51.69206],[21.35742,51.69235],[21.35536,51.69258],[21.35393,51.693],[21.34554,51.69791],[21.34125,51.70093],[21.33795,51.70364],[21.3268,51.71049],[21.32609,51.71086],[21.32538,51.711]]}},{"type":"Feature","properties":{"numer":"1704W","klasa":"droga zbiorcza","kat":"powiatowa"},"geometry":{"type":"LineString","coordinates":[[21.32538,51.711],[21.32471,51.71295],[21.32482,51.71328],[21.32518,51.7136],[21.33276,51.71809],[21.33485,51.71949],[21.33524,51.71961],[21.3358,51.71963],[21.33786,51.7192],[21.33827,51.71919],[21.33864,51.71929],[21.34388,51.72298],[21.34465,51.72343]]}},{"type":"Feature","properties":{"numer":"1702W","klasa":"droga zbiorcza","kat":"powiatowa"},"geometry":{"type":"LineString","coordinates":[[21.32538,51.711],[21.32428,51.71125],[21.32172,51.71222],[21.31671,51.71454],[21.3057,51.72441]]}},{"type":"Feature","properties":{"numer":"1704W","klasa":"droga zbiorcza","kat":"powiatowa"},"geometry":{"type":"LineString","coordinates":[[21.34465,51.72343],[21.34474,51.72348]]}},{"type":"Feature","properties":{"numer":"1702W","klasa":"droga zbiorcza","kat":"powiatowa"},"geometry":{"type":"LineString","coordinates":[[21.3057,51.72441],[21.29911,51.73032],[21.29727,51.73242],[21.29663,51.73299],[21.29612,51.7332],[21.29201,51.7344],[21.29045,51.73499],[21.28584,51.73698],[21.28322,51.73842],[21.28259,51.73867]]}},{"type":"Feature","properties":{"numer":"79","klasa":"droga gĹ‚Ăłwna","kat":"krajowa"},"geometry":{"type":"LineString","coordinates":[[21.43755,51.67414],[21.45675,51.65112]]}},{"type":"Feature","properties":{"numer":"79","klasa":"droga gĹ‚Ăłwna","kat":"krajowa"},"geometry":{"type":"LineString","coordinates":[[21.4375,51.6742],[21.43755,51.67414]]}},{"type":"Feature","properties":{"numer":"79","klasa":"droga gĹ‚Ăłwna","kat":"krajowa"},"geometry":{"type":"LineString","coordinates":[[21.42108,51.69104],[21.42335,51.69063],[21.42381,51.69041],[21.4242,51.69008],[21.4375,51.6742]]}},{"type":"Feature","properties":{"numer":"79","klasa":"droga gĹ‚Ăłwna","kat":"krajowa"},"geometry":{"type":"LineString","coordinates":[[21.41893,51.6914],[21.42108,51.69104]]}},{"type":"Feature","properties":{"numer":"79","klasa":"droga gĹ‚Ăłwna","kat":"krajowa"},"geometry":{"type":"LineString","coordinates":[[21.41709,51.69171],[21.41893,51.6914]]}},{"type":"Feature","properties":{"numer":"1705W","klasa":"droga zbiorcza","kat":"powiatowa"},"geometry":{"type":"LineString","coordinates":[[21.41134,51.69295],[21.4173,51.69666],[21.41956,51.6977],[21.42255,51.6993],[21.42531,51.70092],[21.4287,51.7037],[21.43157,51.70545],[21.43426,51.70897]]}},{"type":"Feature","properties":{"numer":"1713W","klasa":"droga zbiorcza","kat":"powiatowa"},"geometry":{"type":"LineString","coordinates":[[21.36905,51.69204],[21.36993,51.69194],[21.3755,51.69087],[21.37622,51.6908],[21.37979,51.69118],[21.411,51.69323]]}},{"type":"Feature","properties":{"numer":"1702W","klasa":"droga zbiorcza","kat":"powiatowa"},"geometry":{"type":"LineString","coordinates":[[21.36905,51.69204],[21.36786,51.69206]]}},{"type":"Feature","properties":{"numer":"79","klasa":"droga gĹ‚Ăłwna","kat":"krajowa"},"geometry":{"type":"LineString","coordinates":[[21.41134,51.69295],[21.41227,51.69256],[21.41709,51.69171]]}},{"type":"Feature","properties":{"numer":"79","klasa":"droga gĹ‚Ăłwna","kat":"krajowa"},"geometry":{"type":"LineString","coordinates":[[21.411,51.69323],[21.41134,51.69295]]}},{"type":"Feature","properties":{"numer":"79","klasa":"droga gĹ‚Ăłwna","kat":"krajowa"},"geometry":{"type":"LineString","coordinates":[[21.38503,51.75084],[21.39036,51.73704],[21.40148,51.70883],[21.411,51.69323]]}},{"type":"Feature","properties":{"numer":"1704W","klasa":"droga zbiorcza","kat":"powiatowa"},"geometry":{"type":"LineString","coordinates":[[21.34474,51.72348],[21.35107,51.72592],[21.35185,51.72613],[21.35277,51.72623],[21.36134,51.72647],[21.3618,51.72654],[21.36229,51.72673],[21.36516,51.72958],[21.36685,51.73063],[21.36755,51.7314],[21.36747,51.73159],[21.36627,51.73196],[21.36464,51.73261],[21.36423,51.73287],[21.36396,51.73332],[21.3641,51.73375],[21.36657,51.73644],[21.37227,51.7424],[21.375,51.74496],[21.38503,51.75084]]}},{"type":"Feature","properties":{"numer":"79","klasa":"droga gĹ‚Ăłwna","kat":"krajowa"},"geometry":{"type":"LineString","coordinates":[[21.38468,51.76002],[21.3853,51.75927],[21.3854,51.75883],[21.38417,51.75359],[21.3843,51.7528],[21.38503,51.75084]]}},{"type":"Feature","properties":{"numer":"79","klasa":"droga gĹ‚Ăłwna","kat":"krajowa"},"geometry":{"type":"LineString","coordinates":[[21.38036,51.76432],[21.38274,51.76218],[21.38468,51.76002]]}},{"type":"Feature","properties":{"numer":"79","klasa":"droga gĹ‚Ăłwna","kat":"krajowa"},"geometry":{"type":"LineString","coordinates":[[21.38012,51.76457],[21.38036,51.76432]]}},{"type":"Feature","properties":{"numer":"79","klasa":"droga gĹ‚Ăłwna","kat":"krajowa"},"geometry":{"type":"LineString","coordinates":[[21.38007,51.76461],[21.38012,51.76457]]}},{"type":"Feature","properties":{"numer":"79","klasa":"droga gĹ‚Ăłwna","kat":"krajowa"},"geometry":{"type":"LineString","coordinates":[[21.37998,51.76462],[21.38007,51.76461]]}},{"type":"Feature","properties":{"numer":"1707W","klasa":"droga zbiorcza","kat":"powiatowa"},"geometry":{"type":"LineString","coordinates":[[21.38013,51.76464],[21.38007,51.76461]]}},{"type":"Feature","properties":{"numer":"79","klasa":"droga gĹ‚Ăłwna","kat":"krajowa"},"geometry":{"type":"LineString","coordinates":[[21.37939,51.76471],[21.37998,51.76462]]}},{"type":"Feature","properties":{"numer":"1707W","klasa":"droga zbiorcza","kat":"powiatowa"},"geometry":{"type":"LineString","coordinates":[[21.3804,51.76478],[21.38013,51.76464]]}},{"type":"Feature","properties":{"numer":"79","klasa":"droga gĹ‚Ăłwna","kat":"krajowa"},"geometry":{"type":"LineString","coordinates":[[21.37553,51.76607],[21.37749,51.76509],[21.37939,51.76471]]}},{"type":"Feature","properties":{"numer":"736","klasa":"droga gĹ‚Ăłwna","kat":"wojewodzka"},"geometry":{"type":"LineString","coordinates":[[21.37553,51.76607],[21.37474,51.76546],[21.3744,51.76533],[21.37288,51.76549],[21.36972,51.76565],[21.36528,51.7656],[21.36373,51.76584],[21.36141,51.76645],[21.35966,51.76673],[21.35526,51.76707]]}},{"type":"Feature","properties":{"numer":"736","klasa":"droga zbiorcza","kat":"wojewodzka"},"geometry":{"type":"LineString","coordinates":[[21.38468,51.76002],[21.38795,51.76103],[21.39131,51.76293],[21.40651,51.77092],[21.41804,51.77674]]}},{"type":"Feature","properties":{"numer":"1707W","klasa":"droga zbiorcza","kat":"powiatowa"},"geometry":{"type":"LineString","coordinates":[[21.38022,51.77665],[21.38097,51.77639],[21.3814,51.77615],[21.3815,51.776],[21.38157,51.77549],[21.38118,51.77402],[21.3812,51.77334],[21.38195,51.77187],[21.38274,51.77105],[21.38288,51.77078],[21.38204,51.76591],[21.38168,51.76546],[21.3804,51.76478]]}},{"type":"Feature","properties":{"numer":"79","klasa":"droga gĹ‚Ăłwna","kat":"krajowa"},"geometry":{"type":"LineString","coordinates":[[21.35965,51.77701],[21.3606,51.77512],[21.3616,51.77382],[21.3627,51.77281],[21.37553,51.76607]]}},{"type":"Feature","properties":{"numer":"170609W","klasa":"droga lokalna","kat":"powiatowa"},"geometry":{"type":"LineString","coordinates":[[21.378,51.77692],[21.38022,51.77665]]}},{"type":"Feature","properties":{"numer":"1703W","klasa":"droga zbiorcza","kat":"powiatowa"},"geometry":{"type":"LineString","coordinates":[[21.30073,51.74906],[21.2997,51.74868],[21.29864,51.74846],[21.29634,51.74857],[21.29587,51.74877],[21.29326,51.75043],[21.29089,51.75084],[21.28577,51.74453],[21.27959,51.73966],[21.28017,51.7394],[21.28259,51.73867]]}},{"type":"Feature","properties":{"numer":"1703W","klasa":"droga zbiorcza","kat":"powiatowa"},"geometry":{"type":"LineString","coordinates":[[21.31288,51.7556],[21.31142,51.75494],[21.30916,51.75427],[21.30271,51.75086],[21.30163,51.74953],[21.30141,51.74935],[21.30073,51.74906]]}},{"type":"Feature","properties":{"numer":"1703W","klasa":"droga zbiorcza","kat":"powiatowa"},"geometry":{"type":"LineString","coordinates":[[21.3156,51.75762],[21.31419,51.7564],[21.31288,51.7556]]}},{"type":"Feature","properties":{"numer":"1703W","klasa":"droga zbiorcza","kat":"powiatowa"},"geometry":{"type":"LineString","coordinates":[[21.3156,51.75762],[21.31569,51.75768]]}},{"type":"Feature","properties":{"numer":"1703W","klasa":"droga zbiorcza","kat":"powiatowa"},"geometry":{"type":"LineString","coordinates":[[21.35526,51.76707],[21.35515,51.76681],[21.35485,51.76345],[21.35383,51.76038],[21.35362,51.76027],[21.35172,51.76047],[21.35007,51.76001],[21.34165,51.75862],[21.33427,51.75842],[21.32974,51.75844],[21.32697,51.75883],[21.32467,51.75936],[21.32289,51.75988],[21.32015,51.7598],[21.31934,51.75952],[21.31569,51.75768]]}},{"type":"Feature","properties":{"numer":"736","klasa":"droga gĹ‚Ăłwna","kat":"wojewodzka"},"geometry":{"type":"LineString","coordinates":[[21.35526,51.76707],[21.3535,51.76741],[21.35034,51.76827],[21.34724,51.76947],[21.34343,51.77075],[21.33817,51.77284],[21.3284,51.77691],[21.32385,51.77851],[21.3188,51.78153],[21.31524,51.78317],[21.31484,51.78323],[21.31323,51.7832],[21.30998,51.78357],[21.30438,51.7852]]}},{"type":"Feature","properties":{"numer":"736","klasa":"droga gĹ‚Ăłwna","kat":"wojewodzka"},"geometry":{"type":"LineString","coordinates":[[21.30438,51.7852],[21.3043,51.78523]]}},{"type":"Feature","properties":{"numer":"79","klasa":"droga gĹ‚Ăłwna","kat":"krajowa"},"geometry":{"type":"LineString","coordinates":[[21.35194,51.79491],[21.35249,51.79452],[21.35329,51.79374],[21.35382,51.79291],[21.35531,51.78695],[21.355,51.78457],[21.35513,51.7839],[21.3555,51.7833],[21.35828,51.78006],[21.35965,51.77701]]}},{"type":"Feature","properties":{"numer":"1708W","klasa":"droga zbiorcza","kat":"powiatowa"},"geometry":{"type":"LineString","coordinates":[[21.35194,51.79491],[21.35331,51.79579],[21.35566,51.79663],[21.35594,51.79686],[21.35862,51.80254],[21.35883,51.8041],[21.35983,51.80499]]}},{"type":"Feature","properties":{"numer":"79","klasa":"droga gĹ‚Ăłwna","kat":"krajowa"},"geometry":{"type":"LineString","coordinates":[[21.33267,51.80714],[21.34074,51.79861],[21.34142,51.79805],[21.34252,51.79755],[21.35108,51.79522],[21.35194,51.79491]]}},{"type":"Feature","properties":{"numer":"170609W","klasa":"droga lokalna","kat":"powiatowa"},"geometry":{"type":"LineString","coordinates":[[21.37587,51.77704],[21.37692,51.77707],[21.378,51.77692]]}},{"type":"Feature","properties":{"numer":"170609W","klasa":"droga lokalna","kat":"powiatowa"},"geometry":{"type":"LineString","coordinates":[[21.37548,51.77701],[21.37587,51.77704]]}},{"type":"Feature","properties":{"numer":"170609W","klasa":"droga lokalna","kat":"powiatowa"},"geometry":{"type":"LineString","coordinates":[[21.37548,51.77701],[21.37367,51.77714]]}},{"type":"Feature","properties":{"numer":"170609W","klasa":"droga lokalna","kat":"powiatowa"},"geometry":{"type":"LineString","coordinates":[[21.37079,51.77824],[21.37139,51.77784],[21.37234,51.77741],[21.37291,51.77724],[21.37367,51.77714]]}},{"type":"Feature","properties":{"numer":"170609W","klasa":"droga lokalna","kat":"powiatowa"},"geometry":{"type":"LineString","coordinates":[[21.35965,51.77701],[21.36243,51.77748],[21.36482,51.77767],[21.36809,51.77769],[21.37017,51.77848],[21.37044,51.77845],[21.37079,51.77824]]}},{"type":"Feature","properties":{"numer":"1707W","klasa":"droga zbiorcza","kat":"powiatowa"},"geometry":{"type":"LineString","coordinates":[[21.40441,51.79996],[21.40298,51.79968],[21.40236,51.79945],[21.39692,51.79687],[21.39482,51.79523],[21.38338,51.78722],[21.38192,51.78579],[21.38146,51.78439],[21.38103,51.78377],[21.3806,51.78343],[21.37893,51.78272],[21.38061,51.78033],[21.38083,51.77981],[21.38091,51.77799],[21.38022,51.77665]]}},{"type":"Feature","properties":{"numer":"1706W","klasa":"droga zbiorcza","kat":"powiatowa"},"geometry":{"type":"LineString","coordinates":[[21.40441,51.79996],[21.40652,51.79859],[21.4069,51.79818],[21.40776,51.79591],[21.4084,51.79483],[21.41007,51.79139],[21.41012,51.7903],[21.41171,51.78898],[21.41245,51.7881],[21.41372,51.78754],[21.41484,51.78664],[21.41703,51.78322],[21.41734,51.78239],[21.41817,51.77849],[21.41804,51.77674]]}},{"type":"Feature","properties":{"numer":"1708W","klasa":"droga zbiorcza","kat":"powiatowa"},"geometry":{"type":"LineString","coordinates":[[21.35983,51.80499],[21.35987,51.80503]]}},{"type":"Feature","properties":{"numer":"1706W","klasa":"droga zbiorcza","kat":"powiatowa"},"geometry":{"type":"LineString","coordinates":[[21.38289,51.81423],[21.38477,51.81357],[21.38895,51.8123],[21.39416,51.80992],[21.39613,51.80801],[21.39699,51.807],[21.39911,51.80526],[21.40149,51.80229],[21.40441,51.79996]]}},{"type":"Feature","properties":{"numer":"1708W","klasa":"droga zbiorcza","kat":"powiatowa"},"geometry":{"type":"LineString","coordinates":[[21.35987,51.80503],[21.36048,51.80541],[21.38013,51.81288],[21.38289,51.81423]]}},{"type":"Feature","properties":{"numer":"736","klasa":"droga zbiorcza","kat":"wojewodzka"},"geometry":{"type":"LineString","coordinates":[[21.41804,51.77674],[21.41863,51.77686],[21.4191,51.77668],[21.42184,51.77373],[21.42573,51.77047],[21.42688,51.7684],[21.42692,51.7679],[21.42673,51.76715],[21.42683,51.76696]]}},{"type":"Feature","properties":{"numer":"1726W","klasa":"droga zbiorcza","kat":"powiatowa"},"geometry":{"type":"LineString","coordinates":[[21.61469,51.5854],[21.6132,51.58467]]}},{"type":"Feature","properties":{"numer":"1726W","klasa":"droga zbiorcza","kat":"powiatowa"},"geometry":{"type":"LineString","coordinates":[[21.62431,51.6007],[21.61917,51.58953],[21.6186,51.58908],[21.61605,51.58753],[21.61586,51.58721],[21.61596,51.58606],[21.61469,51.5854]]}},{"type":"Feature","properties":{"numer":"1724W","klasa":"droga zbiorcza","kat":"powiatowa"},"geometry":{"type":"LineString","coordinates":[[21.62431,51.6007],[21.62224,51.60103],[21.62145,51.60125],[21.62049,51.60167],[21.61949,51.6024],[21.61737,51.60295],[21.61334,51.60492],[21.61288,51.60504],[21.61191,51.60499],[21.61156,51.60504],[21.60936,51.6062],[21.60861,51.60642],[21.60788,51.60651],[21.60706,51.60651],[21.60085,51.60611],[21.59782,51.6066],[21.59321,51.607],[21.59241,51.60739],[21.58829,51.61077],[21.58779,51.61081],[21.58608,51.60944],[21.58565,51.60922],[21.58176,51.60839],[21.57591,51.60485],[21.57327,51.60431],[21.57011,51.60423]]}},{"type":"Feature","properties":{"numer":"1719W","klasa":"droga zbiorcza","kat":"powiatowa"},"geometry":{"type":"LineString","coordinates":[[21.5109,51.64391],[21.51422,51.64468],[21.51464,51.6449],[21.51502,51.64534]]}},{"type":"Feature","properties":{"numer":"1719W","klasa":"droga zbiorcza","kat":"powiatowa"},"geometry":{"type":"LineString","coordinates":[[21.51502,51.64534],[21.51539,51.64579]]}},{"type":"Feature","properties":{"numer":"1719W","klasa":"droga zbiorcza","kat":"powiatowa"},"geometry":{"type":"LineString","coordinates":[[21.51539,51.64579],[21.51572,51.64621]]}},{"type":"Feature","properties":{"numer":"1718W","klasa":"droga zbiorcza","kat":"powiatowa"},"geometry":{"type":"LineString","coordinates":[[21.49197,51.64025],[21.4901,51.64386],[21.48811,51.64475],[21.48607,51.64538],[21.48524,51.64576],[21.4846,51.64624],[21.48076,51.6501],[21.48044,51.6508],[21.48008,51.65276],[21.47966,51.65531],[21.47947,51.65754]]}},{"type":"Feature","properties":{"numer":"1718W","klasa":"droga zbiorcza","kat":"powiatowa"},"geometry":{"type":"LineString","coordinates":[[21.46012,51.64893],[21.46912,51.65353]]}},{"type":"Feature","properties":{"numer":"1718W","klasa":"droga zbiorcza","kat":"powiatowa"},"geometry":{"type":"LineString","coordinates":[[21.46912,51.65353],[21.47686,51.65747],[21.47733,51.65754],[21.47947,51.65754]]}},{"type":"Feature","properties":{"numer":"1746W","klasa":"droga zbiorcza","kat":"powiatowa"},"geometry":{"type":"LineString","coordinates":[[21.47947,51.65754],[21.48259,51.65744],[21.48339,51.65812],[21.48381,51.65903]]}},{"type":"Feature","properties":{"numer":"1746W","klasa":"droga zbiorcza","kat":"powiatowa"},"geometry":{"type":"LineString","coordinates":[[21.48381,51.65903],[21.48437,51.66027],[21.48436,51.66136],[21.48425,51.66157]]}},{"type":"Feature","properties":{"numer":"1721W","klasa":"droga zbiorcza","kat":"powiatowa"},"geometry":{"type":"LineString","coordinates":[[21.54123,51.62847],[21.54023,51.62925]]}},{"type":"Feature","properties":{"numer":"1721W","klasa":"droga zbiorcza","kat":"powiatowa"},"geometry":{"type":"LineString","coordinates":[[21.54023,51.62925],[21.54001,51.62951]]}},{"type":"Feature","properties":{"numer":"1721W","klasa":"droga zbiorcza","kat":"powiatowa"},"geometry":{"type":"LineString","coordinates":[[21.54001,51.62951],[21.53977,51.62985],[21.53981,51.63002],[21.55286,51.64247],[21.55204,51.64997],[21.55193,51.65033],[21.55166,51.65058],[21.54174,51.65616],[21.54095,51.65637],[21.54027,51.65643],[21.53414,51.65664],[21.53394,51.65652],[21.5326,51.65445],[21.5325,51.65397],[21.53252,51.65313],[21.53235,51.6527],[21.52964,51.64882],[21.52912,51.64843],[21.52622,51.64698],[21.52344,51.64591],[21.52107,51.6436],[21.52076,51.64353],[21.52036,51.64364],[21.51774,51.64566],[21.51572,51.64621]]}},{"type":"Feature","properties":{"numer":"1131W","klasa":"droga zbiorcza","kat":"powiatowa"},"geometry":{"type":"LineString","coordinates":[[21.158763728931635,51.69083538717867],[21.17062,51.68837],[21.17306,51.68828],[21.17333,51.68816],[21.17383,51.68773],[21.17461,51.68736]]}},{"type":"Feature","properties":{"numer":"1702W","klasa":"droga zbiorcza","kat":"powiatowa"},"geometry":{"type":"LineString","coordinates":[[21.28259,51.73867],[21.26924,51.72811],[21.26895,51.728],[21.26856,51.72808],[21.26356,51.72989],[21.26302,51.73026],[21.2617,51.73163],[21.25379,51.73473],[21.25274,51.73562],[21.24482,51.7433],[21.24449,51.74349],[21.24366,51.74377],[21.24285,51.74372],[21.23465,51.74173],[21.21927,51.73435]]}},{"type":"Feature","properties":{"numer":"736","klasa":"droga gĹ‚Ăłwna","kat":"wojewodzka"},"geometry":{"type":"LineString","coordinates":[[21.27336,51.79432],[21.27286,51.79418],[21.2568,51.78651],[21.25584,51.78635],[21.25187,51.78644],[21.25082,51.7864],[21.24489,51.78552],[21.24302,51.78514],[21.23704,51.78333],[21.23288,51.78175],[21.22809,51.77933],[21.22316,51.77729],[21.22053,51.7756],[21.21982,51.77527],[21.21011,51.77343],[21.2047,51.77291]]}},{"type":"Feature","properties":{"numer":"736","klasa":"droga gĹ‚Ăłwna","kat":"wojewodzka"},"geometry":{"type":"LineString","coordinates":[[21.3043,51.78523],[21.27371,51.79428],[21.27336,51.79432]]}},{"type":"Feature","properties":{"numer":"1709W","klasa":"droga zbiorcza","kat":"powiatowa"},"geometry":{"type":"LineString","coordinates":[[21.27342,51.79467],[21.27336,51.79432]]}},{"type":"Feature","properties":{"numer":"1709W","klasa":"droga zbiorcza","kat":"powiatowa"},"geometry":{"type":"LineString","coordinates":[[21.2993,51.8364],[21.29839,51.83219],[21.29716,51.82935],[21.29733,51.82713],[21.29846,51.82455],[21.2991,51.82183],[21.29903,51.82155],[21.29761,51.81976],[21.29739,51.81928],[21.29703,51.81549],[21.29741,51.81332],[21.29777,51.81235],[21.29775,51.81205],[21.29754,51.81163],[21.29491,51.80832],[21.29477,51.80797],[21.29483,51.80725],[21.29198,51.80474],[21.29054,51.80496],[21.288,51.80575],[21.28784,51.80572],[21.28721,51.80522],[21.28299,51.80265],[21.28016,51.80068],[21.27677,51.79865],[21.27543,51.79743],[21.27342,51.79467]]}},{"type":"Feature","properties":{"numer":"79","klasa":"droga gĹ‚Ăłwna","kat":"krajowa"},"geometry":{"type":"LineString","coordinates":[[21.2694,51.85427],[21.27406,51.85108],[21.27941,51.8466],[21.28003,51.84638],[21.28586,51.84563],[21.28635,51.84548],[21.28894,51.84326],[21.29248,51.84168],[21.29592,51.83948],[21.2978,51.83716],[21.29844,51.83675],[21.2993,51.8364]]}},{"type":"Feature","properties":{"numer":"79","klasa":"droga gĹ‚Ăłwna","kat":"krajowa"},"geometry":{"type":"LineString","coordinates":[[21.268264223259415,51.8550440108158],[21.2694,51.85427]]}},{"type":"Feature","properties":{"numer":"1706W","klasa":"droga zbiorcza","kat":"powiatowa"},"geometry":{"type":"LineString","coordinates":[[21.35153,51.81791],[21.355,51.8179],[21.36628,51.81858],[21.37032,51.81849],[21.37485,51.81769],[21.37693,51.81711],[21.37875,51.81619],[21.38058,51.81545],[21.38195,51.81466],[21.38289,51.81423]]}},{"type":"Feature","properties":{"numer":"1706W","klasa":"droga zbiorcza","kat":"powiatowa"},"geometry":{"type":"LineString","coordinates":[[21.33267,51.80714],[21.34441,51.81526],[21.34755,51.81734],[21.34814,51.81755],[21.3502,51.81787],[21.35142,51.81791]]}},{"type":"Feature","properties":{"numer":"1706W","klasa":"droga zbiorcza","kat":"powiatowa"},"geometry":{"type":"LineString","coordinates":[[21.35142,51.81791],[21.35153,51.81791]]}},{"type":"Feature","properties":{"numer":"79","klasa":"droga gĹ‚Ăłwna","kat":"krajowa"},"geometry":{"type":"LineString","coordinates":[[21.2993,51.8364],[21.30643,51.83419],[21.30714,51.83388],[21.30773,51.83347],[21.33267,51.80714]]}},{"type":"Feature","properties":{"numer":"738","klasa":"droga gĹ‚Ăłwna","kat":"wojewodzka"},"geometry":{"type":"LineString","coordinates":[[21.85925560461005,51.45391950189831],[21.85908,51.45393]]}},{"type":"Feature","properties":{"numer":"1743W","klasa":"droga zbiorcza","kat":"powiatowa"},"geometry":{"type":"LineString","coordinates":[[21.75681300267951,51.425760668901404],[21.76408,51.4299],[21.76595,51.43059],[21.76722,51.43093]]}},{"type":"Feature","properties":{"numer":"1743W","klasa":"droga zbiorcza","kat":"powiatowa"},"geometry":{"type":"LineString","coordinates":[[21.76738,51.43097],[21.76722,51.43093]]}},{"type":"Feature","properties":{"numer":"4506W","klasa":"droga zbiorcza","kat":"powiatowa"},"geometry":{"type":"LineString","coordinates":[[21.75837,51.45977],[21.75411,51.46017],[21.75104,51.46014],[21.74925,51.45959],[21.747,51.45909],[21.74198,51.45748],[21.739481536793775,51.456566723632186]]}},{"type":"Feature","properties":{"numer":"4506W","klasa":"droga zbiorcza","kat":"powiatowa"},"geometry":{"type":"LineString","coordinates":[[21.75837,51.45977],[21.7585,51.45975]]}},{"type":"Feature","properties":{"numer":"2520L","klasa":"droga zbiorcza","kat":"powiatowa"},"geometry":{"type":"LineString","coordinates":[[21.82548,51.42627],[21.825433859944585,51.42609515347422]]}},{"type":"Feature","properties":{"numer":"1744W","klasa":"droga zbiorcza","kat":"powiatowa"},"geometry":{"type":"LineString","coordinates":[[21.83299,51.45943],[21.83256,51.45794],[21.83145,51.45652],[21.83087,51.45598],[21.83208,51.45473],[21.83205,51.45396],[21.83183,51.45381],[21.83085,51.45345],[21.8305,51.45311],[21.83015,51.45232],[21.82901,51.44814],[21.82736,51.44724],[21.82621,51.44612],[21.82531,51.44281],[21.8253,51.44238],[21.82622,51.43989],[21.82565,51.43794],[21.82638,51.43564],[21.82651,51.43058],[21.82584,51.42821],[21.82548,51.42627]]}},{"type":"Feature","properties":{"numer":"1743W","klasa":"droga zbiorcza","kat":"powiatowa"},"geometry":{"type":"LineString","coordinates":[[21.81236,51.47367],[21.81128,51.47191],[21.80821,51.468],[21.80321,51.46331],[21.80102,51.46056],[21.79717,51.45452],[21.79609,51.45345],[21.79447,51.45052],[21.79117,51.4459],[21.78784,51.44085],[21.78664,51.43965],[21.78431,51.4377],[21.78319,51.43715],[21.77929,51.43597],[21.77552,51.4347],[21.77043,51.43359],[21.77017,51.43337],[21.77007,51.43297],[21.77018,51.43189],[21.77004,51.43164],[21.76942,51.43139],[21.76738,51.43097]]}},{"type":"Feature","properties":{"numer":"738","klasa":"droga gĹ‚Ăłwna","kat":"wojewodzka"},"geometry":{"type":"LineString","coordinates":[[21.85908,51.45393],[21.84688,51.45468],[21.84554,51.45487],[21.83605,51.45793],[21.83449,51.45858],[21.83299,51.45943]]}},{"type":"Feature","properties":{"numer":"738","klasa":"droga gĹ‚Ăłwna","kat":"wojewodzka"},"geometry":{"type":"LineString","coordinates":[[21.83299,51.45943],[21.83284,51.45952]]}},{"type":"Feature","properties":{"numer":"738","klasa":"droga gĹ‚Ăłwna","kat":"wojewodzka"},"geometry":{"type":"LineString","coordinates":[[21.83284,51.45952],[21.82881,51.4619],[21.81902,51.46902]]}},{"type":"Feature","properties":{"numer":"788","klasa":"droga zbiorcza","kat":"wojewodzka"},"geometry":{"type":"LineString","coordinates":[[21.76224,51.46203],[21.76385,51.4617],[21.76753,51.46234],[21.80919,51.47311],[21.81149,51.47385]]}},{"type":"Feature","properties":{"numer":"1744W","klasa":"droga zbiorcza","kat":"powiatowa"},"geometry":{"type":"LineString","coordinates":[[21.83768,51.47999],[21.83818,51.47409],[21.83845,51.47292],[21.8378,51.46977],[21.83387,51.46214],[21.83318,51.46059],[21.83284,51.45952]]}},{"type":"Feature","properties":{"numer":"738","klasa":"droga gĹ‚Ăłwna","kat":"wojewodzka"},"geometry":{"type":"LineString","coordinates":[[21.81902,51.46902],[21.81696,51.46998],[21.81483,51.47071],[21.81429,51.47099],[21.81397,51.4713],[21.81252,51.4737]]}},{"type":"Feature","properties":{"numer":"738","klasa":"droga gĹ‚Ăłwna","kat":"wojewodzka"},"geometry":{"type":"LineString","coordinates":[[21.81236,51.47367],[21.81252,51.4737]]}},{"type":"Feature","properties":{"numer":"738","klasa":"droga gĹ‚Ăłwna","kat":"wojewodzka"},"geometry":{"type":"LineString","coordinates":[[21.81172,51.47388],[21.81236,51.47367]]}},{"type":"Feature","properties":{"numer":"788","klasa":"droga zbiorcza","kat":"wojewodzka"},"geometry":{"type":"LineString","coordinates":[[21.81172,51.47388],[21.81149,51.47385]]}},{"type":"Feature","properties":{"numer":"738","klasa":"droga gĹ‚Ăłwna","kat":"wojewodzka"},"geometry":{"type":"LineString","coordinates":[[21.81252,51.4737],[21.81304,51.47444],[21.813,51.47458],[21.81283,51.47465]]}},{"type":"Feature","properties":{"numer":"738","klasa":"droga gĹ‚Ăłwna","kat":"wojewodzka"},"geometry":{"type":"LineString","coordinates":[[21.81228,51.47472],[21.81203,51.4745],[21.81172,51.47388]]}},{"type":"Feature","properties":{"numer":"1738W","klasa":"droga zbiorcza","kat":"powiatowa"},"geometry":{"type":"LineString","coordinates":[[21.81902,51.46902],[21.82189,51.47089],[21.83015,51.47588],[21.8308,51.47615],[21.83217,51.4765],[21.83713,51.47925],[21.83751,51.47953],[21.83768,51.47999]]}},{"type":"Feature","properties":{"numer":"738","klasa":"droga gĹ‚Ăłwna","kat":"wojewodzka"},"geometry":{"type":"LineString","coordinates":[[21.81283,51.47465],[21.81244,51.47475],[21.81228,51.47472]]}},{"type":"Feature","properties":{"numer":"1731W","klasa":"droga zbiorcza","kat":"powiatowa"},"geometry":{"type":"LineString","coordinates":[[21.81283,51.47465],[21.81293,51.47481]]}},{"type":"Feature","properties":{"numer":"738","klasa":"droga gĹ‚Ăłwna","kat":"wojewodzka"},"geometry":{"type":"LineString","coordinates":[[21.81193,51.47488],[21.81228,51.47472]]}},{"type":"Feature","properties":{"numer":"4504W","klasa":"droga zbiorcza","kat":"powiatowa"},"geometry":{"type":"LineString","coordinates":[[21.74197,51.47166],[21.73950902777778,51.47211072751323]]}},{"type":"Feature","properties":{"numer":"1742W","klasa":"droga zbiorcza","kat":"powiatowa"},"geometry":{"type":"LineString","coordinates":[[21.64979,51.47479],[21.65473,51.47143],[21.65526617247265,51.47117680744347]]}},{"type":"Feature","properties":{"numer":"1741W","klasa":"droga zbiorcza","kat":"powiatowa"},"geometry":{"type":"LineString","coordinates":[[21.66498,51.48516],[21.66388,51.4855],[21.66368,51.48551],[21.66337,51.48536],[21.6623,51.48427],[21.66082,51.48308],[21.64979,51.47479]]}},{"type":"Feature","properties":{"numer":"1741W","klasa":"droga zbiorcza","kat":"powiatowa"},"geometry":{"type":"LineString","coordinates":[[21.66514,51.48511],[21.66498,51.48516]]}},{"type":"Feature","properties":{"numer":"1741W","klasa":"droga zbiorcza","kat":"powiatowa"},"geometry":{"type":"LineString","coordinates":[[21.68592,51.49482],[21.67436,51.48678],[21.67047,51.48557],[21.66883,51.48466],[21.66813,51.48441],[21.66755,51.48438],[21.66699,51.48446],[21.66514,51.48511]]}},{"type":"Feature","properties":{"numer":"691","klasa":"droga zbiorcza","kat":"wojewodzka"},"geometry":{"type":"LineString","coordinates":[[21.67817,51.50016],[21.68592,51.49482]]}},{"type":"Feature","properties":{"numer":"691","klasa":"droga zbiorcza","kat":"wojewodzka"},"geometry":{"type":"LineString","coordinates":[[21.68592,51.49482],[21.70755,51.5018]]}},{"type":"Feature","properties":{"numer":"738","klasa":"droga gĹ‚Ăłwna","kat":"wojewodzka"},"geometry":{"type":"LineString","coordinates":[[21.79464,51.48104],[21.80661,51.4768],[21.81002,51.47549],[21.81193,51.47488]]}},{"type":"Feature","properties":{"numer":"1731W","klasa":"droga zbiorcza","kat":"powiatowa"},"geometry":{"type":"LineString","coordinates":[[21.81293,51.47481],[21.81336,51.47664],[21.81349,51.47829],[21.81237,51.48149],[21.81111,51.48416],[21.81087,51.48443],[21.80826,51.48646],[21.80788,51.48737],[21.80762,51.48761],[21.80731,51.48773],[21.80474,51.48825]]}},{"type":"Feature","properties":{"numer":"1737W","klasa":"droga zbiorcza","kat":"powiatowa"},"geometry":{"type":"LineString","coordinates":[[21.79464,51.48104],[21.80416,51.4884]]}},{"type":"Feature","properties":{"numer":"1731W","klasa":"droga zbiorcza","kat":"powiatowa"},"geometry":{"type":"LineString","coordinates":[[21.80474,51.48825],[21.80416,51.4884]]}},{"type":"Feature","properties":{"numer":"1731W","klasa":"droga zbiorcza","kat":"powiatowa"},"geometry":{"type":"LineString","coordinates":[[21.80474,51.48825],[21.80451,51.48845],[21.80457,51.48869]]}},{"type":"Feature","properties":{"numer":"1737W","klasa":"droga zbiorcza","kat":"powiatowa"},"geometry":{"type":"LineString","coordinates":[[21.80416,51.4884],[21.80457,51.48869]]}},{"type":"Feature","properties":{"numer":"1738W","klasa":"droga zbiorcza","kat":"powiatowa"},"geometry":{"type":"LineString","coordinates":[[21.83768,51.47999],[21.83753,51.48236],[21.83789,51.49342],[21.83802,51.49475],[21.8386,51.49599],[21.84271,51.50067]]}},{"type":"Feature","properties":{"numer":"1737W","klasa":"droga zbiorcza","kat":"powiatowa"},"geometry":{"type":"LineString","coordinates":[[21.80457,51.48869],[21.80658,51.49029],[21.80819,51.49132],[21.80913,51.49178],[21.81271,51.49316],[21.81295,51.49353],[21.81369,51.49643]]}},{"type":"Feature","properties":{"numer":"1737W","klasa":"droga zbiorcza","kat":"powiatowa"},"geometry":{"type":"LineString","coordinates":[[21.8137,51.49649],[21.81369,51.49643]]}},{"type":"Feature","properties":{"numer":"1738W","klasa":"droga zbiorcza","kat":"powiatowa"},"geometry":{"type":"LineString","coordinates":[[21.84271,51.50067],[21.84278,51.50075]]}},{"type":"Feature","properties":{"numer":"4506W","klasa":"droga zbiorcza","kat":"powiatowa"},"geometry":{"type":"LineString","coordinates":[[21.7585,51.45975],[21.76063,51.45956],[21.76113,51.45963],[21.76224,51.46203]]}},{"type":"Feature","properties":{"numer":"788","klasa":"droga zbiorcza","kat":"wojewodzka"},"geometry":{"type":"LineString","coordinates":[[21.76224,51.46203],[21.7629,51.46359],[21.76325,51.47059],[21.76316,51.47074]]}},{"type":"Feature","properties":{"numer":"4504W","klasa":"droga zbiorcza","kat":"powiatowa"},"geometry":{"type":"LineString","coordinates":[[21.75344,51.47041],[21.75359,51.47044]]}},{"type":"Feature","properties":{"numer":"4504W","klasa":"droga zbiorcza","kat":"powiatowa"},"geometry":{"type":"LineString","coordinates":[[21.76316,51.47074],[21.75728,51.47095],[21.7553,51.47077],[21.75359,51.47044]]}},{"type":"Feature","properties":{"numer":"4504W","klasa":"droga zbiorcza","kat":"powiatowa"},"geometry":{"type":"LineString","coordinates":[[21.75344,51.47041],[21.75148,51.46996],[21.75115,51.46997],[21.74202,51.47165]]}},{"type":"Feature","properties":{"numer":"4504W","klasa":"droga zbiorcza","kat":"powiatowa"},"geometry":{"type":"LineString","coordinates":[[21.74202,51.47165],[21.74197,51.47166]]}},{"type":"Feature","properties":{"numer":"738","klasa":"droga gĹ‚Ăłwna","kat":"wojewodzka"},"geometry":{"type":"LineString","coordinates":[[21.73935,51.50073],[21.74441,51.49878],[21.75197,51.49606],[21.79464,51.48104]]}},{"type":"Feature","properties":{"numer":"738","klasa":"droga gĹ‚Ăłwna","kat":"wojewodzka"},"geometry":{"type":"LineString","coordinates":[[21.73923,51.50078],[21.73935,51.50073]]}},{"type":"Feature","properties":{"numer":"738","klasa":"droga gĹ‚Ăłwna","kat":"wojewodzka"},"geometry":{"type":"LineString","coordinates":[[21.73152,51.50441],[21.73475,51.50252],[21.73923,51.50078]]}},{"type":"Feature","properties":{"numer":"1731W","klasa":"droga zbiorcza","kat":"powiatowa"},"geometry":{"type":"LineString","coordinates":[[21.75273,51.51941],[21.76923,51.51491],[21.77002,51.51464],[21.77468,51.5087],[21.78066,51.50495],[21.7815,51.50425],[21.78479,51.50257],[21.7853,51.50224],[21.78557,51.50183],[21.78633,51.49983],[21.78667,51.49939],[21.78771,51.49845],[21.78806,51.49829],[21.78995,51.49781],[21.79168,51.49721],[21.79349,51.49624],[21.7974,51.49334],[21.7988,51.49201],[21.8005,51.49108],[21.80185,51.48985],[21.80416,51.4884]]}},{"type":"Feature","properties":{"numer":"691","klasa":"droga zbiorcza","kat":"wojewodzka"},"geometry":{"type":"LineString","coordinates":[[21.6781,51.50021],[21.67817,51.50016]]}},{"type":"Feature","properties":{"numer":"691","klasa":"droga zbiorcza","kat":"wojewodzka"},"geometry":{"type":"LineString","coordinates":[[21.70755,51.5018],[21.7077,51.50185]]}},{"type":"Feature","properties":{"numer":"691","klasa":"droga zbiorcza","kat":"wojewodzka"},"geometry":{"type":"LineString","coordinates":[[21.7077,51.50185],[21.71796,51.50574],[21.72702,51.50635],[21.72804,51.50648]]}},{"type":"Feature","properties":{"numer":"691","klasa":"droga zbiorcza","kat":"wojewodzka"},"geometry":{"type":"LineString","coordinates":[[21.73152,51.50441],[21.73184,51.50459]]}},{"type":"Feature","properties":{"numer":"691","klasa":"droga zbiorcza","kat":"wojewodzka"},"geometry":{"type":"LineString","coordinates":[[21.73184,51.50459],[21.73314,51.50441]]}},{"type":"Feature","properties":{"numer":"738","klasa":"droga gĹ‚Ăłwna","kat":"wojewodzka"},"geometry":{"type":"LineString","coordinates":[[21.73104,51.5047],[21.73152,51.50441]]}},{"type":"Feature","properties":{"numer":"691","klasa":"droga zbiorcza","kat":"wojewodzka"},"geometry":{"type":"LineString","coordinates":[[21.73104,51.5047],[21.73184,51.50459]]}},{"type":"Feature","properties":{"numer":"691,738","klasa":"droga gĹ‚Ăłwna","kat":"gminna"},"geometry":{"type":"LineString","coordinates":[[21.72804,51.50648],[21.73104,51.5047]]}},{"type":"Feature","properties":{"numer":"738","klasa":"droga gĹ‚Ăłwna","kat":"wojewodzka"},"geometry":{"type":"LineString","coordinates":[[21.71269,51.51656],[21.71299,51.51623],[21.7134,51.51532],[21.71375,51.515],[21.71895,51.51255],[21.72348,51.51001],[21.7265,51.50743],[21.72804,51.50648]]}},{"type":"Feature","properties":{"numer":"1745W","klasa":"droga zbiorcza","kat":"powiatowa"},"geometry":{"type":"LineString","coordinates":[[21.72274,51.51736],[21.71797,51.51598],[21.71707,51.51583],[21.71572,51.51587],[21.71511,51.516],[21.71355,51.51657],[21.71269,51.51656]]}},{"type":"Feature","properties":{"numer":"1737W","klasa":"droga zbiorcza","kat":"powiatowa"},"geometry":{"type":"LineString","coordinates":[[21.8137,51.49649],[21.81827,51.51376],[21.81876,51.51432],[21.81987,51.51504],[21.82114,51.51569],[21.82154,51.51645]]}},{"type":"Feature","properties":{"numer":"1738W","klasa":"droga zbiorcza","kat":"powiatowa"},"geometry":{"type":"LineString","coordinates":[[21.84278,51.50075],[21.84603,51.50448],[21.84602,51.50462],[21.83058,51.50798],[21.828,51.50831],[21.82785,51.50917],[21.8271,51.50985],[21.82585,51.51242],[21.82424,51.51383],[21.8241,51.51403],[21.82417,51.51446],[21.82405,51.51457],[21.82154,51.51645]]}},{"type":"Feature","properties":{"numer":"1737W","klasa":"droga zbiorcza","kat":"powiatowa"},"geometry":{"type":"LineString","coordinates":[[21.82154,51.51645],[21.82252,51.5189],[21.8231,51.51993],[21.82321,51.52032],[21.823,51.52121],[21.8219,51.52222],[21.82171,51.5225],[21.82179,51.52453]]}},{"type":"Feature","properties":{"numer":"823","klasa":"droga zbiorcza","kat":"wojewodzka"},"geometry":{"type":"LineString","coordinates":[[21.82179,51.52453],[21.82175,51.52496],[21.8215,51.52535],[21.81791,51.52871],[21.81664,51.52963],[21.81427,51.5307]]}},{"type":"Feature","properties":{"numer":"823","klasa":"droga zbiorcza","kat":"wojewodzka"},"geometry":{"type":"LineString","coordinates":[[21.82179,51.52453],[21.83541,51.53186]]}},{"type":"Feature","properties":{"numer":"1735W","klasa":"droga zbiorcza","kat":"powiatowa"},"geometry":{"type":"LineString","coordinates":[[21.79372,51.52959],[21.79377,51.52959]]}},{"type":"Feature","properties":{"numer":"1735W","klasa":"droga zbiorcza","kat":"powiatowa"},"geometry":{"type":"LineString","coordinates":[[21.79377,51.52959],[21.79853,51.52889],[21.79898,51.52888],[21.80042,51.52928],[21.80143,51.52971],[21.80199,51.5303],[21.8026,51.53128],[21.80286,51.53143],[21.80531,51.53123],[21.807,51.5312],[21.80937,51.53142]]}},{"type":"Feature","properties":{"numer":"1735W","klasa":"droga zbiorcza","kat":"powiatowa"},"geometry":{"type":"LineString","coordinates":[[21.77196,51.53187],[21.77849,51.52987],[21.79372,51.52959]]}},{"type":"Feature","properties":{"numer":"823","klasa":"droga zbiorcza","kat":"wojewodzka"},"geometry":{"type":"LineString","coordinates":[[21.81004,51.53201],[21.81325,51.53007],[21.81407,51.52967],[21.81422,51.52975],[21.81417,51.53054],[21.81427,51.5307]]}},{"type":"Feature","properties":{"numer":"170708W","klasa":"droga lokalna","kat":"powiatowa"},"geometry":{"type":"LineString","coordinates":[[21.81004,51.53201],[21.80937,51.53142]]}},{"type":"Feature","properties":{"numer":"691","klasa":"droga zbiorcza","kat":"wojewodzka"},"geometry":{"type":"LineString","coordinates":[[21.73314,51.50441],[21.7333,51.50439]]}},{"type":"Feature","properties":{"numer":"691","klasa":"droga zbiorcza","kat":"wojewodzka"},"geometry":{"type":"LineString","coordinates":[[21.7333,51.50439],[21.73355,51.50449],[21.73402,51.50546],[21.73461,51.50603]]}},{"type":"Feature","properties":{"numer":"691","klasa":"droga zbiorcza","kat":"wojewodzka"},"geometry":{"type":"LineString","coordinates":[[21.73461,51.50603],[21.73473,51.50613]]}},{"type":"Feature","properties":{"numer":"691","klasa":"droga zbiorcza","kat":"wojewodzka"},"geometry":{"type":"LineString","coordinates":[[21.73473,51.50613],[21.73699,51.50791],[21.74409,51.51079],[21.74694,51.51254]]}},{"type":"Feature","properties":{"numer":"691","klasa":"droga zbiorcza","kat":"wojewodzka"},"geometry":{"type":"LineString","coordinates":[[21.74694,51.51254],[21.74705,51.51261]]}},{"type":"Feature","properties":{"numer":"691","klasa":"droga zbiorcza","kat":"wojewodzka"},"geometry":{"type":"LineString","coordinates":[[21.74705,51.51261],[21.74899,51.51387],[21.75273,51.51941]]}},{"type":"Feature","properties":{"numer":"1731W","klasa":"droga zbiorcza","kat":"powiatowa"},"geometry":{"type":"LineString","coordinates":[[21.74297,51.52396],[21.75273,51.51941]]}},{"type":"Feature","properties":{"numer":"1745W","klasa":"droga zbiorcza","kat":"powiatowa"},"geometry":{"type":"LineString","coordinates":[[21.74297,51.52396],[21.74177,51.52314],[21.74041,51.52257],[21.73727,51.52155],[21.73184,51.5201]]}},{"type":"Feature","properties":{"numer":"691","klasa":"droga zbiorcza","kat":"wojewodzka"},"geometry":{"type":"LineString","coordinates":[[21.75273,51.51941],[21.75566,51.52378],[21.75923,51.52669],[21.76031,51.52726],[21.76049,51.52798],[21.76151,51.52853],[21.76775,51.53359]]}},{"type":"Feature","properties":{"numer":"1731W","klasa":"droga zbiorcza","kat":"powiatowa"},"geometry":{"type":"LineString","coordinates":[[21.74467,51.53657],[21.74416,51.53602],[21.74321,51.53527],[21.74265,51.53422],[21.7424,51.53346],[21.74225,51.53171],[21.74245,51.53049],[21.74334,51.52929],[21.74468,51.52696],[21.74456,51.52657],[21.74366,51.52493],[21.74297,51.52396]]}},{"type":"Feature","properties":{"numer":"1735W","klasa":"droga zbiorcza","kat":"powiatowa"},"geometry":{"type":"LineString","coordinates":[[21.77191,51.53205],[21.77196,51.53187]]}},{"type":"Feature","properties":{"numer":"1735W","klasa":"droga zbiorcza","kat":"powiatowa"},"geometry":{"type":"LineString","coordinates":[[21.77107,51.53216],[21.77196,51.53187]]}},{"type":"Feature","properties":{"numer":"48","klasa":"droga gĹ‚Ăłwna","kat":"krajowa"},"geometry":{"type":"LineString","coordinates":[[21.77191,51.53205],[21.77107,51.53216]]}},{"type":"Feature","properties":{"numer":"48","klasa":"droga gĹ‚Ăłwna","kat":"krajowa"},"geometry":{"type":"LineString","coordinates":[[21.77107,51.53216],[21.76982,51.53253],[21.76879,51.53312],[21.76775,51.53359]]}},{"type":"Feature","properties":{"numer":"170703W","klasa":"droga lokalna","kat":"powiatowa"},"geometry":{"type":"LineString","coordinates":[[21.77198,51.53483],[21.7713,51.53454],[21.76866,51.53409],[21.76817,51.53389],[21.76775,51.53359]]}},{"type":"Feature","properties":{"numer":"48","klasa":"droga gĹ‚Ăłwna","kat":"krajowa"},"geometry":{"type":"LineString","coordinates":[[21.76775,51.53359],[21.76434,51.53538],[21.76241,51.53619],[21.76153,51.53627],[21.76046,51.53598]]}},{"type":"Feature","properties":{"numer":"170703W","klasa":"droga lokalna","kat":"powiatowa"},"geometry":{"type":"LineString","coordinates":[[21.77801,51.53644],[21.77451,51.53525],[21.77414,51.53519],[21.77287,51.53525],[21.77198,51.53483]]}},{"type":"Feature","properties":{"numer":"48","klasa":"droga gĹ‚Ăłwna","kat":"krajowa"},"geometry":{"type":"LineString","coordinates":[[21.76046,51.53598],[21.75704,51.53501],[21.75431,51.53459],[21.75171,51.5346],[21.75059,51.53473],[21.74743,51.53568],[21.7448,51.53671]]}},{"type":"Feature","properties":{"numer":"170703W","klasa":"droga lokalna","kat":"powiatowa"},"geometry":{"type":"LineString","coordinates":[[21.77806,51.53646],[21.77801,51.53644]]}},{"type":"Feature","properties":{"numer":"1731W","klasa":"droga zbiorcza","kat":"powiatowa"},"geometry":{"type":"LineString","coordinates":[[21.74467,51.53657],[21.7448,51.53671]]}},{"type":"Feature","properties":{"numer":"823","klasa":"droga zbiorcza","kat":"wojewodzka"},"geometry":{"type":"LineString","coordinates":[[21.80948,51.54076],[21.81271,51.53726],[21.80987,51.53228],[21.81004,51.53201]]}},{"type":"Feature","properties":{"numer":"48","klasa":"droga gĹ‚Ăłwna","kat":"krajowa"},"geometry":{"type":"LineString","coordinates":[[21.80948,51.54076],[21.8004,51.53878],[21.7915,51.53693],[21.78471,51.53611],[21.78345,51.53589],[21.78229,51.53553],[21.77474,51.53256],[21.77329,51.53215],[21.77191,51.53205]]}},{"type":"Feature","properties":{"numer":"1737W","klasa":"droga zbiorcza","kat":"powiatowa"},"geometry":{"type":"LineString","coordinates":[[21.81427,51.5307],[21.81412,51.53098],[21.81403,51.53242],[21.81424,51.53281],[21.81479,51.53338],[21.81805,51.53546],[21.81928,51.53587],[21.82002,51.5364],[21.82192,51.53823],[21.82299,51.53969],[21.82404,51.54487],[21.82205,51.5492],[21.82182,51.54947],[21.82175,51.55032],[21.82144,51.55034]]}},{"type":"Feature","properties":{"numer":"48","klasa":"droga gĹ‚Ăłwna","kat":"krajowa"},"geometry":{"type":"LineString","coordinates":[[21.82144,51.55034],[21.82091,51.54932],[21.81875,51.54692],[21.81733,51.54385],[21.81695,51.54323],[21.81666,51.54295],[21.81583,51.54254],[21.80948,51.54076]]}},{"type":"Feature","properties":{"numer":"1745W","klasa":"droga zbiorcza","kat":"powiatowa"},"geometry":{"type":"LineString","coordinates":[[21.73172,51.52006],[21.72588,51.5183],[21.72294,51.51782],[21.72281,51.51772],[21.72274,51.51736]]}},{"type":"Feature","properties":{"numer":"1745W","klasa":"droga zbiorcza","kat":"powiatowa"},"geometry":{"type":"LineString","coordinates":[[21.73172,51.52006],[21.73184,51.5201]]}},{"type":"Feature","properties":{"numer":"738","klasa":"droga gĹ‚Ăłwna","kat":"wojewodzka"},"geometry":{"type":"LineString","coordinates":[[21.65933,51.53781],[21.65932,51.53762],[21.65876,51.53676],[21.65871,51.53633],[21.65904,51.53581],[21.65965,51.53549],[21.66374,51.53401],[21.66686,51.53303],[21.66947,51.53233],[21.67128,51.53127],[21.67202,51.53095],[21.68307,51.52913],[21.68455,51.52883],[21.68577,51.52844],[21.68739,51.52772],[21.69063,51.52569],[21.69166,51.52513],[21.69843,51.52171],[21.70137,51.51987],[21.70223,51.51946],[21.70856,51.51736],[21.71017,51.51707],[21.71163,51.51699],[21.71239,51.51675],[21.71269,51.51656]]}},{"type":"Feature","properties":{"numer":"48","klasa":"droga gĹ‚Ăłwna","kat":"krajowa"},"geometry":{"type":"LineString","coordinates":[[21.65933,51.53781],[21.65961,51.53791],[21.66095,51.53899],[21.66487,51.54265],[21.66532,51.54291],[21.66645,51.54325],[21.66697,51.54356],[21.66799,51.54476],[21.66835,51.54618],[21.66855,51.54653],[21.67065,51.54809]]}},{"type":"Feature","properties":{"numer":"48","klasa":"droga gĹ‚Ăłwna","kat":"krajowa"},"geometry":{"type":"LineString","coordinates":[[21.6764,51.54932],[21.67821,51.54932],[21.68141,51.54972],[21.68212,51.54972],[21.70783,51.5465],[21.71634,51.54361],[21.71959,51.54289],[21.72127,51.54206],[21.72281,51.54151],[21.72476,51.54108],[21.72528,51.54103],[21.72953,51.54139]]}},{"type":"Feature","properties":{"numer":"48","klasa":"droga gĹ‚Ăłwna","kat":"krajowa"},"geometry":{"type":"LineString","coordinates":[[21.67065,51.54809],[21.67074,51.54816]]}},{"type":"Feature","properties":{"numer":"48","klasa":"droga gĹ‚Ăłwna","kat":"krajowa"},"geometry":{"type":"LineString","coordinates":[[21.67074,51.54816],[21.67214,51.54914],[21.67283,51.5494],[21.67361,51.54944],[21.6764,51.54932]]}},{"type":"Feature","properties":{"numer":"1724W","klasa":"droga zbiorcza","kat":"powiatowa"},"geometry":{"type":"LineString","coordinates":[[21.6764,51.54932],[21.67682,51.55014],[21.67683,51.55166],[21.67423,51.55534],[21.67419,51.55731],[21.67247,51.56121]]}},{"type":"Feature","properties":{"numer":"1730W","klasa":"droga zbiorcza","kat":"powiatowa"},"geometry":{"type":"LineString","coordinates":[[21.65644,51.56148],[21.66665,51.56192],[21.67247,51.56121]]}},{"type":"Feature","properties":{"numer":"1728W","klasa":"droga zbiorcza","kat":"powiatowa"},"geometry":{"type":"LineString","coordinates":[[21.65697,51.56789],[21.65723,51.56525],[21.65644,51.56148]]}},{"type":"Feature","properties":{"numer":"48","klasa":"droga gĹ‚Ăłwna","kat":"krajowa"},"geometry":{"type":"LineString","coordinates":[[21.81993,51.5542],[21.82003,51.55359],[21.82094,51.55251],[21.82136,51.55176],[21.82152,51.551],[21.82144,51.55034]]}},{"type":"Feature","properties":{"numer":"48","klasa":"droga gĹ‚Ăłwna","kat":"krajowa"},"geometry":{"type":"LineString","coordinates":[[21.82386,51.55812],[21.82273,51.55753],[21.82205,51.55699],[21.8202,51.55478],[21.81993,51.5542]]}},{"type":"Feature","properties":{"numer":"1734W","klasa":"droga zbiorcza","kat":"powiatowa"},"geometry":{"type":"LineString","coordinates":[[21.81993,51.5542],[21.81918,51.55416],[21.8149,51.55797],[21.81433,51.55829],[21.81296,51.55882],[21.80757,51.56007],[21.80631,51.55967],[21.80468,51.55946],[21.80185,51.55864],[21.79433,51.55676],[21.7934,51.5571],[21.79273,51.55796],[21.78794,51.55807],[21.78514,51.55645],[21.7849,51.55646],[21.78391,51.557],[21.78371,51.55703],[21.77843,51.55314]]}},{"type":"Feature","properties":{"numer":"48","klasa":"droga gĹ‚Ăłwna","kat":"krajowa"},"geometry":{"type":"LineString","coordinates":[[21.827386849562828,51.559795740676265],[21.82386,51.55812]]}},{"type":"Feature","properties":{"numer":"48","klasa":"droga gĹ‚Ăłwna","kat":"krajowa"},"geometry":{"type":"LineString","coordinates":[[21.7448,51.53671],[21.74476,51.53694],[21.74544,51.54011],[21.74542,51.54037],[21.74516,51.54062]]}},{"type":"Feature","properties":{"numer":"48","klasa":"droga gĹ‚Ăłwna","kat":"krajowa"},"geometry":{"type":"LineString","coordinates":[[21.72953,51.54139],[21.73221,51.5409],[21.74462,51.54075],[21.74516,51.54062]]}},{"type":"Feature","properties":{"numer":"1733W","klasa":"droga zbiorcza","kat":"powiatowa"},"geometry":{"type":"LineString","coordinates":[[21.77105,51.54579],[21.77103,51.54533],[21.77259,51.54343],[21.77365,51.54156],[21.77383,51.54152],[21.77534,51.54181],[21.77551,51.54178],[21.77806,51.53646]]}},{"type":"Feature","properties":{"numer":"1733W","klasa":"droga zbiorcza","kat":"powiatowa"},"geometry":{"type":"LineString","coordinates":[[21.76046,51.53598],[21.75316,51.5409],[21.7506,51.54351],[21.75059,51.54368],[21.75544,51.54558],[21.75548,51.54577],[21.75448,51.54649],[21.75464,51.54664],[21.76036,51.54769],[21.76367,51.54705],[21.77105,51.54579]]}},{"type":"Feature","properties":{"numer":"170701W","klasa":"droga lokalna","kat":"powiatowa"},"geometry":{"type":"LineString","coordinates":[[21.77105,51.54579],[21.77366,51.55019]]}},{"type":"Feature","properties":{"numer":"170701W","klasa":"droga lokalna","kat":"powiatowa"},"geometry":{"type":"LineString","coordinates":[[21.77366,51.55019],[21.77399,51.55026],[21.77502,51.55001],[21.77587,51.54962],[21.77666,51.54909],[21.7782,51.54787],[21.77897,51.54737],[21.77906,51.54679],[21.7795,51.54617],[21.77979,51.54606]]}},{"type":"Feature","properties":{"numer":"1732W","klasa":"droga zbiorcza","kat":"powiatowa"},"geometry":{"type":"LineString","coordinates":[[21.74486,51.55539],[21.72736,51.55162],[21.72765,51.55066],[21.72886,51.54909],[21.72987,51.54594],[21.72959,51.54336],[21.72953,51.54139]]}},{"type":"Feature","properties":{"numer":"170701W","klasa":"droga lokalna","kat":"powiatowa"},"geometry":{"type":"LineString","coordinates":[[21.77979,51.54606],[21.78046,51.54647],[21.78079,51.54686],[21.78088,51.54732],[21.78076,51.54829],[21.78028,51.54936],[21.77937,51.55069],[21.77814,51.55189],[21.77749,51.55239]]}},{"type":"Feature","properties":{"numer":"170701W","klasa":"droga lokalna","kat":"powiatowa"},"geometry":{"type":"LineString","coordinates":[[21.77749,51.55239],[21.77843,51.55314]]}},{"type":"Feature","properties":{"numer":"170824W","klasa":"droga lokalna","kat":"powiatowa"},"geometry":{"type":"LineString","coordinates":[[21.55467,51.57421],[21.55416,51.57431]]}},{"type":"Feature","properties":{"numer":"170824W","klasa":"droga lokalna","kat":"powiatowa"},"geometry":{"type":"LineString","coordinates":[[21.55416,51.57431],[21.55271,51.57466],[21.55119,51.57525]]}},{"type":"Feature","properties":{"numer":"79","klasa":"droga gĹ‚Ăłwna","kat":"krajowa"},"geometry":{"type":"LineString","coordinates":[[21.54245,51.57523],[21.5426,51.57545]]}},{"type":"Feature","properties":{"numer":"170824W","klasa":"droga lokalna","kat":"powiatowa"},"geometry":{"type":"LineString","coordinates":[[21.55119,51.57525],[21.55085,51.5755],[21.55056,51.57597]]}},{"type":"Feature","properties":{"numer":"48","klasa":"droga gĹ‚Ăłwna","kat":"krajowa"},"geometry":{"type":"LineString","coordinates":[[21.56487,51.57684],[21.5677,51.57444]]}},{"type":"Feature","properties":{"numer":"170824W","klasa":"droga lokalna","kat":"powiatowa"},"geometry":{"type":"LineString","coordinates":[[21.55056,51.57597],[21.55042,51.57651]]}},{"type":"Feature","properties":{"numer":"170824W","klasa":"droga lokalna","kat":"powiatowa"},"geometry":{"type":"LineString","coordinates":[[21.55042,51.57651],[21.55025,51.57702]]}},{"type":"Feature","properties":{"numer":"170824W","klasa":"droga lokalna","kat":"powiatowa"},"geometry":{"type":"LineString","coordinates":[[21.55025,51.57702],[21.5502,51.57717]]}},{"type":"Feature","properties":{"numer":"1726W","klasa":"droga zbiorcza","kat":"powiatowa"},"geometry":{"type":"LineString","coordinates":[[21.57069,51.57748],[21.56487,51.57684]]}},{"type":"Feature","properties":{"numer":"170584W","klasa":"droga lokalna","kat":"powiatowa"},"geometry":{"type":"LineString","coordinates":[[21.5502,51.57717],[21.55015,51.57736]]}},{"type":"Feature","properties":{"numer":"79","klasa":"droga gĹ‚Ăłwna","kat":"krajowa"},"geometry":{"type":"LineString","coordinates":[[21.54665,51.57945],[21.54328,51.57626],[21.5426,51.57545]]}},{"type":"Feature","properties":{"numer":"1726W","klasa":"droga zbiorcza","kat":"powiatowa"},"geometry":{"type":"LineString","coordinates":[[21.57083,51.57749],[21.57069,51.57748]]}},{"type":"Feature","properties":{"numer":"170584W","klasa":"droga lokalna","kat":"powiatowa"},"geometry":{"type":"LineString","coordinates":[[21.54993,51.57817],[21.55015,51.57736]]}},{"type":"Feature","properties":{"numer":"170848W","klasa":"droga lokalna","kat":"powiatowa"},"geometry":{"type":"LineString","coordinates":[[21.54948,51.57841],[21.54993,51.57817]]}},{"type":"Feature","properties":{"numer":"170848W","klasa":"droga lokalna","kat":"powiatowa"},"geometry":{"type":"LineString","coordinates":[[21.54886,51.57864],[21.54948,51.57841]]}},{"type":"Feature","properties":{"numer":"170848W","klasa":"droga lokalna","kat":"powiatowa"},"geometry":{"type":"LineString","coordinates":[[21.54802,51.57893],[21.54886,51.57864]]}},{"type":"Feature","properties":{"numer":"170848W","klasa":"droga lokalna","kat":"powiatowa"},"geometry":{"type":"LineString","coordinates":[[21.54665,51.57945],[21.54802,51.57893]]}},{"type":"Feature","properties":{"numer":"48","klasa":"droga gĹ‚Ăłwna","kat":"krajowa"},"geometry":{"type":"LineString","coordinates":[[21.55547,51.58175],[21.56178,51.5786],[21.56487,51.57684]]}},{"type":"Feature","properties":{"numer":"170848W","klasa":"droga lokalna","kat":"powiatowa"},"geometry":{"type":"LineString","coordinates":[[21.54501,51.58068],[21.54665,51.57945]]}},{"type":"Feature","properties":{"numer":"170848W","klasa":"droga lokalna","kat":"powiatowa"},"geometry":{"type":"LineString","coordinates":[[21.54437,51.58117],[21.54501,51.58068]]}},{"type":"Feature","properties":{"numer":"48","klasa":"droga gĹ‚Ăłwna","kat":"krajowa"},"geometry":{"type":"LineString","coordinates":[[21.57106,51.57134],[21.57232,51.57031],[21.57302,51.57004],[21.57391,51.56984],[21.585,51.56894],[21.59068,51.56826],[21.5994,51.56608],[21.60216,51.56522],[21.60379,51.56486]]}},{"type":"Feature","properties":{"numer":"1728W","klasa":"droga zbiorcza","kat":"powiatowa"},"geometry":{"type":"LineString","coordinates":[[21.63644,51.57049],[21.6506,51.56792],[21.65116,51.56798],[21.65579,51.56929],[21.6568,51.56925],[21.65695,51.56801]]}},{"type":"Feature","properties":{"numer":"1728W","klasa":"droga zbiorcza","kat":"powiatowa"},"geometry":{"type":"LineString","coordinates":[[21.64065,51.57788],[21.63483,51.57252],[21.63488,51.57242],[21.63574,51.5719],[21.63613,51.57065],[21.63644,51.57049]]}},{"type":"Feature","properties":{"numer":"1729W","klasa":"droga zbiorcza","kat":"powiatowa"},"geometry":{"type":"LineString","coordinates":[[21.6297,51.57435],[21.62976,51.57445]]}},{"type":"Feature","properties":{"numer":"1729W","klasa":"droga zbiorcza","kat":"powiatowa"},"geometry":{"type":"LineString","coordinates":[[21.62976,51.57445],[21.63281,51.5792]]}},{"type":"Feature","properties":{"numer":"1728W","klasa":"droga zbiorcza","kat":"powiatowa"},"geometry":{"type":"LineString","coordinates":[[21.63281,51.5792],[21.63692,51.57912],[21.63829,51.57896],[21.63988,51.57841],[21.64065,51.57788]]}},{"type":"Feature","properties":{"numer":"1724W","klasa":"droga zbiorcza","kat":"powiatowa"},"geometry":{"type":"LineString","coordinates":[[21.67247,51.56121],[21.66989,51.56703],[21.67001,51.5682],[21.67095,51.56953],[21.66774,51.57146],[21.66598,51.57218],[21.65568,51.57787],[21.65445,51.57818],[21.64907,51.57981],[21.64795,51.58033],[21.64522,51.58188],[21.64259,51.58293],[21.64099,51.58386],[21.63252,51.58924],[21.63221,51.5895],[21.63218,51.58969],[21.63288,51.59217],[21.63279,51.59241],[21.63236,51.59268],[21.63036,51.59345],[21.62942,51.59431],[21.62776,51.59536],[21.62653,51.59632],[21.62617,51.59689],[21.62605,51.59764],[21.62626,51.59845],[21.6271,51.5996],[21.62712,51.59981],[21.62684,51.60002],[21.62586,51.6004],[21.62431,51.6007]]}},{"type":"Feature","properties":{"numer":"1726W","klasa":"droga zbiorcza","kat":"powiatowa"},"geometry":{"type":"LineString","coordinates":[[21.61308,51.58461],[21.60958,51.58284],[21.60908,51.5827],[21.57734,51.57899],[21.57639,51.57881],[21.57156,51.5776],[21.57083,51.57749]]}},{"type":"Feature","properties":{"numer":"1728W","klasa":"droga zbiorcza","kat":"powiatowa"},"geometry":{"type":"LineString","coordinates":[[21.61469,51.5854],[21.61611,51.58395],[21.61828,51.58138],[21.6187,51.58111],[21.62152,51.58027],[21.62265,51.58026],[21.63281,51.5792]]}},{"type":"Feature","properties":{"numer":"1726W","klasa":"droga zbiorcza","kat":"powiatowa"},"geometry":{"type":"LineString","coordinates":[[21.6132,51.58467],[21.61308,51.58461]]}},{"type":"Feature","properties":{"numer":"79","klasa":"droga gĹ‚Ăłwna","kat":"krajowa"},"geometry":{"type":"LineString","coordinates":[[21.54785,51.58263],[21.54665,51.57945]]}},{"type":"Feature","properties":{"numer":"48","klasa":"droga gĹ‚Ăłwna","kat":"krajowa"},"geometry":{"type":"LineString","coordinates":[[21.55533,51.58183],[21.55547,51.58175]]}},{"type":"Feature","properties":{"numer":"170848W","klasa":"droga lokalna","kat":"powiatowa"},"geometry":{"type":"LineString","coordinates":[[21.54268,51.58254],[21.54273,51.58241],[21.54437,51.58117]]}},{"type":"Feature","properties":{"numer":"170808W","klasa":"droga lokalna","kat":"powiatowa"},"geometry":{"type":"LineString","coordinates":[[21.54268,51.58254],[21.54321,51.58284]]}},{"type":"Feature","properties":{"numer":"79","klasa":"droga gĹ‚Ăłwna","kat":"krajowa"},"geometry":{"type":"LineString","coordinates":[[21.54792,51.58283],[21.54785,51.58263]]}},{"type":"Feature","properties":{"numer":"79","klasa":"droga gĹ‚Ăłwna","kat":"krajowa"},"geometry":{"type":"LineString","coordinates":[[21.54796,51.58293],[21.54792,51.58283]]}},{"type":"Feature","properties":{"numer":"48","klasa":"droga gĹ‚Ăłwna","kat":"krajowa"},"geometry":{"type":"LineString","coordinates":[[21.5478,51.58295],[21.54796,51.58293]]}},{"type":"Feature","properties":{"numer":"48,79","klasa":"droga gĹ‚Ăłwna","kat":"gminna"},"geometry":{"type":"LineString","coordinates":[[21.54796,51.58293],[21.54801,51.58303]]}},{"type":"Feature","properties":{"numer":"48","klasa":"droga gĹ‚Ăłwna","kat":"krajowa"},"geometry":{"type":"LineString","coordinates":[[21.54739,51.58309],[21.5478,51.58295]]}},{"type":"Feature","properties":{"numer":"48,79","klasa":"droga gĹ‚Ăłwna","kat":"gminna"},"geometry":{"type":"LineString","coordinates":[[21.54801,51.58303],[21.54808,51.58325]]}},{"type":"Feature","properties":{"numer":"170821W","klasa":"droga lokalna","kat":"powiatowa"},"geometry":{"type":"LineString","coordinates":[[21.54202,51.58401],[21.54321,51.58284]]}},{"type":"Feature","properties":{"numer":"48","klasa":"droga gĹ‚Ăłwna","kat":"krajowa"},"geometry":{"type":"LineString","coordinates":[[21.54605,51.58412],[21.54637,51.58374],[21.54739,51.58309]]}},{"type":"Feature","properties":{"numer":"48","klasa":"droga gĹ‚Ăłwna","kat":"krajowa"},"geometry":{"type":"LineString","coordinates":[[21.55123,51.58557],[21.55293,51.58446],[21.5533,51.58401],[21.55365,51.58307],[21.55393,51.58266],[21.55443,51.58229],[21.55533,51.58183]]}},{"type":"Feature","properties":{"numer":"170821W","klasa":"droga lokalna","kat":"powiatowa"},"geometry":{"type":"LineString","coordinates":[[21.54162,51.58468],[21.54202,51.58401]]}},{"type":"Feature","properties":{"numer":"48,79","klasa":"droga gĹ‚Ăłwna","kat":"gminna"},"geometry":{"type":"LineString","coordinates":[[21.54808,51.58325],[21.5482,51.58354],[21.54844,51.58378],[21.55123,51.58557]]}},{"type":"Feature","properties":{"numer":"170821W","klasa":"droga lokalna","kat":"powiatowa"},"geometry":{"type":"LineString","coordinates":[[21.54134,51.58515],[21.54162,51.58468]]}},{"type":"Feature","properties":{"numer":"48","klasa":"droga gĹ‚Ăłwna","kat":"krajowa"},"geometry":{"type":"LineString","coordinates":[[21.54272,51.58698],[21.54548,51.58533],[21.5457,51.58502],[21.54605,51.58412]]}},{"type":"Feature","properties":{"numer":"170821W","klasa":"droga lokalna","kat":"powiatowa"},"geometry":{"type":"LineString","coordinates":[[21.54133,51.58602],[21.54117,51.58571],[21.54134,51.58515]]}},{"type":"Feature","properties":{"numer":"1724W","klasa":"droga zbiorcza","kat":"powiatowa"},"geometry":{"type":"LineString","coordinates":[[21.5566,51.58621],[21.55677,51.58616]]}},{"type":"Feature","properties":{"numer":"170821W","klasa":"droga lokalna","kat":"powiatowa"},"geometry":{"type":"LineString","coordinates":[[21.54228,51.58671],[21.54133,51.58602]]}},{"type":"Feature","properties":{"numer":"1724W","klasa":"droga zbiorcza","kat":"powiatowa"},"geometry":{"type":"LineString","coordinates":[[21.55123,51.58557],[21.55381,51.58716],[21.55516,51.58664],[21.5566,51.58621]]}},{"type":"Feature","properties":{"numer":"79","klasa":"droga gĹ‚Ăłwna","kat":"krajowa"},"geometry":{"type":"LineString","coordinates":[[21.54746,51.5879],[21.55123,51.58557]]}},{"type":"Feature","properties":{"numer":"170821W","klasa":"droga lokalna","kat":"powiatowa"},"geometry":{"type":"LineString","coordinates":[[21.54272,51.58698],[21.54228,51.58671]]}},{"type":"Feature","properties":{"numer":"170805W","klasa":"droga lokalna","kat":"powiatowa"},"geometry":{"type":"LineString","coordinates":[[21.54272,51.58698],[21.54411,51.58786]]}},{"type":"Feature","properties":{"numer":"170805W","klasa":"droga lokalna","kat":"powiatowa"},"geometry":{"type":"LineString","coordinates":[[21.54411,51.58786],[21.54433,51.588]]}},{"type":"Feature","properties":{"numer":"48","klasa":"droga gĹ‚Ăłwna","kat":"krajowa"},"geometry":{"type":"LineString","coordinates":[[21.53124,51.58937],[21.53313,51.58958],[21.53595,51.58906],[21.53828,51.58842],[21.5413,51.58773],[21.54272,51.58698]]}},{"type":"Feature","properties":{"numer":"79","klasa":"droga gĹ‚Ăłwna","kat":"krajowa"},"geometry":{"type":"LineString","coordinates":[[21.54581,51.58892],[21.54746,51.5879]]}},{"type":"Feature","properties":{"numer":"170805W","klasa":"droga lokalna","kat":"powiatowa"},"geometry":{"type":"LineString","coordinates":[[21.54433,51.588],[21.54581,51.58892]]}},{"type":"Feature","properties":{"numer":"1723W","klasa":"droga zbiorcza","kat":"powiatowa"},"geometry":{"type":"LineString","coordinates":[[21.54746,51.5879],[21.54847,51.58853],[21.54911,51.58906]]}},{"type":"Feature","properties":{"numer":"170854W","klasa":"droga lokalna","kat":"powiatowa"},"geometry":{"type":"LineString","coordinates":[[21.53112,51.58971],[21.53124,51.58937]]}},{"type":"Feature","properties":{"numer":"170854W","klasa":"droga lokalna","kat":"powiatowa"},"geometry":{"type":"LineString","coordinates":[[21.53084,51.59058],[21.53112,51.58971]]}},{"type":"Feature","properties":{"numer":"170854W","klasa":"droga lokalna","kat":"powiatowa"},"geometry":{"type":"LineString","coordinates":[[21.5308,51.59073],[21.53084,51.59058]]}},{"type":"Feature","properties":{"numer":"170854W","klasa":"droga lokalna","kat":"powiatowa"},"geometry":{"type":"LineString","coordinates":[[21.53088,51.59085],[21.5308,51.59073]]}},{"type":"Feature","properties":{"numer":"170862W","klasa":"droga lokalna","kat":"powiatowa"},"geometry":{"type":"LineString","coordinates":[[21.53056,51.59153],[21.5307,51.59098],[21.53088,51.59085]]}},{"type":"Feature","properties":{"numer":"170862W","klasa":"droga lokalna","kat":"powiatowa"},"geometry":{"type":"LineString","coordinates":[[21.53051,51.59164],[21.53056,51.59153]]}},{"type":"Feature","properties":{"numer":"170862W","klasa":"droga lokalna","kat":"powiatowa"},"geometry":{"type":"LineString","coordinates":[[21.53019,51.5922],[21.53051,51.59164]]}},{"type":"Feature","properties":{"numer":"170862W","klasa":"droga lokalna","kat":"powiatowa"},"geometry":{"type":"LineString","coordinates":[[21.52994,51.59258],[21.53019,51.5922]]}},{"type":"Feature","properties":{"numer":"1724W","klasa":"droga zbiorcza","kat":"powiatowa"},"geometry":{"type":"LineString","coordinates":[[21.55677,51.58616],[21.55723,51.58611],[21.55754,51.58626],[21.56105,51.58952],[21.5693,51.59289],[21.57165,51.59442],[21.57177,51.59472],[21.57175,51.59735],[21.57132,51.5995]]}},{"type":"Feature","properties":{"numer":"170862W","klasa":"droga lokalna","kat":"powiatowa"},"geometry":{"type":"LineString","coordinates":[[21.52906,51.59399],[21.52994,51.59258]]}},{"type":"Feature","properties":{"numer":"79","klasa":"droga gĹ‚Ăłwna","kat":"krajowa"},"geometry":{"type":"LineString","coordinates":[[21.52546,51.5994],[21.54581,51.58892]]}},{"type":"Feature","properties":{"numer":"48","klasa":"droga gĹ‚Ăłwna","kat":"krajowa"},"geometry":{"type":"LineString","coordinates":[[21.50573,51.59772],[21.4977,51.59766]]}},{"type":"Feature","properties":{"numer":"170591W","klasa":"droga lokalna","kat":"powiatowa"},"geometry":{"type":"LineString","coordinates":[[21.52354,51.59768],[21.52244,51.59837]]}},{"type":"Feature","properties":{"numer":"170571W","klasa":"droga lokalna","kat":"powiatowa"},"geometry":{"type":"LineString","coordinates":[[21.52406,51.59886],[21.52244,51.59837]]}},{"type":"Feature","properties":{"numer":"170571W","klasa":"droga lokalna","kat":"powiatowa"},"geometry":{"type":"LineString","coordinates":[[21.52528,51.59924],[21.52406,51.59886]]}},{"type":"Feature","properties":{"numer":"170571W","klasa":"droga lokalna","kat":"powiatowa"},"geometry":{"type":"LineString","coordinates":[[21.52546,51.5994],[21.52528,51.59924]]}},{"type":"Feature","properties":{"numer":"79","klasa":"droga gĹ‚Ăłwna","kat":"krajowa"},"geometry":{"type":"LineString","coordinates":[[21.51433,51.60513],[21.52546,51.5994]]}},{"type":"Feature","properties":{"numer":"79","klasa":"droga gĹ‚Ăłwna","kat":"krajowa"},"geometry":{"type":"LineString","coordinates":[[21.51182,51.60643],[21.51433,51.60513]]}},{"type":"Feature","properties":{"numer":"1720W","klasa":"droga zbiorcza","kat":"powiatowa"},"geometry":{"type":"LineString","coordinates":[[21.51433,51.60513],[21.51706,51.60696]]}},{"type":"Feature","properties":{"numer":"79","klasa":"droga gĹ‚Ăłwna","kat":"krajowa"},"geometry":{"type":"LineString","coordinates":[[21.51172,51.60648],[21.51182,51.60643]]}},{"type":"Feature","properties":{"numer":"1720W","klasa":"droga zbiorcza","kat":"powiatowa"},"geometry":{"type":"LineString","coordinates":[[21.51718,51.60705],[21.51706,51.60696]]}},{"type":"Feature","properties":{"numer":"1723W","klasa":"droga zbiorcza","kat":"powiatowa"},"geometry":{"type":"LineString","coordinates":[[21.54911,51.58906],[21.54925,51.58922],[21.54918,51.59462],[21.54927,51.59492],[21.54959,51.59531],[21.55432,51.59861],[21.55462,51.59893],[21.55476,51.59934],[21.55534,51.60436]]}},{"type":"Feature","properties":{"numer":"1724W","klasa":"droga zbiorcza","kat":"powiatowa"},"geometry":{"type":"LineString","coordinates":[[21.5713,51.59963],[21.57132,51.5995]]}},{"type":"Feature","properties":{"numer":"1724W","klasa":"droga zbiorcza","kat":"powiatowa"},"geometry":{"type":"LineString","coordinates":[[21.57049,51.60361],[21.5713,51.59963]]}},{"type":"Feature","properties":{"numer":"1724W","klasa":"droga zbiorcza","kat":"powiatowa"},"geometry":{"type":"LineString","coordinates":[[21.57043,51.60374],[21.57049,51.60361]]}},{"type":"Feature","properties":{"numer":"1724W","klasa":"droga zbiorcza","kat":"powiatowa"},"geometry":{"type":"LineString","coordinates":[[21.57011,51.60423],[21.57043,51.60374]]}},{"type":"Feature","properties":{"numer":"1725W","klasa":"droga zbiorcza","kat":"powiatowa"},"geometry":{"type":"LineString","coordinates":[[21.55534,51.60436],[21.55667,51.60481],[21.55778,51.60562],[21.55815,51.60613],[21.55837,51.60712]]}},{"type":"Feature","properties":{"numer":"1725W","klasa":"droga zbiorcza","kat":"powiatowa"},"geometry":{"type":"LineString","coordinates":[[21.55841,51.60729],[21.55837,51.60712]]}},{"type":"Feature","properties":{"numer":"1725W","klasa":"droga zbiorcza","kat":"powiatowa"},"geometry":{"type":"LineString","coordinates":[[21.55841,51.60729],[21.55863,51.60843],[21.55851,51.61014],[21.55899,51.61334],[21.55912,51.61353],[21.56779,51.61419],[21.5679,51.61408],[21.56858,51.61153],[21.56904,51.61059],[21.56951,51.60914],[21.5684,51.6054],[21.56879,51.60489],[21.57011,51.60423]]}},{"type":"Feature","properties":{"numer":"1723W","klasa":"droga zbiorcza","kat":"powiatowa"},"geometry":{"type":"LineString","coordinates":[[21.55534,51.60436],[21.55523,51.60503],[21.55462,51.60651],[21.55377,51.60759],[21.55314,51.60952],[21.5537,51.6122],[21.55162,51.61594],[21.55134,51.61673],[21.55125,51.61781],[21.55161,51.61879],[21.55169,51.62135],[21.55148,51.62227],[21.55195,51.62426],[21.54894,51.62595],[21.54577,51.62821],[21.54497,51.62853],[21.54366,51.62902],[21.54286,51.62909],[21.54213,51.62897],[21.54123,51.62847]]}},{"type":"Feature","properties":{"numer":"1723W","klasa":"droga zbiorcza","kat":"powiatowa"},"geometry":{"type":"LineString","coordinates":[[21.54123,51.62847],[21.53839,51.62657],[21.53752,51.62647],[21.53534,51.62646],[21.52402,51.62455]]}},{"type":"Feature","properties":{"numer":"1722W","klasa":"droga zbiorcza","kat":"powiatowa"},"geometry":{"type":"LineString","coordinates":[[21.49149,51.61693],[21.48981,51.6158],[21.4895,51.6154],[21.48947,51.61509],[21.49308,51.60712],[21.49439,51.60572],[21.4974,51.60198],[21.5051,51.59814],[21.50567,51.59784],[21.50573,51.59772]]}},{"type":"Feature","properties":{"numer":"79","klasa":"droga gĹ‚Ăłwna","kat":"krajowa"},"geometry":{"type":"LineString","coordinates":[[21.49149,51.61693],[21.51172,51.60648]]}},{"type":"Feature","properties":{"numer":"1720W","klasa":"droga zbiorcza","kat":"powiatowa"},"geometry":{"type":"LineString","coordinates":[[21.51718,51.60705],[21.51784,51.60758],[21.51897,51.60925],[21.52226,51.61601],[21.52465,51.61918],[21.52581,51.62131]]}},{"type":"Feature","properties":{"numer":"1720W","klasa":"droga zbiorcza","kat":"powiatowa"},"geometry":{"type":"LineString","coordinates":[[21.52581,51.62131],[21.52583,51.62136]]}},{"type":"Feature","properties":{"numer":"1720W","klasa":"droga zbiorcza","kat":"powiatowa"},"geometry":{"type":"LineString","coordinates":[[21.52583,51.62136],[21.52575,51.62172],[21.52402,51.62455]]}},{"type":"Feature","properties":{"numer":"79","klasa":"droga gĹ‚Ăłwna","kat":"krajowa"},"geometry":{"type":"LineString","coordinates":[[21.47111,51.63389],[21.47846,51.62492],[21.47964,51.62352],[21.48026,51.62293],[21.48138,51.62218],[21.49149,51.61693]]}},{"type":"Feature","properties":{"numer":"1720W","klasa":"droga zbiorcza","kat":"powiatowa"},"geometry":{"type":"LineString","coordinates":[[21.52402,51.62455],[21.51928,51.63203],[21.51552,51.6361],[21.51541,51.63647],[21.51566,51.63818],[21.51458,51.6405],[21.5109,51.64391]]}},{"type":"Feature","properties":{"numer":"1719W","klasa":"droga zbiorcza","kat":"powiatowa"},"geometry":{"type":"LineString","coordinates":[[21.47111,51.63389],[21.48222,51.63823],[21.49197,51.64025]]}},{"type":"Feature","properties":{"numer":"79","klasa":"droga gĹ‚Ăłwna","kat":"krajowa"},"geometry":{"type":"LineString","coordinates":[[21.45901,51.64841],[21.47111,51.63389]]}},{"type":"Feature","properties":{"numer":"1719W","klasa":"droga zbiorcza","kat":"powiatowa"},"geometry":{"type":"LineString","coordinates":[[21.49197,51.64025],[21.49841,51.641],[21.5109,51.64391]]}},{"type":"Feature","properties":{"numer":"1728W","klasa":"droga zbiorcza","kat":"powiatowa"},"geometry":{"type":"LineString","coordinates":[[21.65695,51.56801],[21.65697,51.56789]]}}]}