{"type":"FeatureCollection","features":[{"type":"Feature","properties":{"numer":"2576W","klasa":"droga zbiorcza","kat":"powiatowa"},"geometry":{"type":"LineString","coordinates":[[21.4928,52.82789],[21.49333,52.82743],[21.49413,52.82649],[21.49544,52.82459],[21.49777,52.81853],[21.49799,52.81725],[21.4978,52.81543],[21.4978,52.81348],[21.49702,52.81104],[21.49684,52.80998],[21.49711,52.80779],[21.49822,52.80666],[21.50089,52.80535],[21.50237,52.80439],[21.50344,52.80401],[21.50362664433745,52.803862239899516]]}},{"type":"Feature","properties":{"numer":"2576W","klasa":"droga zbiorcza","kat":"powiatowa"},"geometry":{"type":"LineString","coordinates":[[21.49276,52.82794],[21.4928,52.82789]]}},{"type":"Feature","properties":{"numer":"2576W","klasa":"droga zbiorcza","kat":"powiatowa"},"geometry":{"type":"LineString","coordinates":[[21.49286,52.84326],[21.49198,52.8396],[21.49099,52.83683],[21.49031,52.83322],[21.49037,52.83276],[21.4906,52.83237],[21.49224,52.83039],[21.49224,52.82913],[21.49248,52.82838],[21.49276,52.82794]]}},{"type":"Feature","properties":{"numer":"2572W","klasa":"droga zbiorcza","kat":"powiatowa"},"geometry":{"type":"LineString","coordinates":[[21.48983,52.84435],[21.49152,52.8435],[21.49286,52.84326]]}},{"type":"Feature","properties":{"numer":"4403W","klasa":"droga zbiorcza","kat":"powiatowa"},"geometry":{"type":"LineString","coordinates":[[21.56671,52.8161],[21.56716771577144,52.814294707627724]]}},{"type":"Feature","properties":{"numer":"4403W","klasa":"droga zbiorcza","kat":"powiatowa"},"geometry":{"type":"LineString","coordinates":[[21.56671,52.8161],[21.56587,52.81922],[21.56567,52.82044],[21.56571,52.82146],[21.56629,52.82427],[21.56621,52.82569],[21.56167,52.84683],[21.56079,52.84917]]}},{"type":"Feature","properties":{"numer":"2574W","klasa":"droga zbiorcza","kat":"powiatowa"},"geometry":{"type":"LineString","coordinates":[[21.51445,52.84688],[21.51704,52.84717],[21.52487,52.84758],[21.53027,52.84771],[21.53819,52.84831],[21.54268,52.84807],[21.54505,52.84765],[21.5509,52.84694],[21.5514,52.84808],[21.5514,52.84895],[21.55154,52.84911],[21.5588,52.84926],[21.56079,52.84917]]}},{"type":"Feature","properties":{"numer":"2574W","klasa":"droga zbiorcza","kat":"powiatowa"},"geometry":{"type":"LineString","coordinates":[[21.56079,52.84917],[21.56169,52.84913],[21.56368,52.84945]]}},{"type":"Feature","properties":{"numer":"4403W","klasa":"droga zbiorcza","kat":"powiatowa"},"geometry":{"type":"LineString","coordinates":[[21.56079,52.84917],[21.56027,52.8515],[21.56015,52.85306],[21.55932,52.8572],[21.55923,52.85834],[21.55935,52.85955],[21.55966,52.86052],[21.56035,52.86172],[21.56137,52.86287],[21.56407,52.86507],[21.56451,52.86573],[21.56458,52.86649]]}},{"type":"Feature","properties":{"numer":"4403W","klasa":"droga zbiorcza","kat":"powiatowa"},"geometry":{"type":"LineString","coordinates":[[21.56458,52.86686],[21.56458,52.86649]]}},{"type":"Feature","properties":{"numer":"60","klasa":"droga gĹ‚Ăłwna ruchu przyĹ›pieszonego","kat":"krajowa"},"geometry":{"type":"LineString","coordinates":[[21.56653,52.86681],[21.56701,52.86676]]}},{"type":"Feature","properties":{"numer":"60","klasa":"droga gĹ‚Ăłwna ruchu przyĹ›pieszonego","kat":"krajowa"},"geometry":{"type":"LineString","coordinates":[[21.56547,52.86692],[21.56653,52.86681]]}},{"type":"Feature","properties":{"numer":"4403W","klasa":"droga zbiorcza","kat":"powiatowa"},"geometry":{"type":"LineString","coordinates":[[21.56457,52.86702],[21.56458,52.86686]]}},{"type":"Feature","properties":{"numer":"60","klasa":"droga gĹ‚Ăłwna ruchu przyĹ›pieszonego","kat":"krajowa"},"geometry":{"type":"LineString","coordinates":[[21.56482,52.86699],[21.56547,52.86692]]}},{"type":"Feature","properties":{"numer":"60","klasa":"droga gĹ‚Ăłwna ruchu przyĹ›pieszonego","kat":"krajowa"},"geometry":{"type":"LineString","coordinates":[[21.56457,52.86702],[21.56482,52.86699]]}},{"type":"Feature","properties":{"numer":"60","klasa":"droga gĹ‚Ăłwna ruchu przyĹ›pieszonego","kat":"krajowa"},"geometry":{"type":"LineString","coordinates":[[21.56432,52.86704],[21.56457,52.86702]]}},{"type":"Feature","properties":{"numer":"60","klasa":"droga gĹ‚Ăłwna ruchu przyĹ›pieszonego","kat":"krajowa"},"geometry":{"type":"LineString","coordinates":[[21.56371,52.86709],[21.56432,52.86704]]}},{"type":"Feature","properties":{"numer":"4403W","klasa":"droga zbiorcza","kat":"powiatowa"},"geometry":{"type":"LineString","coordinates":[[21.56456,52.86717],[21.56457,52.86702]]}},{"type":"Feature","properties":{"numer":"4403W","klasa":"droga zbiorcza","kat":"powiatowa"},"geometry":{"type":"LineString","coordinates":[[21.56454,52.86746],[21.56456,52.86717]]}},{"type":"Feature","properties":{"numer":"60","klasa":"droga gĹ‚Ăłwna ruchu przyĹ›pieszonego","kat":"krajowa"},"geometry":{"type":"LineString","coordinates":[[21.53806,52.86968],[21.56371,52.86709]]}},{"type":"Feature","properties":{"numer":"60","klasa":"droga gĹ‚Ăłwna ruchu przyĹ›pieszonego","kat":"krajowa"},"geometry":{"type":"LineString","coordinates":[[21.52974,52.87051],[21.53806,52.86968]]}},{"type":"Feature","properties":{"numer":"60","klasa":"droga gĹ‚Ăłwna ruchu przyĹ›pieszonego","kat":"krajowa"},"geometry":{"type":"LineString","coordinates":[[21.52943,52.87054],[21.52974,52.87051]]}},{"type":"Feature","properties":{"numer":"60","klasa":"droga gĹ‚Ăłwna ruchu przyĹ›pieszonego","kat":"krajowa"},"geometry":{"type":"LineString","coordinates":[[21.60398,52.8621],[21.622662393179493,52.85942035379329]]}},{"type":"Feature","properties":{"numer":"60","klasa":"droga gĹ‚Ăłwna ruchu przyĹ›pieszonego","kat":"krajowa"},"geometry":{"type":"LineString","coordinates":[[21.56701,52.86676],[21.58252,52.86519],[21.60398,52.8621]]}},{"type":"Feature","properties":{"numer":"2575W","klasa":"droga zbiorcza","kat":"powiatowa"},"geometry":{"type":"LineString","coordinates":[[21.60656,52.86836],[21.60608,52.86672],[21.60398,52.8621]]}},{"type":"Feature","properties":{"numer":"2575W","klasa":"droga zbiorcza","kat":"powiatowa"},"geometry":{"type":"LineString","coordinates":[[21.60658,52.86843],[21.60656,52.86836]]}},{"type":"Feature","properties":{"numer":"2575W","klasa":"droga zbiorcza","kat":"powiatowa"},"geometry":{"type":"LineString","coordinates":[[21.61165,52.87945],[21.61035,52.87556],[21.61012,52.8755],[21.60953,52.8756],[21.60933,52.87551],[21.60792,52.87285],[21.60784,52.8726],[21.6082,52.87116],[21.60789,52.86985],[21.60775,52.86964],[21.60719,52.86921],[21.60658,52.86843]]}},{"type":"Feature","properties":{"numer":"2575W","klasa":"droga zbiorcza","kat":"powiatowa"},"geometry":{"type":"LineString","coordinates":[[21.56801,52.88865],[21.57061,52.88869],[21.57404,52.88853],[21.58103,52.88524],[21.59137,52.88228],[21.59506,52.88171],[21.59696,52.88157],[21.61139,52.87954],[21.61165,52.87945]]}},{"type":"Feature","properties":{"numer":"","klasa":"droga zbiorcza","kat":"powiatowa"},"geometry":{"type":"LineString","coordinates":[[21.592119782385392,52.89425055240631],[21.59199,52.89458],[21.5918,52.89632],[21.59166,52.89651],[21.58665,52.89887]]}},{"type":"Feature","properties":{"numer":"2566W","klasa":"droga zbiorcza","kat":"powiatowa"},"geometry":{"type":"LineString","coordinates":[[21.58665,52.89887],[21.58754,52.89899],[21.58851,52.89927],[21.60776,52.90586],[21.61861,52.91985],[21.61918,52.92028],[21.62102,52.9209]]}},{"type":"Feature","properties":{"numer":"2573W","klasa":"droga zbiorcza","kat":"powiatowa"},"geometry":{"type":"LineString","coordinates":[[21.5448,52.87753],[21.54445,52.87562],[21.54388,52.87462],[21.54251,52.87287],[21.54218,52.87253],[21.53806,52.86968]]}},{"type":"Feature","properties":{"numer":"2573W","klasa":"droga zbiorcza","kat":"powiatowa"},"geometry":{"type":"LineString","coordinates":[[21.5448,52.87756],[21.5448,52.87753]]}},{"type":"Feature","properties":{"numer":"4403W","klasa":"droga zbiorcza","kat":"powiatowa"},"geometry":{"type":"LineString","coordinates":[[21.56801,52.88865],[21.56776,52.87736],[21.56751,52.87662],[21.56628,52.87482],[21.56452,52.87256],[21.56429,52.8721],[21.56423,52.87175],[21.56454,52.86746]]}},{"type":"Feature","properties":{"numer":"2573W","klasa":"droga zbiorcza","kat":"powiatowa"},"geometry":{"type":"LineString","coordinates":[[21.55011,52.89439],[21.55151,52.89288],[21.54864,52.89139],[21.54833,52.89107],[21.54605,52.88268],[21.5448,52.87756]]}},{"type":"Feature","properties":{"numer":"4403W","klasa":"droga zbiorcza","kat":"powiatowa"},"geometry":{"type":"LineString","coordinates":[[21.56691,52.89801],[21.5681,52.89352],[21.56801,52.88865]]}},{"type":"Feature","properties":{"numer":"2573W","klasa":"droga zbiorcza","kat":"powiatowa"},"geometry":{"type":"LineString","coordinates":[[21.5499,52.8946],[21.55011,52.89439]]}},{"type":"Feature","properties":{"numer":"2573W","klasa":"droga zbiorcza","kat":"powiatowa"},"geometry":{"type":"LineString","coordinates":[[21.54938,52.89524],[21.5499,52.8946]]}},{"type":"Feature","properties":{"numer":"","klasa":"droga zbiorcza","kat":"powiatowa"},"geometry":{"type":"LineString","coordinates":[[21.54938,52.89524],[21.54917,52.89536],[21.54544,52.89946]]}},{"type":"Feature","properties":{"numer":"2566W","klasa":"droga zbiorcza","kat":"powiatowa"},"geometry":{"type":"LineString","coordinates":[[21.56691,52.89801],[21.57362,52.89705],[21.58215,52.89832],[21.58665,52.89887]]}},{"type":"Feature","properties":{"numer":"2573W","klasa":"droga zbiorcza","kat":"powiatowa"},"geometry":{"type":"LineString","coordinates":[[21.55663,52.90085],[21.55539,52.89954],[21.55322,52.89776],[21.55206,52.89693],[21.54964,52.89555],[21.54938,52.89524]]}},{"type":"Feature","properties":{"numer":"2572W","klasa":"droga zbiorcza","kat":"powiatowa"},"geometry":{"type":"LineString","coordinates":[[21.48983,52.84435],[21.48953,52.84447]]}},{"type":"Feature","properties":{"numer":"2574W","klasa":"droga zbiorcza","kat":"powiatowa"},"geometry":{"type":"LineString","coordinates":[[21.49286,52.84326],[21.494,52.84324],[21.49586,52.84346],[21.49927,52.84345],[21.50131,52.84357],[21.50428,52.84437],[21.50792,52.84519],[21.51445,52.84688]]}},{"type":"Feature","properties":{"numer":"2572W","klasa":"droga zbiorcza","kat":"powiatowa"},"geometry":{"type":"LineString","coordinates":[[21.44214,52.8674],[21.4425,52.86696],[21.44374,52.86651],[21.44468,52.86598],[21.4455,52.86498],[21.4457,52.86455],[21.44595,52.86324],[21.44576,52.86246],[21.44585,52.86215],[21.44986,52.85925],[21.45589,52.85332],[21.45718,52.85092],[21.45717,52.84872],[21.45823,52.84742],[21.46046,52.84748],[21.46232,52.84733],[21.4716,52.84337],[21.47269,52.84306],[21.47434,52.84279],[21.47548,52.84289],[21.48372,52.84404],[21.48618,52.84409],[21.48832,52.84457],[21.48904,52.84458],[21.48953,52.84447]]}},{"type":"Feature","properties":{"numer":"2573W","klasa":"droga zbiorcza","kat":"powiatowa"},"geometry":{"type":"LineString","coordinates":[[21.53806,52.86968],[21.53578,52.86729],[21.53206,52.85892],[21.53161,52.85844],[21.53076,52.85781],[21.52895,52.85549],[21.52851,52.85518],[21.52789,52.85495],[21.52534,52.85428],[21.52412,52.85384],[21.51821,52.85074],[21.51748,52.85019],[21.51445,52.84688]]}},{"type":"Feature","properties":{"numer":"60","klasa":"droga gĹ‚Ăłwna ruchu przyĹ›pieszonego","kat":"krajowa"},"geometry":{"type":"LineString","coordinates":[[21.46881,52.87973],[21.49365,52.87419],[21.52943,52.87054]]}},{"type":"Feature","properties":{"numer":"2572W","klasa":"droga zbiorcza","kat":"powiatowa"},"geometry":{"type":"LineString","coordinates":[[21.46881,52.87973],[21.47734,52.88377],[21.47937,52.88438],[21.48207,52.88435],[21.48438,52.88481],[21.48508,52.88533],[21.48544,52.88571],[21.48746,52.8886],[21.4879,52.88901],[21.48912,52.88963],[21.48982,52.88979],[21.49029,52.88976],[21.49069,52.88987],[21.49181,52.8904],[21.49453,52.8914],[21.49527,52.89182],[21.49623,52.89261],[21.49617,52.89303],[21.49644,52.89356],[21.49802,52.8943],[21.49912,52.89581],[21.50334,52.89642]]}},{"type":"Feature","properties":{"numer":"2572W","klasa":"droga zbiorcza","kat":"powiatowa"},"geometry":{"type":"LineString","coordinates":[[21.50334,52.89642],[21.51134,52.89757],[21.53348,52.90052]]}},{"type":"Feature","properties":{"numer":"2569W","klasa":"droga zbiorcza","kat":"powiatowa"},"geometry":{"type":"LineString","coordinates":[[21.52023,52.92646],[21.52658,52.91681],[21.53357,52.91359],[21.53444,52.91338],[21.53699,52.91307],[21.53847,52.91265]]}},{"type":"Feature","properties":{"numer":"2102W","klasa":"droga zbiorcza","kat":"powiatowa"},"geometry":{"type":"LineString","coordinates":[[21.45652,52.9256],[21.46528,52.92538],[21.46597,52.92544],[21.46703,52.92572],[21.4679,52.92582],[21.46891,52.92579],[21.46993,52.92564],[21.47181,52.92561],[21.47241,52.92585],[21.47276,52.92637],[21.47302,52.92657],[21.48032,52.92998]]}},{"type":"Feature","properties":{"numer":"2102W","klasa":"droga zbiorcza","kat":"powiatowa"},"geometry":{"type":"LineString","coordinates":[[21.48032,52.92998],[21.4861,52.93271],[21.49533,52.92557],[21.5024,52.92653],[21.52023,52.92646]]}},{"type":"Feature","properties":{"numer":"4403W","klasa":"droga zbiorcza","kat":"powiatowa"},"geometry":{"type":"LineString","coordinates":[[21.56448,52.90111],[21.56476,52.9006],[21.56507,52.89951],[21.56691,52.89801]]}},{"type":"Feature","properties":{"numer":"2572W","klasa":"droga zbiorcza","kat":"powiatowa"},"geometry":{"type":"LineString","coordinates":[[21.5336,52.90053],[21.53449,52.90059],[21.53763,52.89879],[21.53814,52.89862],[21.54544,52.89946]]}},{"type":"Feature","properties":{"numer":"2572W","klasa":"droga zbiorcza","kat":"powiatowa"},"geometry":{"type":"LineString","coordinates":[[21.54544,52.89946],[21.55663,52.90085]]}},{"type":"Feature","properties":{"numer":"2572W","klasa":"droga zbiorcza","kat":"powiatowa"},"geometry":{"type":"LineString","coordinates":[[21.53348,52.90052],[21.5336,52.90053]]}},{"type":"Feature","properties":{"numer":"2572W","klasa":"droga zbiorcza","kat":"powiatowa"},"geometry":{"type":"LineString","coordinates":[[21.55663,52.90085],[21.55721,52.90091]]}},{"type":"Feature","properties":{"numer":"4403W","klasa":"droga zbiorcza","kat":"powiatowa"},"geometry":{"type":"LineString","coordinates":[[21.56435,52.90128],[21.56448,52.90111]]}},{"type":"Feature","properties":{"numer":"2572W","klasa":"droga zbiorcza","kat":"powiatowa"},"geometry":{"type":"LineString","coordinates":[[21.55721,52.90091],[21.56083,52.90135],[21.56153,52.90129],[21.56386,52.90176]]}},{"type":"Feature","properties":{"numer":"4403W","klasa":"droga zbiorcza","kat":"powiatowa"},"geometry":{"type":"LineString","coordinates":[[21.56386,52.90176],[21.56435,52.90128]]}},{"type":"Feature","properties":{"numer":"4403W","klasa":"droga zbiorcza","kat":"powiatowa"},"geometry":{"type":"LineString","coordinates":[[21.56578,52.90623],[21.56387,52.90404],[21.56294,52.90358],[21.56279,52.90339],[21.56281,52.90312],[21.5633,52.90235],[21.56386,52.90176]]}},{"type":"Feature","properties":{"numer":"2569W","klasa":"droga zbiorcza","kat":"powiatowa"},"geometry":{"type":"LineString","coordinates":[[21.53847,52.91265],[21.54432,52.91054],[21.55322,52.90411],[21.5571,52.90109],[21.55721,52.90091]]}},{"type":"Feature","properties":{"numer":"2567W","klasa":"droga zbiorcza","kat":"powiatowa"},"geometry":{"type":"LineString","coordinates":[[21.62102,52.9209],[21.63931,52.91481],[21.65509500000031,52.90791756097548]]}},{"type":"Feature","properties":{"numer":"2566W","klasa":"droga zbiorcza","kat":"powiatowa"},"geometry":{"type":"LineString","coordinates":[[21.62102,52.9209],[21.62801,52.92314],[21.63783,52.92295],[21.63965,52.92329],[21.64258,52.92414],[21.64293,52.92428],[21.64326,52.92453],[21.64399,52.92532],[21.64546,52.92967],[21.64587,52.92994],[21.64793,52.93077],[21.64806,52.93088]]}},{"type":"Feature","properties":{"numer":"250305W","klasa":"droga zbiorcza","kat":"powiatowa"},"geometry":{"type":"LineString","coordinates":[[21.65776,52.92671],[21.65155,52.92928]]}},{"type":"Feature","properties":{"numer":"250305W","klasa":"droga zbiorcza","kat":"powiatowa"},"geometry":{"type":"LineString","coordinates":[[21.65155,52.92928],[21.64997,52.92997]]}},{"type":"Feature","properties":{"numer":"250305W","klasa":"droga zbiorcza","kat":"powiatowa"},"geometry":{"type":"LineString","coordinates":[[21.64997,52.92997],[21.64911,52.93035]]}},{"type":"Feature","properties":{"numer":"250305W","klasa":"droga zbiorcza","kat":"powiatowa"},"geometry":{"type":"LineString","coordinates":[[21.64911,52.93035],[21.6486,52.93058]]}},{"type":"Feature","properties":{"numer":"250305W","klasa":"droga zbiorcza","kat":"powiatowa"},"geometry":{"type":"LineString","coordinates":[[21.6486,52.93058],[21.64806,52.93088]]}},{"type":"Feature","properties":{"numer":"2568W","klasa":"droga zbiorcza","kat":"powiatowa"},"geometry":{"type":"LineString","coordinates":[[21.56578,52.90623],[21.58918,52.91099],[21.59483,52.91385],[21.59963,52.91751],[21.60459,52.91939],[21.60714,52.92074],[21.60883,52.9227],[21.60924,52.92359],[21.61224,52.93483],[21.61399,52.94281],[21.62212,52.94826],[21.62713,52.95284],[21.63334,52.95729],[21.63352,52.95746],[21.63257,52.95994],[21.63251,52.96065],[21.63262,52.96094],[21.63276,52.96096],[21.63408,52.96076]]}},{"type":"Feature","properties":{"numer":"2566W","klasa":"droga zbiorcza","kat":"powiatowa"},"geometry":{"type":"LineString","coordinates":[[21.64806,52.93088],[21.64878,52.93348],[21.64967,52.93429],[21.65036,52.93646]]}},{"type":"Feature","properties":{"numer":"2568W","klasa":"droga zbiorcza","kat":"powiatowa"},"geometry":{"type":"LineString","coordinates":[[21.63408,52.96076],[21.63419,52.96073]]}},{"type":"Feature","properties":{"numer":"2568W","klasa":"droga zbiorcza","kat":"powiatowa"},"geometry":{"type":"LineString","coordinates":[[21.63419,52.96073],[21.63478,52.96073],[21.64359,52.96179],[21.64663,52.96246],[21.64826,52.96339],[21.65381,52.96623],[21.65446,52.96976],[21.65347,52.97562],[21.6529,52.97645],[21.65279,52.97687],[21.65272,52.97883],[21.65296,52.98124],[21.6521,52.98484],[21.65169,52.98595]]}},{"type":"Feature","properties":{"numer":"250301W","klasa":"droga zbiorcza","kat":"powiatowa"},"geometry":{"type":"LineString","coordinates":[[21.64677,52.98382],[21.64646,52.98342],[21.64596,52.98318],[21.64296,52.98262],[21.64192,52.98277]]}},{"type":"Feature","properties":{"numer":"250301W","klasa":"droga zbiorcza","kat":"powiatowa"},"geometry":{"type":"LineString","coordinates":[[21.65085,52.98549],[21.65063,52.98539],[21.64917,52.98513],[21.64818,52.98483],[21.64749,52.98448],[21.64677,52.98382]]}},{"type":"Feature","properties":{"numer":"250301W","klasa":"droga zbiorcza","kat":"powiatowa"},"geometry":{"type":"LineString","coordinates":[[21.65169,52.98595],[21.65085,52.98549]]}},{"type":"Feature","properties":{"numer":"2568W","klasa":"droga zbiorcza","kat":"powiatowa"},"geometry":{"type":"LineString","coordinates":[[21.65169,52.98595],[21.65287,52.98651],[21.6555,52.98715]]}},{"type":"Feature","properties":{"numer":"4403W","klasa":"droga zbiorcza","kat":"powiatowa"},"geometry":{"type":"LineString","coordinates":[[21.58941,52.94002],[21.5912,52.94353],[21.59829,52.96636],[21.60029,52.9733],[21.60054,52.97471],[21.59848,52.9816],[21.59703,52.98601],[21.59642,52.98684],[21.58856,52.9959],[21.58819,52.99655],[21.58828,52.99719],[21.58963,53.00068],[21.58971,53.0013],[21.58911,53.01886],[21.58924,53.01958],[21.59003,53.02179],[21.59033,53.02593],[21.58945,53.0279],[21.58937,53.02857],[21.59039,53.03171],[21.5913,53.03386]]}},{"type":"Feature","properties":{"numer":"2568W","klasa":"droga zbiorcza","kat":"powiatowa"},"geometry":{"type":"LineString","coordinates":[[21.6555,52.98715],[21.65177,52.99733],[21.64468,53.00731],[21.64446,53.0074],[21.6442,53.0074],[21.63933,53.00693],[21.63188,53.01045],[21.63012,53.01121],[21.62956,53.01162],[21.62719,53.01407],[21.62681,53.01467],[21.62627,53.01628],[21.62535,53.0169]]}},{"type":"Feature","properties":{"numer":"2568W","klasa":"droga zbiorcza","kat":"powiatowa"},"geometry":{"type":"LineString","coordinates":[[21.62535,53.0169],[21.62401,53.01768]]}},{"type":"Feature","properties":{"numer":"2590W","klasa":"droga zbiorcza","kat":"powiatowa"},"geometry":{"type":"LineString","coordinates":[[21.62535,53.0169],[21.62626,53.0176],[21.62668,53.01774],[21.63071,53.02029],[21.63517,53.02251]]}},{"type":"Feature","properties":{"numer":"2581W","klasa":"droga zbiorcza","kat":"powiatowa"},"geometry":{"type":"LineString","coordinates":[[21.5942,53.03578],[21.59491,53.03516],[21.59576,53.03396],[21.59731,53.03281],[21.59763,53.03263],[21.59838,53.0324],[21.60011,53.031],[21.61129,53.02339],[21.61687,53.02148],[21.62083,53.01946],[21.62175,53.01858],[21.62231,53.01862],[21.62401,53.01768]]}},{"type":"Feature","properties":{"numer":"4403W","klasa":"droga zbiorcza","kat":"powiatowa"},"geometry":{"type":"LineString","coordinates":[[21.56578,52.90623],[21.57782,52.92015]]}},{"type":"Feature","properties":{"numer":"2571W","klasa":"droga zbiorcza","kat":"powiatowa"},"geometry":{"type":"LineString","coordinates":[[21.53847,52.91265],[21.5767,52.92103],[21.57703,52.921],[21.57782,52.92015]]}},{"type":"Feature","properties":{"numer":"4403W","klasa":"droga zbiorcza","kat":"powiatowa"},"geometry":{"type":"LineString","coordinates":[[21.57782,52.92015],[21.58035,52.92307],[21.58941,52.94002]]}},{"type":"Feature","properties":{"numer":"2570W","klasa":"droga zbiorcza","kat":"powiatowa"},"geometry":{"type":"LineString","coordinates":[[21.52642,52.97646],[21.53122,52.97687],[21.5389,52.97594],[21.54361,52.96758],[21.54363,52.96725],[21.54275,52.96594],[21.54256,52.9655],[21.54276,52.96405],[21.5429,52.96375],[21.54349,52.96318],[21.54504,52.96241],[21.54718,52.96101],[21.54809,52.96066],[21.55084,52.95984],[21.55351,52.95833],[21.5561,52.95654],[21.55639,52.95603],[21.55571,52.95299],[21.55652,52.95062],[21.55683,52.95051],[21.55888,52.95032],[21.58646,52.94109],[21.58941,52.94002]]}},{"type":"Feature","properties":{"numer":"2569W","klasa":"droga zbiorcza","kat":"powiatowa"},"geometry":{"type":"LineString","coordinates":[[21.52642,52.97646],[21.52518,52.97634],[21.52462,52.97641],[21.52499,52.97868],[21.52566,52.98525],[21.52527,52.99006],[21.52535,52.99085],[21.52951,53.00496],[21.53007,53.00562],[21.53745,53.01275],[21.53796,53.0133],[21.53809,53.01359],[21.53788,53.01426],[21.53606,53.01633],[21.53582,53.01674],[21.53527,53.01861],[21.53524,53.02032],[21.53671,53.02297],[21.53873,53.02627],[21.54137,53.02959],[21.54251,53.03144],[21.54265,53.0338],[21.54283,53.03463],[21.54277,53.03589],[21.54302,53.03982],[21.54414,53.04427],[21.54587,53.04947]]}},{"type":"Feature","properties":{"numer":"2588W","klasa":"droga zbiorcza","kat":"powiatowa"},"geometry":{"type":"LineString","coordinates":[[21.54751,53.04923],[21.57723,53.04404],[21.58407,53.04159],[21.59271,53.03711]]}},{"type":"Feature","properties":{"numer":"2569W","klasa":"droga zbiorcza","kat":"powiatowa"},"geometry":{"type":"LineString","coordinates":[[21.54587,53.04947],[21.54751,53.04923]]}},{"type":"Feature","properties":{"numer":"","klasa":"droga zbiorcza","kat":"powiatowa"},"geometry":{"type":"LineString","coordinates":[[21.54587,53.04947],[21.54595,53.05079],[21.54626,53.052],[21.54521,53.05629],[21.54528,53.05984],[21.54628,53.06339],[21.5467,53.06418],[21.54757,53.06535]]}},{"type":"Feature","properties":{"numer":"61","klasa":"droga gĹ‚Ăłwna ruchu przyĹ›pieszonego","kat":"krajowa"},"geometry":{"type":"LineString","coordinates":[[21.52454,53.05045],[21.52652,53.05164],[21.52758,53.05247],[21.52806,53.053],[21.53532,53.06655]]}},{"type":"Feature","properties":{"numer":"2569W","klasa":"droga zbiorcza","kat":"powiatowa"},"geometry":{"type":"LineString","coordinates":[[21.54751,53.04923],[21.54871,53.04991],[21.55192,53.05197],[21.55283,53.05265],[21.56313,53.06183],[21.563132125752276,53.06183199999212]]}},{"type":"Feature","properties":{"numer":"2572W","klasa":"droga zbiorcza","kat":"powiatowa"},"geometry":{"type":"LineString","coordinates":[[21.44214,52.8674],[21.44209,52.86746],[21.45029,52.87171],[21.45496,52.87431],[21.45853,52.87555],[21.46118,52.87624],[21.46231,52.87662],[21.46881,52.87973]]}},{"type":"Feature","properties":{"numer":"60","klasa":"droga gĹ‚Ăłwna ruchu przyĹ›pieszonego","kat":"krajowa"},"geometry":{"type":"LineString","coordinates":[[21.431907932660643,52.885125933645746],[21.43446,52.88479],[21.43586,52.88483],[21.44261,52.88536],[21.44412,52.88528],[21.46881,52.87973]]}},{"type":"Feature","properties":{"numer":"2102W","klasa":"","kat":"powiatowa"},"geometry":{"type":"LineString","coordinates":[[21.45634609185612,52.925495619471924],[21.45663,52.92546]]}},{"type":"Feature","properties":{"numer":"250904W","klasa":"droga dojazdowa","kat":"powiatowa"},"geometry":{"type":"LineString","coordinates":[[21.44933,53.02825],[21.44967,53.0284],[21.45007,53.02922],[21.45289,53.03011]]}},{"type":"Feature","properties":{"numer":"2549W","klasa":"droga zbiorcza","kat":"powiatowa"},"geometry":{"type":"LineString","coordinates":[[21.44933,53.02825],[21.44755,53.02863],[21.4451,53.02855],[21.44073,53.02859],[21.43207,53.02934],[21.42767,53.02813],[21.41957,53.02631],[21.41689,53.0268],[21.41356,53.02721],[21.40687,53.02856],[21.40559,53.02891],[21.40215,53.02998],[21.39651,53.03337],[21.39548,53.03367],[21.39108,53.03467],[21.38668,53.04129],[21.38665,53.04167],[21.38694,53.043],[21.38685,53.04328],[21.38439,53.04515],[21.38384,53.04546],[21.38159,53.04629],[21.37995,53.04764],[21.3786,53.0486],[21.37726,53.04919],[21.37542,53.04978],[21.36781909104121,53.05191517126043]]}},{"type":"Feature","properties":{"numer":"2549W","klasa":"droga zbiorcza","kat":"powiatowa"},"geometry":{"type":"LineString","coordinates":[[21.362974843123272,53.05368483153578],[21.36281,53.05376]]}},{"type":"Feature","properties":{"numer":"626","klasa":"droga zbiorcza","kat":"wojewodzka"},"geometry":{"type":"LineString","coordinates":[[21.39045,53.06923],[21.38681,53.06625],[21.37937,53.06173],[21.36281,53.05376]]}},{"type":"Feature","properties":{"numer":"626","klasa":"droga zbiorcza","kat":"wojewodzka"},"geometry":{"type":"LineString","coordinates":[[21.41092,53.08473],[21.41045,53.08418],[21.39943,53.0763],[21.39545,53.07334],[21.39045,53.06923]]}},{"type":"Feature","properties":{"numer":"544","klasa":"droga gĹ‚Ăłwna","kat":"wojewodzka"},"geometry":{"type":"LineString","coordinates":[[21.41143,53.08564],[21.41092,53.08473]]}},{"type":"Feature","properties":{"numer":"626","klasa":"droga zbiorcza","kat":"wojewodzka"},"geometry":{"type":"LineString","coordinates":[[21.343659802410432,53.044601535623514],[21.34375,53.04465],[21.34469,53.04491],[21.346246075337266,53.04504385594299]]}},{"type":"Feature","properties":{"numer":"626","klasa":"droga zbiorcza","kat":"wojewodzka"},"geometry":{"type":"LineString","coordinates":[[21.358758188057394,53.05172035907296],[21.36281,53.05376]]}},{"type":"Feature","properties":{"numer":"544","klasa":"droga gĹ‚Ăłwna","kat":"wojewodzka"},"geometry":{"type":"LineString","coordinates":[[21.32488,53.08523],[21.3304,53.08501],[21.33465,53.08509],[21.33548,53.08504],[21.34043,53.08388],[21.3473,53.08267],[21.34987,53.08229],[21.35127,53.08178],[21.3547,53.08325],[21.35524,53.0834],[21.37158,53.08563],[21.3757,53.08667],[21.37885,53.08733],[21.38521,53.08753],[21.38874,53.08773],[21.39161,53.08801]]}},{"type":"Feature","properties":{"numer":"2546W","klasa":"droga zbiorcza","kat":"powiatowa"},"geometry":{"type":"LineString","coordinates":[[21.32829,53.1136],[21.32617,53.11238],[21.323,53.10977],[21.32119,53.10725],[21.31907,53.10483],[21.31797,53.10428],[21.31281,53.10205],[21.31257,53.10188],[21.31313,53.0993],[21.3127,53.0974],[21.31509,53.09539],[21.31576,53.09469],[21.31666,53.09288],[21.31737,53.09179],[21.31822,53.09109],[21.32013,53.09003],[21.32154,53.08852],[21.32387,53.08664],[21.32468,53.0857],[21.32488,53.08523]]}},{"type":"Feature","properties":{"numer":"2545W","klasa":"droga zbiorcza","kat":"powiatowa"},"geometry":{"type":"LineString","coordinates":[[21.32829,53.1136],[21.33566,53.11761]]}},{"type":"Feature","properties":{"numer":"2545W","klasa":"droga zbiorcza","kat":"powiatowa"},"geometry":{"type":"LineString","coordinates":[[21.33566,53.11761],[21.33624,53.11793]]}},{"type":"Feature","properties":{"numer":"544","klasa":"droga gĹ‚Ăłwna","kat":"wojewodzka"},"geometry":{"type":"LineString","coordinates":[[21.274443005476456,53.08425954874041],[21.27507,53.0843],[21.27757,53.08433],[21.29263,53.08312],[21.29508,53.08295],[21.29626,53.08293],[21.2976,53.083],[21.30037,53.08336],[21.30097,53.0835],[21.30294,53.08418],[21.30434,53.08441],[21.31173,53.08485],[21.32488,53.08523]]}},{"type":"Feature","properties":{"numer":"2545W","klasa":"droga zbiorcza","kat":"powiatowa"},"geometry":{"type":"LineString","coordinates":[[21.22687,53.14162],[21.22742,53.1403],[21.2277,53.13989],[21.22971,53.13842],[21.23168,53.1374],[21.2345,53.13645],[21.23617,53.13605],[21.24383,53.13491],[21.24538,53.13461],[21.24666,53.13414],[21.24776,53.133],[21.24808,53.1329],[21.24943,53.13344],[21.25066,53.13379],[21.25371,53.1333],[21.25658,53.13321],[21.26101,53.13282],[21.26203,53.13023],[21.26297,53.12908],[21.26563,53.12637],[21.2677,53.12223],[21.26786,53.12208],[21.26944,53.1222],[21.27272,53.1217],[21.27476,53.12157],[21.27706,53.12129],[21.27998,53.12072],[21.28375,53.12015],[21.28578,53.1199],[21.29365,53.11916],[21.29467,53.11921],[21.29572,53.11946],[21.29774,53.12038],[21.29998,53.12083],[21.3007,53.1214],[21.30107,53.12153],[21.30152,53.12151],[21.30384,53.121],[21.30634,53.12101],[21.30682,53.1209],[21.31247,53.11865],[21.32302,53.11522],[21.32786,53.11368],[21.32829,53.1136]]}},{"type":"Feature","properties":{"numer":"3227W","klasa":"droga zbiorcza","kat":"powiatowa"},"geometry":{"type":"LineString","coordinates":[[21.2267,53.1417],[21.22798,53.14245],[21.23214,53.14696],[21.23659,53.14996],[21.24214,53.15416],[21.24575,53.15661],[21.24666,53.15703],[21.24783,53.15737],[21.24872,53.15749],[21.2511,53.15756],[21.2523,53.15789],[21.26237,53.16263],[21.26966,53.16795],[21.27538,53.16983]]}},{"type":"Feature","properties":{"numer":"3227W","klasa":"droga zbiorcza","kat":"powiatowa"},"geometry":{"type":"LineString","coordinates":[[21.27538,53.16983],[21.28563,53.17325],[21.29153,53.17458],[21.29579,53.17516],[21.29634,53.17535],[21.29675,53.17562]]}},{"type":"Feature","properties":{"numer":"2578W","klasa":"droga zbiorcza","kat":"powiatowa"},"geometry":{"type":"LineString","coordinates":[[21.29488,53.18842],[21.29297,53.19042],[21.29268,53.19065],[21.2924,53.19073],[21.29049,53.19086],[21.28759,53.19089],[21.28486,53.19059],[21.28353,53.19059],[21.2831,53.19072],[21.28226,53.19126],[21.28174,53.19149],[21.27742,53.19218],[21.27679,53.19238],[21.27626,53.19281],[21.27348,53.1958],[21.27272,53.19642],[21.27194,53.1968],[21.2649,53.19935],[21.26406,53.19975],[21.26351,53.20031],[21.25807,53.20691],[21.25726,53.20741]]}},{"type":"Feature","properties":{"numer":"544","klasa":"droga gĹ‚Ăłwna","kat":"wojewodzka"},"geometry":{"type":"LineString","coordinates":[[21.4115,53.08577],[21.41143,53.08564]]}},{"type":"Feature","properties":{"numer":"544","klasa":"droga gĹ‚Ăłwna","kat":"wojewodzka"},"geometry":{"type":"LineString","coordinates":[[21.41154,53.08583],[21.4115,53.08577]]}},{"type":"Feature","properties":{"numer":"544","klasa":"droga gĹ‚Ăłwna","kat":"wojewodzka"},"geometry":{"type":"LineString","coordinates":[[21.41196,53.08579],[21.41165,53.08582]]}},{"type":"Feature","properties":{"numer":"544","klasa":"droga gĹ‚Ăłwna","kat":"wojewodzka"},"geometry":{"type":"LineString","coordinates":[[21.41165,53.08582],[21.41154,53.08583]]}},{"type":"Feature","properties":{"numer":"544","klasa":"droga gĹ‚Ăłwna","kat":"wojewodzka"},"geometry":{"type":"LineString","coordinates":[[21.39161,53.08801],[21.39701,53.08817],[21.39848,53.08809],[21.4047,53.08665],[21.40697,53.08606],[21.40974,53.0853],[21.41092,53.08473]]}},{"type":"Feature","properties":{"numer":"2543W","klasa":"droga zbiorcza","kat":"powiatowa"},"geometry":{"type":"LineString","coordinates":[[21.4156,53.10539],[21.41438,53.09971],[21.41462,53.09571],[21.41449,53.09345],[21.41294,53.08997],[21.41154,53.08583]]}},{"type":"Feature","properties":{"numer":"2545W","klasa":"droga zbiorcza","kat":"powiatowa"},"geometry":{"type":"LineString","coordinates":[[21.35019,53.11745],[21.35334,53.11651],[21.35657,53.11588],[21.35581,53.11421],[21.35571,53.11354],[21.35596,53.11304],[21.35755,53.11117],[21.35905,53.11022],[21.36027,53.10957],[21.36574,53.10759],[21.36671,53.1071],[21.36798,53.10476],[21.36851,53.10417],[21.36992,53.10304],[21.37243,53.10143],[21.37282,53.10093],[21.3728,53.10044],[21.37086,53.09822],[21.37798,53.09663],[21.39286,53.09036],[21.39287,53.09021],[21.39161,53.08801]]}},{"type":"Feature","properties":{"numer":"2543W","klasa":"droga zbiorcza","kat":"powiatowa"},"geometry":{"type":"LineString","coordinates":[[21.4156,53.10547],[21.4156,53.10539]]}},{"type":"Feature","properties":{"numer":"2543W","klasa":"droga zbiorcza","kat":"powiatowa"},"geometry":{"type":"LineString","coordinates":[[21.41689,53.11635],[21.41662,53.11592],[21.41472,53.11058],[21.41462,53.11],[21.4147,53.10896],[21.41556,53.10595],[21.4156,53.10547]]}},{"type":"Feature","properties":{"numer":"2543W","klasa":"droga zbiorcza","kat":"powiatowa"},"geometry":{"type":"LineString","coordinates":[[21.41689,53.11635],[21.40832,53.1173],[21.40169,53.11786],[21.39843,53.11795],[21.39483,53.11792],[21.39325,53.118],[21.39251,53.11811],[21.39137,53.1184],[21.38999,53.11909]]}},{"type":"Feature","properties":{"numer":"2545W","klasa":"droga zbiorcza","kat":"powiatowa"},"geometry":{"type":"LineString","coordinates":[[21.33624,53.11793],[21.33755,53.11857],[21.33841,53.11886],[21.34063,53.11903],[21.3415,53.11904],[21.34265,53.11888],[21.34676,53.11795],[21.35019,53.11745]]}},{"type":"Feature","properties":{"numer":"2543W","klasa":"droga zbiorcza","kat":"powiatowa"},"geometry":{"type":"LineString","coordinates":[[21.34929,53.12023],[21.35019,53.11745]]}},{"type":"Feature","properties":{"numer":"2543W","klasa":"droga zbiorcza","kat":"powiatowa"},"geometry":{"type":"LineString","coordinates":[[21.34927,53.12026],[21.34929,53.12023]]}},{"type":"Feature","properties":{"numer":"2543W","klasa":"droga zbiorcza","kat":"powiatowa"},"geometry":{"type":"LineString","coordinates":[[21.37231,53.12269],[21.37045,53.12465],[21.36997,53.12489],[21.36809,53.12538],[21.36505,53.12589],[21.35361,53.12892],[21.35201,53.12906],[21.35067,53.12908],[21.34979,53.12901],[21.34824,53.12871],[21.34356,53.12688],[21.34697,53.12249],[21.34766,53.12145],[21.34815,53.12099],[21.34927,53.12026]]}},{"type":"Feature","properties":{"numer":"2544W","klasa":"droga zbiorcza","kat":"powiatowa"},"geometry":{"type":"LineString","coordinates":[[21.29675,53.17562],[21.29729,53.17542],[21.30438,53.17352],[21.30577,53.1733],[21.31619,53.16575],[21.31759,53.16504],[21.31894,53.16452],[21.32049,53.16403],[21.3296,53.16131],[21.3311,53.16094],[21.33515,53.15904],[21.33597,53.15852],[21.33793,53.15686],[21.3445,53.15407],[21.34602,53.15312],[21.3464,53.15281],[21.34672,53.15237],[21.34811,53.14928],[21.34863,53.14879],[21.35024,53.14759],[21.35198,53.14704],[21.3541,53.14608],[21.35685,53.14569],[21.35754,53.14548],[21.35984,53.14445],[21.36249,53.14349],[21.36417,53.14263],[21.36631,53.14194],[21.36821,53.14104],[21.37067,53.1403],[21.37796,53.13688],[21.37857,53.13628],[21.38006,53.13404],[21.38042,53.13377],[21.38272,53.13254],[21.38189,53.1284],[21.38199,53.12793],[21.38458,53.1252],[21.38826,53.12018],[21.38867,53.11984],[21.38999,53.11909]]}},{"type":"Feature","properties":{"numer":"2536W","klasa":"droga zbiorcza","kat":"powiatowa"},"geometry":{"type":"LineString","coordinates":[[21.29675,53.17562],[21.30032,53.18073]]}},{"type":"Feature","properties":{"numer":"2536W","klasa":"droga zbiorcza","kat":"powiatowa"},"geometry":{"type":"LineString","coordinates":[[21.30032,53.18073],[21.30038,53.18082]]}},{"type":"Feature","properties":{"numer":"2536W","klasa":"droga zbiorcza","kat":"powiatowa"},"geometry":{"type":"LineString","coordinates":[[21.30112,53.18171],[21.30318,53.1824],[21.30417,53.1824],[21.31097,53.18105],[21.31663,53.18045],[21.31727,53.18029],[21.31938,53.17948],[21.32492,53.17846],[21.3405,53.17875],[21.34174,53.17884],[21.34296,53.17916],[21.34379,53.17946],[21.34558,53.18028],[21.3528,53.1801],[21.35346,53.18021],[21.3563,53.18106],[21.35667,53.18141],[21.3579,53.18306],[21.35821,53.18327],[21.35872,53.18344]]}},{"type":"Feature","properties":{"numer":"2536W","klasa":"droga zbiorcza","kat":"powiatowa"},"geometry":{"type":"LineString","coordinates":[[21.30038,53.18082],[21.30112,53.18171]]}},{"type":"Feature","properties":{"numer":"2577W","klasa":"droga zbiorcza","kat":"powiatowa"},"geometry":{"type":"LineString","coordinates":[[21.30314,53.18439],[21.30143,53.18244],[21.30107,53.1819],[21.30112,53.18171]]}},{"type":"Feature","properties":{"numer":"2569W","klasa":"droga zbiorcza","kat":"powiatowa"},"geometry":{"type":"LineString","coordinates":[[21.52642,52.97646],[21.52573,52.97054],[21.52503,52.96812],[21.52438,52.96353],[21.52417,52.9625],[21.52381,52.96154],[21.52352,52.9592],[21.52221,52.95492],[21.51915,52.94917],[21.52022,52.94663],[21.52028,52.94625],[21.52012,52.92767],[21.52013,52.92668],[21.52023,52.92646]]}},{"type":"Feature","properties":{"numer":"53","klasa":"droga gĹ‚Ăłwna ruchu przyĹ›pieszonego","kat":"krajowa"},"geometry":{"type":"LineString","coordinates":[[21.47618697462484,52.991271180127136],[21.4762,52.99128]]}},{"type":"Feature","properties":{"numer":"61","klasa":"droga gĹ‚Ăłwna ruchu przyĹ›pieszonego","kat":"krajowa"},"geometry":{"type":"LineString","coordinates":[[21.4762,52.99128],[21.47699,52.99204],[21.47921,52.99572],[21.49095,53.01649]]}},{"type":"Feature","properties":{"numer":"2549W","klasa":"droga zbiorcza","kat":"powiatowa"},"geometry":{"type":"LineString","coordinates":[[21.49095,53.01649],[21.47906,53.01954],[21.4778,53.02047],[21.47,53.02554],[21.46952,53.02578],[21.46775,53.02587],[21.4661,53.02643],[21.4651,53.02664],[21.46189,53.02698],[21.45999,53.02681],[21.45777,53.02644],[21.45561,53.02707],[21.45394,53.02747],[21.44933,53.02825]]}},{"type":"Feature","properties":{"numer":"61","klasa":"droga gĹ‚Ăłwna ruchu przyĹ›pieszonego","kat":"krajowa"},"geometry":{"type":"LineString","coordinates":[[21.49095,53.01649],[21.49326,53.02053],[21.50028,53.03214],[21.50092,53.03267],[21.50163,53.03307],[21.5171,53.04058],[21.51778,53.04099],[21.51849,53.04166],[21.51886,53.04231],[21.51929,53.04533]]}},{"type":"Feature","properties":{"numer":"2548W","klasa":"droga zbiorcza","kat":"powiatowa"},"geometry":{"type":"LineString","coordinates":[[21.45748,53.04397],[21.45764,53.04403],[21.46159,53.04368],[21.46339,53.04368],[21.46447,53.04375],[21.46771,53.04373],[21.46937,53.04339],[21.46995,53.04336],[21.47388,53.04412],[21.47455,53.04436],[21.47595,53.04505],[21.47651,53.04522],[21.47983,53.04541],[21.47994,53.046],[21.4801,53.04608],[21.48604,53.04621],[21.48638,53.04643],[21.48751,53.04802],[21.48779,53.04814],[21.5018,53.04448],[21.50435,53.04494],[21.50543,53.0453],[21.50636,53.04526],[21.50692,53.04534],[21.50931,53.04608],[21.51005,53.04675],[21.51929,53.04533]]}},{"type":"Feature","properties":{"numer":"61","klasa":"droga gĹ‚Ăłwna ruchu przyĹ›pieszonego","kat":"krajowa"},"geometry":{"type":"LineString","coordinates":[[21.51929,53.04533],[21.51979,53.04615],[21.52178,53.04837]]}},{"type":"Feature","properties":{"numer":"61","klasa":"droga gĹ‚Ăłwna ruchu przyĹ›pieszonego","kat":"krajowa"},"geometry":{"type":"LineString","coordinates":[[21.52178,53.04837],[21.52182,53.04841]]}},{"type":"Feature","properties":{"numer":"61","klasa":"droga gĹ‚Ăłwna ruchu przyĹ›pieszonego","kat":"krajowa"},"geometry":{"type":"LineString","coordinates":[[21.52182,53.04841],[21.52284,53.0494],[21.52449,53.05042]]}},{"type":"Feature","properties":{"numer":"61","klasa":"droga gĹ‚Ăłwna ruchu przyĹ›pieszonego","kat":"krajowa"},"geometry":{"type":"LineString","coordinates":[[21.52449,53.05042],[21.52454,53.05045]]}},{"type":"Feature","properties":{"numer":"2590W","klasa":"droga zbiorcza","kat":"powiatowa"},"geometry":{"type":"LineString","coordinates":[[21.63517,53.02251],[21.64285,53.02634],[21.6438,53.02987],[21.64705,53.03236]]}},{"type":"Feature","properties":{"numer":"2568W","klasa":"droga zbiorcza","kat":"powiatowa"},"geometry":{"type":"LineString","coordinates":[[21.62401,53.01768],[21.62459,53.01807],[21.62689,53.02013],[21.62784,53.02355],[21.62877,53.02778],[21.62689,53.03368],[21.62429,53.04115],[21.62264,53.04543],[21.62217,53.04644],[21.62056,53.04759]]}},{"type":"Feature","properties":{"numer":"2550W","klasa":"droga zbiorcza","kat":"powiatowa"},"geometry":{"type":"LineString","coordinates":[[21.5942,53.03578],[21.5916,53.03392],[21.5913,53.03386]]}},{"type":"Feature","properties":{"numer":"4403W","klasa":"droga zbiorcza","kat":"powiatowa"},"geometry":{"type":"LineString","coordinates":[[21.5913,53.03386],[21.59271,53.03711]]}},{"type":"Feature","properties":{"numer":"2550W","klasa":"droga zbiorcza","kat":"powiatowa"},"geometry":{"type":"LineString","coordinates":[[21.62056,53.04759],[21.61623,53.04578],[21.61555,53.04457],[21.6149,53.04392],[21.60779,53.03806],[21.60703,53.03783],[21.60069,53.03723],[21.59995,53.03704],[21.59604,53.03651],[21.59464,53.03613],[21.5942,53.03578]]}},{"type":"Feature","properties":{"numer":"627","klasa":"droga gĹ‚Ăłwna","kat":"wojewodzka"},"geometry":{"type":"LineString","coordinates":[[21.66505,53.04221],[21.662,53.04314],[21.65797,53.04425],[21.65143,53.04463],[21.64971,53.04509],[21.64629,53.04694],[21.63849,53.0521]]}},{"type":"Feature","properties":{"numer":"4403W","klasa":"droga zbiorcza","kat":"powiatowa"},"geometry":{"type":"LineString","coordinates":[[21.59271,53.03711],[21.59391,53.03989],[21.59389,53.04074],[21.59117,53.04687],[21.59075,53.04744],[21.58998,53.04815],[21.58961,53.04869],[21.588973289257044,53.04999530845365]]}},{"type":"Feature","properties":{"numer":"2550W","klasa":"droga zbiorcza","kat":"powiatowa"},"geometry":{"type":"LineString","coordinates":[[21.63849,53.0521],[21.62744,53.05007],[21.62701,53.05004],[21.62544,53.04926],[21.62303,53.04861],[21.62056,53.04759]]}},{"type":"Feature","properties":{"numer":"250904W","klasa":"droga dojazdowa","kat":"powiatowa"},"geometry":{"type":"LineString","coordinates":[[21.45303,53.03026],[21.45289,53.03011]]}},{"type":"Feature","properties":{"numer":"250904W","klasa":"droga dojazdowa","kat":"powiatowa"},"geometry":{"type":"LineString","coordinates":[[21.45274,53.03164],[21.4532,53.03135],[21.45336,53.03098],[21.45328,53.03061],[21.45303,53.03026]]}},{"type":"Feature","properties":{"numer":"250904W","klasa":"droga dojazdowa","kat":"powiatowa"},"geometry":{"type":"LineString","coordinates":[[21.45214,53.03273],[21.45214,53.03232],[21.45274,53.03164]]}},{"type":"Feature","properties":{"numer":"250904W","klasa":"droga dojazdowa","kat":"powiatowa"},"geometry":{"type":"LineString","coordinates":[[21.45212,53.03336],[21.45214,53.03273]]}},{"type":"Feature","properties":{"numer":"250904W","klasa":"droga dojazdowa","kat":"powiatowa"},"geometry":{"type":"LineString","coordinates":[[21.45308,53.03571],[21.45281,53.035],[21.45269,53.03407],[21.45212,53.03336]]}},{"type":"Feature","properties":{"numer":"250904W","klasa":"droga dojazdowa","kat":"powiatowa"},"geometry":{"type":"LineString","coordinates":[[21.45332,53.03638],[21.45309,53.03622],[21.45308,53.03571]]}},{"type":"Feature","properties":{"numer":"250904W","klasa":"droga dojazdowa","kat":"powiatowa"},"geometry":{"type":"LineString","coordinates":[[21.45392,53.03655],[21.45332,53.03638]]}},{"type":"Feature","properties":{"numer":"250904W","klasa":"droga dojazdowa","kat":"powiatowa"},"geometry":{"type":"LineString","coordinates":[[21.45743,53.04187],[21.45711,53.03976],[21.45561,53.03932],[21.45392,53.03655]]}},{"type":"Feature","properties":{"numer":"250904W","klasa":"droga dojazdowa","kat":"powiatowa"},"geometry":{"type":"LineString","coordinates":[[21.45743,53.04187],[21.45738,53.04394],[21.45748,53.04397]]}},{"type":"Feature","properties":{"numer":"2547W","klasa":"droga zbiorcza","kat":"powiatowa"},"geometry":{"type":"LineString","coordinates":[[21.39045,53.06923],[21.40089,53.06571],[21.40964,53.06461],[21.41213,53.06416],[21.4125,53.06419],[21.41274,53.06446],[21.41365,53.06442],[21.41505,53.06385],[21.41758,53.06344],[21.41771,53.06325],[21.41719,53.06156],[21.41901,53.06137],[21.43192,53.06149],[21.43845,53.06147],[21.44184,53.06123],[21.44384,53.06049],[21.44553,53.06061],[21.44765,53.061],[21.45693,53.06216],[21.45825,53.0625],[21.46402,53.0635],[21.46518,53.0639],[21.46664,53.06457],[21.46729,53.06475],[21.46785,53.06479],[21.47319,53.0645],[21.47448,53.0646],[21.47807,53.06569],[21.47963,53.06582],[21.48466,53.06681],[21.4858,53.06708],[21.48801,53.06778],[21.49599,53.06896],[21.49773,53.06908],[21.4995,53.06887],[21.5022,53.06873],[21.50598,53.06838],[21.51006,53.06794]]}},{"type":"Feature","properties":{"numer":"2551W","klasa":"droga zbiorcza","kat":"powiatowa"},"geometry":{"type":"LineString","coordinates":[[21.64498,53.05331],[21.63849,53.0521]]}},{"type":"Feature","properties":{"numer":"2551W","klasa":"droga zbiorcza","kat":"powiatowa"},"geometry":{"type":"LineString","coordinates":[[21.64498,53.05331],[21.64506,53.05333]]}},{"type":"Feature","properties":{"numer":"2551W","klasa":"droga zbiorcza","kat":"powiatowa"},"geometry":{"type":"LineString","coordinates":[[21.65365,53.05714],[21.65338,53.05673],[21.6529,53.05636],[21.65058,53.05553],[21.64993,53.05513],[21.64736,53.05404],[21.64506,53.05333]]}},{"type":"Feature","properties":{"numer":"627","klasa":"droga gĹ‚Ăłwna","kat":"wojewodzka"},"geometry":{"type":"LineString","coordinates":[[21.63849,53.0521],[21.631631551049523,53.05656523444067]]}},{"type":"Feature","properties":{"numer":"2551W","klasa":"droga zbiorcza","kat":"powiatowa"},"geometry":{"type":"LineString","coordinates":[[21.65368,53.05719],[21.65365,53.05714]]}},{"type":"Feature","properties":{"numer":"5117W","klasa":"droga zbiorcza","kat":"powiatowa"},"geometry":{"type":"LineString","coordinates":[[21.620007275766827,53.06346579735427],[21.62003,53.06348]]}},{"type":"Feature","properties":{"numer":"2584W","klasa":"droga zbiorcza","kat":"powiatowa"},"geometry":{"type":"LineString","coordinates":[[21.63978,53.06615],[21.64819,53.06447],[21.65255,53.06368],[21.65314,53.0635],[21.65627,53.0622],[21.66217,53.06091],[21.66256,53.06071]]}},{"type":"Feature","properties":{"numer":"2584W","klasa":"droga zbiorcza","kat":"powiatowa"},"geometry":{"type":"LineString","coordinates":[[21.63968,53.06617],[21.63978,53.06615]]}},{"type":"Feature","properties":{"numer":"5113W","klasa":"","kat":"powiatowa"},"geometry":{"type":"LineString","coordinates":[[21.6097736297563,53.06839213339034],[21.61008,53.06853]]}},{"type":"Feature","properties":{"numer":"61","klasa":"droga gĹ‚Ăłwna ruchu przyĹ›pieszonego","kat":"krajowa"},"geometry":{"type":"LineString","coordinates":[[21.53532,53.06655],[21.537046786731054,53.069825961112635]]}},{"type":"Feature","properties":{"numer":"","klasa":"droga wewnÄ™trzna","kat":"gminna"},"geometry":{"type":"LineString","coordinates":[[21.61008,53.06853],[21.61019,53.06859]]}},{"type":"Feature","properties":{"numer":"2584W","klasa":"droga zbiorcza","kat":"powiatowa"},"geometry":{"type":"LineString","coordinates":[[21.61701,53.07195],[21.63381,53.06747],[21.63968,53.06617]]}},{"type":"Feature","properties":{"numer":"","klasa":"droga wewnÄ™trzna","kat":"gminna"},"geometry":{"type":"LineString","coordinates":[[21.61019,53.06859],[21.61263,53.06981]]}},{"type":"Feature","properties":{"numer":"","klasa":"droga wewnÄ™trzna","kat":"gminna"},"geometry":{"type":"LineString","coordinates":[[21.61263,53.06981],[21.61701,53.07195]]}},{"type":"Feature","properties":{"numer":"2584W","klasa":"droga zbiorcza","kat":"powiatowa"},"geometry":{"type":"LineString","coordinates":[[21.60792471605011,53.07431922275418],[21.61701,53.07195]]}},{"type":"Feature","properties":{"numer":"2547W","klasa":"droga zbiorcza","kat":"powiatowa"},"geometry":{"type":"LineString","coordinates":[[21.51121,53.06811],[21.51122,53.06797],[21.51089,53.06769],[21.51057,53.06771],[21.51006,53.06794]]}},{"type":"Feature","properties":{"numer":"2547W","klasa":"droga zbiorcza","kat":"powiatowa"},"geometry":{"type":"LineString","coordinates":[[21.51121,53.06811],[21.51188,53.06834],[21.51822,53.06948],[21.52016,53.06885],[21.52308,53.06824],[21.5256,53.06784],[21.53073,53.06731],[21.53532,53.06655]]}},{"type":"Feature","properties":{"numer":"2547W","klasa":"droga zbiorcza","kat":"powiatowa"},"geometry":{"type":"LineString","coordinates":[[21.51006,53.06794],[21.51069,53.06796],[21.51121,53.06811]]}},{"type":"Feature","properties":{"numer":"544","klasa":"droga gĹ‚Ăłwna","kat":"wojewodzka"},"geometry":{"type":"LineString","coordinates":[[21.52619,53.08148],[21.5281,53.08041],[21.52887,53.08025]]}},{"type":"Feature","properties":{"numer":"544","klasa":"droga gĹ‚Ăłwna","kat":"wojewodzka"},"geometry":{"type":"LineString","coordinates":[[21.51668,53.08604],[21.51896,53.0854],[21.51998,53.085],[21.52619,53.08148]]}},{"type":"Feature","properties":{"numer":"544","klasa":"droga gĹ‚Ăłwna","kat":"wojewodzka"},"geometry":{"type":"LineString","coordinates":[[21.41196,53.08579],[21.41309,53.08554],[21.41726,53.08374],[21.41957,53.08311],[21.42334,53.08257],[21.4257,53.08261],[21.42932,53.08219],[21.43053,53.08214],[21.45379,53.08467],[21.45509,53.08497],[21.45707,53.08571],[21.45813,53.08593],[21.47539,53.08735],[21.47785,53.08738],[21.47926,53.08727],[21.4857,53.0863],[21.48768,53.08608],[21.49003,53.0861],[21.49511,53.08635],[21.51266,53.08679],[21.51405,53.08672],[21.51529,53.08644]]}},{"type":"Feature","properties":{"numer":"544","klasa":"droga gĹ‚Ăłwna","kat":"wojewodzka"},"geometry":{"type":"LineString","coordinates":[[21.51599,53.08624],[21.51668,53.08604]]}},{"type":"Feature","properties":{"numer":"544","klasa":"droga gĹ‚Ăłwna","kat":"wojewodzka"},"geometry":{"type":"LineString","coordinates":[[21.51529,53.08644],[21.51599,53.08624]]}},{"type":"Feature","properties":{"numer":"2542W","klasa":"droga zbiorcza","kat":"powiatowa"},"geometry":{"type":"LineString","coordinates":[[21.51599,53.08624],[21.51601,53.0865],[21.51568,53.08674],[21.51544,53.0868]]}},{"type":"Feature","properties":{"numer":"2542W","klasa":"droga zbiorcza","kat":"powiatowa"},"geometry":{"type":"LineString","coordinates":[[21.51529,53.08644],[21.51544,53.0868]]}},{"type":"Feature","properties":{"numer":"544","klasa":"droga gĹ‚Ăłwna","kat":"wojewodzka"},"geometry":{"type":"LineString","coordinates":[[21.53278,53.08089],[21.53425,53.08112],[21.53521,53.08106],[21.54035247522923,53.08005643816739]]}},{"type":"Feature","properties":{"numer":"544","klasa":"droga gĹ‚Ăłwna","kat":"wojewodzka"},"geometry":{"type":"LineString","coordinates":[[21.52887,53.08025],[21.52937,53.08029],[21.53209,53.08077]]}},{"type":"Feature","properties":{"numer":"544","klasa":"droga gĹ‚Ăłwna","kat":"wojewodzka"},"geometry":{"type":"LineString","coordinates":[[21.53209,53.08077],[21.53278,53.08089]]}},{"type":"Feature","properties":{"numer":"3227W","klasa":"droga zbiorcza","kat":"powiatowa"},"geometry":{"type":"LineString","coordinates":[[21.181814950321353,53.11454975554171],[21.1945,53.12169],[21.21451,53.13309],[21.22497,53.14078],[21.2267,53.1417]]}},{"type":"Feature","properties":{"numer":"2545W","klasa":"droga zbiorcza","kat":"powiatowa"},"geometry":{"type":"LineString","coordinates":[[21.2267,53.1417],[21.22687,53.14162]]}},{"type":"Feature","properties":{"numer":"2580W","klasa":"droga zbiorcza","kat":"powiatowa"},"geometry":{"type":"LineString","coordinates":[[21.18201,53.17578],[21.19961,53.1751],[21.21518,53.1743],[21.22245,53.17423],[21.23768,53.17296],[21.24629,53.17277],[21.24806,53.17295],[21.25065,53.17307],[21.25388,53.17295],[21.25586,53.17309],[21.2568,53.17308],[21.26316,53.17248],[21.268,53.17192],[21.26965,53.17126],[21.27171,53.17058],[21.27538,53.16983]]}},{"type":"Feature","properties":{"numer":"2579W","klasa":"droga zbiorcza","kat":"powiatowa"},"geometry":{"type":"LineString","coordinates":[[21.18201,53.17578],[21.18348,53.17769],[21.18453,53.17982],[21.18734,53.18394],[21.18831,53.18589],[21.18908,53.18822],[21.18971,53.1923],[21.19011,53.19342],[21.18954,53.19537],[21.19029,53.19775],[21.19268,53.20118],[21.19388,53.20249],[21.19431,53.20393],[21.19458,53.20447],[21.19496,53.20472],[21.19693,53.20563],[21.19727,53.20588],[21.19747,53.20727],[21.19778,53.20772],[21.19811,53.20789],[21.19931,53.20812],[21.20422,53.20812],[21.20675,53.20852],[21.2075,53.20883],[21.21042,53.21075],[21.21138,53.21125],[21.21309,53.21196],[21.22097,53.21271],[21.22299,53.21238],[21.22378,53.21247]]}},{"type":"Feature","properties":{"numer":"2579W","klasa":"droga zbiorcza","kat":"powiatowa"},"geometry":{"type":"LineString","coordinates":[[21.22378,53.21247],[21.22389,53.21249]]}},{"type":"Feature","properties":{"numer":"2514W","klasa":"droga zbiorcza","kat":"powiatowa"},"geometry":{"type":"LineString","coordinates":[[21.22652,53.26437],[21.22603,53.26411],[21.22428,53.264],[21.22383,53.2639],[21.2159,53.2601],[21.20435,53.25531],[21.18867,53.24711],[21.18773,53.24688],[21.17832,53.24533],[21.17322,53.24414],[21.17239,53.24403],[21.16964,53.24387],[21.1688,53.24371],[21.16803,53.24345]]}},{"type":"Feature","properties":{"numer":"2514W","klasa":"droga zbiorcza","kat":"powiatowa"},"geometry":{"type":"LineString","coordinates":[[21.22686,53.26469],[21.22652,53.26437]]}},{"type":"Feature","properties":{"numer":"2514W","klasa":"droga zbiorcza","kat":"powiatowa"},"geometry":{"type":"LineString","coordinates":[[21.2279,53.2652],[21.22686,53.26469]]}},{"type":"Feature","properties":{"numer":"2514W","klasa":"droga zbiorcza","kat":"powiatowa"},"geometry":{"type":"LineString","coordinates":[[21.22832,53.26535],[21.2279,53.2652]]}},{"type":"Feature","properties":{"numer":"3239W","klasa":"droga zbiorcza","kat":"powiatowa"},"geometry":{"type":"LineString","coordinates":[[21.16994,53.19556],[21.16926,53.19566],[21.168757512927648,53.19578196288164]]}},{"type":"Feature","properties":{"numer":"2514W","klasa":"droga zbiorcza","kat":"powiatowa"},"geometry":{"type":"LineString","coordinates":[[21.164634411560225,53.242229986095936],[21.16331,53.24167],[21.15577757853718,53.237778843888876]]}},{"type":"Feature","properties":{"numer":"2580W","klasa":"droga zbiorcza","kat":"powiatowa"},"geometry":{"type":"LineString","coordinates":[[21.147247058823503,53.17635823529411],[21.14885,53.17652],[21.1528,53.1762],[21.15585,53.17652],[21.16477,53.17655],[21.17658,53.17549],[21.17796,53.17563],[21.18201,53.17578]]}},{"type":"Feature","properties":{"numer":"2514W","klasa":"droga zbiorcza","kat":"powiatowa"},"geometry":{"type":"LineString","coordinates":[[21.16803,53.24345],[21.166507352829605,53.24290861433942]]}},{"type":"Feature","properties":{"numer":"3209W","klasa":"droga zbiorcza","kat":"powiatowa"},"geometry":{"type":"LineString","coordinates":[[21.194678839287082,53.27051290753903],[21.19622,53.26978],[21.19941,53.26805],[21.20099,53.26747],[21.20385,53.26685],[21.20482,53.26672],[21.20539,53.26672],[21.20627,53.26684],[21.20883,53.26753],[21.21254,53.26811],[21.21374,53.26822],[21.21512,53.26811],[21.22465,53.26699],[21.22556,53.26625],[21.22686,53.26469]]}},{"type":"Feature","properties":{"numer":"2511W","klasa":"droga zbiorcza","kat":"powiatowa"},"geometry":{"type":"LineString","coordinates":[[21.15225,53.30486],[21.15413,53.30379],[21.15608,53.30311],[21.15982,53.30104],[21.16262,53.29889],[21.16596,53.29565],[21.1667,53.29518],[21.16714,53.29504],[21.16737,53.29512],[21.17111,53.29759],[21.17305,53.29828],[21.17505,53.29966],[21.17555,53.29989],[21.17837,53.30071],[21.1807,53.30089],[21.18384,53.30129],[21.18682,53.30158],[21.18872,53.30206],[21.1932,53.30274],[21.19479,53.30316],[21.19558,53.30348],[21.19641,53.30403],[21.19658,53.30426],[21.19677,53.30497],[21.19803,53.30637],[21.19906,53.30709],[21.20001,53.30743],[21.20097,53.30758],[21.20234,53.30769],[21.20849,53.30681],[21.20933,53.30685],[21.20976,53.30704],[21.21384,53.30951],[21.21513,53.31004]]}},{"type":"Feature","properties":{"numer":"614","klasa":"droga zbiorcza","kat":"wojewodzka"},"geometry":{"type":"LineString","coordinates":[[21.16236,53.32508],[21.16221,53.32508]]}},{"type":"Feature","properties":{"numer":"2578W","klasa":"droga zbiorcza","kat":"powiatowa"},"geometry":{"type":"LineString","coordinates":[[21.25726,53.20741],[21.25789,53.20799],[21.25716,53.20865]]}},{"type":"Feature","properties":{"numer":"2577W","klasa":"droga zbiorcza","kat":"powiatowa"},"geometry":{"type":"LineString","coordinates":[[21.26063,53.21088],[21.25716,53.20865]]}},{"type":"Feature","properties":{"numer":"2579W","klasa":"droga zbiorcza","kat":"powiatowa"},"geometry":{"type":"LineString","coordinates":[[21.22389,53.21249],[21.22618,53.21278],[21.22911,53.21351],[21.23092,53.21239],[21.23304,53.21184],[21.23876,53.21193],[21.24496,53.211],[21.24658,53.21086],[21.24709,53.21073],[21.25369,53.20817],[21.25626,53.2077],[21.25726,53.20741]]}},{"type":"Feature","properties":{"numer":"2577W","klasa":"droga zbiorcza","kat":"powiatowa"},"geometry":{"type":"LineString","coordinates":[[21.26063,53.21088],[21.26133,53.21061],[21.26303,53.21128],[21.26525,53.21134],[21.26679,53.21157],[21.26803,53.21188],[21.27013,53.2127],[21.27161,53.21304],[21.27373,53.21409],[21.27464,53.21444],[21.28237,53.21623],[21.28374,53.2166],[21.28441,53.21692],[21.28684,53.21865],[21.2884,53.21817]]}},{"type":"Feature","properties":{"numer":"2578W","klasa":"droga zbiorcza","kat":"powiatowa"},"geometry":{"type":"LineString","coordinates":[[21.25716,53.20865],[21.25534,53.20954],[21.25498,53.2099],[21.25371,53.21192],[21.25291,53.21408],[21.2531,53.21436],[21.25455,53.21561],[21.25539,53.21758],[21.25557,53.21825],[21.25516,53.21971],[21.2563,53.22394],[21.25699,53.22523],[21.25751,53.22652],[21.25758,53.22687],[21.25751,53.22711],[21.25294,53.23505],[21.25104,53.23868],[21.24856,53.24122],[21.24677,53.24267],[21.24388,53.24563],[21.24123,53.24705],[21.24027,53.24851],[21.23585,53.25299],[21.23,53.25982],[21.22749,53.26281],[21.22709,53.26362],[21.22652,53.26437]]}},{"type":"Feature","properties":{"numer":"2514W","klasa":"droga zbiorcza","kat":"powiatowa"},"geometry":{"type":"LineString","coordinates":[[21.24671,53.27808],[21.24527,53.27451],[21.24483,53.27392],[21.23554,53.26809],[21.23009,53.266]]}},{"type":"Feature","properties":{"numer":"2514W","klasa":"droga zbiorcza","kat":"powiatowa"},"geometry":{"type":"LineString","coordinates":[[21.31015,53.32321],[21.30875,53.32304],[21.3083,53.32292],[21.30793,53.32267],[21.30779,53.32236],[21.30774,53.32122],[21.30713,53.31995],[21.30687,53.31971],[21.30305,53.31765],[21.30149,53.31699],[21.30062,53.31644],[21.29972,53.31562],[21.29511,53.31388],[21.29256,53.3128],[21.29196,53.31242],[21.29167,53.3118],[21.29127,53.30952],[21.29065,53.30808],[21.28928,53.30537],[21.28882,53.30485],[21.28803,53.30421],[21.2873,53.304],[21.28256,53.30348],[21.27715,53.30204],[21.27662,53.30179],[21.2763,53.30152],[21.27447,53.29949],[21.27289,53.29849],[21.26999,53.29675],[21.26801,53.29607],[21.26532,53.29459],[21.26408,53.29416],[21.25233,53.29088],[21.24825,53.29023],[21.24775,53.29003],[21.24716,53.28967],[21.24701,53.28919],[21.24732,53.28792],[21.2479,53.28725],[21.24974,53.2859],[21.25022,53.28441],[21.24941,53.28304],[21.24876,53.28126],[21.24671,53.27808]]}},{"type":"Feature","properties":{"numer":"2513W","klasa":"droga zbiorcza","kat":"powiatowa"},"geometry":{"type":"LineString","coordinates":[[21.31015,53.32321],[21.30765,53.32427],[21.30196,53.32598],[21.29483,53.32774],[21.29158,53.32825],[21.288,53.3294],[21.28456,53.33094],[21.28418,53.33118],[21.28293,53.33272],[21.28088,53.33686],[21.28038,53.33725],[21.2769,53.33915],[21.27601,53.33953],[21.27494,53.33987],[21.26989,53.34096],[21.26614,53.34227],[21.26548,53.34261],[21.26453,53.34356],[21.26378,53.34392],[21.2567,53.34502],[21.25569,53.3454],[21.25398,53.34625],[21.25296,53.34684],[21.25262,53.34714],[21.25245,53.34747],[21.25239,53.34793],[21.25268,53.34958],[21.25178,53.35345]]}},{"type":"Feature","properties":{"numer":"614","klasa":"droga zbiorcza","kat":"wojewodzka"},"geometry":{"type":"LineString","coordinates":[[21.25786,53.35681],[21.25178,53.35345]]}},{"type":"Feature","properties":{"numer":"2510W","klasa":"droga zbiorcza","kat":"powiatowa"},"geometry":{"type":"LineString","coordinates":[[21.21459,53.35724],[21.21716,53.35732],[21.22174,53.35683],[21.22344,53.35697],[21.22787,53.35762],[21.22924,53.35758],[21.23032,53.35724],[21.23559,53.35443],[21.23841,53.35361],[21.23949,53.35346],[21.24018,53.35348],[21.24636,53.35437],[21.24759,53.35473],[21.24958,53.35546],[21.25232,53.35615],[21.25636,53.35651],[21.25786,53.35681]]}},{"type":"Feature","properties":{"numer":"2514W","klasa":"droga zbiorcza","kat":"powiatowa"},"geometry":{"type":"LineString","coordinates":[[21.22966,53.26584],[21.22832,53.26535]]}},{"type":"Feature","properties":{"numer":"2514W","klasa":"droga zbiorcza","kat":"powiatowa"},"geometry":{"type":"LineString","coordinates":[[21.22987,53.26592],[21.22966,53.26584]]}},{"type":"Feature","properties":{"numer":"2514W","klasa":"droga zbiorcza","kat":"powiatowa"},"geometry":{"type":"LineString","coordinates":[[21.23009,53.266],[21.22987,53.26592]]}},{"type":"Feature","properties":{"numer":"2512W","klasa":"droga zbiorcza","kat":"powiatowa"},"geometry":{"type":"LineString","coordinates":[[21.24671,53.27808],[21.2432,53.2785],[21.23981,53.27907],[21.23936,53.27922],[21.23711,53.28041],[21.23606,53.28121],[21.23285,53.28333],[21.2315,53.28535],[21.2309,53.28603],[21.22682,53.28864],[21.22604,53.28924],[21.22415,53.29118],[21.22297,53.2935],[21.22267,53.29381],[21.22003,53.29494],[21.21644,53.29724],[21.21637,53.29779],[21.21878,53.30501],[21.21888,53.3056],[21.21877,53.30602],[21.21858,53.30623],[21.21712,53.30733],[21.21628,53.30811],[21.21536,53.3094],[21.21513,53.31004]]}},{"type":"Feature","properties":{"numer":"2512W","klasa":"droga zbiorcza","kat":"powiatowa"},"geometry":{"type":"LineString","coordinates":[[21.21513,53.31004],[21.21651,53.31557],[21.21666,53.31708],[21.21639,53.31798],[21.21547,53.31936],[21.21515,53.31961],[21.21425,53.32004],[21.21373,53.321],[21.21378,53.32457],[21.2144,53.32593],[21.21444,53.32702],[21.21392,53.3278],[21.21247,53.32888],[21.21094,53.33031],[21.20667,53.33387]]}},{"type":"Feature","properties":{"numer":"614","klasa":"droga zbiorcza","kat":"wojewodzka"},"geometry":{"type":"LineString","coordinates":[[21.25178,53.35345],[21.24724,53.35089],[21.23873,53.34479],[21.23597,53.34261],[21.23278,53.34064],[21.2275,53.33715],[21.22645,53.33658],[21.22553,53.33625],[21.22416,53.33597],[21.20667,53.33387]]}},{"type":"Feature","properties":{"numer":"2512W","klasa":"droga zbiorcza","kat":"powiatowa"},"geometry":{"type":"LineString","coordinates":[[21.20356,53.35493],[21.20518,53.35435],[21.20906,53.35211],[21.20935,53.35173],[21.21002,53.34932],[21.20998,53.34873],[21.20844,53.34387],[21.20705,53.34263],[21.20626,53.34119],[21.20615,53.34078],[21.20617,53.34039],[21.20666,53.33917],[21.20629,53.3376],[21.20679,53.33579],[21.2068,53.33544],[21.20637,53.33439],[21.20667,53.33387]]}},{"type":"Feature","properties":{"numer":"2510W","klasa":"droga zbiorcza","kat":"powiatowa"},"geometry":{"type":"LineString","coordinates":[[21.2026,53.35513],[21.20356,53.35493]]}},{"type":"Feature","properties":{"numer":"2510W","klasa":"droga zbiorcza","kat":"powiatowa"},"geometry":{"type":"LineString","coordinates":[[21.20245,53.35515],[21.2026,53.35513]]}},{"type":"Feature","properties":{"numer":"2510W","klasa":"droga zbiorcza","kat":"powiatowa"},"geometry":{"type":"LineString","coordinates":[[21.19421,53.35628],[21.19641,53.35578],[21.19812,53.35551],[21.19969,53.35532],[21.20184,53.35525],[21.20245,53.35515]]}},{"type":"Feature","properties":{"numer":"677","klasa":"droga gĹ‚Ăłwna","kat":"wojewodzka"},"geometry":{"type":"LineString","coordinates":[[21.87517,52.91295],[21.871982192389414,52.904382767046556]]}},{"type":"Feature","properties":{"numer":"E67,S61","klasa":"droga ekspresowa","kat":"krajowa"},"geometry":{"type":"LineString","coordinates":[[21.8727607069419,52.904245838048936],[21.87277,52.90427]]}},{"type":"Feature","properties":{"numer":"S61","klasa":"droga ekspresowa","kat":"krajowa"},"geometry":{"type":"LineString","coordinates":[[21.87277,52.90427],[21.87417,52.90778],[21.8753,52.90981],[21.87655,52.91144],[21.87728,52.91223],[21.87892,52.91372],[21.88003,52.91458]]}},{"type":"Feature","properties":{"numer":"2564W","klasa":"droga zbiorcza","kat":"powiatowa"},"geometry":{"type":"LineString","coordinates":[[21.87517,52.91295],[21.87612,52.91292],[21.8768,52.91312],[21.87724,52.91341],[21.87784,52.91414],[21.87837,52.91444],[21.87902,52.91458],[21.88003,52.91458]]}},{"type":"Feature","properties":{"numer":"2564W","klasa":"droga zbiorcza","kat":"powiatowa"},"geometry":{"type":"LineString","coordinates":[[21.88003,52.91458],[21.88037,52.91458]]}},{"type":"Feature","properties":{"numer":"S61","klasa":"droga ekspresowa","kat":"krajowa"},"geometry":{"type":"LineString","coordinates":[[21.88003,52.91458],[21.88018,52.91469]]}},{"type":"Feature","properties":{"numer":"2631W","klasa":"droga zbiorcza","kat":"powiatowa"},"geometry":{"type":"LineString","coordinates":[[21.880372441476958,52.91458010500976],[21.88037,52.91458]]}},{"type":"Feature","properties":{"numer":"2564W","klasa":"droga zbiorcza","kat":"powiatowa"},"geometry":{"type":"LineString","coordinates":[[21.82461,52.92621],[21.82517,52.92593],[21.83076,52.92409],[21.83883,52.92192],[21.84161,52.92103],[21.84249,52.92061],[21.8434,52.91975],[21.84404,52.91933],[21.85033,52.91614],[21.85201,52.91537],[21.85765,52.9153],[21.86577,52.91432],[21.87174,52.91227],[21.87517,52.91295]]}},{"type":"Feature","properties":{"numer":"E67,S61","klasa":"droga ekspresowa","kat":"krajowa"},"geometry":{"type":"LineString","coordinates":[[21.880183433090917,52.914692492369944],[21.88018,52.91469]]}},{"type":"Feature","properties":{"numer":"677","klasa":"droga gĹ‚Ăłwna","kat":"wojewodzka"},"geometry":{"type":"LineString","coordinates":[[21.876287201203453,52.91593117880815],[21.87517,52.91295]]}},{"type":"Feature","properties":{"numer":"250339W","klasa":"droga zbiorcza","kat":"powiatowa"},"geometry":{"type":"LineString","coordinates":[[21.78121,52.91007],[21.7799,52.90997]]}},{"type":"Feature","properties":{"numer":"627","klasa":"droga gĹ‚Ăłwna","kat":"wojewodzka"},"geometry":{"type":"LineString","coordinates":[[21.78832,52.91057],[21.79468586995475,52.90306007984844]]}},{"type":"Feature","properties":{"numer":"250339W","klasa":"droga zbiorcza","kat":"powiatowa"},"geometry":{"type":"LineString","coordinates":[[21.78832,52.91057],[21.78536,52.91057],[21.78121,52.91007]]}},{"type":"Feature","properties":{"numer":"250310W","klasa":"droga zbiorcza","kat":"powiatowa"},"geometry":{"type":"LineString","coordinates":[[21.79124,52.9104],[21.78832,52.91057]]}},{"type":"Feature","properties":{"numer":"250310W","klasa":"droga zbiorcza","kat":"powiatowa"},"geometry":{"type":"LineString","coordinates":[[21.79606,52.91083],[21.79124,52.9104]]}},{"type":"Feature","properties":{"numer":"250310W","klasa":"droga zbiorcza","kat":"powiatowa"},"geometry":{"type":"LineString","coordinates":[[21.82381,52.92289],[21.82387,52.91844]]}},{"type":"Feature","properties":{"numer":"250310W","klasa":"droga zbiorcza","kat":"powiatowa"},"geometry":{"type":"LineString","coordinates":[[21.82461,52.92621],[21.82371,52.92461],[21.82381,52.92289]]}},{"type":"Feature","properties":{"numer":"2564W","klasa":"droga zbiorcza","kat":"powiatowa"},"geometry":{"type":"LineString","coordinates":[[21.7938,52.93454],[21.79725,52.93504],[21.79776,52.93504],[21.79974,52.93446],[21.80394,52.93389],[21.81088,52.93353],[21.81334,52.93309],[21.81728,52.93267],[21.82472,52.93106],[21.82753,52.93016],[21.82522,52.92733],[21.82461,52.92621]]}},{"type":"Feature","properties":{"numer":"250343W","klasa":"droga zbiorcza","kat":"powiatowa"},"geometry":{"type":"LineString","coordinates":[[21.7861,52.93414],[21.7872,52.93374]]}},{"type":"Feature","properties":{"numer":"2564W","klasa":"droga zbiorcza","kat":"powiatowa"},"geometry":{"type":"LineString","coordinates":[[21.7872,52.93374],[21.7938,52.93454]]}},{"type":"Feature","properties":{"numer":"250339W","klasa":"droga zbiorcza","kat":"powiatowa"},"geometry":{"type":"LineString","coordinates":[[21.7799,52.90997],[21.77897,52.91049],[21.77735,52.91088]]}},{"type":"Feature","properties":{"numer":"250339W","klasa":"droga zbiorcza","kat":"powiatowa"},"geometry":{"type":"LineString","coordinates":[[21.77735,52.91088],[21.7746,52.91155],[21.7726,52.91215]]}},{"type":"Feature","properties":{"numer":"250339W","klasa":"droga zbiorcza","kat":"powiatowa"},"geometry":{"type":"LineString","coordinates":[[21.7726,52.91215],[21.77225,52.91221]]}},{"type":"Feature","properties":{"numer":"250339W","klasa":"droga zbiorcza","kat":"powiatowa"},"geometry":{"type":"LineString","coordinates":[[21.77225,52.91221],[21.76944,52.91265],[21.76435,52.91324]]}},{"type":"Feature","properties":{"numer":"250339W","klasa":"droga zbiorcza","kat":"powiatowa"},"geometry":{"type":"LineString","coordinates":[[21.76435,52.91324],[21.76227,52.91349]]}},{"type":"Feature","properties":{"numer":"250339W","klasa":"droga zbiorcza","kat":"powiatowa"},"geometry":{"type":"LineString","coordinates":[[21.76227,52.91349],[21.74787,52.91528],[21.74701,52.9153]]}},{"type":"Feature","properties":{"numer":"250309W","klasa":"droga zbiorcza","kat":"powiatowa"},"geometry":{"type":"LineString","coordinates":[[21.74701,52.9153],[21.74368,52.91514],[21.74269,52.91518],[21.74166,52.91537],[21.74033,52.91573],[21.73876,52.91593]]}},{"type":"Feature","properties":{"numer":"250309W","klasa":"droga zbiorcza","kat":"powiatowa"},"geometry":{"type":"LineString","coordinates":[[21.7398,52.91861],[21.73876,52.91593]]}},{"type":"Feature","properties":{"numer":"250309W","klasa":"droga zbiorcza","kat":"powiatowa"},"geometry":{"type":"LineString","coordinates":[[21.74061,52.92008],[21.74004,52.91926],[21.7398,52.91861]]}},{"type":"Feature","properties":{"numer":"627","klasa":"droga gĹ‚Ăłwna","kat":"wojewodzka"},"geometry":{"type":"LineString","coordinates":[[21.771,52.92971],[21.78715,52.91388],[21.78734,52.91362],[21.78832,52.91057]]}},{"type":"Feature","properties":{"numer":"4401W","klasa":"droga zbiorcza","kat":"powiatowa"},"geometry":{"type":"LineString","coordinates":[[21.70646,52.92437],[21.70597,52.92246],[21.70519,52.92034],[21.70469,52.9192],[21.70359,52.9172],[21.70296,52.91554],[21.70253,52.91489],[21.70151,52.91394],[21.69717,52.91073],[21.69373,52.9073]]}},{"type":"Feature","properties":{"numer":"250305W","klasa":"droga zbiorcza","kat":"powiatowa"},"geometry":{"type":"LineString","coordinates":[[21.70151,52.92566],[21.704,52.92508],[21.70646,52.92437]]}},{"type":"Feature","properties":{"numer":"250307W","klasa":"droga zbiorcza","kat":"powiatowa"},"geometry":{"type":"LineString","coordinates":[[21.70646,52.92437],[21.70722,52.9265],[21.70754,52.927]]}},{"type":"Feature","properties":{"numer":"250307W","klasa":"droga zbiorcza","kat":"powiatowa"},"geometry":{"type":"LineString","coordinates":[[21.70754,52.927],[21.70889,52.92841],[21.7098,52.93024]]}},{"type":"Feature","properties":{"numer":"250307W","klasa":"droga zbiorcza","kat":"powiatowa"},"geometry":{"type":"LineString","coordinates":[[21.71363,52.93739],[21.71408,52.93818]]}},{"type":"Feature","properties":{"numer":"2565W","klasa":"droga zbiorcza","kat":"powiatowa"},"geometry":{"type":"LineString","coordinates":[[21.65036,52.93646],[21.682,52.93787],[21.69536,52.9383],[21.6972,52.9386],[21.71512,52.94014]]}},{"type":"Feature","properties":{"numer":"250307W","klasa":"droga zbiorcza","kat":"powiatowa"},"geometry":{"type":"LineString","coordinates":[[21.71408,52.93818],[21.71512,52.94014]]}},{"type":"Feature","properties":{"numer":"2566W","klasa":"droga zbiorcza","kat":"powiatowa"},"geometry":{"type":"LineString","coordinates":[[21.65036,52.93646],[21.65141,52.94047],[21.65412,52.94553],[21.65472,52.94712],[21.65494,52.9474],[21.6671,52.95508],[21.67099,52.9557],[21.67251,52.95608],[21.673,52.95634],[21.67327,52.95658],[21.67357,52.95749],[21.67679,52.95872],[21.67741,52.95879],[21.68338,52.95869],[21.68717,52.95817],[21.69002,52.95829],[21.69877,52.9581],[21.70895,52.96067],[21.718,52.9618],[21.71861,52.96168],[21.72162,52.96069],[21.72334,52.95999],[21.72959,52.95835],[21.7305,52.95963],[21.73143,52.96044]]}},{"type":"Feature","properties":{"numer":"2566W","klasa":"droga zbiorcza","kat":"powiatowa"},"geometry":{"type":"LineString","coordinates":[[21.73143,52.96044],[21.73162,52.96059]]}},{"type":"Feature","properties":{"numer":"250340W","klasa":"droga zbiorcza","kat":"powiatowa"},"geometry":{"type":"LineString","coordinates":[[21.84769,52.95728],[21.85143,52.95498]]}},{"type":"Feature","properties":{"numer":"250340W","klasa":"droga zbiorcza","kat":"powiatowa"},"geometry":{"type":"LineString","coordinates":[[21.84754,52.95737],[21.84769,52.95728]]}},{"type":"Feature","properties":{"numer":"250340W","klasa":"droga zbiorcza","kat":"powiatowa"},"geometry":{"type":"LineString","coordinates":[[21.84599,52.95928],[21.84523,52.95885],[21.84516,52.95868],[21.84754,52.95737]]}},{"type":"Feature","properties":{"numer":"250312W","klasa":"droga zbiorcza","kat":"powiatowa"},"geometry":{"type":"LineString","coordinates":[[21.84918,52.96094],[21.84657,52.95952],[21.84599,52.95928]]}},{"type":"Feature","properties":{"numer":"677","klasa":"droga gĹ‚Ăłwna","kat":"wojewodzka"},"geometry":{"type":"LineString","coordinates":[[21.89499362666219,52.96585093104458],[21.90158,52.98343],[21.90241,52.98464],[21.90378,52.98579]]}},{"type":"Feature","properties":{"numer":"S61","klasa":"droga ekspresowa","kat":"krajowa"},"geometry":{"type":"LineString","coordinates":[[21.897055495922302,52.96461462542131],[21.90097,52.97261],[21.90225,52.97552]]}},{"type":"Feature","properties":{"numer":"250312W","klasa":"droga zbiorcza","kat":"powiatowa"},"geometry":{"type":"LineString","coordinates":[[21.87125,52.97445],[21.87111,52.97023],[21.87084,52.96895]]}},{"type":"Feature","properties":{"numer":"250342W","klasa":"droga zbiorcza","kat":"powiatowa"},"geometry":{"type":"LineString","coordinates":[[21.87125,52.97445],[21.87237,52.9745]]}},{"type":"Feature","properties":{"numer":"250313W","klasa":"droga zbiorcza","kat":"powiatowa"},"geometry":{"type":"LineString","coordinates":[[21.86685,52.97499],[21.86739,52.97471],[21.86876,52.97442],[21.87125,52.97445]]}},{"type":"Feature","properties":{"numer":"S61","klasa":"droga ekspresowa","kat":"krajowa"},"geometry":{"type":"LineString","coordinates":[[21.90239,52.9759],[21.90225,52.97552]]}},{"type":"Feature","properties":{"numer":"250313W","klasa":"droga zbiorcza","kat":"powiatowa"},"geometry":{"type":"LineString","coordinates":[[21.86451,52.97696],[21.86604,52.97593],[21.86685,52.97499]]}},{"type":"Feature","properties":{"numer":"250342W","klasa":"droga zbiorcza","kat":"powiatowa"},"geometry":{"type":"LineString","coordinates":[[21.87237,52.9745],[21.87241,52.97526],[21.87216,52.97598],[21.87219,52.97622],[21.87519,52.9785]]}},{"type":"Feature","properties":{"numer":"S61","klasa":"droga ekspresowa","kat":"krajowa"},"geometry":{"type":"LineString","coordinates":[[21.90541,52.98563],[21.90239,52.9759]]}},{"type":"Feature","properties":{"numer":"2559W","klasa":"droga zbiorcza","kat":"powiatowa"},"geometry":{"type":"LineString","coordinates":[[21.90753,52.98637],[21.90837,52.98575],[21.909,52.98545],[21.91154,52.98505],[21.91244,52.98436]]}},{"type":"Feature","properties":{"numer":"677","klasa":"droga gĹ‚Ăłwna","kat":"wojewodzka"},"geometry":{"type":"LineString","coordinates":[[21.90378,52.98579],[21.90405,52.98598]]}},{"type":"Feature","properties":{"numer":"S61","klasa":"droga ekspresowa","kat":"krajowa"},"geometry":{"type":"LineString","coordinates":[[21.90566,52.98641],[21.90541,52.98563]]}},{"type":"Feature","properties":{"numer":"677","klasa":"droga gĹ‚Ăłwna","kat":"wojewodzka"},"geometry":{"type":"LineString","coordinates":[[21.90405,52.98598],[21.90426,52.98613]]}},{"type":"Feature","properties":{"numer":"677","klasa":"droga gĹ‚Ăłwna","kat":"wojewodzka"},"geometry":{"type":"LineString","coordinates":[[21.90426,52.98613],[21.90458,52.98618]]}},{"type":"Feature","properties":{"numer":"2559W","klasa":"droga zbiorcza","kat":"powiatowa"},"geometry":{"type":"LineString","coordinates":[[21.90395,52.9862],[21.90426,52.98613]]}},{"type":"Feature","properties":{"numer":"2559W","klasa":"droga zbiorcza","kat":"powiatowa"},"geometry":{"type":"LineString","coordinates":[[21.90354,52.98628],[21.90395,52.9862]]}},{"type":"Feature","properties":{"numer":"677","klasa":"droga gĹ‚Ăłwna","kat":"wojewodzka"},"geometry":{"type":"LineString","coordinates":[[21.90458,52.98618],[21.90566,52.98641]]}},{"type":"Feature","properties":{"numer":"2559W","klasa":"droga zbiorcza","kat":"powiatowa"},"geometry":{"type":"LineString","coordinates":[[21.90726,52.98659],[21.90753,52.98637]]}},{"type":"Feature","properties":{"numer":"677","klasa":"droga gĹ‚Ăłwna","kat":"wojewodzka"},"geometry":{"type":"LineString","coordinates":[[21.90566,52.98641],[21.90678,52.98665]]}},{"type":"Feature","properties":{"numer":"2559W","klasa":"droga zbiorcza","kat":"powiatowa"},"geometry":{"type":"LineString","coordinates":[[21.90706,52.98673],[21.90726,52.98659]]}},{"type":"Feature","properties":{"numer":"677","klasa":"droga gĹ‚Ăłwna","kat":"wojewodzka"},"geometry":{"type":"LineString","coordinates":[[21.90678,52.98665],[21.90706,52.98673]]}},{"type":"Feature","properties":{"numer":"S61","klasa":"droga ekspresowa","kat":"krajowa"},"geometry":{"type":"LineString","coordinates":[[21.90589,52.98716],[21.90566,52.98641]]}},{"type":"Feature","properties":{"numer":"677","klasa":"droga gĹ‚Ăłwna","kat":"wojewodzka"},"geometry":{"type":"LineString","coordinates":[[21.90706,52.98673],[21.90727,52.98686]]}},{"type":"Feature","properties":{"numer":"677","klasa":"droga gĹ‚Ăłwna","kat":"wojewodzka"},"geometry":{"type":"LineString","coordinates":[[21.90727,52.98686],[21.90749,52.98708]]}},{"type":"Feature","properties":{"numer":"2559W","klasa":"droga zbiorcza","kat":"powiatowa"},"geometry":{"type":"LineString","coordinates":[[21.86131,52.9935],[21.86529,52.9924],[21.86748,52.99159],[21.87092,52.9906],[21.87703,52.98915],[21.8804,52.98818],[21.89049,52.98622],[21.89105,52.98617],[21.89303,52.9864],[21.89682,52.98652],[21.90044,52.98677],[21.9017,52.98666],[21.90354,52.98628]]}},{"type":"Feature","properties":{"numer":"S61","klasa":"droga ekspresowa","kat":"krajowa"},"geometry":{"type":"LineString","coordinates":[[21.90818,52.99363],[21.90694,52.99064],[21.90589,52.98716]]}},{"type":"Feature","properties":{"numer":"2559W","klasa":"droga zbiorcza","kat":"powiatowa"},"geometry":{"type":"LineString","coordinates":[[21.91244,52.98436],[21.94448,52.97357],[21.94882,52.97296],[21.95053,52.97294]]}},{"type":"Feature","properties":{"numer":"250316W","klasa":"droga zbiorcza","kat":"powiatowa"},"geometry":{"type":"LineString","coordinates":[[21.91236,52.9828],[21.91226,52.98315],[21.91244,52.98436]]}},{"type":"Feature","properties":{"numer":"677","klasa":"droga gĹ‚Ăłwna","kat":"wojewodzka"},"geometry":{"type":"LineString","coordinates":[[21.90749,52.98708],[21.90903,52.98839],[21.916079761363843,52.99251401054287]]}},{"type":"Feature","properties":{"numer":"250315W","klasa":"droga zbiorcza","kat":"powiatowa"},"geometry":{"type":"LineString","coordinates":[[21.86383,52.98912],[21.86097,52.99189]]}},{"type":"Feature","properties":{"numer":"2563W","klasa":"droga zbiorcza","kat":"powiatowa"},"geometry":{"type":"LineString","coordinates":[[21.86097,52.99189],[21.86131,52.9935]]}},{"type":"Feature","properties":{"numer":"2559W","klasa":"droga zbiorcza","kat":"powiatowa"},"geometry":{"type":"LineString","coordinates":[[21.85995,52.99384],[21.86131,52.9935]]}},{"type":"Feature","properties":{"numer":"2559W","klasa":"droga zbiorcza","kat":"powiatowa"},"geometry":{"type":"LineString","coordinates":[[21.85312,52.99436],[21.85995,52.99384]]}},{"type":"Feature","properties":{"numer":"S61","klasa":"droga ekspresowa","kat":"krajowa"},"geometry":{"type":"LineString","coordinates":[[21.908650008664008,52.99457872119217],[21.90818,52.99363]]}},{"type":"Feature","properties":{"numer":"2560W","klasa":"droga zbiorcza","kat":"powiatowa"},"geometry":{"type":"LineString","coordinates":[[21.85004,53.05385],[21.85079,53.05369],[21.85102,53.05349],[21.85063,53.05262],[21.85067,53.05077],[21.851,53.0493],[21.85013,53.04797],[21.84963,53.04757],[21.84948,53.04725],[21.84704,53.04396],[21.84606,53.03768],[21.84402,53.03495],[21.84393,53.03459],[21.84656,53.02799],[21.8513,53.02312],[21.85243,53.01976],[21.85236,53.01497],[21.85344,53.01109],[21.8533,53.00883],[21.85323,53.00855],[21.85278,53.00807],[21.85269,53.00745],[21.85113,53.00607],[21.85102,53.00578],[21.85727,52.995],[21.85913,52.99437],[21.85995,52.99384]]}},{"type":"Feature","properties":{"numer":"2555W","klasa":"droga zbiorcza","kat":"powiatowa"},"geometry":{"type":"LineString","coordinates":[[21.84926,53.05365],[21.84943,53.05379]]}},{"type":"Feature","properties":{"numer":"251127W","klasa":"droga dojazdowa","kat":"powiatowa"},"geometry":{"type":"LineString","coordinates":[[21.84943,53.05379],[21.8495,53.05387]]}},{"type":"Feature","properties":{"numer":"250309W","klasa":"droga zbiorcza","kat":"powiatowa"},"geometry":{"type":"LineString","coordinates":[[21.74123,52.92098],[21.74061,52.92008]]}},{"type":"Feature","properties":{"numer":"250309W","klasa":"droga zbiorcza","kat":"powiatowa"},"geometry":{"type":"LineString","coordinates":[[21.74223,52.92389],[21.74232,52.92317],[21.74123,52.92098]]}},{"type":"Feature","properties":{"numer":"250309W","klasa":"droga zbiorcza","kat":"powiatowa"},"geometry":{"type":"LineString","coordinates":[[21.74044,52.92424],[21.74223,52.92389]]}},{"type":"Feature","properties":{"numer":"2564W","klasa":"droga zbiorcza","kat":"powiatowa"},"geometry":{"type":"LineString","coordinates":[[21.771,52.92971],[21.7775,52.93192],[21.7872,52.93374]]}},{"type":"Feature","properties":{"numer":"4401W","klasa":"droga zbiorcza","kat":"powiatowa"},"geometry":{"type":"LineString","coordinates":[[21.76017,52.94255],[21.75851,52.94228],[21.75768,52.94186],[21.75559,52.94003],[21.75428,52.93848],[21.75244,52.9366],[21.7495,52.93462],[21.74858,52.93359],[21.74766,52.93308],[21.74675,52.93234],[21.74641,52.93218],[21.74342,52.93146],[21.74314,52.93131],[21.73966,52.92682],[21.7394,52.92646],[21.73896,52.92539],[21.7375,52.92468],[21.73579,52.92494],[21.73492,52.92497],[21.7295,52.92459],[21.72772,52.92411],[21.72666,52.92401],[21.72514,52.92441],[21.72355,52.92455],[21.72178,52.92503],[21.72122,52.9251],[21.72032,52.92491],[21.71943,52.92422],[21.71889,52.92409],[21.7156,52.92412],[21.71274,52.92405],[21.71106,52.92394],[21.70907,52.92397],[21.70778,52.92409],[21.70646,52.92437]]}},{"type":"Feature","properties":{"numer":"627","klasa":"droga gĹ‚Ăłwna","kat":"wojewodzka"},"geometry":{"type":"LineString","coordinates":[[21.76017,52.94255],[21.76063,52.94046],[21.76101,52.93938],[21.771,52.92971]]}},{"type":"Feature","properties":{"numer":"250343W","klasa":"droga zbiorcza","kat":"powiatowa"},"geometry":{"type":"LineString","coordinates":[[21.77021,52.94455],[21.77164,52.94367],[21.77315,52.94297],[21.77605,52.94077]]}},{"type":"Feature","properties":{"numer":"2565W","klasa":"droga zbiorcza","kat":"powiatowa"},"geometry":{"type":"LineString","coordinates":[[21.71512,52.94014],[21.71942,52.94273],[21.72222,52.94595],[21.72583,52.94718],[21.72675,52.94731],[21.74057,52.94723],[21.74273,52.9474],[21.74392,52.94759],[21.74571,52.94806],[21.75047,52.94968]]}},{"type":"Feature","properties":{"numer":"250343W","klasa":"droga zbiorcza","kat":"powiatowa"},"geometry":{"type":"LineString","coordinates":[[21.77021,52.94455],[21.76864,52.94537]]}},{"type":"Feature","properties":{"numer":"250343W","klasa":"droga zbiorcza","kat":"powiatowa"},"geometry":{"type":"LineString","coordinates":[[21.76864,52.94537],[21.76794,52.94548]]}},{"type":"Feature","properties":{"numer":"250343W","klasa":"droga zbiorcza","kat":"powiatowa"},"geometry":{"type":"LineString","coordinates":[[21.76794,52.94548],[21.76781,52.94551]]}},{"type":"Feature","properties":{"numer":"250343W","klasa":"droga zbiorcza","kat":"powiatowa"},"geometry":{"type":"LineString","coordinates":[[21.76781,52.94551],[21.76698,52.94597]]}},{"type":"Feature","properties":{"numer":"627","klasa":"droga gĹ‚Ăłwna","kat":"wojewodzka"},"geometry":{"type":"LineString","coordinates":[[21.7587,52.94896],[21.76017,52.94255]]}},{"type":"Feature","properties":{"numer":"250343W","klasa":"droga zbiorcza","kat":"powiatowa"},"geometry":{"type":"LineString","coordinates":[[21.76698,52.94597],[21.76658,52.94619],[21.76598,52.94635]]}},{"type":"Feature","properties":{"numer":"250343W","klasa":"droga zbiorcza","kat":"powiatowa"},"geometry":{"type":"LineString","coordinates":[[21.76598,52.94635],[21.76305,52.94799]]}},{"type":"Feature","properties":{"numer":"250343W","klasa":"droga zbiorcza","kat":"powiatowa"},"geometry":{"type":"LineString","coordinates":[[21.76305,52.94799],[21.76199,52.94861]]}},{"type":"Feature","properties":{"numer":"250343W","klasa":"droga zbiorcza","kat":"powiatowa"},"geometry":{"type":"LineString","coordinates":[[21.76199,52.94861],[21.76128,52.94884],[21.7587,52.94896]]}},{"type":"Feature","properties":{"numer":"627","klasa":"droga gĹ‚Ăłwna","kat":"wojewodzka"},"geometry":{"type":"LineString","coordinates":[[21.75841,52.95056],[21.7587,52.94896]]}},{"type":"Feature","properties":{"numer":"250327W","klasa":"droga zbiorcza","kat":"powiatowa"},"geometry":{"type":"LineString","coordinates":[[21.74765,52.95056],[21.75047,52.94968]]}},{"type":"Feature","properties":{"numer":"2565W","klasa":"droga zbiorcza","kat":"powiatowa"},"geometry":{"type":"LineString","coordinates":[[21.75047,52.94968],[21.75264,52.9505],[21.75585,52.9507],[21.75841,52.95056]]}},{"type":"Feature","properties":{"numer":"250311W","klasa":"droga zbiorcza","kat":"powiatowa"},"geometry":{"type":"LineString","coordinates":[[21.7938,52.93454],[21.79397,52.93593],[21.79491,52.93664]]}},{"type":"Feature","properties":{"numer":"250343W","klasa":"droga zbiorcza","kat":"powiatowa"},"geometry":{"type":"LineString","coordinates":[[21.78131,52.93721],[21.78511,52.93485],[21.7861,52.93414]]}},{"type":"Feature","properties":{"numer":"250314W","klasa":"droga zbiorcza","kat":"powiatowa"},"geometry":{"type":"LineString","coordinates":[[21.84754,52.95737],[21.84632,52.95667],[21.84271,52.95527],[21.8406,52.95459],[21.83787,52.95308]]}},{"type":"Feature","properties":{"numer":"2563W","klasa":"droga zbiorcza","kat":"powiatowa"},"geometry":{"type":"LineString","coordinates":[[21.76578,52.9547],[21.76714,52.95481],[21.76843,52.95465],[21.77304,52.95377],[21.77658,52.95275],[21.78237,52.95156],[21.78359,52.9514],[21.78455,52.95142],[21.81029,52.96278]]}},{"type":"Feature","properties":{"numer":"250312W","klasa":"droga zbiorcza","kat":"powiatowa"},"geometry":{"type":"LineString","coordinates":[[21.84298,52.96172],[21.8445,52.96012],[21.84599,52.95928]]}},{"type":"Feature","properties":{"numer":"250312W","klasa":"droga zbiorcza","kat":"powiatowa"},"geometry":{"type":"LineString","coordinates":[[21.83985,52.96591],[21.84288,52.96184]]}},{"type":"Feature","properties":{"numer":"250319W","klasa":"droga zbiorcza","kat":"powiatowa"},"geometry":{"type":"LineString","coordinates":[[21.81134,52.96653],[21.8108,52.96544],[21.81029,52.96278]]}},{"type":"Feature","properties":{"numer":"250311W","klasa":"droga zbiorcza","kat":"powiatowa"},"geometry":{"type":"LineString","coordinates":[[21.83985,52.96591],[21.83818,52.96546]]}},{"type":"Feature","properties":{"numer":"250311W","klasa":"droga zbiorcza","kat":"powiatowa"},"geometry":{"type":"LineString","coordinates":[[21.84161,52.96623],[21.83985,52.96591]]}},{"type":"Feature","properties":{"numer":"2563W","klasa":"droga zbiorcza","kat":"powiatowa"},"geometry":{"type":"LineString","coordinates":[[21.81029,52.96278],[21.82202,52.96796],[21.824,52.96872],[21.82438,52.96894],[21.82509,52.96967]]}},{"type":"Feature","properties":{"numer":"250327W","klasa":"droga zbiorcza","kat":"powiatowa"},"geometry":{"type":"LineString","coordinates":[[21.74633,52.95097],[21.74765,52.95056]]}},{"type":"Feature","properties":{"numer":"627","klasa":"droga gĹ‚Ăłwna","kat":"wojewodzka"},"geometry":{"type":"LineString","coordinates":[[21.75841,52.95056],[21.75855,52.95171]]}},{"type":"Feature","properties":{"numer":"627","klasa":"droga gĹ‚Ăłwna","kat":"wojewodzka"},"geometry":{"type":"LineString","coordinates":[[21.75855,52.95171],[21.75856,52.95189]]}},{"type":"Feature","properties":{"numer":"627","klasa":"droga gĹ‚Ăłwna","kat":"wojewodzka"},"geometry":{"type":"LineString","coordinates":[[21.75856,52.95189],[21.7587,52.95375]]}},{"type":"Feature","properties":{"numer":"627","klasa":"droga gĹ‚Ăłwna","kat":"wojewodzka"},"geometry":{"type":"LineString","coordinates":[[21.7587,52.95375],[21.75854,52.95406]]}},{"type":"Feature","properties":{"numer":"627","klasa":"droga gĹ‚Ăłwna","kat":"wojewodzka"},"geometry":{"type":"LineString","coordinates":[[21.75849,52.95417],[21.75854,52.95406]]}},{"type":"Feature","properties":{"numer":"2563W","klasa":"droga zbiorcza","kat":"powiatowa"},"geometry":{"type":"LineString","coordinates":[[21.75849,52.95417],[21.75868,52.95417]]}},{"type":"Feature","properties":{"numer":"2563W","klasa":"droga zbiorcza","kat":"powiatowa"},"geometry":{"type":"LineString","coordinates":[[21.75868,52.95417],[21.75907,52.95418]]}},{"type":"Feature","properties":{"numer":"627","klasa":"droga gĹ‚Ăłwna","kat":"wojewodzka"},"geometry":{"type":"LineString","coordinates":[[21.75836,52.95426],[21.75849,52.95417]]}},{"type":"Feature","properties":{"numer":"627","klasa":"droga gĹ‚Ăłwna","kat":"wojewodzka"},"geometry":{"type":"LineString","coordinates":[[21.75788,52.95443],[21.75836,52.95426]]}},{"type":"Feature","properties":{"numer":"2563W","klasa":"droga zbiorcza","kat":"powiatowa"},"geometry":{"type":"LineString","coordinates":[[21.75907,52.95418],[21.76578,52.9547]]}},{"type":"Feature","properties":{"numer":"250318W","klasa":"droga zbiorcza","kat":"powiatowa"},"geometry":{"type":"LineString","coordinates":[[21.76578,52.9547],[21.76594,52.96035]]}},{"type":"Feature","properties":{"numer":"627","klasa":"droga gĹ‚Ăłwna","kat":"wojewodzka"},"geometry":{"type":"LineString","coordinates":[[21.73472,52.96247],[21.74517,52.96042],[21.75391,52.95554],[21.75475,52.95524],[21.75788,52.95443]]}},{"type":"Feature","properties":{"numer":"2566W","klasa":"droga zbiorcza","kat":"powiatowa"},"geometry":{"type":"LineString","coordinates":[[21.73162,52.96059],[21.7337,52.9623]]}},{"type":"Feature","properties":{"numer":"2566W","klasa":"droga zbiorcza","kat":"powiatowa"},"geometry":{"type":"LineString","coordinates":[[21.7337,52.9623],[21.73402,52.96255]]}},{"type":"Feature","properties":{"numer":"627","klasa":"droga gĹ‚Ăłwna","kat":"wojewodzka"},"geometry":{"type":"LineString","coordinates":[[21.73429,52.96259],[21.73472,52.96247]]}},{"type":"Feature","properties":{"numer":"2566W","klasa":"droga zbiorcza","kat":"powiatowa"},"geometry":{"type":"LineString","coordinates":[[21.73402,52.96255],[21.73413,52.96263]]}},{"type":"Feature","properties":{"numer":"627","klasa":"droga gĹ‚Ăłwna","kat":"wojewodzka"},"geometry":{"type":"LineString","coordinates":[[21.73413,52.96263],[21.73429,52.96259]]}},{"type":"Feature","properties":{"numer":"2562W","klasa":"droga zbiorcza","kat":"powiatowa"},"geometry":{"type":"LineString","coordinates":[[21.73413,52.96263],[21.73424,52.96271]]}},{"type":"Feature","properties":{"numer":"627","klasa":"droga gĹ‚Ăłwna","kat":"wojewodzka"},"geometry":{"type":"LineString","coordinates":[[21.73403,52.96272],[21.73413,52.96263]]}},{"type":"Feature","properties":{"numer":"250345W","klasa":"droga zbiorcza","kat":"powiatowa"},"geometry":{"type":"LineString","coordinates":[[21.71979,52.96928],[21.73154,52.96673]]}},{"type":"Feature","properties":{"numer":"250345W","klasa":"droga zbiorcza","kat":"powiatowa"},"geometry":{"type":"LineString","coordinates":[[21.71848,52.96956],[21.71979,52.96928]]}},{"type":"Feature","properties":{"numer":"250345W","klasa":"droga zbiorcza","kat":"powiatowa"},"geometry":{"type":"LineString","coordinates":[[21.71759,52.96976],[21.71848,52.96956]]}},{"type":"Feature","properties":{"numer":"250345W","klasa":"droga zbiorcza","kat":"powiatowa"},"geometry":{"type":"LineString","coordinates":[[21.688,52.97277],[21.68978,52.97237],[21.69048,52.9723],[21.69105,52.97232],[21.69189,52.97259]]}},{"type":"Feature","properties":{"numer":"250345W","klasa":"droga zbiorcza","kat":"powiatowa"},"geometry":{"type":"LineString","coordinates":[[21.69189,52.97259],[21.69648,52.97425]]}},{"type":"Feature","properties":{"numer":"250345W","klasa":"droga zbiorcza","kat":"powiatowa"},"geometry":{"type":"LineString","coordinates":[[21.69848,52.97416],[21.70418,52.97289]]}},{"type":"Feature","properties":{"numer":"250345W","klasa":"droga zbiorcza","kat":"powiatowa"},"geometry":{"type":"LineString","coordinates":[[21.69749,52.9739],[21.69848,52.97416]]}},{"type":"Feature","properties":{"numer":"250345W","klasa":"droga zbiorcza","kat":"powiatowa"},"geometry":{"type":"LineString","coordinates":[[21.69648,52.97425],[21.69695,52.97414],[21.69749,52.9739]]}},{"type":"Feature","properties":{"numer":"250344W","klasa":"droga zbiorcza","kat":"powiatowa"},"geometry":{"type":"LineString","coordinates":[[21.69848,52.97416],[21.69818,52.97456]]}},{"type":"Feature","properties":{"numer":"250344W","klasa":"droga zbiorcza","kat":"powiatowa"},"geometry":{"type":"LineString","coordinates":[[21.69818,52.97456],[21.69708,52.97562],[21.69682,52.97605],[21.70169,52.97781],[21.70186,52.97989]]}},{"type":"Feature","properties":{"numer":"2562W","klasa":"droga zbiorcza","kat":"powiatowa"},"geometry":{"type":"LineString","coordinates":[[21.73424,52.96271],[21.73456,52.96294]]}},{"type":"Feature","properties":{"numer":"627","klasa":"droga gĹ‚Ăłwna","kat":"wojewodzka"},"geometry":{"type":"LineString","coordinates":[[21.73379,52.96298],[21.73403,52.96272]]}},{"type":"Feature","properties":{"numer":"627","klasa":"droga gĹ‚Ăłwna","kat":"wojewodzka"},"geometry":{"type":"LineString","coordinates":[[21.73154,52.96673],[21.73379,52.96298]]}},{"type":"Feature","properties":{"numer":"2562W","klasa":"droga zbiorcza","kat":"powiatowa"},"geometry":{"type":"LineString","coordinates":[[21.75176,53.01494],[21.75106,53.01354],[21.74857,53.0071],[21.74758,53.0042],[21.7458,52.99834],[21.74583,52.99739],[21.74542,52.99627],[21.74508,52.99466],[21.74404,52.99304],[21.74387,52.99259],[21.74408,52.99201],[21.74595,52.99025],[21.74827,52.98709],[21.74873,52.98578],[21.74841,52.98486],[21.74832,52.98398],[21.74873,52.97976],[21.74869,52.97829],[21.74825,52.97431],[21.74829,52.97382],[21.74846,52.97349],[21.74797,52.97285],[21.74752,52.97263],[21.73456,52.96294]]}},{"type":"Feature","properties":{"numer":"2559W","klasa":"droga zbiorcza","kat":"powiatowa"},"geometry":{"type":"LineString","coordinates":[[21.75176,53.01494],[21.74848,53.01791],[21.7449,53.02098],[21.73718,53.02961]]}},{"type":"Feature","properties":{"numer":"2559W","klasa":"droga zbiorcza","kat":"powiatowa"},"geometry":{"type":"LineString","coordinates":[[21.73115,53.03112],[21.73587,53.03039],[21.7366,53.03007],[21.73718,53.02961]]}},{"type":"Feature","properties":{"numer":"2553W","klasa":"droga zbiorcza","kat":"powiatowa"},"geometry":{"type":"LineString","coordinates":[[21.7409,53.03255],[21.73891,53.03056],[21.73718,53.02961]]}},{"type":"Feature","properties":{"numer":"2555W","klasa":"droga zbiorcza","kat":"powiatowa"},"geometry":{"type":"LineString","coordinates":[[21.77482,53.03557],[21.74554,53.03311],[21.74213,53.03279],[21.7409,53.03255]]}},{"type":"Feature","properties":{"numer":"2555W","klasa":"droga zbiorcza","kat":"powiatowa"},"geometry":{"type":"LineString","coordinates":[[21.7776,53.03937],[21.77726,53.03918],[21.77673,53.03856],[21.77666,53.0371],[21.7765,53.03646],[21.77574,53.03582],[21.77541,53.03567],[21.77482,53.03557]]}},{"type":"Feature","properties":{"numer":"2556W","klasa":"droga zbiorcza","kat":"powiatowa"},"geometry":{"type":"LineString","coordinates":[[21.77749,53.03954],[21.7776,53.03937]]}},{"type":"Feature","properties":{"numer":"250345W","klasa":"droga zbiorcza","kat":"powiatowa"},"geometry":{"type":"LineString","coordinates":[[21.66577,52.97863],[21.66494,52.97888],[21.66371,52.98029],[21.6634,52.98099],[21.66298,52.98286]]}},{"type":"Feature","properties":{"numer":"250345W","klasa":"droga zbiorcza","kat":"powiatowa"},"geometry":{"type":"LineString","coordinates":[[21.66298,52.98286],[21.66252,52.98334]]}},{"type":"Feature","properties":{"numer":"250345W","klasa":"droga zbiorcza","kat":"powiatowa"},"geometry":{"type":"LineString","coordinates":[[21.66252,52.98334],[21.66167,52.98409]]}},{"type":"Feature","properties":{"numer":"250345W","klasa":"droga zbiorcza","kat":"powiatowa"},"geometry":{"type":"LineString","coordinates":[[21.66167,52.98409],[21.6613,52.9841],[21.6595,52.9839]]}},{"type":"Feature","properties":{"numer":"250345W","klasa":"droga zbiorcza","kat":"powiatowa"},"geometry":{"type":"LineString","coordinates":[[21.6595,52.9839],[21.65863,52.98386],[21.65815,52.98398],[21.65776,52.98418],[21.6555,52.98715]]}},{"type":"Feature","properties":{"numer":"627","klasa":"droga gĹ‚Ăłwna","kat":"wojewodzka"},"geometry":{"type":"LineString","coordinates":[[21.68376,53.0356],[21.70473,53.01002],[21.71728,52.99432],[21.7278,52.97308],[21.73154,52.96673]]}},{"type":"Feature","properties":{"numer":"2559W","klasa":"droga zbiorcza","kat":"powiatowa"},"geometry":{"type":"LineString","coordinates":[[21.72361,53.03112],[21.72387,53.03112]]}},{"type":"Feature","properties":{"numer":"2559W","klasa":"droga zbiorcza","kat":"powiatowa"},"geometry":{"type":"LineString","coordinates":[[21.72323,53.03112],[21.72361,53.03112]]}},{"type":"Feature","properties":{"numer":"2559W","klasa":"droga zbiorcza","kat":"powiatowa"},"geometry":{"type":"LineString","coordinates":[[21.72387,53.03112],[21.72423,53.03113]]}},{"type":"Feature","properties":{"numer":"2559W","klasa":"droga zbiorcza","kat":"powiatowa"},"geometry":{"type":"LineString","coordinates":[[21.72423,53.03113],[21.73038,53.03117],[21.73115,53.03112]]}},{"type":"Feature","properties":{"numer":"250319W","klasa":"droga zbiorcza","kat":"powiatowa"},"geometry":{"type":"LineString","coordinates":[[21.81057,52.96686],[21.81134,52.96653]]}},{"type":"Feature","properties":{"numer":"250322W","klasa":"droga zbiorcza","kat":"powiatowa"},"geometry":{"type":"LineString","coordinates":[[21.83818,52.96546],[21.83244,52.96677],[21.82803,52.96858]]}},{"type":"Feature","properties":{"numer":"250319W","klasa":"droga zbiorcza","kat":"powiatowa"},"geometry":{"type":"LineString","coordinates":[[21.8116,52.97094],[21.81092,52.96738],[21.81057,52.96686]]}},{"type":"Feature","properties":{"numer":"250322W","klasa":"droga zbiorcza","kat":"powiatowa"},"geometry":{"type":"LineString","coordinates":[[21.82803,52.96858],[21.82509,52.96967]]}},{"type":"Feature","properties":{"numer":"250311W","klasa":"droga zbiorcza","kat":"powiatowa"},"geometry":{"type":"LineString","coordinates":[[21.84161,52.96623],[21.84257,52.96909],[21.84409,52.9717],[21.84461,52.9738]]}},{"type":"Feature","properties":{"numer":"2563W","klasa":"droga zbiorcza","kat":"powiatowa"},"geometry":{"type":"LineString","coordinates":[[21.82509,52.96967],[21.82705,52.97146],[21.8301,52.97289],[21.83415,52.97458],[21.83615,52.97531],[21.83845,52.97594],[21.8412,52.97694],[21.84492,52.97782],[21.84602,52.97815],[21.84647,52.97833],[21.84849,52.97951],[21.84931,52.98007],[21.85062,52.98141],[21.85271,52.98261],[21.85717,52.98698],[21.86076,52.99055],[21.86097,52.99189]]}},{"type":"Feature","properties":{"numer":"2559W","klasa":"droga zbiorcza","kat":"powiatowa"},"geometry":{"type":"LineString","coordinates":[[21.85312,52.99436],[21.8426,52.99519],[21.83917,52.9953],[21.83082,52.99574],[21.82981,52.99592],[21.82894,52.99618],[21.82777,52.99672],[21.82635,52.99759],[21.82487,52.99807],[21.81811,52.99921],[21.81649,52.99938],[21.81517,52.99934],[21.8063,52.99867],[21.80533,52.99867],[21.80419,52.99878],[21.80326,52.99896],[21.79896,53.00004],[21.79159,53.00096],[21.78088,53.00071],[21.77854,53.00085],[21.7776,53.00099],[21.77556,53.00165],[21.77292,53.00218],[21.77149,53.00232],[21.77087,53.00253],[21.75518,53.01205],[21.75438,53.01262],[21.75176,53.01494]]}},{"type":"Feature","properties":{"numer":"2561W","klasa":"droga zbiorcza","kat":"powiatowa"},"geometry":{"type":"LineString","coordinates":[[21.85312,52.99436],[21.85017,52.99825],[21.84781,53.00046],[21.84653,53.00226],[21.84434,53.0045],[21.84149,53.00673],[21.84083,53.00737],[21.83887,53.00986],[21.838,53.01241],[21.83769,53.01266],[21.83619,53.0133],[21.8354,53.01375],[21.83524,53.01401],[21.83604,53.01458],[21.83651,53.01529],[21.8365,53.01552],[21.83625,53.0157],[21.83249,53.017],[21.82963,53.01825],[21.82701,53.01959],[21.81845,53.02353],[21.8117,53.02584],[21.80948,53.02634],[21.79711,53.02956],[21.79329,53.02619],[21.79299,53.02605],[21.78297,53.02719],[21.7818,53.02722],[21.78,53.02753],[21.77968,53.02745],[21.77873,53.02643],[21.77848,53.0263],[21.77603,53.02725],[21.77637,53.02775],[21.77822,53.02972],[21.77833,53.03007],[21.77482,53.03557]]}},{"type":"Feature","properties":{"numer":"2555W","klasa":"droga zbiorcza","kat":"powiatowa"},"geometry":{"type":"LineString","coordinates":[[21.84291,53.05206],[21.83295,53.04985],[21.83152,53.04962],[21.83108,53.04939],[21.82544,53.04821],[21.82012,53.04722],[21.80766,53.04409],[21.80167,53.04371],[21.79645,53.04326],[21.79293,53.04287],[21.79209,53.04272],[21.78259,53.04047],[21.78142,53.03985],[21.77886,53.03925],[21.77854,53.03923],[21.77787,53.03939],[21.7776,53.03937]]}},{"type":"Feature","properties":{"numer":"2559W","klasa":"droga zbiorcza","kat":"powiatowa"},"geometry":{"type":"LineString","coordinates":[[21.68376,53.0356],[21.68672,53.03604],[21.68959,53.03632],[21.69023,53.03628],[21.70113,53.03348],[21.70503,53.0322],[21.70968,53.03111],[21.71252,53.0309],[21.71957,53.0311],[21.72323,53.03112]]}},{"type":"Feature","properties":{"numer":"627","klasa":"droga gĹ‚Ăłwna","kat":"wojewodzka"},"geometry":{"type":"LineString","coordinates":[[21.68115,53.03782],[21.68376,53.0356]]}},{"type":"Feature","properties":{"numer":"2590W","klasa":"droga zbiorcza","kat":"powiatowa"},"geometry":{"type":"LineString","coordinates":[[21.66505,53.04221],[21.66464,53.03468],[21.66442,53.03404],[21.66196,53.03434],[21.66142,53.03434],[21.66092,53.03422],[21.65984,53.03372],[21.65911,53.03294],[21.64705,53.03236]]}},{"type":"Feature","properties":{"numer":"627","klasa":"droga gĹ‚Ăłwna","kat":"wojewodzka"},"geometry":{"type":"LineString","coordinates":[[21.68107,53.03788],[21.68115,53.03782]]}},{"type":"Feature","properties":{"numer":"627","klasa":"droga gĹ‚Ăłwna","kat":"wojewodzka"},"geometry":{"type":"LineString","coordinates":[[21.66856,53.04111],[21.66994,53.0407],[21.67984,53.03861],[21.68041,53.0384],[21.68107,53.03788]]}},{"type":"Feature","properties":{"numer":"627","klasa":"droga gĹ‚Ăłwna","kat":"wojewodzka"},"geometry":{"type":"LineString","coordinates":[[21.66856,53.04111],[21.66505,53.04221]]}},{"type":"Feature","properties":{"numer":"2584W","klasa":"droga zbiorcza","kat":"powiatowa"},"geometry":{"type":"LineString","coordinates":[[21.66766,53.04946],[21.66778,53.04907],[21.66746,53.04661],[21.6675,53.04558],[21.66767,53.04429],[21.66856,53.04111]]}},{"type":"Feature","properties":{"numer":"2584W","klasa":"droga zbiorcza","kat":"powiatowa"},"geometry":{"type":"LineString","coordinates":[[21.66761,53.04955],[21.66766,53.04946]]}},{"type":"Feature","properties":{"numer":"2554W","klasa":"droga zbiorcza","kat":"powiatowa"},"geometry":{"type":"LineString","coordinates":[[21.70566,53.07463],[21.70566,53.07453],[21.71031,53.07292],[21.71124,53.07249],[21.7156,53.06849],[21.71583,53.06809],[21.71606,53.06704],[21.71912,53.06333],[21.72166,53.05791],[21.72195,53.05543],[21.72184,53.0545],[21.72191,53.05225],[21.72287,53.05135],[21.72419,53.04985],[21.72669,53.04293],[21.72626,53.04086],[21.72332,53.03798],[21.72326,53.03758],[21.72341,53.03706],[21.72372,53.03657],[21.72593,53.03417],[21.73115,53.03112]]}},{"type":"Feature","properties":{"numer":"2584W","klasa":"droga zbiorcza","kat":"powiatowa"},"geometry":{"type":"LineString","coordinates":[[21.66766,53.05809],[21.66813,53.05751],[21.66741,53.05009],[21.66761,53.04955]]}},{"type":"Feature","properties":{"numer":"1951B","klasa":"","kat":"powiatowa"},"geometry":{"type":"LineString","coordinates":[[21.92603,53.06041],[21.926284526353818,53.06039366215972]]}},{"type":"Feature","properties":{"numer":"2560W","klasa":"droga zbiorcza","kat":"powiatowa"},"geometry":{"type":"LineString","coordinates":[[21.85004,53.05385],[21.84965,53.05387]]}},{"type":"Feature","properties":{"numer":"2560W","klasa":"droga zbiorcza","kat":"powiatowa"},"geometry":{"type":"LineString","coordinates":[[21.84965,53.05387],[21.8495,53.05387]]}},{"type":"Feature","properties":{"numer":"2557W","klasa":"droga zbiorcza","kat":"powiatowa"},"geometry":{"type":"LineString","coordinates":[[21.8495,53.05387],[21.84937,53.0539]]}},{"type":"Feature","properties":{"numer":"2557W","klasa":"droga zbiorcza","kat":"powiatowa"},"geometry":{"type":"LineString","coordinates":[[21.84937,53.0539],[21.84914,53.05403]]}},{"type":"Feature","properties":{"numer":"1955B","klasa":"","kat":"powiatowa"},"geometry":{"type":"LineString","coordinates":[[21.900955442284815,53.06384675525585],[21.90099,53.06383]]}},{"type":"Feature","properties":{"numer":"2558W","klasa":"droga zbiorcza","kat":"powiatowa"},"geometry":{"type":"LineString","coordinates":[[21.90099,53.06383],[21.90196,53.06374],[21.90778,53.06462],[21.90851,53.06465],[21.90924,53.06459],[21.91184,53.06396],[21.9175,53.06171],[21.92074,53.06073],[21.92402,53.06023],[21.92603,53.06041]]}},{"type":"Feature","properties":{"numer":"2555W","klasa":"droga zbiorcza","kat":"powiatowa"},"geometry":{"type":"LineString","coordinates":[[21.84926,53.05365],[21.84707,53.05298],[21.84291,53.05206]]}},{"type":"Feature","properties":{"numer":"2556W","klasa":"droga zbiorcza","kat":"powiatowa"},"geometry":{"type":"LineString","coordinates":[[21.78417,53.0479],[21.78776,53.05268],[21.79087,53.05914],[21.79295,53.05923],[21.79582,53.05872]]}},{"type":"Feature","properties":{"numer":"2556W","klasa":"droga zbiorcza","kat":"powiatowa"},"geometry":{"type":"LineString","coordinates":[[21.79582,53.05872],[21.80184,53.05801],[21.83309,53.05367],[21.84116,53.0525],[21.84218,53.0523],[21.84291,53.05206]]}},{"type":"Feature","properties":{"numer":"2557W","klasa":"droga zbiorcza","kat":"powiatowa"},"geometry":{"type":"LineString","coordinates":[[21.79582,53.05872],[21.79922,53.06168],[21.80057,53.06245],[21.80257,53.06333],[21.80418,53.06471]]}},{"type":"Feature","properties":{"numer":"2557W","klasa":"droga zbiorcza","kat":"powiatowa"},"geometry":{"type":"LineString","coordinates":[[21.81004,53.07112],[21.81006,53.07202],[21.8092,53.07352],[21.80922,53.07379],[21.81603,53.0775],[21.81769,53.07832],[21.81925,53.07826],[21.82505,53.07942],[21.82586,53.07955],[21.82618,53.07947],[21.82739,53.07893],[21.82963,53.07775],[21.83125,53.07634],[21.83567,53.07337],[21.83709,53.07054],[21.83835,53.06751],[21.83896,53.0646],[21.83957,53.06342],[21.84186,53.06157],[21.8467,53.0584],[21.84728,53.05753],[21.84914,53.05403]]}},{"type":"Feature","properties":{"numer":"2557W","klasa":"droga zbiorcza","kat":"powiatowa"},"geometry":{"type":"LineString","coordinates":[[21.80418,53.06471],[21.80565,53.06597],[21.80911,53.06816],[21.80976,53.06868],[21.81009,53.06936],[21.80996,53.07036],[21.81003,53.07104]]}},{"type":"Feature","properties":{"numer":"2557W","klasa":"droga zbiorcza","kat":"powiatowa"},"geometry":{"type":"LineString","coordinates":[[21.81003,53.07104],[21.81004,53.07112]]}},{"type":"Feature","properties":{"numer":"2584W","klasa":"droga zbiorcza","kat":"powiatowa"},"geometry":{"type":"LineString","coordinates":[[21.66763,53.05818],[21.66766,53.05809]]}},{"type":"Feature","properties":{"numer":"2551W","klasa":"droga zbiorcza","kat":"powiatowa"},"geometry":{"type":"LineString","coordinates":[[21.66256,53.06071],[21.66197,53.06057],[21.65434,53.05773],[21.65393,53.0575],[21.65368,53.05719]]}},{"type":"Feature","properties":{"numer":"2584W","klasa":"droga zbiorcza","kat":"powiatowa"},"geometry":{"type":"LineString","coordinates":[[21.66531,53.0601],[21.66572,53.05981],[21.66724,53.05927],[21.66742,53.05906],[21.66763,53.05818]]}},{"type":"Feature","properties":{"numer":"2584W","klasa":"droga zbiorcza","kat":"powiatowa"},"geometry":{"type":"LineString","coordinates":[[21.66513,53.06033],[21.66531,53.0601]]}},{"type":"Feature","properties":{"numer":"2551W,2584W","klasa":"droga zbiorcza","kat":"powiatowa"},"geometry":{"type":"LineString","coordinates":[[21.66513,53.06033],[21.66472,53.06032],[21.66296,53.0607],[21.66256,53.06071]]}},{"type":"Feature","properties":{"numer":"2551W","klasa":"droga zbiorcza","kat":"powiatowa"},"geometry":{"type":"LineString","coordinates":[[21.67271,53.06932],[21.67178,53.06796],[21.67051,53.06641],[21.66543,53.0605],[21.66513,53.06033]]}},{"type":"Feature","properties":{"numer":"2582W","klasa":"droga zbiorcza","kat":"powiatowa"},"geometry":{"type":"LineString","coordinates":[[21.67243,53.0695],[21.67271,53.06932]]}},{"type":"Feature","properties":{"numer":"2551W","klasa":"droga zbiorcza","kat":"powiatowa"},"geometry":{"type":"LineString","coordinates":[[21.70566,53.07463],[21.68549,53.07496],[21.68469,53.07491],[21.67511,53.07299],[21.67476,53.07266],[21.67271,53.06932]]}},{"type":"Feature","properties":{"numer":"2551W","klasa":"droga zbiorcza","kat":"powiatowa"},"geometry":{"type":"LineString","coordinates":[[21.71104,53.07899],[21.71004,53.07761],[21.7097,53.07728],[21.70598,53.07474],[21.70566,53.07463]]}},{"type":"Feature","properties":{"numer":"2582W","klasa":"droga zbiorcza","kat":"powiatowa"},"geometry":{"type":"LineString","coordinates":[[21.66983,53.08853],[21.66845,53.08856],[21.66819,53.08847],[21.66761,53.08809],[21.66695,53.08749],[21.66626,53.08716],[21.66611,53.08685],[21.66681,53.08446],[21.66694,53.08431],[21.66768,53.08391],[21.66795,53.08339],[21.67243,53.0695]]}},{"type":"Feature","properties":{"numer":"2556W","klasa":"droga zbiorcza","kat":"powiatowa"},"geometry":{"type":"LineString","coordinates":[[21.77749,53.03954],[21.78417,53.0479]]}},{"type":"Feature","properties":{"numer":"2553W","klasa":"droga zbiorcza","kat":"powiatowa"},"geometry":{"type":"LineString","coordinates":[[21.78732,53.09786],[21.78998,53.09614],[21.79197,53.09504],[21.7921,53.09485],[21.7915,53.09403],[21.79136,53.09352],[21.78868,53.08202],[21.78876,53.08095],[21.78868,53.07978],[21.7875,53.07545],[21.78727,53.07502],[21.78689,53.07476],[21.78523,53.07459],[21.7829,53.07417],[21.78058,53.07397],[21.77933,53.07347],[21.77435,53.0696],[21.77287,53.06806],[21.76612,53.06421],[21.76566,53.06376],[21.76478,53.06247],[21.7643,53.06197],[21.76379,53.06152],[21.76285,53.06093],[21.76251,53.0609],[21.75909,53.06144],[21.75351,53.06185],[21.75212,53.06192],[21.75046,53.06179],[21.75028,53.0617],[21.75038,53.06119],[21.75249,53.05616],[21.75292,53.05345],[21.75287,53.05224],[21.75343,53.05047],[21.75233,53.04855],[21.74561,53.03944],[21.74547,53.03899],[21.74563,53.03726],[21.74557,53.03702],[21.7409,53.03255]]}},{"type":"Feature","properties":{"numer":"2551W","klasa":"droga zbiorcza","kat":"powiatowa"},"geometry":{"type":"LineString","coordinates":[[21.76469,53.10299],[21.75482,53.09771],[21.74465,53.09643],[21.74171,53.09443],[21.733,53.09093],[21.73225,53.09084],[21.72721,53.09068],[21.7253,53.09025],[21.72379,53.09008],[21.72349,53.08999],[21.72259,53.08936],[21.72157,53.0889],[21.71998,53.08861],[21.71859,53.08814],[21.71761,53.0874],[21.71627,53.08593],[21.71104,53.07899]]}},{"type":"Feature","properties":{"numer":"2553W","klasa":"droga zbiorcza","kat":"powiatowa"},"geometry":{"type":"LineString","coordinates":[[21.76469,53.10299],[21.7689,53.10255],[21.77217,53.10031],[21.77263,53.10012],[21.77325,53.10008],[21.77532,53.10026],[21.77647,53.10013],[21.77719,53.09995],[21.77917,53.09923],[21.78329,53.09822],[21.78409,53.09809],[21.78675,53.09797],[21.78732,53.09786]]}},{"type":"Feature","properties":{"numer":"2552W","klasa":"droga zbiorcza","kat":"powiatowa"},"geometry":{"type":"LineString","coordinates":[[21.69361,53.09583],[21.696,53.09603],[21.69742,53.09627],[21.69799,53.09621],[21.70141,53.09132],[21.71104,53.07899]]}},{"type":"Feature","properties":{"numer":"2552W","klasa":"droga zbiorcza","kat":"powiatowa"},"geometry":{"type":"LineString","coordinates":[[21.66983,53.08853],[21.67549,53.08866],[21.68619,53.09478],[21.6915,53.09611],[21.69179,53.09612],[21.69361,53.09583]]}},{"type":"Feature","properties":{"numer":"2591W","klasa":"droga zbiorcza","kat":"powiatowa"},"geometry":{"type":"LineString","coordinates":[[21.69361,53.09583],[21.69273,53.09757]]}},{"type":"Feature","properties":{"numer":"2591W","klasa":"droga zbiorcza","kat":"powiatowa"},"geometry":{"type":"LineString","coordinates":[[21.69273,53.09757],[21.6927,53.09765]]}},{"type":"Feature","properties":{"numer":"2552W","klasa":"droga zbiorcza","kat":"powiatowa"},"geometry":{"type":"LineString","coordinates":[[21.64719,53.11014],[21.66363,53.09581],[21.66676,53.092],[21.66912,53.08969],[21.66983,53.08853]]}},{"type":"Feature","properties":{"numer":"2591W","klasa":"droga zbiorcza","kat":"powiatowa"},"geometry":{"type":"LineString","coordinates":[[21.6927,53.09765],[21.69226,53.09925],[21.69249,53.09963],[21.69314,53.09993],[21.6954,53.10028],[21.69718,53.10102],[21.68748,53.10896],[21.68648,53.10992],[21.67727,53.11686],[21.67577,53.11812],[21.67531,53.11862]]}},{"type":"Feature","properties":{"numer":"","klasa":"droga gĹ‚Ăłwna ruchu przyĹ›pieszonego","kat":"gminna"},"geometry":{"type":"LineString","coordinates":[[21.64719,53.11014],[21.67531,53.11862]]}},{"type":"Feature","properties":{"numer":"","klasa":"droga gĹ‚Ăłwna ruchu przyĹ›pieszonego","kat":"gminna"},"geometry":{"type":"LineString","coordinates":[[21.67531,53.11862],[21.67881,53.11968]]}},{"type":"Feature","properties":{"numer":"61","klasa":"droga gĹ‚Ăłwna ruchu przyĹ›pieszonego","kat":"krajowa"},"geometry":{"type":"LineString","coordinates":[[21.67881,53.11968],[21.67885,53.11969]]}},{"type":"Feature","properties":{"numer":"251028W","klasa":"","kat":"powiatowa"},"geometry":{"type":"LineString","coordinates":[[21.67881,53.11968],[21.67865,53.11988]]}},{"type":"Feature","properties":{"numer":"","klasa":"droga gĹ‚Ăłwna ruchu przyĹ›pieszonego","kat":"gminna"},"geometry":{"type":"LineString","coordinates":[[21.67885,53.11969],[21.707716656922866,53.1283839343637]]}},{"type":"Feature","properties":{"numer":"2539W","klasa":"droga zbiorcza","kat":"powiatowa"},"geometry":{"type":"LineString","coordinates":[[21.64459,53.16477],[21.66785,53.16681],[21.66898,53.16698],[21.66993,53.16734]]}},{"type":"Feature","properties":{"numer":"2539W","klasa":"droga zbiorcza","kat":"powiatowa"},"geometry":{"type":"LineString","coordinates":[[21.68862,53.1729],[21.67817,53.17056],[21.67507,53.1698],[21.66993,53.16734]]}},{"type":"Feature","properties":{"numer":"2539W","klasa":"droga zbiorcza","kat":"powiatowa"},"geometry":{"type":"LineString","coordinates":[[21.69274,53.17418],[21.69205,53.1738],[21.68862,53.1729]]}},{"type":"Feature","properties":{"numer":"1907B","klasa":"","kat":"powiatowa"},"geometry":{"type":"LineString","coordinates":[[21.69282,53.17423],[21.69274,53.17418]]}},{"type":"Feature","properties":{"numer":"1907B","klasa":"","kat":"powiatowa"},"geometry":{"type":"LineString","coordinates":[[21.692874572963802,53.17426559106335],[21.69282,53.17423]]}},{"type":"Feature","properties":{"numer":"2522W","klasa":"droga zbiorcza","kat":"powiatowa"},"geometry":{"type":"LineString","coordinates":[[21.64937,53.21107],[21.6521,53.20982],[21.65264,53.20941],[21.65345,53.20858],[21.6542,53.20746],[21.66765,53.19431],[21.67295,53.19512],[21.67333,53.19516],[21.67362,53.19507],[21.68531,53.17501],[21.68575,53.17455],[21.68678,53.17388],[21.68862,53.1729]]}},{"type":"Feature","properties":{"numer":"2537W","klasa":"droga zbiorcza","kat":"powiatowa"},"geometry":{"type":"LineString","coordinates":[[21.6606,53.21312],[21.66083,53.21313]]}},{"type":"Feature","properties":{"numer":"2537W","klasa":"droga zbiorcza","kat":"powiatowa"},"geometry":{"type":"LineString","coordinates":[[21.66083,53.21313],[21.66358,53.21308],[21.66975,53.21424],[21.67159,53.21476],[21.67556,53.2162],[21.677524864839416,53.21643937439668]]}},{"type":"Feature","properties":{"numer":"645","klasa":"droga gĹ‚Ăłwna","kat":"wojewodzka"},"geometry":{"type":"LineString","coordinates":[[21.66345,53.30301],[21.663450350027077,53.30300991904911]]}},{"type":"Feature","properties":{"numer":"104467B","klasa":"droga lokalna","kat":"powiatowa"},"geometry":{"type":"LineString","coordinates":[[21.67466,53.31226],[21.674779077847877,53.31212161223085]]}},{"type":"Feature","properties":{"numer":"647","klasa":"droga zbiorcza","kat":"wojewodzka"},"geometry":{"type":"LineString","coordinates":[[21.660427436939354,53.384598661350914],[21.66042,53.3846]]}},{"type":"Feature","properties":{"numer":"3210W","klasa":"droga zbiorcza","kat":"powiatowa"},"geometry":{"type":"LineString","coordinates":[[21.16803,53.24345],[21.16774,53.2477],[21.16618,53.24872],[21.16311,53.25052],[21.16193,53.25288],[21.16173,53.25308],[21.15882,53.25429],[21.15833,53.2546],[21.15655,53.25718],[21.156409242215368,53.257297555952]]}},{"type":"Feature","properties":{"numer":"2511W","klasa":"droga zbiorcza","kat":"powiatowa"},"geometry":{"type":"LineString","coordinates":[[21.15208,53.30495],[21.15225,53.30486]]}},{"type":"Feature","properties":{"numer":"2511W","klasa":"droga zbiorcza","kat":"powiatowa"},"geometry":{"type":"LineString","coordinates":[[21.14737,53.32467],[21.14513,53.32169],[21.14435,53.32021],[21.14432,53.31983],[21.1449,53.31727],[21.14507,53.31598],[21.148,53.30852],[21.14957,53.30695],[21.1512,53.30598],[21.15171,53.30525],[21.15208,53.30495]]}},{"type":"Feature","properties":{"numer":"614","klasa":"droga zbiorcza","kat":"wojewodzka"},"geometry":{"type":"LineString","coordinates":[[21.13912,53.32428],[21.13792,53.32383],[21.1324,53.32071],[21.12996,53.31893],[21.12683,53.31703],[21.11958,53.31464]]}},{"type":"Feature","properties":{"numer":"614","klasa":"droga zbiorcza","kat":"wojewodzka"},"geometry":{"type":"LineString","coordinates":[[21.14001,53.32444],[21.13912,53.32428]]}},{"type":"Feature","properties":{"numer":"614","klasa":"droga zbiorcza","kat":"wojewodzka"},"geometry":{"type":"LineString","coordinates":[[21.14737,53.32467],[21.14001,53.32444]]}},{"type":"Feature","properties":{"numer":"614","klasa":"droga zbiorcza","kat":"wojewodzka"},"geometry":{"type":"LineString","coordinates":[[21.16221,53.32508],[21.14737,53.32467]]}},{"type":"Feature","properties":{"numer":"2509W","klasa":"droga zbiorcza","kat":"powiatowa"},"geometry":{"type":"LineString","coordinates":[[21.13912,53.32428],[21.13503,53.32606],[21.13443,53.3264],[21.13408,53.32769],[21.13384,53.32805],[21.1294,53.33165],[21.12594,53.3347],[21.12551,53.33487],[21.12407,53.3351],[21.12341,53.33553],[21.12259,53.33586],[21.11922,53.33623],[21.11891,53.33628],[21.11858,53.33644],[21.11805,53.33738],[21.11809,53.33757],[21.11885,53.33852],[21.11898,53.33911],[21.11631,53.34603],[21.11524,53.34724],[21.11478,53.34745],[21.1143,53.3474],[21.11237,53.34682],[21.11217,53.34687],[21.11065,53.34899]]}},{"type":"Feature","properties":{"numer":"2509W","klasa":"droga zbiorcza","kat":"powiatowa"},"geometry":{"type":"LineString","coordinates":[[21.11065,53.34899],[21.10982,53.35027],[21.10991,53.3507],[21.11009,53.35089],[21.11295,53.35212],[21.11473,53.35326],[21.11621,53.35373],[21.11707,53.35391],[21.118,53.35392],[21.11974,53.35375],[21.12107,53.35375],[21.123,53.35322],[21.12565,53.35292],[21.12711,53.35263],[21.13018,53.35235],[21.13189,53.35274],[21.13364,53.353],[21.13616,53.35303],[21.13973,53.35354],[21.14228,53.35412],[21.14467,53.35627],[21.14577,53.35714],[21.14676,53.35776],[21.14823,53.35997],[21.14876,53.36054],[21.14962,53.36092],[21.15264,53.36161],[21.15506,53.36198],[21.15709,53.36207],[21.16559,53.36161],[21.17176,53.3614]]}},{"type":"Feature","properties":{"numer":"614","klasa":"droga zbiorcza","kat":"wojewodzka"},"geometry":{"type":"LineString","coordinates":[[21.10749,53.30923],[21.10739857423694,53.30915118468702]]}},{"type":"Feature","properties":{"numer":"614","klasa":"droga zbiorcza","kat":"wojewodzka"},"geometry":{"type":"LineString","coordinates":[[21.11933,53.31456],[21.11146,53.31196],[21.10896,53.31038],[21.10749,53.30923]]}},{"type":"Feature","properties":{"numer":"614","klasa":"droga zbiorcza","kat":"wojewodzka"},"geometry":{"type":"LineString","coordinates":[[21.11958,53.31464],[21.11933,53.31456]]}},{"type":"Feature","properties":{"numer":"2539W","klasa":"droga zbiorcza","kat":"powiatowa"},"geometry":{"type":"LineString","coordinates":[[21.56934,53.10618],[21.56874,53.10562],[21.56705,53.10431],[21.566477229245052,53.10329353358981]]}},{"type":"Feature","properties":{"numer":"","klasa":"droga gĹ‚Ăłwna ruchu przyĹ›pieszonego","kat":"gminna"},"geometry":{"type":"LineString","coordinates":[[21.631572466845622,53.10542190396093],[21.64087,53.10822]]}},{"type":"Feature","properties":{"numer":"2542W","klasa":"droga zbiorcza","kat":"powiatowa"},"geometry":{"type":"LineString","coordinates":[[21.51544,53.0868],[21.51526,53.08703],[21.51336,53.08837],[21.50745,53.09217],[21.50153,53.09756],[21.50011,53.0987],[21.49835,53.09944],[21.48501,53.10453],[21.48223,53.10585],[21.48177,53.10621],[21.48128,53.10715],[21.48104,53.10735],[21.47948,53.10781],[21.47836,53.10833],[21.47465,53.10591],[21.47392,53.1057],[21.4733,53.10568],[21.47253,53.10581],[21.46829,53.1073],[21.46756,53.10743],[21.46569,53.10753],[21.46521,53.10762],[21.4634,53.10876],[21.46302,53.10892],[21.45936,53.10949],[21.45624,53.11076],[21.45236,53.11191],[21.45182,53.11193],[21.44997,53.11171],[21.44916,53.11172],[21.43854,53.11245],[21.43581,53.11257],[21.43261,53.11293],[21.42978,53.11307],[21.42867,53.11346],[21.42755,53.11425],[21.42561,53.11629],[21.42516,53.11664],[21.42261,53.11768],[21.42018,53.11835]]}},{"type":"Feature","properties":{"numer":"53","klasa":"droga gĹ‚Ăłwna","kat":"krajowa"},"geometry":{"type":"LineString","coordinates":[[21.49814,53.13701],[21.50097,53.13505],[21.50273,53.13407],[21.50324,53.13366],[21.51516,53.1224],[21.52187,53.1184],[21.53001,53.11486],[21.53109,53.1142],[21.54324,53.10005],[21.54439,53.09911],[21.545884978879503,53.09825073643842]]}},{"type":"Feature","properties":{"numer":"2536W","klasa":"droga zbiorcza","kat":"powiatowa"},"geometry":{"type":"LineString","coordinates":[[21.49137,53.13408],[21.49152,53.13408]]}},{"type":"Feature","properties":{"numer":"2536W","klasa":"droga zbiorcza","kat":"powiatowa"},"geometry":{"type":"LineString","coordinates":[[21.49152,53.13408],[21.49288,53.13415],[21.49411,53.13446],[21.49496,53.13523],[21.49752,53.13641],[21.49814,53.13701]]}},{"type":"Feature","properties":{"numer":"2536W","klasa":"droga zbiorcza","kat":"powiatowa"},"geometry":{"type":"LineString","coordinates":[[21.45568,53.13936],[21.45645,53.13901],[21.45717,53.13886],[21.47467,53.13752],[21.47675,53.13725],[21.48909,53.13487],[21.48994,53.1346],[21.49056,53.13419],[21.49137,53.13408]]}},{"type":"Feature","properties":{"numer":"53","klasa":"droga gĹ‚Ăłwna","kat":"krajowa"},"geometry":{"type":"LineString","coordinates":[[21.4815,53.15453],[21.48214,53.15207],[21.48271,53.1512],[21.48579,53.14838],[21.49615,53.13848],[21.49814,53.13701]]}},{"type":"Feature","properties":{"numer":"53","klasa":"droga gĹ‚Ăłwna","kat":"krajowa"},"geometry":{"type":"LineString","coordinates":[[21.47966,53.15809],[21.48089,53.15659],[21.4815,53.15453]]}},{"type":"Feature","properties":{"numer":"53","klasa":"droga gĹ‚Ăłwna","kat":"krajowa"},"geometry":{"type":"LineString","coordinates":[[21.4796,53.15817],[21.47966,53.15809]]}},{"type":"Feature","properties":{"numer":"53","klasa":"droga gĹ‚Ăłwna","kat":"krajowa"},"geometry":{"type":"LineString","coordinates":[[21.47867,53.15923],[21.4796,53.15817]]}},{"type":"Feature","properties":{"numer":"2537W","klasa":"droga zbiorcza","kat":"powiatowa"},"geometry":{"type":"LineString","coordinates":[[21.4815,53.15453],[21.48188,53.15467],[21.48586,53.15838],[21.49092,53.16049],[21.50777,53.16997]]}},{"type":"Feature","properties":{"numer":"","klasa":"","kat":"gminna"},"geometry":{"type":"LineString","coordinates":[[21.640783090158294,53.10806169993118],[21.64087,53.10822]]}},{"type":"Feature","properties":{"numer":"","klasa":"droga gĹ‚Ăłwna ruchu przyĹ›pieszonego","kat":"gminna"},"geometry":{"type":"LineString","coordinates":[[21.64087,53.10822],[21.64719,53.11014]]}},{"type":"Feature","properties":{"numer":"2539W","klasa":"droga zbiorcza","kat":"powiatowa"},"geometry":{"type":"LineString","coordinates":[[21.62074,53.14677],[21.62028,53.14611],[21.61996,53.14582],[21.61688,53.14426],[21.61387,53.14324],[21.61121,53.14259],[21.60969,53.14169],[21.60898,53.14142],[21.60799,53.14117],[21.60576,53.14085],[21.60516,53.1407],[21.60225,53.13944],[21.60169,53.13912],[21.60037,53.13788],[21.59916,53.13554],[21.59739,53.13344],[21.59673,53.13153],[21.59537,53.12965],[21.59455,53.12754],[21.59172,53.12457],[21.59007,53.12039],[21.58974,53.11997],[21.58803,53.11895],[21.57471,53.11272]]}},{"type":"Feature","properties":{"numer":"2539W","klasa":"droga zbiorcza","kat":"powiatowa"},"geometry":{"type":"LineString","coordinates":[[21.6209,53.147],[21.62074,53.14677]]}},{"type":"Feature","properties":{"numer":"2539W","klasa":"droga zbiorcza","kat":"powiatowa"},"geometry":{"type":"LineString","coordinates":[[21.62139,53.14764],[21.6209,53.147]]}},{"type":"Feature","properties":{"numer":"2539W","klasa":"droga zbiorcza","kat":"powiatowa"},"geometry":{"type":"LineString","coordinates":[[21.62489,53.15061],[21.62395,53.1498],[21.6223,53.14865],[21.62139,53.14764]]}},{"type":"Feature","properties":{"numer":"2541W","klasa":"droga zbiorcza","kat":"powiatowa"},"geometry":{"type":"LineString","coordinates":[[21.66993,53.16734],[21.67033,53.16714],[21.67173,53.16676],[21.67315,53.16551],[21.67526,53.16431],[21.67598,53.16366],[21.67689,53.16231],[21.67779,53.16149],[21.67758,53.16128],[21.67662,53.16075],[21.67397,53.15947],[21.67329,53.15905],[21.6634,53.14578],[21.6628,53.14511],[21.66198,53.14443],[21.66157,53.14436],[21.65786,53.14429],[21.65702,53.14446],[21.65546,53.14502],[21.6547,53.14511],[21.64315,53.14463],[21.64172,53.14468],[21.63538,53.14528],[21.62139,53.14764]]}},{"type":"Feature","properties":{"numer":"2539W","klasa":"droga zbiorcza","kat":"powiatowa"},"geometry":{"type":"LineString","coordinates":[[21.62489,53.15061],[21.62596,53.15122],[21.62757,53.15235],[21.62907,53.15351],[21.63103,53.15521],[21.63374,53.15705],[21.63511,53.15822],[21.63599,53.15866],[21.63883,53.15977],[21.64249,53.1618],[21.64281,53.16218],[21.64301,53.16292],[21.64387,53.16457]]}},{"type":"Feature","properties":{"numer":"2539W","klasa":"droga zbiorcza","kat":"powiatowa"},"geometry":{"type":"LineString","coordinates":[[21.64387,53.16457],[21.64402,53.16469]]}},{"type":"Feature","properties":{"numer":"2539W","klasa":"droga zbiorcza","kat":"powiatowa"},"geometry":{"type":"LineString","coordinates":[[21.64402,53.16469],[21.64426,53.16477]]}},{"type":"Feature","properties":{"numer":"2583W","klasa":"droga zbiorcza","kat":"powiatowa"},"geometry":{"type":"LineString","coordinates":[[21.41689,53.11635],[21.41735,53.11668],[21.41945,53.11779],[21.42018,53.11835]]}},{"type":"Feature","properties":{"numer":"2583W","klasa":"droga zbiorcza","kat":"powiatowa"},"geometry":{"type":"LineString","coordinates":[[21.42018,53.11835],[21.4215,53.1198],[21.42381,53.12152]]}},{"type":"Feature","properties":{"numer":"2583W","klasa":"droga zbiorcza","kat":"powiatowa"},"geometry":{"type":"LineString","coordinates":[[21.42381,53.12152],[21.42433,53.1219]]}},{"type":"Feature","properties":{"numer":"2583W","klasa":"droga zbiorcza","kat":"powiatowa"},"geometry":{"type":"LineString","coordinates":[[21.42433,53.1219],[21.42558,53.12276]]}},{"type":"Feature","properties":{"numer":"250914W","klasa":"","kat":"powiatowa"},"geometry":{"type":"LineString","coordinates":[[21.42621,53.12258],[21.42558,53.12276]]}},{"type":"Feature","properties":{"numer":"2583W","klasa":"droga zbiorcza","kat":"powiatowa"},"geometry":{"type":"LineString","coordinates":[[21.42558,53.12276],[21.42711,53.12354],[21.42984,53.12509],[21.43135,53.12577],[21.43293,53.12661],[21.43475,53.12717],[21.43852,53.12775],[21.44055,53.1284],[21.44146,53.12894],[21.44652,53.13255],[21.45024,53.13488],[21.4522,53.13637],[21.45412,53.13622],[21.45445,53.13629],[21.45546,53.1381],[21.45568,53.13936]]}},{"type":"Feature","properties":{"numer":"2536W","klasa":"droga zbiorcza","kat":"powiatowa"},"geometry":{"type":"LineString","coordinates":[[21.44727,53.15098],[21.44927,53.14897],[21.44977,53.14834],[21.45411,53.14039],[21.45432,53.14018],[21.45568,53.13936]]}},{"type":"Feature","properties":{"numer":"2536W","klasa":"droga zbiorcza","kat":"powiatowa"},"geometry":{"type":"LineString","coordinates":[[21.44727,53.15098],[21.44718,53.15108]]}},{"type":"Feature","properties":{"numer":"2536W","klasa":"droga zbiorcza","kat":"powiatowa"},"geometry":{"type":"LineString","coordinates":[[21.4412,53.1595],[21.43989,53.15667],[21.43961,53.15601],[21.43964,53.1558],[21.44058,53.15516],[21.44404,53.1539],[21.44458,53.15359],[21.44509,53.1532],[21.44718,53.15108]]}},{"type":"Feature","properties":{"numer":"2535W","klasa":"droga zbiorcza","kat":"powiatowa"},"geometry":{"type":"LineString","coordinates":[[21.4412,53.1595],[21.45187,53.1575],[21.47357,53.1598],[21.47476,53.15974],[21.47822,53.15917],[21.47867,53.15923]]}},{"type":"Feature","properties":{"numer":"2539W","klasa":"droga zbiorcza","kat":"powiatowa"},"geometry":{"type":"LineString","coordinates":[[21.57464,53.11269],[21.57361,53.11198],[21.57043,53.10891],[21.57009,53.10839],[21.56934,53.10618]]}},{"type":"Feature","properties":{"numer":"2539W","klasa":"droga zbiorcza","kat":"powiatowa"},"geometry":{"type":"LineString","coordinates":[[21.57471,53.11272],[21.57464,53.11269]]}},{"type":"Feature","properties":{"numer":"2538W","klasa":"droga zbiorcza","kat":"powiatowa"},"geometry":{"type":"LineString","coordinates":[[21.55414,53.1372],[21.55578,53.13652],[21.55637,53.13615],[21.55665,53.13579],[21.55685,53.13462],[21.55672,53.13291],[21.5582,53.12796],[21.55843,53.12491],[21.55964,53.12048],[21.55972,53.11886],[21.56042,53.11771],[21.56079,53.11651],[21.56255,53.11451],[21.56306,53.11341],[21.56313,53.11279],[21.56296,53.11198],[21.5623,53.11055],[21.55914,53.10838],[21.55747,53.10628],[21.556116634893623,53.105184418723404]]}},{"type":"Feature","properties":{"numer":"2538W","klasa":"droga zbiorcza","kat":"powiatowa"},"geometry":{"type":"LineString","coordinates":[[21.55333,53.13801],[21.55347,53.13764],[21.55414,53.1372]]}},{"type":"Feature","properties":{"numer":"2538W","klasa":"droga zbiorcza","kat":"powiatowa"},"geometry":{"type":"LineString","coordinates":[[21.55364,53.1386],[21.55333,53.13801]]}},{"type":"Feature","properties":{"numer":"2538W","klasa":"droga zbiorcza","kat":"powiatowa"},"geometry":{"type":"LineString","coordinates":[[21.55364,53.1386],[21.55433,53.14044],[21.55539,53.14227],[21.55545,53.14306],[21.55526,53.14378],[21.55565,53.14558],[21.55543,53.14618],[21.55363,53.14853],[21.54905,53.15667],[21.54825,53.16745],[21.54816,53.16794],[21.54683,53.17142]]}},{"type":"Feature","properties":{"numer":"2537W","klasa":"droga zbiorcza","kat":"powiatowa"},"geometry":{"type":"LineString","coordinates":[[21.54683,53.17142],[21.54754,53.17154],[21.54923,53.17206],[21.54989,53.17236],[21.55026,53.17266],[21.55157,53.17421],[21.55206,53.17592],[21.55246,53.17632],[21.55444,53.17704],[21.55578,53.17776],[21.55657,53.17781]]}},{"type":"Feature","properties":{"numer":"2537W","klasa":"droga zbiorcza","kat":"powiatowa"},"geometry":{"type":"LineString","coordinates":[[21.55657,53.17781],[21.56028,53.1777],[21.56085,53.17784],[21.56563,53.18171],[21.56896,53.18343],[21.57422,53.18559],[21.57511,53.1858],[21.57773,53.18574],[21.57994,53.18611]]}},{"type":"Feature","properties":{"numer":"2537W","klasa":"droga zbiorcza","kat":"powiatowa"},"geometry":{"type":"LineString","coordinates":[[21.57994,53.18611],[21.58027,53.18617]]}},{"type":"Feature","properties":{"numer":"2523W","klasa":"droga zbiorcza","kat":"powiatowa"},"geometry":{"type":"LineString","coordinates":[[21.60515,53.18989],[21.6056,53.19294],[21.60551,53.19317],[21.60178,53.19633],[21.59996,53.19725],[21.59747,53.19906],[21.59679,53.20002],[21.59575,53.20231],[21.59408,53.20421],[21.59387,53.20561],[21.59223,53.20931],[21.58959,53.2123],[21.58607,53.21455],[21.58468,53.21643],[21.58375,53.21722],[21.58318,53.21784],[21.58224,53.21927],[21.5798,53.22209],[21.57821,53.22312],[21.57589,53.22398],[21.57424,53.22481],[21.56801,53.22916],[21.56757,53.22954],[21.56626,53.23166],[21.5652,53.23262],[21.56335,53.23411],[21.56278,53.23433],[21.55973,53.23516],[21.55589,53.23579],[21.55291,53.23661],[21.55215,53.237],[21.55144,53.23748],[21.55048,53.2379],[21.54793,53.23944],[21.54335,53.24246],[21.53939,53.24439],[21.53652,53.24594],[21.53491,53.24705],[21.52966,53.25155],[21.52601,53.25433],[21.52543,53.25506],[21.52451,53.25657]]}},{"type":"Feature","properties":{"numer":"2537W","klasa":"droga zbiorcza","kat":"powiatowa"},"geometry":{"type":"LineString","coordinates":[[21.50777,53.16997],[21.50876,53.17038],[21.5099,53.17055],[21.53765,53.17036],[21.54683,53.17142]]}},{"type":"Feature","properties":{"numer":"53","klasa":"droga gĹ‚Ăłwna","kat":"krajowa"},"geometry":{"type":"LineString","coordinates":[[21.45895,53.1829],[21.45994,53.18149],[21.46798,53.17152],[21.47867,53.15923]]}},{"type":"Feature","properties":{"numer":"2526W","klasa":"droga zbiorcza","kat":"powiatowa"},"geometry":{"type":"LineString","coordinates":[[21.50777,53.16997],[21.50764,53.17018],[21.508,53.17081],[21.50831,53.17228],[21.50815,53.17306],[21.50865,53.17472],[21.50861,53.17615],[21.50846,53.17712],[21.50676,53.18297],[21.50544,53.18325],[21.50347,53.18351],[21.5025,53.18382],[21.50114,53.18449],[21.49876,53.18496],[21.49829,53.18482],[21.49744,53.18426],[21.49638,53.18373],[21.49436,53.18194],[21.49388,53.18172],[21.49324,53.18157]]}},{"type":"Feature","properties":{"numer":"2526W","klasa":"droga zbiorcza","kat":"powiatowa"},"geometry":{"type":"LineString","coordinates":[[21.49324,53.18157],[21.49311,53.18155]]}},{"type":"Feature","properties":{"numer":"2526W","klasa":"droga zbiorcza","kat":"powiatowa"},"geometry":{"type":"LineString","coordinates":[[21.45895,53.1829],[21.4594,53.18292],[21.46271,53.18202],[21.46473,53.18163],[21.46753,53.18066],[21.47459,53.18082],[21.47687,53.18106],[21.4836,53.18278]]}},{"type":"Feature","properties":{"numer":"2526W","klasa":"droga zbiorcza","kat":"powiatowa"},"geometry":{"type":"LineString","coordinates":[[21.4836,53.18278],[21.49006,53.18112],[21.49311,53.18155]]}},{"type":"Feature","properties":{"numer":"2525W","klasa":"droga zbiorcza","kat":"powiatowa"},"geometry":{"type":"LineString","coordinates":[[21.49501,53.20836],[21.49511,53.20637],[21.49502,53.20574],[21.49239,53.20232],[21.49274,53.19878],[21.49209,53.19748],[21.49146,53.19658],[21.49228,53.19547],[21.48753,53.18965],[21.4836,53.18278]]}},{"type":"Feature","properties":{"numer":"2524W","klasa":"droga zbiorcza","kat":"powiatowa"},"geometry":{"type":"LineString","coordinates":[[21.47202,53.23894],[21.4731,53.23846],[21.47516,53.23787],[21.47799,53.23676],[21.4815,53.23582],[21.48275,53.23558],[21.48772,53.2352],[21.49259,53.23389],[21.49306,53.23371],[21.49345,53.23345],[21.49464,53.23233],[21.49514,53.23196],[21.49729,53.2309],[21.49826,53.23056],[21.51175,53.22833],[21.51275,53.22779],[21.51647,53.22618],[21.5224,53.2248],[21.52458,53.2247],[21.52533,53.22458],[21.52604,53.22424],[21.52913,53.22167],[21.53289,53.21954],[21.53341,53.2188],[21.53352,53.21826],[21.53259,53.21469],[21.53115,53.21322],[21.52708,53.20955],[21.52812,53.20802],[21.52901,53.20697],[21.5293,53.20682],[21.53207,53.20623],[21.53372,53.20619],[21.53474,53.20603],[21.5358,53.20599],[21.53605,53.20589],[21.53335,53.2007],[21.53336,53.20017],[21.53373,53.1994],[21.53414,53.19889],[21.53463,53.1985],[21.53807,53.19752],[21.54143,53.19691],[21.54501,53.19562],[21.5468,53.19517],[21.54843,53.19445],[21.55046,53.1934],[21.55136,53.19307],[21.56009,53.19033],[21.55657,53.17781]]}},{"type":"Feature","properties":{"numer":"2525W","klasa":"droga zbiorcza","kat":"powiatowa"},"geometry":{"type":"LineString","coordinates":[[21.49501,53.20836],[21.4947,53.20841]]}},{"type":"Feature","properties":{"numer":"2525W","klasa":"droga zbiorcza","kat":"powiatowa"},"geometry":{"type":"LineString","coordinates":[[21.46658,53.22982],[21.46719,53.22969],[21.46741,53.22955],[21.47133,53.22514],[21.4727,53.22404],[21.47382,53.22232],[21.47484,53.22168],[21.4762,53.221],[21.47689,53.2203],[21.47733,53.22001],[21.47903,53.2194],[21.48028,53.21884],[21.48199,53.21854],[21.48337,53.21783],[21.48419,53.21724],[21.48554,53.21582],[21.48649,53.21503],[21.48759,53.21374],[21.49068,53.21162],[21.49107,53.211],[21.49149,53.2106],[21.4947,53.20841]]}},{"type":"Feature","properties":{"numer":"2543W","klasa":"droga zbiorcza","kat":"powiatowa"},"geometry":{"type":"LineString","coordinates":[[21.38999,53.11909],[21.38668,53.11731],[21.38607,53.11707],[21.38279,53.11703],[21.38025,53.11726]]}},{"type":"Feature","properties":{"numer":"2543W","klasa":"droga zbiorcza","kat":"powiatowa"},"geometry":{"type":"LineString","coordinates":[[21.38025,53.11726],[21.37664,53.11832],[21.37586,53.11862],[21.37454,53.11975],[21.3742,53.12074],[21.37233,53.12266]]}},{"type":"Feature","properties":{"numer":"2543W","klasa":"droga zbiorcza","kat":"powiatowa"},"geometry":{"type":"LineString","coordinates":[[21.37233,53.12266],[21.37231,53.12269]]}},{"type":"Feature","properties":{"numer":"2536W","klasa":"droga zbiorcza","kat":"powiatowa"},"geometry":{"type":"LineString","coordinates":[[21.3751,53.18552],[21.3868,53.17848],[21.39063,53.17696],[21.3919,53.17628],[21.39902,53.17088],[21.39982,53.16972],[21.40145,53.1682],[21.40218,53.16774],[21.40537,53.16633],[21.40639,53.16603],[21.40879,53.16558],[21.4131,53.16519],[21.41734,53.16492],[21.41793,53.16472],[21.41998,53.16365],[21.42071,53.16337],[21.4412,53.1595]]}},{"type":"Feature","properties":{"numer":"2536W","klasa":"droga zbiorcza","kat":"powiatowa"},"geometry":{"type":"LineString","coordinates":[[21.35929,53.18358],[21.36013,53.18389],[21.36226,53.18618],[21.36244,53.18634],[21.36297,53.18654]]}},{"type":"Feature","properties":{"numer":"2536W","klasa":"droga zbiorcza","kat":"powiatowa"},"geometry":{"type":"LineString","coordinates":[[21.3751,53.18552],[21.37472,53.18578]]}},{"type":"Feature","properties":{"numer":"2536W","klasa":"droga zbiorcza","kat":"powiatowa"},"geometry":{"type":"LineString","coordinates":[[21.37472,53.18578],[21.37465,53.18585]]}},{"type":"Feature","properties":{"numer":"2536W","klasa":"droga zbiorcza","kat":"powiatowa"},"geometry":{"type":"LineString","coordinates":[[21.37415,53.18584],[21.37451,53.18585]]}},{"type":"Feature","properties":{"numer":"2536W","klasa":"droga zbiorcza","kat":"powiatowa"},"geometry":{"type":"LineString","coordinates":[[21.37465,53.18585],[21.37451,53.18585]]}},{"type":"Feature","properties":{"numer":"2532W","klasa":"droga zbiorcza","kat":"powiatowa"},"geometry":{"type":"LineString","coordinates":[[21.37465,53.18585],[21.37478,53.18585]]}},{"type":"Feature","properties":{"numer":"2534W","klasa":"droga zbiorcza","kat":"powiatowa"},"geometry":{"type":"LineString","coordinates":[[21.4412,53.1595],[21.44805,53.17395],[21.44921,53.17621],[21.45211,53.1795],[21.45381,53.18089],[21.45862,53.18339]]}},{"type":"Feature","properties":{"numer":"53","klasa":"droga gĹ‚Ăłwna","kat":"krajowa"},"geometry":{"type":"LineString","coordinates":[[21.45862,53.18339],[21.45895,53.1829]]}},{"type":"Feature","properties":{"numer":"53","klasa":"droga gĹ‚Ăłwna","kat":"krajowa"},"geometry":{"type":"LineString","coordinates":[[21.45282,53.18984],[21.45324,53.18881],[21.45367,53.18811],[21.45635,53.18584],[21.45814,53.18403],[21.45862,53.18339]]}},{"type":"Feature","properties":{"numer":"53","klasa":"droga gĹ‚Ăłwna","kat":"krajowa"},"geometry":{"type":"LineString","coordinates":[[21.45211,53.19355],[21.45282,53.18984]]}},{"type":"Feature","properties":{"numer":"53","klasa":"droga gĹ‚Ăłwna","kat":"krajowa"},"geometry":{"type":"LineString","coordinates":[[21.4563,53.2084],[21.45551,53.20727],[21.45482,53.20513],[21.45326,53.19912],[21.45215,53.1943],[21.45211,53.19355]]}},{"type":"Feature","properties":{"numer":"2531W","klasa":"droga zbiorcza","kat":"powiatowa"},"geometry":{"type":"LineString","coordinates":[[21.4079,53.21091],[21.4128,53.20746],[21.4147,53.20622],[21.4155,53.20535],[21.41608,53.20502],[21.4206,53.20382],[21.42607,53.20287],[21.42917,53.2017],[21.43037,53.20086],[21.43415,53.19985],[21.43662,53.19888],[21.43884,53.1985],[21.44249,53.19748],[21.44694,53.19704],[21.45174,53.19363],[21.45211,53.19355]]}},{"type":"Feature","properties":{"numer":"53","klasa":"droga gĹ‚Ăłwna","kat":"krajowa"},"geometry":{"type":"LineString","coordinates":[[21.45639,53.20851],[21.4563,53.2084]]}},{"type":"Feature","properties":{"numer":"2530W","klasa":"droga zbiorcza","kat":"powiatowa"},"geometry":{"type":"LineString","coordinates":[[21.43565,53.22429],[21.4331,53.22313],[21.40964,53.21124],[21.40915,53.21108],[21.4079,53.21091]]}},{"type":"Feature","properties":{"numer":"2530W","klasa":"droga zbiorcza","kat":"powiatowa"},"geometry":{"type":"LineString","coordinates":[[21.43579,53.22436],[21.43565,53.22429]]}},{"type":"Feature","properties":{"numer":"2530W","klasa":"droga zbiorcza","kat":"powiatowa"},"geometry":{"type":"LineString","coordinates":[[21.43579,53.22436],[21.43942,53.22601],[21.44645,53.22881],[21.4512,53.23108],[21.45641,53.23331],[21.45723,53.23357]]}},{"type":"Feature","properties":{"numer":"2532W","klasa":"droga zbiorcza","kat":"powiatowa"},"geometry":{"type":"LineString","coordinates":[[21.37478,53.18585],[21.37544,53.18586]]}},{"type":"Feature","properties":{"numer":"2533W","klasa":"droga zbiorcza","kat":"powiatowa"},"geometry":{"type":"LineString","coordinates":[[21.37465,53.18585],[21.37455,53.18591]]}},{"type":"Feature","properties":{"numer":"2533W","klasa":"droga zbiorcza","kat":"powiatowa"},"geometry":{"type":"LineString","coordinates":[[21.37455,53.18591],[21.37419,53.18617]]}},{"type":"Feature","properties":{"numer":"2536W","klasa":"droga zbiorcza","kat":"powiatowa"},"geometry":{"type":"LineString","coordinates":[[21.36297,53.18654],[21.36634,53.18719],[21.36687,53.18721],[21.37224,53.18592],[21.37415,53.18584]]}},{"type":"Feature","properties":{"numer":"2532W","klasa":"droga zbiorcza","kat":"powiatowa"},"geometry":{"type":"LineString","coordinates":[[21.37544,53.18586],[21.37779,53.18592],[21.38444,53.18516],[21.3903,53.18475],[21.40531,53.18548],[21.41219,53.18609],[21.41309,53.1862],[21.41539,53.18666],[21.42329,53.1874],[21.42535,53.18771],[21.42705,53.18787],[21.43059,53.18759],[21.43511,53.18737],[21.43925,53.18729],[21.44063,53.18737],[21.44143,53.1875],[21.44208,53.18769],[21.44611,53.18955],[21.44758,53.19014],[21.44858,53.1902],[21.44969,53.19016],[21.45267,53.18979],[21.45282,53.18984]]}},{"type":"Feature","properties":{"numer":"2533W","klasa":"droga zbiorcza","kat":"powiatowa"},"geometry":{"type":"LineString","coordinates":[[21.37419,53.18617],[21.37203,53.18795],[21.36987,53.19195]]}},{"type":"Feature","properties":{"numer":"2530W","klasa":"droga zbiorcza","kat":"powiatowa"},"geometry":{"type":"LineString","coordinates":[[21.36987,53.19195],[21.36692,53.19051],[21.36296,53.18664],[21.36297,53.18654]]}},{"type":"Feature","properties":{"numer":"2530W","klasa":"droga zbiorcza","kat":"powiatowa"},"geometry":{"type":"LineString","coordinates":[[21.4079,53.21091],[21.39929,53.20954],[21.39653,53.20747],[21.39562,53.20688],[21.39484,53.20671],[21.39194,53.20633],[21.38864,53.20542],[21.38816,53.20514],[21.38659,53.20382],[21.38098,53.20046],[21.37704,53.19658],[21.3755,53.19452],[21.37481,53.19391],[21.36987,53.19195]]}},{"type":"Feature","properties":{"numer":"2533W","klasa":"droga zbiorcza","kat":"powiatowa"},"geometry":{"type":"LineString","coordinates":[[21.36987,53.19195],[21.36987,53.19215],[21.37076,53.19418],[21.37013,53.19608],[21.36342,53.20714],[21.36043,53.21001],[21.35452,53.21274]]}},{"type":"Feature","properties":{"numer":"2528W","klasa":"droga zbiorcza","kat":"powiatowa"},"geometry":{"type":"LineString","coordinates":[[21.35452,53.21274],[21.36544,53.21591],[21.36858,53.21658],[21.37069,53.21692],[21.37231,53.2173],[21.375,53.2191],[21.37542,53.21974],[21.3768,53.22296],[21.37804,53.22507],[21.381,53.2274],[21.38257,53.22917],[21.38454,53.23105],[21.38491,53.23197],[21.386,53.23753],[21.38616,53.23788],[21.38708,53.2391]]}},{"type":"Feature","properties":{"numer":"2536W","klasa":"droga zbiorcza","kat":"powiatowa"},"geometry":{"type":"LineString","coordinates":[[21.35872,53.18344],[21.35929,53.18358]]}},{"type":"Feature","properties":{"numer":"2578W","klasa":"droga zbiorcza","kat":"powiatowa"},"geometry":{"type":"LineString","coordinates":[[21.30314,53.18439],[21.30311,53.18466],[21.30294,53.18489],[21.30207,53.18579],[21.30171,53.18603],[21.30088,53.18628],[21.2965,53.18695],[21.29608,53.18717],[21.2949,53.1884]]}},{"type":"Feature","properties":{"numer":"2578W","klasa":"droga zbiorcza","kat":"powiatowa"},"geometry":{"type":"LineString","coordinates":[[21.2949,53.1884],[21.29488,53.18842]]}},{"type":"Feature","properties":{"numer":"2577W","klasa":"droga zbiorcza","kat":"powiatowa"},"geometry":{"type":"LineString","coordinates":[[21.2884,53.21817],[21.28974,53.21775],[21.2901,53.21793],[21.29053,53.21785],[21.29194,53.2173],[21.29284,53.21711],[21.2936,53.21683],[21.29501,53.21608],[21.29533,53.2153],[21.29443,53.21467],[21.29441,53.21424],[21.2924,53.21136],[21.2924,53.21101],[21.2945,53.20901],[21.29543,53.20733],[21.3027,53.20276],[21.30515,53.20134],[21.30631,53.20054],[21.3069,53.19978],[21.30711,53.1985],[21.30693,53.19775],[21.30579,53.19572],[21.30589,53.19506],[21.3066,53.19383],[21.30532,53.18704],[21.30489,53.18639],[21.30314,53.18439]]}},{"type":"Feature","properties":{"numer":"2533W","klasa":"droga zbiorcza","kat":"powiatowa"},"geometry":{"type":"LineString","coordinates":[[21.35452,53.21274],[21.35081,53.21447],[21.34506,53.22027],[21.34444,53.22087],[21.34414,53.22103],[21.34081,53.22184],[21.33411,53.22234],[21.33241,53.22259],[21.3316,53.22279],[21.33079,53.22308],[21.32996,53.22351],[21.32965,53.22385],[21.32936,53.22451],[21.3291,53.22475],[21.3271,53.22594],[21.3261,53.22643],[21.32495,53.2267],[21.32027,53.22739],[21.31565,53.22886],[21.31289,53.23018],[21.31234,53.23057],[21.31193,53.23106],[21.31056,53.23366],[21.30618,53.23842],[21.30568,53.23873],[21.30356,53.23974],[21.29745,53.24254],[21.29709,53.24264],[21.2954,53.2428],[21.29173,53.24375],[21.28701,53.24558],[21.28056,53.24697],[21.27669,53.24793],[21.27592,53.24787],[21.27423,53.24726],[21.27386,53.24721],[21.27214,53.24759],[21.27002,53.24788],[21.26599,53.2482],[21.25944,53.24618],[21.25889,53.24614],[21.2583,53.24632],[21.25768,53.24674],[21.25355,53.25093],[21.24614,53.25485],[21.24381,53.2566],[21.24363,53.25685],[21.24346,53.25752],[21.24322,53.25776],[21.24061,53.259],[21.24004,53.25996],[21.23953,53.26035],[21.23852,53.26079],[21.23735,53.26118],[21.23464,53.26169],[21.23388,53.2619],[21.23098,53.2633],[21.23048,53.26372],[21.23022,53.26425],[21.23,53.26513],[21.23009,53.266]]}},{"type":"Feature","properties":{"numer":"2527W","klasa":"droga zbiorcza","kat":"powiatowa"},"geometry":{"type":"LineString","coordinates":[[21.31844,53.26938],[21.31549,53.26716],[21.31423,53.26636]]}},{"type":"Feature","properties":{"numer":"2527W","klasa":"droga zbiorcza","kat":"powiatowa"},"geometry":{"type":"LineString","coordinates":[[21.31855,53.26946],[21.31844,53.26938]]}},{"type":"Feature","properties":{"numer":"2527W","klasa":"droga zbiorcza","kat":"powiatowa"},"geometry":{"type":"LineString","coordinates":[[21.3224,53.27239],[21.31855,53.26946]]}},{"type":"Feature","properties":{"numer":"2527W","klasa":"droga zbiorcza","kat":"powiatowa"},"geometry":{"type":"LineString","coordinates":[[21.38183,53.27843],[21.38058,53.27709],[21.37904,53.27589],[21.37825,53.2754],[21.37592,53.27461],[21.37243,53.27407],[21.37145,53.27373],[21.37018,53.27309],[21.36748,53.27412],[21.36076,53.27567],[21.35795,53.27697],[21.35444,53.27761],[21.35341,53.27788],[21.35235,53.27836],[21.35183,53.27869],[21.35032,53.28004],[21.34782,53.28135],[21.34674,53.28178],[21.34279,53.28281],[21.34152,53.28187],[21.3407,53.2814],[21.34004,53.28114],[21.33656,53.28029],[21.33432,53.2795],[21.32542,53.276],[21.32441,53.27529],[21.3224,53.27239]]}},{"type":"Feature","properties":{"numer":"2513W","klasa":"droga zbiorcza","kat":"powiatowa"},"geometry":{"type":"LineString","coordinates":[[21.38279,53.319],[21.37421,53.31829],[21.37338,53.31839],[21.37017,53.31905],[21.36956,53.31909],[21.34252,53.32006],[21.33266,53.31923],[21.33078,53.31885],[21.32656,53.31867],[21.32465,53.31847],[21.32421,53.31848],[21.3229,53.31861],[21.32164,53.31902],[21.32013,53.31923],[21.31949,53.31939],[21.31706,53.32048],[21.31461,53.32182],[21.31015,53.32321]]}},{"type":"Feature","properties":{"numer":"250545W","klasa":"droga dojazdowa","kat":"powiatowa"},"geometry":{"type":"LineString","coordinates":[[21.45723,53.23357],[21.45773,53.23448]]}},{"type":"Feature","properties":{"numer":"250545W","klasa":"droga dojazdowa","kat":"powiatowa"},"geometry":{"type":"LineString","coordinates":[[21.45773,53.23448],[21.45816,53.23519]]}},{"type":"Feature","properties":{"numer":"250545W","klasa":"droga dojazdowa","kat":"powiatowa"},"geometry":{"type":"LineString","coordinates":[[21.45816,53.23519],[21.45833,53.23548]]}},{"type":"Feature","properties":{"numer":"250545W","klasa":"droga dojazdowa","kat":"powiatowa"},"geometry":{"type":"LineString","coordinates":[[21.45833,53.23548],[21.45866,53.23594]]}},{"type":"Feature","properties":{"numer":"2529W","klasa":"droga zbiorcza","kat":"powiatowa"},"geometry":{"type":"LineString","coordinates":[[21.38914,53.24069],[21.38965,53.24091],[21.39368,53.24202],[21.39457,53.24217],[21.41336,53.24217],[21.41433,53.24224],[21.41721,53.24286],[21.41998,53.24275],[21.4247,53.24275],[21.4271,53.24294],[21.42782,53.24293],[21.43344,53.2422],[21.43928,53.24107],[21.44449,53.24054],[21.44525,53.24038],[21.44833,53.23959],[21.45024,53.23899],[21.45866,53.23594]]}},{"type":"Feature","properties":{"numer":"53","klasa":"droga gĹ‚Ăłwna","kat":"krajowa"},"geometry":{"type":"LineString","coordinates":[[21.44317,53.25259],[21.44381,53.25214],[21.44624,53.25078],[21.4665,53.23764],[21.46703,53.23706],[21.46726,53.23648],[21.46711,53.23391]]}},{"type":"Feature","properties":{"numer":"2516W","klasa":"droga zbiorcza","kat":"powiatowa"},"geometry":{"type":"LineString","coordinates":[[21.44317,53.25259],[21.44332,53.25284],[21.44371,53.25555],[21.44466,53.25719],[21.44494,53.25807],[21.44496,53.25971],[21.4442,53.26105],[21.444,53.26182],[21.44437,53.26403],[21.43671,53.27218],[21.43637,53.27274],[21.43645,53.27347]]}},{"type":"Feature","properties":{"numer":"2516W","klasa":"droga zbiorcza","kat":"powiatowa"},"geometry":{"type":"LineString","coordinates":[[21.43645,53.27347],[21.43647,53.27352]]}},{"type":"Feature","properties":{"numer":"2516W","klasa":"droga zbiorcza","kat":"powiatowa"},"geometry":{"type":"LineString","coordinates":[[21.43647,53.27352],[21.43669,53.27392],[21.43708,53.27429],[21.4403,53.27608],[21.44042,53.27688],[21.44062,53.27719]]}},{"type":"Feature","properties":{"numer":"2516W","klasa":"droga zbiorcza","kat":"powiatowa"},"geometry":{"type":"LineString","coordinates":[[21.44062,53.27719],[21.44071,53.27728]]}},{"type":"Feature","properties":{"numer":"2528W","klasa":"droga zbiorcza","kat":"powiatowa"},"geometry":{"type":"LineString","coordinates":[[21.38708,53.2391],[21.38712,53.23916]]}},{"type":"Feature","properties":{"numer":"2528W","klasa":"droga zbiorcza","kat":"powiatowa"},"geometry":{"type":"LineString","coordinates":[[21.38712,53.23916],[21.38762,53.23964],[21.38914,53.24069]]}},{"type":"Feature","properties":{"numer":"2528W","klasa":"droga zbiorcza","kat":"powiatowa"},"geometry":{"type":"LineString","coordinates":[[21.38914,53.24069],[21.38937,53.24369],[21.39008,53.24728],[21.39018,53.25172],[21.39061,53.25226],[21.39223,53.25363],[21.39391,53.25533],[21.39489,53.25669],[21.39691,53.25809],[21.39746,53.2586],[21.39794,53.25915],[21.39862,53.26039],[21.39837,53.2606],[21.39489,53.2617],[21.39448,53.26193],[21.39421,53.26222],[21.39388,53.26389],[21.39359,53.26683],[21.39296,53.26842],[21.39234,53.26952],[21.39214,53.27078],[21.39181,53.27127],[21.38844,53.27474],[21.38726,53.27501],[21.38675,53.27521],[21.38633,53.27549],[21.38589,53.27612],[21.38469,53.27669],[21.38392,53.27736],[21.38267,53.27783],[21.38183,53.27843]]}},{"type":"Feature","properties":{"numer":"53","klasa":"droga gĹ‚Ăłwna","kat":"krajowa"},"geometry":{"type":"LineString","coordinates":[[21.38576,53.28713],[21.38729,53.28452],[21.38799,53.28389],[21.38991,53.28307],[21.39264,53.2823],[21.39325,53.28206],[21.40373,53.27711],[21.42261,53.26802],[21.43189,53.2607],[21.43511,53.25848],[21.44009,53.25522],[21.44317,53.25259]]}},{"type":"Feature","properties":{"numer":"2527W","klasa":"droga zbiorcza","kat":"powiatowa"},"geometry":{"type":"LineString","coordinates":[[21.38183,53.27843],[21.38266,53.27967],[21.38308,53.28075],[21.38321,53.28312],[21.38445,53.28522],[21.38486,53.28644],[21.3852,53.2868],[21.38576,53.28713]]}},{"type":"Feature","properties":{"numer":"53","klasa":"droga gĹ‚Ăłwna","kat":"krajowa"},"geometry":{"type":"LineString","coordinates":[[21.37801,53.30288],[21.37788,53.30242],[21.37789,53.30186],[21.37971,53.29773],[21.38067,53.29587],[21.38576,53.28713]]}},{"type":"Feature","properties":{"numer":"53","klasa":"droga gĹ‚Ăłwna","kat":"krajowa"},"geometry":{"type":"LineString","coordinates":[[21.37801,53.30288],[21.37803,53.30294]]}},{"type":"Feature","properties":{"numer":"53","klasa":"droga gĹ‚Ăłwna","kat":"krajowa"},"geometry":{"type":"LineString","coordinates":[[21.38279,53.319],[21.37803,53.30294]]}},{"type":"Feature","properties":{"numer":"53","klasa":"droga gĹ‚Ăłwna","kat":"krajowa"},"geometry":{"type":"LineString","coordinates":[[21.38562,53.3246],[21.3836,53.32088],[21.38279,53.319]]}},{"type":"Feature","properties":{"numer":"53","klasa":"droga gĹ‚Ăłwna","kat":"krajowa"},"geometry":{"type":"LineString","coordinates":[[21.38562,53.3246],[21.38566,53.32467]]}},{"type":"Feature","properties":{"numer":"2514W","klasa":"droga zbiorcza","kat":"powiatowa"},"geometry":{"type":"LineString","coordinates":[[21.33509,53.36304],[21.33365,53.36223],[21.33321,53.36176],[21.33241,53.36021],[21.3266,53.35077],[21.31828,53.34377],[21.31793,53.34339],[21.31771,53.34294],[21.3176,53.3422],[21.3177,53.34109],[21.31797,53.34033],[21.32015,53.33878],[21.32227,53.33781],[21.32371,53.33687],[21.32464,53.33638],[21.32524,53.33566],[21.32526,53.3352],[21.32317,53.33315],[21.32147,53.33028],[21.32043,53.32918],[21.31968,53.32844],[21.31789,53.32704],[21.31575,53.32559],[21.31481,53.32457],[21.31265,53.32336],[21.31174,53.32322],[21.31015,53.32321]]}},{"type":"Feature","properties":{"numer":"2508W","klasa":"droga zbiorcza","kat":"powiatowa"},"geometry":{"type":"LineString","coordinates":[[21.27769,53.3662],[21.27804,53.36584],[21.2784,53.36502],[21.2796,53.36419],[21.28017,53.36312],[21.28075,53.36262],[21.2835,53.36152],[21.28807,53.3595],[21.28876,53.35932],[21.30086,53.35714],[21.30513,53.35655],[21.30672,53.35641],[21.30785,53.35644],[21.31655,53.35753],[21.31983,53.35861],[21.3313,53.36264],[21.33246,53.36292],[21.33357,53.36308],[21.33483,53.36316],[21.33509,53.36304]]}},{"type":"Feature","properties":{"numer":"2514W","klasa":"droga zbiorcza","kat":"powiatowa"},"geometry":{"type":"LineString","coordinates":[[21.34134,53.37736],[21.34159,53.37146],[21.3415,53.371],[21.33647,53.36455],[21.33551,53.36336],[21.33509,53.36304]]}},{"type":"Feature","properties":{"numer":"614","klasa":"droga zbiorcza","kat":"wojewodzka"},"geometry":{"type":"LineString","coordinates":[[21.33493,53.38164],[21.33427,53.38152],[21.32375,53.38049],[21.32299,53.38034],[21.32224,53.38009],[21.31373,53.37633],[21.31224,53.37588],[21.30855,53.37544],[21.30486,53.37481],[21.29728,53.3748]]}},{"type":"Feature","properties":{"numer":"","klasa":"droga dojazdowa","kat":"gminna"},"geometry":{"type":"LineString","coordinates":[[21.34134,53.37736],[21.34131,53.37915],[21.34162,53.37966]]}},{"type":"Feature","properties":{"numer":"2515W","klasa":"droga zbiorcza","kat":"powiatowa"},"geometry":{"type":"LineString","coordinates":[[21.3534,53.37905],[21.35341,53.37904]]}},{"type":"Feature","properties":{"numer":"2515W","klasa":"droga zbiorcza","kat":"powiatowa"},"geometry":{"type":"LineString","coordinates":[[21.35169,53.37949],[21.35205,53.37957],[21.3534,53.37905]]}},{"type":"Feature","properties":{"numer":"2514W","klasa":"droga zbiorcza","kat":"powiatowa"},"geometry":{"type":"LineString","coordinates":[[21.33493,53.38164],[21.34134,53.37736]]}},{"type":"Feature","properties":{"numer":"","klasa":"droga wewnÄ™trzna","kat":"gminna"},"geometry":{"type":"LineString","coordinates":[[21.34162,53.37966],[21.34167,53.37972]]}},{"type":"Feature","properties":{"numer":"53","klasa":"droga gĹ‚Ăłwna","kat":"krajowa"},"geometry":{"type":"LineString","coordinates":[[21.34964,53.38043],[21.35113,53.37987],[21.35169,53.37949]]}},{"type":"Feature","properties":{"numer":"2516W","klasa":"droga zbiorcza","kat":"powiatowa"},"geometry":{"type":"LineString","coordinates":[[21.44071,53.27728],[21.44085,53.27757],[21.44084,53.2785],[21.44059,53.28143],[21.44113,53.2833],[21.44117,53.28399],[21.44103,53.28436],[21.44022,53.28549],[21.43952,53.28831],[21.43961,53.29114],[21.43929,53.29143],[21.43808,53.29192]]}},{"type":"Feature","properties":{"numer":"2517W","klasa":"droga zbiorcza","kat":"powiatowa"},"geometry":{"type":"LineString","coordinates":[[21.43808,53.29192],[21.44498,53.29612]]}},{"type":"Feature","properties":{"numer":"2517W","klasa":"droga zbiorcza","kat":"powiatowa"},"geometry":{"type":"LineString","coordinates":[[21.44498,53.29612],[21.45143,53.30004],[21.45327,53.30064],[21.45522,53.30088],[21.4565,53.30093],[21.45719,53.30087],[21.45848,53.30055],[21.46227,53.30037],[21.46374,53.30047],[21.46624,53.30087],[21.46851,53.301],[21.46892,53.30107],[21.47003,53.30148],[21.47351,53.30173],[21.47365,53.302],[21.47364,53.30492]]}},{"type":"Feature","properties":{"numer":"2516W","klasa":"droga zbiorcza","kat":"powiatowa"},"geometry":{"type":"LineString","coordinates":[[21.43808,53.29192],[21.43541,53.29363],[21.4342,53.29524],[21.43356,53.29665],[21.4316,53.29848],[21.43112,53.29881],[21.42968,53.29933],[21.42817,53.30002],[21.42759,53.30053],[21.42683,53.30198],[21.42622,53.30362],[21.42422,53.30587],[21.42407,53.30618],[21.42406,53.30683],[21.42464,53.31057],[21.42463,53.31206],[21.4244,53.31305],[21.42397,53.31363],[21.42349,53.31406],[21.41958,53.31506],[21.41912,53.31533],[21.4182,53.31628],[21.41802,53.31668],[21.41744,53.3194],[21.4164,53.32238],[21.41621,53.3257],[21.41583,53.32826],[21.41835,53.33347],[21.4189,53.33521],[21.41899,53.33708],[21.41885,53.3378],[21.41734,53.34051],[21.41632,53.3428],[21.41611,53.34353],[21.41616,53.34461],[21.41642,53.34513],[21.41785,53.34702],[21.42092,53.34932],[21.42285,53.35143],[21.42425,53.35326],[21.42502,53.35542],[21.42594,53.35657]]}},{"type":"Feature","properties":{"numer":"2515W,2516W","klasa":"droga zbiorcza","kat":"powiatowa"},"geometry":{"type":"LineString","coordinates":[[21.42594,53.35657],[21.42622,53.35658]]}},{"type":"Feature","properties":{"numer":"2516W","klasa":"droga zbiorcza","kat":"powiatowa"},"geometry":{"type":"LineString","coordinates":[[21.42622,53.35658],[21.42656,53.35743],[21.42659,53.35795],[21.42546,53.37631]]}},{"type":"Feature","properties":{"numer":"645","klasa":"droga gĹ‚Ăłwna","kat":"wojewodzka"},"geometry":{"type":"LineString","coordinates":[[21.42546,53.37631],[21.44311,53.3717],[21.4509,53.36997],[21.45174,53.3697],[21.45618,53.36784],[21.45805,53.36752],[21.45892,53.36746],[21.45987,53.36751],[21.47297,53.37048],[21.47484,53.37068]]}},{"type":"Feature","properties":{"numer":"2516W","klasa":"droga zbiorcza","kat":"powiatowa"},"geometry":{"type":"LineString","coordinates":[[21.42546,53.37631],[21.42958,53.37828],[21.43336,53.37989],[21.43433,53.38015],[21.43816,53.38073],[21.4387,53.38086],[21.43915,53.38126],[21.43969,53.38236],[21.43989,53.38252],[21.44026,53.38265],[21.44393,53.38286],[21.44559,53.38308],[21.44855,53.38309],[21.44925,53.38316],[21.45043,53.38344],[21.45151,53.38419],[21.45189,53.38436],[21.45867,53.38623],[21.46117,53.38643],[21.4634,53.38646],[21.46373,53.38653],[21.4639,53.38665],[21.46704,53.39065],[21.46989,53.39464],[21.4704,53.39551],[21.47094,53.39681],[21.47094,53.39708],[21.47063,53.39731],[21.47021,53.39741],[21.46767,53.3973],[21.46065,53.39626],[21.45875,53.39638],[21.45795,53.39652],[21.45507,53.39738],[21.45391,53.39792],[21.45298,53.39864],[21.45246,53.39928],[21.45229,53.40049],[21.45132,53.40235],[21.45121,53.4028],[21.45153,53.40391],[21.4518,53.4044],[21.45436,53.40794]]}},{"type":"Feature","properties":{"numer":"2516W","klasa":"droga zbiorcza","kat":"powiatowa"},"geometry":{"type":"LineString","coordinates":[[21.45436,53.40794],[21.45444,53.40807]]}},{"type":"Feature","properties":{"numer":"2516W","klasa":"droga zbiorcza","kat":"powiatowa"},"geometry":{"type":"LineString","coordinates":[[21.45444,53.40807],[21.45611,53.41215],[21.45998,53.42591],[21.46136,53.42987],[21.46205,53.43273],[21.46239,53.43325],[21.46419,53.43508],[21.46421,53.43522]]}},{"type":"Feature","properties":{"numer":"53","klasa":"droga gĹ‚Ăłwna","kat":"krajowa"},"geometry":{"type":"LineString","coordinates":[[21.38059,53.34785],[21.3823,53.34152],[21.38624,53.32914],[21.38628,53.32856],[21.38611,53.32711],[21.38586,53.32529],[21.38566,53.32467]]}},{"type":"Feature","properties":{"numer":"53","klasa":"droga gĹ‚Ăłwna","kat":"krajowa"},"geometry":{"type":"LineString","coordinates":[[21.38057,53.34792],[21.38059,53.34785]]}},{"type":"Feature","properties":{"numer":"2515W","klasa":"droga zbiorcza","kat":"powiatowa"},"geometry":{"type":"LineString","coordinates":[[21.40733,53.36234],[21.41044,53.36117],[21.41396,53.36016],[21.42372,53.35687],[21.42463,53.35668],[21.42594,53.35657]]}},{"type":"Feature","properties":{"numer":"2515W","klasa":"droga zbiorcza","kat":"powiatowa"},"geometry":{"type":"LineString","coordinates":[[21.40718,53.36241],[21.40733,53.36234]]}},{"type":"Feature","properties":{"numer":"53","klasa":"droga gĹ‚Ăłwna","kat":"krajowa"},"geometry":{"type":"LineString","coordinates":[[21.35169,53.37949],[21.35892,53.37415],[21.35967,53.37327],[21.36262,53.36892],[21.36358,53.36786],[21.36703,53.36503],[21.36956,53.36323],[21.37401,53.35952],[21.38031,53.34852],[21.38057,53.34792]]}},{"type":"Feature","properties":{"numer":"2515W","klasa":"droga zbiorcza","kat":"powiatowa"},"geometry":{"type":"LineString","coordinates":[[21.35341,53.37904],[21.35667,53.3777],[21.3588,53.37655],[21.36188,53.37513],[21.3646,53.37416],[21.36648,53.3732],[21.36818,53.37251],[21.36969,53.37229],[21.38048,53.37167],[21.38399,53.3712],[21.38861,53.37045],[21.39385,53.36935],[21.39917,53.36686],[21.40385,53.36508],[21.40552,53.36396],[21.40648,53.3629],[21.40718,53.36241]]}},{"type":"Feature","properties":{"numer":"645","klasa":"droga gĹ‚Ăłwna","kat":"wojewodzka"},"geometry":{"type":"LineString","coordinates":[[21.38539,53.38239],[21.38652,53.38232],[21.40303,53.38],[21.40698,53.37977],[21.40831,53.37961],[21.41987,53.37776],[21.42546,53.37631]]}},{"type":"Feature","properties":{"numer":"645","klasa":"droga gĹ‚Ăłwna","kat":"wojewodzka"},"geometry":{"type":"LineString","coordinates":[[21.35371,53.38223],[21.38521,53.38239]]}},{"type":"Feature","properties":{"numer":"645","klasa":"droga gĹ‚Ăłwna","kat":"wojewodzka"},"geometry":{"type":"LineString","coordinates":[[21.38521,53.38239],[21.38539,53.38239]]}},{"type":"Feature","properties":{"numer":"2504W","klasa":"droga zbiorcza","kat":"powiatowa"},"geometry":{"type":"LineString","coordinates":[[21.36184,53.38773],[21.36197,53.38785]]}},{"type":"Feature","properties":{"numer":"","klasa":"droga dojazdowa","kat":"gminna"},"geometry":{"type":"LineString","coordinates":[[21.34167,53.37972],[21.34218,53.38027]]}},{"type":"Feature","properties":{"numer":"","klasa":"droga dojazdowa","kat":"gminna"},"geometry":{"type":"LineString","coordinates":[[21.34218,53.38027],[21.3424,53.38051]]}},{"type":"Feature","properties":{"numer":"","klasa":"droga dojazdowa","kat":"gminna"},"geometry":{"type":"LineString","coordinates":[[21.3424,53.38051],[21.34292,53.38103]]}},{"type":"Feature","properties":{"numer":"645","klasa":"droga gĹ‚Ăłwna","kat":"wojewodzka"},"geometry":{"type":"LineString","coordinates":[[21.34964,53.38043],[21.35136,53.38136],[21.35302,53.38207],[21.35371,53.38223]]}},{"type":"Feature","properties":{"numer":"53","klasa":"droga gĹ‚Ăłwna","kat":"krajowa"},"geometry":{"type":"LineString","coordinates":[[21.34508,53.38254],[21.34551,53.38205],[21.34599,53.38177],[21.34964,53.38043]]}},{"type":"Feature","properties":{"numer":"","klasa":"droga dojazdowa","kat":"gminna"},"geometry":{"type":"LineString","coordinates":[[21.34292,53.38103],[21.34338,53.38126],[21.34457,53.3822]]}},{"type":"Feature","properties":{"numer":"","klasa":"droga dojazdowa","kat":"gminna"},"geometry":{"type":"LineString","coordinates":[[21.34457,53.3822],[21.34508,53.38254]]}},{"type":"Feature","properties":{"numer":"614","klasa":"droga zbiorcza","kat":"wojewodzka"},"geometry":{"type":"LineString","coordinates":[[21.34062,53.38452],[21.3389,53.38332],[21.33493,53.38164]]}},{"type":"Feature","properties":{"numer":"53","klasa":"droga gĹ‚Ăłwna","kat":"krajowa"},"geometry":{"type":"LineString","coordinates":[[21.34062,53.38452],[21.34458,53.38295],[21.34508,53.38254]]}},{"type":"Feature","properties":{"numer":"53","klasa":"droga gĹ‚Ăłwna","kat":"krajowa"},"geometry":{"type":"LineString","coordinates":[[21.33943,53.38517],[21.33972,53.38493],[21.34062,53.38452]]}},{"type":"Feature","properties":{"numer":"53","klasa":"droga gĹ‚Ăłwna","kat":"krajowa"},"geometry":{"type":"LineString","coordinates":[[21.46658,53.22982],[21.46614,53.22745],[21.46583,53.22655],[21.4611,53.21775],[21.45796,53.21046],[21.45763,53.20995],[21.45639,53.20851]]}},{"type":"Feature","properties":{"numer":"53","klasa":"droga gĹ‚Ăłwna","kat":"krajowa"},"geometry":{"type":"LineString","coordinates":[[21.4669,53.23191],[21.46658,53.22982]]}},{"type":"Feature","properties":{"numer":"251221W","klasa":"droga dojazdowa","kat":"powiatowa"},"geometry":{"type":"LineString","coordinates":[[21.4661,53.23189],[21.4669,53.23191]]}},{"type":"Feature","properties":{"numer":"251221W","klasa":"droga dojazdowa","kat":"powiatowa"},"geometry":{"type":"LineString","coordinates":[[21.46598,53.23207],[21.4661,53.23189]]}},{"type":"Feature","properties":{"numer":"251221W","klasa":"droga dojazdowa","kat":"powiatowa"},"geometry":{"type":"LineString","coordinates":[[21.46588,53.23222],[21.46598,53.23207]]}},{"type":"Feature","properties":{"numer":"251221W","klasa":"droga dojazdowa","kat":"powiatowa"},"geometry":{"type":"LineString","coordinates":[[21.46554,53.23275],[21.46588,53.23222]]}},{"type":"Feature","properties":{"numer":"53","klasa":"droga gĹ‚Ăłwna","kat":"krajowa"},"geometry":{"type":"LineString","coordinates":[[21.46711,53.23391],[21.4669,53.23191]]}},{"type":"Feature","properties":{"numer":"251221W","klasa":"droga dojazdowa","kat":"powiatowa"},"geometry":{"type":"LineString","coordinates":[[21.46467,53.23424],[21.46554,53.23275]]}},{"type":"Feature","properties":{"numer":"2530W","klasa":"droga zbiorcza","kat":"powiatowa"},"geometry":{"type":"LineString","coordinates":[[21.45723,53.23357],[21.46035,53.23422],[21.46123,53.23434],[21.46284,53.23448],[21.46464,53.2343]]}},{"type":"Feature","properties":{"numer":"2530W","klasa":"droga zbiorcza","kat":"powiatowa"},"geometry":{"type":"LineString","coordinates":[[21.46467,53.23424],[21.46711,53.23391]]}},{"type":"Feature","properties":{"numer":"2539W","klasa":"droga zbiorcza","kat":"powiatowa"},"geometry":{"type":"LineString","coordinates":[[21.64426,53.16477],[21.64459,53.16477]]}},{"type":"Feature","properties":{"numer":"2540W","klasa":"droga zbiorcza","kat":"powiatowa"},"geometry":{"type":"LineString","coordinates":[[21.59809,53.187],[21.59762,53.18368],[21.59774,53.18347],[21.59813,53.1832],[21.60357,53.17985],[21.61059,53.17853],[21.60969,53.17285],[21.60939,53.16747],[21.60969,53.16718],[21.61066,53.16691],[21.61148,53.16652],[21.61219,53.16602],[21.61251,53.16565],[21.61278,53.16391],[21.61285,53.16189],[21.61326,53.16111],[21.61527,53.15947],[21.61674,53.15794],[21.61956,53.15609],[21.62256,53.15329],[21.62356,53.15189],[21.62479,53.1508],[21.62489,53.15061]]}},{"type":"Feature","properties":{"numer":"2537W","klasa":"droga zbiorcza","kat":"powiatowa"},"geometry":{"type":"LineString","coordinates":[[21.58027,53.18617],[21.58638,53.18724],[21.58895,53.18786],[21.5903,53.18806],[21.59147,53.18805],[21.59212,53.18797],[21.59634,53.18702],[21.59749,53.18695],[21.59809,53.187]]}},{"type":"Feature","properties":{"numer":"2537W","klasa":"droga zbiorcza","kat":"powiatowa"},"geometry":{"type":"LineString","coordinates":[[21.59809,53.187],[21.59938,53.18729],[21.60515,53.18989]]}},{"type":"Feature","properties":{"numer":"2537W","klasa":"droga zbiorcza","kat":"powiatowa"},"geometry":{"type":"LineString","coordinates":[[21.60515,53.18989],[21.60653,53.19062],[21.60843,53.19186],[21.61058,53.1928],[21.61284,53.194],[21.61543,53.19515],[21.61783,53.19642],[21.61833,53.19662],[21.61979,53.19701],[21.62288,53.19742],[21.62363,53.19758],[21.62415,53.19779],[21.62601,53.19891],[21.6286,53.20004],[21.63452,53.2044],[21.64016,53.20831],[21.64257,53.20986],[21.64334,53.21012],[21.64655,53.21047],[21.64937,53.21107]]}},{"type":"Feature","properties":{"numer":"2537W","klasa":"droga zbiorcza","kat":"powiatowa"},"geometry":{"type":"LineString","coordinates":[[21.64937,53.21107],[21.65237,53.2117],[21.65327,53.21173],[21.65489,53.21163],[21.65592,53.2117],[21.65647,53.21182],[21.65935,53.21289],[21.6606,53.21312]]}},{"type":"Feature","properties":{"numer":"2522W","klasa":"droga zbiorcza","kat":"powiatowa"},"geometry":{"type":"LineString","coordinates":[[21.58691,53.24716],[21.58939,53.2469],[21.59371,53.24674],[21.595,53.24648],[21.59827,53.24553],[21.59976,53.24448],[21.60372,53.24265],[21.60558,53.24057],[21.60671,53.23985],[21.60757,53.23874],[21.60783,53.23825],[21.6073,53.23681],[21.60696,53.23487],[21.60707,53.23447],[21.60743,53.23409],[21.61609,53.2292],[21.6298,53.21971],[21.63041,53.21947],[21.63258,53.21909],[21.63451,53.21848],[21.63884,53.2167],[21.64006,53.21615],[21.64165,53.21525],[21.64353,53.21362],[21.64405,53.21331],[21.64937,53.21107]]}},{"type":"Feature","properties":{"numer":"2521W","klasa":"droga zbiorcza","kat":"powiatowa"},"geometry":{"type":"LineString","coordinates":[[21.58691,53.24716],[21.58792,53.24852],[21.58851,53.2489],[21.58906,53.24902],[21.59317,53.24942],[21.59363,53.24958],[21.59709,53.25317],[21.59971,53.2551]]}},{"type":"Feature","properties":{"numer":"2521W","klasa":"droga zbiorcza","kat":"powiatowa"},"geometry":{"type":"LineString","coordinates":[[21.59971,53.2551],[21.59995,53.25527]]}},{"type":"Feature","properties":{"numer":"2521W","klasa":"droga zbiorcza","kat":"powiatowa"},"geometry":{"type":"LineString","coordinates":[[21.59995,53.25527],[21.60121,53.25616],[21.60345,53.25692],[21.6042,53.2574],[21.60458,53.25775],[21.60704,53.26144],[21.6075,53.26187],[21.61133,53.2643],[21.61241,53.26649],[21.61259,53.26901],[21.61254,53.26924],[21.611,53.27189],[21.61088,53.27233],[21.61097,53.27264],[21.6122,53.27448],[21.61448,53.27597],[21.6145,53.2762],[21.61408,53.27704],[21.61407,53.27735],[21.61429,53.27806],[21.61502,53.2789],[21.61559,53.27921],[21.61739,53.27958],[21.61817,53.27981],[21.61883,53.28024],[21.61996,53.28069],[21.62019,53.2811],[21.62014,53.28146],[21.61822,53.28406],[21.61259,53.28946],[21.61105,53.29277],[21.61081,53.29315],[21.60992,53.29408]]}},{"type":"Feature","properties":{"numer":"251221W","klasa":"droga dojazdowa","kat":"powiatowa"},"geometry":{"type":"LineString","coordinates":[[21.46464,53.2343],[21.46467,53.23424]]}},{"type":"Feature","properties":{"numer":"2519W","klasa":"droga zbiorcza","kat":"powiatowa"},"geometry":{"type":"LineString","coordinates":[[21.49158,53.25158],[21.49009,53.25056],[21.48634,53.24841],[21.4816,53.24429],[21.47869,53.24255],[21.47202,53.23894]]}},{"type":"Feature","properties":{"numer":"2519W","klasa":"droga zbiorcza","kat":"powiatowa"},"geometry":{"type":"LineString","coordinates":[[21.49179,53.25173],[21.49158,53.25158]]}},{"type":"Feature","properties":{"numer":"2519W","klasa":"droga zbiorcza","kat":"powiatowa"},"geometry":{"type":"LineString","coordinates":[[21.49179,53.25173],[21.4922,53.2521]]}},{"type":"Feature","properties":{"numer":"2522W","klasa":"droga zbiorcza","kat":"powiatowa"},"geometry":{"type":"LineString","coordinates":[[21.4922,53.2521],[21.49254,53.25211],[21.49387,53.25272],[21.49527,53.25298],[21.49706,53.2531],[21.49957,53.25298],[21.50094,53.25308],[21.50254,53.25373],[21.50518,53.25392],[21.50884,53.25471],[21.51114,53.25545],[21.52451,53.25657]]}},{"type":"Feature","properties":{"numer":"2519W","klasa":"droga zbiorcza","kat":"powiatowa"},"geometry":{"type":"LineString","coordinates":[[21.4922,53.2521],[21.49498,53.25441],[21.49536,53.25497],[21.49542,53.25578],[21.49569,53.2562],[21.49824,53.25839],[21.5055,53.26573],[21.50601,53.26639],[21.50595,53.2668]]}},{"type":"Feature","properties":{"numer":"2587W","klasa":"droga zbiorcza","kat":"powiatowa"},"geometry":{"type":"LineString","coordinates":[[21.50595,53.2668],[21.50753,53.26669],[21.51012,53.26632],[21.51435,53.26545],[21.51575,53.26508],[21.51636,53.26481],[21.51809,53.26377],[21.51956,53.26257],[21.52247,53.25953],[21.52451,53.25657]]}},{"type":"Feature","properties":{"numer":"2519W,2587W","klasa":"droga zbiorcza","kat":"powiatowa"},"geometry":{"type":"LineString","coordinates":[[21.50463,53.27081],[21.50531,53.26781],[21.50595,53.2668]]}},{"type":"Feature","properties":{"numer":"2519W","klasa":"droga zbiorcza","kat":"powiatowa"},"geometry":{"type":"LineString","coordinates":[[21.51228,53.28438],[21.51092,53.28341],[21.51048,53.28278],[21.51043,53.28122],[21.50961,53.27902],[21.51001,53.2771],[21.50995,53.27674],[21.50707,53.27327],[21.50479,53.27113],[21.50463,53.27081]]}},{"type":"Feature","properties":{"numer":"2587W","klasa":"droga zbiorcza","kat":"powiatowa"},"geometry":{"type":"LineString","coordinates":[[21.50463,53.27081],[21.50329,53.27119],[21.50206,53.27164],[21.49895,53.27361],[21.49692,53.27463],[21.49587,53.27546],[21.49493,53.27678],[21.49389,53.27753],[21.49331,53.27781],[21.48624,53.28049],[21.47105,53.28451],[21.4692,53.28508],[21.46755,53.28596],[21.46651,53.28677],[21.46624,53.28686],[21.46531,53.28693],[21.46469,53.28718],[21.45426,53.2939],[21.44498,53.29612]]}},{"type":"Feature","properties":{"numer":"2519W","klasa":"droga zbiorcza","kat":"powiatowa"},"geometry":{"type":"LineString","coordinates":[[21.51245,53.2845],[21.51228,53.28438]]}},{"type":"Feature","properties":{"numer":"2519W","klasa":"droga zbiorcza","kat":"powiatowa"},"geometry":{"type":"LineString","coordinates":[[21.51902,53.29095],[21.51905,53.28983],[21.51868,53.28915],[21.51448,53.2864],[21.51389,53.28588],[21.51323,53.28506],[21.51245,53.2845]]}},{"type":"Feature","properties":{"numer":"2520W","klasa":"droga zbiorcza","kat":"powiatowa"},"geometry":{"type":"LineString","coordinates":[[21.52711,53.28762],[21.52663,53.2901],[21.51902,53.29095]]}},{"type":"Feature","properties":{"numer":"2519W","klasa":"droga zbiorcza","kat":"powiatowa"},"geometry":{"type":"LineString","coordinates":[[21.51902,53.29095],[21.51888,53.29618],[21.51901,53.29699],[21.51927,53.29761]]}},{"type":"Feature","properties":{"numer":"2518W","klasa":"droga zbiorcza","kat":"powiatowa"},"geometry":{"type":"LineString","coordinates":[[21.49985,53.3097],[21.51235,53.30217],[21.5174,53.29944],[21.51799,53.29897],[21.51927,53.29761]]}},{"type":"Feature","properties":{"numer":"2517W","klasa":"droga zbiorcza","kat":"powiatowa"},"geometry":{"type":"LineString","coordinates":[[21.47364,53.30492],[21.47359,53.30596],[21.47492,53.30714]]}},{"type":"Feature","properties":{"numer":"2519W","klasa":"droga zbiorcza","kat":"powiatowa"},"geometry":{"type":"LineString","coordinates":[[21.52337,53.32237],[21.52385,53.32152],[21.52368,53.32065],[21.52415,53.307],[21.51927,53.29761]]}},{"type":"Feature","properties":{"numer":"2517W","klasa":"droga zbiorcza","kat":"powiatowa"},"geometry":{"type":"LineString","coordinates":[[21.49214,53.31434],[21.49089,53.31478],[21.49039,53.31475],[21.48834,53.31438],[21.48735,53.31452],[21.48678,53.31468],[21.48553,53.31527],[21.48485,53.31551],[21.48003,53.31651],[21.4798,53.31643],[21.47918,53.31315],[21.4781,53.30953],[21.47794,53.30932],[21.47737,53.30913],[21.477,53.30889],[21.47492,53.30714]]}},{"type":"Feature","properties":{"numer":"2517W","klasa":"droga zbiorcza","kat":"powiatowa"},"geometry":{"type":"LineString","coordinates":[[21.49227,53.31428],[21.49358,53.31356],[21.49985,53.3097]]}},{"type":"Feature","properties":{"numer":"2517W","klasa":"droga zbiorcza","kat":"powiatowa"},"geometry":{"type":"LineString","coordinates":[[21.49214,53.31434],[21.49227,53.31428]]}},{"type":"Feature","properties":{"numer":"2522W","klasa":"droga zbiorcza","kat":"powiatowa"},"geometry":{"type":"LineString","coordinates":[[21.52451,53.25657],[21.53114,53.25665],[21.53242,53.25655],[21.53536,53.25562],[21.53744,53.25535],[21.53959,53.25472],[21.54125,53.2544],[21.54642,53.25215],[21.5504,53.25115],[21.55259,53.25092],[21.55945,53.25065],[21.57472,53.24988],[21.57542,53.24972],[21.58159,53.24783],[21.58281,53.24761],[21.58691,53.24716]]}},{"type":"Feature","properties":{"numer":"2520W","klasa":"droga zbiorcza","kat":"powiatowa"},"geometry":{"type":"LineString","coordinates":[[21.57867,53.28413],[21.57873,53.28416]]}},{"type":"Feature","properties":{"numer":"2520W","klasa":"droga zbiorcza","kat":"powiatowa"},"geometry":{"type":"LineString","coordinates":[[21.57867,53.28413],[21.57764,53.2837],[21.57497,53.28322],[21.57467,53.28325],[21.57324,53.28375],[21.57102,53.28425],[21.57059,53.28429],[21.56994,53.28423],[21.56754,53.28353],[21.56636,53.28338],[21.56167,53.28355],[21.55947,53.28411],[21.55675,53.28439],[21.55319,53.28531],[21.55094,53.28522],[21.54761,53.2852],[21.54372,53.28579],[21.53891,53.28593],[21.53853,53.28585],[21.53695,53.28504],[21.5367,53.285],[21.52711,53.28762]]}},{"type":"Feature","properties":{"numer":"2519W","klasa":"droga zbiorcza","kat":"powiatowa"},"geometry":{"type":"LineString","coordinates":[[21.55467,53.36448],[21.55389,53.36276],[21.55392,53.36073],[21.55404,53.36023],[21.55506,53.35883],[21.55544,53.35812],[21.55578,53.35729],[21.55575,53.35672],[21.55108,53.34754],[21.55064,53.34708],[21.54885,53.34595],[21.54852,53.34557],[21.54816,53.34378],[21.54797,53.34336],[21.5473,53.34274],[21.54445,53.3405],[21.54056,53.33818],[21.53637,53.33504],[21.53408,53.33197],[21.53295,53.32842],[21.52967,53.32722],[21.52577,53.32554],[21.52412,53.32456],[21.5234,53.32403]]}},{"type":"Feature","properties":{"numer":"645","klasa":"droga gĹ‚Ăłwna","kat":"wojewodzka"},"geometry":{"type":"LineString","coordinates":[[21.56485,53.36411],[21.56347,53.36414],[21.56157,53.36392],[21.55988,53.36407],[21.55845,53.3641],[21.55672,53.3644],[21.55548,53.36439],[21.55467,53.36448]]}},{"type":"Feature","properties":{"numer":"645","klasa":"droga gĹ‚Ăłwna","kat":"wojewodzka"},"geometry":{"type":"LineString","coordinates":[[21.55467,53.36448],[21.55337,53.3647],[21.5527,53.36469],[21.5518,53.3645],[21.54925,53.36367],[21.54831,53.36354],[21.54725,53.36354],[21.54573,53.36383],[21.54107,53.36553],[21.53944,53.36594],[21.53768,53.3661],[21.53155,53.36616],[21.52988,53.36631],[21.52814,53.36675],[21.51587,53.37108],[21.51431,53.37146],[21.51268,53.37159]]}},{"type":"Feature","properties":{"numer":"2519W","klasa":"droga zbiorcza","kat":"powiatowa"},"geometry":{"type":"LineString","coordinates":[[21.56485,53.36411],[21.56485,53.36475],[21.56541,53.36545],[21.56566,53.36616],[21.56599,53.36798],[21.56595,53.36835],[21.56513,53.37057],[21.56542,53.37196],[21.56715,53.37595],[21.56873,53.37919],[21.56979,53.38048],[21.57,53.38206],[21.56988,53.38284],[21.56685,53.38796]]}},{"type":"Feature","properties":{"numer":"647","klasa":"droga zbiorcza","kat":"wojewodzka"},"geometry":{"type":"LineString","coordinates":[[21.51268,53.37159],[21.51283,53.37183],[21.51465,53.37223],[21.5203,53.37387],[21.52092,53.37411],[21.52189,53.37467],[21.52818,53.38001],[21.52841,53.38059],[21.52804,53.3819],[21.52804,53.38238],[21.52837,53.38298],[21.52917,53.38399],[21.52955,53.38425],[21.53201,53.38546],[21.53379,53.38732],[21.53461,53.38778],[21.53568,53.38796],[21.54078,53.38802],[21.54169,53.38809],[21.54572,53.38891],[21.54734,53.38905],[21.56604,53.38832]]}},{"type":"Feature","properties":{"numer":"2519W","klasa":"droga zbiorcza","kat":"powiatowa"},"geometry":{"type":"LineString","coordinates":[[21.56671,53.38816],[21.56685,53.38796]]}},{"type":"Feature","properties":{"numer":"2519W","klasa":"droga zbiorcza","kat":"powiatowa"},"geometry":{"type":"LineString","coordinates":[[21.5666,53.38829],[21.56671,53.38816]]}},{"type":"Feature","properties":{"numer":"2520W","klasa":"droga zbiorcza","kat":"powiatowa"},"geometry":{"type":"LineString","coordinates":[[21.57873,53.28416],[21.58003,53.28469],[21.58594,53.28749],[21.58683,53.28788],[21.58724,53.28794],[21.58918,53.28787],[21.59029,53.28772],[21.59105,53.28719],[21.59263,53.28586],[21.59339,53.28577],[21.59427,53.2863],[21.59584,53.28784],[21.59646,53.28879],[21.5972,53.2906],[21.59745,53.29095],[21.60009,53.29318],[21.60102,53.29379],[21.60139,53.29391],[21.60514,53.29441],[21.60708,53.29411],[21.60992,53.29408]]}},{"type":"Feature","properties":{"numer":"2521W","klasa":"droga zbiorcza","kat":"powiatowa"},"geometry":{"type":"LineString","coordinates":[[21.60992,53.29408],[21.60823,53.29625],[21.60815,53.29647],[21.6083,53.29698],[21.60814,53.29724],[21.60572,53.2987],[21.605,53.29939],[21.60445,53.30052],[21.60483,53.30229],[21.60474,53.30379],[21.60379,53.30496],[21.60436,53.30591],[21.60539,53.30647],[21.61054,53.30728],[21.61424,53.30691],[21.61561,53.30699],[21.61565,53.30706],[21.61558,53.30789],[21.61507,53.3084],[21.61495,53.30866],[21.6162,53.31058],[21.61621,53.31089],[21.61472,53.31334],[21.61373,53.31439],[21.61218,53.31579],[21.61209,53.31608],[21.61192,53.32787],[21.61199,53.33052]]}},{"type":"Feature","properties":{"numer":"645","klasa":"droga gĹ‚Ăłwna","kat":"wojewodzka"},"geometry":{"type":"LineString","coordinates":[[21.61199,53.33052],[21.61689,53.32942],[21.61967,53.32855],[21.62183,53.32751],[21.62366,53.32632],[21.6242,53.32585],[21.62559,53.32367],[21.62634,53.32278],[21.62697,53.32241],[21.6285,53.32193],[21.6293,53.32127],[21.6314,53.31651],[21.63616,53.31278],[21.63772,53.31175],[21.63984,53.31095],[21.64465,53.3097],[21.64584,53.30927],[21.64801,53.30833],[21.6527,53.30655],[21.65426,53.30544],[21.65577,53.3048],[21.66345,53.30301]]}},{"type":"Feature","properties":{"numer":"645","klasa":"droga gĹ‚Ăłwna","kat":"wojewodzka"},"geometry":{"type":"LineString","coordinates":[[21.56485,53.36411],[21.56574,53.36269],[21.56794,53.36106],[21.569,53.36048],[21.57166,53.35948],[21.57331,53.35841],[21.57594,53.35713],[21.57791,53.35586],[21.57925,53.35438],[21.57994,53.35385],[21.58093,53.35339],[21.58617,53.35146],[21.58708,53.35085],[21.59051,53.34622],[21.5905,53.34569],[21.58923,53.34319],[21.58926,53.34265],[21.59007,53.34136],[21.59264,53.33923],[21.59303,53.33788],[21.59521,53.33579],[21.59596,53.33384],[21.59635,53.33334],[21.59723,53.33302],[21.60462,53.33169],[21.60661,53.33113],[21.61051,53.33075],[21.61199,53.33052]]}},{"type":"Feature","properties":{"numer":"647","klasa":"droga zbiorcza","kat":"wojewodzka"},"geometry":{"type":"LineString","coordinates":[[21.5672,53.38827],[21.57515,53.38794],[21.57664,53.38798],[21.57867,53.38831],[21.58395,53.38956],[21.58619,53.38977],[21.59688,53.38953],[21.59814,53.38974],[21.60103,53.39062],[21.60229,53.39085],[21.61365,53.39203],[21.62,53.39297],[21.62132,53.39303],[21.62227,53.39293],[21.62316,53.39272],[21.637,53.38828],[21.64508,53.38691],[21.6531,53.38591],[21.66042,53.3846]]}},{"type":"Feature","properties":{"numer":"2517W","klasa":"droga zbiorcza","kat":"powiatowa"},"geometry":{"type":"LineString","coordinates":[[21.49985,53.3097],[21.50688,53.3138],[21.50684,53.314],[21.50527,53.31501],[21.50527,53.31528],[21.51177,53.31884],[21.51291,53.31932],[21.51916,53.32057],[21.52084,53.32141],[21.52208,53.32178],[21.52337,53.32237]]}},{"type":"Feature","properties":{"numer":"2519W","klasa":"droga zbiorcza","kat":"powiatowa"},"geometry":{"type":"LineString","coordinates":[[21.5234,53.32403],[21.52301,53.32365],[21.52289,53.32325],[21.52337,53.32237]]}},{"type":"Feature","properties":{"numer":"2515W","klasa":"droga zbiorcza","kat":"powiatowa"},"geometry":{"type":"LineString","coordinates":[[21.50118,53.33096],[21.51517,53.32784],[21.5234,53.32403]]}},{"type":"Feature","properties":{"numer":"2515W","klasa":"droga zbiorcza","kat":"powiatowa"},"geometry":{"type":"LineString","coordinates":[[21.501,53.331],[21.50118,53.33096]]}},{"type":"Feature","properties":{"numer":"2515W","klasa":"droga zbiorcza","kat":"powiatowa"},"geometry":{"type":"LineString","coordinates":[[21.42622,53.35658],[21.43939,53.3564],[21.43996,53.35656],[21.44028,53.35704],[21.4406,53.35728],[21.44098,53.35747],[21.44165,53.35762],[21.44821,53.35751],[21.45647,53.35714],[21.46151,53.35676],[21.46249,53.35658],[21.46533,53.35571],[21.46618,53.35527],[21.47004,53.35194],[21.47417,53.34937],[21.48251,53.34461],[21.48611,53.34328],[21.49565,53.33824],[21.49606,53.3378],[21.4999,53.3316],[21.50044,53.33116],[21.501,53.331]]}},{"type":"Feature","properties":{"numer":"645","klasa":"droga gĹ‚Ăłwna","kat":"wojewodzka"},"geometry":{"type":"LineString","coordinates":[[21.51268,53.37159],[21.51107,53.37154],[21.49978,53.36987],[21.49456,53.36965],[21.49186,53.36976],[21.49087,53.36993],[21.48846,53.37056],[21.48597,53.37089],[21.48155,53.37131]]}},{"type":"Feature","properties":{"numer":"645","klasa":"droga gĹ‚Ăłwna","kat":"wojewodzka"},"geometry":{"type":"LineString","coordinates":[[21.47484,53.37068],[21.4751,53.3707]]}},{"type":"Feature","properties":{"numer":"645","klasa":"droga gĹ‚Ăłwna","kat":"wojewodzka"},"geometry":{"type":"LineString","coordinates":[[21.48155,53.37131],[21.4751,53.3707]]}},{"type":"Feature","properties":{"numer":"2502W","klasa":"droga zbiorcza","kat":"powiatowa"},"geometry":{"type":"LineString","coordinates":[[21.50447,53.43906],[21.50484,53.43628],[21.50569,53.4314],[21.50726,53.42537],[21.50778,53.42457],[21.51124,53.42023],[21.51196,53.4178],[21.51193,53.41667],[21.51038,53.40969],[21.50908,53.40729],[21.50879,53.40692],[21.5054,53.40483],[21.50513,53.40455],[21.50563,53.39805],[21.50477,53.39488],[21.50397,53.39236],[21.50368,53.39187],[21.49668,53.38597],[21.4956,53.38532],[21.49292,53.38393],[21.49035,53.38243],[21.48954,53.38181],[21.48688,53.37837],[21.4859,53.37582],[21.48453,53.37388],[21.48402,53.37331],[21.4819,53.37186],[21.48155,53.37131]]}},{"type":"Feature","properties":{"numer":"2504W","klasa":"droga zbiorcza","kat":"powiatowa"},"geometry":{"type":"LineString","coordinates":[[21.46421,53.43522],[21.4688,53.43643],[21.47446,53.43513],[21.47524,53.43512],[21.47586,53.43528],[21.47704,53.4361],[21.47758,53.43636],[21.48002,53.43717]]}},{"type":"Feature","properties":{"numer":"647","klasa":"droga zbiorcza","kat":"wojewodzka"},"geometry":{"type":"LineString","coordinates":[[21.56685,53.38828],[21.5672,53.38827]]}},{"type":"Feature","properties":{"numer":"647","klasa":"droga zbiorcza","kat":"wojewodzka"},"geometry":{"type":"LineString","coordinates":[[21.5666,53.38829],[21.56685,53.38828]]}},{"type":"Feature","properties":{"numer":"647","klasa":"droga zbiorcza","kat":"wojewodzka"},"geometry":{"type":"LineString","coordinates":[[21.56635,53.38831],[21.5666,53.38829]]}},{"type":"Feature","properties":{"numer":"647","klasa":"droga zbiorcza","kat":"wojewodzka"},"geometry":{"type":"LineString","coordinates":[[21.56604,53.38832],[21.56635,53.38831]]}},{"type":"Feature","properties":{"numer":"2519W","klasa":"droga zbiorcza","kat":"powiatowa"},"geometry":{"type":"LineString","coordinates":[[21.56648,53.38843],[21.5666,53.38829]]}},{"type":"Feature","properties":{"numer":"2519W","klasa":"droga zbiorcza","kat":"powiatowa"},"geometry":{"type":"LineString","coordinates":[[21.56634,53.38863],[21.56648,53.38843]]}},{"type":"Feature","properties":{"numer":"2519W","klasa":"droga zbiorcza","kat":"powiatowa"},"geometry":{"type":"LineString","coordinates":[[21.56634,53.38863],[21.56574,53.3895],[21.56486,53.39029],[21.56428,53.39073],[21.56294,53.39141],[21.56264,53.39177],[21.56321,53.39395],[21.56064,53.39736],[21.56184,53.40087],[21.56167,53.40137],[21.56106,53.4019],[21.55639,53.40448],[21.55547,53.40525],[21.55531,53.40582],[21.55531,53.41079],[21.55687,53.41167],[21.55816,53.41215],[21.5594,53.41277],[21.55997,53.41318],[21.56049,53.41377],[21.56034,53.41613],[21.55974,53.42171],[21.56066,53.42267],[21.56202,53.42382],[21.564,53.42492]]}},{"type":"Feature","properties":{"numer":"2519W","klasa":"droga zbiorcza","kat":"powiatowa"},"geometry":{"type":"LineString","coordinates":[[21.564,53.42492],[21.56671,53.42657],[21.56824,53.42814],[21.56939,53.42864],[21.57058,53.42943],[21.57203,53.43096],[21.57555,53.43314],[21.57916,53.43447],[21.57966,53.43491],[21.58115,53.43558],[21.58313,53.43674],[21.58379,53.43688],[21.58569,53.43694],[21.58625,53.43702],[21.58881,53.43804],[21.58928,53.43836]]}},{"type":"Feature","properties":{"numer":"2504W","klasa":"droga zbiorcza","kat":"powiatowa"},"geometry":{"type":"LineString","coordinates":[[21.50447,53.43906],[21.50775,53.43962],[21.5108,53.43997],[21.51229,53.43996],[21.51652,53.43975],[21.51832,53.43983],[21.51892,53.43977],[21.52556,53.43741],[21.52942,53.43573],[21.53143,53.43451],[21.53681,53.43292],[21.53919,53.43176],[21.54434,53.43046],[21.54577,53.43029],[21.5482,53.43021],[21.54863,53.43014],[21.55204,53.42878],[21.55292,53.42775],[21.5534,53.42742],[21.55404,53.42714],[21.55647,53.4264],[21.56075,53.4257],[21.564,53.42492]]}},{"type":"Feature","properties":{"numer":"2519W","klasa":"droga zbiorcza","kat":"powiatowa"},"geometry":{"type":"LineString","coordinates":[[21.58928,53.43836],[21.58926,53.4387],[21.58614,53.4446],[21.58629,53.44541],[21.58724,53.44765],[21.58946,53.45054],[21.58962,53.45085],[21.5896,53.45108],[21.58939,53.45131],[21.58898,53.4515],[21.58612,53.45223],[21.58537,53.45268],[21.58006,53.45977],[21.57948,53.4604],[21.57637,53.46204],[21.5733,53.46333],[21.57138,53.465],[21.56795,53.46721],[21.56551,53.46906]]}},{"type":"Feature","properties":{"numer":"2503W","klasa":"droga zbiorcza","kat":"powiatowa"},"geometry":{"type":"LineString","coordinates":[[21.58928,53.43836],[21.58978,53.43837],[21.59654,53.43981],[21.60183,53.44005],[21.60271,53.44015],[21.60692,53.4412]]}},{"type":"Feature","properties":{"numer":"1887B","klasa":"droga zbiorcza","kat":"powiatowa"},"geometry":{"type":"LineString","coordinates":[[21.60692,53.4412],[21.606922018345003,53.44119990811049]]}},{"type":"Feature","properties":{"numer":"2504W","klasa":"droga zbiorcza","kat":"powiatowa"},"geometry":{"type":"LineString","coordinates":[[21.48002,53.43717],[21.48023,53.43724]]}},{"type":"Feature","properties":{"numer":"2504W","klasa":"droga zbiorcza","kat":"powiatowa"},"geometry":{"type":"LineString","coordinates":[[21.48023,53.43724],[21.48419,53.43837],[21.48985,53.43968],[21.49097,53.43977],[21.49301,53.43959]]}},{"type":"Feature","properties":{"numer":"2502W","klasa":"droga zbiorcza","kat":"powiatowa"},"geometry":{"type":"LineString","coordinates":[[21.49301,53.43959],[21.49909,53.43908],[21.50447,53.43906]]}},{"type":"Feature","properties":{"numer":"2502W","klasa":"droga zbiorcza","kat":"powiatowa"},"geometry":{"type":"LineString","coordinates":[[21.47912,53.45816],[21.47969,53.45772],[21.48202,53.45639],[21.48273,53.45573],[21.48363,53.45284],[21.48613,53.44637],[21.48681,53.4458],[21.49067,53.44352],[21.49199,53.4423],[21.49249,53.44166],[21.49301,53.43959]]}},{"type":"Feature","properties":{"numer":"2501W","klasa":"droga zbiorcza","kat":"powiatowa"},"geometry":{"type":"LineString","coordinates":[[21.47912,53.45816],[21.47902,53.45873],[21.47919,53.46289],[21.47872,53.46441],[21.47894,53.46456],[21.48097,53.46456],[21.48168,53.46464],[21.48576,53.46558],[21.49617,53.46748],[21.49912,53.46778],[21.5013,53.46834],[21.50262,53.46857],[21.50348,53.46853],[21.51134,53.46631],[21.51223,53.46625],[21.51515,53.46657],[21.516,53.4666],[21.51672,53.46648],[21.51831,53.4659],[21.51926,53.4658],[21.52376,53.46641],[21.52935,53.46656],[21.53195,53.46688],[21.53311,53.46681],[21.53519,53.46637],[21.53637,53.46637],[21.55902,53.46901],[21.56024,53.46906],[21.56236,53.46898],[21.56551,53.46906]]}},{"type":"Feature","properties":{"numer":"614","klasa":"droga zbiorcza","kat":"wojewodzka"},"geometry":{"type":"LineString","coordinates":[[21.20667,53.33387],[21.20321,53.33345],[21.19732,53.33229],[21.19232,53.33109],[21.19033,53.33044],[21.18371,53.32771],[21.18306,53.32753],[21.17413,53.32641],[21.16835,53.32529],[21.16236,53.32508]]}},{"type":"Feature","properties":{"numer":"2510W","klasa":"droga zbiorcza","kat":"powiatowa"},"geometry":{"type":"LineString","coordinates":[[21.14001,53.32444],[21.14043,53.32539],[21.14109,53.32765],[21.14301,53.33087],[21.14655,53.33724],[21.14747,53.33782],[21.15074,53.33957],[21.15257,53.34085],[21.15621,53.34471],[21.15701,53.34544],[21.15868,53.34633],[21.16151,53.34754],[21.16461,53.34815],[21.16619,53.34881],[21.16882,53.35007],[21.17129,53.35192],[21.17263,53.35318],[21.17552,53.3548],[21.1832,53.35684],[21.18408,53.35701],[21.19059,53.35702],[21.19108,53.35699],[21.19227,53.35676]]}},{"type":"Feature","properties":{"numer":"2510W","klasa":"droga zbiorcza","kat":"powiatowa"},"geometry":{"type":"LineString","coordinates":[[21.19227,53.35676],[21.19421,53.35628]]}},{"type":"Feature","properties":{"numer":"2509W","klasa":"droga zbiorcza","kat":"powiatowa"},"geometry":{"type":"LineString","coordinates":[[21.19227,53.35676],[21.19094,53.35732],[21.18671,53.35862],[21.18266,53.35949],[21.17698,53.36098],[21.17225,53.36138]]}},{"type":"Feature","properties":{"numer":"2509W","klasa":"droga zbiorcza","kat":"powiatowa"},"geometry":{"type":"LineString","coordinates":[[21.17176,53.3614],[21.17225,53.36138]]}},{"type":"Feature","properties":{"numer":"2586W","klasa":"droga zbiorcza","kat":"powiatowa"},"geometry":{"type":"LineString","coordinates":[[21.17225,53.36138],[21.17198,53.36158]]}},{"type":"Feature","properties":{"numer":"2586W","klasa":"droga zbiorcza","kat":"powiatowa"},"geometry":{"type":"LineString","coordinates":[[21.17198,53.36158],[21.17176,53.3614]]}},{"type":"Feature","properties":{"numer":"2586W","klasa":"droga zbiorcza","kat":"powiatowa"},"geometry":{"type":"LineString","coordinates":[[21.145691998051337,53.37939045818427],[21.14965,53.37784],[21.15142,53.37677],[21.15205,53.37647],[21.1548,53.37565],[21.15807,53.37506],[21.16392,53.37348],[21.16929,53.3715],[21.1724,53.36846],[21.17411,53.36561],[21.17398,53.36418],[21.17375,53.36346],[21.17318,53.36273],[21.172,53.362],[21.17198,53.36158]]}},{"type":"Feature","properties":{"numer":"614","klasa":"droga zbiorcza","kat":"wojewodzka"},"geometry":{"type":"LineString","coordinates":[[21.27437,53.36478],[21.2655,53.36101],[21.25786,53.35681]]}},{"type":"Feature","properties":{"numer":"2508W","klasa":"droga zbiorcza","kat":"powiatowa"},"geometry":{"type":"LineString","coordinates":[[21.24219,53.36528],[21.24648,53.36387],[21.24875,53.3635],[21.25386,53.36406],[21.2556,53.36393],[21.26002,53.36396],[21.26124,53.36412],[21.26319,53.36454],[21.26492,53.36455],[21.26604,53.36483],[21.26828,53.36486],[21.27198,53.36511],[21.27437,53.36478]]}},{"type":"Feature","properties":{"numer":"614","klasa":"droga zbiorcza","kat":"wojewodzka"},"geometry":{"type":"LineString","coordinates":[[21.27769,53.3662],[21.27437,53.36478]]}},{"type":"Feature","properties":{"numer":"614","klasa":"droga zbiorcza","kat":"wojewodzka"},"geometry":{"type":"LineString","coordinates":[[21.29728,53.3748],[21.29624,53.37476],[21.2954,53.37451],[21.29086,53.37165],[21.28483,53.36879],[21.27966,53.36698],[21.27769,53.3662]]}},{"type":"Feature","properties":{"numer":"2506W","klasa":"droga zbiorcza","kat":"powiatowa"},"geometry":{"type":"LineString","coordinates":[[21.26264,53.38428],[21.26396,53.38276],[21.26568,53.38108],[21.26619,53.37923],[21.26623,53.3783],[21.26646,53.37781],[21.26769,53.37781],[21.26966,53.37793],[21.27096,53.37785],[21.27971,53.3765],[21.28547,53.37616],[21.28869,53.37638],[21.28937,53.37637],[21.29086,53.37613],[21.29314,53.37597],[21.29404,53.37583],[21.29571,53.37542],[21.29714,53.37494],[21.29728,53.3748]]}},{"type":"Feature","properties":{"numer":"2506W","klasa":"droga zbiorcza","kat":"powiatowa"},"geometry":{"type":"LineString","coordinates":[[21.26264,53.38428],[21.26137,53.38564],[21.25968,53.3866],[21.25885,53.38691],[21.25777,53.38745],[21.25777,53.38765],[21.25918,53.39018],[21.25781,53.39052],[21.25493,53.39098],[21.25395,53.391],[21.24954,53.39253],[21.24898,53.39266],[21.24848,53.39259],[21.24785,53.39267],[21.24561,53.3935],[21.24303,53.39376],[21.24015,53.39448],[21.23915,53.39484],[21.23825,53.39498],[21.23595,53.39563],[21.23441,53.39581],[21.23003,53.3974],[21.22539,53.39789]]}},{"type":"Feature","properties":{"numer":"2505W","klasa":"droga zbiorcza","kat":"powiatowa"},"geometry":{"type":"LineString","coordinates":[[21.2436,53.41074],[21.2431,53.41066],[21.24142,53.41071],[21.23857,53.4111],[21.23713,53.41151],[21.233842482048956,53.41290470458529]]}},{"type":"Feature","properties":{"numer":"2510W","klasa":"droga zbiorcza","kat":"powiatowa"},"geometry":{"type":"LineString","coordinates":[[21.20356,53.35493],[21.20403,53.35497],[21.20841,53.35631],[21.21337,53.35713],[21.21459,53.35724]]}},{"type":"Feature","properties":{"numer":"2508W","klasa":"droga zbiorcza","kat":"powiatowa"},"geometry":{"type":"LineString","coordinates":[[21.21459,53.35724],[21.2199,53.35966],[21.22171,53.36067],[21.22428,53.36126],[21.22477,53.36148],[21.2265,53.36266],[21.22757,53.36403],[21.22805,53.3645],[21.22851,53.3648],[21.22907,53.36499],[21.23439,53.3665],[21.23494,53.3666],[21.24219,53.36528]]}},{"type":"Feature","properties":{"numer":"2507W","klasa":"droga zbiorcza","kat":"powiatowa"},"geometry":{"type":"LineString","coordinates":[[21.20633,53.38846],[21.20536,53.38787],[21.20381,53.38589],[21.20045,53.38238],[21.20018,53.37711],[21.19963,53.37521],[21.19994,53.37133],[21.19962,53.37051],[21.19929,53.37],[21.19481,53.36501],[21.19469,53.36435],[21.19491,53.36298],[21.19482,53.36244],[21.19448,53.36181],[21.19331,53.3606],[21.19319,53.36024],[21.19421,53.35628]]}},{"type":"Feature","properties":{"numer":"2507W","klasa":"droga zbiorcza","kat":"powiatowa"},"geometry":{"type":"LineString","coordinates":[[21.20633,53.38846],[21.20641,53.38851]]}},{"type":"Feature","properties":{"numer":"2507W","klasa":"droga zbiorcza","kat":"powiatowa"},"geometry":{"type":"LineString","coordinates":[[21.22539,53.39789],[21.22316,53.39625],[21.22229,53.39474],[21.22148,53.39423],[21.22098,53.39402],[21.22063,53.39398],[21.21722,53.39402],[21.21666,53.39395],[21.21407,53.39275],[21.21146,53.3923],[21.21047,53.39185],[21.20969,53.39137],[21.20641,53.38851]]}},{"type":"Feature","properties":{"numer":"2507W","klasa":"droga zbiorcza","kat":"powiatowa"},"geometry":{"type":"LineString","coordinates":[[21.2436,53.41074],[21.2428,53.40674],[21.24113,53.40544],[21.24034,53.40519],[21.23684,53.40287],[21.23211,53.4013],[21.22539,53.39789]]}},{"type":"Feature","properties":{"numer":"2504W","klasa":"droga zbiorcza","kat":"powiatowa"},"geometry":{"type":"LineString","coordinates":[[21.35371,53.38223],[21.35377,53.38244],[21.35677,53.38431],[21.36018,53.38623],[21.36184,53.38773]]}},{"type":"Feature","properties":{"numer":"53","klasa":"droga gĹ‚Ăłwna","kat":"krajowa"},"geometry":{"type":"LineString","coordinates":[[21.3404,53.3865],[21.33949,53.38552],[21.33943,53.38517]]}},{"type":"Feature","properties":{"numer":"53","klasa":"droga gĹ‚Ăłwna","kat":"krajowa"},"geometry":{"type":"LineString","coordinates":[[21.3404,53.3865],[21.34051,53.38661]]}},{"type":"Feature","properties":{"numer":"2505W","klasa":"droga zbiorcza","kat":"powiatowa"},"geometry":{"type":"LineString","coordinates":[[21.2436,53.41074],[21.2439,53.41091],[21.24422,53.41096],[21.2469,53.41076],[21.24909,53.41047],[21.25021,53.41014],[21.25108,53.40958],[21.25275,53.40785],[21.25345,53.40693],[21.2547,53.40568],[21.25509,53.40546],[21.25621,53.40504],[21.25968,53.40419],[21.26601,53.40307],[21.26929,53.40209],[21.27304,53.40116],[21.27423,53.40095],[21.27834,53.40047],[21.28567,53.40023],[21.28955,53.39936],[21.30286,53.3975],[21.31053,53.3963],[21.31244,53.3959],[21.31467,53.39518],[21.32125,53.39343],[21.32335,53.393],[21.32714,53.39236],[21.32798,53.39199],[21.33732,53.3861],[21.33943,53.38517]]}},{"type":"Feature","properties":{"numer":"53","klasa":"droga gĹ‚Ăłwna","kat":"krajowa"},"geometry":{"type":"LineString","coordinates":[[21.351019966664573,53.41445519026354],[21.34855,53.41077],[21.34385,53.40339],[21.34266,53.39923],[21.34253,53.39278],[21.34193,53.38838],[21.34151,53.38767],[21.34051,53.38661]]}},{"type":"Feature","properties":{"numer":"2504W","klasa":"droga zbiorcza","kat":"powiatowa"},"geometry":{"type":"LineString","coordinates":[[21.36197,53.38785],[21.36285,53.38853],[21.36542,53.38954],[21.37192,53.39257],[21.37783,53.39518],[21.37831,53.3955],[21.38022,53.39731],[21.38615,53.40386],[21.38744,53.40667],[21.38936,53.40926],[21.38948,53.41169],[21.38929,53.41659]]}},{"type":"Feature","properties":{"numer":"2585W","klasa":"droga zbiorcza","kat":"powiatowa"},"geometry":{"type":"LineString","coordinates":[[21.353604838282745,53.41660111105535],[21.3859,53.41668],[21.38929,53.41659]]}},{"type":"Feature","properties":{"numer":"2504W","klasa":"droga zbiorcza","kat":"powiatowa"},"geometry":{"type":"LineString","coordinates":[[21.38929,53.41659],[21.39088,53.41677],[21.39468,53.41696],[21.40295,53.41869],[21.40477,53.41919],[21.41199,53.42072],[21.41279,53.42086],[21.41443,53.42095],[21.41654,53.42154],[21.43837,53.42927],[21.44769,53.43395],[21.44822,53.43398],[21.45372,53.4335],[21.45496,53.4335],[21.45831,53.43397],[21.46421,53.43522]]}},{"type":"Feature","properties":{"numer":"1524N","klasa":"droga zbiorcza","kat":"powiatowa"},"geometry":{"type":"LineString","coordinates":[[21.439826736669307,53.453460727952],[21.44037,53.4535]]}},{"type":"Feature","properties":{"numer":"2501W","klasa":"droga zbiorcza","kat":"powiatowa"},"geometry":{"type":"LineString","coordinates":[[21.44037,53.4535],[21.44038,53.4535]]}},{"type":"Feature","properties":{"numer":"2501W","klasa":"droga zbiorcza","kat":"powiatowa"},"geometry":{"type":"LineString","coordinates":[[21.44038,53.4535],[21.44042,53.4535]]}},{"type":"Feature","properties":{"numer":"2501W","klasa":"droga zbiorcza","kat":"powiatowa"},"geometry":{"type":"LineString","coordinates":[[21.44042,53.4535],[21.44691,53.45409],[21.462,53.45582],[21.47137,53.45743],[21.472,53.45745],[21.47594,53.45719],[21.47653,53.45721],[21.47912,53.45816]]}},{"type":"Feature","properties":{"numer":"2519W","klasa":"droga zbiorcza","kat":"powiatowa"},"geometry":{"type":"LineString","coordinates":[[21.56551,53.46906],[21.56531,53.46931],[21.56498,53.4704],[21.56457,53.47078],[21.56288,53.47165],[21.56064,53.47244],[21.55098,53.47729],[21.550127905066866,53.47782503635336]]}},{"type":"Feature","properties":{"numer":"1661N","klasa":"droga zbiorcza","kat":"powiatowa"},"geometry":{"type":"LineString","coordinates":[[21.55021,53.47783],[21.55020800918836,53.47783159264931]]}}]}