{"type":"FeatureCollection","features":[{"type":"Feature","properties":{"numer":"63","klasa":"droga gĹ‚Ăłwna","kat":"krajowa"},"geometry":{"type":"LineString","coordinates":[[22.236047502343965,52.30283794397713],[22.23586,52.31995]]}},{"type":"Feature","properties":{"numer":"3937W","klasa":"droga zbiorcza","kat":"powiatowa"},"geometry":{"type":"LineString","coordinates":[[22.18138,52.30393],[22.18414,52.30411],[22.18499,52.30467],[22.18805,52.30498],[22.18935,52.3054],[22.18967,52.30543],[22.19301,52.30463],[22.19612,52.30365],[22.1976,52.30335],[22.19803,52.30333],[22.19996,52.30373],[22.2045,52.30543],[22.20957,52.30756],[22.21386,52.30908],[22.2188,52.31102],[22.21925,52.31129],[22.22064,52.31254],[22.22118,52.31282],[22.22365,52.31367],[22.23104,52.31586],[22.23204,52.31603],[22.23347,52.31613],[22.23356,52.31617],[22.23316,52.31871],[22.2332,52.31947]]}},{"type":"Feature","properties":{"numer":"3929W","klasa":"","kat":"powiatowa"},"geometry":{"type":"LineString","coordinates":[[22.34131,52.34487],[22.34167,52.34456],[22.34332,52.34408],[22.35348,52.33749],[22.35788,52.33618],[22.36909,52.33227],[22.37026,52.33203],[22.37248,52.33178],[22.37278,52.33163],[22.37311,52.33109],[22.3734,52.33096],[22.37597,52.33095],[22.37657,52.33089],[22.3856,52.32689],[22.38597,52.3266],[22.38649,52.3252],[22.3874,52.32471],[22.38804,52.3236],[22.38838,52.32337],[22.38879,52.32326],[22.39063,52.32329],[22.39197,52.32315],[22.40204,52.32014],[22.40654,52.31889],[22.40851,52.31836],[22.40944,52.31831],[22.42016191097391,52.31404683429596]]}},{"type":"Feature","properties":{"numer":"3937W","klasa":"droga zbiorcza","kat":"powiatowa"},"geometry":{"type":"LineString","coordinates":[[22.171385734193535,52.30416687771408],[22.17469,52.30309],[22.17735,52.30315],[22.18138,52.30393]]}},{"type":"Feature","properties":{"numer":"3938W","klasa":"droga zbiorcza","kat":"powiatowa"},"geometry":{"type":"LineString","coordinates":[[22.11040887611735,52.318336958525094],[22.1114,52.31864],[22.1145,52.31897],[22.11537,52.31924],[22.11679,52.31988],[22.11736,52.32042],[22.11831,52.32094],[22.1196,52.32263],[22.12185,52.32246],[22.124,52.32258],[22.12494,52.3227],[22.12676,52.32319],[22.12727,52.32325],[22.13004,52.32311],[22.13225,52.32231],[22.13984,52.32239],[22.1428,52.32249],[22.15257,52.32409],[22.1545,52.32427],[22.15877,52.32517],[22.15928,52.32529],[22.15992,52.32561],[22.17608,52.3344]]}},{"type":"Feature","properties":{"numer":"3928W","klasa":"droga zbiorcza","kat":"powiatowa"},"geometry":{"type":"LineString","coordinates":[[22.18267,52.33418],[22.18273,52.33432]]}},{"type":"Feature","properties":{"numer":"4229W","klasa":"droga zbiorcza","kat":"powiatowa"},"geometry":{"type":"LineString","coordinates":[[22.17608,52.3344],[22.17828,52.33438],[22.1796,52.33452],[22.18054,52.33455],[22.18131,52.33448],[22.18267,52.33418]]}},{"type":"Feature","properties":{"numer":"3928W","klasa":"droga zbiorcza","kat":"powiatowa"},"geometry":{"type":"LineString","coordinates":[[22.18273,52.33432],[22.18776,52.33516],[22.18869,52.33548],[22.18986,52.33619],[22.19056,52.33632],[22.19119,52.33629],[22.19234,52.33603],[22.19631,52.33548],[22.19895,52.33483],[22.20027,52.33438],[22.20118,52.33417],[22.20223,52.3342],[22.20283,52.33411]]}},{"type":"Feature","properties":{"numer":"4229W","klasa":"droga zbiorcza","kat":"powiatowa"},"geometry":{"type":"LineString","coordinates":[[22.13085,52.34503],[22.13187,52.34452],[22.13401,52.3443],[22.13424,52.344],[22.13492,52.34379],[22.13647,52.3441],[22.13826,52.34426],[22.14624,52.34317],[22.15421,52.34105],[22.1557,52.3409],[22.15718,52.34004],[22.15877,52.33954],[22.16133,52.33917],[22.16199,52.33876],[22.16355,52.33738],[22.16475,52.33693],[22.16532,52.33663],[22.16616,52.33617],[22.16681,52.33555],[22.16722,52.33535],[22.17203,52.33445],[22.17334,52.33439],[22.17608,52.3344]]}},{"type":"Feature","properties":{"numer":"4228W","klasa":"droga zbiorcza","kat":"powiatowa"},"geometry":{"type":"LineString","coordinates":[[22.13085,52.34503],[22.13171,52.34579],[22.13462,52.34739],[22.13859,52.3488],[22.13967,52.34933],[22.14136,52.35047],[22.14346,52.35221],[22.14985,52.35473],[22.15182,52.35655]]}},{"type":"Feature","properties":{"numer":"4228W","klasa":"droga zbiorcza","kat":"powiatowa"},"geometry":{"type":"LineString","coordinates":[[22.09012406257974,52.33293056677214],[22.11861,52.33815],[22.12458,52.33917],[22.12501,52.33933],[22.12589,52.34015],[22.12775,52.34115],[22.12872,52.3419],[22.12957,52.34276],[22.13085,52.34503]]}},{"type":"Feature","properties":{"numer":"4229W","klasa":"droga zbiorcza","kat":"powiatowa"},"geometry":{"type":"LineString","coordinates":[[22.118851267392152,52.35039364344279],[22.12074,52.34918],[22.13085,52.34503]]}},{"type":"Feature","properties":{"numer":"3914W","klasa":"","kat":"powiatowa"},"geometry":{"type":"LineString","coordinates":[[22.08601,52.39493],[22.08676,52.39466],[22.08951,52.39341],[22.12463,52.37712],[22.14053,52.36347],[22.14125,52.36281],[22.14161,52.36222],[22.14642,52.35909],[22.14756,52.35869],[22.15202,52.35756],[22.15177,52.35668],[22.15182,52.35655]]}},{"type":"Feature","properties":{"numer":"3937W","klasa":"droga zbiorcza","kat":"powiatowa"},"geometry":{"type":"LineString","coordinates":[[22.2332,52.31947],[22.23434,52.31982],[22.23586,52.31995]]}},{"type":"Feature","properties":{"numer":"4229W","klasa":"droga zbiorcza","kat":"powiatowa"},"geometry":{"type":"LineString","coordinates":[[22.18267,52.33418],[22.18924,52.33269],[22.19377,52.33146],[22.19749,52.32983],[22.21008,52.32785],[22.2138,52.32696],[22.21773,52.32572],[22.22373,52.32298],[22.22759,52.32057],[22.23013,52.31996],[22.2332,52.31947]]}},{"type":"Feature","properties":{"numer":"63","klasa":"droga gĹ‚Ăłwna","kat":"krajowa"},"geometry":{"type":"LineString","coordinates":[[22.23586,52.31995],[22.23619,52.32104],[22.24313,52.33654]]}},{"type":"Feature","properties":{"numer":"3928W","klasa":"droga zbiorcza","kat":"powiatowa"},"geometry":{"type":"LineString","coordinates":[[22.20283,52.33411],[22.20578,52.33353],[22.20676,52.33367],[22.21455,52.33681],[22.21507,52.3369],[22.21699,52.33703],[22.22241,52.33729],[22.22673,52.33642],[22.22976,52.33593],[22.2306,52.33603],[22.23328,52.33683],[22.24313,52.33654]]}},{"type":"Feature","properties":{"numer":"63","klasa":"droga gĹ‚Ăłwna","kat":"krajowa"},"geometry":{"type":"LineString","coordinates":[[22.24313,52.33654],[22.24543,52.34171]]}},{"type":"Feature","properties":{"numer":"3928W","klasa":"droga zbiorcza","kat":"powiatowa"},"geometry":{"type":"LineString","coordinates":[[22.24543,52.34171],[22.24694,52.34167]]}},{"type":"Feature","properties":{"numer":"3928W","klasa":"droga zbiorcza","kat":"powiatowa"},"geometry":{"type":"LineString","coordinates":[[22.24694,52.34167],[22.24937,52.34215],[22.25055,52.34221]]}},{"type":"Feature","properties":{"numer":"3928W","klasa":"droga zbiorcza","kat":"powiatowa"},"geometry":{"type":"LineString","coordinates":[[22.25055,52.34221],[22.25063,52.34222]]}},{"type":"Feature","properties":{"numer":"63","klasa":"droga gĹ‚Ăłwna","kat":"krajowa"},"geometry":{"type":"LineString","coordinates":[[22.24543,52.34171],[22.24713,52.34553],[22.24865,52.34784],[22.24886,52.3485],[22.24872,52.34916],[22.24707,52.35264],[22.24694,52.35319],[22.24701,52.35393],[22.2475,52.35574],[22.24821,52.35755],[22.24834,52.35841],[22.24744,52.36395],[22.24649,52.36792],[22.24637,52.3689],[22.24652,52.36936],[22.24694,52.3699],[22.25166,52.37301],[22.25244,52.37384],[22.25276,52.37446],[22.2529,52.37515],[22.25308,52.3779],[22.25297,52.38126],[22.25423,52.38626],[22.25599,52.39239],[22.25598,52.3931],[22.25408,52.40123]]}},{"type":"Feature","properties":{"numer":"","klasa":"droga wewnÄ™trzna","kat":"gminna"},"geometry":{"type":"LineString","coordinates":[[22.24921,52.3977],[22.24883,52.39789]]}},{"type":"Feature","properties":{"numer":"4228W","klasa":"droga zbiorcza","kat":"powiatowa"},"geometry":{"type":"LineString","coordinates":[[22.15182,52.35655],[22.15959,52.35952],[22.16015,52.35979],[22.16037,52.36004],[22.16243,52.36404],[22.16463,52.36779],[22.16511,52.3683],[22.16569,52.36861],[22.16641,52.36883],[22.17227,52.37051],[22.17427,52.37099]]}},{"type":"Feature","properties":{"numer":"3915W","klasa":"","kat":"powiatowa"},"geometry":{"type":"LineString","coordinates":[[22.15123,52.38497],[22.15198,52.38468],[22.15259,52.38506],[22.15424,52.38458],[22.15534,52.38351],[22.15834,52.38216],[22.16097,52.37951],[22.16451,52.37809],[22.1671,52.37756],[22.16952,52.37654],[22.16982,52.3763],[22.17025,52.37569],[22.17106,52.37499],[22.17148,52.3748],[22.17243,52.37455],[22.17271,52.37435],[22.17427,52.37099]]}},{"type":"Feature","properties":{"numer":"3915W","klasa":"","kat":"powiatowa"},"geometry":{"type":"LineString","coordinates":[[22.15114,52.385],[22.15123,52.38497]]}},{"type":"Feature","properties":{"numer":"4228W","klasa":"droga zbiorcza","kat":"powiatowa"},"geometry":{"type":"LineString","coordinates":[[22.17427,52.37099],[22.17534,52.37128],[22.17611,52.37163],[22.1836,52.37521],[22.1929,52.38265],[22.19318,52.38269],[22.19548,52.3825],[22.19732,52.38245],[22.20139,52.38251],[22.20181,52.38381],[22.20359,52.38601],[22.20729,52.39411],[22.21031,52.39799],[22.21747,52.40464],[22.21757,52.40496],[22.21758,52.40618],[22.21738,52.4068],[22.21739,52.40726]]}},{"type":"Feature","properties":{"numer":"3915W","klasa":"","kat":"powiatowa"},"geometry":{"type":"LineString","coordinates":[[22.1252,52.39636],[22.12723,52.39471],[22.12904,52.39344],[22.13786,52.39057],[22.14433,52.38682],[22.14555,52.38619],[22.14825,52.38535],[22.15007,52.38527],[22.15114,52.385]]}},{"type":"Feature","properties":{"numer":"62","klasa":"droga gĹ‚Ăłwna","kat":"krajowa"},"geometry":{"type":"LineString","coordinates":[[22.12458,52.39871],[22.13043,52.39858],[22.13208,52.39879],[22.13274,52.39894],[22.16512,52.41019],[22.16653,52.41058],[22.16754,52.41057],[22.17448,52.40944],[22.18073,52.40766],[22.18155,52.40752],[22.21739,52.40726]]}},{"type":"Feature","properties":{"numer":"4233W","klasa":"droga zbiorcza","kat":"powiatowa"},"geometry":{"type":"LineString","coordinates":[[22.20902,52.42565],[22.20747,52.42557],[22.19866,52.42573],[22.19274,52.4269],[22.19034,52.42759],[22.18811,52.4288],[22.18244,52.43065],[22.17128,52.43268],[22.16155,52.43422],[22.15679,52.43512],[22.1551,52.43553],[22.14803,52.43664],[22.147755871225215,52.43678391760676]]}},{"type":"Feature","properties":{"numer":"4234W","klasa":"","kat":"powiatowa"},"geometry":{"type":"LineString","coordinates":[[22.1679,52.45723],[22.17023,52.45695],[22.17078,52.45674],[22.18069,52.45207],[22.19035,52.44736],[22.19607,52.43982],[22.19742,52.43611]]}},{"type":"Feature","properties":{"numer":"4234W","klasa":"","kat":"powiatowa"},"geometry":{"type":"LineString","coordinates":[[22.15943,52.4582],[22.1679,52.45723]]}},{"type":"Feature","properties":{"numer":"4234W","klasa":"droga zbiorcza","kat":"powiatowa"},"geometry":{"type":"LineString","coordinates":[[22.159427616480542,52.45820028494417],[22.15943,52.4582]]}},{"type":"Feature","properties":{"numer":"420873W","klasa":"droga lokalna","kat":"powiatowa"},"geometry":{"type":"LineString","coordinates":[[22.085969535099952,52.39493505811251],[22.08601,52.39493]]}},{"type":"Feature","properties":{"numer":"3915W","klasa":"","kat":"powiatowa"},"geometry":{"type":"LineString","coordinates":[[22.12512,52.39643],[22.1252,52.39636]]}},{"type":"Feature","properties":{"numer":"3915W","klasa":"","kat":"powiatowa"},"geometry":{"type":"LineString","coordinates":[[22.12458,52.39871],[22.12548,52.39782],[22.12534,52.3975],[22.12474,52.39714],[22.12466,52.39698],[22.12472,52.39678],[22.12512,52.39643]]}},{"type":"Feature","properties":{"numer":"62","klasa":"droga gĹ‚Ăłwna","kat":"krajowa"},"geometry":{"type":"LineString","coordinates":[[22.08865573906829,52.40386402891284],[22.116,52.4014],[22.11655,52.40131],[22.11757,52.401],[22.12092,52.39987],[22.12334,52.39894],[22.12458,52.39871]]}},{"type":"Feature","properties":{"numer":"390842W","klasa":"droga lokalna","kat":"powiatowa"},"geometry":{"type":"LineString","coordinates":[[22.21583,52.42463],[22.21565,52.42375],[22.21607,52.42208]]}},{"type":"Feature","properties":{"numer":"4233W","klasa":"droga zbiorcza","kat":"powiatowa"},"geometry":{"type":"LineString","coordinates":[[22.20902,52.42565],[22.2106,52.42568],[22.21212,52.42551],[22.21309,52.42536],[22.21583,52.42463]]}},{"type":"Feature","properties":{"numer":"390842W","klasa":"droga lokalna","kat":"powiatowa"},"geometry":{"type":"LineString","coordinates":[[22.21926,52.42691],[22.21665,52.42548],[22.21638,52.42529],[22.21583,52.42463]]}},{"type":"Feature","properties":{"numer":"627","klasa":"droga gĹ‚Ăłwna","kat":"wojewodzka"},"geometry":{"type":"LineString","coordinates":[[22.2276,52.43239],[22.22807,52.43184],[22.23323,52.4272],[22.23856,52.42199]]}},{"type":"Feature","properties":{"numer":"390842W","klasa":"droga lokalna","kat":"powiatowa"},"geometry":{"type":"LineString","coordinates":[[22.22376,52.42972],[22.22169,52.42822],[22.21926,52.42691]]}},{"type":"Feature","properties":{"numer":"4234W","klasa":"","kat":"powiatowa"},"geometry":{"type":"LineString","coordinates":[[22.19742,52.43611],[22.19812,52.43425],[22.20902,52.42565]]}},{"type":"Feature","properties":{"numer":"390842W","klasa":"droga lokalna","kat":"powiatowa"},"geometry":{"type":"LineString","coordinates":[[22.22718,52.43224],[22.22376,52.42972]]}},{"type":"Feature","properties":{"numer":"390842W","klasa":"","kat":"powiatowa"},"geometry":{"type":"LineString","coordinates":[[22.2276,52.43239],[22.22718,52.43224]]}},{"type":"Feature","properties":{"numer":"627","klasa":"droga gĹ‚Ăłwna","kat":"wojewodzka"},"geometry":{"type":"LineString","coordinates":[[22.22188,52.44143],[22.22283,52.4403],[22.22327,52.43932],[22.22468,52.43744],[22.22568,52.43568],[22.22681,52.43406],[22.2276,52.43239]]}},{"type":"Feature","properties":{"numer":"3916W","klasa":"","kat":"powiatowa"},"geometry":{"type":"LineString","coordinates":[[22.19742,52.43611],[22.21091,52.44048],[22.21264,52.44075],[22.21632,52.44109],[22.22014,52.44138],[22.22188,52.44143]]}},{"type":"Feature","properties":{"numer":"4235W","klasa":"droga zbiorcza","kat":"powiatowa"},"geometry":{"type":"LineString","coordinates":[[22.15742452305328,52.48268909528688],[22.15771,52.4828],[22.18222,52.48612]]}},{"type":"Feature","properties":{"numer":"4235W","klasa":"droga zbiorcza","kat":"powiatowa"},"geometry":{"type":"LineString","coordinates":[[22.18707,52.48543],[22.18814,52.48575],[22.18855,52.48577],[22.18993,52.48518],[22.19147,52.48505],[22.19224,52.48515],[22.19362,52.48554]]}},{"type":"Feature","properties":{"numer":"627","klasa":"droga gĹ‚Ăłwna","kat":"wojewodzka"},"geometry":{"type":"LineString","coordinates":[[22.18623,52.4866],[22.18707,52.48543]]}},{"type":"Feature","properties":{"numer":"4235W","klasa":"droga zbiorcza","kat":"powiatowa"},"geometry":{"type":"LineString","coordinates":[[22.18222,52.48612],[22.18499,52.48651],[22.18623,52.4866]]}},{"type":"Feature","properties":{"numer":"627","klasa":"droga gĹ‚Ăłwna","kat":"wojewodzka"},"geometry":{"type":"LineString","coordinates":[[22.18509,52.49678],[22.18537,52.49613],[22.18537,52.49455],[22.18424,52.49179],[22.18414,52.49091],[22.18491,52.48876],[22.18623,52.4866]]}},{"type":"Feature","properties":{"numer":"4221W","klasa":"droga zbiorcza","kat":"powiatowa"},"geometry":{"type":"LineString","coordinates":[[22.12392,52.5091],[22.12705,52.50839],[22.12762,52.50838],[22.12964,52.50863],[22.13006,52.50863],[22.133,52.50824],[22.13462,52.50783],[22.13625,52.50775],[22.14155,52.50672],[22.15324,52.50474],[22.16241,52.50275],[22.16671,52.50469],[22.16782,52.50477],[22.16872,52.50461],[22.17066,52.50451],[22.17265,52.504],[22.17431,52.50322],[22.17468,52.50284],[22.17572,52.50123],[22.17653,52.50039],[22.17706,52.49999],[22.1807,52.49837],[22.18342,52.49699],[22.18382,52.49689],[22.18509,52.49678]]}},{"type":"Feature","properties":{"numer":"627","klasa":"droga gĹ‚Ăłwna","kat":"wojewodzka"},"geometry":{"type":"LineString","coordinates":[[22.18787,52.51626],[22.18792,52.51596],[22.18718,52.51353],[22.18656,52.5134],[22.18364,52.51344],[22.18331,52.51335],[22.18319,52.51311],[22.18317,52.50989],[22.18329,52.50954],[22.18401,52.50861],[22.18443,52.50671],[22.18442,52.50437],[22.18531,52.49875],[22.18488,52.49726],[22.18509,52.49678]]}},{"type":"Feature","properties":{"numer":"3913W","klasa":"","kat":"powiatowa"},"geometry":{"type":"LineString","coordinates":[[22.18787,52.51626],[22.19294,52.51852],[22.19686,52.52049],[22.19954,52.52158],[22.20293,52.52316],[22.20334,52.52344],[22.20392,52.52413],[22.20416,52.52424],[22.20612,52.52367],[22.20654,52.52345]]}},{"type":"Feature","properties":{"numer":"627","klasa":"droga gĹ‚Ăłwna","kat":"wojewodzka"},"geometry":{"type":"LineString","coordinates":[[22.15392,52.58321],[22.15599,52.57504],[22.15755,52.57001],[22.15829,52.5686],[22.16153,52.56389],[22.16303,52.56001],[22.16321,52.55817],[22.16528,52.55411],[22.16599,52.5521],[22.16788,52.55071],[22.16899,52.55017],[22.1697,52.54962],[22.17007,52.54904],[22.17014,52.54808],[22.17044,52.54768],[22.17577,52.54393],[22.17627,52.54327],[22.17742,52.54133],[22.17763,52.54009],[22.17702,52.52928],[22.17744,52.52754],[22.17836,52.52474],[22.17929,52.52361],[22.18429,52.51882],[22.18787,52.51626]]}},{"type":"Feature","properties":{"numer":"4220W","klasa":"droga zbiorcza","kat":"powiatowa"},"geometry":{"type":"LineString","coordinates":[[22.12371,52.50696],[22.12333,52.50531],[22.12302,52.50463],[22.12254,52.50403],[22.122334166666665,52.50385583333333]]}},{"type":"Feature","properties":{"numer":"4220W","klasa":"droga zbiorcza","kat":"powiatowa"},"geometry":{"type":"LineString","coordinates":[[22.122253646477127,52.50378770086526],[22.12202,52.50359],[22.12002,52.50245],[22.120010139951557,52.50244228344035]]}},{"type":"Feature","properties":{"numer":"4220W","klasa":"droga zbiorcza","kat":"powiatowa"},"geometry":{"type":"LineString","coordinates":[[22.12371,52.50696],[22.12392,52.5091]]}},{"type":"Feature","properties":{"numer":"4221W","klasa":"droga zbiorcza","kat":"powiatowa"},"geometry":{"type":"LineString","coordinates":[[22.096052470310813,52.51345165313171],[22.10459,52.51283],[22.10911,52.51228],[22.11077,52.51186],[22.11232,52.51119],[22.11301,52.51099],[22.115,52.51088],[22.11605,52.51075],[22.11972,52.50993],[22.12392,52.5091]]}},{"type":"Feature","properties":{"numer":"4219W","klasa":"droga zbiorcza","kat":"powiatowa"},"geometry":{"type":"LineString","coordinates":[[22.0822851197069,52.53255105539025],[22.08232,52.53258]]}},{"type":"Feature","properties":{"numer":"4220W","klasa":"droga zbiorcza","kat":"powiatowa"},"geometry":{"type":"LineString","coordinates":[[22.12962,52.5531],[22.12896,52.55238],[22.12867,52.55144],[22.12837,52.54846],[22.12802,52.54814],[22.12546,52.5468],[22.12492,52.54591],[22.12494,52.54494],[22.12526,52.54397],[22.12525,52.54325],[22.12466,52.54173],[22.12366,52.54028],[22.1235,52.53966],[22.12364,52.53928],[22.12427,52.53863],[22.12466,52.53791],[22.12397,52.53517],[22.12313,52.53303],[22.12307,52.53217],[22.12336,52.53063],[22.12322,52.52987],[22.12344,52.52884],[22.12274,52.52747],[22.12242,52.52557],[22.12291,52.52423],[22.12286,52.52316],[22.12272,52.52274],[22.12195,52.52158],[22.1212,52.52104],[22.12098,52.52079],[22.12059,52.51918],[22.12059,52.5188],[22.12124,52.51649],[22.12384,52.51279],[22.12394,52.5122],[22.12392,52.5091]]}},{"type":"Feature","properties":{"numer":"4219W","klasa":"droga zbiorcza","kat":"powiatowa"},"geometry":{"type":"LineString","coordinates":[[22.08232,52.53258],[22.08239,52.53264]]}},{"type":"Feature","properties":{"numer":"4219W","klasa":"droga zbiorcza","kat":"powiatowa"},"geometry":{"type":"LineString","coordinates":[[22.08239,52.53264],[22.08975,52.53856],[22.09053,52.54013],[22.09087,52.54049],[22.098,52.54641],[22.13241,52.57545],[22.14232,52.58367],[22.14259,52.58397]]}},{"type":"Feature","properties":{"numer":"4217W","klasa":"droga zbiorcza","kat":"powiatowa"},"geometry":{"type":"LineString","coordinates":[[22.08118,52.58392],[22.07525,52.58312]]}},{"type":"Feature","properties":{"numer":"4217W","klasa":"droga zbiorcza","kat":"powiatowa"},"geometry":{"type":"LineString","coordinates":[[22.13816,52.59126],[22.11799,52.58923],[22.10998,52.58881],[22.10658,52.58892],[22.10423,52.58891],[22.1014,52.58827],[22.08614,52.58441],[22.08118,52.58392]]}},{"type":"Feature","properties":{"numer":"3911W","klasa":"","kat":"powiatowa"},"geometry":{"type":"LineString","coordinates":[[22.2311,52.54142],[22.2301,52.54166]]}},{"type":"Feature","properties":{"numer":"3911W","klasa":"","kat":"powiatowa"},"geometry":{"type":"LineString","coordinates":[[22.23002,52.54168],[22.2301,52.54166]]}},{"type":"Feature","properties":{"numer":"3911W","klasa":"","kat":"powiatowa"},"geometry":{"type":"LineString","coordinates":[[22.23002,52.54168],[22.22364,52.5427],[22.22164,52.5431],[22.22059,52.54341],[22.21903,52.54483],[22.21711,52.54704],[22.21545,52.54823],[22.21461,52.54907],[22.21445,52.54971],[22.2138,52.55048],[22.21158,52.55202],[22.2105,52.55332],[22.20939,52.55399],[22.20847,52.55525]]}},{"type":"Feature","properties":{"numer":"3912W","klasa":"","kat":"powiatowa"},"geometry":{"type":"LineString","coordinates":[[22.23136,52.54164],[22.23209,52.54433],[22.23406,52.54775],[22.23791,52.55357],[22.23882,52.55616],[22.23919,52.55663],[22.23969,52.55699],[22.2413,52.55767],[22.24202,52.55788]]}},{"type":"Feature","properties":{"numer":"3911W","klasa":"","kat":"powiatowa"},"geometry":{"type":"LineString","coordinates":[[22.20847,52.55525],[22.20761,52.55611],[22.20489,52.5582]]}},{"type":"Feature","properties":{"numer":"3905W","klasa":"","kat":"powiatowa"},"geometry":{"type":"LineString","coordinates":[[22.24202,52.55788],[22.24197,52.55822],[22.24211,52.55852]]}},{"type":"Feature","properties":{"numer":"3911W","klasa":"","kat":"powiatowa"},"geometry":{"type":"LineString","coordinates":[[22.20485,52.55824],[22.20489,52.5582]]}},{"type":"Feature","properties":{"numer":"3905W","klasa":"","kat":"powiatowa"},"geometry":{"type":"LineString","coordinates":[[22.24211,52.55852],[22.24214,52.55859]]}},{"type":"Feature","properties":{"numer":"3905W","klasa":"","kat":"powiatowa"},"geometry":{"type":"LineString","coordinates":[[22.24214,52.55859],[22.24215,52.5588],[22.24202,52.55892],[22.24093,52.55966],[22.24072,52.55971]]}},{"type":"Feature","properties":{"numer":"3905W","klasa":"","kat":"powiatowa"},"geometry":{"type":"LineString","coordinates":[[22.24072,52.55971],[22.2285,52.56387],[22.22793,52.56433],[22.22698,52.56545],[22.2259,52.56622],[22.22544,52.56641],[22.22412,52.56662],[22.22309,52.56691],[22.22219,52.56729],[22.22189,52.56749],[22.22103,52.57044],[22.22,52.57345],[22.22002,52.57578],[22.21864,52.58251],[22.21819,52.58372]]}},{"type":"Feature","properties":{"numer":"4220W","klasa":"droga zbiorcza","kat":"powiatowa"},"geometry":{"type":"LineString","coordinates":[[22.14259,52.58397],[22.14303,52.58377],[22.14418,52.58208],[22.14481,52.58143],[22.14496,52.58101],[22.14541,52.58052],[22.14604,52.57948],[22.14591,52.57853],[22.14511,52.57633],[22.14617,52.57506],[22.14682,52.57448],[22.14693,52.57361],[22.1474,52.57288],[22.14757,52.57235],[22.14751,52.57213],[22.14706,52.57161],[22.14732,52.57047],[22.1439,52.5676],[22.14002,52.5638],[22.13987,52.5635],[22.14006,52.5627],[22.13996,52.56219],[22.13893,52.55992],[22.13864,52.55959],[22.13792,52.55892],[22.13639,52.55805],[22.13031,52.55527],[22.1302,52.55515],[22.12987,52.55353],[22.12962,52.5531]]}},{"type":"Feature","properties":{"numer":"3911W","klasa":"","kat":"powiatowa"},"geometry":{"type":"LineString","coordinates":[[22.20485,52.55824],[22.20156,52.56172],[22.20067,52.56246],[22.19913,52.56345],[22.19768,52.56403],[22.19611,52.56454],[22.19556,52.56483],[22.18584,52.57262],[22.18544,52.57282],[22.18375,52.57339],[22.18101,52.57417],[22.17788,52.57522],[22.17499,52.57592],[22.17153,52.57711],[22.17084,52.57745],[22.16988,52.57837],[22.16663,52.58086],[22.16552,52.58161],[22.16198,52.5834],[22.1594,52.58418],[22.15405,52.58629],[22.15296,52.58685],[22.15278,52.58686]]}},{"type":"Feature","properties":{"numer":"627","klasa":"droga gĹ‚Ăłwna","kat":"wojewodzka"},"geometry":{"type":"LineString","coordinates":[[22.14595,52.58117],[22.14562,52.58125]]}},{"type":"Feature","properties":{"numer":"627","klasa":"droga gĹ‚Ăłwna","kat":"wojewodzka"},"geometry":{"type":"LineString","coordinates":[[22.14876,52.58195],[22.14595,52.58117]]}},{"type":"Feature","properties":{"numer":"627","klasa":"droga gĹ‚Ăłwna","kat":"wojewodzka"},"geometry":{"type":"LineString","coordinates":[[22.14913,52.58205],[22.14876,52.58195]]}},{"type":"Feature","properties":{"numer":"627","klasa":"droga gĹ‚Ăłwna","kat":"wojewodzka"},"geometry":{"type":"LineString","coordinates":[[22.15364,52.5833],[22.14913,52.58205]]}},{"type":"Feature","properties":{"numer":"627","klasa":"droga gĹ‚Ăłwna","kat":"wojewodzka"},"geometry":{"type":"LineString","coordinates":[[22.15392,52.58321],[22.15389,52.58336]]}},{"type":"Feature","properties":{"numer":"627","klasa":"droga gĹ‚Ăłwna","kat":"wojewodzka"},"geometry":{"type":"LineString","coordinates":[[22.15364,52.5833],[22.15389,52.58336]]}},{"type":"Feature","properties":{"numer":"695","klasa":"droga gĹ‚Ăłwna","kat":"wojewodzka"},"geometry":{"type":"LineString","coordinates":[[22.15389,52.58336],[22.15384,52.58352]]}},{"type":"Feature","properties":{"numer":"695","klasa":"droga gĹ‚Ăłwna","kat":"wojewodzka"},"geometry":{"type":"LineString","coordinates":[[22.15384,52.58352],[22.15342,52.58518]]}},{"type":"Feature","properties":{"numer":"695","klasa":"droga gĹ‚Ăłwna","kat":"wojewodzka"},"geometry":{"type":"LineString","coordinates":[[22.15342,52.58518],[22.1534,52.58524]]}},{"type":"Feature","properties":{"numer":"695","klasa":"droga gĹ‚Ăłwna","kat":"wojewodzka"},"geometry":{"type":"LineString","coordinates":[[22.1534,52.58524],[22.15306,52.58641],[22.15278,52.58686]]}},{"type":"Feature","properties":{"numer":"627","klasa":"droga gĹ‚Ăłwna","kat":"wojewodzka"},"geometry":{"type":"LineString","coordinates":[[22.14562,52.58125],[22.13916,52.59096]]}},{"type":"Feature","properties":{"numer":"4219W","klasa":"droga zbiorcza","kat":"powiatowa"},"geometry":{"type":"LineString","coordinates":[[22.14259,52.58397],[22.1425,52.58438],[22.1399,52.58844],[22.13851,52.59089],[22.13816,52.59126]]}},{"type":"Feature","properties":{"numer":"695","klasa":"droga gĹ‚Ăłwna","kat":"wojewodzka"},"geometry":{"type":"LineString","coordinates":[[22.15278,52.58686],[22.14862,52.59091],[22.14787,52.59186],[22.14731,52.59279],[22.147,52.59338],[22.1469,52.59385]]}},{"type":"Feature","properties":{"numer":"627","klasa":"droga gĹ‚Ăłwna","kat":"wojewodzka"},"geometry":{"type":"LineString","coordinates":[[22.13916,52.59096],[22.13884,52.59135]]}},{"type":"Feature","properties":{"numer":"4217W","klasa":"droga zbiorcza","kat":"powiatowa"},"geometry":{"type":"LineString","coordinates":[[22.13816,52.59126],[22.13858,52.59132]]}},{"type":"Feature","properties":{"numer":"4217W","klasa":"droga zbiorcza","kat":"powiatowa"},"geometry":{"type":"LineString","coordinates":[[22.13858,52.59132],[22.13884,52.59135]]}},{"type":"Feature","properties":{"numer":"4217W","klasa":"droga zbiorcza","kat":"powiatowa"},"geometry":{"type":"LineString","coordinates":[[22.13884,52.59135],[22.13962,52.59143]]}},{"type":"Feature","properties":{"numer":"627","klasa":"droga gĹ‚Ăłwna","kat":"wojewodzka"},"geometry":{"type":"LineString","coordinates":[[22.13872,52.59149],[22.13884,52.59135]]}},{"type":"Feature","properties":{"numer":"4217W","klasa":"droga zbiorcza","kat":"powiatowa"},"geometry":{"type":"LineString","coordinates":[[22.03976,52.57395],[22.039352109449762,52.567287787679426]]}},{"type":"Feature","properties":{"numer":"4217W","klasa":"droga zbiorcza","kat":"powiatowa"},"geometry":{"type":"LineString","coordinates":[[22.04018,52.57952],[22.03976,52.57395]]}},{"type":"Feature","properties":{"numer":"4217W","klasa":"droga zbiorcza","kat":"powiatowa"},"geometry":{"type":"LineString","coordinates":[[22.04036,52.5822],[22.04018,52.57952]]}},{"type":"Feature","properties":{"numer":"4217W","klasa":"droga zbiorcza","kat":"powiatowa"},"geometry":{"type":"LineString","coordinates":[[22.05254,52.58594],[22.04908,52.5856],[22.04565,52.58551],[22.04054,52.58411],[22.04036,52.5822]]}},{"type":"Feature","properties":{"numer":"4217W","klasa":"droga zbiorcza","kat":"powiatowa"},"geometry":{"type":"LineString","coordinates":[[22.07525,52.58312],[22.06158,52.58454],[22.05481,52.58539],[22.05254,52.58594]]}},{"type":"Feature","properties":{"numer":"627","klasa":"droga gĹ‚Ăłwna","kat":"wojewodzka"},"geometry":{"type":"LineString","coordinates":[[22.07177,52.62718],[22.06962,52.62797],[22.06735,52.62898],[22.06521,52.63012],[22.0638,52.631]]}},{"type":"Feature","properties":{"numer":"","klasa":"droga zbiorcza","kat":"powiatowa"},"geometry":{"type":"LineString","coordinates":[[22.06422,52.63118],[22.0674,52.63011]]}},{"type":"Feature","properties":{"numer":"","klasa":"droga zbiorcza","kat":"powiatowa"},"geometry":{"type":"LineString","coordinates":[[22.0638,52.631],[22.06422,52.63118]]}},{"type":"Feature","properties":{"numer":"","klasa":"droga zbiorcza","kat":"powiatowa"},"geometry":{"type":"LineString","coordinates":[[22.06422,52.63118],[22.0635,52.6316]]}},{"type":"Feature","properties":{"numer":"627","klasa":"droga gĹ‚Ăłwna","kat":"wojewodzka"},"geometry":{"type":"LineString","coordinates":[[22.13754,52.59273],[22.13872,52.59149]]}},{"type":"Feature","properties":{"numer":"4217W","klasa":"droga zbiorcza","kat":"powiatowa"},"geometry":{"type":"LineString","coordinates":[[22.14476,52.59281],[22.14297,52.59181],[22.13962,52.59143]]}},{"type":"Feature","properties":{"numer":"4217W","klasa":"droga zbiorcza","kat":"powiatowa"},"geometry":{"type":"LineString","coordinates":[[22.14485,52.59286],[22.14476,52.59281]]}},{"type":"Feature","properties":{"numer":"4217W","klasa":"droga zbiorcza","kat":"powiatowa"},"geometry":{"type":"LineString","coordinates":[[22.14636,52.59376],[22.14485,52.59286]]}},{"type":"Feature","properties":{"numer":"627","klasa":"droga gĹ‚Ăłwna","kat":"wojewodzka"},"geometry":{"type":"LineString","coordinates":[[22.13754,52.59273],[22.1359,52.59416]]}},{"type":"Feature","properties":{"numer":"4217W","klasa":"droga zbiorcza","kat":"powiatowa"},"geometry":{"type":"LineString","coordinates":[[22.14636,52.59376],[22.1469,52.59385]]}},{"type":"Feature","properties":{"numer":"4217W","klasa":"droga zbiorcza","kat":"powiatowa"},"geometry":{"type":"LineString","coordinates":[[22.14688,52.594],[22.14636,52.59376]]}},{"type":"Feature","properties":{"numer":"695","klasa":"droga gĹ‚Ăłwna","kat":"wojewodzka"},"geometry":{"type":"LineString","coordinates":[[22.1469,52.59385],[22.14688,52.594]]}},{"type":"Feature","properties":{"numer":"627","klasa":"droga gĹ‚Ăłwna","kat":"wojewodzka"},"geometry":{"type":"LineString","coordinates":[[22.1359,52.59416],[22.13574,52.59429]]}},{"type":"Feature","properties":{"numer":"695","klasa":"droga gĹ‚Ăłwna","kat":"wojewodzka"},"geometry":{"type":"LineString","coordinates":[[22.14688,52.594],[22.14689,52.59492],[22.14709,52.59588]]}},{"type":"Feature","properties":{"numer":"3901W","klasa":"","kat":"powiatowa"},"geometry":{"type":"LineString","coordinates":[[22.05254,52.58594],[22.05278,52.5874],[22.05272,52.58751],[22.05085,52.58824],[22.04915,52.58921],[22.04814,52.5899],[22.04879,52.59046],[22.0496,52.59138],[22.05113,52.59245],[22.05187,52.59352],[22.05214,52.5937],[22.0535,52.59411],[22.05497,52.59442],[22.05614,52.59456],[22.05782,52.59556],[22.06805,52.59968],[22.07674,52.60204],[22.08387,52.60362],[22.08467,52.60398],[22.08638,52.60572],[22.08902,52.60634],[22.09189,52.60529],[22.09658,52.60384],[22.10752,52.60065],[22.10878,52.60035],[22.11105,52.60002],[22.11484,52.60014],[22.11586,52.6001],[22.12005,52.59912],[22.12233,52.59841],[22.12304,52.59826],[22.12814,52.59873],[22.12861,52.59895]]}},{"type":"Feature","properties":{"numer":"627","klasa":"droga gĹ‚Ăłwna","kat":"wojewodzka"},"geometry":{"type":"LineString","coordinates":[[22.12861,52.59895],[22.10146,52.61617]]}},{"type":"Feature","properties":{"numer":"","klasa":"droga zbiorcza","kat":"powiatowa"},"geometry":{"type":"LineString","coordinates":[[22.14111,52.60018],[22.13549,52.60226],[22.1254,52.60621],[22.12151,52.60777],[22.11523,52.61047],[22.10076,52.61757],[22.08703,52.62444]]}},{"type":"Feature","properties":{"numer":"627","klasa":"droga gĹ‚Ăłwna","kat":"wojewodzka"},"geometry":{"type":"LineString","coordinates":[[22.10146,52.61617],[22.10131,52.61627]]}},{"type":"Feature","properties":{"numer":"627","klasa":"droga gĹ‚Ăłwna","kat":"wojewodzka"},"geometry":{"type":"LineString","coordinates":[[22.10131,52.61627],[22.09831,52.61806],[22.09655,52.61892],[22.09511,52.61953],[22.09372,52.62005],[22.08617,52.62251]]}},{"type":"Feature","properties":{"numer":"627","klasa":"droga gĹ‚Ăłwna","kat":"wojewodzka"},"geometry":{"type":"LineString","coordinates":[[22.0858,52.62263],[22.08617,52.62251]]}},{"type":"Feature","properties":{"numer":"","klasa":"droga zbiorcza","kat":"powiatowa"},"geometry":{"type":"LineString","coordinates":[[22.08703,52.62444],[22.08697,52.62446]]}},{"type":"Feature","properties":{"numer":"627","klasa":"droga gĹ‚Ăłwna","kat":"wojewodzka"},"geometry":{"type":"LineString","coordinates":[[22.0858,52.62263],[22.07392,52.62647]]}},{"type":"Feature","properties":{"numer":"","klasa":"droga zbiorcza","kat":"powiatowa"},"geometry":{"type":"LineString","coordinates":[[22.07339,52.62872],[22.07522,52.62822],[22.08136,52.62706],[22.08697,52.62446]]}},{"type":"Feature","properties":{"numer":"627","klasa":"droga gĹ‚Ăłwna","kat":"wojewodzka"},"geometry":{"type":"LineString","coordinates":[[22.07392,52.62647],[22.07177,52.62718]]}},{"type":"Feature","properties":{"numer":"3905W","klasa":"","kat":"powiatowa"},"geometry":{"type":"LineString","coordinates":[[22.2199,52.5904],[22.21843,52.58577],[22.2182,52.58461],[22.21819,52.58372]]}},{"type":"Feature","properties":{"numer":"3905W","klasa":"","kat":"powiatowa"},"geometry":{"type":"LineString","coordinates":[[22.2233,52.61812],[22.22331,52.61779],[22.22309,52.61762],[22.22158,52.61701],[22.21875,52.61604],[22.21878,52.61593],[22.22005,52.61504],[22.21785,52.61378],[22.21512,52.61145],[22.21484,52.61111],[22.21488,52.61091],[22.21511,52.61071],[22.21895,52.6085],[22.21912,52.60783],[22.21976,52.60186],[22.21998,52.60151],[22.22175,52.60024],[22.22173,52.59975],[22.22219,52.59836],[22.22225,52.59777],[22.2199,52.5904]]}},{"type":"Feature","properties":{"numer":"3905W","klasa":"","kat":"powiatowa"},"geometry":{"type":"LineString","coordinates":[[22.2233,52.61816],[22.2233,52.61812]]}},{"type":"Feature","properties":{"numer":"3905W","klasa":"","kat":"powiatowa"},"geometry":{"type":"LineString","coordinates":[[22.2233,52.61816],[22.22315,52.61855],[22.22146,52.62105],[22.22124,52.62163],[22.22117,52.62479],[22.22188,52.62646]]}},{"type":"Feature","properties":{"numer":"695","klasa":"droga gĹ‚Ăłwna","kat":"wojewodzka"},"geometry":{"type":"LineString","coordinates":[[22.22188,52.62646],[22.22338,52.62739],[22.22498,52.62874],[22.22696,52.62989],[22.22764,52.63058]]}},{"type":"Feature","properties":{"numer":"63","klasa":"droga gĹ‚Ăłwna","kat":"krajowa"},"geometry":{"type":"LineString","coordinates":[[22.22764,52.63058],[22.2303,52.63381]]}},{"type":"Feature","properties":{"numer":"63","klasa":"droga gĹ‚Ăłwna","kat":"krajowa"},"geometry":{"type":"LineString","coordinates":[[22.2303,52.63381],[22.23097,52.63446],[22.23209,52.63511],[22.2354,52.63754],[22.23795,52.6391],[22.24136,52.64212],[22.24209,52.64261]]}},{"type":"Feature","properties":{"numer":"63","klasa":"droga gĹ‚Ăłwna","kat":"krajowa"},"geometry":{"type":"LineString","coordinates":[[22.24209,52.64261],[22.24243,52.64289]]}},{"type":"Feature","properties":{"numer":"3903W","klasa":"droga zbiorcza","kat":"powiatowa"},"geometry":{"type":"LineString","coordinates":[[22.2303,52.63381],[22.22923,52.63434],[22.22908,52.63448],[22.22555,52.64067],[22.21617,52.64839],[22.21475,52.65086],[22.21366,52.65169],[22.21298,52.65254],[22.2112,52.65378],[22.20997,52.656],[22.20928,52.65679],[22.20816,52.66062],[22.20761,52.66135],[22.20634,52.6626],[22.20597,52.66488],[22.20608,52.66562],[22.20438,52.6663]]}},{"type":"Feature","properties":{"numer":"3904W","klasa":"","kat":"powiatowa"},"geometry":{"type":"LineString","coordinates":[[22.20438,52.6663],[22.20593,52.66785]]}},{"type":"Feature","properties":{"numer":"260415W","klasa":"droga lokalna","kat":"powiatowa"},"geometry":{"type":"LineString","coordinates":[[22.043741278163342,52.67419636773026],[22.04377,52.6742]]}},{"type":"Feature","properties":{"numer":"3906W","klasa":"droga zbiorcza","kat":"powiatowa"},"geometry":{"type":"LineString","coordinates":[[22.2199,52.5904],[22.21495,52.59186],[22.21181,52.59219],[22.21118,52.59232],[22.20859,52.59332],[22.20608,52.59391],[22.2007,52.59564],[22.19746,52.59692],[22.19416,52.59837],[22.18988,52.59987],[22.18702,52.59996],[22.18185,52.59975],[22.17089,52.59978]]}},{"type":"Feature","properties":{"numer":"627","klasa":"droga gĹ‚Ăłwna","kat":"wojewodzka"},"geometry":{"type":"LineString","coordinates":[[22.13574,52.59429],[22.13386,52.59561],[22.12861,52.59895]]}},{"type":"Feature","properties":{"numer":"","klasa":"droga zbiorcza","kat":"powiatowa"},"geometry":{"type":"LineString","coordinates":[[22.14709,52.59588],[22.14683,52.59608],[22.14654,52.59703],[22.14646,52.59846],[22.1462,52.59961]]}},{"type":"Feature","properties":{"numer":"695","klasa":"droga gĹ‚Ăłwna","kat":"wojewodzka"},"geometry":{"type":"LineString","coordinates":[[22.14709,52.59588],[22.14856,52.59608],[22.16348,52.5969],[22.16416,52.59705],[22.16517,52.59742],[22.17089,52.59978]]}},{"type":"Feature","properties":{"numer":"3901W","klasa":"","kat":"powiatowa"},"geometry":{"type":"LineString","coordinates":[[22.12861,52.59895],[22.12905,52.59914],[22.13048,52.59897],[22.13319,52.59922],[22.14109,52.60003],[22.14111,52.60018]]}},{"type":"Feature","properties":{"numer":"","klasa":"droga zbiorcza","kat":"powiatowa"},"geometry":{"type":"LineString","coordinates":[[22.1462,52.59961],[22.14581,52.5997]]}},{"type":"Feature","properties":{"numer":"","klasa":"droga zbiorcza","kat":"powiatowa"},"geometry":{"type":"LineString","coordinates":[[22.14581,52.5997],[22.14561,52.59972]]}},{"type":"Feature","properties":{"numer":"","klasa":"droga zbiorcza","kat":"powiatowa"},"geometry":{"type":"LineString","coordinates":[[22.14111,52.60018],[22.14561,52.59972]]}},{"type":"Feature","properties":{"numer":"695","klasa":"droga gĹ‚Ăłwna","kat":"wojewodzka"},"geometry":{"type":"LineString","coordinates":[[22.17089,52.59978],[22.1954,52.60988],[22.19889,52.6111],[22.20012,52.61187],[22.20296,52.61386],[22.20578,52.61637],[22.20988,52.62062],[22.22188,52.62646]]}},{"type":"Feature","properties":{"numer":"3902W","klasa":"","kat":"powiatowa"},"geometry":{"type":"LineString","coordinates":[[22.1462,52.59961],[22.14731,52.60108],[22.14798,52.60275],[22.14916,52.6093],[22.14749,52.61281],[22.14611,52.61538],[22.14497,52.61821],[22.14385,52.62002],[22.14277,52.62155],[22.14046,52.62314],[22.13921,52.62382],[22.13818,52.62419],[22.13618,52.62451],[22.135,52.62487],[22.13449,52.62516],[22.13355,52.62603],[22.13296,52.62641],[22.13182,52.6268],[22.12876,52.62765],[22.12784,52.62808],[22.12729,52.62846],[22.12573,52.63006],[22.12541,52.63055],[22.12528,52.63115],[22.12528,52.63273],[22.12452,52.63421],[22.11871,52.64203],[22.11877,52.64238],[22.1202,52.64454],[22.12817,52.65611],[22.12807,52.65634],[22.12744,52.65673],[22.12726,52.65694],[22.12586,52.66011],[22.12689,52.66741],[22.12681,52.66786],[22.12648,52.66843],[22.12611,52.66881],[22.12397,52.67053],[22.1232,52.67219],[22.12051,52.67625]]}},{"type":"Feature","properties":{"numer":"","klasa":"droga zbiorcza","kat":"powiatowa"},"geometry":{"type":"LineString","coordinates":[[22.04897,52.63979],[22.05021,52.6392],[22.0635,52.6316]]}},{"type":"Feature","properties":{"numer":"627","klasa":"droga gĹ‚Ăłwna","kat":"wojewodzka"},"geometry":{"type":"LineString","coordinates":[[22.04820371747022,52.639880401861035],[22.06024,52.63319],[22.0638,52.631]]}},{"type":"Feature","properties":{"numer":"","klasa":"droga zbiorcza","kat":"powiatowa"},"geometry":{"type":"LineString","coordinates":[[22.0674,52.63011],[22.06957,52.62977],[22.07339,52.62872]]}},{"type":"Feature","properties":{"numer":"3903W","klasa":"droga zbiorcza","kat":"powiatowa"},"geometry":{"type":"LineString","coordinates":[[22.07299,52.6752],[22.07284,52.67519]]}},{"type":"Feature","properties":{"numer":"3903W","klasa":"droga zbiorcza","kat":"powiatowa"},"geometry":{"type":"LineString","coordinates":[[22.12051,52.67625],[22.11579,52.6746],[22.11538,52.67453],[22.10635,52.67477],[22.09274,52.67483],[22.08686,52.67497],[22.08492,52.67518],[22.08481,52.67579],[22.0845,52.67603],[22.08315,52.67627],[22.08176,52.67673],[22.08027,52.67692],[22.07976,52.67683],[22.0785,52.67614],[22.07741,52.67567],[22.07299,52.6752]]}},{"type":"Feature","properties":{"numer":"3903W","klasa":"droga zbiorcza","kat":"powiatowa"},"geometry":{"type":"LineString","coordinates":[[22.04377,52.6742],[22.05385,52.67544],[22.07284,52.67519]]}},{"type":"Feature","properties":{"numer":"3903W","klasa":"droga zbiorcza","kat":"powiatowa"},"geometry":{"type":"LineString","coordinates":[[22.20438,52.6663],[22.19223,52.67095],[22.18454,52.67204],[22.18115,52.6726],[22.18004,52.67289],[22.17053,52.67728],[22.16688,52.67906],[22.16623,52.67955],[22.1657,52.68009],[22.16479,52.68148],[22.16001,52.68279],[22.13844,52.68432],[22.1289,52.68444],[22.12854,52.68428],[22.12746,52.68223],[22.12723,52.68012],[22.12593,52.6785],[22.12536,52.67808],[22.12425,52.67752],[22.12051,52.67625]]}},{"type":"Feature","properties":{"numer":"3939W","klasa":"","kat":"powiatowa"},"geometry":{"type":"LineString","coordinates":[[22.26787,52.33093],[22.28457,52.32508],[22.28716,52.32445],[22.28969,52.32406],[22.29027,52.32355],[22.291,52.32198],[22.29175,52.32096],[22.29219,52.32058],[22.29417,52.31926],[22.29481,52.31887],[22.29535,52.31869],[22.29595,52.31864],[22.32114,52.31893],[22.32247,52.31907],[22.32532,52.31983]]}},{"type":"Feature","properties":{"numer":"3939W","klasa":"","kat":"powiatowa"},"geometry":{"type":"LineString","coordinates":[[22.26783,52.33095],[22.26787,52.33093]]}},{"type":"Feature","properties":{"numer":"3939W","klasa":"","kat":"powiatowa"},"geometry":{"type":"LineString","coordinates":[[22.26041,52.33339],[22.261,52.33338],[22.26136,52.33329],[22.26783,52.33095]]}},{"type":"Feature","properties":{"numer":"3939W","klasa":"","kat":"powiatowa"},"geometry":{"type":"LineString","coordinates":[[22.26028,52.33339],[22.26041,52.33339]]}},{"type":"Feature","properties":{"numer":"3939W","klasa":"","kat":"powiatowa"},"geometry":{"type":"LineString","coordinates":[[22.26028,52.33339],[22.25915,52.33341],[22.25817,52.33381],[22.2571,52.33512],[22.24846,52.33986],[22.2471,52.34159],[22.24694,52.34167]]}},{"type":"Feature","properties":{"numer":"3928W","klasa":"droga zbiorcza","kat":"powiatowa"},"geometry":{"type":"LineString","coordinates":[[22.25063,52.34222],[22.25242,52.34252],[22.2581,52.34405],[22.26165,52.3448],[22.2638,52.34539],[22.26548,52.34556],[22.26703,52.34607],[22.26722,52.34626],[22.2671,52.34641],[22.26542,52.34805],[22.26494,52.34868],[22.26483,52.34912],[22.26509,52.34957],[22.26654,52.35013],[22.27113,52.35139],[22.27193,52.35152],[22.27345,52.35149],[22.27567,52.35202],[22.27758,52.3523],[22.28236,52.35394],[22.28318,52.35446],[22.28366,52.35496],[22.28438,52.35636],[22.28482,52.35685],[22.28514,52.35757]]}},{"type":"Feature","properties":{"numer":"3940W","klasa":"droga zbiorcza","kat":"powiatowa"},"geometry":{"type":"LineString","coordinates":[[22.32936801304566,52.301696783743104],[22.32893,52.30209],[22.32402,52.30874],[22.32373,52.30932],[22.32407,52.31031],[22.32713,52.31719]]}},{"type":"Feature","properties":{"numer":"3940W","klasa":"droga zbiorcza","kat":"powiatowa"},"geometry":{"type":"LineString","coordinates":[[22.32532,52.31983],[22.32701,52.31757],[22.32713,52.31719]]}},{"type":"Feature","properties":{"numer":"3939W","klasa":"","kat":"powiatowa"},"geometry":{"type":"LineString","coordinates":[[22.32532,52.31983],[22.33151,52.32156],[22.33197,52.32177],[22.33141,52.32278],[22.33781,52.34032],[22.33823,52.34104],[22.34036,52.34383],[22.34102,52.34467],[22.34131,52.34487]]}},{"type":"Feature","properties":{"numer":"3929W","klasa":"","kat":"powiatowa"},"geometry":{"type":"LineString","coordinates":[[22.34085,52.34653],[22.34161,52.34601],[22.34131,52.34487]]}},{"type":"Feature","properties":{"numer":"3930W","klasa":"","kat":"powiatowa"},"geometry":{"type":"LineString","coordinates":[[22.34085,52.34653],[22.34111,52.34664],[22.34274,52.34693],[22.34402,52.34736],[22.34516,52.34804]]}},{"type":"Feature","properties":{"numer":"3928W","klasa":"droga zbiorcza","kat":"powiatowa"},"geometry":{"type":"LineString","coordinates":[[22.28514,52.35757],[22.28517,52.35762]]}},{"type":"Feature","properties":{"numer":"3928W","klasa":"droga zbiorcza","kat":"powiatowa"},"geometry":{"type":"LineString","coordinates":[[22.28517,52.35762],[22.28601,52.359],[22.28615,52.35951],[22.28612,52.36046],[22.28774,52.36383],[22.28895,52.36758],[22.28909,52.36775],[22.28939,52.36784],[22.29093,52.3679],[22.29122,52.36807],[22.28929,52.37163],[22.289,52.37348]]}},{"type":"Feature","properties":{"numer":"3928W,3929W","klasa":"droga zbiorcza","kat":"powiatowa"},"geometry":{"type":"LineString","coordinates":[[22.289,52.37348],[22.291,52.37269]]}},{"type":"Feature","properties":{"numer":"3928W","klasa":"droga zbiorcza","kat":"powiatowa"},"geometry":{"type":"LineString","coordinates":[[22.291,52.37269],[22.29589,52.3755],[22.29859,52.3789],[22.29974,52.38004]]}},{"type":"Feature","properties":{"numer":"3929W","klasa":"","kat":"powiatowa"},"geometry":{"type":"LineString","coordinates":[[22.26633,52.39586],[22.26639,52.39569],[22.26936,52.39304],[22.27527,52.38723],[22.27992,52.38425],[22.2845,52.38052],[22.28685,52.3778],[22.28818,52.37436],[22.289,52.37348]]}},{"type":"Feature","properties":{"numer":"62","klasa":"droga gĹ‚Ăłwna","kat":"krajowa"},"geometry":{"type":"LineString","coordinates":[[22.31181,52.39295],[22.30921,52.39378],[22.30496,52.39449],[22.30126,52.39452],[22.29408,52.39386],[22.29253,52.39386],[22.26633,52.39586]]}},{"type":"Feature","properties":{"numer":"","klasa":"droga wewnÄ™trzna","kat":"gminna"},"geometry":{"type":"LineString","coordinates":[[22.24921,52.3977],[22.24984,52.39729],[22.25028,52.39681],[22.25194,52.39332],[22.25234,52.39274],[22.25289,52.39234],[22.25407,52.39182],[22.25467,52.39171],[22.25582,52.39171]]}},{"type":"Feature","properties":{"numer":"62","klasa":"droga gĹ‚Ăłwna","kat":"krajowa"},"geometry":{"type":"LineString","coordinates":[[22.26633,52.39586],[22.2658,52.39605],[22.26535,52.3964],[22.26051,52.40111]]}},{"type":"Feature","properties":{"numer":"62","klasa":"droga gĹ‚Ăłwna","kat":"krajowa"},"geometry":{"type":"LineString","coordinates":[[22.26051,52.40125],[22.26051,52.40111]]}},{"type":"Feature","properties":{"numer":"63","klasa":"droga gĹ‚Ăłwna","kat":"krajowa"},"geometry":{"type":"LineString","coordinates":[[22.25397,52.40147],[22.25408,52.40123]]}},{"type":"Feature","properties":{"numer":"3932W","klasa":"droga zbiorcza","kat":"powiatowa"},"geometry":{"type":"LineString","coordinates":[[22.43047,52.34309],[22.42877,52.34355],[22.42715,52.34429],[22.42499,52.3444],[22.42476,52.34449],[22.42439,52.34514],[22.42441,52.34609],[22.4241,52.34687],[22.42269,52.3477],[22.42055,52.34868],[22.41684,52.35141],[22.41624,52.35223],[22.41558,52.3542],[22.40657,52.36266],[22.40601,52.36301],[22.40256,52.3648],[22.39838,52.36688],[22.39629,52.36819],[22.39575,52.36922],[22.3957,52.36955],[22.39588,52.37082],[22.39686,52.37277],[22.39686,52.37347],[22.39066,52.38481]]}},{"type":"Feature","properties":{"numer":"3930W","klasa":"","kat":"powiatowa"},"geometry":{"type":"LineString","coordinates":[[22.36443,52.35832],[22.36567,52.35836],[22.36716,52.35854],[22.36908,52.35847],[22.36933,52.35974],[22.36935,52.36073],[22.3731,52.36486],[22.39066,52.38481]]}},{"type":"Feature","properties":{"numer":"3932W","klasa":"droga zbiorcza","kat":"powiatowa"},"geometry":{"type":"LineString","coordinates":[[22.39066,52.38481],[22.39045,52.38511]]}},{"type":"Feature","properties":{"numer":"62","klasa":"droga gĹ‚Ăłwna","kat":"krajowa"},"geometry":{"type":"LineString","coordinates":[[22.40822,52.38483],[22.39045,52.38511]]}},{"type":"Feature","properties":{"numer":"62","klasa":"droga gĹ‚Ăłwna","kat":"krajowa"},"geometry":{"type":"LineString","coordinates":[[22.39045,52.38511],[22.38877,52.38515],[22.38843,52.38522],[22.38484,52.38774],[22.38408,52.38811],[22.38317,52.38836]]}},{"type":"Feature","properties":{"numer":"3918W","klasa":"droga zbiorcza","kat":"powiatowa"},"geometry":{"type":"LineString","coordinates":[[22.38317,52.38836],[22.38335,52.38872]]}},{"type":"Feature","properties":{"numer":"3918W","klasa":"droga zbiorcza","kat":"powiatowa"},"geometry":{"type":"LineString","coordinates":[[22.38335,52.38872],[22.37831,52.39351],[22.37725,52.39428],[22.34774,52.40842],[22.3457,52.4093],[22.34486,52.40979]]}},{"type":"Feature","properties":{"numer":"3926W","klasa":"droga zbiorcza","kat":"powiatowa"},"geometry":{"type":"LineString","coordinates":[[22.38335,52.38872],[22.38439,52.39053],[22.39798,52.41673],[22.39847,52.41837]]}},{"type":"Feature","properties":{"numer":"3927W","klasa":"","kat":"powiatowa"},"geometry":{"type":"LineString","coordinates":[[22.40365,52.41919],[22.42373,52.41604],[22.42519,52.41594],[22.42883,52.41593],[22.42954,52.41587],[22.43048,52.41562],[22.43556,52.41341]]}},{"type":"Feature","properties":{"numer":"3926W","klasa":"droga zbiorcza","kat":"powiatowa"},"geometry":{"type":"LineString","coordinates":[[22.39847,52.41837],[22.39847,52.4184]]}},{"type":"Feature","properties":{"numer":"3929W","klasa":"","kat":"powiatowa"},"geometry":{"type":"LineString","coordinates":[[22.32239,52.35469],[22.32316,52.35432],[22.32378,52.35416],[22.32691,52.35379],[22.32736,52.35364],[22.33924,52.34716],[22.33999,52.34678],[22.34085,52.34653]]}},{"type":"Feature","properties":{"numer":"3930W","klasa":"","kat":"powiatowa"},"geometry":{"type":"LineString","coordinates":[[22.36443,52.35832],[22.36289,52.35819],[22.36138,52.3578],[22.36006,52.35733],[22.357,52.35605],[22.35572,52.35504],[22.35419,52.35417],[22.35213,52.35315],[22.35082,52.35199],[22.34927,52.35109],[22.34821,52.35],[22.34677,52.34889],[22.34578,52.34827],[22.34516,52.34804]]}},{"type":"Feature","properties":{"numer":"3929W","klasa":"","kat":"powiatowa"},"geometry":{"type":"LineString","coordinates":[[22.32234,52.35472],[22.32239,52.35469]]}},{"type":"Feature","properties":{"numer":"3929W","klasa":"","kat":"powiatowa"},"geometry":{"type":"LineString","coordinates":[[22.291,52.37269],[22.30485,52.3637],[22.31319,52.35932],[22.32234,52.35472]]}},{"type":"Feature","properties":{"numer":"3928W","klasa":"droga zbiorcza","kat":"powiatowa"},"geometry":{"type":"LineString","coordinates":[[22.29974,52.38004],[22.30095,52.38163],[22.30177,52.38248],[22.30262,52.38546],[22.30305,52.38608],[22.30351,52.38644],[22.30624,52.38787],[22.30725,52.38883],[22.30873,52.39054],[22.31181,52.39295]]}},{"type":"Feature","properties":{"numer":"62","klasa":"droga gĹ‚Ăłwna","kat":"krajowa"},"geometry":{"type":"LineString","coordinates":[[22.38317,52.38836],[22.38185,52.38868],[22.38126,52.38872],[22.36917,52.38743],[22.36832,52.38741],[22.34044,52.39106],[22.33912,52.39091],[22.33181,52.38937],[22.33132,52.38936],[22.32753,52.38968],[22.3215,52.38975],[22.32041,52.38991],[22.3194,52.39018],[22.31545,52.39175],[22.31181,52.39295]]}},{"type":"Feature","properties":{"numer":"3928W","klasa":"droga zbiorcza","kat":"powiatowa"},"geometry":{"type":"LineString","coordinates":[[22.31181,52.39295],[22.31328,52.39398],[22.31499,52.39489],[22.31718,52.39654],[22.3255,52.40149],[22.33739,52.40789],[22.33993,52.40906],[22.34053,52.40924],[22.34093,52.40871],[22.34193,52.40879],[22.34486,52.40979]]}},{"type":"Feature","properties":{"numer":"3918W","klasa":"droga zbiorcza","kat":"powiatowa"},"geometry":{"type":"LineString","coordinates":[[22.33551,52.4192],[22.33605,52.41838],[22.33638,52.41735],[22.33694,52.41522],[22.33696,52.41405],[22.33947,52.41386],[22.33982,52.41377],[22.34267,52.41182],[22.34486,52.40979]]}},{"type":"Feature","properties":{"numer":"3927W","klasa":"","kat":"powiatowa"},"geometry":{"type":"LineString","coordinates":[[22.33551,52.4192],[22.30658,52.41573],[22.3062,52.41563],[22.30466,52.41491]]}},{"type":"Feature","properties":{"numer":"3927W","klasa":"","kat":"powiatowa"},"geometry":{"type":"LineString","coordinates":[[22.36972,52.42468],[22.36807,52.42524],[22.36579,52.4258],[22.36453,52.42589],[22.36352,52.42581],[22.36214,52.42545],[22.35995,52.42456],[22.3589,52.42401],[22.35772,52.4236],[22.35216,52.42208],[22.33551,52.4192]]}},{"type":"Feature","properties":{"numer":"","klasa":"droga wewnÄ™trzna","kat":"gminna"},"geometry":{"type":"LineString","coordinates":[[22.24883,52.39789],[22.2487,52.39796]]}},{"type":"Feature","properties":{"numer":"3954W","klasa":"","kat":"powiatowa"},"geometry":{"type":"LineString","coordinates":[[22.24804,52.3983],[22.2487,52.39796]]}},{"type":"Feature","properties":{"numer":"3954W","klasa":"","kat":"powiatowa"},"geometry":{"type":"LineString","coordinates":[[22.24309,52.40126],[22.24804,52.3983]]}},{"type":"Feature","properties":{"numer":"3954W","klasa":"","kat":"powiatowa"},"geometry":{"type":"LineString","coordinates":[[22.23922,52.40359],[22.24309,52.40126]]}},{"type":"Feature","properties":{"numer":"62","klasa":"droga gĹ‚Ăłwna","kat":"krajowa"},"geometry":{"type":"LineString","coordinates":[[22.24271,52.4071],[22.24479,52.40709]]}},{"type":"Feature","properties":{"numer":"62","klasa":"droga gĹ‚Ăłwna","kat":"krajowa"},"geometry":{"type":"LineString","coordinates":[[22.24088,52.40711],[22.24271,52.4071]]}},{"type":"Feature","properties":{"numer":"62","klasa":"droga gĹ‚Ăłwna","kat":"krajowa"},"geometry":{"type":"LineString","coordinates":[[22.23715,52.40714],[22.24088,52.40711]]}},{"type":"Feature","properties":{"numer":"62","klasa":"droga gĹ‚Ăłwna","kat":"krajowa"},"geometry":{"type":"LineString","coordinates":[[22.23715,52.40714],[22.23653,52.40714]]}},{"type":"Feature","properties":{"numer":"62","klasa":"droga gĹ‚Ăłwna","kat":"krajowa"},"geometry":{"type":"LineString","coordinates":[[22.23653,52.40714],[22.23636,52.40714]]}},{"type":"Feature","properties":{"numer":"62","klasa":"droga gĹ‚Ăłwna","kat":"krajowa"},"geometry":{"type":"LineString","coordinates":[[22.23621,52.40715],[22.23636,52.40714]]}},{"type":"Feature","properties":{"numer":"63","klasa":"droga gĹ‚Ăłwna","kat":"krajowa"},"geometry":{"type":"LineString","coordinates":[[22.25397,52.40147],[22.25388,52.40154]]}},{"type":"Feature","properties":{"numer":"63","klasa":"droga gĹ‚Ăłwna","kat":"krajowa"},"geometry":{"type":"LineString","coordinates":[[22.25388,52.40154],[22.25394,52.40162]]}},{"type":"Feature","properties":{"numer":"63","klasa":"droga gĹ‚Ăłwna","kat":"krajowa"},"geometry":{"type":"LineString","coordinates":[[22.25409,52.40183],[22.25394,52.40162]]}},{"type":"Feature","properties":{"numer":"62","klasa":"droga gĹ‚Ăłwna","kat":"krajowa"},"geometry":{"type":"LineString","coordinates":[[22.25997,52.4024],[22.26052,52.40165],[22.26051,52.40125]]}},{"type":"Feature","properties":{"numer":"62","klasa":"droga gĹ‚Ăłwna","kat":"krajowa"},"geometry":{"type":"LineString","coordinates":[[22.26051,52.40111],[22.25866,52.40217],[22.25643,52.40365]]}},{"type":"Feature","properties":{"numer":"62","klasa":"droga gĹ‚Ăłwna","kat":"krajowa"},"geometry":{"type":"LineString","coordinates":[[22.259,52.40295],[22.25997,52.4024]]}},{"type":"Feature","properties":{"numer":"63","klasa":"droga gĹ‚Ăłwna","kat":"krajowa"},"geometry":{"type":"LineString","coordinates":[[22.25643,52.40365],[22.2551,52.40272],[22.25409,52.40183]]}},{"type":"Feature","properties":{"numer":"62","klasa":"droga gĹ‚Ăłwna","kat":"krajowa"},"geometry":{"type":"LineString","coordinates":[[22.25761,52.40357],[22.259,52.40295]]}},{"type":"Feature","properties":{"numer":"62","klasa":"droga gĹ‚Ăłwna","kat":"krajowa"},"geometry":{"type":"LineString","coordinates":[[22.25656,52.40399],[22.25761,52.40357]]}},{"type":"Feature","properties":{"numer":"62,63","klasa":"droga gĹ‚Ăłwna","kat":"gminna"},"geometry":{"type":"LineString","coordinates":[[22.25656,52.40399],[22.2566,52.40379],[22.25643,52.40365]]}},{"type":"Feature","properties":{"numer":"3933W","klasa":"droga zbiorcza","kat":"powiatowa"},"geometry":{"type":"LineString","coordinates":[[22.46659030202926,52.322219348749414],[22.46659,52.32222]]}},{"type":"Feature","properties":{"numer":"3933W","klasa":"","kat":"powiatowa"},"geometry":{"type":"LineString","coordinates":[[22.46659,52.32222],[22.46436,52.32647],[22.46431,52.32672]]}},{"type":"Feature","properties":{"numer":"3933W","klasa":"","kat":"powiatowa"},"geometry":{"type":"LineString","coordinates":[[22.46431,52.32672],[22.46526,52.3276],[22.46666,52.32851],[22.46759,52.32885],[22.46792,52.32911],[22.46836,52.33002],[22.47113,52.3329],[22.47751,52.34135]]}},{"type":"Feature","properties":{"numer":"3933W","klasa":"","kat":"powiatowa"},"geometry":{"type":"LineString","coordinates":[[22.47751,52.34135],[22.47913,52.34348]]}},{"type":"Feature","properties":{"numer":"3932W","klasa":"droga zbiorcza","kat":"powiatowa"},"geometry":{"type":"LineString","coordinates":[[22.43055,52.34308],[22.4311,52.34306],[22.43234,52.34329],[22.43418,52.34323],[22.43573,52.34291],[22.43724,52.34276],[22.43935,52.34233],[22.44243,52.34285],[22.466,52.34323],[22.47754,52.34333],[22.47913,52.34348]]}},{"type":"Feature","properties":{"numer":"3932W","klasa":"droga zbiorcza","kat":"powiatowa"},"geometry":{"type":"LineString","coordinates":[[22.43047,52.34309],[22.43055,52.34308]]}},{"type":"Feature","properties":{"numer":"3932W,3933W","klasa":"droga zbiorcza","kat":"powiatowa"},"geometry":{"type":"LineString","coordinates":[[22.47913,52.34348],[22.48013,52.34362],[22.48215,52.34364],[22.48602,52.34401]]}},{"type":"Feature","properties":{"numer":"3933W","klasa":"","kat":"powiatowa"},"geometry":{"type":"LineString","coordinates":[[22.48602,52.34401],[22.48729,52.34696],[22.48728,52.34974],[22.48894,52.35665],[22.48886,52.35696],[22.48842,52.35764],[22.4881,52.35892],[22.48762,52.36397],[22.48794,52.36429],[22.48977,52.36538],[22.49383,52.36677]]}},{"type":"Feature","properties":{"numer":"3933W","klasa":"","kat":"powiatowa"},"geometry":{"type":"LineString","coordinates":[[22.49383,52.36677],[22.4939,52.3668]]}},{"type":"Feature","properties":{"numer":"3931W","klasa":"","kat":"powiatowa"},"geometry":{"type":"LineString","coordinates":[[22.40822,52.38483],[22.43262,52.37017],[22.43287,52.36992],[22.43312,52.36999],[22.43336,52.3702],[22.43935,52.37238],[22.4472,52.37542],[22.45087,52.37564]]}},{"type":"Feature","properties":{"numer":"3932W","klasa":"droga zbiorcza","kat":"powiatowa"},"geometry":{"type":"LineString","coordinates":[[22.48602,52.34401],[22.48747,52.34438],[22.48874,52.3452],[22.48918,52.34536],[22.4958,52.3465],[22.50656,52.34706],[22.50737,52.34698],[22.50802,52.34678],[22.51504940333669,52.34449662334567]]}},{"type":"Feature","properties":{"numer":"3934W","klasa":"","kat":"powiatowa"},"geometry":{"type":"LineString","coordinates":[[22.516790542270996,52.34635211028354],[22.51729,52.34698],[22.51766333713171,52.34728222529711]]}},{"type":"Feature","properties":{"numer":"3934W","klasa":"","kat":"powiatowa"},"geometry":{"type":"LineString","coordinates":[[22.518631139032227,52.34831358686709],[22.51893,52.34881],[22.51956,52.34959],[22.520503313658207,52.350308715168154]]}},{"type":"Feature","properties":{"numer":"3934W","klasa":"","kat":"powiatowa"},"geometry":{"type":"LineString","coordinates":[[22.52211958691908,52.35203113597243],[22.52268,52.35269],[22.52322,52.3536],[22.52431,52.35447],[22.52953,52.3594],[22.53731,52.36321],[22.53903,52.36346],[22.54342,52.36385],[22.54517,52.36429]]}},{"type":"Feature","properties":{"numer":"3934W","klasa":"","kat":"powiatowa"},"geometry":{"type":"LineString","coordinates":[[22.54517,52.36429],[22.54528,52.3643]]}},{"type":"Feature","properties":{"numer":"3934W","klasa":"","kat":"powiatowa"},"geometry":{"type":"LineString","coordinates":[[22.54528,52.3643],[22.54688,52.3645],[22.5498,52.3647],[22.55297543315982,52.36410086166796]]}},{"type":"Feature","properties":{"numer":"3933W","klasa":"","kat":"powiatowa"},"geometry":{"type":"LineString","coordinates":[[22.4984,52.3805],[22.49609,52.3793],[22.49511,52.37835],[22.49487,52.37768],[22.49439,52.37468],[22.49373,52.37283],[22.49367,52.37241],[22.49389,52.36929],[22.49413,52.36874],[22.49512,52.36736],[22.49502,52.36725],[22.4939,52.3668]]}},{"type":"Feature","properties":{"numer":"3931W","klasa":"","kat":"powiatowa"},"geometry":{"type":"LineString","coordinates":[[22.49573,52.38178],[22.4984,52.3805]]}},{"type":"Feature","properties":{"numer":"3931W","klasa":"","kat":"powiatowa"},"geometry":{"type":"LineString","coordinates":[[22.49561,52.38183],[22.49573,52.38178]]}},{"type":"Feature","properties":{"numer":"3933W","klasa":"","kat":"powiatowa"},"geometry":{"type":"LineString","coordinates":[[22.4984,52.3805],[22.49943,52.38],[22.49963,52.37998],[22.50213,52.38151],[22.50246,52.38185],[22.50574,52.38752],[22.51026,52.39401],[22.51312,52.39837]]}},{"type":"Feature","properties":{"numer":"3933W","klasa":"","kat":"powiatowa"},"geometry":{"type":"LineString","coordinates":[[22.51312,52.39837],[22.51322,52.3985]]}},{"type":"Feature","properties":{"numer":"3931W","klasa":"","kat":"powiatowa"},"geometry":{"type":"LineString","coordinates":[[22.47647,52.38173],[22.47233,52.3814],[22.47108,52.38029],[22.47009,52.37989],[22.46872,52.37947],[22.46771,52.37929],[22.46435,52.37827],[22.46313,52.3782],[22.46192,52.3767],[22.45777,52.37635],[22.45087,52.37564]]}},{"type":"Feature","properties":{"numer":"3931W","klasa":"","kat":"powiatowa"},"geometry":{"type":"LineString","coordinates":[[22.47647,52.38173],[22.48882,52.38267],[22.49055,52.38295],[22.49374,52.38363],[22.49487,52.38223],[22.49561,52.38183]]}},{"type":"Feature","properties":{"numer":"62","klasa":"droga gĹ‚Ăłwna","kat":"krajowa"},"geometry":{"type":"LineString","coordinates":[[22.45516,52.39252],[22.44995,52.39111],[22.43693,52.38651],[22.43583,52.38621],[22.4128,52.38475],[22.40822,52.38483]]}},{"type":"Feature","properties":{"numer":"62","klasa":"droga gĹ‚Ăłwna","kat":"krajowa"},"geometry":{"type":"LineString","coordinates":[[22.47977,52.39907],[22.45516,52.39252]]}},{"type":"Feature","properties":{"numer":"3927W","klasa":"","kat":"powiatowa"},"geometry":{"type":"LineString","coordinates":[[22.45398,52.40166],[22.4541,52.40131],[22.45405,52.40109],[22.45308,52.40014],[22.45295,52.39988],[22.45272,52.39504],[22.45294,52.3948],[22.45373,52.39477],[22.45405,52.39463],[22.45516,52.39252]]}},{"type":"Feature","properties":{"numer":"62","klasa":"droga gĹ‚Ăłwna","kat":"krajowa"},"geometry":{"type":"LineString","coordinates":[[22.48003,52.39914],[22.47977,52.39907]]}},{"type":"Feature","properties":{"numer":"62","klasa":"droga gĹ‚Ăłwna","kat":"krajowa"},"geometry":{"type":"LineString","coordinates":[[22.49489,52.40168],[22.48997,52.40179],[22.48003,52.39914]]}},{"type":"Feature","properties":{"numer":"3927W","klasa":"","kat":"powiatowa"},"geometry":{"type":"LineString","coordinates":[[22.45393,52.40176],[22.45398,52.40166]]}},{"type":"Feature","properties":{"numer":"3925W","klasa":"","kat":"powiatowa"},"geometry":{"type":"LineString","coordinates":[[22.49227,52.40361],[22.49489,52.40168]]}},{"type":"Feature","properties":{"numer":"3927W","klasa":"","kat":"powiatowa"},"geometry":{"type":"LineString","coordinates":[[22.43556,52.41341],[22.43445,52.41079],[22.43439,52.41059],[22.43455,52.41037],[22.43622,52.40962],[22.43709,52.40886],[22.43856,52.408],[22.44065,52.40755],[22.44229,52.40729],[22.44597,52.40423],[22.45332,52.40228],[22.45374,52.40205],[22.45393,52.40176]]}},{"type":"Feature","properties":{"numer":"3933W","klasa":"","kat":"powiatowa"},"geometry":{"type":"LineString","coordinates":[[22.51322,52.3985],[22.51485,52.40092]]}},{"type":"Feature","properties":{"numer":"62","klasa":"droga gĹ‚Ăłwna","kat":"krajowa"},"geometry":{"type":"LineString","coordinates":[[22.51485,52.40092],[22.51358,52.40106],[22.49489,52.40168]]}},{"type":"Feature","properties":{"numer":"62","klasa":"droga gĹ‚Ăłwna","kat":"krajowa"},"geometry":{"type":"LineString","coordinates":[[22.52108,52.40397],[22.51992,52.40156],[22.51955,52.40118],[22.51915,52.40105],[22.51679,52.40066],[22.51595,52.40069],[22.51485,52.40092]]}},{"type":"Feature","properties":{"numer":"62","klasa":"droga gĹ‚Ăłwna","kat":"krajowa"},"geometry":{"type":"LineString","coordinates":[[22.5514,52.41163],[22.54865,52.41141],[22.54727,52.41116],[22.52186,52.40446],[22.52144,52.40428],[22.52108,52.40397]]}},{"type":"Feature","properties":{"numer":"3936W","klasa":"","kat":"powiatowa"},"geometry":{"type":"LineString","coordinates":[[22.5514,52.41163],[22.55165,52.41138],[22.55768,52.40826]]}},{"type":"Feature","properties":{"numer":"3921W","klasa":"droga zbiorcza","kat":"powiatowa"},"geometry":{"type":"LineString","coordinates":[[22.52108,52.40397],[22.52099,52.40421],[22.52849,52.42044]]}},{"type":"Feature","properties":{"numer":"62","klasa":"droga gĹ‚Ăłwna","kat":"krajowa"},"geometry":{"type":"LineString","coordinates":[[22.557,52.41338],[22.55323,52.41196],[22.55239,52.41175],[22.5514,52.41163]]}},{"type":"Feature","properties":{"numer":"62","klasa":"droga gĹ‚Ăłwna","kat":"krajowa"},"geometry":{"type":"LineString","coordinates":[[22.557,52.41338],[22.55955387578238,52.41433770341839]]}},{"type":"Feature","properties":{"numer":"3935W","klasa":"","kat":"powiatowa"},"geometry":{"type":"LineString","coordinates":[[22.52849,52.42044],[22.51748,52.42386]]}},{"type":"Feature","properties":{"numer":"3936W","klasa":"droga zbiorcza","kat":"powiatowa"},"geometry":{"type":"LineString","coordinates":[[22.55768,52.40826],[22.557681254071664,52.40825888436482]]}},{"type":"Feature","properties":{"numer":"3925W","klasa":"","kat":"powiatowa"},"geometry":{"type":"LineString","coordinates":[[22.43812,52.43701],[22.43841,52.43696],[22.4545,52.43],[22.45621,52.42905],[22.46369,52.42385],[22.49227,52.40361]]}},{"type":"Feature","properties":{"numer":"3925W","klasa":"","kat":"powiatowa"},"geometry":{"type":"LineString","coordinates":[[22.43812,52.43701],[22.43664,52.43763]]}},{"type":"Feature","properties":{"numer":"3925W","klasa":"","kat":"powiatowa"},"geometry":{"type":"LineString","coordinates":[[22.43664,52.43763],[22.43659,52.43765]]}},{"type":"Feature","properties":{"numer":"3924W","klasa":"","kat":"powiatowa"},"geometry":{"type":"LineString","coordinates":[[22.44926,52.44502],[22.45002,52.444],[22.45078,52.44366],[22.47315,52.43671],[22.48612,52.43308],[22.49423,52.43069],[22.49553,52.43088]]}},{"type":"Feature","properties":{"numer":"3925W","klasa":"","kat":"powiatowa"},"geometry":{"type":"LineString","coordinates":[[22.43659,52.43765],[22.43551,52.43845]]}},{"type":"Feature","properties":{"numer":"3926W","klasa":"droga zbiorcza","kat":"powiatowa"},"geometry":{"type":"LineString","coordinates":[[22.44926,52.44502],[22.44095,52.44252],[22.43919,52.44103],[22.43551,52.43845]]}},{"type":"Feature","properties":{"numer":"3926W","klasa":"droga zbiorcza","kat":"powiatowa"},"geometry":{"type":"LineString","coordinates":[[22.44926,52.44502],[22.44739,52.44777],[22.44726,52.4481],[22.44243,52.47627]]}},{"type":"Feature","properties":{"numer":"3923W","klasa":"","kat":"powiatowa"},"geometry":{"type":"LineString","coordinates":[[22.4754,52.46191],[22.47548,52.46188]]}},{"type":"Feature","properties":{"numer":"3923W","klasa":"","kat":"powiatowa"},"geometry":{"type":"LineString","coordinates":[[22.44289,52.47662],[22.44298,52.47643],[22.4517,52.47386],[22.45917,52.47058],[22.46652,52.46662],[22.47114,52.46488],[22.47164,52.46476],[22.47283,52.46475],[22.47324,52.46466],[22.47362,52.46358],[22.47356,52.4629],[22.47399,52.46243],[22.4754,52.46191]]}},{"type":"Feature","properties":{"numer":"3921W","klasa":"droga zbiorcza","kat":"powiatowa"},"geometry":{"type":"LineString","coordinates":[[22.42556,52.47493],[22.44164,52.4765]]}},{"type":"Feature","properties":{"numer":"3935W","klasa":"","kat":"powiatowa"},"geometry":{"type":"LineString","coordinates":[[22.51748,52.42386],[22.50856,52.42663],[22.49694,52.42998]]}},{"type":"Feature","properties":{"numer":"3921W","klasa":"droga zbiorcza","kat":"powiatowa"},"geometry":{"type":"LineString","coordinates":[[22.52849,52.42044],[22.53064,52.42213],[22.53109,52.42265],[22.53373,52.42844],[22.53337,52.43106],[22.53319,52.43726]]}},{"type":"Feature","properties":{"numer":"3935W","klasa":"","kat":"powiatowa"},"geometry":{"type":"LineString","coordinates":[[22.49694,52.42998],[22.49553,52.43088]]}},{"type":"Feature","properties":{"numer":"3924W","klasa":"","kat":"powiatowa"},"geometry":{"type":"LineString","coordinates":[[22.49553,52.43088],[22.51546,52.43419],[22.52024,52.43583],[22.52204,52.43607],[22.53319,52.43726]]}},{"type":"Feature","properties":{"numer":"3921W","klasa":"droga zbiorcza","kat":"powiatowa"},"geometry":{"type":"LineString","coordinates":[[22.53319,52.43726],[22.53334,52.44508],[22.53262,52.44768],[22.53122,52.4542],[22.5304,52.45744]]}},{"type":"Feature","properties":{"numer":"3923W","klasa":"","kat":"powiatowa"},"geometry":{"type":"LineString","coordinates":[[22.51556,52.45675],[22.5211,52.45734],[22.52166,52.45721],[22.52186,52.45667],[22.5221,52.45662],[22.5304,52.45744]]}},{"type":"Feature","properties":{"numer":"3923W","klasa":"","kat":"powiatowa"},"geometry":{"type":"LineString","coordinates":[[22.47548,52.46188],[22.47814,52.4612],[22.47998,52.46021],[22.4834,52.45346],[22.48354,52.45342],[22.51556,52.45675]]}},{"type":"Feature","properties":{"numer":"3921W","klasa":"droga zbiorcza","kat":"powiatowa"},"geometry":{"type":"LineString","coordinates":[[22.4831,52.47798],[22.50391,52.47766],[22.50437,52.47769],[22.50644,52.47813],[22.50702,52.47817],[22.50731,52.47811],[22.52585,52.45964],[22.52667,52.45861],[22.52728,52.45839],[22.52768,52.45833],[22.52917,52.45841],[22.52989,52.45832],[22.53027,52.45798],[22.5304,52.45744]]}},{"type":"Feature","properties":{"numer":"3926W","klasa":"droga zbiorcza","kat":"powiatowa"},"geometry":{"type":"LineString","coordinates":[[22.44243,52.47627],[22.44234,52.47649]]}},{"type":"Feature","properties":{"numer":"3921W","klasa":"droga zbiorcza","kat":"powiatowa"},"geometry":{"type":"LineString","coordinates":[[22.44164,52.4765],[22.44215,52.47654]]}},{"type":"Feature","properties":{"numer":"3926W","klasa":"droga zbiorcza","kat":"powiatowa"},"geometry":{"type":"LineString","coordinates":[[22.44234,52.47649],[22.44228,52.47656]]}},{"type":"Feature","properties":{"numer":"3921W","klasa":"droga zbiorcza","kat":"powiatowa"},"geometry":{"type":"LineString","coordinates":[[22.44215,52.47654],[22.44228,52.47656]]}},{"type":"Feature","properties":{"numer":"3921W","klasa":"droga zbiorcza","kat":"powiatowa"},"geometry":{"type":"LineString","coordinates":[[22.4424,52.47657],[22.44228,52.47656]]}},{"type":"Feature","properties":{"numer":"3921W","klasa":"droga zbiorcza","kat":"powiatowa"},"geometry":{"type":"LineString","coordinates":[[22.44289,52.47662],[22.4424,52.47657]]}},{"type":"Feature","properties":{"numer":"3922W","klasa":"droga zbiorcza","kat":"powiatowa"},"geometry":{"type":"LineString","coordinates":[[22.44228,52.47656],[22.44231,52.47663]]}},{"type":"Feature","properties":{"numer":"3922W","klasa":"droga zbiorcza","kat":"powiatowa"},"geometry":{"type":"LineString","coordinates":[[22.44231,52.47663],[22.44231,52.4768]]}},{"type":"Feature","properties":{"numer":"3921W","klasa":"droga zbiorcza","kat":"powiatowa"},"geometry":{"type":"LineString","coordinates":[[22.44289,52.47662],[22.45835,52.4781],[22.46547,52.47825],[22.48297,52.47799]]}},{"type":"Feature","properties":{"numer":"3921W","klasa":"droga zbiorcza","kat":"powiatowa"},"geometry":{"type":"LineString","coordinates":[[22.48297,52.47799],[22.4831,52.47798]]}},{"type":"Feature","properties":{"numer":"3921W","klasa":"droga zbiorcza","kat":"powiatowa"},"geometry":{"type":"LineString","coordinates":[[22.25933,52.40406],[22.25989,52.40435]]}},{"type":"Feature","properties":{"numer":"62,63","klasa":"droga gĹ‚Ăłwna","kat":"gminna"},"geometry":{"type":"LineString","coordinates":[[22.25376,52.40574],[22.25656,52.40399]]}},{"type":"Feature","properties":{"numer":"3946W","klasa":"","kat":"powiatowa"},"geometry":{"type":"LineString","coordinates":[[22.25447,52.40617],[22.2562,52.40523],[22.25845,52.40442]]}},{"type":"Feature","properties":{"numer":"62,63","klasa":"droga gĹ‚Ăłwna","kat":"gminna"},"geometry":{"type":"LineString","coordinates":[[22.25357,52.40586],[22.25376,52.40574]]}},{"type":"Feature","properties":{"numer":"3921W","klasa":"droga zbiorcza","kat":"powiatowa"},"geometry":{"type":"LineString","coordinates":[[22.26366,52.40754],[22.26144,52.40525],[22.25989,52.40435]]}},{"type":"Feature","properties":{"numer":"62,63","klasa":"droga gĹ‚Ăłwna","kat":"gminna"},"geometry":{"type":"LineString","coordinates":[[22.25376,52.40574],[22.25447,52.40617]]}},{"type":"Feature","properties":{"numer":"62,63","klasa":"droga gĹ‚Ăłwna","kat":"gminna"},"geometry":{"type":"LineString","coordinates":[[22.25379,52.40659],[22.25312,52.40615],[22.25357,52.40586]]}},{"type":"Feature","properties":{"numer":"62,63","klasa":"droga gĹ‚Ăłwna","kat":"gminna"},"geometry":{"type":"LineString","coordinates":[[22.25379,52.40659],[22.25447,52.40617]]}},{"type":"Feature","properties":{"numer":"62,63","klasa":"droga gĹ‚Ăłwna","kat":"gminna"},"geometry":{"type":"LineString","coordinates":[[22.25332,52.40707],[22.25379,52.40659]]}},{"type":"Feature","properties":{"numer":"63","klasa":"droga gĹ‚Ăłwna","kat":"krajowa"},"geometry":{"type":"LineString","coordinates":[[22.25332,52.40707],[22.25384,52.40732]]}},{"type":"Feature","properties":{"numer":"62","klasa":"droga gĹ‚Ăłwna","kat":"krajowa"},"geometry":{"type":"LineString","coordinates":[[22.23621,52.40715],[22.23555,52.40715]]}},{"type":"Feature","properties":{"numer":"62","klasa":"droga gĹ‚Ăłwna","kat":"krajowa"},"geometry":{"type":"LineString","coordinates":[[22.24479,52.40709],[22.24745,52.40708],[22.24814,52.40724]]}},{"type":"Feature","properties":{"numer":"62","klasa":"droga gĹ‚Ăłwna","kat":"krajowa"},"geometry":{"type":"LineString","coordinates":[[22.22774,52.4072],[22.23555,52.40715]]}},{"type":"Feature","properties":{"numer":"62","klasa":"droga gĹ‚Ăłwna","kat":"krajowa"},"geometry":{"type":"LineString","coordinates":[[22.22036,52.40723],[22.22774,52.4072]]}},{"type":"Feature","properties":{"numer":"62","klasa":"droga gĹ‚Ăłwna","kat":"krajowa"},"geometry":{"type":"LineString","coordinates":[[22.21739,52.40726],[22.22036,52.40723]]}},{"type":"Feature","properties":{"numer":"3955W","klasa":"","kat":"powiatowa"},"geometry":{"type":"LineString","coordinates":[[22.2203,52.40766],[22.22036,52.40723]]}},{"type":"Feature","properties":{"numer":"62","klasa":"droga gĹ‚Ăłwna","kat":"krajowa"},"geometry":{"type":"LineString","coordinates":[[22.24814,52.40724],[22.24976,52.40785]]}},{"type":"Feature","properties":{"numer":"62","klasa":"droga gĹ‚Ăłwna","kat":"krajowa"},"geometry":{"type":"LineString","coordinates":[[22.25105,52.40803],[22.25202,52.40811],[22.25232,52.40807],[22.25332,52.40707]]}},{"type":"Feature","properties":{"numer":"390802W","klasa":"droga lokalna","kat":"powiatowa"},"geometry":{"type":"LineString","coordinates":[[22.23632,52.40776],[22.23633,52.40762]]}},{"type":"Feature","properties":{"numer":"62","klasa":"droga gĹ‚Ăłwna","kat":"krajowa"},"geometry":{"type":"LineString","coordinates":[[22.24976,52.40785],[22.25003,52.4079]]}},{"type":"Feature","properties":{"numer":"62","klasa":"droga gĹ‚Ăłwna","kat":"krajowa"},"geometry":{"type":"LineString","coordinates":[[22.25003,52.4079],[22.25022,52.40793]]}},{"type":"Feature","properties":{"numer":"62","klasa":"droga gĹ‚Ăłwna","kat":"krajowa"},"geometry":{"type":"LineString","coordinates":[[22.25022,52.40793],[22.25105,52.40803]]}},{"type":"Feature","properties":{"numer":"390802W","klasa":"droga lokalna","kat":"powiatowa"},"geometry":{"type":"LineString","coordinates":[[22.23628,52.40826],[22.23632,52.40776]]}},{"type":"Feature","properties":{"numer":"390802W","klasa":"droga lokalna","kat":"powiatowa"},"geometry":{"type":"LineString","coordinates":[[22.23801,52.41005],[22.23675,52.40898],[22.23628,52.40826]]}},{"type":"Feature","properties":{"numer":"627","klasa":"droga gĹ‚Ăłwna","kat":"wojewodzka"},"geometry":{"type":"LineString","coordinates":[[22.24661,52.41184],[22.2492,52.40972],[22.25105,52.40803]]}},{"type":"Feature","properties":{"numer":"3955W","klasa":"","kat":"powiatowa"},"geometry":{"type":"LineString","coordinates":[[22.21879,52.41241],[22.2203,52.40766]]}},{"type":"Feature","properties":{"numer":"390802W","klasa":"","kat":"powiatowa"},"geometry":{"type":"LineString","coordinates":[[22.23828,52.41031],[22.23801,52.41005]]}},{"type":"Feature","properties":{"numer":"390802W","klasa":"droga lokalna","kat":"powiatowa"},"geometry":{"type":"LineString","coordinates":[[22.23836,52.41039],[22.23828,52.41031]]}},{"type":"Feature","properties":{"numer":"3961W","klasa":"","kat":"powiatowa"},"geometry":{"type":"LineString","coordinates":[[22.23836,52.41039],[22.23846,52.41045]]}},{"type":"Feature","properties":{"numer":"3961W","klasa":"","kat":"powiatowa"},"geometry":{"type":"LineString","coordinates":[[22.23846,52.41045],[22.23876,52.4106]]}},{"type":"Feature","properties":{"numer":"3961W","klasa":"","kat":"powiatowa"},"geometry":{"type":"LineString","coordinates":[[22.24165,52.41254],[22.23876,52.4106]]}},{"type":"Feature","properties":{"numer":"3966W","klasa":"","kat":"powiatowa"},"geometry":{"type":"LineString","coordinates":[[22.24165,52.41254],[22.24601,52.4118],[22.24661,52.41184]]}},{"type":"Feature","properties":{"numer":"627","klasa":"droga gĹ‚Ăłwna","kat":"wojewodzka"},"geometry":{"type":"LineString","coordinates":[[22.24624,52.41252],[22.24661,52.41184]]}},{"type":"Feature","properties":{"numer":"627","klasa":"droga gĹ‚Ăłwna","kat":"wojewodzka"},"geometry":{"type":"LineString","coordinates":[[22.24605,52.41302],[22.24624,52.41252]]}},{"type":"Feature","properties":{"numer":"3955W","klasa":"","kat":"powiatowa"},"geometry":{"type":"LineString","coordinates":[[22.21789,52.4155],[22.21879,52.41241]]}},{"type":"Feature","properties":{"numer":"390842W","klasa":"droga lokalna","kat":"powiatowa"},"geometry":{"type":"LineString","coordinates":[[22.21757,52.41669],[22.21789,52.4155]]}},{"type":"Feature","properties":{"numer":"627","klasa":"droga gĹ‚Ăłwna","kat":"wojewodzka"},"geometry":{"type":"LineString","coordinates":[[22.23861,52.42194],[22.24387,52.41748],[22.24436,52.4168],[22.24499,52.41562],[22.24605,52.41302]]}},{"type":"Feature","properties":{"numer":"390842W","klasa":"droga lokalna","kat":"powiatowa"},"geometry":{"type":"LineString","coordinates":[[22.21615,52.42179],[22.21757,52.41669]]}},{"type":"Feature","properties":{"numer":"390842W","klasa":"droga lokalna","kat":"powiatowa"},"geometry":{"type":"LineString","coordinates":[[22.21607,52.42208],[22.21615,52.42179]]}},{"type":"Feature","properties":{"numer":"627","klasa":"droga gĹ‚Ăłwna","kat":"wojewodzka"},"geometry":{"type":"LineString","coordinates":[[22.23856,52.42199],[22.23861,52.42194]]}},{"type":"Feature","properties":{"numer":"63","klasa":"droga gĹ‚Ăłwna","kat":"krajowa"},"geometry":{"type":"LineString","coordinates":[[22.25384,52.40732],[22.25396,52.40741]]}},{"type":"Feature","properties":{"numer":"63","klasa":"droga gĹ‚Ăłwna","kat":"krajowa"},"geometry":{"type":"LineString","coordinates":[[22.25396,52.40741],[22.25596,52.40872],[22.25646,52.40929],[22.25656,52.40959]]}},{"type":"Feature","properties":{"numer":"3927W","klasa":"","kat":"powiatowa"},"geometry":{"type":"LineString","coordinates":[[22.30466,52.41491],[22.30381,52.41471],[22.26366,52.40754]]}},{"type":"Feature","properties":{"numer":"3921W","klasa":"droga zbiorcza","kat":"powiatowa"},"geometry":{"type":"LineString","coordinates":[[22.2744,52.41882],[22.26366,52.40754]]}},{"type":"Feature","properties":{"numer":"63","klasa":"droga gĹ‚Ăłwna","kat":"krajowa"},"geometry":{"type":"LineString","coordinates":[[22.25656,52.40959],[22.25628,52.42073],[22.25653,52.4234]]}},{"type":"Feature","properties":{"numer":"3921W","klasa":"droga zbiorcza","kat":"powiatowa"},"geometry":{"type":"LineString","coordinates":[[22.27445,52.41887],[22.2744,52.41882]]}},{"type":"Feature","properties":{"numer":"63","klasa":"droga gĹ‚Ăłwna","kat":"krajowa"},"geometry":{"type":"LineString","coordinates":[[22.25653,52.4234],[22.25654,52.42346]]}},{"type":"Feature","properties":{"numer":"63","klasa":"droga gĹ‚Ăłwna","kat":"krajowa"},"geometry":{"type":"LineString","coordinates":[[22.25654,52.42346],[22.25812,52.43867]]}},{"type":"Feature","properties":{"numer":"3921W","klasa":"droga zbiorcza","kat":"powiatowa"},"geometry":{"type":"LineString","coordinates":[[22.27445,52.41887],[22.2911,52.43631],[22.30231,52.4459],[22.30898,52.44975]]}},{"type":"Feature","properties":{"numer":"63","klasa":"droga gĹ‚Ăłwna","kat":"krajowa"},"geometry":{"type":"LineString","coordinates":[[22.25812,52.43867],[22.25813,52.43873]]}},{"type":"Feature","properties":{"numer":"3918W","klasa":"droga zbiorcza","kat":"powiatowa"},"geometry":{"type":"LineString","coordinates":[[22.30898,52.44975],[22.30949,52.44907],[22.31117,52.44517],[22.31355,52.43916],[22.31393,52.43853],[22.33155,52.42436],[22.33201,52.42389],[22.33551,52.4192]]}},{"type":"Feature","properties":{"numer":"3921W","klasa":"droga zbiorcza","kat":"powiatowa"},"geometry":{"type":"LineString","coordinates":[[22.30898,52.44975],[22.31278,52.4506],[22.31422,52.45127]]}},{"type":"Feature","properties":{"numer":"3921W","klasa":"droga zbiorcza","kat":"powiatowa"},"geometry":{"type":"LineString","coordinates":[[22.31422,52.45127],[22.31435,52.45133]]}},{"type":"Feature","properties":{"numer":"3921W","klasa":"droga zbiorcza","kat":"powiatowa"},"geometry":{"type":"LineString","coordinates":[[22.31435,52.45133],[22.31692,52.45262],[22.31882,52.45333],[22.32559,52.45511],[22.32824,52.45571],[22.3566,52.46014],[22.35755,52.46011],[22.36035,52.4595],[22.36596,52.45916],[22.36991,52.45862]]}},{"type":"Feature","properties":{"numer":"3918W","klasa":"droga zbiorcza","kat":"powiatowa"},"geometry":{"type":"LineString","coordinates":[[22.30971,52.49669],[22.3136,52.49607],[22.31406,52.49592],[22.31888,52.49025],[22.31898,52.4898],[22.31892,52.48697],[22.31818,52.48576],[22.3179,52.48339],[22.31714,52.48169],[22.31668,52.47967],[22.31679,52.47956],[22.31879,52.47934],[22.31898,52.47925],[22.31852,52.47669],[22.31869,52.47658],[22.32061,52.47596],[22.32071,52.47575],[22.31958,52.4735],[22.31757,52.47189],[22.317,52.47097],[22.3168,52.4708],[22.31618,52.4706],[22.31475,52.47054],[22.31407,52.47061],[22.31232,52.47117],[22.31167,52.47117],[22.31083,52.47093],[22.30923,52.4701],[22.30726,52.46887],[22.30617,52.46757],[22.3029,52.46477],[22.3032,52.4631],[22.30357,52.45945],[22.30457,52.45854],[22.30592,52.45687],[22.30839,52.45529],[22.31081,52.45269],[22.31081,52.45241],[22.31056,52.45214],[22.30926,52.45153],[22.30886,52.45121],[22.30878,52.45095],[22.30898,52.44975]]}},{"type":"Feature","properties":{"numer":"4235W","klasa":"droga zbiorcza","kat":"powiatowa"},"geometry":{"type":"LineString","coordinates":[[22.30804,52.49614],[22.30789,52.49608]]}},{"type":"Feature","properties":{"numer":"4235W","klasa":"droga zbiorcza","kat":"powiatowa"},"geometry":{"type":"LineString","coordinates":[[22.30923,52.49681],[22.30877,52.49648],[22.30804,52.49614]]}},{"type":"Feature","properties":{"numer":"3918W","klasa":"droga zbiorcza","kat":"powiatowa"},"geometry":{"type":"LineString","coordinates":[[22.30923,52.49681],[22.30971,52.49669]]}},{"type":"Feature","properties":{"numer":"3918W","klasa":"droga zbiorcza","kat":"powiatowa"},"geometry":{"type":"LineString","coordinates":[[22.30151,52.50503],[22.30262,52.50383],[22.30514,52.50194],[22.30791,52.4984],[22.30846,52.49732],[22.3087,52.49708],[22.30923,52.49681]]}},{"type":"Feature","properties":{"numer":"3917W","klasa":"droga zbiorcza","kat":"powiatowa"},"geometry":{"type":"LineString","coordinates":[[22.30971,52.49669],[22.31332,52.49769],[22.32841,52.50444],[22.33119,52.50556],[22.33478,52.50686],[22.33688,52.50744],[22.33756,52.50756],[22.34517,52.50756],[22.34816,52.50845]]}},{"type":"Feature","properties":{"numer":"63","klasa":"droga gĹ‚Ăłwna","kat":"krajowa"},"geometry":{"type":"LineString","coordinates":[[22.25813,52.43873],[22.25938,52.45019],[22.26508,52.46188],[22.27026,52.47394],[22.27108,52.47645],[22.28102,52.48952]]}},{"type":"Feature","properties":{"numer":"4235W","klasa":"droga zbiorcza","kat":"powiatowa"},"geometry":{"type":"LineString","coordinates":[[22.26811,52.48774],[22.28059,52.48959]]}},{"type":"Feature","properties":{"numer":"4235W","klasa":"droga zbiorcza","kat":"powiatowa"},"geometry":{"type":"LineString","coordinates":[[22.28059,52.48959],[22.28102,52.48952]]}},{"type":"Feature","properties":{"numer":"63","klasa":"droga gĹ‚Ăłwna","kat":"krajowa"},"geometry":{"type":"LineString","coordinates":[[22.28102,52.48952],[22.283,52.49047],[22.28579,52.49228]]}},{"type":"Feature","properties":{"numer":"4235W","klasa":"droga zbiorcza","kat":"powiatowa"},"geometry":{"type":"LineString","coordinates":[[22.30789,52.49608],[22.30572,52.49526],[22.29477,52.49305],[22.29175,52.49273],[22.28579,52.49228]]}},{"type":"Feature","properties":{"numer":"63","klasa":"droga gĹ‚Ăłwna","kat":"krajowa"},"geometry":{"type":"LineString","coordinates":[[22.28579,52.49228],[22.29813,52.49986]]}},{"type":"Feature","properties":{"numer":"3913W","klasa":"","kat":"powiatowa"},"geometry":{"type":"LineString","coordinates":[[22.28298,52.50367],[22.28426,52.50306],[22.28653,52.50238],[22.29813,52.49986]]}},{"type":"Feature","properties":{"numer":"63","klasa":"droga gĹ‚Ăłwna","kat":"krajowa"},"geometry":{"type":"LineString","coordinates":[[22.29813,52.49986],[22.29864,52.50044],[22.30067,52.50369]]}},{"type":"Feature","properties":{"numer":"3913W","klasa":"","kat":"powiatowa"},"geometry":{"type":"LineString","coordinates":[[22.28292,52.50369],[22.28298,52.50367]]}},{"type":"Feature","properties":{"numer":"63","klasa":"droga gĹ‚Ăłwna","kat":"krajowa"},"geometry":{"type":"LineString","coordinates":[[22.30067,52.50369],[22.30078,52.50386]]}},{"type":"Feature","properties":{"numer":"627","klasa":"droga gĹ‚Ăłwna","kat":"wojewodzka"},"geometry":{"type":"LineString","coordinates":[[22.18707,52.48543],[22.18943,52.48303],[22.18982,52.48241],[22.18941,52.47932],[22.18929,52.47914],[22.18882,52.47893],[22.18885,52.47869],[22.19194,52.47519],[22.19291,52.47259],[22.1934,52.47165],[22.19778,52.466],[22.19868,52.46527],[22.20094,52.46438],[22.20186,52.46378],[22.22188,52.44143]]}},{"type":"Feature","properties":{"numer":"4235W","klasa":"droga zbiorcza","kat":"powiatowa"},"geometry":{"type":"LineString","coordinates":[[22.19362,52.48554],[22.19634,52.48579],[22.20545,52.48637],[22.20955,52.48653],[22.21299,52.48655],[22.21625,52.48647],[22.21764,52.48637],[22.22046,52.48595],[22.22336,52.48534],[22.22628,52.48491],[22.23303,52.48444],[22.23588,52.4838],[22.23829,52.48368],[22.2422,52.48309],[22.24463,52.48319],[22.24595,52.48313],[22.24643,52.48315],[22.24876,52.48368],[22.2605,52.48647],[22.26198,52.48688],[22.26376,52.48717],[22.26628,52.48742],[22.26811,52.48774]]}},{"type":"Feature","properties":{"numer":"3913W","klasa":"","kat":"powiatowa"},"geometry":{"type":"LineString","coordinates":[[22.2769,52.50451],[22.25586,52.50777],[22.24491,52.50856],[22.24323,52.50889],[22.23981,52.51032],[22.23549,52.51099],[22.21305,52.51997],[22.21188,52.52041],[22.21044,52.52083]]}},{"type":"Feature","properties":{"numer":"3913W","klasa":"","kat":"powiatowa"},"geometry":{"type":"LineString","coordinates":[[22.21044,52.52083],[22.20929,52.52121],[22.20699,52.52236],[22.20659,52.5234]]}},{"type":"Feature","properties":{"numer":"3913W","klasa":"","kat":"powiatowa"},"geometry":{"type":"LineString","coordinates":[[22.20654,52.52345],[22.20659,52.5234]]}},{"type":"Feature","properties":{"numer":"3912W","klasa":"","kat":"powiatowa"},"geometry":{"type":"LineString","coordinates":[[22.21044,52.52083],[22.21161,52.52205],[22.21217,52.52456],[22.2127,52.52527],[22.21669,52.52897],[22.22443,52.53538],[22.22695,52.53866],[22.22865,52.5396],[22.22962,52.54],[22.23031,52.5404],[22.23091,52.54091],[22.23128,52.54138]]}},{"type":"Feature","properties":{"numer":"3911W","klasa":"","kat":"powiatowa"},"geometry":{"type":"LineString","coordinates":[[22.23377,52.54077],[22.23302,52.54103],[22.23128,52.54138]]}},{"type":"Feature","properties":{"numer":"3911W","klasa":"","kat":"powiatowa"},"geometry":{"type":"LineString","coordinates":[[22.23128,52.54138],[22.2311,52.54142]]}},{"type":"Feature","properties":{"numer":"3912W","klasa":"","kat":"powiatowa"},"geometry":{"type":"LineString","coordinates":[[22.23128,52.54138],[22.23136,52.54164]]}},{"type":"Feature","properties":{"numer":"3912W","klasa":"","kat":"powiatowa"},"geometry":{"type":"LineString","coordinates":[[22.23136,52.54164],[22.2311,52.54142]]}},{"type":"Feature","properties":{"numer":"3917W","klasa":"droga zbiorcza","kat":"powiatowa"},"geometry":{"type":"LineString","coordinates":[[22.36311,52.51236],[22.36123,52.5123],[22.36072,52.51221],[22.34816,52.50845]]}},{"type":"Feature","properties":{"numer":"63","klasa":"droga gĹ‚Ăłwna","kat":"krajowa"},"geometry":{"type":"LineString","coordinates":[[22.30151,52.50503],[22.30878,52.51663],[22.30956,52.5173],[22.3101,52.51762],[22.31415,52.5192],[22.31555,52.51995],[22.31649,52.52066],[22.31718,52.52133],[22.31728,52.52179],[22.31723,52.52203],[22.31695,52.52241]]}},{"type":"Feature","properties":{"numer":"3919W","klasa":"droga zbiorcza","kat":"powiatowa"},"geometry":{"type":"LineString","coordinates":[[22.31695,52.52241],[22.31719,52.52238],[22.32991,52.517],[22.34816,52.50845]]}},{"type":"Feature","properties":{"numer":"63","klasa":"droga gĹ‚Ăłwna","kat":"krajowa"},"geometry":{"type":"LineString","coordinates":[[22.31695,52.52241],[22.31588,52.52318]]}},{"type":"Feature","properties":{"numer":"63","klasa":"droga gĹ‚Ăłwna","kat":"krajowa"},"geometry":{"type":"LineString","coordinates":[[22.31588,52.52318],[22.31551,52.5247],[22.3141,52.52689]]}},{"type":"Feature","properties":{"numer":"63","klasa":"droga gĹ‚Ăłwna","kat":"krajowa"},"geometry":{"type":"LineString","coordinates":[[22.3141,52.52689],[22.31392,52.52717]]}},{"type":"Feature","properties":{"numer":"3908W","klasa":"","kat":"powiatowa"},"geometry":{"type":"LineString","coordinates":[[22.31588,52.52318],[22.32648,52.5283],[22.32724,52.52877],[22.33402,52.54425],[22.33521,52.54575],[22.34128,52.54999]]}},{"type":"Feature","properties":{"numer":"63","klasa":"droga gĹ‚Ăłwna","kat":"krajowa"},"geometry":{"type":"LineString","coordinates":[[22.30882,52.5508],[22.31662,52.53306],[22.31656,52.53262],[22.31634,52.53221],[22.31378,52.52983],[22.31293,52.52872],[22.31293,52.52841],[22.31392,52.52717]]}},{"type":"Feature","properties":{"numer":"3910W","klasa":"","kat":"powiatowa"},"geometry":{"type":"LineString","coordinates":[[22.33784,52.55077],[22.34104,52.55019],[22.34127,52.55008],[22.34128,52.54999]]}},{"type":"Feature","properties":{"numer":"3910W","klasa":"","kat":"powiatowa"},"geometry":{"type":"LineString","coordinates":[[22.33767,52.5508],[22.33784,52.55077]]}},{"type":"Feature","properties":{"numer":"3913W","klasa":"","kat":"powiatowa"},"geometry":{"type":"LineString","coordinates":[[22.28292,52.50369],[22.28161,52.50401],[22.27968,52.50409],[22.2769,52.50451]]}},{"type":"Feature","properties":{"numer":"63","klasa":"droga gĹ‚Ăłwna","kat":"krajowa"},"geometry":{"type":"LineString","coordinates":[[22.30078,52.50386],[22.30151,52.50503]]}},{"type":"Feature","properties":{"numer":"3911W","klasa":"","kat":"powiatowa"},"geometry":{"type":"LineString","coordinates":[[22.2769,52.50451],[22.27671,52.50572],[22.27652,52.50622],[22.27383,52.50809],[22.27155,52.51091],[22.26946,52.51298],[22.26871,52.51343],[22.26725,52.51405],[22.26688,52.5144],[22.26649,52.51535],[22.26605,52.51772],[22.26461,52.52091],[22.26325,52.52273],[22.25719,52.53002],[22.25694,52.53019],[22.25178,52.53234],[22.246,52.53629],[22.23377,52.54077]]}},{"type":"Feature","properties":{"numer":"3912W","klasa":"","kat":"powiatowa"},"geometry":{"type":"LineString","coordinates":[[22.24202,52.55788],[22.24353,52.55795],[22.24815,52.5589],[22.25279,52.56146],[22.25622,52.56309],[22.2823,52.57501],[22.29358,52.58005]]}},{"type":"Feature","properties":{"numer":"63","klasa":"droga gĹ‚Ăłwna","kat":"krajowa"},"geometry":{"type":"LineString","coordinates":[[22.29358,52.58005],[22.29728,52.57677]]}},{"type":"Feature","properties":{"numer":"63","klasa":"droga gĹ‚Ăłwna","kat":"krajowa"},"geometry":{"type":"LineString","coordinates":[[22.29228,52.58113],[22.29358,52.58005]]}},{"type":"Feature","properties":{"numer":"63","klasa":"droga gĹ‚Ăłwna","kat":"krajowa"},"geometry":{"type":"LineString","coordinates":[[22.29228,52.58113],[22.29211,52.58128]]}},{"type":"Feature","properties":{"numer":"63","klasa":"droga gĹ‚Ăłwna","kat":"krajowa"},"geometry":{"type":"LineString","coordinates":[[22.29211,52.58128],[22.2902,52.58289]]}},{"type":"Feature","properties":{"numer":"3906W","klasa":"droga zbiorcza","kat":"powiatowa"},"geometry":{"type":"LineString","coordinates":[[22.2902,52.58289],[22.28602,52.58065],[22.27769,52.57928],[22.27725,52.57927],[22.26773,52.58124],[22.25037,52.58645],[22.2406,52.58806],[22.23968,52.58811],[22.23824,52.58804],[22.23744,52.58811],[22.2199,52.5904]]}},{"type":"Feature","properties":{"numer":"63","klasa":"droga gĹ‚Ăłwna","kat":"krajowa"},"geometry":{"type":"LineString","coordinates":[[22.2902,52.58289],[22.28482,52.58766],[22.2653,52.60675],[22.25312,52.61416],[22.24987,52.61676],[22.23559,52.6253],[22.23208,52.62869],[22.23129,52.62931],[22.22954,52.63008],[22.22764,52.63058]]}},{"type":"Feature","properties":{"numer":"3926W","klasa":"droga zbiorcza","kat":"powiatowa"},"geometry":{"type":"LineString","coordinates":[[22.39847,52.4184],[22.39861,52.4196]]}},{"type":"Feature","properties":{"numer":"3926W,3927W","klasa":"droga zbiorcza","kat":"powiatowa"},"geometry":{"type":"LineString","coordinates":[[22.40365,52.41919],[22.40248,52.41898],[22.39861,52.4196]]}},{"type":"Feature","properties":{"numer":"3927W","klasa":"","kat":"powiatowa"},"geometry":{"type":"LineString","coordinates":[[22.39861,52.4196],[22.39676,52.42003],[22.38995,52.42135],[22.37076,52.42437],[22.36972,52.42468]]}},{"type":"Feature","properties":{"numer":"3926W","klasa":"droga zbiorcza","kat":"powiatowa"},"geometry":{"type":"LineString","coordinates":[[22.43551,52.43845],[22.43018,52.4362],[22.42958,52.43585],[22.42476,52.4316],[22.41261,52.42249],[22.40365,52.41919]]}},{"type":"Feature","properties":{"numer":"3925W","klasa":"","kat":"powiatowa"},"geometry":{"type":"LineString","coordinates":[[22.43551,52.43845],[22.43412,52.4394],[22.43051,52.44141],[22.42973,52.44154],[22.42462,52.4417],[22.40549,52.44204],[22.39208,52.44024],[22.39176,52.4404],[22.39139,52.44144],[22.39098,52.44167],[22.39035,52.44174],[22.38482,52.4415],[22.38499,52.44042],[22.38478,52.44033],[22.38322,52.44022],[22.38278,52.44025],[22.38255,52.44034],[22.38241,52.44081],[22.38225,52.44099],[22.38177,52.441],[22.37959,52.44044],[22.37732,52.44011],[22.37434,52.43998],[22.37311,52.43999],[22.3711,52.43976],[22.37083,52.44013],[22.37085,52.44319],[22.36993,52.44868],[22.36994,52.44952],[22.36926,52.45569],[22.36939,52.45693],[22.36991,52.45862]]}},{"type":"Feature","properties":{"numer":"3921W","klasa":"droga zbiorcza","kat":"powiatowa"},"geometry":{"type":"LineString","coordinates":[[22.36991,52.45862],[22.37317,52.45775],[22.37669,52.45748],[22.39033,52.45953],[22.41477,52.46991],[22.42419,52.47477],[22.42556,52.47493]]}},{"type":"Feature","properties":{"numer":"3919W","klasa":"droga zbiorcza","kat":"powiatowa"},"geometry":{"type":"LineString","coordinates":[[22.34816,52.50845],[22.37763,52.49457],[22.38498,52.49098],[22.38609,52.49039],[22.3886,52.48865],[22.38926,52.48829],[22.39816,52.48494],[22.42158,52.47716],[22.42556,52.47493]]}},{"type":"Feature","properties":{"numer":"3917W","klasa":"droga zbiorcza","kat":"powiatowa"},"geometry":{"type":"LineString","coordinates":[[22.43134,52.52273],[22.41559,52.51308],[22.41462,52.51229],[22.41321,52.5118],[22.41013,52.51165],[22.40818,52.51167],[22.39811,52.51211],[22.38841,52.51134],[22.38412,52.51132],[22.3817,52.51143],[22.37806,52.51173],[22.37553,52.51163],[22.3738,52.51168],[22.36443,52.51233],[22.36311,52.51236]]}},{"type":"Feature","properties":{"numer":"3909W","klasa":"droga zbiorcza","kat":"powiatowa"},"geometry":{"type":"LineString","coordinates":[[22.36822,52.56346],[22.40304,52.54739],[22.40772,52.54505],[22.4082,52.54468],[22.42639,52.52672],[22.43134,52.52273]]}},{"type":"Feature","properties":{"numer":"3908W","klasa":"","kat":"powiatowa"},"geometry":{"type":"LineString","coordinates":[[22.36347,52.56235],[22.36644,52.56426]]}},{"type":"Feature","properties":{"numer":"3922W","klasa":"droga zbiorcza","kat":"powiatowa"},"geometry":{"type":"LineString","coordinates":[[22.44515,52.48127],[22.4454,52.47964],[22.445,52.47931],[22.44233,52.47771],[22.44222,52.47743],[22.44231,52.4768]]}},{"type":"Feature","properties":{"numer":"3922W","klasa":"droga zbiorcza","kat":"powiatowa"},"geometry":{"type":"LineString","coordinates":[[22.44514,52.48134],[22.44515,52.48127]]}},{"type":"Feature","properties":{"numer":"3922W","klasa":"droga zbiorcza","kat":"powiatowa"},"geometry":{"type":"LineString","coordinates":[[22.4447,52.48392],[22.44514,52.48134]]}},{"type":"Feature","properties":{"numer":"3922W","klasa":"droga zbiorcza","kat":"powiatowa"},"geometry":{"type":"LineString","coordinates":[[22.46537,52.50426],[22.4635,52.50237],[22.46101,52.50008],[22.4447,52.48392]]}},{"type":"Feature","properties":{"numer":"3920W","klasa":"","kat":"powiatowa"},"geometry":{"type":"LineString","coordinates":[[22.43194,52.52223],[22.43249,52.51694],[22.43301,52.51484],[22.43251,52.5115],[22.43292,52.504],[22.44158,52.48542],[22.44441,52.48471],[22.44456,52.48454],[22.4447,52.48392]]}},{"type":"Feature","properties":{"numer":"3922W","klasa":"droga zbiorcza","kat":"powiatowa"},"geometry":{"type":"LineString","coordinates":[[22.46541,52.5043],[22.46537,52.50426]]}},{"type":"Feature","properties":{"numer":"3922W","klasa":"droga zbiorcza","kat":"powiatowa"},"geometry":{"type":"LineString","coordinates":[[22.4662,52.50681],[22.46622,52.5052],[22.46541,52.5043]]}},{"type":"Feature","properties":{"numer":"3909W","klasa":"droga zbiorcza","kat":"powiatowa"},"geometry":{"type":"LineString","coordinates":[[22.4662,52.50681],[22.46344,52.50925],[22.46295,52.50987],[22.46282,52.51254],[22.462,52.51366],[22.46065,52.51416],[22.45748,52.51498],[22.45077,52.5191],[22.4485,52.51966],[22.43699,52.52212],[22.43593,52.5222],[22.43194,52.52223]]}},{"type":"Feature","properties":{"numer":"3922W","klasa":"droga zbiorcza","kat":"powiatowa"},"geometry":{"type":"LineString","coordinates":[[22.48629,52.53755],[22.47817,52.52616],[22.47788,52.5253],[22.47767,52.52318],[22.47799,52.52107],[22.47793,52.52071],[22.47694,52.51957],[22.47666,52.51875],[22.47594,52.51768],[22.47541,52.51639],[22.47488,52.51588],[22.47371,52.51517],[22.47234,52.51367],[22.47149,52.51215],[22.46979,52.51041],[22.46695,52.50792],[22.4662,52.50681]]}},{"type":"Feature","properties":{"numer":"3909W","klasa":"droga zbiorcza","kat":"powiatowa"},"geometry":{"type":"LineString","coordinates":[[22.43134,52.52273],[22.43194,52.52223]]}},{"type":"Feature","properties":{"numer":"3917W","klasa":"droga zbiorcza","kat":"powiatowa"},"geometry":{"type":"LineString","coordinates":[[22.43134,52.52273],[22.43207,52.5232],[22.43262,52.52341],[22.45676,52.53008],[22.47435,52.53518],[22.48623,52.53788]]}},{"type":"Feature","properties":{"numer":"3922W","klasa":"droga zbiorcza","kat":"powiatowa"},"geometry":{"type":"LineString","coordinates":[[22.48629,52.53755],[22.48623,52.53788]]}},{"type":"Feature","properties":{"numer":"3922W","klasa":"droga zbiorcza","kat":"powiatowa"},"geometry":{"type":"LineString","coordinates":[[22.48623,52.53788],[22.48582,52.53857],[22.48556,52.53943],[22.48564,52.54055],[22.48582,52.54072],[22.48685,52.54095],[22.48691,52.54111],[22.48593,52.5417],[22.48545,52.54215],[22.4849,52.54287],[22.48474,52.54359],[22.48483,52.54405],[22.48535,52.54515],[22.48505,52.54696],[22.48575,52.54754],[22.4864,52.54787],[22.48677,52.54828],[22.48683,52.54857],[22.48217,52.54989],[22.47357,52.5517],[22.47308,52.55166]]}},{"type":"Feature","properties":{"numer":"3907W","klasa":"","kat":"powiatowa"},"geometry":{"type":"LineString","coordinates":[[22.43161,52.58853],[22.42983,52.5888],[22.42941,52.58898],[22.42878,52.58944],[22.42676,52.58988]]}},{"type":"Feature","properties":{"numer":"3908W,3909W","klasa":"droga zbiorcza","kat":"powiatowa"},"geometry":{"type":"LineString","coordinates":[[22.36644,52.56426],[22.36822,52.56346]]}},{"type":"Feature","properties":{"numer":"3909W","klasa":"droga zbiorcza","kat":"powiatowa"},"geometry":{"type":"LineString","coordinates":[[22.36448,52.56524],[22.36644,52.56426]]}},{"type":"Feature","properties":{"numer":"3909W","klasa":"droga zbiorcza","kat":"powiatowa"},"geometry":{"type":"LineString","coordinates":[[22.36442,52.56527],[22.36448,52.56524]]}},{"type":"Feature","properties":{"numer":"3909W","klasa":"droga zbiorcza","kat":"powiatowa"},"geometry":{"type":"LineString","coordinates":[[22.36373,52.56564],[22.36442,52.56527]]}},{"type":"Feature","properties":{"numer":"3909W","klasa":"droga zbiorcza","kat":"powiatowa"},"geometry":{"type":"LineString","coordinates":[[22.36367,52.56568],[22.36373,52.56564]]}},{"type":"Feature","properties":{"numer":"3908W","klasa":"","kat":"powiatowa"},"geometry":{"type":"LineString","coordinates":[[22.42676,52.58988],[22.42668,52.58954],[22.42677,52.58889],[22.42799,52.58528],[22.42591,52.58187],[22.42501,52.58108],[22.41912,52.57689],[22.41288,52.56888],[22.41114,52.56771],[22.41037,52.56705],[22.40848,52.56598],[22.40476,52.56254],[22.40123,52.55956],[22.39952,52.55773],[22.39843,52.55787],[22.39517,52.55896],[22.38641,52.5635],[22.386,52.56379],[22.38116,52.56855],[22.37002,52.56444],[22.36822,52.56346]]}},{"type":"Feature","properties":{"numer":"3907W","klasa":"","kat":"powiatowa"},"geometry":{"type":"LineString","coordinates":[[22.42676,52.58988],[22.42325,52.59068],[22.41782,52.59355],[22.41657,52.59398],[22.41561,52.5941],[22.41111,52.5944],[22.40803,52.59402],[22.40691,52.59395],[22.40638,52.59438],[22.40498,52.59477],[22.40439,52.59502],[22.40285,52.5961],[22.40254,52.59667],[22.40247,52.59784],[22.40237,52.59803],[22.40026,52.59986]]}},{"type":"Feature","properties":{"numer":"3907W","klasa":"","kat":"powiatowa"},"geometry":{"type":"LineString","coordinates":[[22.40026,52.59986],[22.40012,52.59997]]}},{"type":"Feature","properties":{"numer":"3907W","klasa":"","kat":"powiatowa"},"geometry":{"type":"LineString","coordinates":[[22.40012,52.59997],[22.39977,52.6002],[22.39266,52.60323],[22.39021,52.60367],[22.38902,52.60364],[22.38876,52.60369],[22.38855,52.6038],[22.38827,52.60443],[22.38797,52.60458],[22.38343,52.60395],[22.3802,52.60379],[22.37963,52.60382],[22.37891,52.60398],[22.37849,52.60442],[22.36868,52.60977],[22.36508,52.61185],[22.3539,52.61854],[22.34693,52.61631],[22.34361,52.61492],[22.33805,52.61232],[22.33753,52.61197],[22.33467,52.60953],[22.33276,52.60818]]}},{"type":"Feature","properties":{"numer":"3910W","klasa":"","kat":"powiatowa"},"geometry":{"type":"LineString","coordinates":[[22.33469,52.55135],[22.33767,52.5508]]}},{"type":"Feature","properties":{"numer":"3910W","klasa":"","kat":"powiatowa"},"geometry":{"type":"LineString","coordinates":[[22.33443,52.55141],[22.33469,52.55135]]}},{"type":"Feature","properties":{"numer":"3910W","klasa":"","kat":"powiatowa"},"geometry":{"type":"LineString","coordinates":[[22.30882,52.5508],[22.3304,52.55216],[22.33443,52.55141]]}},{"type":"Feature","properties":{"numer":"3908W","klasa":"","kat":"powiatowa"},"geometry":{"type":"LineString","coordinates":[[22.34128,52.54999],[22.34683,52.55373],[22.35978,52.56024],[22.36117,52.56096],[22.36347,52.56235]]}},{"type":"Feature","properties":{"numer":"63","klasa":"droga gĹ‚Ăłwna","kat":"krajowa"},"geometry":{"type":"LineString","coordinates":[[22.29728,52.57677],[22.30882,52.5508]]}},{"type":"Feature","properties":{"numer":"3909W","klasa":"droga zbiorcza","kat":"powiatowa"},"geometry":{"type":"LineString","coordinates":[[22.35073,52.56691],[22.35203,52.56683],[22.35295,52.56687],[22.3559,52.56731],[22.36058,52.56713],[22.36114,52.567],[22.36367,52.56568]]}},{"type":"Feature","properties":{"numer":"3909W","klasa":"droga zbiorcza","kat":"powiatowa"},"geometry":{"type":"LineString","coordinates":[[22.35053,52.56693],[22.35073,52.56691]]}},{"type":"Feature","properties":{"numer":"3909W","klasa":"droga zbiorcza","kat":"powiatowa"},"geometry":{"type":"LineString","coordinates":[[22.29728,52.57677],[22.34394,52.56766],[22.34503,52.56749],[22.35053,52.56693]]}},{"type":"Feature","properties":{"numer":"3907W","klasa":"","kat":"powiatowa"},"geometry":{"type":"LineString","coordinates":[[22.29358,52.58005],[22.2952,52.58075],[22.29774,52.58145],[22.30222,52.58126],[22.30246,52.58127],[22.30282,52.58143],[22.31955,52.59558],[22.32419,52.59972],[22.32659,52.60186],[22.32803,52.60329],[22.33144,52.60719],[22.33267,52.60812]]}},{"type":"Feature","properties":{"numer":"3907W","klasa":"","kat":"powiatowa"},"geometry":{"type":"LineString","coordinates":[[22.33276,52.60818],[22.33267,52.60812]]}},{"type":"Feature","properties":{"numer":"63","klasa":"droga gĹ‚Ăłwna","kat":"krajowa"},"geometry":{"type":"LineString","coordinates":[[22.24243,52.64289],[22.24346,52.64362],[22.2465,52.64497],[22.28887,52.66219]]}},{"type":"Feature","properties":{"numer":"63","klasa":"droga gĹ‚Ăłwna","kat":"krajowa"},"geometry":{"type":"LineString","coordinates":[[22.28887,52.66219],[22.29132,52.66328],[22.29264,52.66423],[22.29361,52.66538],[22.29415,52.66685]]}},{"type":"Feature","properties":{"numer":"63","klasa":"droga gĹ‚Ăłwna","kat":"krajowa"},"geometry":{"type":"LineString","coordinates":[[22.29418,52.66698],[22.29415,52.66685]]}},{"type":"Feature","properties":{"numer":"63","klasa":"droga gĹ‚Ăłwna","kat":"krajowa"},"geometry":{"type":"LineString","coordinates":[[22.29461178334216,52.6687012984586],[22.29418,52.66698]]}},{"type":"Feature","properties":{"numer":"3904W","klasa":"","kat":"powiatowa"},"geometry":{"type":"LineString","coordinates":[[22.20605,52.66797],[22.20593,52.66785]]}},{"type":"Feature","properties":{"numer":"3904W","klasa":"","kat":"powiatowa"},"geometry":{"type":"LineString","coordinates":[[22.20605,52.66797],[22.21293,52.67321],[22.2132,52.67379],[22.21379,52.67683],[22.21453,52.67885],[22.21465,52.67897],[22.21492,52.67901],[22.21598,52.67876],[22.21943,52.677],[22.22227,52.67596],[22.22503,52.67443],[22.22867,52.6729],[22.23394,52.67184],[22.23689,52.67134],[22.2413,52.66995],[22.24194,52.66987],[22.2432,52.6699],[22.2446,52.66968],[22.24747,52.66946],[22.25421,52.67036],[22.25871,52.66944],[22.25995,52.66905],[22.26047,52.66774],[22.26095,52.66727],[22.26314,52.66653],[22.26721,52.6655],[22.26894,52.66477],[22.27128,52.66349],[22.27449,52.66231],[22.27481,52.66233],[22.2758,52.66288],[22.27651,52.6634],[22.27727,52.66373],[22.28062,52.66427],[22.28137,52.66431],[22.28234,52.66425],[22.28272,52.66413],[22.28326,52.6639],[22.28465,52.66301],[22.28563,52.66268],[22.28887,52.66219]]}}]}