{"type":"FeatureCollection","features":[{"type":"Feature","properties":{"numer":"1470O","klasa":"droga zbiorcza","kat":"powiatowa"},"geometry":{"type":"LineString","coordinates":[[18.02369,50.36226],[18.02455,50.36222],[18.02764,50.3613],[18.02874,50.36107],[18.02975,50.36095],[18.03197,50.36046],[18.03287,50.3602],[18.03399,50.35971],[18.03599,50.35857],[18.03746,50.35786],[18.03877,50.35735],[18.0409,50.35673],[18.04337,50.35588],[18.05046,50.35285],[18.05056,50.35262],[18.04838,50.34515],[18.04844,50.34462],[18.04893,50.34391],[18.049171959449307,50.343225838798496]]}},{"type":"Feature","properties":{"numer":"1810O","klasa":"droga gĹ‚Ăłwna","kat":"powiatowa"},"geometry":{"type":"LineString","coordinates":[[18.008056557377053,50.354033278688526],[18.00807,50.35404]]}},{"type":"Feature","properties":{"numer":"1810O","klasa":"droga zbiorcza","kat":"powiatowa"},"geometry":{"type":"LineString","coordinates":[[18.02341,50.36235],[18.02314,50.36218],[18.02216,50.36192],[18.0176,50.35886],[18.01178,50.35577],[18.00807,50.35404]]}},{"type":"Feature","properties":{"numer":"1470O","klasa":"droga zbiorcza","kat":"powiatowa"},"geometry":{"type":"LineString","coordinates":[[18.02341,50.36235],[18.02369,50.36226]]}},{"type":"Feature","properties":{"numer":"1260O","klasa":"","kat":"powiatowa"},"geometry":{"type":"LineString","coordinates":[[17.949964850047532,50.35557925415169],[17.94845,50.36013],[17.94782,50.36338]]}},{"type":"Feature","properties":{"numer":"1260O","klasa":"","kat":"powiatowa"},"geometry":{"type":"LineString","coordinates":[[17.94782,50.36338],[17.94752,50.36486],[17.94759,50.36582]]}},{"type":"Feature","properties":{"numer":"1464O","klasa":"","kat":"powiatowa"},"geometry":{"type":"LineString","coordinates":[[17.9386,50.37079],[17.93886,50.37063],[17.94158,50.36965],[17.94275,50.36905],[17.94598,50.36704],[17.94718,50.36623],[17.94759,50.36582]]}},{"type":"Feature","properties":{"numer":"1464O","klasa":"","kat":"powiatowa"},"geometry":{"type":"LineString","coordinates":[[17.94759,50.36582],[17.94836,50.36532],[17.94938,50.36554],[17.94993,50.36558],[17.96937,50.36564],[17.9936,50.37042],[17.99974,50.37327],[18.00086,50.37389],[18.00121,50.37422]]}},{"type":"Feature","properties":{"numer":"1210O","klasa":"droga zbiorcza","kat":"powiatowa"},"geometry":{"type":"LineString","coordinates":[[17.9386,50.37079],[17.93797,50.37084],[17.93747,50.37076],[17.93675,50.37032],[17.93636,50.37022]]}},{"type":"Feature","properties":{"numer":"1210O","klasa":"droga zbiorcza","kat":"powiatowa"},"geometry":{"type":"LineString","coordinates":[[17.95266,50.38715],[17.94058,50.37836],[17.94035,50.37795],[17.94036,50.37751],[17.94167,50.37245],[17.9415,50.37229],[17.9396,50.37149],[17.9386,50.37079]]}},{"type":"Feature","properties":{"numer":"1445O","klasa":"","kat":"powiatowa"},"geometry":{"type":"LineString","coordinates":[[17.98824,50.38701],[17.98694,50.38661],[17.9849,50.38636],[17.98411,50.38634],[17.98275,50.38659],[17.98218,50.38657],[17.98089,50.38609],[17.9794,50.38704],[17.97869,50.38733],[17.97825,50.38738],[17.97795,50.38723],[17.97628,50.38538],[17.97494,50.38478],[17.97302,50.3854],[17.97194,50.38501],[17.97065,50.38515],[17.96434,50.38695],[17.95917,50.38761],[17.95836,50.3876],[17.95745,50.38718],[17.95607,50.38678],[17.95299,50.38704]]}},{"type":"Feature","properties":{"numer":"1445O","klasa":"","kat":"powiatowa"},"geometry":{"type":"LineString","coordinates":[[17.95299,50.38704],[17.95266,50.38715]]}},{"type":"Feature","properties":{"numer":"1459O","klasa":"","kat":"powiatowa"},"geometry":{"type":"LineString","coordinates":[[17.916988011879802,50.350754835779185],[17.91698,50.35154],[17.91651,50.35277],[17.91645,50.35332],[17.91741,50.35696],[17.91785,50.35984],[17.91827,50.35987],[17.92003,50.35973],[17.92031,50.35981],[17.92316,50.36259],[17.92318,50.3631],[17.92353,50.36347],[17.93082,50.3678],[17.93143,50.36806],[17.93353,50.36871]]}},{"type":"Feature","properties":{"numer":"1210O","klasa":"droga zbiorcza","kat":"powiatowa"},"geometry":{"type":"LineString","coordinates":[[17.93636,50.37022],[17.93603,50.37027],[17.93481,50.37075],[17.93183,50.37206],[17.92689,50.37272],[17.924746064356434,50.37240471534653]]}},{"type":"Feature","properties":{"numer":"1459O","klasa":"","kat":"powiatowa"},"geometry":{"type":"LineString","coordinates":[[17.93637,50.37012],[17.93427,50.36896],[17.93353,50.36871]]}},{"type":"Feature","properties":{"numer":"1459O","klasa":"","kat":"powiatowa"},"geometry":{"type":"LineString","coordinates":[[17.93637,50.37012],[17.93636,50.37022]]}},{"type":"Feature","properties":{"numer":"1810O","klasa":"droga zbiorcza","kat":"powiatowa"},"geometry":{"type":"LineString","coordinates":[[18.02314,50.3647],[18.02352,50.36449],[18.02358,50.36437],[18.02323,50.36375],[18.02358,50.363],[18.02341,50.36235]]}},{"type":"Feature","properties":{"numer":"1810O","klasa":"droga zbiorcza","kat":"powiatowa"},"geometry":{"type":"LineString","coordinates":[[18.02302,50.36475],[18.02314,50.3647]]}},{"type":"Feature","properties":{"numer":"1810O","klasa":"droga zbiorcza","kat":"powiatowa"},"geometry":{"type":"LineString","coordinates":[[18.01761,50.36726],[18.02302,50.36475]]}},{"type":"Feature","properties":{"numer":"1810O","klasa":"droga zbiorcza","kat":"powiatowa"},"geometry":{"type":"LineString","coordinates":[[18.01747,50.36734],[18.01761,50.36726]]}},{"type":"Feature","properties":{"numer":"1810O","klasa":"droga zbiorcza","kat":"powiatowa"},"geometry":{"type":"LineString","coordinates":[[18.01735,50.36786],[18.01733,50.36755],[18.01747,50.36734]]}},{"type":"Feature","properties":{"numer":"1810O","klasa":"droga zbiorcza","kat":"powiatowa"},"geometry":{"type":"LineString","coordinates":[[18.00875,50.37177],[18.00989,50.37161],[18.0107,50.37131],[18.01654,50.36837],[18.01716,50.36804],[18.01735,50.36786]]}},{"type":"Feature","properties":{"numer":"1810O","klasa":"droga zbiorcza","kat":"powiatowa"},"geometry":{"type":"LineString","coordinates":[[18.0079,50.37199],[18.00875,50.37177]]}},{"type":"Feature","properties":{"numer":"1810O","klasa":"droga zbiorcza","kat":"powiatowa"},"geometry":{"type":"LineString","coordinates":[[18.00121,50.37422],[18.00167,50.37376],[18.00195,50.3736],[18.00495,50.37251],[18.00633,50.37255],[18.0079,50.37199]]}},{"type":"Feature","properties":{"numer":"1408O","klasa":"","kat":"powiatowa"},"geometry":{"type":"LineString","coordinates":[[18.03525,50.37973],[18.03494,50.37948],[18.03427,50.37837],[18.0342,50.37766],[18.03335,50.37646],[18.03303,50.37616],[18.02356,50.37153],[18.023,50.37116],[18.02106,50.37041],[18.0204,50.36998],[18.01886,50.36837],[18.01841,50.36816],[18.01735,50.36786]]}},{"type":"Feature","properties":{"numer":"1810O","klasa":"droga zbiorcza","kat":"powiatowa"},"geometry":{"type":"LineString","coordinates":[[18.00122,50.37565],[18.00095,50.37527],[18.00086,50.37486],[18.00093,50.37454],[18.00121,50.37422]]}},{"type":"Feature","properties":{"numer":"1448O","klasa":"","kat":"powiatowa"},"geometry":{"type":"LineString","coordinates":[[18.04177,50.39246],[18.04168,50.39251]]}},{"type":"Feature","properties":{"numer":"1448O","klasa":"","kat":"powiatowa"},"geometry":{"type":"LineString","coordinates":[[18.04168,50.39251],[18.04159,50.39256]]}},{"type":"Feature","properties":{"numer":"1810O","klasa":"droga zbiorcza","kat":"powiatowa"},"geometry":{"type":"LineString","coordinates":[[18.00137,50.37581],[18.00122,50.37565]]}},{"type":"Feature","properties":{"numer":"1810O","klasa":"droga zbiorcza","kat":"powiatowa"},"geometry":{"type":"LineString","coordinates":[[18.00172,50.37578],[18.00137,50.37581]]}},{"type":"Feature","properties":{"numer":"1465O","klasa":"","kat":"powiatowa"},"geometry":{"type":"LineString","coordinates":[[18.00122,50.37596],[18.00137,50.37581]]}},{"type":"Feature","properties":{"numer":"1408O","klasa":"","kat":"powiatowa"},"geometry":{"type":"LineString","coordinates":[[18.03535,50.37976],[18.03525,50.37973]]}},{"type":"Feature","properties":{"numer":"1408O","klasa":"droga zbiorcza","kat":"powiatowa"},"geometry":{"type":"LineString","coordinates":[[18.03538,50.37978],[18.0358,50.38012],[18.035910351123594,50.380253511235956]]}},{"type":"Feature","properties":{"numer":"1465O","klasa":"","kat":"powiatowa"},"geometry":{"type":"LineString","coordinates":[[17.98824,50.38701],[17.99824,50.37953],[18.00122,50.37596]]}},{"type":"Feature","properties":{"numer":"1810O","klasa":"droga zbiorcza","kat":"powiatowa"},"geometry":{"type":"LineString","coordinates":[[18.00172,50.37578],[18.00288,50.37557],[18.00328,50.37563],[18.00356,50.37579],[18.0141,50.38762],[18.01485,50.38821],[18.01649,50.3892],[18.01889,50.39101],[18.0205,50.39251]]}},{"type":"Feature","properties":{"numer":"1447O","klasa":"droga zbiorcza","kat":"powiatowa"},"geometry":{"type":"LineString","coordinates":[[18.02065,50.39269],[18.0205,50.39251]]}},{"type":"Feature","properties":{"numer":"1447O","klasa":"droga zbiorcza","kat":"powiatowa"},"geometry":{"type":"LineString","coordinates":[[18.02065,50.39269],[18.02007,50.39299]]}},{"type":"Feature","properties":{"numer":"1447O","klasa":"droga zbiorcza","kat":"powiatowa"},"geometry":{"type":"LineString","coordinates":[[18.03439,50.39657],[18.03099,50.39602],[18.02625,50.39475],[18.02081,50.39284],[18.02065,50.39269]]}},{"type":"Feature","properties":{"numer":"1810O","klasa":"droga zbiorcza","kat":"powiatowa"},"geometry":{"type":"LineString","coordinates":[[18.02007,50.39299],[18.01974,50.39325],[18.01789,50.39422],[18.0168,50.39448],[18.01595,50.39486],[18.01498,50.39545],[18.0141,50.39567],[18.01244,50.39584],[18.01152,50.39627],[18.01051,50.39778],[18.00751,50.40015],[18.00724,50.40044],[18.00697,50.40109],[18.00606,50.40592],[18.00551,50.40656],[18.00305,50.40849]]}},{"type":"Feature","properties":{"numer":"1810O","klasa":"droga zbiorcza","kat":"powiatowa"},"geometry":{"type":"LineString","coordinates":[[18.00293,50.40859],[18.00305,50.40849]]}},{"type":"Feature","properties":{"numer":"1810O","klasa":"droga zbiorcza","kat":"powiatowa"},"geometry":{"type":"LineString","coordinates":[[18.00293,50.40859],[18.00205,50.40923],[18.00113,50.40957],[17.9928,50.41123],[17.98701,50.4134],[17.98602,50.41386]]}},{"type":"Feature","properties":{"numer":"45","klasa":"droga gĹ‚Ăłwna ruchu przyĹ›pieszonego","kat":"krajowa"},"geometry":{"type":"LineString","coordinates":[[18.04715,50.412],[18.04158,50.41401],[18.04057,50.41409],[18.03696,50.41395],[18.03585,50.41407],[18.03486,50.41432],[18.03282,50.41504],[18.03001,50.41644],[18.02613,50.41872],[18.01942,50.42127]]}},{"type":"Feature","properties":{"numer":"1210O","klasa":"droga zbiorcza","kat":"powiatowa"},"geometry":{"type":"LineString","coordinates":[[17.98602,50.41386],[17.98648,50.41434],[17.98681,50.41452],[17.9967,50.41708],[17.99819,50.41758],[17.99881,50.41801],[18.00167,50.42082],[18.00655,50.42235],[18.00871,50.42338]]}},{"type":"Feature","properties":{"numer":"1813O","klasa":"droga zbiorcza","kat":"powiatowa"},"geometry":{"type":"LineString","coordinates":[[18.01082,50.42342],[18.0121,50.42374],[18.01339,50.42361],[18.01687,50.42236],[18.01867,50.42154],[18.01942,50.42127]]}},{"type":"Feature","properties":{"numer":"1813O","klasa":"droga zbiorcza","kat":"powiatowa"},"geometry":{"type":"LineString","coordinates":[[18.00871,50.42338],[18.01,50.42322],[18.01074,50.42339]]}},{"type":"Feature","properties":{"numer":"1813O","klasa":"droga zbiorcza","kat":"powiatowa"},"geometry":{"type":"LineString","coordinates":[[18.01074,50.42339],[18.01082,50.42342]]}},{"type":"Feature","properties":{"numer":"45","klasa":"droga gĹ‚Ăłwna ruchu przyĹ›pieszonego","kat":"krajowa"},"geometry":{"type":"LineString","coordinates":[[18.01942,50.42127],[18.01813,50.42202],[18.01752,50.42248],[18.01162,50.4281]]}},{"type":"Feature","properties":{"numer":"416","klasa":"droga gĹ‚Ăłwna","kat":"wojewodzka"},"geometry":{"type":"LineString","coordinates":[[17.89344,50.40743],[17.89237,50.40605],[17.88918,50.4032],[17.88855,50.40199],[17.88438,50.39667],[17.88289,50.39441],[17.88225,50.39361],[17.87972,50.3915],[17.87783,50.39036],[17.877440905359855,50.38999660028892]]}},{"type":"Feature","properties":{"numer":"416","klasa":"droga gĹ‚Ăłwna","kat":"wojewodzka"},"geometry":{"type":"LineString","coordinates":[[17.89348,50.40747],[17.89344,50.40743]]}},{"type":"Feature","properties":{"numer":"416","klasa":"droga gĹ‚Ăłwna","kat":"wojewodzka"},"geometry":{"type":"LineString","coordinates":[[17.89363,50.40768],[17.89348,50.40747]]}},{"type":"Feature","properties":{"numer":"416","klasa":"droga gĹ‚Ăłwna","kat":"wojewodzka"},"geometry":{"type":"LineString","coordinates":[[17.8943,50.4083],[17.89363,50.40768]]}},{"type":"Feature","properties":{"numer":"416","klasa":"droga gĹ‚Ăłwna","kat":"wojewodzka"},"geometry":{"type":"LineString","coordinates":[[17.89547,50.40877],[17.89482,50.40858],[17.8943,50.4083]]}},{"type":"Feature","properties":{"numer":"1811O","klasa":"droga zbiorcza","kat":"powiatowa"},"geometry":{"type":"LineString","coordinates":[[17.89859,50.43403],[17.89906,50.43341],[17.89973,50.43306],[17.90017,50.43253],[17.9003,50.43212],[17.90035,50.43115],[17.89934,50.42823],[17.89693,50.42424],[17.89493,50.41994],[17.89337,50.4093],[17.89347,50.40782],[17.89363,50.40768]]}},{"type":"Feature","properties":{"numer":"416","klasa":"droga gĹ‚Ăłwna","kat":"wojewodzka"},"geometry":{"type":"LineString","coordinates":[[17.95979,50.44529],[17.95807,50.44368],[17.9464,50.43496],[17.9413,50.43046],[17.92759,50.42202],[17.92707,50.42178],[17.92481,50.42135],[17.92114,50.42031],[17.90746,50.41585],[17.90652,50.41533],[17.89773,50.40973],[17.89675,50.4092],[17.89547,50.40877]]}},{"type":"Feature","properties":{"numer":"1837O","klasa":"droga zbiorcza","kat":"powiatowa"},"geometry":{"type":"LineString","coordinates":[[17.85582,50.41603],[17.85608,50.41691],[17.85643,50.41749],[17.85721,50.41807],[17.85833,50.41916],[17.85995,50.42095],[17.86172,50.42243],[17.86744,50.42884],[17.86799,50.42929],[17.87321,50.43264],[17.87683,50.43342],[17.87983,50.43385],[17.88637,50.43718],[17.88775,50.4378],[17.89297,50.44131],[17.89541,50.44736]]}},{"type":"Feature","properties":{"numer":"1448O","klasa":"","kat":"powiatowa"},"geometry":{"type":"LineString","coordinates":[[18.04159,50.39256],[18.03439,50.39657]]}},{"type":"Feature","properties":{"numer":"1447O","klasa":"droga zbiorcza","kat":"powiatowa"},"geometry":{"type":"LineString","coordinates":[[18.04715,50.412],[18.04643,50.41076],[18.04536,50.40936],[18.04403,50.40828],[18.04309,50.40726],[18.04231,50.40592],[18.03672,50.39853],[18.03635,50.39751],[18.03549,50.39698],[18.03439,50.39657]]}},{"type":"Feature","properties":{"numer":"1408O","klasa":"droga zbiorcza","kat":"powiatowa"},"geometry":{"type":"LineString","coordinates":[[18.10542,50.41126],[18.105279043691276,50.41127484883252]]}},{"type":"Feature","properties":{"numer":"45","klasa":"droga gĹ‚Ăłwna ruchu przyĹ›pieszonego","kat":"krajowa"},"geometry":{"type":"LineString","coordinates":[[18.04901,50.41113],[18.05085,50.41025],[18.05235,50.40943],[18.05571588837209,50.40745689302325]]}},{"type":"Feature","properties":{"numer":"45","klasa":"droga gĹ‚Ăłwna ruchu przyĹ›pieszonego","kat":"krajowa"},"geometry":{"type":"LineString","coordinates":[[18.04877,50.41124],[18.04901,50.41113]]}},{"type":"Feature","properties":{"numer":"45","klasa":"droga gĹ‚Ăłwna ruchu przyĹ›pieszonego","kat":"krajowa"},"geometry":{"type":"LineString","coordinates":[[18.04715,50.412],[18.04877,50.41124]]}},{"type":"Feature","properties":{"numer":"1444O","klasa":"","kat":"powiatowa"},"geometry":{"type":"LineString","coordinates":[[18.096,50.43317],[18.09569,50.43293]]}},{"type":"Feature","properties":{"numer":"423","klasa":"droga gĹ‚Ăłwna","kat":"wojewodzka"},"geometry":{"type":"LineString","coordinates":[[18.06963,50.44448],[18.07105,50.4437],[18.0728,50.44289],[18.07426,50.44287],[18.07536,50.443],[18.07587,50.44286],[18.0775,50.44109],[18.07814,50.44011],[18.08141,50.43686],[18.0819,50.4365],[18.08279,50.43607],[18.08693,50.43435],[18.08777,50.43408],[18.0888,50.43392],[18.09332,50.43365],[18.09569,50.43293]]}},{"type":"Feature","properties":{"numer":"1465O","klasa":"","kat":"powiatowa"},"geometry":{"type":"LineString","coordinates":[[17.96904,50.40125],[17.971,50.40109],[17.9737,50.40074],[17.97502,50.40044],[17.97541,50.40011],[17.97554,50.39938],[17.9766,50.39788],[17.97705,50.39749],[17.97771,50.3972],[17.98249,50.3966],[17.98356,50.39656],[17.98436,50.39667],[17.98478,50.39654],[17.98543,50.3941],[17.98722,50.39054],[17.98718,50.39032],[17.98655,50.3896],[17.98655,50.38925],[17.98716,50.3883],[17.98824,50.38701]]}},{"type":"Feature","properties":{"numer":"1210O","klasa":"droga zbiorcza","kat":"powiatowa"},"geometry":{"type":"LineString","coordinates":[[17.96828,50.40125],[17.96718,50.40042],[17.96428,50.39857],[17.95774,50.39471],[17.95623,50.39369],[17.9552,50.39281],[17.95469,50.39226],[17.95438,50.39173],[17.95337,50.38811],[17.95266,50.38715]]}},{"type":"Feature","properties":{"numer":"1465O","klasa":"","kat":"powiatowa"},"geometry":{"type":"LineString","coordinates":[[17.96904,50.40125],[17.96828,50.40125]]}},{"type":"Feature","properties":{"numer":"1465O","klasa":"","kat":"powiatowa"},"geometry":{"type":"LineString","coordinates":[[17.96873,50.40171],[17.96904,50.40125]]}},{"type":"Feature","properties":{"numer":"1210O","klasa":"droga zbiorcza","kat":"powiatowa"},"geometry":{"type":"LineString","coordinates":[[17.96873,50.40171],[17.96828,50.40125]]}},{"type":"Feature","properties":{"numer":"1210O","klasa":"droga zbiorcza","kat":"powiatowa"},"geometry":{"type":"LineString","coordinates":[[17.97995,50.41635],[17.97922,50.41542],[17.97883,50.4151],[17.97481,50.40919],[17.97239,50.40605],[17.96968,50.40293],[17.96873,50.40171]]}},{"type":"Feature","properties":{"numer":"1210O,1810O","klasa":"droga zbiorcza","kat":"powiatowa"},"geometry":{"type":"LineString","coordinates":[[17.98602,50.41386],[17.98503,50.4141],[17.98214,50.41506],[17.98115,50.41591],[17.97995,50.41635]]}},{"type":"Feature","properties":{"numer":"1810O","klasa":"droga zbiorcza","kat":"powiatowa"},"geometry":{"type":"LineString","coordinates":[[17.97943,50.41663],[17.97995,50.41635]]}},{"type":"Feature","properties":{"numer":"1810O","klasa":"droga zbiorcza","kat":"powiatowa"},"geometry":{"type":"LineString","coordinates":[[17.9771,50.4188],[17.97715,50.41817],[17.97753,50.41759],[17.97813,50.41718],[17.97943,50.41663]]}},{"type":"Feature","properties":{"numer":"1810O","klasa":"droga zbiorcza","kat":"powiatowa"},"geometry":{"type":"LineString","coordinates":[[17.96774,50.45237],[17.96946,50.45],[17.97079,50.44726],[17.97469,50.44032],[17.97642,50.43754],[17.97835,50.43481],[17.97849,50.43426],[17.97843,50.43319],[17.97851,50.43275],[17.97957,50.43078],[17.97973,50.43023],[17.98057,50.42665],[17.98088,50.42401],[17.98061,50.42353],[17.97729,50.41927],[17.9771,50.4188]]}},{"type":"Feature","properties":{"numer":"45","klasa":"droga gĹ‚Ăłwna ruchu przyĹ›pieszonego","kat":"krajowa"},"geometry":{"type":"LineString","coordinates":[[18.01162,50.4281],[18.01153,50.42819]]}},{"type":"Feature","properties":{"numer":"1813O","klasa":"droga zbiorcza","kat":"powiatowa"},"geometry":{"type":"LineString","coordinates":[[18.00404,50.43546],[18.00388,50.43447],[18.00357,50.43371],[18.00349,50.43304],[18.00381,50.42782],[18.00457,50.42692],[18.00602,50.42575],[18.00712,50.42444],[18.00771,50.42395],[18.00871,50.42338]]}},{"type":"Feature","properties":{"numer":"45","klasa":"droga gĹ‚Ăłwna ruchu przyĹ›pieszonego","kat":"krajowa"},"geometry":{"type":"LineString","coordinates":[[18.01153,50.42819],[18.00512,50.43432],[18.00423,50.43565]]}},{"type":"Feature","properties":{"numer":"1813O","klasa":"droga zbiorcza","kat":"powiatowa"},"geometry":{"type":"LineString","coordinates":[[18.00404,50.43546],[18.00423,50.43565]]}},{"type":"Feature","properties":{"numer":"1813O","klasa":"droga zbiorcza","kat":"powiatowa"},"geometry":{"type":"LineString","coordinates":[[18.00404,50.43546],[18.00401,50.43604]]}},{"type":"Feature","properties":{"numer":"45","klasa":"droga gĹ‚Ăłwna ruchu przyĹ›pieszonego","kat":"krajowa"},"geometry":{"type":"LineString","coordinates":[[18.00423,50.43565],[18.00401,50.43604]]}},{"type":"Feature","properties":{"numer":"45","klasa":"droga gĹ‚Ăłwna ruchu przyĹ›pieszonego","kat":"krajowa"},"geometry":{"type":"LineString","coordinates":[[18.00401,50.43604],[18.00321,50.43742],[18.00237,50.43821],[17.99986,50.43959],[17.98938,50.4466],[17.98728,50.44812],[17.98682,50.44856],[17.98536,50.45048],[17.98405,50.45258],[17.98061,50.45588]]}},{"type":"Feature","properties":{"numer":"423","klasa":"droga gĹ‚Ăłwna","kat":"wojewodzka"},"geometry":{"type":"LineString","coordinates":[[18.0266,50.46129],[18.02671,50.46124]]}},{"type":"Feature","properties":{"numer":"423","klasa":"droga gĹ‚Ăłwna","kat":"wojewodzka"},"geometry":{"type":"LineString","coordinates":[[18.02426,50.46205],[18.0266,50.46129]]}},{"type":"Feature","properties":{"numer":"423","klasa":"droga gĹ‚Ăłwna","kat":"wojewodzka"},"geometry":{"type":"LineString","coordinates":[[17.99666,50.4762],[17.99865,50.47489],[18.00494,50.4717],[18.01266,50.4659],[18.01381,50.46561],[18.01787,50.46394],[18.02047,50.46305],[18.02426,50.46205]]}},{"type":"Feature","properties":{"numer":"416","klasa":"droga gĹ‚Ăłwna","kat":"wojewodzka"},"geometry":{"type":"LineString","coordinates":[[17.95984,50.44533],[17.95979,50.44529]]}},{"type":"Feature","properties":{"numer":"416","klasa":"droga gĹ‚Ăłwna","kat":"wojewodzka"},"geometry":{"type":"LineString","coordinates":[[17.96774,50.45237],[17.96728,50.45167],[17.96462,50.44861],[17.95984,50.44533]]}},{"type":"Feature","properties":{"numer":"416","klasa":"droga gĹ‚Ăłwna","kat":"wojewodzka"},"geometry":{"type":"LineString","coordinates":[[17.96572,50.46413],[17.96527,50.46363],[17.96488,50.46236],[17.96506,50.4593],[17.96542,50.4584],[17.96736,50.45579],[17.96763,50.45526],[17.96788,50.45404],[17.96774,50.45237]]}},{"type":"Feature","properties":{"numer":"1814O","klasa":"","kat":"powiatowa"},"geometry":{"type":"LineString","coordinates":[[17.96572,50.46413],[17.96599,50.46351],[17.96632,50.46327],[17.9684,50.46257],[17.9707,50.46195],[17.97225,50.46165],[17.97457,50.46084],[17.97609,50.45912],[17.97787,50.45756],[17.98026,50.45589],[17.98061,50.45588]]}},{"type":"Feature","properties":{"numer":"45","klasa":"droga gĹ‚Ăłwna ruchu przyĹ›pieszonego","kat":"krajowa"},"geometry":{"type":"LineString","coordinates":[[17.98061,50.45588],[17.97988,50.45706],[17.97856,50.4607],[17.97784,50.46165],[17.97717,50.46226],[17.97602,50.46284],[17.97475,50.46331],[17.96634,50.46532]]}},{"type":"Feature","properties":{"numer":"416","klasa":"droga gĹ‚Ăłwna","kat":"wojewodzka"},"geometry":{"type":"LineString","coordinates":[[17.96621,50.46474],[17.96606,50.46444],[17.96572,50.46413]]}},{"type":"Feature","properties":{"numer":"416","klasa":"droga gĹ‚Ăłwna","kat":"wojewodzka"},"geometry":{"type":"LineString","coordinates":[[17.96621,50.46474],[17.96634,50.46532]]}},{"type":"Feature","properties":{"numer":"45","klasa":"droga gĹ‚Ăłwna ruchu przyĹ›pieszonego","kat":"krajowa"},"geometry":{"type":"LineString","coordinates":[[17.96634,50.46532],[17.96481,50.46572]]}},{"type":"Feature","properties":{"numer":"45","klasa":"droga gĹ‚Ăłwna ruchu przyĹ›pieszonego","kat":"krajowa"},"geometry":{"type":"LineString","coordinates":[[17.96425,50.46587],[17.96481,50.46572]]}},{"type":"Feature","properties":{"numer":"45","klasa":"droga gĹ‚Ăłwna ruchu przyĹ›pieszonego","kat":"krajowa"},"geometry":{"type":"LineString","coordinates":[[17.96425,50.46587],[17.96371,50.46602]]}},{"type":"Feature","properties":{"numer":"45","klasa":"droga gĹ‚Ăłwna ruchu przyĹ›pieszonego","kat":"krajowa"},"geometry":{"type":"LineString","coordinates":[[17.96371,50.46602],[17.96231,50.4664]]}},{"type":"Feature","properties":{"numer":"45","klasa":"droga gĹ‚Ăłwna ruchu przyĹ›pieszonego","kat":"krajowa"},"geometry":{"type":"LineString","coordinates":[[17.96231,50.4664],[17.96217,50.46644]]}},{"type":"Feature","properties":{"numer":"45","klasa":"droga gĹ‚Ăłwna ruchu przyĹ›pieszonego","kat":"krajowa"},"geometry":{"type":"LineString","coordinates":[[17.96217,50.46644],[17.959,50.46726],[17.95438,50.46829]]}},{"type":"Feature","properties":{"numer":"106379O","klasa":"droga zbiorcza","kat":"powiatowa"},"geometry":{"type":"LineString","coordinates":[[17.96414,50.46896],[17.96435,50.46744],[17.96371,50.46602]]}},{"type":"Feature","properties":{"numer":"409","klasa":"droga gĹ‚Ăłwna","kat":"wojewodzka"},"geometry":{"type":"LineString","coordinates":[[17.95298,50.46823],[17.95353,50.46854]]}},{"type":"Feature","properties":{"numer":"45","klasa":"droga gĹ‚Ăłwna ruchu przyĹ›pieszonego","kat":"krajowa"},"geometry":{"type":"LineString","coordinates":[[17.95438,50.46829],[17.95353,50.46854]]}},{"type":"Feature","properties":{"numer":"409","klasa":"droga gĹ‚Ăłwna","kat":"wojewodzka"},"geometry":{"type":"LineString","coordinates":[[17.95422,50.46891],[17.95353,50.46854]]}},{"type":"Feature","properties":{"numer":"45","klasa":"droga gĹ‚Ăłwna ruchu przyĹ›pieszonego","kat":"krajowa"},"geometry":{"type":"LineString","coordinates":[[17.95353,50.46854],[17.95237,50.46897]]}},{"type":"Feature","properties":{"numer":"106379O","klasa":"droga zbiorcza","kat":"powiatowa"},"geometry":{"type":"LineString","coordinates":[[17.96406,50.4695],[17.96414,50.46896]]}},{"type":"Feature","properties":{"numer":"106379O","klasa":"droga zbiorcza","kat":"powiatowa"},"geometry":{"type":"LineString","coordinates":[[17.9641,50.47017],[17.96406,50.4695]]}},{"type":"Feature","properties":{"numer":"1269O","klasa":"","kat":"powiatowa"},"geometry":{"type":"LineString","coordinates":[[17.829098815982515,50.39753861580725],[17.831443303921716,50.39685100980388]]}},{"type":"Feature","properties":{"numer":"1269O","klasa":"","kat":"powiatowa"},"geometry":{"type":"LineString","coordinates":[[17.831909469767435,50.39672299534884],[17.83202,50.39674],[17.83227,50.3971],[17.83244,50.39716],[17.83315,50.39705],[17.83439,50.397],[17.834703660062566,50.397028651640326]]}},{"type":"Feature","properties":{"numer":"409","klasa":"droga gĹ‚Ăłwna","kat":"wojewodzka"},"geometry":{"type":"LineString","coordinates":[[17.751543688085878,50.433611869128505],[17.752003155299914,50.43377857847165]]}},{"type":"Feature","properties":{"numer":"409","klasa":"droga gĹ‚Ăłwna","kat":"wojewodzka"},"geometry":{"type":"LineString","coordinates":[[17.75584571428573,50.434483047619054],[17.75625,50.43451],[17.76064,50.43453]]}},{"type":"Feature","properties":{"numer":"409","klasa":"droga gĹ‚Ăłwna","kat":"wojewodzka"},"geometry":{"type":"LineString","coordinates":[[17.76064,50.43453],[17.7614,50.43454]]}},{"type":"Feature","properties":{"numer":"1255O","klasa":"","kat":"powiatowa"},"geometry":{"type":"LineString","coordinates":[[17.83688,50.42336],[17.836820153084513,50.42331297742355]]}},{"type":"Feature","properties":{"numer":"1837O","klasa":"droga zbiorcza","kat":"powiatowa"},"geometry":{"type":"LineString","coordinates":[[17.866677379679142,50.40905445855615],[17.86645,50.40936],[17.86647,50.41128],[17.86636,50.41148],[17.86328,50.41276],[17.86131,50.4137]]}},{"type":"Feature","properties":{"numer":"1837O","klasa":"droga zbiorcza","kat":"powiatowa"},"geometry":{"type":"LineString","coordinates":[[17.86131,50.4137],[17.86121,50.41374]]}},{"type":"Feature","properties":{"numer":"1837O","klasa":"droga zbiorcza","kat":"powiatowa"},"geometry":{"type":"LineString","coordinates":[[17.86121,50.41374],[17.8569,50.41548],[17.85594,50.41567],[17.85583,50.41576],[17.85582,50.41603]]}},{"type":"Feature","properties":{"numer":"1255O","klasa":"","kat":"powiatowa"},"geometry":{"type":"LineString","coordinates":[[17.85582,50.41603],[17.85526,50.41579],[17.85497,50.41579],[17.8535,50.41648],[17.84716,50.41891],[17.84683,50.41912],[17.84624,50.41974],[17.84187,50.42141]]}},{"type":"Feature","properties":{"numer":"1207O","klasa":"droga zbiorcza","kat":"powiatowa"},"geometry":{"type":"LineString","coordinates":[[17.80550689988508,50.408885186912734],[17.80677,50.41534],[17.80698,50.41587],[17.80794,50.41731],[17.80787,50.41844],[17.80843,50.42079],[17.81087,50.42476],[17.81106,50.42544],[17.8109,50.42632],[17.80754,50.43783],[17.80747,50.43964],[17.8065,50.4421],[17.80614,50.44272]]}},{"type":"Feature","properties":{"numer":"106434O,1255O","klasa":"","kat":"powiatowa"},"geometry":{"type":"LineString","coordinates":[[17.84187,50.42141],[17.84104,50.42172]]}},{"type":"Feature","properties":{"numer":"106434O,1255O","klasa":"","kat":"powiatowa"},"geometry":{"type":"LineString","coordinates":[[17.84104,50.42172],[17.83688,50.42336]]}},{"type":"Feature","properties":{"numer":"409","klasa":"droga gĹ‚Ăłwna","kat":"wojewodzka"},"geometry":{"type":"LineString","coordinates":[[17.7614,50.43454],[17.7669,50.43457]]}},{"type":"Feature","properties":{"numer":"106455O","klasa":"droga lokalna","kat":"powiatowa"},"geometry":{"type":"LineString","coordinates":[[17.76594,50.43589],[17.7669,50.43457]]}},{"type":"Feature","properties":{"numer":"409","klasa":"droga gĹ‚Ăłwna","kat":"wojewodzka"},"geometry":{"type":"LineString","coordinates":[[17.7669,50.43457],[17.76845,50.43458],[17.76972,50.43474],[17.77483,50.43608]]}},{"type":"Feature","properties":{"numer":"409","klasa":"droga gĹ‚Ăłwna","kat":"wojewodzka"},"geometry":{"type":"LineString","coordinates":[[17.77483,50.43608],[17.77561,50.43628]]}},{"type":"Feature","properties":{"numer":"106455O","klasa":"droga lokalna","kat":"powiatowa"},"geometry":{"type":"LineString","coordinates":[[17.76656,50.43712],[17.76593,50.43606],[17.76594,50.43589]]}},{"type":"Feature","properties":{"numer":"106406O","klasa":"droga lokalna","kat":"powiatowa"},"geometry":{"type":"LineString","coordinates":[[17.76656,50.43712],[17.76542,50.43797],[17.76533,50.43818]]}},{"type":"Feature","properties":{"numer":"106406O","klasa":"droga lokalna","kat":"powiatowa"},"geometry":{"type":"LineString","coordinates":[[17.76516,50.43851],[17.76533,50.43818]]}},{"type":"Feature","properties":{"numer":"409","klasa":"droga gĹ‚Ăłwna","kat":"wojewodzka"},"geometry":{"type":"LineString","coordinates":[[17.77561,50.43628],[17.79155,50.4405],[17.79445,50.44082],[17.79621,50.44074]]}},{"type":"Feature","properties":{"numer":"106406O","klasa":"droga lokalna","kat":"powiatowa"},"geometry":{"type":"LineString","coordinates":[[17.76499,50.43876],[17.76516,50.43851]]}},{"type":"Feature","properties":{"numer":"106406O","klasa":"droga lokalna","kat":"powiatowa"},"geometry":{"type":"LineString","coordinates":[[17.76499,50.43876],[17.76301,50.43856]]}},{"type":"Feature","properties":{"numer":"106406O","klasa":"droga lokalna","kat":"powiatowa"},"geometry":{"type":"LineString","coordinates":[[17.76301,50.43856],[17.76212,50.43906]]}},{"type":"Feature","properties":{"numer":"409","klasa":"droga gĹ‚Ăłwna","kat":"wojewodzka"},"geometry":{"type":"LineString","coordinates":[[17.79621,50.44074],[17.79631,50.44073]]}},{"type":"Feature","properties":{"numer":"106406O","klasa":"droga lokalna","kat":"powiatowa"},"geometry":{"type":"LineString","coordinates":[[17.76212,50.43906],[17.76178,50.43927],[17.758525744680842,50.440566808510646]]}},{"type":"Feature","properties":{"numer":"106406O","klasa":"droga lokalna","kat":"powiatowa"},"geometry":{"type":"LineString","coordinates":[[17.756192857142906,50.44186285714283],[17.755214185542286,50.442477371868804]]}},{"type":"Feature","properties":{"numer":"409","klasa":"droga gĹ‚Ăłwna","kat":"wojewodzka"},"geometry":{"type":"LineString","coordinates":[[17.79631,50.44073],[17.79884,50.44063],[17.80145,50.44162]]}},{"type":"Feature","properties":{"numer":"409","klasa":"droga gĹ‚Ăłwna","kat":"wojewodzka"},"geometry":{"type":"LineString","coordinates":[[17.80145,50.44162],[17.80153,50.44165]]}},{"type":"Feature","properties":{"numer":"409","klasa":"droga gĹ‚Ăłwna","kat":"wojewodzka"},"geometry":{"type":"LineString","coordinates":[[17.80153,50.44165],[17.80338,50.44201],[17.80449,50.4425]]}},{"type":"Feature","properties":{"numer":"1207O,409","klasa":"droga gĹ‚Ăłwna","kat":"powiatowa"},"geometry":{"type":"LineString","coordinates":[[17.80449,50.4425],[17.80495,50.44254],[17.80597,50.44293]]}},{"type":"Feature","properties":{"numer":"1207O","klasa":"droga zbiorcza","kat":"powiatowa"},"geometry":{"type":"LineString","coordinates":[[17.80333,50.44424],[17.80449,50.4425]]}},{"type":"Feature","properties":{"numer":"","klasa":"droga wewnÄ™trzna","kat":"gminna"},"geometry":{"type":"LineString","coordinates":[[17.85716,50.43282],[17.85643,50.43525]]}},{"type":"Feature","properties":{"numer":"","klasa":"droga wewnÄ™trzna","kat":"gminna"},"geometry":{"type":"LineString","coordinates":[[17.85643,50.43525],[17.8561,50.43638]]}},{"type":"Feature","properties":{"numer":"","klasa":"droga wewnÄ™trzna","kat":"gminna"},"geometry":{"type":"LineString","coordinates":[[17.8561,50.43638],[17.85468,50.44117]]}},{"type":"Feature","properties":{"numer":"1207O","klasa":"droga zbiorcza","kat":"powiatowa"},"geometry":{"type":"LineString","coordinates":[[17.80597,50.44293],[17.80614,50.44272]]}},{"type":"Feature","properties":{"numer":"","klasa":"droga wewnÄ™trzna","kat":"gminna"},"geometry":{"type":"LineString","coordinates":[[17.85468,50.44117],[17.85339,50.44549]]}},{"type":"Feature","properties":{"numer":"","klasa":"droga wewnÄ™trzna","kat":"gminna"},"geometry":{"type":"LineString","coordinates":[[17.85339,50.44549],[17.85337,50.44556]]}},{"type":"Feature","properties":{"numer":"","klasa":"droga wewnÄ™trzna","kat":"gminna"},"geometry":{"type":"LineString","coordinates":[[17.85337,50.44556],[17.85271,50.44776]]}},{"type":"Feature","properties":{"numer":"","klasa":"droga wewnÄ™trzna","kat":"gminna"},"geometry":{"type":"LineString","coordinates":[[17.85271,50.44776],[17.85251,50.44845]]}},{"type":"Feature","properties":{"numer":"","klasa":"droga wewnÄ™trzna","kat":"gminna"},"geometry":{"type":"LineString","coordinates":[[17.86936,50.44862],[17.86674,50.45002]]}},{"type":"Feature","properties":{"numer":"","klasa":"droga wewnÄ™trzna","kat":"gminna"},"geometry":{"type":"LineString","coordinates":[[17.85251,50.44845],[17.85189,50.45053]]}},{"type":"Feature","properties":{"numer":"409","klasa":"droga gĹ‚Ăłwna","kat":"wojewodzka"},"geometry":{"type":"LineString","coordinates":[[17.80597,50.44293],[17.80872,50.44407],[17.81085,50.44546],[17.81255,50.44623],[17.81428,50.44678],[17.84231,50.455],[17.84333,50.4552],[17.84436,50.45528],[17.84588,50.45524],[17.84699,50.45501],[17.84796,50.45518],[17.84856,50.45546],[17.85011,50.45656]]}},{"type":"Feature","properties":{"numer":"","klasa":"droga wewnÄ™trzna","kat":"gminna"},"geometry":{"type":"LineString","coordinates":[[17.86674,50.45002],[17.8625,50.45228]]}},{"type":"Feature","properties":{"numer":"","klasa":"droga wewnÄ™trzna","kat":"gminna"},"geometry":{"type":"LineString","coordinates":[[17.85189,50.45053],[17.85143,50.45213]]}},{"type":"Feature","properties":{"numer":"","klasa":"droga wewnÄ™trzna","kat":"gminna"},"geometry":{"type":"LineString","coordinates":[[17.8625,50.45228],[17.85993,50.45365]]}},{"type":"Feature","properties":{"numer":"","klasa":"droga wewnÄ™trzna","kat":"gminna"},"geometry":{"type":"LineString","coordinates":[[17.85143,50.45213],[17.85091,50.45387]]}},{"type":"Feature","properties":{"numer":"","klasa":"droga wewnÄ™trzna","kat":"gminna"},"geometry":{"type":"LineString","coordinates":[[17.85993,50.45365],[17.85751,50.45494]]}},{"type":"Feature","properties":{"numer":"106459O","klasa":"droga dojazdowa","kat":"powiatowa"},"geometry":{"type":"LineString","coordinates":[[17.85091,50.45387],[17.85044,50.45547]]}},{"type":"Feature","properties":{"numer":"106458O","klasa":"droga lokalna","kat":"powiatowa"},"geometry":{"type":"LineString","coordinates":[[17.85751,50.45494],[17.85707,50.45516]]}},{"type":"Feature","properties":{"numer":"106459O","klasa":"droga dojazdowa","kat":"powiatowa"},"geometry":{"type":"LineString","coordinates":[[17.85024,50.45611],[17.85044,50.45547]]}},{"type":"Feature","properties":{"numer":"106458O","klasa":"droga lokalna","kat":"powiatowa"},"geometry":{"type":"LineString","coordinates":[[17.85707,50.45516],[17.8547,50.45643],[17.85416,50.45679]]}},{"type":"Feature","properties":{"numer":"423","klasa":"droga gĹ‚Ăłwna","kat":"wojewodzka"},"geometry":{"type":"LineString","coordinates":[[18.02671,50.46124],[18.02753,50.46094],[18.02859,50.46087],[18.03625,50.45898],[18.03845,50.45783],[18.04319,50.45578],[18.04691,50.45459],[18.05159,50.4525],[18.05509,50.4514],[18.06191,50.44754],[18.06366,50.44692],[18.06841,50.44491],[18.06963,50.44448]]}},{"type":"Feature","properties":{"numer":"1443O","klasa":"","kat":"powiatowa"},"geometry":{"type":"LineString","coordinates":[[18.06963,50.44448],[18.07009,50.4449],[18.0708,50.44533],[18.07373,50.44683],[18.07385,50.44697],[18.07375,50.44765],[18.07385,50.44798],[18.07443,50.44845],[18.07525,50.44873],[18.0756,50.44893],[18.07556,50.45021],[18.0745,50.45175],[18.07428,50.45549],[18.07466,50.45616],[18.07545,50.45695],[18.07581,50.4578],[18.07627,50.45844],[18.07972,50.46253],[18.08001,50.46262],[18.08668,50.46236],[18.0935,50.46296],[18.09721,50.46302],[18.10052,50.46322]]}},{"type":"Feature","properties":{"numer":"1454O","klasa":"","kat":"powiatowa"},"geometry":{"type":"LineString","coordinates":[[18.08959,50.47787],[18.08997,50.47707],[18.09065,50.47647],[18.09112,50.47621],[18.09325,50.47539],[18.09646,50.47308],[18.09693,50.47285],[18.09845,50.47235],[18.09871,50.47217],[18.09865,50.46863],[18.09931,50.46718],[18.10022,50.46622],[18.10047,50.46519],[18.10028,50.46385],[18.10052,50.46322]]}},{"type":"Feature","properties":{"numer":"1454O","klasa":"","kat":"powiatowa"},"geometry":{"type":"LineString","coordinates":[[18.08949,50.47815],[18.08959,50.47787]]}},{"type":"Feature","properties":{"numer":"1454O","klasa":"","kat":"powiatowa"},"geometry":{"type":"LineString","coordinates":[[18.0894,50.47841],[18.08949,50.47815]]}},{"type":"Feature","properties":{"numer":"A4,E40","klasa":"autostrada","kat":"krajowa"},"geometry":{"type":"LineString","coordinates":[[18.03549,50.48345],[18.03911,50.48357],[18.04274,50.48348],[18.04675,50.48315],[18.04965,50.48276],[18.05353,50.48202],[18.06621,50.47886],[18.06916,50.4783],[18.0727,50.47782],[18.07659,50.47752],[18.08103,50.47745],[18.08514,50.47765],[18.08949,50.47815]]}},{"type":"Feature","properties":{"numer":"1454O","klasa":"","kat":"powiatowa"},"geometry":{"type":"LineString","coordinates":[[18.08339,50.49192],[18.08438,50.49012],[18.08512,50.48818],[18.08581,50.48506],[18.08509,50.48274],[18.0845,50.4816],[18.08523,50.48126],[18.08622,50.48096],[18.08825,50.47988],[18.08896,50.47929],[18.0894,50.47841]]}},{"type":"Feature","properties":{"numer":"409","klasa":"droga gĹ‚Ăłwna","kat":"wojewodzka"},"geometry":{"type":"LineString","coordinates":[[18.0796,50.4917],[18.0759,50.49157],[18.07444,50.49137],[18.06196,50.48772],[18.06088,50.48748],[18.03595,50.48535],[18.03364,50.485]]}},{"type":"Feature","properties":{"numer":"409","klasa":"droga gĹ‚Ăłwna","kat":"wojewodzka"},"geometry":{"type":"LineString","coordinates":[[18.08058,50.49174],[18.0796,50.4917]]}},{"type":"Feature","properties":{"numer":"409","klasa":"droga gĹ‚Ăłwna","kat":"wojewodzka"},"geometry":{"type":"LineString","coordinates":[[18.08058,50.49174],[18.08258,50.49181],[18.08339,50.49192]]}},{"type":"Feature","properties":{"numer":"106379O","klasa":"droga zbiorcza","kat":"powiatowa"},"geometry":{"type":"LineString","coordinates":[[17.96443,50.47068],[17.9641,50.47017]]}},{"type":"Feature","properties":{"numer":"45","klasa":"droga gĹ‚Ăłwna ruchu przyĹ›pieszonego","kat":"krajowa"},"geometry":{"type":"LineString","coordinates":[[17.95237,50.46897],[17.94333,50.4724]]}},{"type":"Feature","properties":{"numer":"106379O","klasa":"droga zbiorcza","kat":"powiatowa"},"geometry":{"type":"LineString","coordinates":[[17.96448,50.47076],[17.96443,50.47068]]}},{"type":"Feature","properties":{"numer":"409","klasa":"droga gĹ‚Ăłwna","kat":"wojewodzka"},"geometry":{"type":"LineString","coordinates":[[17.96371,50.47336],[17.95712,50.47035],[17.95422,50.46891]]}},{"type":"Feature","properties":{"numer":"106379O","klasa":"droga zbiorcza","kat":"powiatowa"},"geometry":{"type":"LineString","coordinates":[[17.96444,50.47195],[17.96454,50.47133],[17.96448,50.47076]]}},{"type":"Feature","properties":{"numer":"106379O","klasa":"droga zbiorcza","kat":"powiatowa"},"geometry":{"type":"LineString","coordinates":[[17.96399,50.47295],[17.96444,50.47195]]}},{"type":"Feature","properties":{"numer":"45","klasa":"droga gĹ‚Ăłwna ruchu przyĹ›pieszonego","kat":"krajowa"},"geometry":{"type":"LineString","coordinates":[[17.94301,50.47252],[17.94333,50.4724]]}},{"type":"Feature","properties":{"numer":"106379O","klasa":"droga zbiorcza","kat":"powiatowa"},"geometry":{"type":"LineString","coordinates":[[17.96371,50.47336],[17.96399,50.47295]]}},{"type":"Feature","properties":{"numer":"409","klasa":"droga gĹ‚Ăłwna","kat":"wojewodzka"},"geometry":{"type":"LineString","coordinates":[[17.9657,50.47544],[17.96533,50.47513],[17.96507,50.47475],[17.96498,50.47412],[17.96371,50.47336]]}},{"type":"Feature","properties":{"numer":"409","klasa":"droga gĹ‚Ăłwna","kat":"wojewodzka"},"geometry":{"type":"LineString","coordinates":[[17.96613,50.47577],[17.9657,50.47544]]}},{"type":"Feature","properties":{"numer":"1826O","klasa":"droga zbiorcza","kat":"powiatowa"},"geometry":{"type":"LineString","coordinates":[[18.02426,50.46205],[18.02522,50.46291],[18.02533,50.46319],[18.02493,50.46791],[18.02513,50.46955],[18.02494,50.47388],[18.02552,50.47669],[18.02597,50.47732],[18.02641,50.47766],[18.02797,50.47827],[18.03082,50.47909],[18.03218,50.47958],[18.03517,50.48146],[18.03556,50.48177],[18.03583,50.48222],[18.03549,50.48345]]}},{"type":"Feature","properties":{"numer":"106378O","klasa":"droga zbiorcza","kat":"powiatowa"},"geometry":{"type":"LineString","coordinates":[[17.99001,50.47792],[17.99536,50.4761],[17.99601,50.47596]]}},{"type":"Feature","properties":{"numer":"106378O","klasa":"droga zbiorcza","kat":"powiatowa"},"geometry":{"type":"LineString","coordinates":[[17.98961,50.47806],[17.99001,50.47792]]}},{"type":"Feature","properties":{"numer":"106378O","klasa":"droga zbiorcza","kat":"powiatowa"},"geometry":{"type":"LineString","coordinates":[[17.98945,50.47811],[17.98961,50.47806]]}},{"type":"Feature","properties":{"numer":"106378O","klasa":"droga zbiorcza","kat":"powiatowa"},"geometry":{"type":"LineString","coordinates":[[17.98888,50.47831],[17.98945,50.47811]]}},{"type":"Feature","properties":{"numer":"423","klasa":"droga gĹ‚Ăłwna","kat":"wojewodzka"},"geometry":{"type":"LineString","coordinates":[[17.99666,50.4762],[17.99547,50.47733],[17.99284,50.48034]]}},{"type":"Feature","properties":{"numer":"106378O","klasa":"droga zbiorcza","kat":"powiatowa"},"geometry":{"type":"LineString","coordinates":[[17.98825,50.47852],[17.98888,50.47831]]}},{"type":"Feature","properties":{"numer":"106378O","klasa":"droga zbiorcza","kat":"powiatowa"},"geometry":{"type":"LineString","coordinates":[[17.9867,50.47905],[17.98825,50.47852]]}},{"type":"Feature","properties":{"numer":"423","klasa":"droga gĹ‚Ăłwna","kat":"wojewodzka"},"geometry":{"type":"LineString","coordinates":[[17.99284,50.48034],[17.99177,50.48157]]}},{"type":"Feature","properties":{"numer":"423","klasa":"droga gĹ‚Ăłwna","kat":"wojewodzka"},"geometry":{"type":"LineString","coordinates":[[17.99215,50.48175],[17.99177,50.48157]]}},{"type":"Feature","properties":{"numer":"409","klasa":"droga gĹ‚Ăłwna","kat":"wojewodzka"},"geometry":{"type":"LineString","coordinates":[[17.96711,50.47597],[17.96613,50.47577]]}},{"type":"Feature","properties":{"numer":"415","klasa":"droga gĹ‚Ăłwna","kat":"wojewodzka"},"geometry":{"type":"LineString","coordinates":[[17.96602,50.47627],[17.96613,50.47577]]}},{"type":"Feature","properties":{"numer":"409","klasa":"droga gĹ‚Ăłwna","kat":"wojewodzka"},"geometry":{"type":"LineString","coordinates":[[17.96888,50.47628],[17.9685,50.47612],[17.96711,50.47597]]}},{"type":"Feature","properties":{"numer":"409","klasa":"droga gĹ‚Ăłwna","kat":"wojewodzka"},"geometry":{"type":"LineString","coordinates":[[17.97015,50.47717],[17.96888,50.47628]]}},{"type":"Feature","properties":{"numer":"415","klasa":"droga gĹ‚Ăłwna","kat":"wojewodzka"},"geometry":{"type":"LineString","coordinates":[[17.95987,50.48183],[17.96048,50.48166],[17.96183,50.48096],[17.96242,50.48061],[17.96353,50.47974],[17.96563,50.4776],[17.96594,50.47679],[17.96602,50.47627]]}},{"type":"Feature","properties":{"numer":"106378O","klasa":"droga zbiorcza","kat":"powiatowa"},"geometry":{"type":"LineString","coordinates":[[17.98567,50.4794],[17.9867,50.47905]]}},{"type":"Feature","properties":{"numer":"106378O","klasa":"droga zbiorcza","kat":"powiatowa"},"geometry":{"type":"LineString","coordinates":[[17.9847,50.47974],[17.98567,50.4794]]}},{"type":"Feature","properties":{"numer":"106378O","klasa":"droga zbiorcza","kat":"powiatowa"},"geometry":{"type":"LineString","coordinates":[[17.98416,50.47992],[17.9847,50.47974]]}},{"type":"Feature","properties":{"numer":"409","klasa":"droga gĹ‚Ăłwna","kat":"wojewodzka"},"geometry":{"type":"LineString","coordinates":[[17.97557,50.48252],[17.97461,50.48101],[17.97015,50.47717]]}},{"type":"Feature","properties":{"numer":"106378O","klasa":"droga zbiorcza","kat":"powiatowa"},"geometry":{"type":"LineString","coordinates":[[17.98307,50.48029],[17.98416,50.47992]]}},{"type":"Feature","properties":{"numer":"106378O","klasa":"droga zbiorcza","kat":"powiatowa"},"geometry":{"type":"LineString","coordinates":[[17.98039,50.4812],[17.98307,50.48029]]}},{"type":"Feature","properties":{"numer":"106378O","klasa":"droga zbiorcza","kat":"powiatowa"},"geometry":{"type":"LineString","coordinates":[[17.98027,50.48124],[17.98039,50.4812]]}},{"type":"Feature","properties":{"numer":"106378O","klasa":"droga zbiorcza","kat":"powiatowa"},"geometry":{"type":"LineString","coordinates":[[17.97653,50.48249],[17.98027,50.48124]]}},{"type":"Feature","properties":{"numer":"106312O","klasa":"droga lokalna","kat":"powiatowa"},"geometry":{"type":"LineString","coordinates":[[17.95987,50.48183],[17.9599,50.48197],[17.95961,50.48213]]}},{"type":"Feature","properties":{"numer":"106312O","klasa":"droga lokalna","kat":"powiatowa"},"geometry":{"type":"LineString","coordinates":[[17.95961,50.48213],[17.95823,50.48293]]}},{"type":"Feature","properties":{"numer":"106378O","klasa":"droga zbiorcza","kat":"powiatowa"},"geometry":{"type":"LineString","coordinates":[[17.97628,50.48261],[17.97653,50.48249]]}},{"type":"Feature","properties":{"numer":"409","klasa":"droga gĹ‚Ăłwna","kat":"wojewodzka"},"geometry":{"type":"LineString","coordinates":[[17.97557,50.48252],[17.97583,50.4828]]}},{"type":"Feature","properties":{"numer":"106378O","klasa":"droga zbiorcza","kat":"powiatowa"},"geometry":{"type":"LineString","coordinates":[[17.97583,50.4828],[17.97628,50.48261]]}},{"type":"Feature","properties":{"numer":"409","klasa":"droga gĹ‚Ăłwna","kat":"wojewodzka"},"geometry":{"type":"LineString","coordinates":[[17.97583,50.4828],[17.97592,50.48303],[17.97676,50.48385]]}},{"type":"Feature","properties":{"numer":"106377O","klasa":"droga zbiorcza","kat":"powiatowa"},"geometry":{"type":"LineString","coordinates":[[17.97654,50.48409],[17.97676,50.48385]]}},{"type":"Feature","properties":{"numer":"106377O","klasa":"droga zbiorcza","kat":"powiatowa"},"geometry":{"type":"LineString","coordinates":[[17.97646,50.48426],[17.97654,50.48409]]}},{"type":"Feature","properties":{"numer":"106377O","klasa":"droga zbiorcza","kat":"powiatowa"},"geometry":{"type":"LineString","coordinates":[[17.97636,50.4844],[17.97646,50.48426]]}},{"type":"Feature","properties":{"numer":"409","klasa":"droga gĹ‚Ăłwna","kat":"wojewodzka"},"geometry":{"type":"LineString","coordinates":[[17.97676,50.48385],[17.97919,50.48543]]}},{"type":"Feature","properties":{"numer":"109173O","klasa":"droga lokalna","kat":"powiatowa"},"geometry":{"type":"LineString","coordinates":[[17.95823,50.48293],[17.95879,50.48336],[17.95927,50.484],[17.96017,50.48678]]}},{"type":"Feature","properties":{"numer":"106377O","klasa":"droga zbiorcza","kat":"powiatowa"},"geometry":{"type":"LineString","coordinates":[[17.97481,50.48543],[17.97596,50.48475],[17.97636,50.4844]]}},{"type":"Feature","properties":{"numer":"106377O","klasa":"droga zbiorcza","kat":"powiatowa"},"geometry":{"type":"LineString","coordinates":[[17.97465,50.48552],[17.97481,50.48543]]}},{"type":"Feature","properties":{"numer":"409","klasa":"droga gĹ‚Ăłwna","kat":"wojewodzka"},"geometry":{"type":"LineString","coordinates":[[17.97957,50.48566],[17.97919,50.48543]]}},{"type":"Feature","properties":{"numer":"106377O","klasa":"droga zbiorcza","kat":"powiatowa"},"geometry":{"type":"LineString","coordinates":[[17.97449,50.48561],[17.97465,50.48552]]}},{"type":"Feature","properties":{"numer":"106377O","klasa":"droga zbiorcza","kat":"powiatowa"},"geometry":{"type":"LineString","coordinates":[[17.97431,50.48572],[17.97449,50.48561]]}},{"type":"Feature","properties":{"numer":"106377O","klasa":"droga zbiorcza","kat":"powiatowa"},"geometry":{"type":"LineString","coordinates":[[17.97405,50.48587],[17.97431,50.48572]]}},{"type":"Feature","properties":{"numer":"423","klasa":"droga gĹ‚Ăłwna","kat":"wojewodzka"},"geometry":{"type":"LineString","coordinates":[[17.99177,50.48157],[17.99075,50.48287],[17.99022,50.48386]]}},{"type":"Feature","properties":{"numer":"A4,E40","klasa":"autostrada","kat":"krajowa"},"geometry":{"type":"LineString","coordinates":[[17.99852,50.48608],[18.01141,50.48281],[18.01476,50.48226],[18.01687,50.48206],[18.01997,50.48195],[18.02349,50.48209],[18.02509,50.48224],[18.03252,50.48323],[18.03549,50.48345]]}},{"type":"Feature","properties":{"numer":"1826O","klasa":"droga zbiorcza","kat":"powiatowa"},"geometry":{"type":"LineString","coordinates":[[18.03549,50.48345],[18.03504,50.48417],[18.03364,50.485]]}},{"type":"Feature","properties":{"numer":"","klasa":"droga gĹ‚Ăłwna","kat":"gminna"},"geometry":{"type":"LineString","coordinates":[[17.99302,50.4875],[17.99223,50.48622],[17.99219,50.48574],[17.99249,50.48242],[17.99239,50.48199],[17.99215,50.48175]]}},{"type":"Feature","properties":{"numer":"423","klasa":"droga gĹ‚Ăłwna","kat":"wojewodzka"},"geometry":{"type":"LineString","coordinates":[[17.99022,50.48386],[17.98977,50.48534],[17.98949,50.48809]]}},{"type":"Feature","properties":{"numer":"A4,E40","klasa":"autostrada","kat":"krajowa"},"geometry":{"type":"LineString","coordinates":[[17.99302,50.4875],[17.99852,50.48608]]}},{"type":"Feature","properties":{"numer":"A4,E40","klasa":"autostrada","kat":"krajowa"},"geometry":{"type":"LineString","coordinates":[[17.98947,50.48842],[17.99302,50.4875]]}},{"type":"Feature","properties":{"numer":"409","klasa":"droga gĹ‚Ăłwna","kat":"wojewodzka"},"geometry":{"type":"LineString","coordinates":[[18.02228,50.49146],[18.02277,50.49129],[18.0274,50.48874],[18.03005,50.4874],[18.03294,50.48519],[18.03317,50.48508],[18.03364,50.485]]}},{"type":"Feature","properties":{"numer":"423","klasa":"droga gĹ‚Ăłwna","kat":"wojewodzka"},"geometry":{"type":"LineString","coordinates":[[17.98947,50.48842],[17.98949,50.48809]]}},{"type":"Feature","properties":{"numer":"423","klasa":"droga gĹ‚Ăłwna","kat":"wojewodzka"},"geometry":{"type":"LineString","coordinates":[[17.98944,50.48872],[17.98947,50.48842]]}},{"type":"Feature","properties":{"numer":"106377O","klasa":"droga zbiorcza","kat":"powiatowa"},"geometry":{"type":"LineString","coordinates":[[17.97349,50.48618],[17.97405,50.48587]]}},{"type":"Feature","properties":{"numer":"106377O","klasa":"droga zbiorcza","kat":"powiatowa"},"geometry":{"type":"LineString","coordinates":[[17.97257,50.48714],[17.97289,50.48653],[17.97349,50.48618]]}},{"type":"Feature","properties":{"numer":"409","klasa":"droga gĹ‚Ăłwna","kat":"wojewodzka"},"geometry":{"type":"LineString","coordinates":[[17.97957,50.48566],[17.98502,50.48929]]}},{"type":"Feature","properties":{"numer":"106377O","klasa":"droga zbiorcza","kat":"powiatowa"},"geometry":{"type":"LineString","coordinates":[[17.97237,50.48787],[17.97257,50.48714]]}},{"type":"Feature","properties":{"numer":"109173O","klasa":"droga lokalna","kat":"powiatowa"},"geometry":{"type":"LineString","coordinates":[[17.96017,50.48678],[17.9607,50.4885]]}},{"type":"Feature","properties":{"numer":"106377O","klasa":"droga zbiorcza","kat":"powiatowa"},"geometry":{"type":"LineString","coordinates":[[17.97221,50.48828],[17.97237,50.48787]]}},{"type":"Feature","properties":{"numer":"106377O","klasa":"droga zbiorcza","kat":"powiatowa"},"geometry":{"type":"LineString","coordinates":[[17.9719,50.48906],[17.97221,50.48828]]}},{"type":"Feature","properties":{"numer":"109173O","klasa":"droga lokalna","kat":"powiatowa"},"geometry":{"type":"LineString","coordinates":[[17.9607,50.4885],[17.96111,50.48991]]}},{"type":"Feature","properties":{"numer":"106377O","klasa":"droga zbiorcza","kat":"powiatowa"},"geometry":{"type":"LineString","coordinates":[[17.97173,50.48947],[17.9719,50.48906]]}},{"type":"Feature","properties":{"numer":"409","klasa":"droga gĹ‚Ăłwna","kat":"wojewodzka"},"geometry":{"type":"LineString","coordinates":[[17.98532,50.48949],[17.98502,50.48929]]}},{"type":"Feature","properties":{"numer":"423","klasa":"droga gĹ‚Ăłwna","kat":"wojewodzka"},"geometry":{"type":"LineString","coordinates":[[17.98944,50.48872],[17.98942,50.48893]]}},{"type":"Feature","properties":{"numer":"A4,E40","klasa":"autostrada","kat":"krajowa"},"geometry":{"type":"LineString","coordinates":[[17.98532,50.48949],[17.98947,50.48842]]}},{"type":"Feature","properties":{"numer":"423","klasa":"droga gĹ‚Ăłwna","kat":"wojewodzka"},"geometry":{"type":"LineString","coordinates":[[17.98904,50.49101],[17.98929,50.49009],[17.98942,50.48893]]}},{"type":"Feature","properties":{"numer":"409","klasa":"droga gĹ‚Ăłwna","kat":"wojewodzka"},"geometry":{"type":"LineString","coordinates":[[17.98792,50.4909],[17.98687,50.49052],[17.98562,50.48969]]}},{"type":"Feature","properties":{"numer":"409","klasa":"droga gĹ‚Ăłwna","kat":"wojewodzka"},"geometry":{"type":"LineString","coordinates":[[17.98904,50.49101],[17.98792,50.4909]]}},{"type":"Feature","properties":{"numer":"409","klasa":"droga gĹ‚Ăłwna","kat":"wojewodzka"},"geometry":{"type":"LineString","coordinates":[[17.98962,50.49107],[17.98904,50.49101]]}},{"type":"Feature","properties":{"numer":"409","klasa":"droga gĹ‚Ăłwna","kat":"wojewodzka"},"geometry":{"type":"LineString","coordinates":[[17.99005,50.49111],[17.98962,50.49107]]}},{"type":"Feature","properties":{"numer":"409","klasa":"droga gĹ‚Ăłwna","kat":"wojewodzka"},"geometry":{"type":"LineString","coordinates":[[17.99005,50.49111],[17.99086,50.49111]]}},{"type":"Feature","properties":{"numer":"106161O","klasa":"droga zbiorcza","kat":"powiatowa"},"geometry":{"type":"LineString","coordinates":[[17.9931,50.49181],[17.99273,50.49152],[17.99102,50.49119],[17.99086,50.49111]]}},{"type":"Feature","properties":{"numer":"1832O","klasa":"droga zbiorcza","kat":"powiatowa"},"geometry":{"type":"LineString","coordinates":[[18.02222,50.49164],[18.02228,50.49146]]}},{"type":"Feature","properties":{"numer":"409","klasa":"droga gĹ‚Ăłwna","kat":"wojewodzka"},"geometry":{"type":"LineString","coordinates":[[17.98562,50.48969],[17.98532,50.48949]]}},{"type":"Feature","properties":{"numer":"106376O","klasa":"droga lokalna","kat":"powiatowa"},"geometry":{"type":"LineString","coordinates":[[17.97107,50.48959],[17.9702,50.48976]]}},{"type":"Feature","properties":{"numer":"106376O","klasa":"droga lokalna","kat":"powiatowa"},"geometry":{"type":"LineString","coordinates":[[17.9702,50.48976],[17.96991,50.48981]]}},{"type":"Feature","properties":{"numer":"106377O","klasa":"droga zbiorcza","kat":"powiatowa"},"geometry":{"type":"LineString","coordinates":[[17.97144,50.49013],[17.97173,50.48947]]}},{"type":"Feature","properties":{"numer":"106376O","klasa":"droga lokalna","kat":"powiatowa"},"geometry":{"type":"LineString","coordinates":[[17.96991,50.48981],[17.9685,50.49008]]}},{"type":"Feature","properties":{"numer":"106376O","klasa":"droga lokalna","kat":"powiatowa"},"geometry":{"type":"LineString","coordinates":[[17.9685,50.49008],[17.96757,50.49026]]}},{"type":"Feature","properties":{"numer":"106376O","klasa":"droga lokalna","kat":"powiatowa"},"geometry":{"type":"LineString","coordinates":[[17.96757,50.49026],[17.96715,50.49034]]}},{"type":"Feature","properties":{"numer":"106377O","klasa":"droga zbiorcza","kat":"powiatowa"},"geometry":{"type":"LineString","coordinates":[[17.97122,50.49068],[17.97144,50.49013]]}},{"type":"Feature","properties":{"numer":"106376O","klasa":"droga lokalna","kat":"powiatowa"},"geometry":{"type":"LineString","coordinates":[[17.96715,50.49034],[17.9661,50.49054]]}},{"type":"Feature","properties":{"numer":"109173O","klasa":"droga lokalna","kat":"powiatowa"},"geometry":{"type":"LineString","coordinates":[[17.96111,50.48991],[17.96159,50.49137]]}},{"type":"Feature","properties":{"numer":"106376O","klasa":"droga lokalna","kat":"powiatowa"},"geometry":{"type":"LineString","coordinates":[[17.9661,50.49054],[17.96458,50.49083]]}},{"type":"Feature","properties":{"numer":"106377O","klasa":"droga zbiorcza","kat":"powiatowa"},"geometry":{"type":"LineString","coordinates":[[17.97118,50.49079],[17.97122,50.49068]]}},{"type":"Feature","properties":{"numer":"106377O","klasa":"droga zbiorcza","kat":"powiatowa"},"geometry":{"type":"LineString","coordinates":[[17.97106,50.49112],[17.97118,50.49079]]}},{"type":"Feature","properties":{"numer":"106376O","klasa":"droga lokalna","kat":"powiatowa"},"geometry":{"type":"LineString","coordinates":[[17.96458,50.49083],[17.96291,50.49114]]}},{"type":"Feature","properties":{"numer":"106376O","klasa":"droga lokalna","kat":"powiatowa"},"geometry":{"type":"LineString","coordinates":[[17.96291,50.49114],[17.96255,50.49121]]}},{"type":"Feature","properties":{"numer":"106377O","klasa":"droga zbiorcza","kat":"powiatowa"},"geometry":{"type":"LineString","coordinates":[[17.971,50.49126],[17.97106,50.49112]]}},{"type":"Feature","properties":{"numer":"106376O","klasa":"droga lokalna","kat":"powiatowa"},"geometry":{"type":"LineString","coordinates":[[17.96255,50.49121],[17.96159,50.49137]]}},{"type":"Feature","properties":{"numer":"106376O","klasa":"droga lokalna","kat":"powiatowa"},"geometry":{"type":"LineString","coordinates":[[17.96159,50.49137],[17.9614,50.49143]]}},{"type":"Feature","properties":{"numer":"106377O","klasa":"droga zbiorcza","kat":"powiatowa"},"geometry":{"type":"LineString","coordinates":[[17.97088,50.49159],[17.971,50.49126]]}},{"type":"Feature","properties":{"numer":"106377O","klasa":"droga zbiorcza","kat":"powiatowa"},"geometry":{"type":"LineString","coordinates":[[17.97082,50.49173],[17.97088,50.49159]]}},{"type":"Feature","properties":{"numer":"409","klasa":"droga gĹ‚Ăłwna","kat":"wojewodzka"},"geometry":{"type":"LineString","coordinates":[[17.99086,50.49111],[17.99414,50.4911],[18.0128,50.49234],[18.01723,50.4924],[18.0185,50.49231],[18.02228,50.49146]]}},{"type":"Feature","properties":{"numer":"423","klasa":"droga gĹ‚Ăłwna","kat":"wojewodzka"},"geometry":{"type":"LineString","coordinates":[[17.98904,50.49101],[17.98903,50.49296]]}},{"type":"Feature","properties":{"numer":"106161O","klasa":"droga zbiorcza","kat":"powiatowa"},"geometry":{"type":"LineString","coordinates":[[17.99407,50.49562],[17.99417,50.49512],[17.99365,50.49324],[17.9931,50.49181]]}},{"type":"Feature","properties":{"numer":"423","klasa":"droga gĹ‚Ăłwna","kat":"wojewodzka"},"geometry":{"type":"LineString","coordinates":[[17.98903,50.49296],[17.98885,50.49511]]}},{"type":"Feature","properties":{"numer":"423","klasa":"droga gĹ‚Ăłwna","kat":"wojewodzka"},"geometry":{"type":"LineString","coordinates":[[17.98884,50.4952],[17.98885,50.49511]]}},{"type":"Feature","properties":{"numer":"106161O","klasa":"droga zbiorcza","kat":"powiatowa"},"geometry":{"type":"LineString","coordinates":[[17.98794,50.49518],[17.98884,50.4952]]}},{"type":"Feature","properties":{"numer":"423","klasa":"droga gĹ‚Ăłwna","kat":"wojewodzka"},"geometry":{"type":"LineString","coordinates":[[17.98884,50.49527],[17.98884,50.4952]]}},{"type":"Feature","properties":{"numer":"106161O","klasa":"droga zbiorcza","kat":"powiatowa"},"geometry":{"type":"LineString","coordinates":[[17.98532,50.49572],[17.98719,50.49526],[17.98794,50.49518]]}},{"type":"Feature","properties":{"numer":"106161O","klasa":"droga zbiorcza","kat":"powiatowa"},"geometry":{"type":"LineString","coordinates":[[17.98884,50.4952],[17.99195,50.49568],[17.99312,50.49579]]}},{"type":"Feature","properties":{"numer":"106161O","klasa":"droga zbiorcza","kat":"powiatowa"},"geometry":{"type":"LineString","coordinates":[[17.99364,50.49577],[17.99407,50.49562]]}},{"type":"Feature","properties":{"numer":"109155O","klasa":"droga lokalna","kat":"powiatowa"},"geometry":{"type":"LineString","coordinates":[[17.96185,50.49224],[17.96144,50.49189],[17.9614,50.49143]]}},{"type":"Feature","properties":{"numer":"106377O","klasa":"droga zbiorcza","kat":"powiatowa"},"geometry":{"type":"LineString","coordinates":[[17.97069,50.49207],[17.97082,50.49173]]}},{"type":"Feature","properties":{"numer":"106377O","klasa":"droga zbiorcza","kat":"powiatowa"},"geometry":{"type":"LineString","coordinates":[[17.9703,50.49313],[17.97069,50.49207]]}},{"type":"Feature","properties":{"numer":"106377O","klasa":"droga zbiorcza","kat":"powiatowa"},"geometry":{"type":"LineString","coordinates":[[17.97025,50.49324],[17.9703,50.49313]]}},{"type":"Feature","properties":{"numer":"109155O","klasa":"droga lokalna","kat":"powiatowa"},"geometry":{"type":"LineString","coordinates":[[17.96476,50.49435],[17.96355,50.49357],[17.96185,50.49224]]}},{"type":"Feature","properties":{"numer":"106377O","klasa":"droga zbiorcza","kat":"powiatowa"},"geometry":{"type":"LineString","coordinates":[[17.97012,50.4936],[17.97025,50.49324]]}},{"type":"Feature","properties":{"numer":"415","klasa":"droga gĹ‚Ăłwna","kat":"wojewodzka"},"geometry":{"type":"LineString","coordinates":[[17.92318,50.50552],[17.9226,50.50377],[17.92329,50.50246],[17.92338,50.50212],[17.92338,50.50104],[17.92306,50.49966],[17.92354,50.49864],[17.92424,50.49765],[17.92542,50.49369],[17.92588,50.49312],[17.92963,50.4894],[17.93209,50.48804],[17.95987,50.48183]]}},{"type":"Feature","properties":{"numer":"106377O","klasa":"droga zbiorcza","kat":"powiatowa"},"geometry":{"type":"LineString","coordinates":[[17.97004,50.49381],[17.97012,50.4936]]}},{"type":"Feature","properties":{"numer":"106377O","klasa":"droga zbiorcza","kat":"powiatowa"},"geometry":{"type":"LineString","coordinates":[[17.96994,50.49409],[17.97004,50.49381]]}},{"type":"Feature","properties":{"numer":"106377O","klasa":"droga zbiorcza","kat":"powiatowa"},"geometry":{"type":"LineString","coordinates":[[17.96989,50.49421],[17.96994,50.49409]]}},{"type":"Feature","properties":{"numer":"106377O","klasa":"droga zbiorcza","kat":"powiatowa"},"geometry":{"type":"LineString","coordinates":[[17.96971,50.49475],[17.96989,50.49421]]}},{"type":"Feature","properties":{"numer":"109155O","klasa":"droga lokalna","kat":"powiatowa"},"geometry":{"type":"LineString","coordinates":[[17.96544,50.49467],[17.96476,50.49435]]}},{"type":"Feature","properties":{"numer":"106377O","klasa":"droga zbiorcza","kat":"powiatowa"},"geometry":{"type":"LineString","coordinates":[[17.96969,50.4948],[17.96971,50.49475]]}},{"type":"Feature","properties":{"numer":"109155O","klasa":"droga lokalna","kat":"powiatowa"},"geometry":{"type":"LineString","coordinates":[[17.96611,50.49495],[17.96544,50.49467]]}},{"type":"Feature","properties":{"numer":"106377O","klasa":"droga zbiorcza","kat":"powiatowa"},"geometry":{"type":"LineString","coordinates":[[17.96967,50.49484],[17.96969,50.4948]]}},{"type":"Feature","properties":{"numer":"109155O","klasa":"droga lokalna","kat":"powiatowa"},"geometry":{"type":"LineString","coordinates":[[17.96664,50.49514],[17.96611,50.49495]]}},{"type":"Feature","properties":{"numer":"109155O","klasa":"droga lokalna","kat":"powiatowa"},"geometry":{"type":"LineString","coordinates":[[17.96781,50.49551],[17.96664,50.49514]]}},{"type":"Feature","properties":{"numer":"106377O","klasa":"droga zbiorcza","kat":"powiatowa"},"geometry":{"type":"LineString","coordinates":[[17.96896,50.49669],[17.96967,50.49484]]}},{"type":"Feature","properties":{"numer":"109155O","klasa":"droga lokalna","kat":"powiatowa"},"geometry":{"type":"LineString","coordinates":[[17.96833,50.49664],[17.96861,50.4958],[17.96781,50.49551]]}},{"type":"Feature","properties":{"numer":"A4,E40","klasa":"autostrada","kat":"krajowa"},"geometry":{"type":"LineString","coordinates":[[17.96907,50.50399],[17.9745,50.49617],[17.97554,50.49493],[17.97661,50.4939],[17.97854,50.49245],[17.98075,50.4912],[17.98278,50.49032],[17.98532,50.48949]]}},{"type":"Feature","properties":{"numer":"106161O","klasa":"droga zbiorcza","kat":"powiatowa"},"geometry":{"type":"LineString","coordinates":[[17.99312,50.49579],[17.99364,50.49577]]}},{"type":"Feature","properties":{"numer":"423","klasa":"droga gĹ‚Ăłwna","kat":"wojewodzka"},"geometry":{"type":"LineString","coordinates":[[17.98872,50.49658],[17.98884,50.49527]]}},{"type":"Feature","properties":{"numer":"423","klasa":"droga gĹ‚Ăłwna","kat":"wojewodzka"},"geometry":{"type":"LineString","coordinates":[[17.98867,50.49721],[17.98872,50.49658]]}},{"type":"Feature","properties":{"numer":"424","klasa":"droga gĹ‚Ăłwna","kat":"wojewodzka"},"geometry":{"type":"LineString","coordinates":[[17.98867,50.49721],[17.98782,50.49713]]}},{"type":"Feature","properties":{"numer":"1831O","klasa":"droga gĹ‚Ăłwna","kat":"powiatowa"},"geometry":{"type":"LineString","coordinates":[[17.98951,50.49728],[17.98867,50.49721]]}},{"type":"Feature","properties":{"numer":"423","klasa":"droga gĹ‚Ăłwna","kat":"wojewodzka"},"geometry":{"type":"LineString","coordinates":[[17.98863,50.49775],[17.98867,50.49721]]}},{"type":"Feature","properties":{"numer":"1832O","klasa":"droga zbiorcza","kat":"powiatowa"},"geometry":{"type":"LineString","coordinates":[[18.02181,50.50834],[18.02233,50.50765],[18.02343,50.50485],[18.02396,50.503],[18.0242,50.50154],[18.02508,50.49976],[18.02559,50.49834],[18.02576,50.49683],[18.02538,50.49458],[18.02273,50.4929],[18.02197,50.4923],[18.0219,50.49202],[18.02222,50.49164]]}},{"type":"Feature","properties":{"numer":"1831O","klasa":"droga gĹ‚Ăłwna","kat":"powiatowa"},"geometry":{"type":"LineString","coordinates":[[17.98951,50.49728],[17.99851,50.49794],[17.99961,50.49808],[18.00049,50.49835],[18.00425,50.50042],[18.01077,50.50365],[18.01602,50.50635],[18.01892,50.50774],[18.0208,50.50846]]}},{"type":"Feature","properties":{"numer":"1832O","klasa":"droga zbiorcza","kat":"powiatowa"},"geometry":{"type":"LineString","coordinates":[[18.02143,50.50875],[18.02181,50.50834]]}},{"type":"Feature","properties":{"numer":"1831O","klasa":"droga gĹ‚Ăłwna","kat":"powiatowa"},"geometry":{"type":"LineString","coordinates":[[18.02143,50.50875],[18.0208,50.50846]]}},{"type":"Feature","properties":{"numer":"45","klasa":"droga gĹ‚Ăłwna ruchu przyĹ›pieszonego","kat":"krajowa"},"geometry":{"type":"LineString","coordinates":[[17.94301,50.47252],[17.92924,50.47782],[17.92842,50.47829],[17.92772,50.47882],[17.9271,50.47944],[17.92649,50.48034],[17.9192,50.49723],[17.91853,50.49937],[17.91838,50.50086],[17.91858,50.51903]]}},{"type":"Feature","properties":{"numer":"424","klasa":"droga gĹ‚Ăłwna","kat":"wojewodzka"},"geometry":{"type":"LineString","coordinates":[[17.92318,50.50552],[17.92387,50.5056],[17.93018,50.50579],[17.93203,50.50622],[17.93257,50.50639],[17.93625,50.50844],[17.93667,50.5087],[17.93714,50.50919],[17.93747,50.50931],[17.93783,50.50919],[17.9381,50.50878],[17.9389,50.50597],[17.93936,50.50583],[17.94031,50.50593],[17.94135,50.50588],[17.94167,50.50576],[17.94228,50.50535],[17.94506,50.50449]]}},{"type":"Feature","properties":{"numer":"415","klasa":"droga gĹ‚Ăłwna","kat":"wojewodzka"},"geometry":{"type":"LineString","coordinates":[[17.93522,50.52356],[17.93615,50.51908],[17.93631,50.51881],[17.93701,50.51817],[17.9371,50.51756],[17.93309,50.51285],[17.93277,50.51271],[17.9316,50.51259],[17.93041,50.51228],[17.93015,50.51208],[17.92933,50.51094],[17.92885,50.51065],[17.92779,50.51011],[17.92569,50.50957],[17.9244,50.50885],[17.92418,50.50847],[17.92318,50.50552]]}},{"type":"Feature","properties":{"numer":"45","klasa":"droga gĹ‚Ăłwna ruchu przyĹ›pieszonego","kat":"krajowa"},"geometry":{"type":"LineString","coordinates":[[17.91858,50.51903],[17.91859,50.5206],[17.91842,50.52144],[17.91863,50.52242],[17.91866,50.52451]]}},{"type":"Feature","properties":{"numer":"415","klasa":"droga gĹ‚Ăłwna","kat":"wojewodzka"},"geometry":{"type":"LineString","coordinates":[[17.93516,50.52386],[17.93522,50.52356]]}},{"type":"Feature","properties":{"numer":"415","klasa":"droga gĹ‚Ăłwna","kat":"wojewodzka"},"geometry":{"type":"LineString","coordinates":[[17.93516,50.52386],[17.9351,50.52415]]}},{"type":"Feature","properties":{"numer":"A4,E40","klasa":"autostrada","kat":"krajowa"},"geometry":{"type":"LineString","coordinates":[[17.91915,50.52836],[17.92217,50.52745],[17.93516,50.52386]]}},{"type":"Feature","properties":{"numer":"45","klasa":"droga gĹ‚Ăłwna ruchu przyĹ›pieszonego","kat":"krajowa"},"geometry":{"type":"LineString","coordinates":[[17.91866,50.52451],[17.9191,50.52809]]}},{"type":"Feature","properties":{"numer":"45","klasa":"droga gĹ‚Ăłwna ruchu przyĹ›pieszonego","kat":"krajowa"},"geometry":{"type":"LineString","coordinates":[[17.9191,50.52809],[17.91915,50.52836]]}},{"type":"Feature","properties":{"numer":"45","klasa":"droga gĹ‚Ăłwna ruchu przyĹ›pieszonego","kat":"krajowa"},"geometry":{"type":"LineString","coordinates":[[17.91915,50.52836],[17.91919,50.52864]]}},{"type":"Feature","properties":{"numer":"106377O","klasa":"droga zbiorcza","kat":"powiatowa"},"geometry":{"type":"LineString","coordinates":[[17.96878,50.49717],[17.96896,50.49669]]}},{"type":"Feature","properties":{"numer":"424","klasa":"droga gĹ‚Ăłwna","kat":"wojewodzka"},"geometry":{"type":"LineString","coordinates":[[17.98434,50.49688],[17.98375,50.49692],[17.98311,50.49705]]}},{"type":"Feature","properties":{"numer":"424","klasa":"droga gĹ‚Ăłwna","kat":"wojewodzka"},"geometry":{"type":"LineString","coordinates":[[17.98434,50.49688],[17.98782,50.49713]]}},{"type":"Feature","properties":{"numer":"106377O","klasa":"droga zbiorcza","kat":"powiatowa"},"geometry":{"type":"LineString","coordinates":[[17.96866,50.49747],[17.96878,50.49717]]}},{"type":"Feature","properties":{"numer":"106377O","klasa":"droga zbiorcza","kat":"powiatowa"},"geometry":{"type":"LineString","coordinates":[[17.96797,50.4993],[17.96866,50.49747]]}},{"type":"Feature","properties":{"numer":"106377O","klasa":"droga zbiorcza","kat":"powiatowa"},"geometry":{"type":"LineString","coordinates":[[17.96742,50.50074],[17.96797,50.4993]]}},{"type":"Feature","properties":{"numer":"424","klasa":"droga gĹ‚Ăłwna","kat":"wojewodzka"},"geometry":{"type":"LineString","coordinates":[[17.98311,50.49705],[17.98233,50.49746],[17.97257,50.50359],[17.972,50.50406],[17.97086,50.50538]]}},{"type":"Feature","properties":{"numer":"424","klasa":"droga gĹ‚Ăłwna","kat":"wojewodzka"},"geometry":{"type":"LineString","coordinates":[[17.96742,50.50074],[17.96725,50.50146],[17.96742,50.50227],[17.96785,50.50291],[17.96875,50.50372]]}},{"type":"Feature","properties":{"numer":"424","klasa":"droga gĹ‚Ăłwna","kat":"wojewodzka"},"geometry":{"type":"LineString","coordinates":[[17.94771,50.50473],[17.95008,50.504],[17.95084,50.50356],[17.95154,50.50339],[17.95334,50.50316],[17.95425,50.50312],[17.95641,50.50339],[17.96008,50.50361],[17.9649,50.50065],[17.96527,50.50056],[17.96742,50.50074]]}},{"type":"Feature","properties":{"numer":"424","klasa":"droga gĹ‚Ăłwna","kat":"wojewodzka"},"geometry":{"type":"LineString","coordinates":[[17.96907,50.50399],[17.96875,50.50372]]}},{"type":"Feature","properties":{"numer":"424","klasa":"droga gĹ‚Ăłwna","kat":"wojewodzka"},"geometry":{"type":"LineString","coordinates":[[17.96938,50.50426],[17.96907,50.50399]]}},{"type":"Feature","properties":{"numer":"424","klasa":"droga gĹ‚Ăłwna","kat":"wojewodzka"},"geometry":{"type":"LineString","coordinates":[[17.94506,50.50449],[17.94552,50.50452]]}},{"type":"Feature","properties":{"numer":"424","klasa":"droga gĹ‚Ăłwna","kat":"wojewodzka"},"geometry":{"type":"LineString","coordinates":[[17.94727,50.5047],[17.94771,50.50473]]}},{"type":"Feature","properties":{"numer":"424","klasa":"droga gĹ‚Ăłwna","kat":"wojewodzka"},"geometry":{"type":"LineString","coordinates":[[17.97086,50.50538],[17.97024,50.50501],[17.96938,50.50426]]}},{"type":"Feature","properties":{"numer":"1768O","klasa":"droga zbiorcza","kat":"powiatowa"},"geometry":{"type":"LineString","coordinates":[[17.9676,50.51474],[17.9672,50.51147],[17.96726,50.51083],[17.97009,50.50632],[17.97086,50.50538]]}},{"type":"Feature","properties":{"numer":"423","klasa":"droga gĹ‚Ăłwna","kat":"wojewodzka"},"geometry":{"type":"LineString","coordinates":[[17.98863,50.49775],[17.98849,50.49891],[17.9882,50.49979],[17.98781,50.50052],[17.9866,50.5022],[17.9861,50.50313],[17.98577,50.50441],[17.98574,50.50508],[17.98588,50.50598],[17.9864,50.50723],[17.98832,50.50989],[17.9888,50.51111],[17.9894,50.51776],[17.98935,50.51895],[17.98891,50.51986],[17.98817,50.52062],[17.98256,50.52398],[17.98067,50.52528]]}},{"type":"Feature","properties":{"numer":"A4,E40","klasa":"autostrada","kat":"krajowa"},"geometry":{"type":"LineString","coordinates":[[17.93516,50.52386],[17.93929,50.52254],[17.94346,50.5209],[17.95893,50.51369],[17.96133,50.51245],[17.96313,50.51124],[17.96506,50.50949],[17.96621,50.50809],[17.96907,50.50399]]}},{"type":"Feature","properties":{"numer":"1768O","klasa":"droga zbiorcza","kat":"powiatowa"},"geometry":{"type":"LineString","coordinates":[[17.96773,50.51579],[17.9676,50.51474]]}},{"type":"Feature","properties":{"numer":"1768O","klasa":"droga zbiorcza","kat":"powiatowa"},"geometry":{"type":"LineString","coordinates":[[17.96821,50.51898],[17.96773,50.51579]]}},{"type":"Feature","properties":{"numer":"106122O","klasa":"droga dojazdowa","kat":"powiatowa"},"geometry":{"type":"LineString","coordinates":[[17.97701,50.51809],[17.97663,50.51795],[17.97565,50.51802],[17.97456,50.5182]]}},{"type":"Feature","properties":{"numer":"106122O","klasa":"droga dojazdowa","kat":"powiatowa"},"geometry":{"type":"LineString","coordinates":[[17.97456,50.5182],[17.97241,50.51869],[17.97124,50.51878]]}},{"type":"Feature","properties":{"numer":"106108O","klasa":"droga dojazdowa","kat":"powiatowa"},"geometry":{"type":"LineString","coordinates":[[17.97541,50.51907],[17.97598,50.51881],[17.97701,50.51809]]}},{"type":"Feature","properties":{"numer":"106122O","klasa":"droga dojazdowa","kat":"powiatowa"},"geometry":{"type":"LineString","coordinates":[[17.97124,50.51878],[17.96885,50.51894]]}},{"type":"Feature","properties":{"numer":"106122O","klasa":"droga dojazdowa","kat":"powiatowa"},"geometry":{"type":"LineString","coordinates":[[17.96885,50.51894],[17.96821,50.51898]]}},{"type":"Feature","properties":{"numer":"106108O","klasa":"droga dojazdowa","kat":"powiatowa"},"geometry":{"type":"LineString","coordinates":[[17.97244,50.52006],[17.97541,50.51907]]}},{"type":"Feature","properties":{"numer":"106108O","klasa":"droga dojazdowa","kat":"powiatowa"},"geometry":{"type":"LineString","coordinates":[[17.9715,50.5204],[17.97244,50.52006]]}},{"type":"Feature","properties":{"numer":"1768O","klasa":"droga zbiorcza","kat":"powiatowa"},"geometry":{"type":"LineString","coordinates":[[17.9679,50.52184],[17.96823,50.52012],[17.96821,50.51898]]}},{"type":"Feature","properties":{"numer":"106108O","klasa":"droga dojazdowa","kat":"powiatowa"},"geometry":{"type":"LineString","coordinates":[[17.96782,50.52243],[17.97006,50.52095],[17.9715,50.5204]]}},{"type":"Feature","properties":{"numer":"1768O","klasa":"droga zbiorcza","kat":"powiatowa"},"geometry":{"type":"LineString","coordinates":[[17.96777,50.52243],[17.9679,50.52184]]}},{"type":"Feature","properties":{"numer":"423","klasa":"droga gĹ‚Ăłwna","kat":"wojewodzka"},"geometry":{"type":"LineString","coordinates":[[17.96777,50.52243],[17.96782,50.52243]]}},{"type":"Feature","properties":{"numer":"1768O","klasa":"droga zbiorcza","kat":"powiatowa"},"geometry":{"type":"LineString","coordinates":[[17.96769,50.52282],[17.96777,50.52243]]}},{"type":"Feature","properties":{"numer":"423","klasa":"droga gĹ‚Ăłwna","kat":"wojewodzka"},"geometry":{"type":"LineString","coordinates":[[17.98067,50.52528],[17.98009,50.52544]]}},{"type":"Feature","properties":{"numer":"423","klasa":"droga gĹ‚Ăłwna","kat":"wojewodzka"},"geometry":{"type":"LineString","coordinates":[[17.98009,50.52544],[17.97944,50.52554]]}},{"type":"Feature","properties":{"numer":"1832O","klasa":"droga zbiorcza","kat":"powiatowa"},"geometry":{"type":"LineString","coordinates":[[17.98055,50.52572],[17.98009,50.52544]]}},{"type":"Feature","properties":{"numer":"423","klasa":"droga gĹ‚Ăłwna","kat":"wojewodzka"},"geometry":{"type":"LineString","coordinates":[[17.97944,50.52554],[17.97878,50.52581],[17.97725,50.52695],[17.97353,50.52914]]}},{"type":"Feature","properties":{"numer":"1768O","klasa":"droga zbiorcza","kat":"powiatowa"},"geometry":{"type":"LineString","coordinates":[[17.96722,50.53278],[17.96703,50.532],[17.96694,50.53088],[17.96692,50.52721],[17.96702,50.52614],[17.96769,50.52282]]}},{"type":"Feature","properties":{"numer":"423","klasa":"droga gĹ‚Ăłwna","kat":"wojewodzka"},"geometry":{"type":"LineString","coordinates":[[17.97353,50.52914],[17.97234,50.52999]]}},{"type":"Feature","properties":{"numer":"423","klasa":"droga gĹ‚Ăłwna","kat":"wojewodzka"},"geometry":{"type":"LineString","coordinates":[[17.97234,50.52999],[17.97147,50.53095],[17.9709,50.53213]]}},{"type":"Feature","properties":{"numer":"423","klasa":"droga gĹ‚Ăłwna","kat":"wojewodzka"},"geometry":{"type":"LineString","coordinates":[[17.9709,50.53213],[17.97074,50.53329]]}},{"type":"Feature","properties":{"numer":"1768O","klasa":"droga zbiorcza","kat":"powiatowa"},"geometry":{"type":"LineString","coordinates":[[17.96794,50.53534],[17.96722,50.53278]]}},{"type":"Feature","properties":{"numer":"1207O","klasa":"droga zbiorcza","kat":"powiatowa"},"geometry":{"type":"LineString","coordinates":[[17.7959,50.46145],[17.79543,50.45875],[17.79547,50.4584],[17.7988,50.45262],[17.79937,50.45115],[17.80016,50.44837],[17.80333,50.44424]]}},{"type":"Feature","properties":{"numer":"1207O","klasa":"droga zbiorcza","kat":"powiatowa"},"geometry":{"type":"LineString","coordinates":[[17.79591,50.46153],[17.7959,50.46145]]}},{"type":"Feature","properties":{"numer":"1207O","klasa":"droga zbiorcza","kat":"powiatowa"},"geometry":{"type":"LineString","coordinates":[[17.79592,50.46164],[17.79591,50.46153]]}},{"type":"Feature","properties":{"numer":"1207O","klasa":"droga zbiorcza","kat":"powiatowa"},"geometry":{"type":"LineString","coordinates":[[17.79593,50.46173],[17.79592,50.46164]]}},{"type":"Feature","properties":{"numer":"1811O","klasa":"droga zbiorcza","kat":"powiatowa"},"geometry":{"type":"LineString","coordinates":[[17.89859,50.43403],[17.8981,50.43458]]}},{"type":"Feature","properties":{"numer":"1811O","klasa":"droga zbiorcza","kat":"powiatowa"},"geometry":{"type":"LineString","coordinates":[[17.8964,50.44729],[17.89706,50.44023],[17.898,50.43599],[17.8981,50.43527],[17.89799,50.4348],[17.8981,50.43458]]}},{"type":"Feature","properties":{"numer":"1811O","klasa":"droga zbiorcza","kat":"powiatowa"},"geometry":{"type":"LineString","coordinates":[[17.89623,50.44746],[17.8964,50.44729]]}},{"type":"Feature","properties":{"numer":"409","klasa":"droga gĹ‚Ăłwna","kat":"wojewodzka"},"geometry":{"type":"LineString","coordinates":[[17.89541,50.44736],[17.89583,50.44736],[17.89623,50.44746]]}},{"type":"Feature","properties":{"numer":"409","klasa":"droga gĹ‚Ăłwna","kat":"wojewodzka"},"geometry":{"type":"LineString","coordinates":[[17.8968,50.44799],[17.89623,50.44746]]}},{"type":"Feature","properties":{"numer":"409","klasa":"droga gĹ‚Ăłwna","kat":"wojewodzka"},"geometry":{"type":"LineString","coordinates":[[17.8968,50.44799],[17.89702,50.44823]]}},{"type":"Feature","properties":{"numer":"409","klasa":"droga gĹ‚Ăłwna","kat":"wojewodzka"},"geometry":{"type":"LineString","coordinates":[[17.91271,50.45303],[17.90768,50.45182],[17.90457,50.45073],[17.90329,50.4505],[17.9013,50.45037],[17.89809,50.44915],[17.89761,50.44886],[17.89702,50.44823]]}},{"type":"Feature","properties":{"numer":"409","klasa":"droga gĹ‚Ăłwna","kat":"wojewodzka"},"geometry":{"type":"LineString","coordinates":[[17.85385,50.45788],[17.85519,50.45816],[17.85609,50.45814],[17.87262,50.45593],[17.87434,50.45557],[17.87608,50.455],[17.88354,50.45204],[17.88555,50.45111],[17.88755,50.45005],[17.89202,50.4482],[17.89541,50.44736]]}},{"type":"Feature","properties":{"numer":"409","klasa":"droga gĹ‚Ăłwna","kat":"wojewodzka"},"geometry":{"type":"LineString","coordinates":[[17.95298,50.46823],[17.95051,50.46683],[17.94601,50.46393],[17.93815,50.4604],[17.93341,50.45772],[17.93167,50.45687],[17.92717,50.45538],[17.92551,50.45495],[17.92429,50.45475],[17.91719,50.45407],[17.91271,50.45303]]}},{"type":"Feature","properties":{"numer":"1846O","klasa":"droga zbiorcza","kat":"powiatowa"},"geometry":{"type":"LineString","coordinates":[[17.91271,50.45303],[17.91426,50.46429],[17.91512,50.46942]]}},{"type":"Feature","properties":{"numer":"106459O","klasa":"droga dojazdowa","kat":"powiatowa"},"geometry":{"type":"LineString","coordinates":[[17.85011,50.45656],[17.85024,50.45611]]}},{"type":"Feature","properties":{"numer":"106419O","klasa":"droga dojazdowa","kat":"powiatowa"},"geometry":{"type":"LineString","coordinates":[[17.85343,50.45665],[17.85024,50.45611]]}},{"type":"Feature","properties":{"numer":"106419O","klasa":"droga dojazdowa","kat":"powiatowa"},"geometry":{"type":"LineString","coordinates":[[17.85416,50.45679],[17.85343,50.45665]]}},{"type":"Feature","properties":{"numer":"409","klasa":"droga gĹ‚Ăłwna","kat":"wojewodzka"},"geometry":{"type":"LineString","coordinates":[[17.85011,50.45656],[17.85102,50.45709],[17.85212,50.45755],[17.85367,50.45785]]}},{"type":"Feature","properties":{"numer":"106458O","klasa":"droga lokalna","kat":"powiatowa"},"geometry":{"type":"LineString","coordinates":[[17.85367,50.45785],[17.85416,50.45679]]}},{"type":"Feature","properties":{"numer":"409","klasa":"droga gĹ‚Ăłwna","kat":"wojewodzka"},"geometry":{"type":"LineString","coordinates":[[17.85367,50.45785],[17.85385,50.45788]]}},{"type":"Feature","properties":{"numer":"1833O","klasa":"droga zbiorcza","kat":"powiatowa"},"geometry":{"type":"LineString","coordinates":[[17.85342,50.45843],[17.85385,50.45788]]}},{"type":"Feature","properties":{"numer":"1833O","klasa":"droga zbiorcza","kat":"powiatowa"},"geometry":{"type":"LineString","coordinates":[[17.85527,50.4619],[17.8544,50.46145],[17.85194,50.45985],[17.85342,50.45843]]}},{"type":"Feature","properties":{"numer":"1833O","klasa":"droga zbiorcza","kat":"powiatowa"},"geometry":{"type":"LineString","coordinates":[[17.85527,50.4619],[17.85536,50.46198]]}},{"type":"Feature","properties":{"numer":"1833O","klasa":"droga zbiorcza","kat":"powiatowa"},"geometry":{"type":"LineString","coordinates":[[17.85536,50.46198],[17.85544,50.46217],[17.85531,50.46255]]}},{"type":"Feature","properties":{"numer":"1207O","klasa":"droga zbiorcza","kat":"powiatowa"},"geometry":{"type":"LineString","coordinates":[[17.79603,50.46335],[17.79593,50.46173]]}},{"type":"Feature","properties":{"numer":"1207O","klasa":"droga zbiorcza","kat":"powiatowa"},"geometry":{"type":"LineString","coordinates":[[17.79604,50.46352],[17.79603,50.46335]]}},{"type":"Feature","properties":{"numer":"1207O","klasa":"droga zbiorcza","kat":"powiatowa"},"geometry":{"type":"LineString","coordinates":[[17.79475,50.46984],[17.79458,50.4692],[17.79474,50.46833],[17.79401,50.46617],[17.79406,50.46604],[17.79427,50.46593],[17.79579,50.46576],[17.79613,50.46561],[17.79604,50.46352]]}},{"type":"Feature","properties":{"numer":"1207O","klasa":"droga zbiorcza","kat":"powiatowa"},"geometry":{"type":"LineString","coordinates":[[17.78153,50.47454],[17.78236,50.47434],[17.78292,50.47409],[17.78737,50.47162],[17.79475,50.46984]]}},{"type":"Feature","properties":{"numer":"106442O,1207O","klasa":"droga zbiorcza","kat":"powiatowa"},"geometry":{"type":"LineString","coordinates":[[17.78142,50.47456],[17.78153,50.47454]]}},{"type":"Feature","properties":{"numer":"1833O","klasa":"droga zbiorcza","kat":"powiatowa"},"geometry":{"type":"LineString","coordinates":[[17.85531,50.46255],[17.85524,50.46274]]}},{"type":"Feature","properties":{"numer":"1833O","klasa":"droga zbiorcza","kat":"powiatowa"},"geometry":{"type":"LineString","coordinates":[[17.85493,50.46328],[17.85524,50.46274]]}},{"type":"Feature","properties":{"numer":"1833O","klasa":"droga zbiorcza","kat":"powiatowa"},"geometry":{"type":"LineString","coordinates":[[17.85486,50.46337],[17.85493,50.46328]]}},{"type":"Feature","properties":{"numer":"1833O","klasa":"droga zbiorcza","kat":"powiatowa"},"geometry":{"type":"LineString","coordinates":[[17.79475,50.46984],[17.7969,50.46972],[17.79908,50.46978],[17.80803,50.46975],[17.81213,50.46943],[17.81634,50.46942],[17.82064,50.46886],[17.82303,50.4683],[17.82565,50.46783],[17.82671,50.46752],[17.82863,50.46725],[17.83165,50.46661],[17.83493,50.46631],[17.84011,50.46605],[17.84191,50.46608],[17.84292,50.46628],[17.84387,50.46677],[17.84506,50.46793],[17.84548,50.46807],[17.84585,50.4681],[17.85184,50.46673],[17.8532,50.46533],[17.85486,50.46337]]}},{"type":"Feature","properties":{"numer":"414","klasa":"droga gĹ‚Ăłwna","kat":"wojewodzka"},"geometry":{"type":"LineString","coordinates":[[17.814008270355693,50.530089560440764],[17.77893,50.50056]]}},{"type":"Feature","properties":{"numer":"45","klasa":"droga gĹ‚Ăłwna ruchu przyĹ›pieszonego","kat":"krajowa"},"geometry":{"type":"LineString","coordinates":[[17.91919,50.52864],[17.91963,50.5312]]}},{"type":"Feature","properties":{"numer":"45","klasa":"droga gĹ‚Ăłwna ruchu przyĹ›pieszonego","kat":"krajowa"},"geometry":{"type":"LineString","coordinates":[[17.92044,50.53562],[17.92028,50.53334],[17.91963,50.5312]]}},{"type":"Feature","properties":{"numer":"415","klasa":"droga gĹ‚Ăłwna","kat":"wojewodzka"},"geometry":{"type":"LineString","coordinates":[[17.93428,50.54574],[17.93397,50.54489],[17.93312,50.54352],[17.93262,50.54298],[17.93175,50.54236],[17.93135,50.54196],[17.93077,50.54104],[17.92946,50.53947],[17.92874,50.53805],[17.92858,50.53745],[17.92872,50.53599],[17.92929,50.53436],[17.93021,50.52927],[17.93052,50.52814],[17.93081,50.52772],[17.93131,50.52729],[17.93372,50.52606],[17.93424,50.52572],[17.93475,50.52516],[17.9351,50.52415]]}},{"type":"Feature","properties":{"numer":"45","klasa":"droga gĹ‚Ăłwna ruchu przyĹ›pieszonego","kat":"krajowa"},"geometry":{"type":"LineString","coordinates":[[17.92044,50.53562],[17.92078,50.5376]]}},{"type":"Feature","properties":{"numer":"45","klasa":"droga gĹ‚Ăłwna ruchu przyĹ›pieszonego","kat":"krajowa"},"geometry":{"type":"LineString","coordinates":[[17.92078,50.5376],[17.92106,50.53898]]}},{"type":"Feature","properties":{"numer":"415","klasa":"droga zbiorcza","kat":"wojewodzka"},"geometry":{"type":"LineString","coordinates":[[17.934296732887066,50.54580573634205],[17.93428,50.54574]]}},{"type":"Feature","properties":{"numer":"A4,E40","klasa":"autostrada","kat":"krajowa"},"geometry":{"type":"LineString","coordinates":[[17.8965206194275,50.544763486625996],[17.90144,50.53929],[17.90313,50.53753],[17.90531,50.5356],[17.9071,50.53426],[17.90992,50.53246],[17.91237,50.53113],[17.91546,50.52972],[17.91915,50.52836]]}},{"type":"Feature","properties":{"numer":"45","klasa":"droga gĹ‚Ăłwna ruchu przyĹ›pieszonego","kat":"krajowa"},"geometry":{"type":"LineString","coordinates":[[17.922471388467304,50.54692226782964],[17.92106,50.53898]]}},{"type":"Feature","properties":{"numer":"414","klasa":"droga gĹ‚Ăłwna","kat":"wojewodzka"},"geometry":{"type":"LineString","coordinates":[[17.75758697574455,50.48249976665643],[17.7576,50.48251]]}},{"type":"Feature","properties":{"numer":"1207O","klasa":"droga zbiorcza","kat":"powiatowa"},"geometry":{"type":"LineString","coordinates":[[17.77893,50.50056],[17.77801,50.49654],[17.77752,50.4953],[17.77732,50.49444],[17.77583,50.49213],[17.77542,50.49133],[17.77441,50.49052],[17.77346,50.48604],[17.77346,50.48514],[17.77363,50.48444],[17.77413,50.48344],[17.77712,50.4798],[17.78123,50.47827],[17.78257,50.47764],[17.78255,50.47748],[17.78036,50.47542],[17.78044,50.47504],[17.78142,50.47456]]}},{"type":"Feature","properties":{"numer":"414","klasa":"droga gĹ‚Ăłwna","kat":"wojewodzka"},"geometry":{"type":"LineString","coordinates":[[17.7576,50.48251],[17.77893,50.50056]]}},{"type":"Feature","properties":{"numer":"409","klasa":"droga gĹ‚Ăłwna","kat":"wojewodzka"},"geometry":{"type":"LineString","coordinates":[[18.08339,50.49192],[18.08589,50.49239],[18.09055,50.49262],[18.094498318690096,50.49320493610224]]}},{"type":"Feature","properties":{"numer":"1831O","klasa":"droga zbiorcza","kat":"powiatowa"},"geometry":{"type":"LineString","coordinates":[[18.05166,50.52113],[18.0516,50.52088],[18.05136,50.52072]]}},{"type":"Feature","properties":{"numer":"1831O","klasa":"droga zbiorcza","kat":"powiatowa"},"geometry":{"type":"LineString","coordinates":[[18.05814,50.54126],[18.05496,50.54208],[18.05426,50.54203],[18.0539,50.54183],[18.05375,50.54166],[18.05166,50.52113]]}},{"type":"Feature","properties":{"numer":"1831O","klasa":"droga zbiorcza","kat":"powiatowa"},"geometry":{"type":"LineString","coordinates":[[18.07611,50.5398],[18.07569,50.53894],[18.07562,50.53768],[18.07543,50.5375],[18.07515,50.53743],[18.07191,50.53815],[18.07147,50.53813],[18.07102,50.53792],[18.07078,50.53795],[18.05814,50.54126]]}},{"type":"Feature","properties":{"numer":"1829O","klasa":"droga zbiorcza","kat":"powiatowa"},"geometry":{"type":"LineString","coordinates":[[18.056624083072027,50.55551899185792],[18.05669,50.55544],[18.05689,50.55508],[18.05708,50.55199],[18.05794,50.54713],[18.05841,50.54279],[18.05841,50.54204],[18.05814,50.54126]]}},{"type":"Feature","properties":{"numer":"1831O","klasa":"droga zbiorcza","kat":"powiatowa"},"geometry":{"type":"LineString","coordinates":[[18.022,50.50897],[18.02143,50.50875]]}},{"type":"Feature","properties":{"numer":"1832O","klasa":"droga zbiorcza","kat":"powiatowa"},"geometry":{"type":"LineString","coordinates":[[18.0211,50.50913],[18.02143,50.50875]]}},{"type":"Feature","properties":{"numer":"1831O","klasa":"droga zbiorcza","kat":"powiatowa"},"geometry":{"type":"LineString","coordinates":[[18.05136,50.52072],[18.04169,50.51584],[18.03954,50.51533],[18.03577,50.51479],[18.03501,50.51461],[18.03121,50.51283],[18.02861,50.51141],[18.022,50.50897]]}},{"type":"Feature","properties":{"numer":"1832O","klasa":"droga zbiorcza","kat":"powiatowa"},"geometry":{"type":"LineString","coordinates":[[17.98055,50.52572],[17.98079,50.52605],[17.9827,50.5307],[17.98305,50.53131],[17.9832,50.53147],[17.98347,50.53155],[17.995,50.53053],[18.00265,50.52921],[18.00313,50.52922],[18.00659,50.52978],[18.00714,50.52967],[18.00751,50.52947],[18.00811,50.52871],[18.01065,50.52735],[18.011,50.52668],[18.01132,50.52547],[18.01837,50.51225],[18.0211,50.50913]]}},{"type":"Feature","properties":{"numer":"1768O","klasa":"droga zbiorcza","kat":"powiatowa"},"geometry":{"type":"LineString","coordinates":[[17.96802,50.53565],[17.96794,50.53534]]}},{"type":"Feature","properties":{"numer":"423","klasa":"droga gĹ‚Ăłwna","kat":"wojewodzka"},"geometry":{"type":"LineString","coordinates":[[17.97074,50.53329],[17.97095,50.53835],[17.97158,50.54013],[17.97246,50.54144]]}},{"type":"Feature","properties":{"numer":"1768O","klasa":"droga zbiorcza","kat":"powiatowa"},"geometry":{"type":"LineString","coordinates":[[17.97113,50.542],[17.97114,50.53999],[17.96856,50.53704],[17.96827,50.53655],[17.96802,50.53565]]}},{"type":"Feature","properties":{"numer":"1768O","klasa":"","kat":"powiatowa"},"geometry":{"type":"LineString","coordinates":[[17.97097,50.54667],[17.97092,50.54598],[17.97113,50.542]]}},{"type":"Feature","properties":{"numer":"423","klasa":"droga gĹ‚Ăłwna","kat":"wojewodzka"},"geometry":{"type":"LineString","coordinates":[[17.976966583969464,50.54663],[17.97246,50.54144]]}},{"type":"Feature","properties":{"numer":"1768O","klasa":"","kat":"powiatowa"},"geometry":{"type":"LineString","coordinates":[[17.971063782996666,50.546976928472844],[17.97098,50.54671]]}},{"type":"Feature","properties":{"numer":"1817O","klasa":"droga zbiorcza","kat":"powiatowa"},"geometry":{"type":"LineString","coordinates":[[18.114030955974343,50.54659932082137],[18.09424,50.54124],[18.09359,50.54113],[18.09045,50.54089],[18.08131,50.54154],[18.08069,50.54135],[18.08004,50.54103],[18.07895,50.54003],[18.07707,50.53998],[18.07642,50.53991],[18.07611,50.5398]]}},{"type":"Feature","properties":{"numer":"423","klasa":"droga gĹ‚Ăłwna","kat":"wojewodzka"},"geometry":{"type":"LineString","coordinates":[[18.13761,50.38689],[18.14035,50.38039],[18.140794294054686,50.37917760435925]]}},{"type":"Feature","properties":{"numer":"423","klasa":"droga gĹ‚Ăłwna","kat":"wojewodzka"},"geometry":{"type":"LineString","coordinates":[[18.13758,50.38696],[18.13761,50.38689]]}},{"type":"Feature","properties":{"numer":"423","klasa":"droga gĹ‚Ăłwna","kat":"wojewodzka"},"geometry":{"type":"LineString","coordinates":[[18.13728,50.39155],[18.13684,50.39082],[18.13712,50.39028],[18.13758,50.38696]]}},{"type":"Feature","properties":{"numer":"423","klasa":"droga gĹ‚Ăłwna","kat":"wojewodzka"},"geometry":{"type":"LineString","coordinates":[[18.12466,50.40172],[18.12513,50.40146],[18.12573,50.40076],[18.12628,50.3995],[18.12752,50.39757],[18.12835,50.39663],[18.12942,50.39564],[18.13306,50.39324],[18.13712,50.39175],[18.13728,50.39155]]}},{"type":"Feature","properties":{"numer":"1434O","klasa":"droga zbiorcza","kat":"powiatowa"},"geometry":{"type":"LineString","coordinates":[[18.13728,50.39155],[18.13845,50.39292],[18.14082,50.39524],[18.15171,50.40134],[18.15225,50.40171],[18.15415,50.40344]]}},{"type":"Feature","properties":{"numer":"423","klasa":"droga gĹ‚Ăłwna","kat":"wojewodzka"},"geometry":{"type":"LineString","coordinates":[[18.12455,50.40178],[18.12466,50.40172]]}},{"type":"Feature","properties":{"numer":"1434O","klasa":"","kat":"powiatowa"},"geometry":{"type":"LineString","coordinates":[[18.15415,50.40344],[18.15415433255269,50.40344399476045]]}},{"type":"Feature","properties":{"numer":"423","klasa":"droga gĹ‚Ăłwna","kat":"wojewodzka"},"geometry":{"type":"LineString","coordinates":[[18.11302,50.41511],[18.11839,50.40891],[18.1196,50.40644],[18.12,50.40529],[18.12036,50.40472],[18.12122,50.404],[18.12335,50.40311],[18.12387,50.40236],[18.12455,50.40178]]}},{"type":"Feature","properties":{"numer":"1408O","klasa":"","kat":"powiatowa"},"geometry":{"type":"LineString","coordinates":[[18.10542,50.41126],[18.10602,50.41154]]}},{"type":"Feature","properties":{"numer":"1408O","klasa":"","kat":"powiatowa"},"geometry":{"type":"LineString","coordinates":[[18.11232,50.41524],[18.10776,50.41192],[18.1076,50.41186],[18.10701,50.41193]]}},{"type":"Feature","properties":{"numer":"423","klasa":"droga gĹ‚Ăłwna","kat":"wojewodzka"},"geometry":{"type":"LineString","coordinates":[[18.11277,50.41552],[18.11302,50.41511]]}},{"type":"Feature","properties":{"numer":"1408O","klasa":"","kat":"powiatowa"},"geometry":{"type":"LineString","coordinates":[[18.11277,50.41552],[18.11232,50.41524]]}},{"type":"Feature","properties":{"numer":"1808O","klasa":"droga gĹ‚Ăłwna","kat":"powiatowa"},"geometry":{"type":"LineString","coordinates":[[18.11277,50.41552],[18.11313,50.41583]]}},{"type":"Feature","properties":{"numer":"423","klasa":"droga gĹ‚Ăłwna","kat":"wojewodzka"},"geometry":{"type":"LineString","coordinates":[[18.11233,50.41591],[18.11277,50.41552]]}},{"type":"Feature","properties":{"numer":"1808O","klasa":"droga gĹ‚Ăłwna","kat":"powiatowa"},"geometry":{"type":"LineString","coordinates":[[18.11313,50.41583],[18.11451,50.41684],[18.11742,50.41928],[18.12377,50.42364]]}},{"type":"Feature","properties":{"numer":"1401O","klasa":"droga gĹ‚Ăłwna","kat":"powiatowa"},"geometry":{"type":"LineString","coordinates":[[18.12533,50.42409],[18.12621,50.42343]]}},{"type":"Feature","properties":{"numer":"1808O","klasa":"droga gĹ‚Ăłwna","kat":"powiatowa"},"geometry":{"type":"LineString","coordinates":[[18.12377,50.42364],[18.12494,50.42435]]}},{"type":"Feature","properties":{"numer":"1401O","klasa":"droga gĹ‚Ăłwna","kat":"powiatowa"},"geometry":{"type":"LineString","coordinates":[[18.12494,50.42435],[18.12533,50.42409]]}},{"type":"Feature","properties":{"numer":"423","klasa":"droga gĹ‚Ăłwna","kat":"wojewodzka"},"geometry":{"type":"LineString","coordinates":[[18.09569,50.43293],[18.096,50.43267],[18.09699,50.4306],[18.09793,50.429],[18.09842,50.4265],[18.10334,50.42071],[18.1038,50.42038],[18.10535,50.41967],[18.10572,50.41959],[18.10722,50.41954],[18.1077,50.4194],[18.10938,50.41815],[18.11096,50.41744],[18.11233,50.41591]]}},{"type":"Feature","properties":{"numer":"1808O","klasa":"droga gĹ‚Ăłwna","kat":"powiatowa"},"geometry":{"type":"LineString","coordinates":[[18.12494,50.42435],[18.12765,50.42601]]}},{"type":"Feature","properties":{"numer":"1401O","klasa":"droga gĹ‚Ăłwna","kat":"powiatowa"},"geometry":{"type":"LineString","coordinates":[[18.12621,50.42343],[18.12675,50.42335],[18.14769,50.4264],[18.1480488066352,50.42644128733885]]}},{"type":"Feature","properties":{"numer":"1808O","klasa":"droga gĹ‚Ăłwna","kat":"powiatowa"},"geometry":{"type":"LineString","coordinates":[[18.12765,50.42601],[18.12794,50.42621],[18.12797,50.42655]]}},{"type":"Feature","properties":{"numer":"1808O","klasa":"droga gĹ‚Ăłwna","kat":"powiatowa"},"geometry":{"type":"LineString","coordinates":[[18.12797,50.42655],[18.12851,50.42978],[18.12798,50.43166],[18.12785,50.43261]]}},{"type":"Feature","properties":{"numer":"1444O","klasa":"droga zbiorcza","kat":"powiatowa"},"geometry":{"type":"LineString","coordinates":[[18.11186,50.43249],[18.11428,50.43193],[18.11599,50.43193],[18.11734,50.43209],[18.1224,50.43306],[18.12717,50.433]]}},{"type":"Feature","properties":{"numer":"1808O","klasa":"droga gĹ‚Ăłwna","kat":"powiatowa"},"geometry":{"type":"LineString","coordinates":[[18.12785,50.43261],[18.12783,50.43298]]}},{"type":"Feature","properties":{"numer":"1808O","klasa":"droga gĹ‚Ăłwna","kat":"powiatowa"},"geometry":{"type":"LineString","coordinates":[[18.12783,50.43298],[18.12838,50.43299]]}},{"type":"Feature","properties":{"numer":"1444O","klasa":"droga zbiorcza","kat":"powiatowa"},"geometry":{"type":"LineString","coordinates":[[18.12717,50.433],[18.12783,50.43298]]}},{"type":"Feature","properties":{"numer":"1443O","klasa":"droga zbiorcza","kat":"powiatowa"},"geometry":{"type":"LineString","coordinates":[[18.12783,50.43332],[18.12783,50.43298]]}},{"type":"Feature","properties":{"numer":"1444O","klasa":"","kat":"powiatowa"},"geometry":{"type":"LineString","coordinates":[[18.096,50.43317],[18.09863,50.43488],[18.09997,50.43538],[18.10034,50.43542],[18.10078,50.43533],[18.10223,50.43473],[18.10935,50.43326],[18.11186,50.43249]]}},{"type":"Feature","properties":{"numer":"1471O","klasa":"","kat":"powiatowa"},"geometry":{"type":"LineString","coordinates":[[18.15779801316881,50.43607477626402],[18.15619,50.4361],[18.14671,50.43707],[18.14548,50.43729],[18.14456,50.43756]]}},{"type":"Feature","properties":{"numer":"1808O","klasa":"droga gĹ‚Ăłwna","kat":"powiatowa"},"geometry":{"type":"LineString","coordinates":[[18.14456,50.43756],[18.14297,50.43728],[18.14063,50.4367],[18.13462,50.43437],[18.13199,50.43307],[18.12838,50.43299]]}},{"type":"Feature","properties":{"numer":"1808O","klasa":"droga gĹ‚Ăłwna","kat":"powiatowa"},"geometry":{"type":"LineString","coordinates":[[18.15367127059685,50.44240952398388],[18.1535,50.44237],[18.15316,50.44212],[18.1525,50.44049],[18.15204,50.4403],[18.15032,50.44],[18.14875,50.44019],[18.14841,50.44016],[18.1454,50.4379],[18.145,50.43767],[18.14456,50.43756]]}},{"type":"Feature","properties":{"numer":"1443O","klasa":"droga zbiorcza","kat":"powiatowa"},"geometry":{"type":"LineString","coordinates":[[18.12814,50.44824],[18.12825,50.44791],[18.12822,50.44643],[18.12871,50.44514],[18.12977,50.44292],[18.12983,50.44255],[18.12949,50.4406],[18.12802,50.4372],[18.12783,50.43332]]}},{"type":"Feature","properties":{"numer":"1471O","klasa":"","kat":"powiatowa"},"geometry":{"type":"LineString","coordinates":[[18.13064,50.44708],[18.13353,50.44561],[18.1412,50.43985],[18.14255,50.43869],[18.14456,50.43756]]}},{"type":"Feature","properties":{"numer":"1808O","klasa":"droga zbiorcza","kat":"powiatowa"},"geometry":{"type":"LineString","coordinates":[[18.15718123501199,50.443347410071944],[18.15721,50.44352],[18.15704,50.44368],[18.156698568220104,50.443778220101066]]}},{"type":"Feature","properties":{"numer":"1471O","klasa":"","kat":"powiatowa"},"geometry":{"type":"LineString","coordinates":[[18.12814,50.44824],[18.13064,50.44708]]}},{"type":"Feature","properties":{"numer":"1443O","klasa":"droga zbiorcza","kat":"powiatowa"},"geometry":{"type":"LineString","coordinates":[[18.10243,50.46319],[18.10524,50.46323],[18.1058,50.46312],[18.12241,50.45696],[18.12277,50.45646],[18.12298,50.45429],[18.1232,50.45388],[18.12372,50.45354],[18.12773,50.45174],[18.12799,50.45153],[18.12801,50.45116],[18.12724,50.45051],[18.12671,50.44941],[18.12692,50.44904],[18.12814,50.44824]]}},{"type":"Feature","properties":{"numer":"1443O,1454O","klasa":"droga zbiorcza","kat":"powiatowa"},"geometry":{"type":"LineString","coordinates":[[18.10052,50.46322],[18.10085,50.46316],[18.10243,50.46319]]}},{"type":"Feature","properties":{"numer":"A4,E40","klasa":"autostrada","kat":"krajowa"},"geometry":{"type":"LineString","coordinates":[[18.08949,50.47815],[18.11159,50.48151],[18.114,50.48173],[18.11598,50.48168],[18.11741,50.4815],[18.12168,50.4805],[18.12339,50.4802],[18.12813,50.47987],[18.13023,50.47958],[18.131025043852404,50.47938661095482]]}}]}