{"type":"FeatureCollection","features":[{"type":"Feature","properties":{"numer":"1189B","klasa":"","kat":"powiatowa"},"geometry":{"type":"LineString","coordinates":[[22.783638684121314,53.925793248313944],[22.78362,53.9258]]}},{"type":"Feature","properties":{"numer":"S61","klasa":"droga ekspresowa","kat":"krajowa"},"geometry":{"type":"LineString","coordinates":[[22.76389,53.94242],[22.76214,53.93814],[22.76133,53.93652],[22.760540291293427,53.935206589730115]]}},{"type":"Feature","properties":{"numer":"1190B","klasa":"","kat":"powiatowa"},"geometry":{"type":"LineString","coordinates":[[22.753381851373184,53.93964634894992],[22.75365,53.93979],[22.75411,53.94054],[22.75443,53.94073],[22.75616,53.94151],[22.75852,53.94271],[22.75938,53.94301],[22.76007,53.94343],[22.76106,53.94386],[22.76187,53.94439]]}},{"type":"Feature","properties":{"numer":"1189B","klasa":"droga zbiorcza","kat":"powiatowa"},"geometry":{"type":"LineString","coordinates":[[22.78362,53.9258],[22.78214,53.92639],[22.78102,53.92715],[22.78103,53.92734],[22.78799,53.93107],[22.78839,53.93143],[22.78911,53.93264],[22.78982,53.93324],[22.79368,53.93499],[22.79831,53.93777],[22.80361,53.94054],[22.8047,53.94119],[22.80491,53.94143],[22.80571,53.94349],[22.80582,53.94407],[22.80557,53.94463],[22.80407,53.94569],[22.8037,53.94635],[22.80415,53.95011],[22.80426,53.95239],[22.80389,53.95459],[22.80282,53.95736],[22.80284,53.95779],[22.80312,53.95841]]}},{"type":"Feature","properties":{"numer":"102408B","klasa":"droga lokalna","kat":"powiatowa"},"geometry":{"type":"LineString","coordinates":[[22.76389,53.94242],[22.76392,53.9424]]}},{"type":"Feature","properties":{"numer":"655","klasa":"droga gĹ‚Ăłwna","kat":"wojewodzka"},"geometry":{"type":"LineString","coordinates":[[22.70984,53.97125],[22.70931,53.97101],[22.70835,53.97071],[22.70709,53.97065],[22.70563,53.9709],[22.70218,53.97189],[22.701860630498526,53.9719316568915]]}},{"type":"Feature","properties":{"numer":"655","klasa":"droga gĹ‚Ăłwna","kat":"wojewodzka"},"geometry":{"type":"LineString","coordinates":[[22.76371,53.99062],[22.76247,53.99063],[22.75505,53.98916],[22.74998,53.98865],[22.74749,53.98819],[22.73882,53.98613],[22.73444,53.9848],[22.73382,53.98451],[22.73356,53.98426],[22.73055,53.98095],[22.72862,53.97998],[22.72683,53.97981],[22.72612,53.97966],[22.72474,53.97886],[22.72326,53.97761],[22.72042,53.97642],[22.72008,53.97618],[22.71728,53.97317],[22.71676,53.97299],[22.71235,53.97212],[22.71061,53.97161],[22.70984,53.97125]]}},{"type":"Feature","properties":{"numer":"102408B","klasa":"droga lokalna","kat":"powiatowa"},"geometry":{"type":"LineString","coordinates":[[22.76273,53.94356],[22.76389,53.94242]]}},{"type":"Feature","properties":{"numer":"102408B","klasa":"droga lokalna","kat":"powiatowa"},"geometry":{"type":"LineString","coordinates":[[22.76187,53.94439],[22.76273,53.94356]]}},{"type":"Feature","properties":{"numer":"8,E67","klasa":"droga gĹ‚Ăłwna ruchu przyĹ›pieszonego","kat":"gminna"},"geometry":{"type":"LineString","coordinates":[[22.81661,53.94448],[22.81549,53.94629],[22.81385,53.94857],[22.81127,53.95155],[22.80799,53.95473],[22.8058,53.95657],[22.80323,53.95855]]}},{"type":"Feature","properties":{"numer":"S61","klasa":"droga ekspresowa","kat":"krajowa"},"geometry":{"type":"LineString","coordinates":[[22.78545,53.97076],[22.77725,53.96401],[22.77497,53.96199],[22.77304,53.96003],[22.7708,53.95735],[22.76949,53.95542],[22.76807,53.9529],[22.76657,53.94937],[22.76389,53.94242]]}},{"type":"Feature","properties":{"numer":"1189B","klasa":"droga zbiorcza","kat":"powiatowa"},"geometry":{"type":"LineString","coordinates":[[22.80312,53.95841],[22.80323,53.95855]]}},{"type":"Feature","properties":{"numer":"1189B","klasa":"droga zbiorcza","kat":"powiatowa"},"geometry":{"type":"LineString","coordinates":[[22.80323,53.95855],[22.80334,53.95867]]}},{"type":"Feature","properties":{"numer":"1189B","klasa":"droga zbiorcza","kat":"powiatowa"},"geometry":{"type":"LineString","coordinates":[[22.80334,53.95867],[22.8044,53.95963],[22.80488,53.961],[22.80543,53.96167],[22.8112,53.96607]]}},{"type":"Feature","properties":{"numer":"8,E67","klasa":"droga gĹ‚Ăłwna ruchu przyĹ›pieszonego","kat":"gminna"},"geometry":{"type":"LineString","coordinates":[[22.80323,53.95855],[22.79515,53.96483],[22.79283,53.96652]]}},{"type":"Feature","properties":{"numer":"1190B","klasa":"","kat":"powiatowa"},"geometry":{"type":"LineString","coordinates":[[22.7851,53.98744],[22.77514,53.97992],[22.77504,53.97957],[22.77526,53.97922],[22.7769,53.97825],[22.77693,53.97797],[22.77676,53.97777],[22.77437,53.97657],[22.77045,53.97478],[22.76672,53.97394],[22.76486,53.97332],[22.76455,53.97314],[22.7583,53.96598],[22.75744,53.96537],[22.75654,53.96454],[22.7559,53.96414],[22.7548,53.96374],[22.75333,53.9627],[22.75307,53.96236],[22.75281,53.96154],[22.75224,53.96084],[22.75188,53.95924],[22.75166,53.95882],[22.75008,53.95731],[22.74926,53.95676],[22.74832,53.95636],[22.74848,53.95615],[22.75033,53.9551],[22.75153,53.95429],[22.75267,53.95381],[22.75337,53.95317],[22.75398,53.95235],[22.75393,53.95202],[22.75354,53.95148],[22.75361,53.95129],[22.75778,53.94878],[22.75922,53.94727],[22.7599,53.94681],[22.76042,53.94594],[22.76187,53.94439]]}},{"type":"Feature","properties":{"numer":"2540B","klasa":"","kat":"powiatowa"},"geometry":{"type":"LineString","coordinates":[[22.80764,53.97055],[22.81051,53.96682],[22.8112,53.96607]]}},{"type":"Feature","properties":{"numer":"655","klasa":"droga gĹ‚Ăłwna","kat":"wojewodzka"},"geometry":{"type":"LineString","coordinates":[[22.78614,53.99046],[22.78644,53.99054]]}},{"type":"Feature","properties":{"numer":"655","klasa":"droga gĹ‚Ăłwna","kat":"wojewodzka"},"geometry":{"type":"LineString","coordinates":[[22.76371,53.99062],[22.76491,53.99067]]}},{"type":"Feature","properties":{"numer":"655","klasa":"droga gĹ‚Ăłwna","kat":"wojewodzka"},"geometry":{"type":"LineString","coordinates":[[22.76491,53.99067],[22.76538,53.99079]]}},{"type":"Feature","properties":{"numer":"655","klasa":"droga gĹ‚Ăłwna","kat":"wojewodzka"},"geometry":{"type":"LineString","coordinates":[[22.76538,53.99079],[22.76597,53.99094]]}},{"type":"Feature","properties":{"numer":"655","klasa":"droga gĹ‚Ăłwna","kat":"wojewodzka"},"geometry":{"type":"LineString","coordinates":[[22.77703,53.99149],[22.76729,53.99113],[22.76597,53.99094]]}},{"type":"Feature","properties":{"numer":"655","klasa":"droga gĹ‚Ăłwna","kat":"wojewodzka"},"geometry":{"type":"LineString","coordinates":[[22.78644,53.99054],[22.78692,53.99062],[22.78982,53.99067],[22.79052,53.99075],[22.79147,53.99107],[22.79312,53.99192]]}},{"type":"Feature","properties":{"numer":"1123B,655","klasa":"droga gĹ‚Ăłwna","kat":"powiatowa"},"geometry":{"type":"LineString","coordinates":[[22.77793,53.99149],[22.77815,53.99136]]}},{"type":"Feature","properties":{"numer":"655","klasa":"droga gĹ‚Ăłwna","kat":"wojewodzka"},"geometry":{"type":"LineString","coordinates":[[22.77703,53.99149],[22.77762,53.99154]]}},{"type":"Feature","properties":{"numer":"1123B,655","klasa":"droga gĹ‚Ăłwna","kat":"powiatowa"},"geometry":{"type":"LineString","coordinates":[[22.77779,53.99159],[22.77793,53.99149]]}},{"type":"Feature","properties":{"numer":"1123B,655","klasa":"droga gĹ‚Ăłwna","kat":"powiatowa"},"geometry":{"type":"LineString","coordinates":[[22.77762,53.99154],[22.77779,53.99159]]}},{"type":"Feature","properties":{"numer":"1834N","klasa":"droga zbiorcza","kat":"powiatowa"},"geometry":{"type":"LineString","coordinates":[[22.65524,54.03585],[22.655171069429734,54.035743268794434]]}},{"type":"Feature","properties":{"numer":"1124B","klasa":"droga zbiorcza","kat":"powiatowa"},"geometry":{"type":"LineString","coordinates":[[22.65524,54.03585],[22.65598,54.03626],[22.65974,54.03752],[22.66036,54.03765],[22.66117,54.03767],[22.6642,54.03743],[22.66866,54.03727]]}},{"type":"Feature","properties":{"numer":"1836N","klasa":"","kat":"powiatowa"},"geometry":{"type":"LineString","coordinates":[[22.639239179532648,54.04280881489456],[22.63926,54.04282]]}},{"type":"Feature","properties":{"numer":"1122B","klasa":"droga zbiorcza","kat":"powiatowa"},"geometry":{"type":"LineString","coordinates":[[22.63926,54.04282],[22.64169,54.04356]]}},{"type":"Feature","properties":{"numer":"1125B","klasa":"","kat":"powiatowa"},"geometry":{"type":"LineString","coordinates":[[22.6975,53.99711],[22.69827,53.99504],[22.69914,53.99439],[22.70024,53.99396],[22.70117,53.99345],[22.70233,53.99211],[22.70228,53.99152],[22.70193,53.99094],[22.70022,53.99024],[22.69991,53.99002],[22.69937,53.98866],[22.69875,53.98796],[22.69861,53.98761],[22.69878,53.98652],[22.69928,53.98578],[22.69942,53.98527],[22.69878,53.98351],[22.69868,53.982],[22.6993,53.97989],[22.69972,53.9791],[22.70022,53.97711],[22.70136,53.97527],[22.70226,53.97434],[22.70301,53.97399],[22.70546,53.97367],[22.70762,53.97301],[22.70836,53.97258],[22.70914,53.97177],[22.70984,53.97125]]}},{"type":"Feature","properties":{"numer":"1125B","klasa":"","kat":"powiatowa"},"geometry":{"type":"LineString","coordinates":[[22.69989,54.00823],[22.69175,54.00544],[22.69024,54.00485],[22.69101,54.0039],[22.6935,54.00146],[22.6975,53.99711]]}},{"type":"Feature","properties":{"numer":"1123B","klasa":"droga zbiorcza","kat":"powiatowa"},"geometry":{"type":"LineString","coordinates":[[22.70631,54.01049],[22.70895,54.01132],[22.71035,54.01144],[22.71107,54.01158],[22.71297,54.01237],[22.7139,54.013],[22.71663,54.01395],[22.71749,54.01418],[22.72059,54.01432],[22.72981,54.01388],[22.73097,54.01355],[22.74998,54.0068],[22.7564,54.00328]]}},{"type":"Feature","properties":{"numer":"1125B","klasa":"","kat":"powiatowa"},"geometry":{"type":"LineString","coordinates":[[22.70631,54.01049],[22.70599,54.01032],[22.69989,54.00823]]}},{"type":"Feature","properties":{"numer":"1123B","klasa":"droga zbiorcza","kat":"powiatowa"},"geometry":{"type":"LineString","coordinates":[[22.66866,54.03727],[22.67032,54.03725],[22.67272,54.03745],[22.67552,54.03831],[22.67619,54.03834],[22.68475,54.03483],[22.68659,54.03421],[22.68711,54.03394],[22.68993,54.03127],[22.69112,54.02989],[22.69373,54.02375],[22.69423,54.02326],[22.69642,54.02174],[22.69687,54.02125],[22.69729,54.01898],[22.6975,54.0186],[22.70631,54.01049]]}},{"type":"Feature","properties":{"numer":"1120B","klasa":"droga gĹ‚Ăłwna","kat":"powiatowa"},"geometry":{"type":"LineString","coordinates":[[22.66395,54.09029],[22.66622,54.08848],[22.66735,54.0878],[22.67153,54.08637],[22.67308,54.08559],[22.67797,54.08059],[22.67867,54.08014],[22.68048,54.07936],[22.68302,54.07753],[22.68671,54.07206],[22.68739,54.0701],[22.68773,54.06978],[22.68888,54.06937],[22.69392,54.06793],[22.69807,54.06705],[22.69998,54.06679],[22.7008,54.06659],[22.70197,54.066],[22.70531,54.0634],[22.70618,54.06293],[22.70963,54.06186],[22.71694,54.06017],[22.71842,54.05976],[22.72303,54.05719],[22.7285,54.0549],[22.73024,54.05382],[22.73468,54.05178],[22.73713,54.05004],[22.74017,54.04817],[22.74067,54.04769],[22.74087,54.04731],[22.74372,54.03397],[22.74398,54.03344],[22.77098,54.00874]]}},{"type":"Feature","properties":{"numer":"653","klasa":"droga gĹ‚Ăłwna","kat":"wojewodzka"},"geometry":{"type":"LineString","coordinates":[[22.7066,54.08357],[22.71189,54.08235],[22.71362,54.08202],[22.71524,54.08183],[22.72053,54.08147],[22.72164,54.08132],[22.72255,54.08108],[22.72494,54.08025],[22.72602,54.08001],[22.72915,54.07984],[22.74225,54.07946],[22.7506,54.07829],[22.75224,54.07773],[22.76232,54.07329],[22.76899,54.07049],[22.77008,54.07024],[22.77082,54.07015],[22.77573,54.06992]]}},{"type":"Feature","properties":{"numer":"653","klasa":"droga gĹ‚Ăłwna","kat":"wojewodzka"},"geometry":{"type":"LineString","coordinates":[[22.6814,54.08688],[22.69081,54.08632],[22.69639,54.08571],[22.69885,54.0853],[22.7066,54.08357]]}},{"type":"Feature","properties":{"numer":"101924B,1117B","klasa":"droga gĹ‚Ăłwna","kat":"powiatowa"},"geometry":{"type":"LineString","coordinates":[[22.69681,54.11659],[22.69693,54.11657]]}},{"type":"Feature","properties":{"numer":"1117B","klasa":"droga gĹ‚Ăłwna","kat":"powiatowa"},"geometry":{"type":"LineString","coordinates":[[22.69693,54.11657],[22.70326,54.11537],[22.70471,54.11516],[22.70596,54.11526],[22.70851,54.11593],[22.7093,54.11605],[22.71018,54.11605],[22.71297,54.11575],[22.71391,54.11574],[22.7152,54.11596],[22.72294,54.11851],[22.72592,54.11853],[22.72763,54.11882],[22.72827,54.11884],[22.72897,54.11877],[22.73177,54.11803],[22.73233,54.11776],[22.73369,54.11684],[22.73449,54.11652],[22.73776,54.11561],[22.73819,54.11557],[22.73941,54.11566],[22.74371,54.11659],[22.75106,54.1198],[22.75257,54.12036],[22.75339,54.12048],[22.75427,54.12047],[22.75598,54.1201],[22.7566,54.12004],[22.75757,54.12009],[22.75829,54.12025],[22.76072,54.12133],[22.76243,54.12249],[22.76568,54.124]]}},{"type":"Feature","properties":{"numer":"1810N","klasa":"","kat":"powiatowa"},"geometry":{"type":"LineString","coordinates":[[22.637134863523574,54.097795601507215],[22.6373,54.09774]]}},{"type":"Feature","properties":{"numer":"8,E67","klasa":"droga gĹ‚Ăłwna ruchu przyĹ›pieszonego","kat":"gminna"},"geometry":{"type":"LineString","coordinates":[[22.8252143756941,53.92928493609124],[22.82308,53.93305]]}},{"type":"Feature","properties":{"numer":"8,E67","klasa":"droga gĹ‚Ăłwna ruchu przyĹ›pieszonego","kat":"gminna"},"geometry":{"type":"LineString","coordinates":[[22.82308,53.93305],[22.82294,53.93329]]}},{"type":"Feature","properties":{"numer":"8,E67","klasa":"droga gĹ‚Ăłwna ruchu przyĹ›pieszonego","kat":"gminna"},"geometry":{"type":"LineString","coordinates":[[22.82294,53.93329],[22.81675,53.94425]]}},{"type":"Feature","properties":{"numer":"8,E67","klasa":"droga gĹ‚Ăłwna ruchu przyĹ›pieszonego","kat":"gminna"},"geometry":{"type":"LineString","coordinates":[[22.81675,53.94425],[22.81661,53.94448]]}},{"type":"Feature","properties":{"numer":"2540B","klasa":"","kat":"powiatowa"},"geometry":{"type":"LineString","coordinates":[[22.8112,53.96607],[22.82299,53.95844],[22.82384,53.95763],[22.83192,53.94647],[22.83323,53.94178],[22.83341,53.93845],[22.83509568362873,53.93446021626336]]}},{"type":"Feature","properties":{"numer":"662","klasa":"droga gĹ‚Ăłwna ruchu przyĹ›pieszonego","kat":"wojewodzka"},"geometry":{"type":"LineString","coordinates":[[22.94572,54.01005],[22.94572091226261,54.010045644823236]]}},{"type":"Feature","properties":{"numer":"1146B","klasa":"droga zbiorcza","kat":"powiatowa"},"geometry":{"type":"LineString","coordinates":[[22.90663,54.00991],[22.907198226047907,54.00939161834226]]}},{"type":"Feature","properties":{"numer":"1185B","klasa":"","kat":"powiatowa"},"geometry":{"type":"LineString","coordinates":[[22.85494,53.96675],[22.85489,53.96663]]}},{"type":"Feature","properties":{"numer":"1185B","klasa":"","kat":"powiatowa"},"geometry":{"type":"LineString","coordinates":[[22.85507,53.96665],[22.85494,53.96675]]}},{"type":"Feature","properties":{"numer":"1185B","klasa":"","kat":"powiatowa"},"geometry":{"type":"LineString","coordinates":[[22.83876,53.96993],[22.85026,53.96749],[22.8516,53.96727],[22.85456,53.96659]]}},{"type":"Feature","properties":{"numer":"1185B","klasa":"","kat":"powiatowa"},"geometry":{"type":"LineString","coordinates":[[22.85494,53.96675],[22.85415,53.96785],[22.85884,53.96893],[22.85953,53.96892],[22.86279,53.96852],[22.86523,53.96833],[22.8665,53.96837],[22.87168,53.96883],[22.87201,53.9688],[22.87283,53.96853],[22.87361,53.96847],[22.87688,53.96888],[22.87909,53.96946],[22.88154,53.96972],[22.88166,53.9699],[22.8813,53.97078]]}},{"type":"Feature","properties":{"numer":"1185B","klasa":"","kat":"powiatowa"},"geometry":{"type":"LineString","coordinates":[[22.83347,53.97005],[22.83374,53.97017]]}},{"type":"Feature","properties":{"numer":"1185B","klasa":"","kat":"powiatowa"},"geometry":{"type":"LineString","coordinates":[[22.83374,53.97017],[22.8344,53.97041],[22.8362,53.97037],[22.83695,53.97031],[22.83876,53.96993]]}},{"type":"Feature","properties":{"numer":"1185B","klasa":"","kat":"powiatowa"},"geometry":{"type":"LineString","coordinates":[[22.8813,53.97078],[22.88119,53.97092]]}},{"type":"Feature","properties":{"numer":"1185B","klasa":"","kat":"powiatowa"},"geometry":{"type":"LineString","coordinates":[[22.80175,53.97813],[22.80199,53.97816],[22.80414,53.9775],[22.83196,53.96964],[22.83241,53.96962],[22.83347,53.97005]]}},{"type":"Feature","properties":{"numer":"1185B","klasa":"","kat":"powiatowa"},"geometry":{"type":"LineString","coordinates":[[22.88119,53.97092],[22.87978,53.97346],[22.87384,53.98568]]}},{"type":"Feature","properties":{"numer":"1184B","klasa":"","kat":"powiatowa"},"geometry":{"type":"LineString","coordinates":[[22.84588,53.99011],[22.84656,53.99056],[22.84775,53.99038],[22.84922,53.9897],[22.84976,53.98912],[22.85022,53.98887],[22.85069,53.98867],[22.85272,53.98808],[22.85462,53.98678],[22.85623,53.9861],[22.85707,53.98596],[22.85916,53.98581],[22.86042,53.98524],[22.86145,53.98498],[22.86248,53.98483],[22.86314,53.98482],[22.86375,53.9849],[22.86504,53.98533],[22.86608,53.98522],[22.8665,53.98524],[22.86807,53.98579],[22.86915,53.98593],[22.8713,53.98645],[22.87307,53.98701],[22.87384,53.98568]]}},{"type":"Feature","properties":{"numer":"8,E67","klasa":"droga gĹ‚Ăłwna ruchu przyĹ›pieszonego","kat":"gminna"},"geometry":{"type":"LineString","coordinates":[[22.79283,53.96652],[22.79127,53.96752],[22.78545,53.97076]]}},{"type":"Feature","properties":{"numer":"2540B","klasa":"","kat":"powiatowa"},"geometry":{"type":"LineString","coordinates":[[22.80759,53.97062],[22.80764,53.97055]]}},{"type":"Feature","properties":{"numer":"S61","klasa":"droga ekspresowa","kat":"krajowa"},"geometry":{"type":"LineString","coordinates":[[22.78961,53.97421],[22.78545,53.97076]]}},{"type":"Feature","properties":{"numer":"2540B","klasa":"","kat":"powiatowa"},"geometry":{"type":"LineString","coordinates":[[22.80175,53.97813],[22.80759,53.97062]]}},{"type":"Feature","properties":{"numer":"8,E67,S61","klasa":"droga ekspresowa","kat":"krajowa"},"geometry":{"type":"LineString","coordinates":[[22.78961,53.97421],[22.79737,53.98063]]}},{"type":"Feature","properties":{"numer":"2540B","klasa":"","kat":"powiatowa"},"geometry":{"type":"LineString","coordinates":[[22.79737,53.98063],[22.80175,53.97813]]}},{"type":"Feature","properties":{"numer":"2540B","klasa":"","kat":"powiatowa"},"geometry":{"type":"LineString","coordinates":[[22.7851,53.98744],[22.79737,53.98063]]}},{"type":"Feature","properties":{"numer":"2540B","klasa":"","kat":"powiatowa"},"geometry":{"type":"LineString","coordinates":[[22.78259,53.98884],[22.7851,53.98744]]}},{"type":"Feature","properties":{"numer":"655","klasa":"droga gĹ‚Ăłwna","kat":"wojewodzka"},"geometry":{"type":"LineString","coordinates":[[22.78259,53.98884],[22.78451,53.98985],[22.78614,53.99046]]}},{"type":"Feature","properties":{"numer":"655","klasa":"droga gĹ‚Ăłwna","kat":"wojewodzka"},"geometry":{"type":"LineString","coordinates":[[22.77815,53.99136],[22.78259,53.98884]]}},{"type":"Feature","properties":{"numer":"1184B","klasa":"","kat":"powiatowa"},"geometry":{"type":"LineString","coordinates":[[22.8458,53.99007],[22.84588,53.99011]]}},{"type":"Feature","properties":{"numer":"8,E67,S61","klasa":"droga ekspresowa","kat":"krajowa"},"geometry":{"type":"LineString","coordinates":[[22.79737,53.98063],[22.79987,53.98278],[22.80622,53.9892],[22.80792,53.99081],[22.80937,53.99193],[22.81059,53.99275],[22.81258,53.99391],[22.81436,53.99479],[22.81612,53.99553],[22.81954,53.99671],[22.83451,54.00061]]}},{"type":"Feature","properties":{"numer":"1184B","klasa":"","kat":"powiatowa"},"geometry":{"type":"LineString","coordinates":[[22.87384,53.98568],[22.87629,53.98652],[22.87693547811719,53.986598837021944]]}},{"type":"Feature","properties":{"numer":"1184B","klasa":"","kat":"powiatowa"},"geometry":{"type":"LineString","coordinates":[[22.83471,54.00041],[22.83556,53.9995],[22.84238,53.99461],[22.84298,53.99376],[22.84318,53.99231],[22.84372,53.99141],[22.84475,53.99008],[22.84521,53.98999],[22.8458,53.99007]]}},{"type":"Feature","properties":{"numer":"1184B","klasa":"","kat":"powiatowa"},"geometry":{"type":"LineString","coordinates":[[22.83451,54.00061],[22.83471,54.00041]]}},{"type":"Feature","properties":{"numer":"1184B","klasa":"","kat":"powiatowa"},"geometry":{"type":"LineString","coordinates":[[22.83422,54.00084],[22.83451,54.00061]]}},{"type":"Feature","properties":{"numer":"1184B","klasa":"","kat":"powiatowa"},"geometry":{"type":"LineString","coordinates":[[22.82375,54.01054],[22.82472,54.01006],[22.82708,54.00831],[22.8285,54.00597],[22.82879,54.00439],[22.83217,54.00193],[22.83422,54.00084]]}},{"type":"Feature","properties":{"numer":"655","klasa":"droga gĹ‚Ăłwna","kat":"wojewodzka"},"geometry":{"type":"LineString","coordinates":[[22.81952,54.00641],[22.82375,54.01054]]}},{"type":"Feature","properties":{"numer":"8,E67,S61","klasa":"droga ekspresowa","kat":"krajowa"},"geometry":{"type":"LineString","coordinates":[[22.83451,54.00061],[22.85692,54.00637],[22.86001,54.0073],[22.86264,54.0083],[22.86486,54.00934],[22.86702,54.01058],[22.86855,54.01161],[22.8699,54.0127],[22.87208,54.01491],[22.8754,54.01873]]}},{"type":"Feature","properties":{"numer":"1147B","klasa":"","kat":"powiatowa"},"geometry":{"type":"LineString","coordinates":[[22.88552,54.01182],[22.88638,54.01168],[22.88832,54.01176],[22.89023,54.01166],[22.89243,54.01138],[22.89525,54.01115],[22.89852,54.01073],[22.90363,54.01029]]}},{"type":"Feature","properties":{"numer":"1123B,655","klasa":"droga gĹ‚Ăłwna","kat":"powiatowa"},"geometry":{"type":"LineString","coordinates":[[22.77779,53.99159],[22.77763,53.99167]]}},{"type":"Feature","properties":{"numer":"1123B,655","klasa":"droga gĹ‚Ăłwna","kat":"powiatowa"},"geometry":{"type":"LineString","coordinates":[[22.77779,53.99159],[22.77798,53.99167]]}},{"type":"Feature","properties":{"numer":"1123B","klasa":"droga zbiorcza","kat":"powiatowa"},"geometry":{"type":"LineString","coordinates":[[22.7773,53.99182],[22.77763,53.99167]]}},{"type":"Feature","properties":{"numer":"1123B","klasa":"droga zbiorcza","kat":"powiatowa"},"geometry":{"type":"LineString","coordinates":[[22.7564,54.00328],[22.7773,53.99182]]}},{"type":"Feature","properties":{"numer":"655","klasa":"droga gĹ‚Ăłwna","kat":"wojewodzka"},"geometry":{"type":"LineString","coordinates":[[22.79312,53.99192],[22.81952,54.00641]]}},{"type":"Feature","properties":{"numer":"1120B","klasa":"droga gĹ‚Ăłwna","kat":"powiatowa"},"geometry":{"type":"LineString","coordinates":[[22.77098,54.00874],[22.78023,54.00026],[22.79312,53.99192]]}},{"type":"Feature","properties":{"numer":"1183B","klasa":"","kat":"powiatowa"},"geometry":{"type":"LineString","coordinates":[[22.7564,54.00328],[22.75662,54.00341],[22.76001,54.00452],[22.76035,54.00473]]}},{"type":"Feature","properties":{"numer":"1183B","klasa":"","kat":"powiatowa"},"geometry":{"type":"LineString","coordinates":[[22.76035,54.00473],[22.7605,54.00487]]}},{"type":"Feature","properties":{"numer":"1183B","klasa":"","kat":"powiatowa"},"geometry":{"type":"LineString","coordinates":[[22.7605,54.00487],[22.76138,54.00566]]}},{"type":"Feature","properties":{"numer":"1183B","klasa":"","kat":"powiatowa"},"geometry":{"type":"LineString","coordinates":[[22.76138,54.00566],[22.76197,54.00589],[22.76284,54.006],[22.76356,54.00622],[22.77098,54.00874]]}},{"type":"Feature","properties":{"numer":"1201B","klasa":"","kat":"powiatowa"},"geometry":{"type":"LineString","coordinates":[[22.98634,54.01872],[22.9879,54.01653],[22.988176565065842,54.016283333860194]]}},{"type":"Feature","properties":{"numer":"1150B","klasa":"droga zbiorcza","kat":"powiatowa"},"geometry":{"type":"LineString","coordinates":[[23.02359,54.01811],[23.02085,54.01831],[23.01814,54.01891],[23.01624,54.01918],[23.01534,54.01917],[23.01225,54.01846],[23.00561,54.01838],[23.00234,54.01688],[23.00164,54.01669],[23.00108,54.01664],[22.99881,54.01704],[22.9971,54.01706],[22.99139,54.01837],[22.99062,54.01843],[22.98817,54.01836],[22.98634,54.01872]]}},{"type":"Feature","properties":{"numer":"1150B","klasa":"droga zbiorcza","kat":"powiatowa"},"geometry":{"type":"LineString","coordinates":[[23.02359,54.01811],[23.02371,54.0181]]}},{"type":"Feature","properties":{"numer":"1150B","klasa":"droga zbiorcza","kat":"powiatowa"},"geometry":{"type":"LineString","coordinates":[[23.02371,54.0181],[23.0246,54.018],[23.02578,54.0177],[23.02638,54.01764],[23.02918,54.01792],[23.03219,54.01744],[23.03658,54.0174],[23.04094,54.01721],[23.04223,54.01702],[23.04309,54.01659],[23.04399,54.01638],[23.04475,54.01636],[23.04575,54.01653],[23.04632,54.01676],[23.04668,54.01775],[23.04767,54.01909],[23.04843,54.01982],[23.04848,54.02066],[23.05008,54.02415]]}},{"type":"Feature","properties":{"numer":"1150B","klasa":"droga zbiorcza","kat":"powiatowa"},"geometry":{"type":"LineString","coordinates":[[22.97941,54.02773],[22.98093,54.02395],[22.98126,54.0234],[22.98517,54.01969],[22.98634,54.01872]]}},{"type":"Feature","properties":{"numer":"1147B","klasa":"","kat":"powiatowa"},"geometry":{"type":"LineString","coordinates":[[22.88535,54.0119],[22.88552,54.01182]]}},{"type":"Feature","properties":{"numer":"655","klasa":"droga gĹ‚Ăłwna","kat":"wojewodzka"},"geometry":{"type":"LineString","coordinates":[[22.82375,54.01054],[22.82813,54.01486]]}},{"type":"Feature","properties":{"numer":"1147B","klasa":"","kat":"powiatowa"},"geometry":{"type":"LineString","coordinates":[[22.88535,54.0119],[22.88367,54.01349],[22.88219,54.01472],[22.88061,54.01641],[22.87891,54.01795],[22.8784,54.01817],[22.87591,54.01858],[22.8754,54.01873]]}},{"type":"Feature","properties":{"numer":"655","klasa":"droga gĹ‚Ăłwna","kat":"wojewodzka"},"geometry":{"type":"LineString","coordinates":[[22.82813,54.01486],[22.83365,54.01997],[22.8367,54.02706],[22.83947,54.0303],[22.84004,54.03083],[22.84084,54.03121],[22.84674,54.0321],[22.84857,54.03262]]}},{"type":"Feature","properties":{"numer":"1147B","klasa":"","kat":"powiatowa"},"geometry":{"type":"LineString","coordinates":[[22.8754,54.01873],[22.87391,54.01933],[22.87284,54.01958],[22.87137,54.01886],[22.86482,54.01664],[22.86449,54.01661],[22.86429,54.01667],[22.86023,54.02051],[22.86007,54.02082],[22.86024,54.02132],[22.86016,54.02148],[22.85844,54.02263],[22.85738,54.02365],[22.85509,54.02502],[22.85465,54.02543],[22.85372,54.02662],[22.85057,54.03256],[22.85002,54.03312]]}},{"type":"Feature","properties":{"numer":"8,E67,S61","klasa":"droga ekspresowa","kat":"krajowa"},"geometry":{"type":"LineString","coordinates":[[22.8754,54.01873],[22.88934,54.03479],[22.89121,54.03713]]}},{"type":"Feature","properties":{"numer":"1146B","klasa":"droga zbiorcza","kat":"powiatowa"},"geometry":{"type":"LineString","coordinates":[[22.89121,54.03713],[22.89208,54.03654],[22.8933,54.03548],[22.89483,54.03349],[22.89504,54.03232],[22.89558,54.03058],[22.89628,54.02913],[22.89687,54.02845],[22.89688,54.02827],[22.89629,54.02784],[22.89621,54.02754],[22.89713,54.02632],[22.89887,54.02458]]}},{"type":"Feature","properties":{"numer":"655","klasa":"droga gĹ‚Ăłwna","kat":"wojewodzka"},"geometry":{"type":"LineString","coordinates":[[22.84857,54.03262],[22.8487,54.03266]]}},{"type":"Feature","properties":{"numer":"655","klasa":"droga gĹ‚Ăłwna","kat":"wojewodzka"},"geometry":{"type":"LineString","coordinates":[[22.8487,54.03266],[22.85002,54.03312]]}},{"type":"Feature","properties":{"numer":"1147B,655","klasa":"droga gĹ‚Ăłwna","kat":"powiatowa"},"geometry":{"type":"LineString","coordinates":[[22.85002,54.03312],[22.85188,54.03378]]}},{"type":"Feature","properties":{"numer":"1147B","klasa":"","kat":"powiatowa"},"geometry":{"type":"LineString","coordinates":[[22.90388,54.01027],[22.9059,54.01006],[22.90663,54.00991]]}},{"type":"Feature","properties":{"numer":"1147B","klasa":"","kat":"powiatowa"},"geometry":{"type":"LineString","coordinates":[[22.90363,54.01029],[22.90388,54.01027]]}},{"type":"Feature","properties":{"numer":"1146B","klasa":"","kat":"powiatowa"},"geometry":{"type":"LineString","coordinates":[[22.89926,54.02415],[22.89921,54.02324],[22.89956,54.02201],[22.90041,54.02047],[22.90063,54.01943],[22.9014,54.01803],[22.90167,54.01705],[22.90172,54.0164],[22.90236,54.01568],[22.90306,54.01448],[22.90378,54.01361],[22.90447,54.01307],[22.90487,54.01237],[22.90628,54.01109],[22.9064,54.01032],[22.90663,54.00991]]}},{"type":"Feature","properties":{"numer":"1146B","klasa":"droga zbiorcza","kat":"powiatowa"},"geometry":{"type":"LineString","coordinates":[[22.89889,54.02456],[22.89926,54.02415]]}},{"type":"Feature","properties":{"numer":"1146B","klasa":"droga zbiorcza","kat":"powiatowa"},"geometry":{"type":"LineString","coordinates":[[22.89887,54.02458],[22.89889,54.02456]]}},{"type":"Feature","properties":{"numer":"662","klasa":"droga gĹ‚Ăłwna","kat":"wojewodzka"},"geometry":{"type":"LineString","coordinates":[[22.93964,54.03915],[22.94572,54.01005]]}},{"type":"Feature","properties":{"numer":"1148B","klasa":"droga gĹ‚Ăłwna","kat":"powiatowa"},"geometry":{"type":"LineString","coordinates":[[22.96924,54.03288],[22.96842,54.03296],[22.96534,54.03402],[22.96468,54.03418],[22.94861,54.0369],[22.9478,54.03716],[22.94657,54.03792],[22.94596,54.03821],[22.94063,54.03952]]}},{"type":"Feature","properties":{"numer":"662","klasa":"droga gĹ‚Ăłwna","kat":"wojewodzka"},"geometry":{"type":"LineString","coordinates":[[22.93958,54.0395],[22.93964,54.03915]]}},{"type":"Feature","properties":{"numer":"1148B","klasa":"droga gĹ‚Ăłwna","kat":"powiatowa"},"geometry":{"type":"LineString","coordinates":[[22.94063,54.03952],[22.93987,54.03964]]}},{"type":"Feature","properties":{"numer":"1148B","klasa":"droga gĹ‚Ăłwna","kat":"powiatowa"},"geometry":{"type":"LineString","coordinates":[[22.93987,54.03964],[22.93958,54.03968]]}},{"type":"Feature","properties":{"numer":"1183B","klasa":"","kat":"powiatowa"},"geometry":{"type":"LineString","coordinates":[[22.77098,54.00874],[22.77593,54.0104]]}},{"type":"Feature","properties":{"numer":"102384B,1183B","klasa":"","kat":"powiatowa"},"geometry":{"type":"LineString","coordinates":[[22.77593,54.0104],[22.77616,54.01048]]}},{"type":"Feature","properties":{"numer":"1119B","klasa":"droga zbiorcza","kat":"powiatowa"},"geometry":{"type":"LineString","coordinates":[[22.79678,54.01726],[22.80227,54.01328],[22.80436,54.01194],[22.80528,54.01159],[22.81048,54.01007],[22.8125,54.00905],[22.81294,54.009],[22.81502,54.00903],[22.81633,54.00879],[22.81952,54.00641]]}},{"type":"Feature","properties":{"numer":"1183B","klasa":"","kat":"powiatowa"},"geometry":{"type":"LineString","coordinates":[[22.77616,54.01048],[22.79059,54.01536],[22.79193,54.01567],[22.79678,54.01726]]}},{"type":"Feature","properties":{"numer":"1183B","klasa":"","kat":"powiatowa"},"geometry":{"type":"LineString","coordinates":[[22.79678,54.01726],[22.80396,54.01959],[22.80743,54.02096],[22.80765,54.02089],[22.80987,54.01867],[22.81221,54.01667],[22.81246,54.01655],[22.81302,54.01652],[22.81772,54.0169],[22.82189,54.01786],[22.82249,54.01786],[22.82345,54.01756],[22.82617,54.01586],[22.82813,54.01486]]}},{"type":"Feature","properties":{"numer":"1119B","klasa":"droga zbiorcza","kat":"powiatowa"},"geometry":{"type":"LineString","coordinates":[[22.77573,54.06992],[22.77563,54.06971],[22.77431,54.06856],[22.77387,54.06843],[22.77264,54.06824],[22.77066,54.06704],[22.77022,54.06662],[22.76978,54.06576],[22.76728,54.0639],[22.76615,54.06324],[22.76436,54.0625],[22.7632,54.06144],[22.75952,54.05893],[22.75899,54.0582],[22.75849,54.05494],[22.75795,54.0538],[22.758,54.05323],[22.75987,54.05014],[22.76107,54.0467],[22.76152,54.04603],[22.76207,54.04548],[22.76258,54.04518],[22.7645,54.04454],[22.76651,54.04339],[22.76919,54.04229],[22.76975,54.04198],[22.78731,54.02413],[22.79678,54.01726]]}},{"type":"Feature","properties":{"numer":"1147B","klasa":"","kat":"powiatowa"},"geometry":{"type":"LineString","coordinates":[[22.79451,54.06638],[22.7946,54.06631]]}},{"type":"Feature","properties":{"numer":"1147B","klasa":"","kat":"powiatowa"},"geometry":{"type":"LineString","coordinates":[[22.79034,54.07137],[22.79248,54.06812],[22.79451,54.06638]]}},{"type":"Feature","properties":{"numer":"653","klasa":"droga gĹ‚Ăłwna","kat":"wojewodzka"},"geometry":{"type":"LineString","coordinates":[[22.77573,54.06992],[22.78178,54.06968],[22.7825,54.06976],[22.78793,54.07084]]}},{"type":"Feature","properties":{"numer":"653","klasa":"droga gĹ‚Ăłwna","kat":"wojewodzka"},"geometry":{"type":"LineString","coordinates":[[22.78793,54.07084],[22.79034,54.07137]]}},{"type":"Feature","properties":{"numer":"655","klasa":"droga gĹ‚Ăłwna","kat":"wojewodzka"},"geometry":{"type":"LineString","coordinates":[[22.85188,54.03378],[22.87784,54.04285],[22.87912,54.04339],[22.88471,54.04614]]}},{"type":"Feature","properties":{"numer":"1147B","klasa":"","kat":"powiatowa"},"geometry":{"type":"LineString","coordinates":[[22.84768,54.04879],[22.84843,54.0482],[22.84951,54.04783],[22.85093,54.04586],[22.85034,54.0438],[22.85056,54.04286],[22.85023,54.04212],[22.8492,54.04082],[22.84885,54.03997],[22.84825,54.03901],[22.84809,54.03831],[22.84863,54.0378],[22.8501,54.03672],[22.85051,54.03626],[22.85183,54.03443],[22.85188,54.03378]]}},{"type":"Feature","properties":{"numer":"1146B","klasa":"droga zbiorcza","kat":"powiatowa"},"geometry":{"type":"LineString","coordinates":[[22.88471,54.04614],[22.8848,54.04474],[22.88765,54.04047],[22.88813,54.03915],[22.89121,54.03713]]}},{"type":"Feature","properties":{"numer":"8,E67,S61","klasa":"droga ekspresowa","kat":"krajowa"},"geometry":{"type":"LineString","coordinates":[[22.89121,54.03713],[22.89195,54.03834],[22.89274,54.0401],[22.89319,54.04173],[22.89338,54.0435],[22.89332,54.04493],[22.89289,54.04699],[22.89168,54.04987]]}},{"type":"Feature","properties":{"numer":"655","klasa":"droga gĹ‚Ăłwna","kat":"wojewodzka"},"geometry":{"type":"LineString","coordinates":[[22.88471,54.04614],[22.88905,54.0483]]}},{"type":"Feature","properties":{"numer":"655","klasa":"droga gĹ‚Ăłwna","kat":"wojewodzka"},"geometry":{"type":"LineString","coordinates":[[22.88905,54.0483],[22.88935,54.04845]]}},{"type":"Feature","properties":{"numer":"655","klasa":"droga gĹ‚Ăłwna","kat":"wojewodzka"},"geometry":{"type":"LineString","coordinates":[[22.88935,54.04845],[22.88973,54.04865]]}},{"type":"Feature","properties":{"numer":"655","klasa":"droga gĹ‚Ăłwna","kat":"wojewodzka"},"geometry":{"type":"LineString","coordinates":[[22.88999,54.04882],[22.88973,54.04865]]}},{"type":"Feature","properties":{"numer":"655","klasa":"droga gĹ‚Ăłwna","kat":"wojewodzka"},"geometry":{"type":"LineString","coordinates":[[22.89168,54.04987],[22.88999,54.04882]]}},{"type":"Feature","properties":{"numer":"8,E67,S61","klasa":"droga ekspresowa","kat":"krajowa"},"geometry":{"type":"LineString","coordinates":[[22.89168,54.04987],[22.89155,54.05013]]}},{"type":"Feature","properties":{"numer":"8,E67","klasa":"droga gĹ‚Ăłwna ruchu przyĹ›pieszonego","kat":"gminna"},"geometry":{"type":"LineString","coordinates":[[22.93958,54.03968],[22.93928,54.03971]]}},{"type":"Feature","properties":{"numer":"8,E67","klasa":"droga gĹ‚Ăłwna ruchu przyĹ›pieszonego","kat":"gminna"},"geometry":{"type":"LineString","coordinates":[[22.93957,54.03987],[22.93958,54.03968]]}},{"type":"Feature","properties":{"numer":"8,E67","klasa":"droga gĹ‚Ăłwna ruchu przyĹ›pieszonego","kat":"gminna"},"geometry":{"type":"LineString","coordinates":[[22.93928,54.03971],[22.9381,54.04007]]}},{"type":"Feature","properties":{"numer":"8,E67","klasa":"droga gĹ‚Ăłwna ruchu przyĹ›pieszonego","kat":"gminna"},"geometry":{"type":"LineString","coordinates":[[22.93952,54.04021],[22.93957,54.03987]]}},{"type":"Feature","properties":{"numer":"8,E67","klasa":"droga gĹ‚Ăłwna ruchu przyĹ›pieszonego","kat":"gminna"},"geometry":{"type":"LineString","coordinates":[[22.9381,54.04007],[22.93697,54.04036],[22.93462,54.0405]]}},{"type":"Feature","properties":{"numer":"1148B","klasa":"droga zbiorcza","kat":"powiatowa"},"geometry":{"type":"LineString","coordinates":[[22.93462,54.0405],[22.93460541088224,54.04050344346508]]}},{"type":"Feature","properties":{"numer":"8,E67","klasa":"droga gĹ‚Ăłwna ruchu przyĹ›pieszonego","kat":"gminna"},"geometry":{"type":"LineString","coordinates":[[22.93729,54.05058],[22.93952,54.04021]]}},{"type":"Feature","properties":{"numer":"8,E67","klasa":"droga gĹ‚Ăłwna ruchu przyĹ›pieszonego","kat":"gminna"},"geometry":{"type":"LineString","coordinates":[[22.89476,54.05185],[22.89553,54.05142],[22.89584657760813,54.051184936386775]]}},{"type":"Feature","properties":{"numer":"662","klasa":"droga gĹ‚Ăłwna","kat":"wojewodzka"},"geometry":{"type":"LineString","coordinates":[[22.93728991077705,54.05058044341102],[22.93729,54.05058]]}},{"type":"Feature","properties":{"numer":"1149B","klasa":"droga zbiorcza","kat":"powiatowa"},"geometry":{"type":"LineString","coordinates":[[22.96152193759934,54.054519941978725],[22.96316,54.0525],[22.96332,54.05192],[22.9632,54.05103],[22.96348,54.05068],[22.96409,54.05026],[22.96433,54.04984],[22.96595,54.04491],[22.96884,54.04063],[22.97017,54.03814],[22.97032,54.03737],[22.97016,54.03584],[22.96989,54.03491],[22.96932,54.03364],[22.96924,54.03288]]}},{"type":"Feature","properties":{"numer":"655","klasa":"droga gĹ‚Ăłwna","kat":"wojewodzka"},"geometry":{"type":"LineString","coordinates":[[22.894323195156815,54.0524336105272],[22.89432,54.05243]]}},{"type":"Feature","properties":{"numer":"1148B","klasa":"droga gĹ‚Ăłwna","kat":"powiatowa"},"geometry":{"type":"LineString","coordinates":[[22.97929,54.02805],[22.97941,54.02773]]}},{"type":"Feature","properties":{"numer":"1150B","klasa":"droga zbiorcza","kat":"powiatowa"},"geometry":{"type":"LineString","coordinates":[[22.97982,54.02826],[22.97929,54.02805]]}},{"type":"Feature","properties":{"numer":"1148B","klasa":"droga gĹ‚Ăłwna","kat":"powiatowa"},"geometry":{"type":"LineString","coordinates":[[22.96924,54.03288],[22.96973,54.03281],[22.97123,54.03232],[22.97409,54.03087],[22.97848,54.02902],[22.97898,54.02868],[22.97929,54.02805]]}},{"type":"Feature","properties":{"numer":"1150B","klasa":"droga zbiorcza","kat":"powiatowa"},"geometry":{"type":"LineString","coordinates":[[22.97982,54.02826],[22.98008,54.02861],[22.98051,54.02963],[22.98155,54.03067],[22.98195,54.0313],[22.98431,54.03806],[22.98521,54.04144],[22.98634,54.04384],[22.98674,54.04428],[22.99051,54.04752],[23.00095,54.05684],[22.99226,54.06372],[22.99201,54.06407],[22.9919,54.0646],[22.99197,54.06502],[22.99228,54.06563]]}},{"type":"Feature","properties":{"numer":"1150B","klasa":"droga zbiorcza","kat":"powiatowa"},"geometry":{"type":"LineString","coordinates":[[22.99315,54.06736],[22.99295,54.06669],[22.99228,54.06563]]}},{"type":"Feature","properties":{"numer":"1150B","klasa":"droga zbiorcza","kat":"powiatowa"},"geometry":{"type":"LineString","coordinates":[[22.99316,54.06749],[22.99315,54.06736]]}},{"type":"Feature","properties":{"numer":"1150B","klasa":"droga zbiorcza","kat":"powiatowa"},"geometry":{"type":"LineString","coordinates":[[23.0073,54.08437],[23.00675,54.08398],[23.00662,54.08378],[23.00619,54.08216],[23.00633,54.08088],[23.00587,54.07906],[23.00615,54.07815],[23.00595,54.07576],[23.00505,54.07428],[23.00444,54.07269],[23.00376,54.0724],[23.00206,54.07196],[23.00053,54.07139],[22.99954,54.07085],[22.99781,54.06936],[22.99348,54.06787],[22.99326,54.06776],[22.99316,54.06749]]}},{"type":"Feature","properties":{"numer":"653","klasa":"droga gĹ‚Ăłwna","kat":"wojewodzka"},"geometry":{"type":"LineString","coordinates":[[23.0073,54.08437],[23.0143,54.08287],[23.01573,54.08238],[23.02453,54.07502],[23.02509,54.07473],[23.02608,54.0744],[23.02801,54.07389],[23.02858,54.07382],[23.02939,54.0738],[23.03431,54.07397],[23.03688,54.07421],[23.04042,54.07416],[23.04172,54.07426],[23.04627,54.07549],[23.06347,54.07808],[23.07195,54.08026]]}},{"type":"Feature","properties":{"numer":"1181B","klasa":"","kat":"powiatowa"},"geometry":{"type":"LineString","coordinates":[[23.07566,54.0808],[23.07573,54.07813],[23.07542,54.07651],[23.07584,54.07616],[23.07828,54.07639],[23.08011,54.07676],[23.08202,54.07699],[23.08238,54.07709],[23.0843,54.07999],[23.08497,54.08031],[23.0883,54.08157],[23.08914,54.08257]]}},{"type":"Feature","properties":{"numer":"653","klasa":"droga gĹ‚Ăłwna","kat":"wojewodzka"},"geometry":{"type":"LineString","coordinates":[[23.07195,54.08026],[23.07564,54.08129]]}},{"type":"Feature","properties":{"numer":"655","klasa":"droga gĹ‚Ăłwna","kat":"wojewodzka"},"geometry":{"type":"LineString","coordinates":[[22.89359,54.05165],[22.89256,54.0505],[22.89168,54.04987]]}},{"type":"Feature","properties":{"numer":"655","klasa":"droga gĹ‚Ăłwna","kat":"wojewodzka"},"geometry":{"type":"LineString","coordinates":[[22.89393,54.05199],[22.89359,54.05165]]}},{"type":"Feature","properties":{"numer":"8,E67","klasa":"droga gĹ‚Ăłwna ruchu przyĹ›pieszonego","kat":"gminna"},"geometry":{"type":"LineString","coordinates":[[22.8943,54.05203],[22.89476,54.05185]]}},{"type":"Feature","properties":{"numer":"655","klasa":"droga gĹ‚Ăłwna","kat":"wojewodzka"},"geometry":{"type":"LineString","coordinates":[[22.89405,54.05213],[22.89393,54.05199]]}},{"type":"Feature","properties":{"numer":"8,E67","klasa":"droga gĹ‚Ăłwna ruchu przyĹ›pieszonego","kat":"gminna"},"geometry":{"type":"LineString","coordinates":[[22.89405,54.05213],[22.8943,54.05203]]}},{"type":"Feature","properties":{"numer":"655","klasa":"droga gĹ‚Ăłwna","kat":"wojewodzka"},"geometry":{"type":"LineString","coordinates":[[22.89405,54.05213],[22.89417,54.05225]]}},{"type":"Feature","properties":{"numer":"655","klasa":"droga gĹ‚Ăłwna","kat":"wojewodzka"},"geometry":{"type":"LineString","coordinates":[[22.89417,54.05225],[22.89432,54.05243]]}},{"type":"Feature","properties":{"numer":"1147B","klasa":"","kat":"powiatowa"},"geometry":{"type":"LineString","coordinates":[[22.7946,54.06631],[22.7954,54.06568],[22.79901,54.0634],[22.80154,54.0606],[22.80242,54.0599],[22.8037,54.05842],[22.80464,54.05783],[22.8073,54.05646],[22.81238,54.05972],[22.81268,54.05982],[22.81488,54.06015],[22.81904,54.06296],[22.81945,54.06307],[22.82052,54.06246],[22.82149,54.06202],[22.82344,54.0614],[22.82506,54.06036],[22.82646,54.0596],[22.82995,54.05748],[22.83482,54.05386],[22.83602,54.0525],[22.83722,54.05148],[22.83854,54.05103],[22.84034,54.05006],[22.84109,54.04978],[22.84358,54.04956],[22.84768,54.04879]]}},{"type":"Feature","properties":{"numer":"1146B","klasa":"droga zbiorcza","kat":"powiatowa"},"geometry":{"type":"LineString","coordinates":[[22.83263,54.07954],[22.83384,54.07949],[22.83443,54.07937],[22.83582,54.07847],[22.83636,54.07821],[22.84126,54.07658],[22.84635,54.0747],[22.84733,54.07427],[22.84903,54.07426],[22.85002,54.07411],[22.85471,54.07241],[22.86126,54.07027],[22.86239,54.06978],[22.86487,54.06786],[22.86579,54.06693],[22.8676,54.06561],[22.86825,54.06517],[22.87226,54.06291],[22.87369,54.06048],[22.87567,54.05763],[22.87634,54.05696],[22.87732,54.05626],[22.87898,54.05479],[22.87951,54.05412],[22.88082,54.05068],[22.88162,54.04968],[22.882,54.04862],[22.88312,54.04772],[22.88439,54.04701],[22.88465,54.04667],[22.88471,54.04614]]}},{"type":"Feature","properties":{"numer":"S61","klasa":"droga ekspresowa","kat":"krajowa"},"geometry":{"type":"LineString","coordinates":[[22.89155,54.05013],[22.88505,54.0635],[22.87074,54.08841],[22.86997,54.09002],[22.86956,54.09114]]}},{"type":"Feature","properties":{"numer":"1151B","klasa":"droga zbiorcza","kat":"powiatowa"},"geometry":{"type":"LineString","coordinates":[[22.99228,54.06563],[22.99122,54.06614],[22.98885,54.06692],[22.98391,54.06743],[22.98352,54.06758],[22.98227,54.06835],[22.98148,54.06866],[22.97916,54.0691],[22.97773,54.06961],[22.9754,54.06989],[22.97477,54.07009],[22.97329,54.07124],[22.97081,54.07374],[22.96921,54.07497],[22.968500765352196,54.075347495860925]]}},{"type":"Feature","properties":{"numer":"1146B","klasa":"","kat":"powiatowa"},"geometry":{"type":"LineString","coordinates":[[22.81889,54.0814],[22.81965,54.08056],[22.82021,54.08035],[22.82485,54.08015],[22.8272,54.07988],[22.82875,54.07986],[22.83099,54.0796],[22.83263,54.07954]]}},{"type":"Feature","properties":{"numer":"1146B","klasa":"droga zbiorcza","kat":"powiatowa"},"geometry":{"type":"LineString","coordinates":[[22.81616,54.08421],[22.81889,54.0814]]}},{"type":"Feature","properties":{"numer":"653","klasa":"droga gĹ‚Ăłwna","kat":"wojewodzka"},"geometry":{"type":"LineString","coordinates":[[22.81616,54.08421],[22.81802,54.08456],[22.82156,54.08474],[22.82917,54.08587]]}},{"type":"Feature","properties":{"numer":"653","klasa":"droga gĹ‚Ăłwna","kat":"wojewodzka"},"geometry":{"type":"LineString","coordinates":[[22.82917,54.08587],[22.83981,54.08745],[22.85154,54.08833],[22.86265,54.09082],[22.86401,54.09103]]}},{"type":"Feature","properties":{"numer":"653","klasa":"droga gĹ‚Ăłwna","kat":"wojewodzka"},"geometry":{"type":"LineString","coordinates":[[22.86401,54.09103],[22.86448,54.09108]]}},{"type":"Feature","properties":{"numer":"653","klasa":"droga gĹ‚Ăłwna","kat":"wojewodzka"},"geometry":{"type":"LineString","coordinates":[[22.86448,54.09108],[22.86513,54.09111]]}},{"type":"Feature","properties":{"numer":"653","klasa":"droga gĹ‚Ăłwna","kat":"wojewodzka"},"geometry":{"type":"LineString","coordinates":[[22.86513,54.09111],[22.86561,54.09109]]}},{"type":"Feature","properties":{"numer":"653","klasa":"droga gĹ‚Ăłwna","kat":"wojewodzka"},"geometry":{"type":"LineString","coordinates":[[22.86561,54.09109],[22.86909,54.09113]]}},{"type":"Feature","properties":{"numer":"653","klasa":"droga gĹ‚Ăłwna","kat":"wojewodzka"},"geometry":{"type":"LineString","coordinates":[[22.86909,54.09113],[22.86956,54.09114]]}},{"type":"Feature","properties":{"numer":"653","klasa":"droga gĹ‚Ăłwna","kat":"wojewodzka"},"geometry":{"type":"LineString","coordinates":[[22.86956,54.09114],[22.87002,54.09115]]}},{"type":"Feature","properties":{"numer":"2414B","klasa":"droga zbiorcza","kat":"powiatowa"},"geometry":{"type":"LineString","coordinates":[[22.886960545856898,54.0844301819523],[22.88696,54.08443]]}},{"type":"Feature","properties":{"numer":"1181B","klasa":"","kat":"powiatowa"},"geometry":{"type":"LineString","coordinates":[[23.07566,54.0808],[23.07564,54.08129]]}},{"type":"Feature","properties":{"numer":"653","klasa":"droga gĹ‚Ăłwna","kat":"wojewodzka"},"geometry":{"type":"LineString","coordinates":[[23.07564,54.08129],[23.07934,54.08251],[23.08059,54.0827],[23.08202,54.08271]]}},{"type":"Feature","properties":{"numer":"1180B","klasa":"","kat":"powiatowa"},"geometry":{"type":"LineString","coordinates":[[23.08202,54.08271],[23.08211,54.08287],[23.08224,54.08292],[23.08504,54.08353]]}},{"type":"Feature","properties":{"numer":"1152B","klasa":"","kat":"powiatowa"},"geometry":{"type":"LineString","coordinates":[[23.06267,54.0968],[23.06534,54.09643],[23.06667,54.09611],[23.06742,54.0957],[23.06839,54.09494],[23.06905,54.0948],[23.07109,54.09463],[23.07246,54.09412],[23.07297,54.09369],[23.07297,54.09339],[23.07242,54.09237],[23.07247,54.0894],[23.07224,54.08602],[23.07232,54.08224],[23.07195,54.08026]]}},{"type":"Feature","properties":{"numer":"653","klasa":"droga gĹ‚Ăłwna","kat":"wojewodzka"},"geometry":{"type":"LineString","coordinates":[[22.98147803984604,54.09160058435026],[22.99328,54.08743],[23.0073,54.08437]]}},{"type":"Feature","properties":{"numer":"1152B","klasa":"","kat":"powiatowa"},"geometry":{"type":"LineString","coordinates":[[23.06254,54.09683],[23.06267,54.0968]]}},{"type":"Feature","properties":{"numer":"1152B","klasa":"","kat":"powiatowa"},"geometry":{"type":"LineString","coordinates":[[22.977083566273524,54.10037806535901],[22.98231,54.10027],[22.9873,54.10037],[22.98787,54.10034],[22.99109,54.09981],[22.99215,54.1],[22.99448,54.10075],[22.99501,54.10069],[22.99641,54.10039]]}},{"type":"Feature","properties":{"numer":"1152B","klasa":"","kat":"powiatowa"},"geometry":{"type":"LineString","coordinates":[[22.99641,54.10039],[22.99737,54.10018]]}},{"type":"Feature","properties":{"numer":"1152B","klasa":"","kat":"powiatowa"},"geometry":{"type":"LineString","coordinates":[[23.05044,54.10493],[23.05076,54.10486],[23.05558,54.10235],[23.0564,54.10174],[23.05702,54.10111],[23.05733,54.10064],[23.05758,54.09942],[23.05894,54.09804],[23.06002,54.09782],[23.06152,54.09706],[23.06254,54.09683]]}},{"type":"Feature","properties":{"numer":"1152B","klasa":"","kat":"powiatowa"},"geometry":{"type":"LineString","coordinates":[[22.99737,54.10018],[22.99875,54.10008],[23.00176,54.10025],[23.00214,54.10042],[23.00269,54.10091],[23.00319,54.10108],[23.0155,54.10333],[23.01748,54.10395],[23.01799,54.10436],[23.02014,54.10533]]}},{"type":"Feature","properties":{"numer":"653","klasa":"droga gĹ‚Ăłwna","kat":"wojewodzka"},"geometry":{"type":"LineString","coordinates":[[22.87002,54.09115],[22.87077,54.09117]]}},{"type":"Feature","properties":{"numer":"S61","klasa":"droga ekspresowa","kat":"krajowa"},"geometry":{"type":"LineString","coordinates":[[22.86956,54.09114],[22.86954,54.09119]]}},{"type":"Feature","properties":{"numer":"653","klasa":"droga gĹ‚Ăłwna","kat":"wojewodzka"},"geometry":{"type":"LineString","coordinates":[[22.87328,54.09118],[22.87413,54.09113],[22.87508,54.0912]]}},{"type":"Feature","properties":{"numer":"653","klasa":"droga zbiorcza","kat":"wojewodzka"},"geometry":{"type":"LineString","coordinates":[[22.87328,54.09118],[22.87077,54.09117]]}},{"type":"Feature","properties":{"numer":"653","klasa":"droga gĹ‚Ăłwna","kat":"wojewodzka"},"geometry":{"type":"LineString","coordinates":[[22.87508,54.0912],[22.88211,54.09243]]}},{"type":"Feature","properties":{"numer":"E67,S61","klasa":"droga ekspresowa","kat":"krajowa"},"geometry":{"type":"LineString","coordinates":[[22.869534966930498,54.091211929802824],[22.86954,54.09119]]}},{"type":"Feature","properties":{"numer":"653","klasa":"droga zbiorcza","kat":"wojewodzka"},"geometry":{"type":"LineString","coordinates":[[22.88211,54.09243],[22.882116038246338,54.09243106714221]]}},{"type":"Feature","properties":{"numer":"S61","klasa":"droga ekspresowa","kat":"krajowa"},"geometry":{"type":"LineString","coordinates":[[22.868989457478005,54.09419170087977],[22.86898,54.09457]]}},{"type":"Feature","properties":{"numer":"E67,S61","klasa":"droga ekspresowa","kat":"krajowa"},"geometry":{"type":"LineString","coordinates":[[22.86899421708647,54.09476524798754],[22.86898,54.09457]]}},{"type":"Feature","properties":{"numer":"S61","klasa":"droga ekspresowa","kat":"krajowa"},"geometry":{"type":"LineString","coordinates":[[22.869131814861028,54.09663743394998],[22.86965,54.09876]]}},{"type":"Feature","properties":{"numer":"E67,S61","klasa":"droga ekspresowa","kat":"krajowa"},"geometry":{"type":"LineString","coordinates":[[22.86965094371924,54.09876265140167],[22.86965,54.09876]]}},{"type":"Feature","properties":{"numer":"S61","klasa":"droga ekspresowa","kat":"krajowa"},"geometry":{"type":"LineString","coordinates":[[22.86986162944853,54.099353287994354],[22.87098,54.10161],[22.874026025036148,54.10633383554786]]}},{"type":"Feature","properties":{"numer":"1171B","klasa":"droga zbiorcza","kat":"powiatowa"},"geometry":{"type":"LineString","coordinates":[[23.11733,54.06946],[23.11698,54.06905],[23.11547,54.06795],[23.1123,54.06655],[23.11224,54.06635],[23.11274,54.06498],[23.11322,54.06418],[23.11373,54.06386],[23.11474,54.06355],[23.115521334831787,54.06343709034223]]}},{"type":"Feature","properties":{"numer":"1171B","klasa":"droga zbiorcza","kat":"powiatowa"},"geometry":{"type":"LineString","coordinates":[[23.119131343119264,54.06266777247706],[23.11993,54.06234],[23.121057861213544,54.062187586322494]]}},{"type":"Feature","properties":{"numer":"1171B","klasa":"droga zbiorcza","kat":"powiatowa"},"geometry":{"type":"LineString","coordinates":[[23.11745,54.06974],[23.11733,54.06946]]}},{"type":"Feature","properties":{"numer":"1172B","klasa":"","kat":"powiatowa"},"geometry":{"type":"LineString","coordinates":[[23.0852,54.06922],[23.08621,54.06955],[23.08679,54.06959],[23.08855,54.06942],[23.09294,54.06937],[23.09432,54.06946],[23.0956,54.06933],[23.09642,54.06933],[23.09701,54.06955],[23.1024,54.07308],[23.10352,54.07368],[23.10587,54.07398],[23.10848,54.07491],[23.11342,54.07465],[23.11624,54.07492]]}},{"type":"Feature","properties":{"numer":"1171B","klasa":"droga zbiorcza","kat":"powiatowa"},"geometry":{"type":"LineString","coordinates":[[23.11745,54.06974],[23.11736,54.07052],[23.11674,54.07186],[23.11691,54.0737],[23.11634,54.07452],[23.11624,54.07492]]}},{"type":"Feature","properties":{"numer":"1171B","klasa":"droga zbiorcza","kat":"powiatowa"},"geometry":{"type":"LineString","coordinates":[[23.11624,54.07492],[23.11611,54.07559],[23.11556,54.07612],[23.11407,54.07716],[23.1138,54.07747],[23.11357,54.078],[23.11356,54.07977],[23.113606308849167,54.07986893254141]]}},{"type":"Feature","properties":{"numer":"653","klasa":"droga gĹ‚Ăłwna","kat":"wojewodzka"},"geometry":{"type":"LineString","coordinates":[[23.10693447003755,54.08217226238959],[23.09885,54.08335],[23.09793,54.08333],[23.09224,54.08258],[23.09096,54.08254]]}},{"type":"Feature","properties":{"numer":"653","klasa":"droga gĹ‚Ăłwna","kat":"wojewodzka"},"geometry":{"type":"LineString","coordinates":[[23.09096,54.08254],[23.09075,54.08254]]}},{"type":"Feature","properties":{"numer":"653","klasa":"droga gĹ‚Ăłwna","kat":"wojewodzka"},"geometry":{"type":"LineString","coordinates":[[23.08914,54.08257],[23.09075,54.08254]]}},{"type":"Feature","properties":{"numer":"653","klasa":"droga gĹ‚Ăłwna","kat":"wojewodzka"},"geometry":{"type":"LineString","coordinates":[[23.0882,54.08259],[23.08914,54.08257]]}},{"type":"Feature","properties":{"numer":"653","klasa":"droga gĹ‚Ăłwna","kat":"wojewodzka"},"geometry":{"type":"LineString","coordinates":[[23.08202,54.08271],[23.0882,54.08259]]}},{"type":"Feature","properties":{"numer":"1180B","klasa":"","kat":"powiatowa"},"geometry":{"type":"LineString","coordinates":[[23.08504,54.08353],[23.08814,54.08284],[23.0882,54.08259]]}},{"type":"Feature","properties":{"numer":"1180B","klasa":"","kat":"powiatowa"},"geometry":{"type":"LineString","coordinates":[[23.09416,54.08863],[23.08649,54.08833],[23.08603,54.08823],[23.08567,54.08781],[23.08552,54.08713],[23.08629,54.08564],[23.08631,54.08532],[23.08595,54.08457],[23.08504,54.08353]]}},{"type":"Feature","properties":{"numer":"1180B","klasa":"","kat":"powiatowa"},"geometry":{"type":"LineString","coordinates":[[23.09435,54.08867],[23.09416,54.08863]]}},{"type":"Feature","properties":{"numer":"1180B","klasa":"","kat":"powiatowa"},"geometry":{"type":"LineString","coordinates":[[23.09435,54.08867],[23.09494,54.08885],[23.09547,54.08915],[23.09735,54.09088],[23.09872,54.09193],[23.09911,54.09238],[23.09928,54.093],[23.0991,54.09334],[23.09711,54.0957],[23.09589,54.09738],[23.09531,54.0998],[23.09476,54.10063],[23.09472,54.10126]]}},{"type":"Feature","properties":{"numer":"1180B","klasa":"","kat":"powiatowa"},"geometry":{"type":"LineString","coordinates":[[23.09472,54.10126],[23.094660797619216,54.10137018220868]]}},{"type":"Feature","properties":{"numer":"1158B","klasa":"","kat":"powiatowa"},"geometry":{"type":"LineString","coordinates":[[23.09058,54.15478],[23.09046,54.15439],[23.09032,54.15172],[23.09057,54.15114],[23.09189,54.14947],[23.09205360572151,54.148423748285126]]}},{"type":"Feature","properties":{"numer":"1157B","klasa":"","kat":"powiatowa"},"geometry":{"type":"LineString","coordinates":[[23.09058,54.15478],[23.10255,54.15134],[23.103749536974412,54.15114335459435]]}},{"type":"Feature","properties":{"numer":"1158B","klasa":"","kat":"powiatowa"},"geometry":{"type":"LineString","coordinates":[[23.08854,54.15578],[23.09058,54.15478]]}},{"type":"Feature","properties":{"numer":"1153B","klasa":"droga gĹ‚Ăłwna","kat":"powiatowa"},"geometry":{"type":"LineString","coordinates":[[23.08715,54.17507],[23.08787,54.17411],[23.08828,54.17267],[23.08931,54.17198],[23.08967,54.17141],[23.08951,54.17056],[23.08962,54.16963],[23.08919,54.16873],[23.08871,54.16708],[23.08848,54.16676],[23.08724,54.16577],[23.08717,54.1656],[23.08728,54.16531],[23.08798,54.16457],[23.08806,54.16422],[23.08803,54.16381],[23.08769,54.163],[23.08792,54.16187],[23.08751,54.16095],[23.08748,54.16063],[23.08882,54.15643],[23.08882,54.15602],[23.08854,54.15578]]}},{"type":"Feature","properties":{"numer":"1153B","klasa":"droga gĹ‚Ăłwna","kat":"powiatowa"},"geometry":{"type":"LineString","coordinates":[[23.08667,54.17528],[23.08715,54.17507]]}},{"type":"Feature","properties":{"numer":"1156B","klasa":"droga zbiorcza","kat":"powiatowa"},"geometry":{"type":"LineString","coordinates":[[23.13381,54.17185],[23.13380744320408,54.17184224144686]]}},{"type":"Feature","properties":{"numer":"652","klasa":"droga gĹ‚Ăłwna","kat":"wojewodzka"},"geometry":{"type":"LineString","coordinates":[[22.51811392928287,54.16415066932271],[22.51834,54.16413]]}},{"type":"Feature","properties":{"numer":"1106B","klasa":"","kat":"powiatowa"},"geometry":{"type":"LineString","coordinates":[[22.484312548736444,54.20792155956679],[22.48389,54.20801]]}},{"type":"Feature","properties":{"numer":"1893N","klasa":"droga zbiorcza","kat":"powiatowa"},"geometry":{"type":"LineString","coordinates":[[22.53753188162786,54.15497333497322],[22.53755,54.15499]]}},{"type":"Feature","properties":{"numer":"1107B","klasa":"droga gĹ‚Ăłwna","kat":"powiatowa"},"geometry":{"type":"LineString","coordinates":[[22.53755,54.15499],[22.54576,54.16245],[22.54592,54.16276]]}},{"type":"Feature","properties":{"numer":"652","klasa":"droga gĹ‚Ăłwna","kat":"wojewodzka"},"geometry":{"type":"LineString","coordinates":[[22.51834,54.16413],[22.52221,54.16376],[22.5236,54.16379],[22.52843,54.16416],[22.53093,54.16417],[22.53425,54.16402],[22.53597,54.16371],[22.53948,54.16251],[22.54044,54.16231],[22.54592,54.16276]]}},{"type":"Feature","properties":{"numer":"652","klasa":"droga gĹ‚Ăłwna","kat":"wojewodzka"},"geometry":{"type":"LineString","coordinates":[[22.54592,54.16276],[22.54677,54.16291],[22.54792,54.16328],[22.55056,54.16438],[22.55489,54.16604],[22.56134,54.16742],[22.5634,54.16797],[22.56577,54.1688],[22.56779,54.16934]]}},{"type":"Feature","properties":{"numer":"1106B","klasa":"","kat":"powiatowa"},"geometry":{"type":"LineString","coordinates":[[22.51495,54.19493],[22.51589,54.19459],[22.51837,54.19412],[22.51873,54.19398],[22.51981,54.19324],[22.52036,54.19303],[22.54919,54.18314],[22.56382,54.17826],[22.56442,54.17795],[22.56653,54.1765],[22.56963,54.1749],[22.57134,54.17371],[22.57146,54.17342],[22.57097,54.17228],[22.57097,54.17189],[22.57118,54.17172]]}},{"type":"Feature","properties":{"numer":"1106B","klasa":"","kat":"powiatowa"},"geometry":{"type":"LineString","coordinates":[[22.48832263267865,54.20657881773228],[22.49264,54.20464],[22.49531,54.20363],[22.49739,54.20262],[22.49983,54.20166],[22.50302,54.20014],[22.51495,54.19493]]}},{"type":"Feature","properties":{"numer":"1102B","klasa":"","kat":"powiatowa"},"geometry":{"type":"LineString","coordinates":[[22.54126,54.22794],[22.54162,54.22779],[22.542,54.22775],[22.54553,54.22821],[22.5462,54.22817],[22.54733,54.22793],[22.54838,54.22805],[22.54985,54.22862],[22.55103,54.22894],[22.5518,54.22933],[22.55378,54.2301],[22.56229,54.23245],[22.56824,54.23373]]}},{"type":"Feature","properties":{"numer":"1104B","klasa":"droga gĹ‚Ăłwna","kat":"powiatowa"},"geometry":{"type":"LineString","coordinates":[[22.53715,54.23401],[22.53772,54.23323],[22.53919,54.23048],[22.54101,54.22855],[22.5413,54.22808],[22.54126,54.22794]]}},{"type":"Feature","properties":{"numer":"1104B","klasa":"droga gĹ‚Ăłwna","kat":"powiatowa"},"geometry":{"type":"LineString","coordinates":[[22.53562,54.23864],[22.53584,54.2355],[22.53607,54.23507],[22.53715,54.23401]]}},{"type":"Feature","properties":{"numer":"1123B","klasa":"droga zbiorcza","kat":"powiatowa"},"geometry":{"type":"LineString","coordinates":[[22.66338,54.05484],[22.66345,54.05045],[22.66333,54.04556],[22.66294,54.04414],[22.66784,54.0384],[22.66866,54.03727]]}},{"type":"Feature","properties":{"numer":"1122B","klasa":"droga zbiorcza","kat":"powiatowa"},"geometry":{"type":"LineString","coordinates":[[22.64169,54.04356],[22.64624,54.04495],[22.64691,54.04524],[22.65268,54.04877],[22.66225,54.05429],[22.66338,54.05484]]}},{"type":"Feature","properties":{"numer":"1122B","klasa":"droga zbiorcza","kat":"powiatowa"},"geometry":{"type":"LineString","coordinates":[[22.67638,54.06452],[22.67714,54.06387],[22.67739,54.06349],[22.67735,54.06302],[22.67687,54.06254],[22.67386,54.06086],[22.66899,54.05945],[22.66709,54.05862],[22.66536,54.05726],[22.66477,54.05665],[22.66304,54.05594],[22.66301,54.05577],[22.66338,54.05484]]}},{"type":"Feature","properties":{"numer":"1122B","klasa":"droga zbiorcza","kat":"powiatowa"},"geometry":{"type":"LineString","coordinates":[[22.67628,54.06461],[22.67638,54.06452]]}},{"type":"Feature","properties":{"numer":"1121B","klasa":"droga zbiorcza","kat":"powiatowa"},"geometry":{"type":"LineString","coordinates":[[22.64169,54.04356],[22.64049,54.04433],[22.63864,54.04586],[22.63731,54.04747],[22.63639,54.04826],[22.63539,54.04902],[22.63391,54.04994],[22.63058,54.05146],[22.628,54.05294],[22.626,54.05359],[22.62432,54.05398],[22.62401,54.05413],[22.62339,54.05468],[22.62033,54.05621],[22.61801,54.05701],[22.62028,54.05766],[22.62256,54.05843],[22.62529,54.05954],[22.62657,54.0602],[22.62812,54.06138],[22.62921,54.06273],[22.63623,54.06796],[22.63842,54.06977],[22.63969,54.07106],[22.63976,54.07134],[22.63953,54.07215],[22.63945,54.07405],[22.63966,54.07712],[22.63963,54.07902],[22.63936,54.08007],[22.6394,54.081],[22.63964,54.08131],[22.64081,54.08165],[22.64101,54.08182],[22.64148,54.08299],[22.64146,54.08389],[22.64159,54.08428],[22.64225,54.08524],[22.64299,54.08689],[22.64401,54.08775],[22.64434,54.08817],[22.64441,54.0885],[22.64412,54.09121],[22.64594,54.09442],[22.64637,54.09559]]}},{"type":"Feature","properties":{"numer":"1122B","klasa":"droga zbiorcza","kat":"powiatowa"},"geometry":{"type":"LineString","coordinates":[[22.65752,54.09052],[22.65709,54.08963],[22.65724,54.08894],[22.65837,54.08783],[22.66058,54.08606],[22.66216,54.08278],[22.66475,54.08038],[22.66552,54.07938],[22.66619,54.07822],[22.66639,54.07761],[22.66642,54.0762],[22.66591,54.07464],[22.66596,54.074],[22.66667,54.07172],[22.668,54.06966],[22.66863,54.06902],[22.66977,54.0682],[22.67224,54.06675],[22.67387,54.06563],[22.6743,54.06544],[22.67554,54.06512],[22.67628,54.06461]]}},{"type":"Feature","properties":{"numer":"653","klasa":"droga gĹ‚Ăłwna","kat":"wojewodzka"},"geometry":{"type":"LineString","coordinates":[[22.68128,54.0869],[22.6814,54.08688]]}},{"type":"Feature","properties":{"numer":"653","klasa":"droga gĹ‚Ăłwna","kat":"wojewodzka"},"geometry":{"type":"LineString","coordinates":[[22.66395,54.09029],[22.6676,54.09016],[22.66994,54.08984],[22.6801,54.0871],[22.68128,54.0869]]}},{"type":"Feature","properties":{"numer":"653","klasa":"droga gĹ‚Ăłwna","kat":"wojewodzka"},"geometry":{"type":"LineString","coordinates":[[22.65752,54.09052],[22.65851,54.09043],[22.66395,54.09029]]}},{"type":"Feature","properties":{"numer":"653","klasa":"droga gĹ‚Ăłwna","kat":"wojewodzka"},"geometry":{"type":"LineString","coordinates":[[22.65162,54.09358],[22.65349,54.09232],[22.65585,54.09103],[22.65662,54.09072],[22.65752,54.09052]]}},{"type":"Feature","properties":{"numer":"653","klasa":"droga gĹ‚Ăłwna","kat":"wojewodzka"},"geometry":{"type":"LineString","coordinates":[[22.79034,54.07137],[22.79132,54.07183],[22.79672,54.07478]]}},{"type":"Feature","properties":{"numer":"653","klasa":"droga gĹ‚Ăłwna","kat":"wojewodzka"},"geometry":{"type":"LineString","coordinates":[[22.79672,54.07478],[22.79683,54.07484]]}},{"type":"Feature","properties":{"numer":"653","klasa":"droga gĹ‚Ăłwna","kat":"wojewodzka"},"geometry":{"type":"LineString","coordinates":[[22.79683,54.07484],[22.79745,54.07515],[22.79816,54.07538],[22.80284,54.07642],[22.80393,54.07682],[22.80464,54.07721],[22.80724,54.07917],[22.81083,54.08251],[22.81141,54.08296],[22.81227,54.08329],[22.81616,54.08421]]}},{"type":"Feature","properties":{"numer":"1118B","klasa":"droga zbiorcza","kat":"powiatowa"},"geometry":{"type":"LineString","coordinates":[[22.78793,54.07084],[22.78191,54.07689],[22.78151,54.07736],[22.7811,54.07809],[22.78036,54.07839],[22.77897,54.07865],[22.77821,54.07914],[22.7767,54.08098],[22.77544,54.08192],[22.7749,54.08248],[22.77337,54.08472],[22.772,54.08551],[22.7715,54.08598],[22.77108,54.08719],[22.77071,54.08746],[22.76952,54.08796],[22.76883,54.08849],[22.76832,54.08926],[22.76755,54.08993],[22.76674,54.09089],[22.76557,54.09176],[22.76493,54.09254],[22.76478,54.09329],[22.76456,54.09354],[22.76423,54.09368],[22.75775,54.09532],[22.75641,54.09516],[22.75376,54.09525],[22.75194,54.09443],[22.75146,54.09431],[22.74902,54.09468],[22.74731,54.09458],[22.74674,54.09448],[22.74509,54.09388],[22.7417,54.09232],[22.74107,54.09196],[22.73974,54.09096],[22.73804,54.09035],[22.73616,54.08939],[22.73575,54.0893],[22.73411,54.08922],[22.73259,54.08882],[22.73222,54.08886],[22.73162,54.08937],[22.7313,54.08945],[22.72878,54.08869],[22.72805,54.08874],[22.72571,54.08911],[22.71995,54.0916],[22.7195,54.09192],[22.71909,54.09259],[22.71874,54.09274],[22.71843,54.09274],[22.71724,54.09233],[22.71723,54.0922],[22.71759,54.09185],[22.71758,54.0917],[22.71658,54.09102],[22.71513,54.08934],[22.71528,54.08884],[22.71683,54.08722],[22.71681,54.08701],[22.71284,54.08553],[22.71134,54.08515],[22.7066,54.08357]]}},{"type":"Feature","properties":{"numer":"1145B","klasa":"droga zbiorcza","kat":"powiatowa"},"geometry":{"type":"LineString","coordinates":[[22.82917,54.08587],[22.82428,54.09241],[22.82244,54.0981],[22.8205,54.10085],[22.81923,54.10214],[22.81912,54.1026],[22.8191,54.10428],[22.81928,54.10503],[22.81898,54.1051],[22.81606,54.10511],[22.81455,54.10527],[22.81032,54.10616],[22.80815,54.10704],[22.80613,54.10767],[22.80296,54.10968],[22.80213,54.10995],[22.80006,54.11041],[22.79931,54.11068],[22.79859,54.11112],[22.79741,54.11219],[22.7949,54.1132],[22.79302,54.11474],[22.79094,54.1159],[22.78788,54.12166],[22.78654,54.1245]]}},{"type":"Feature","properties":{"numer":"1117B","klasa":"droga gĹ‚Ăłwna","kat":"powiatowa"},"geometry":{"type":"LineString","coordinates":[[22.76568,54.124],[22.76939,54.12493],[22.77066,54.12511],[22.78654,54.1245]]}},{"type":"Feature","properties":{"numer":"1111B","klasa":"droga zbiorcza","kat":"powiatowa"},"geometry":{"type":"LineString","coordinates":[[22.75973,54.13456],[22.7615,54.13368],[22.762,54.13332],[22.76223,54.133],[22.76568,54.124]]}},{"type":"Feature","properties":{"numer":"1111B","klasa":"","kat":"powiatowa"},"geometry":{"type":"LineString","coordinates":[[22.75083,54.1399],[22.75163,54.13916],[22.75468,54.1375],[22.75973,54.13456]]}},{"type":"Feature","properties":{"numer":"1096B","klasa":"droga gĹ‚Ăłwna","kat":"powiatowa"},"geometry":{"type":"LineString","coordinates":[[22.75973,54.13456],[22.76073,54.13507],[22.77712,54.14233],[22.77751,54.14278],[22.77877,54.14491],[22.77938,54.14547],[22.77994,54.1458],[22.78103,54.14611],[22.78397,54.14666],[22.79047,54.14818],[22.79108,54.14837],[22.79354,54.14999],[22.80189,54.15691]]}},{"type":"Feature","properties":{"numer":"1096B","klasa":"droga gĹ‚Ăłwna","kat":"powiatowa"},"geometry":{"type":"LineString","coordinates":[[22.80189,54.15691],[22.80236,54.15723]]}},{"type":"Feature","properties":{"numer":"653","klasa":"droga gĹ‚Ăłwna","kat":"wojewodzka"},"geometry":{"type":"LineString","coordinates":[[22.64735,54.09522],[22.65162,54.09358]]}},{"type":"Feature","properties":{"numer":"1117B","klasa":"droga gĹ‚Ăłwna","kat":"powiatowa"},"geometry":{"type":"LineString","coordinates":[[22.65528,54.09597],[22.65402,54.09529],[22.65318,54.09461],[22.65162,54.09358]]}},{"type":"Feature","properties":{"numer":"653","klasa":"droga gĹ‚Ăłwna","kat":"wojewodzka"},"geometry":{"type":"LineString","coordinates":[[22.64694,54.09538],[22.64735,54.09522]]}},{"type":"Feature","properties":{"numer":"653","klasa":"droga gĹ‚Ăłwna","kat":"wojewodzka"},"geometry":{"type":"LineString","coordinates":[[22.64637,54.09559],[22.64694,54.09538]]}},{"type":"Feature","properties":{"numer":"653","klasa":"droga gĹ‚Ăłwna","kat":"wojewodzka"},"geometry":{"type":"LineString","coordinates":[[22.63614560304809,54.09658717701673],[22.63727,54.09684],[22.63865,54.09709],[22.63958,54.09715],[22.64097,54.09709],[22.64335,54.09667],[22.64637,54.09559]]}},{"type":"Feature","properties":{"numer":"1117B","klasa":"droga gĹ‚Ăłwna","kat":"powiatowa"},"geometry":{"type":"LineString","coordinates":[[22.69681,54.11659],[22.69028,54.11785],[22.68421,54.11767],[22.67561,54.11702],[22.67441,54.11689],[22.67317,54.11659],[22.66876,54.11523],[22.66658,54.11428],[22.66511,54.11403],[22.66474,54.1139],[22.6633,54.113],[22.663,54.1127],[22.66252,54.10937],[22.66224,54.10878],[22.65787,54.10465],[22.6574,54.10332],[22.6573,54.09743],[22.65701,54.09707],[22.65528,54.09597]]}},{"type":"Feature","properties":{"numer":"1109B","klasa":"droga gĹ‚Ăłwna","kat":"powiatowa"},"geometry":{"type":"LineString","coordinates":[[22.63437,54.13097],[22.63572,54.12795],[22.63671,54.12664],[22.6369,54.12583],[22.63795,54.12359],[22.63978,54.12143],[22.6403,54.12003],[22.6404,54.11867],[22.63997,54.11717],[22.64007,54.11623],[22.63977,54.1155],[22.6397,54.11462],[22.63972,54.11359],[22.64,54.11301],[22.64111,54.11173],[22.64184,54.11108],[22.64332,54.1093],[22.64414,54.1085],[22.64489,54.10806],[22.6463,54.10749],[22.64933,54.10502],[22.65124,54.10246],[22.65319,54.10045],[22.65433,54.09844],[22.65499,54.09769],[22.65528,54.09597]]}},{"type":"Feature","properties":{"numer":"1109B","klasa":"droga gĹ‚Ăłwna","kat":"powiatowa"},"geometry":{"type":"LineString","coordinates":[[22.63423,54.13105],[22.63437,54.13097]]}},{"type":"Feature","properties":{"numer":"1109B","klasa":"droga gĹ‚Ăłwna","kat":"powiatowa"},"geometry":{"type":"LineString","coordinates":[[22.61599,54.14936],[22.61671,54.1483],[22.61783,54.147],[22.61967,54.14434],[22.62047,54.14358],[22.62129,54.14298],[22.62301,54.14121],[22.62317,54.14088],[22.62326,54.13984],[22.62397,54.13873],[22.62413,54.13825],[22.6247,54.13754],[22.62735,54.13515],[22.62819,54.13475],[22.62877,54.13429],[22.63065,54.13315],[22.63377,54.13167],[22.634,54.13152],[22.63423,54.13105]]}},{"type":"Feature","properties":{"numer":"1112B","klasa":"droga zbiorcza","kat":"powiatowa"},"geometry":{"type":"LineString","coordinates":[[22.6741,54.14522],[22.67433,54.1444]]}},{"type":"Feature","properties":{"numer":"1895N","klasa":"droga zbiorcza","kat":"powiatowa"},"geometry":{"type":"LineString","coordinates":[[22.57922782,54.143445445],[22.57938,54.14319],[22.57986,54.14275],[22.580378681473878,54.14240716780074]]}},{"type":"Feature","properties":{"numer":"1895N","klasa":"droga gĹ‚Ăłwna","kat":"powiatowa"},"geometry":{"type":"LineString","coordinates":[[22.57839,54.14653],[22.57839280189395,54.14651849748798]]}},{"type":"Feature","properties":{"numer":"1110B","klasa":"","kat":"powiatowa"},"geometry":{"type":"LineString","coordinates":[[22.61599,54.14936],[22.61671,54.14928],[22.618,54.14928],[22.62575,54.14997],[22.62743,54.15024],[22.62816,54.15023]]}},{"type":"Feature","properties":{"numer":"1108B","klasa":"droga gĹ‚Ăłwna","kat":"powiatowa"},"geometry":{"type":"LineString","coordinates":[[22.57564,54.15553],[22.57529,54.15309],[22.57534,54.15239],[22.57575,54.1516],[22.57778,54.14859],[22.57839,54.14653]]}},{"type":"Feature","properties":{"numer":"1108B","klasa":"droga gĹ‚Ăłwna","kat":"powiatowa"},"geometry":{"type":"LineString","coordinates":[[22.56906,54.16351],[22.56977,54.16317],[22.57146,54.16276],[22.57293,54.16216],[22.57421,54.16176],[22.57467,54.16145],[22.57538,54.15971],[22.57519,54.15867],[22.57578,54.15682],[22.57564,54.15553]]}},{"type":"Feature","properties":{"numer":"1109B","klasa":"droga gĹ‚Ăłwna","kat":"powiatowa"},"geometry":{"type":"LineString","coordinates":[[22.6193,54.17657],[22.61715,54.17183],[22.61716,54.17084],[22.6165,54.16704],[22.61566,54.16314],[22.6145,54.15672],[22.61402,54.15532],[22.61401,54.15228],[22.61465,54.15141],[22.61583,54.15061],[22.61595,54.15033],[22.61599,54.14936]]}},{"type":"Feature","properties":{"numer":"1108B","klasa":"droga gĹ‚Ăłwna","kat":"powiatowa"},"geometry":{"type":"LineString","coordinates":[[22.56901,54.16353],[22.56906,54.16351]]}},{"type":"Feature","properties":{"numer":"1108B","klasa":"droga gĹ‚Ăłwna","kat":"powiatowa"},"geometry":{"type":"LineString","coordinates":[[22.56892,54.16826],[22.56791,54.16662],[22.56837,54.16559],[22.56843,54.16407],[22.56864,54.16376],[22.56901,54.16353]]}},{"type":"Feature","properties":{"numer":"1108B","klasa":"droga gĹ‚Ăłwna","kat":"powiatowa"},"geometry":{"type":"LineString","coordinates":[[22.56892,54.16826],[22.56964,54.16939],[22.56955,54.16984]]}},{"type":"Feature","properties":{"numer":"652","klasa":"droga gĹ‚Ăłwna","kat":"wojewodzka"},"geometry":{"type":"LineString","coordinates":[[22.56779,54.16934],[22.56785,54.16935]]}},{"type":"Feature","properties":{"numer":"1112B","klasa":"droga zbiorcza","kat":"powiatowa"},"geometry":{"type":"LineString","coordinates":[[22.67408,54.14531],[22.6741,54.14522]]}},{"type":"Feature","properties":{"numer":"1110B","klasa":"","kat":"powiatowa"},"geometry":{"type":"LineString","coordinates":[[22.6293,54.15015],[22.62966,54.15004]]}},{"type":"Feature","properties":{"numer":"1110B","klasa":"","kat":"powiatowa"},"geometry":{"type":"LineString","coordinates":[[22.62834,54.15022],[22.6293,54.15015]]}},{"type":"Feature","properties":{"numer":"1110B","klasa":"","kat":"powiatowa"},"geometry":{"type":"LineString","coordinates":[[22.6293,54.15015],[22.62962,54.15029]]}},{"type":"Feature","properties":{"numer":"1110B","klasa":"","kat":"powiatowa"},"geometry":{"type":"LineString","coordinates":[[22.62816,54.15023],[22.62834,54.15022]]}},{"type":"Feature","properties":{"numer":"1112B","klasa":"droga zbiorcza","kat":"powiatowa"},"geometry":{"type":"LineString","coordinates":[[22.67408,54.14531],[22.67376,54.14604],[22.67141,54.1491],[22.67092,54.14943],[22.67039,54.14965],[22.66961,54.14983],[22.66843,54.14997],[22.66815,54.15014],[22.66792,54.15403],[22.66766,54.15452],[22.66714,54.15482],[22.66664,54.15496],[22.66254,54.15542],[22.66189,54.15567],[22.66146,54.15608],[22.6571,54.16954]]}},{"type":"Feature","properties":{"numer":"1111B","klasa":"droga zbiorcza","kat":"powiatowa"},"geometry":{"type":"LineString","coordinates":[[22.69883,54.16403],[22.69673,54.16389],[22.6964,54.16395],[22.69697,54.16652],[22.69649,54.16792],[22.6962,54.16813],[22.69233,54.16749],[22.68875,54.16715],[22.6878,54.16713],[22.68481,54.16762],[22.68062,54.16745],[22.67478,54.16779],[22.66952,54.16827],[22.65728,54.16968]]}},{"type":"Feature","properties":{"numer":"1112B","klasa":"","kat":"powiatowa"},"geometry":{"type":"LineString","coordinates":[[22.65728,54.16968],[22.6571,54.16954]]}},{"type":"Feature","properties":{"numer":"1112B","klasa":"droga zbiorcza","kat":"powiatowa"},"geometry":{"type":"LineString","coordinates":[[22.6571,54.16954],[22.65683,54.16973]]}},{"type":"Feature","properties":{"numer":"1111B","klasa":"droga zbiorcza","kat":"powiatowa"},"geometry":{"type":"LineString","coordinates":[[22.65728,54.16968],[22.65683,54.16973]]}},{"type":"Feature","properties":{"numer":"1111B","klasa":"","kat":"powiatowa"},"geometry":{"type":"LineString","coordinates":[[22.7275,54.14589],[22.728,54.14594],[22.72827,54.14587],[22.72916,54.1449],[22.72995,54.1446],[22.73071,54.14419],[22.73097,54.14426],[22.7328,54.14518],[22.73369,54.14525],[22.73554,54.14564],[22.73833,54.14568],[22.7407,54.14631],[22.7415,54.14618],[22.74277,54.14581],[22.74439,54.14583],[22.7458,54.14535],[22.74665,54.14527],[22.74684,54.14517],[22.74704,54.14475],[22.74737,54.14447],[22.74896,54.14405],[22.74968,54.14401],[22.74991,54.1439],[22.75001,54.14328],[22.74973,54.14213],[22.74994,54.1407],[22.75017,54.14038],[22.75083,54.1399]]}},{"type":"Feature","properties":{"numer":"1111B","klasa":"","kat":"powiatowa"},"geometry":{"type":"LineString","coordinates":[[22.72207,54.15314],[22.72219,54.15285],[22.72228,54.15133],[22.72183,54.15022],[22.72172,54.14876],[22.72506,54.14549],[22.7275,54.14589]]}},{"type":"Feature","properties":{"numer":"1112B","klasa":"","kat":"powiatowa"},"geometry":{"type":"LineString","coordinates":[[22.67433,54.1444],[22.67552,54.1447],[22.67958,54.14536],[22.68182,54.14584],[22.6822,54.14583],[22.68347,54.14545],[22.68462,54.14545],[22.68936,54.14644],[22.69333,54.14706],[22.69389,54.1472],[22.69462,54.14763],[22.69645,54.14907],[22.6976,54.14921],[22.69901,54.14921],[22.70073,54.15166],[22.70347,54.1545],[22.70409,54.15549],[22.70436,54.15616]]}},{"type":"Feature","properties":{"numer":"1111B","klasa":"droga zbiorcza","kat":"powiatowa"},"geometry":{"type":"LineString","coordinates":[[22.71071,54.15831],[22.71169,54.15787],[22.71307,54.15703],[22.71363,54.15679],[22.71456,54.15655],[22.71696,54.15616],[22.71765,54.15594],[22.71852,54.15544],[22.72002,54.15429],[22.72135,54.15361],[22.72207,54.15314]]}},{"type":"Feature","properties":{"numer":"1112B","klasa":"droga zbiorcza","kat":"powiatowa"},"geometry":{"type":"LineString","coordinates":[[22.71071,54.15831],[22.7101,54.1581],[22.70732,54.15746],[22.70485,54.15666],[22.70454,54.15648],[22.70436,54.15616]]}},{"type":"Feature","properties":{"numer":"1111B","klasa":"droga zbiorcza","kat":"powiatowa"},"geometry":{"type":"LineString","coordinates":[[22.69897,54.16404],[22.7009,54.16405],[22.70231,54.16368],[22.70292,54.16326],[22.7045,54.16131],[22.70525,54.16058],[22.71071,54.15831]]}},{"type":"Feature","properties":{"numer":"1112B","klasa":"droga zbiorcza","kat":"powiatowa"},"geometry":{"type":"LineString","coordinates":[[22.71071,54.15831],[22.71226,54.15911],[22.71435,54.16047],[22.71671,54.16181],[22.71786,54.16225],[22.72148,54.16392],[22.72312,54.16415],[22.72339,54.16424],[22.72455,54.16502],[22.72535,54.16571],[22.72537,54.1659]]}},{"type":"Feature","properties":{"numer":"1111B","klasa":"droga zbiorcza","kat":"powiatowa"},"geometry":{"type":"LineString","coordinates":[[22.69883,54.16403],[22.69897,54.16404]]}},{"type":"Feature","properties":{"numer":"1112B","klasa":"","kat":"powiatowa"},"geometry":{"type":"LineString","coordinates":[[22.72537,54.1659],[22.72538,54.16595],[22.72374,54.16631],[22.72316,54.16664],[22.721,54.17061],[22.71861,54.17327],[22.71831,54.17467],[22.71836,54.17496],[22.7212,54.17751],[22.72112,54.1777],[22.72023,54.17842]]}},{"type":"Feature","properties":{"numer":"652","klasa":"droga gĹ‚Ăłwna","kat":"wojewodzka"},"geometry":{"type":"LineString","coordinates":[[22.72763,54.18174],[22.74311,54.17635],[22.74816,54.17452]]}},{"type":"Feature","properties":{"numer":"1096B","klasa":"droga gĹ‚Ăłwna","kat":"powiatowa"},"geometry":{"type":"LineString","coordinates":[[22.80196,54.15738],[22.80189,54.15691]]}},{"type":"Feature","properties":{"numer":"652","klasa":"droga gĹ‚Ăłwna","kat":"wojewodzka"},"geometry":{"type":"LineString","coordinates":[[22.80196,54.15738],[22.80236,54.15723]]}},{"type":"Feature","properties":{"numer":"652","klasa":"droga gĹ‚Ăłwna","kat":"wojewodzka"},"geometry":{"type":"LineString","coordinates":[[22.74816,54.17452],[22.75,54.17391],[22.78781,54.16253],[22.80196,54.15738]]}},{"type":"Feature","properties":{"numer":"1096B","klasa":"droga gĹ‚Ăłwna","kat":"powiatowa"},"geometry":{"type":"LineString","coordinates":[[22.80196,54.15738],[22.80335,54.16476],[22.80362,54.16506],[22.80391,54.16522],[22.80584,54.16601],[22.80613,54.16626],[22.80624,54.16656],[22.80401,54.17236],[22.804,54.17285],[22.80447,54.17491],[22.80376,54.18157],[22.80352,54.18189],[22.80321,54.18206],[22.79092,54.18627]]}},{"type":"Feature","properties":{"numer":"1115B","klasa":"","kat":"powiatowa"},"geometry":{"type":"LineString","coordinates":[[22.74816,54.17452],[22.75352,54.17979]]}},{"type":"Feature","properties":{"numer":"1115B","klasa":"droga zbiorcza","kat":"powiatowa"},"geometry":{"type":"LineString","coordinates":[[22.75352,54.17979],[22.755,54.18116],[22.75814,54.1865],[22.75866,54.18721]]}},{"type":"Feature","properties":{"numer":"1114B","klasa":"droga zbiorcza","kat":"powiatowa"},"geometry":{"type":"LineString","coordinates":[[22.75866,54.18721],[22.75986,54.18697],[22.7621,54.18632],[22.76672,54.1852],[22.76968,54.18423],[22.77105,54.18401],[22.77338,54.18383],[22.77726,54.18394],[22.78075,54.18445],[22.7854,54.18487],[22.78649,54.1851],[22.79046,54.18624]]}},{"type":"Feature","properties":{"numer":"1114B","klasa":"droga zbiorcza","kat":"powiatowa"},"geometry":{"type":"LineString","coordinates":[[22.79046,54.18624],[22.79092,54.18627]]}},{"type":"Feature","properties":{"numer":"1114B","klasa":"","kat":"powiatowa"},"geometry":{"type":"LineString","coordinates":[[22.79074,54.18645],[22.79046,54.18624]]}},{"type":"Feature","properties":{"numer":"1096B","klasa":"droga gĹ‚Ăłwna","kat":"powiatowa"},"geometry":{"type":"LineString","coordinates":[[22.79092,54.18627],[22.79074,54.18645]]}},{"type":"Feature","properties":{"numer":"1111B","klasa":"droga zbiorcza","kat":"powiatowa"},"geometry":{"type":"LineString","coordinates":[[22.65683,54.16973],[22.63649,54.17208],[22.63574,54.17226],[22.63489,54.17258],[22.6338,54.17339]]}},{"type":"Feature","properties":{"numer":"101896B,1111B","klasa":"droga zbiorcza","kat":"powiatowa"},"geometry":{"type":"LineString","coordinates":[[22.6338,54.17339],[22.63366,54.17373],[22.63347,54.17591],[22.63238,54.17887]]}},{"type":"Feature","properties":{"numer":"652","klasa":"droga gĹ‚Ăłwna","kat":"wojewodzka"},"geometry":{"type":"LineString","coordinates":[[22.63085,54.17911],[22.63238,54.17887]]}},{"type":"Feature","properties":{"numer":"652","klasa":"droga gĹ‚Ăłwna","kat":"wojewodzka"},"geometry":{"type":"LineString","coordinates":[[22.62957,54.17935],[22.63085,54.17911]]}},{"type":"Feature","properties":{"numer":"652","klasa":"droga gĹ‚Ăłwna","kat":"wojewodzka"},"geometry":{"type":"LineString","coordinates":[[22.6227,54.17922],[22.62936,54.17936]]}},{"type":"Feature","properties":{"numer":"652","klasa":"droga gĹ‚Ăłwna","kat":"wojewodzka"},"geometry":{"type":"LineString","coordinates":[[22.62936,54.17936],[22.62957,54.17935]]}},{"type":"Feature","properties":{"numer":"652","klasa":"droga gĹ‚Ăłwna","kat":"wojewodzka"},"geometry":{"type":"LineString","coordinates":[[22.63238,54.17887],[22.63719,54.17838],[22.63813,54.17835],[22.65142,54.1787],[22.65909,54.18006],[22.66433,54.18202],[22.66798,54.18349],[22.67507,54.1852],[22.67646,54.18549],[22.68458,54.18674],[22.68728,54.18689]]}},{"type":"Feature","properties":{"numer":"1092B","klasa":"","kat":"powiatowa"},"geometry":{"type":"LineString","coordinates":[[22.63111,54.20971],[22.63178,54.20802],[22.63347,54.19855],[22.63354,54.19793],[22.63345,54.19674],[22.63436,54.19476],[22.63447,54.19423],[22.63425,54.19364],[22.63225,54.19177],[22.63113,54.1892],[22.63091,54.1864],[22.6302,54.18529],[22.63023,54.18504],[22.63087,54.18384],[22.63085,54.17911]]}},{"type":"Feature","properties":{"numer":"1103B","klasa":"","kat":"powiatowa"},"geometry":{"type":"LineString","coordinates":[[22.61861,54.20471],[22.61955,54.20497],[22.62107,54.20582],[22.62934,54.2091],[22.63111,54.20971]]}},{"type":"Feature","properties":{"numer":"1099B","klasa":"droga gĹ‚Ăłwna","kat":"powiatowa"},"geometry":{"type":"LineString","coordinates":[[22.68728,54.18705],[22.68694,54.18797],[22.68137,54.19948],[22.67965,54.20464],[22.67798,54.20698],[22.67537,54.20902],[22.67256,54.21328],[22.67133,54.21442],[22.67082,54.21504],[22.6704,54.21588],[22.6703,54.21642],[22.67031,54.21745],[22.67061,54.21842],[22.6706,54.21901],[22.66958,54.22065],[22.66834,54.22142],[22.66798,54.22178],[22.66719,54.22326],[22.66653,54.22521],[22.66631,54.22558],[22.66497,54.22643],[22.664,54.2269],[22.66341,54.22703],[22.65931,54.22746],[22.65571,54.22868],[22.6551,54.22901],[22.65478,54.22935],[22.65453,54.22993],[22.65427,54.23265],[22.65427,54.23351],[22.65442,54.23419],[22.6543,54.23476],[22.65332,54.23702],[22.65146,54.23904],[22.65121,54.23943],[22.65008,54.24395],[22.65013,54.24456]]}},{"type":"Feature","properties":{"numer":"1112B","klasa":"droga zbiorcza","kat":"powiatowa"},"geometry":{"type":"LineString","coordinates":[[22.72023,54.17842],[22.71914,54.17925],[22.71764,54.18007],[22.71752,54.18029],[22.71742,54.18162],[22.71936,54.18168],[22.72414,54.1813],[22.72585,54.18136],[22.72753,54.18178]]}},{"type":"Feature","properties":{"numer":"652","klasa":"droga gĹ‚Ăłwna","kat":"wojewodzka"},"geometry":{"type":"LineString","coordinates":[[22.72753,54.18178],[22.72763,54.18174]]}},{"type":"Feature","properties":{"numer":"652","klasa":"droga gĹ‚Ăłwna","kat":"wojewodzka"},"geometry":{"type":"LineString","coordinates":[[22.71966,54.18424],[22.7212,54.184],[22.72753,54.18178]]}},{"type":"Feature","properties":{"numer":"652","klasa":"droga gĹ‚Ăłwna","kat":"wojewodzka"},"geometry":{"type":"LineString","coordinates":[[22.69441,54.18631],[22.71966,54.18424]]}},{"type":"Feature","properties":{"numer":"652","klasa":"droga gĹ‚Ăłwna","kat":"wojewodzka"},"geometry":{"type":"LineString","coordinates":[[22.69418,54.18633],[22.69441,54.18631]]}},{"type":"Feature","properties":{"numer":"652","klasa":"droga gĹ‚Ăłwna","kat":"wojewodzka"},"geometry":{"type":"LineString","coordinates":[[22.68728,54.18689],[22.69418,54.18633]]}},{"type":"Feature","properties":{"numer":"1099B","klasa":"droga gĹ‚Ăłwna","kat":"powiatowa"},"geometry":{"type":"LineString","coordinates":[[22.68728,54.18705],[22.68728,54.18689]]}},{"type":"Feature","properties":{"numer":"1097B","klasa":"droga zbiorcza","kat":"powiatowa"},"geometry":{"type":"LineString","coordinates":[[22.73222,54.19421],[22.73255,54.19325],[22.73257,54.1928],[22.73118,54.18662],[22.731,54.18536],[22.7305,54.1846],[22.72763,54.18174]]}},{"type":"Feature","properties":{"numer":"1098B","klasa":"","kat":"powiatowa"},"geometry":{"type":"LineString","coordinates":[[22.66654,54.23609],[22.66667,54.23567],[22.66796,54.23352],[22.66852,54.23305],[22.67051,54.23204],[22.67099,54.2317],[22.67201,54.23055],[22.67237,54.22958],[22.67285,54.22912],[22.67391,54.2286],[22.67522,54.22817],[22.67902,54.22765],[22.67975,54.22749],[22.68427,54.22511],[22.68665,54.22412],[22.68833,54.22308],[22.69032,54.22127],[22.69171,54.21972],[22.69409,54.21809],[22.69559,54.2163],[22.69982,54.21323],[22.70025,54.21281],[22.70127,54.21138],[22.70522,54.21087],[22.70726,54.21025],[22.70892,54.20987],[22.70947,54.2096],[22.71299,54.20701],[22.71322,54.20671],[22.71328,54.20643],[22.71336,54.20154],[22.71433,54.19979],[22.71468,54.19819],[22.71523,54.1976],[22.71873,54.19495],[22.72087,54.1924],[22.72119,54.19187],[22.72134,54.19127],[22.72159,54.19093],[22.72331,54.18977],[22.72406,54.18892],[22.724,54.18871],[22.71966,54.18424]]}},{"type":"Feature","properties":{"numer":"1097B","klasa":"droga zbiorcza","kat":"powiatowa"},"geometry":{"type":"LineString","coordinates":[[22.71827,54.23151],[22.71869,54.23118],[22.72302,54.22885],[22.72428,54.22792],[22.72474,54.22741],[22.72562,54.22579],[22.72581,54.22439],[22.72514,54.22216],[22.72514,54.22185],[22.72551,54.21882],[22.72584,54.21716],[22.72682,54.21313],[22.72741,54.21166],[22.72747,54.21074],[22.72735,54.20991],[22.72729,54.2072],[22.72888,54.20338],[22.73222,54.19421]]}},{"type":"Feature","properties":{"numer":"1114B","klasa":"droga zbiorcza","kat":"powiatowa"},"geometry":{"type":"LineString","coordinates":[[22.73222,54.19421],[22.73802,54.19385],[22.73983,54.19358],[22.74153,54.1932],[22.74354,54.1925],[22.75114,54.18924],[22.75356,54.1886],[22.75661,54.18762],[22.75866,54.18721]]}},{"type":"Feature","properties":{"numer":"1096B","klasa":"droga gĹ‚Ăłwna","kat":"powiatowa"},"geometry":{"type":"LineString","coordinates":[[22.79074,54.18645],[22.78966,54.19538],[22.78904,54.19637],[22.78669,54.19939],[22.78139,54.20509],[22.78137,54.20553],[22.78229,54.20756],[22.78223,54.20767],[22.78208,54.20777],[22.7769,54.20888],[22.77175,54.20976]]}},{"type":"Feature","properties":{"numer":"1115B","klasa":"droga zbiorcza","kat":"powiatowa"},"geometry":{"type":"LineString","coordinates":[[22.75866,54.18721],[22.75925,54.18802],[22.76431,54.19656],[22.76572,54.19811],[22.76645,54.1993],[22.76782,54.20097],[22.77175,54.20976]]}},{"type":"Feature","properties":{"numer":"1096B","klasa":"droga gĹ‚Ăłwna","kat":"powiatowa"},"geometry":{"type":"LineString","coordinates":[[22.77821,54.23017],[22.77828,54.23001],[22.77813,54.22894],[22.77718,54.22581],[22.7777,54.22381],[22.77766,54.22315],[22.77609,54.21901],[22.77511,54.21739],[22.77175,54.20976]]}},{"type":"Feature","properties":{"numer":"1133B","klasa":"droga gĹ‚Ăłwna","kat":"powiatowa"},"geometry":{"type":"LineString","coordinates":[[22.81519,54.21955],[22.80947,54.21815],[22.80828,54.21815],[22.80755,54.21831],[22.80673,54.2187],[22.79329,54.22653],[22.79071,54.22775],[22.78283,54.23089]]}},{"type":"Feature","properties":{"numer":"1095B","klasa":"droga zbiorcza","kat":"powiatowa"},"geometry":{"type":"LineString","coordinates":[[22.77821,54.23017],[22.77949,54.23034],[22.78109,54.2303],[22.78198,54.2306],[22.78248,54.23089]]}},{"type":"Feature","properties":{"numer":"1133B","klasa":"droga gĹ‚Ăłwna","kat":"powiatowa"},"geometry":{"type":"LineString","coordinates":[[22.78283,54.23089],[22.78248,54.23089]]}},{"type":"Feature","properties":{"numer":"1095B","klasa":"droga zbiorcza","kat":"powiatowa"},"geometry":{"type":"LineString","coordinates":[[22.78248,54.23089],[22.78268,54.23105]]}},{"type":"Feature","properties":{"numer":"1133B","klasa":"droga gĹ‚Ăłwna","kat":"powiatowa"},"geometry":{"type":"LineString","coordinates":[[22.78283,54.23089],[22.78268,54.23105]]}},{"type":"Feature","properties":{"numer":"1096B","klasa":"droga gĹ‚Ăłwna","kat":"powiatowa"},"geometry":{"type":"LineString","coordinates":[[22.71827,54.23151],[22.72034,54.23123],[22.72125,54.23121],[22.72543,54.23176],[22.72853,54.23201],[22.73041,54.23228],[22.73497,54.23272],[22.73728,54.23323],[22.74059,54.23429],[22.74311,54.23543],[22.74372,54.23561],[22.74793,54.23513],[22.74947,54.23532],[22.75419,54.23545],[22.759,54.23477],[22.76159,54.23429],[22.76782,54.23264],[22.77105,54.23197],[22.77618,54.23059],[22.77798,54.23027],[22.77821,54.23017]]}},{"type":"Feature","properties":{"numer":"652","klasa":"droga gĹ‚Ăłwna","kat":"wojewodzka"},"geometry":{"type":"LineString","coordinates":[[22.56785,54.16935],[22.56882,54.16956],[22.56955,54.16984]]}},{"type":"Feature","properties":{"numer":"652","klasa":"droga gĹ‚Ăłwna","kat":"wojewodzka"},"geometry":{"type":"LineString","coordinates":[[22.56955,54.16984],[22.5702,54.17033],[22.57068,54.17125],[22.57118,54.17172]]}},{"type":"Feature","properties":{"numer":"652","klasa":"droga gĹ‚Ăłwna","kat":"wojewodzka"},"geometry":{"type":"LineString","coordinates":[[22.57118,54.17172],[22.5735,54.17313],[22.57702,54.17563],[22.58169,54.17854],[22.59007,54.1812],[22.59115,54.18119],[22.59762,54.18037],[22.60274,54.18005],[22.60756,54.18026],[22.61094,54.17991],[22.61235,54.17991],[22.61377,54.18017],[22.616,54.18111],[22.61644,54.18119],[22.62056,54.18047]]}},{"type":"Feature","properties":{"numer":"1109B","klasa":"droga gĹ‚Ăłwna","kat":"powiatowa"},"geometry":{"type":"LineString","coordinates":[[22.6193,54.17657],[22.61933,54.17664]]}},{"type":"Feature","properties":{"numer":"1109B","klasa":"droga gĹ‚Ăłwna","kat":"powiatowa"},"geometry":{"type":"LineString","coordinates":[[22.61933,54.17664],[22.62074,54.17922],[22.62071,54.1804]]}},{"type":"Feature","properties":{"numer":"101895B,652","klasa":"droga gĹ‚Ăłwna","kat":"powiatowa"},"geometry":{"type":"LineString","coordinates":[[22.62253,54.17929],[22.6227,54.17922]]}},{"type":"Feature","properties":{"numer":"652","klasa":"droga gĹ‚Ăłwna","kat":"wojewodzka"},"geometry":{"type":"LineString","coordinates":[[22.62071,54.1804],[22.62253,54.17929]]}},{"type":"Feature","properties":{"numer":"652","klasa":"droga gĹ‚Ăłwna","kat":"wojewodzka"},"geometry":{"type":"LineString","coordinates":[[22.62056,54.18047],[22.62071,54.1804]]}},{"type":"Feature","properties":{"numer":"1104B","klasa":"droga gĹ‚Ăłwna","kat":"powiatowa"},"geometry":{"type":"LineString","coordinates":[[22.54126,54.22794],[22.54068,54.22758],[22.54051,54.22731],[22.53961,54.22327],[22.53847,54.22045],[22.53862,54.22025],[22.54102,54.21908],[22.54175,54.21818],[22.54244,54.21781],[22.54629,54.21686],[22.54807,54.21653],[22.54981,54.2161],[22.5508,54.21612],[22.55411,54.21654],[22.55528,54.21655],[22.55648,54.21631],[22.56081,54.21522],[22.56283,54.21502],[22.56366,54.21487],[22.56441,54.21456],[22.56748,54.21253],[22.57153,54.21141],[22.5735,54.21036],[22.57458,54.21007],[22.58322,54.20936],[22.58524,54.20951],[22.58823,54.21041],[22.59001,54.21036],[22.59219,54.21066],[22.59518,54.21041],[22.59659,54.20992],[22.60306,54.20696],[22.60359,54.20645],[22.60689,54.20215],[22.60923,54.20003],[22.61266,54.19608],[22.61335,54.195],[22.61547,54.19272],[22.61577,54.19204],[22.61652,54.18929],[22.61651,54.18837],[22.61662,54.18811],[22.61709,54.18782],[22.62059,54.18666],[22.62091,54.18641],[22.62056,54.18047]]}},{"type":"Feature","properties":{"numer":"1103B","klasa":"","kat":"powiatowa"},"geometry":{"type":"LineString","coordinates":[[22.6185,54.20469],[22.61861,54.20471]]}},{"type":"Feature","properties":{"numer":"1794N","klasa":"","kat":"powiatowa"},"geometry":{"type":"LineString","coordinates":[[22.48388014722069,54.20801360965878],[22.48389,54.20801]]}},{"type":"Feature","properties":{"numer":"101882B","klasa":"droga lokalna","kat":"powiatowa"},"geometry":{"type":"LineString","coordinates":[[22.54875,54.24107],[22.54792,54.23983],[22.54744,54.23948],[22.53931,54.23639],[22.5391,54.2362],[22.53849,54.23511],[22.53715,54.23401]]}},{"type":"Feature","properties":{"numer":"1103B","klasa":"","kat":"powiatowa"},"geometry":{"type":"LineString","coordinates":[[22.55365,54.24487],[22.55455,54.24404],[22.55645,54.24156],[22.5582,54.24003],[22.55948,54.23965],[22.56093,54.23979],[22.56216,54.23964],[22.56397,54.23882],[22.56552,54.23868],[22.56599,54.2385],[22.56633,54.23808],[22.56767,54.23495],[22.56815,54.23418],[22.56824,54.23373]]}},{"type":"Feature","properties":{"numer":"101882B","klasa":"droga lokalna","kat":"powiatowa"},"geometry":{"type":"LineString","coordinates":[[22.5498,54.24217],[22.54957,54.24178],[22.54875,54.24107]]}},{"type":"Feature","properties":{"numer":"101882B","klasa":"droga lokalna","kat":"powiatowa"},"geometry":{"type":"LineString","coordinates":[[22.55258,54.24449],[22.55148,54.24384],[22.55012,54.24266],[22.5498,54.24217]]}},{"type":"Feature","properties":{"numer":"1104B","klasa":"","kat":"powiatowa"},"geometry":{"type":"LineString","coordinates":[[22.53838,54.24979],[22.53833,54.24947],[22.53792,54.24883],[22.53847,54.2479],[22.53852,54.24747],[22.53715,54.2461],[22.5368,54.2459],[22.53595,54.24561],[22.535,54.24428],[22.53436,54.24397],[22.53413,54.24356],[22.53398,54.24225],[22.53535,54.23946],[22.53562,54.23864]]}},{"type":"Feature","properties":{"numer":"101882B","klasa":"droga lokalna","kat":"powiatowa"},"geometry":{"type":"LineString","coordinates":[[22.55365,54.24487],[22.5532,54.24477],[22.55258,54.24449]]}},{"type":"Feature","properties":{"numer":"1104B","klasa":"","kat":"powiatowa"},"geometry":{"type":"LineString","coordinates":[[22.53838,54.2498],[22.53838,54.24979]]}},{"type":"Feature","properties":{"numer":"1892N","klasa":"","kat":"powiatowa"},"geometry":{"type":"LineString","coordinates":[[22.538384468498474,54.2498160865945],[22.53838,54.2498]]}},{"type":"Feature","properties":{"numer":"1938N","klasa":"","kat":"powiatowa"},"geometry":{"type":"LineString","coordinates":[[22.564996474592757,54.25049049355702],[22.565,54.25049]]}},{"type":"Feature","properties":{"numer":"1103B","klasa":"","kat":"powiatowa"},"geometry":{"type":"LineString","coordinates":[[22.60329,54.22108],[22.60537,54.21989],[22.60784,54.2181],[22.61057,54.21401],[22.61073,54.21357],[22.61101,54.21168],[22.61185,54.21048],[22.6122,54.21018],[22.61327,54.20977],[22.61371,54.20946],[22.61489,54.20765],[22.61634,54.20636],[22.61658,54.20556],[22.61704,54.2051],[22.61768,54.20468],[22.6185,54.20469]]}},{"type":"Feature","properties":{"numer":"1103B","klasa":"","kat":"powiatowa"},"geometry":{"type":"LineString","coordinates":[[22.56824,54.23373],[22.57038,54.22872],[22.57088,54.22807],[22.57162,54.22751],[22.57212,54.2275],[22.57284,54.22772],[22.57451,54.22896],[22.57478,54.22906],[22.57515,54.22903],[22.57607,54.22864],[22.57712,54.22849],[22.57798,54.22804],[22.5798,54.22826],[22.58134,54.22744],[22.58257,54.22588],[22.58286,54.22568],[22.58419,54.22562],[22.58743,54.2259],[22.58938,54.22569],[22.59048,54.22571],[22.59475,54.22465],[22.59618,54.22453],[22.59688,54.2244],[22.59965,54.22374],[22.60026,54.22352],[22.60206,54.22234],[22.60329,54.22108]]}},{"type":"Feature","properties":{"numer":"1100B","klasa":"droga zbiorcza","kat":"powiatowa"},"geometry":{"type":"LineString","coordinates":[[22.58697,54.25139],[22.58912,54.25095],[22.59172,54.2502],[22.59791,54.24989],[22.60056,54.25],[22.60416,54.25063],[22.60676,54.25088],[22.61035,54.2506],[22.61153,54.25058],[22.61242,54.25077],[22.61434,54.25136],[22.61534,54.25152],[22.61598,54.25152],[22.6189,54.25133],[22.62223,54.25085],[22.62493,54.25055],[22.62763,54.24987],[22.63366,54.24878],[22.6398,54.2487],[22.64045,54.24851],[22.64072,54.24827],[22.64037,54.24597],[22.64065,54.24545],[22.64112,54.24518],[22.64487,54.24385]]}},{"type":"Feature","properties":{"numer":"1101B","klasa":"","kat":"powiatowa"},"geometry":{"type":"LineString","coordinates":[[22.565,54.25049],[22.5655,54.25048],[22.56661,54.2509],[22.56777,54.25078],[22.569,54.25078],[22.57066,54.25101],[22.57242,54.25142],[22.57358,54.25148],[22.57476,54.25141],[22.57554,54.25168],[22.57622,54.25164],[22.57932,54.25102],[22.58054,54.25089],[22.58152,54.25093],[22.5852,54.25141],[22.58654,54.25141]]}},{"type":"Feature","properties":{"numer":"1100B","klasa":"","kat":"powiatowa"},"geometry":{"type":"LineString","coordinates":[[22.58672,54.25147],[22.58697,54.25139]]}},{"type":"Feature","properties":{"numer":"1101B","klasa":"","kat":"powiatowa"},"geometry":{"type":"LineString","coordinates":[[22.58654,54.25141],[22.58672,54.25147]]}},{"type":"Feature","properties":{"numer":"1100B","klasa":"","kat":"powiatowa"},"geometry":{"type":"LineString","coordinates":[[22.577513008088864,54.25830785284692],[22.58041,54.25624],[22.58363,54.25477],[22.58448,54.25402],[22.58586,54.25328],[22.58619,54.25282],[22.58672,54.25147]]}},{"type":"Feature","properties":{"numer":"1092B","klasa":"","kat":"powiatowa"},"geometry":{"type":"LineString","coordinates":[[22.64487,54.24385],[22.64398,54.24152],[22.64381,54.23965],[22.64412,54.23828],[22.64353,54.23758],[22.64327,54.23684],[22.64381,54.23211],[22.64365,54.2309],[22.64321,54.2291],[22.64195,54.22793],[22.64119,54.22744],[22.64014,54.22699],[22.63798,54.22623],[22.63744,54.22595],[22.6371,54.22551],[22.63666,54.22431],[22.6341,54.22251],[22.63331,54.22216],[22.63189,54.22199],[22.63103,54.22172],[22.62898,54.21874],[22.62896,54.21845],[22.63019,54.21628],[22.63016,54.21588],[22.62941,54.21399],[22.62941,54.21368],[22.63111,54.20971]]}},{"type":"Feature","properties":{"numer":"1098B","klasa":"","kat":"powiatowa"},"geometry":{"type":"LineString","coordinates":[[22.6558,54.251],[22.65642,54.25084],[22.65639,54.25061],[22.656,54.2502],[22.656,54.25009],[22.65752,54.24952],[22.65741,54.24829],[22.65755,54.24763],[22.65733,54.24696],[22.65751,54.24658],[22.66,54.24363],[22.66045,54.24338],[22.6613,54.24314],[22.66453,54.24284],[22.66495,54.24265],[22.66519,54.24104],[22.66516,54.23942],[22.66539,54.23895],[22.66625,54.23795],[22.66654,54.23609]]}},{"type":"Feature","properties":{"numer":"1092B","klasa":"","kat":"powiatowa"},"geometry":{"type":"LineString","coordinates":[[22.65013,54.24456],[22.64939,54.24435],[22.64883,54.24434],[22.64809,54.24444],[22.6465,54.24488],[22.64596,54.24492],[22.64554,54.2448],[22.64526,54.24461],[22.64487,54.24385]]}},{"type":"Feature","properties":{"numer":"1092B","klasa":"","kat":"powiatowa"},"geometry":{"type":"LineString","coordinates":[[22.65013,54.24456],[22.65068,54.24569],[22.65106,54.24618],[22.6558,54.251]]}},{"type":"Feature","properties":{"numer":"1092B","klasa":"","kat":"powiatowa"},"geometry":{"type":"LineString","coordinates":[[22.65618,54.2521],[22.65544,54.25121],[22.6558,54.251]]}},{"type":"Feature","properties":{"numer":"1092B","klasa":"","kat":"powiatowa"},"geometry":{"type":"LineString","coordinates":[[22.65767,54.25375],[22.65617,54.25221],[22.65618,54.2521]]}},{"type":"Feature","properties":{"numer":"1091B","klasa":"","kat":"powiatowa"},"geometry":{"type":"LineString","coordinates":[[22.65767,54.25375],[22.65879,54.2548],[22.66519,54.25253],[22.66566,54.25241],[22.66611,54.2524],[22.66677,54.25256],[22.66813,54.25355],[22.66894,54.25391],[22.6696,54.25406],[22.6731,54.25449],[22.67399,54.2545],[22.67563,54.25426],[22.67856,54.25429],[22.68258,54.25463],[22.68512,54.25437],[22.68891,54.25441],[22.69232,54.25554],[22.6929,54.25594],[22.69343,54.25664],[22.69378,54.25688],[22.69441,54.25699],[22.69551,54.25701]]}},{"type":"Feature","properties":{"numer":"1092B","klasa":"","kat":"powiatowa"},"geometry":{"type":"LineString","coordinates":[[22.62595838478128,54.27001750957608],[22.62987,54.26736],[22.63257,54.26534],[22.63574,54.26406],[22.63737,54.263],[22.63968,54.26208],[22.64191,54.26068],[22.64629,54.25845],[22.64941,54.25651],[22.65767,54.25375]]}},{"type":"Feature","properties":{"numer":"1095B","klasa":"droga zbiorcza","kat":"powiatowa"},"geometry":{"type":"LineString","coordinates":[[22.78268,54.23105],[22.78302,54.23141],[22.78412,54.23314],[22.78426,54.23385],[22.78395,54.23438],[22.78038,54.23784],[22.78027,54.23806],[22.78037,54.2383],[22.78076,54.23846],[22.78124,54.23846],[22.78233,54.23774],[22.78311,54.23755],[22.785,54.23754],[22.78638,54.23783],[22.78773,54.23857],[22.78969,54.24016],[22.79306,54.24267]]}},{"type":"Feature","properties":{"numer":"1132B","klasa":"droga zbiorcza","kat":"powiatowa"},"geometry":{"type":"LineString","coordinates":[[22.79306,54.24267],[22.79359,54.24293],[22.79415,54.24297],[22.795,54.24284],[22.79693,54.24235],[22.79732,54.24238],[22.80237,54.24601],[22.80953,54.25133],[22.80992,54.25152],[22.81181,54.25199],[22.81287,54.25206]]}},{"type":"Feature","properties":{"numer":"1095B","klasa":"droga zbiorcza","kat":"powiatowa"},"geometry":{"type":"LineString","coordinates":[[22.79306,54.24267],[22.79338,54.24325],[22.79329,54.24385],[22.79169,54.24668],[22.79065,54.249],[22.78967,54.25033],[22.78636,54.25161],[22.78535,54.25237],[22.78482,54.25329],[22.78448,54.25448],[22.7841,54.25709],[22.78385,54.25736],[22.78309,54.25762],[22.78238,54.25807]]}},{"type":"Feature","properties":{"numer":"1095B","klasa":"droga zbiorcza","kat":"powiatowa"},"geometry":{"type":"LineString","coordinates":[[22.78194,54.25823],[22.78238,54.25807]]}},{"type":"Feature","properties":{"numer":"1095B","klasa":"droga zbiorcza","kat":"powiatowa"},"geometry":{"type":"LineString","coordinates":[[22.78238,54.25807],[22.78236,54.25827]]}},{"type":"Feature","properties":{"numer":"1094B","klasa":"droga gĹ‚Ăłwna","kat":"powiatowa"},"geometry":{"type":"LineString","coordinates":[[22.78194,54.25823],[22.78236,54.25827]]}},{"type":"Feature","properties":{"numer":"1094B","klasa":"droga gĹ‚Ăłwna","kat":"powiatowa"},"geometry":{"type":"LineString","coordinates":[[22.73606,54.25671],[22.73878,54.25762],[22.74308,54.25823],[22.74408,54.25844],[22.74715,54.25965],[22.75191,54.26052],[22.7526,54.26055],[22.75302,54.26048],[22.75458,54.25997],[22.75521,54.25991],[22.76327,54.26099],[22.76594,54.26125],[22.76706,54.26111],[22.76879,54.26053],[22.7706,54.26039],[22.77293,54.26001],[22.77664,54.25912],[22.77958,54.25884],[22.78194,54.25823]]}},{"type":"Feature","properties":{"numer":"1094B","klasa":"droga gĹ‚Ăłwna","kat":"powiatowa"},"geometry":{"type":"LineString","coordinates":[[22.78236,54.25827],[22.78459,54.25889],[22.7853,54.25938],[22.78684,54.26142],[22.78749,54.26281],[22.78789,54.26341],[22.79225,54.26872],[22.79554,54.27134],[22.79624,54.27172],[22.79678,54.2719],[22.79878,54.27231],[22.79986,54.27262],[22.80494,54.27456],[22.80556,54.27496],[22.80581,54.27533],[22.80695,54.27858],[22.80733,54.27897],[22.80885,54.27982],[22.80919,54.28012],[22.81036,54.28295],[22.8109,54.28334],[22.81325,54.28447],[22.81368,54.2848],[22.81367,54.28527],[22.81221,54.29056],[22.81229,54.29103],[22.81287,54.29163]]}},{"type":"Feature","properties":{"numer":"101528B","klasa":"droga lokalna","kat":"powiatowa"},"geometry":{"type":"LineString","coordinates":[[22.81287,54.29163],[22.80853,54.29271]]}},{"type":"Feature","properties":{"numer":"101528B","klasa":"droga lokalna","kat":"powiatowa"},"geometry":{"type":"LineString","coordinates":[[22.80853,54.29271],[22.8069,54.29319],[22.80492,54.29398],[22.80414,54.29457]]}},{"type":"Feature","properties":{"numer":"1096B","klasa":"droga gĹ‚Ăłwna","kat":"powiatowa"},"geometry":{"type":"LineString","coordinates":[[22.71627,54.2327],[22.71827,54.23151]]}},{"type":"Feature","properties":{"numer":"1094B","klasa":"droga gĹ‚Ăłwna","kat":"powiatowa"},"geometry":{"type":"LineString","coordinates":[[22.71649,54.23295],[22.71627,54.2327]]}},{"type":"Feature","properties":{"numer":"1096B","klasa":"droga gĹ‚Ăłwna","kat":"powiatowa"},"geometry":{"type":"LineString","coordinates":[[22.65618,54.2521],[22.66059,54.25074],[22.66436,54.25023],[22.66635,54.25023],[22.66697,54.25014],[22.67076,54.24844],[22.6748,54.24709],[22.6767,54.2458],[22.67739,54.24553],[22.68056,54.24533],[22.68264,54.24494],[22.68778,54.24455],[22.6904,54.24409],[22.69268,54.24341],[22.69518,54.24253],[22.6969,54.24168],[22.69734,54.2414],[22.69866,54.24017],[22.70409,54.23796],[22.70674,54.23665],[22.70829,54.2358],[22.70908,54.23497],[22.70944,54.23472],[22.71492,54.23339],[22.71627,54.2327]]}},{"type":"Feature","properties":{"numer":"1094B","klasa":"droga gĹ‚Ăłwna","kat":"powiatowa"},"geometry":{"type":"LineString","coordinates":[[22.71649,54.23295],[22.71847,54.23624],[22.72065,54.23823],[22.72111,54.23949],[22.72074,54.24066],[22.7208,54.24299],[22.71934,54.24489],[22.71911,54.24557],[22.71933,54.24701],[22.72017,54.24856],[22.72052,54.24889],[22.72144,54.24938],[22.73162,54.25386],[22.73211,54.25418],[22.73352,54.2557],[22.73403,54.25597],[22.73606,54.25671]]}},{"type":"Feature","properties":{"numer":"1093B","klasa":"","kat":"powiatowa"},"geometry":{"type":"LineString","coordinates":[[22.72078,54.25442],[22.7234,54.25529],[22.72578,54.25582],[22.72664,54.25617],[22.72719,54.25653]]}},{"type":"Feature","properties":{"numer":"1093B","klasa":"","kat":"powiatowa"},"geometry":{"type":"LineString","coordinates":[[22.69551,54.25701],[22.69649,54.25663],[22.69715,54.25655],[22.69823,54.25674],[22.69941,54.25679],[22.70053,54.25727],[22.7023,54.25747],[22.70683,54.25746],[22.71199,54.25677],[22.71331,54.25637],[22.71556,54.25585],[22.71736,54.25523],[22.72078,54.25442]]}},{"type":"Feature","properties":{"numer":"1093B","klasa":"","kat":"powiatowa"},"geometry":{"type":"LineString","coordinates":[[22.73606,54.25671],[22.73594,54.25679],[22.7346,54.25689],[22.72973,54.25626],[22.72719,54.25653]]}},{"type":"Feature","properties":{"numer":"1091B","klasa":"","kat":"powiatowa"},"geometry":{"type":"LineString","coordinates":[[22.69551,54.25701],[22.69579,54.25715]]}},{"type":"Feature","properties":{"numer":"1091B","klasa":"","kat":"powiatowa"},"geometry":{"type":"LineString","coordinates":[[22.69579,54.25715],[22.69598,54.2574],[22.69591,54.2584],[22.69632,54.25939],[22.69668,54.25998],[22.69745,54.26069],[22.69782,54.26172],[22.69825,54.26226],[22.69894,54.26252],[22.70055,54.26267],[22.70101,54.26279],[22.70141,54.26307],[22.70204,54.26419],[22.70244,54.26456],[22.70571,54.26539],[22.71417,54.26939],[22.7162,54.26999],[22.71811,54.27163],[22.71918,54.27284],[22.72049,54.274],[22.72093,54.27408],[22.72283,54.27403],[22.72339,54.27394],[22.72521,54.2732],[22.72627,54.27233],[22.72731,54.2719],[22.72806,54.2722],[22.72873,54.27257],[22.72973,54.27366],[22.73064,54.27399],[22.73169,54.27449],[22.73319,54.27536],[22.73513,54.2774],[22.73647,54.27852],[22.73728,54.27894],[22.73852,54.27981],[22.74043,54.28039],[22.74101,54.28065],[22.74314,54.28267],[22.74457,54.2837],[22.74553,54.28476],[22.74654,54.28521],[22.74675,54.28547],[22.74726,54.28688],[22.74789,54.28752],[22.74922,54.28967],[22.75057,54.29157],[22.75096,54.29247],[22.7512,54.29257],[22.75157,54.29257],[22.75214,54.29233],[22.75531,54.29041],[22.75567,54.29033],[22.75722,54.29037],[22.75797,54.29026],[22.75845,54.29029],[22.75893,54.29049],[22.75922,54.29086],[22.75964,54.29206],[22.7606,54.2929],[22.761487334154562,54.29454505770229]]}},{"type":"Feature","properties":{"numer":"101528B","klasa":"droga lokalna","kat":"powiatowa"},"geometry":{"type":"LineString","coordinates":[[22.79373,54.2952],[22.79166,54.29478],[22.79067,54.2945],[22.78853,54.29447],[22.78704,54.29464],[22.78535,54.29548]]}},{"type":"Feature","properties":{"numer":"101528B","klasa":"droga lokalna","kat":"powiatowa"},"geometry":{"type":"LineString","coordinates":[[22.794,54.29525],[22.79373,54.2952]]}},{"type":"Feature","properties":{"numer":"101528B","klasa":"droga lokalna","kat":"powiatowa"},"geometry":{"type":"LineString","coordinates":[[22.80414,54.29457],[22.80365,54.29476],[22.80188,54.29516],[22.80016,54.29585],[22.79925,54.296],[22.79803,54.29591],[22.794,54.29525]]}},{"type":"Feature","properties":{"numer":"101528B","klasa":"droga lokalna","kat":"powiatowa"},"geometry":{"type":"LineString","coordinates":[[22.78535,54.29548],[22.78441,54.29585],[22.783324352087117,54.296005092558985]]}},{"type":"Feature","properties":{"numer":"1091B","klasa":"","kat":"powiatowa"},"geometry":{"type":"LineString","coordinates":[[22.791021624275068,54.31892706191915],[22.79468,54.31843],[22.80004,54.31792],[22.80179,54.3176],[22.80394,54.31758],[22.80617,54.31737],[22.80736,54.31719],[22.80833,54.3168],[22.80887,54.31673],[22.81949,54.31589]]}},{"type":"Feature","properties":{"numer":"651","klasa":"droga gĹ‚Ăłwna","kat":"wojewodzka"},"geometry":{"type":"LineString","coordinates":[[22.79297839635189,54.36212219931598],[22.79302,54.36213]]}},{"type":"Feature","properties":{"numer":"652","klasa":"droga gĹ‚Ăłwna","kat":"wojewodzka"},"geometry":{"type":"LineString","coordinates":[[22.87044,54.11186],[22.87104,54.11114],[22.871278286675924,54.110993683620045]]}},{"type":"Feature","properties":{"numer":"1117B","klasa":"droga gĹ‚Ăłwna","kat":"powiatowa"},"geometry":{"type":"LineString","coordinates":[[22.78654,54.1245],[22.79775,54.12523],[22.79882,54.12539],[22.80224,54.12639],[22.80793,54.12838],[22.81195,54.13051],[22.81604,54.13194],[22.81645,54.13196],[22.81981,54.12988],[22.82937,54.12355],[22.83016,54.12313],[22.84955,54.11669],[22.85018,54.11669],[22.85315,54.11729],[22.85423,54.11735],[22.86125,54.11648],[22.86187,54.11635],[22.86279,54.11602],[22.86922,54.11269],[22.87044,54.11186]]}},{"type":"Feature","properties":{"numer":"652","klasa":"droga gĹ‚Ăłwna","kat":"wojewodzka"},"geometry":{"type":"LineString","coordinates":[[22.84689,54.14261],[22.87044,54.11186]]}},{"type":"Feature","properties":{"numer":"1134B","klasa":"droga gĹ‚Ăłwna","kat":"powiatowa"},"geometry":{"type":"LineString","coordinates":[[22.88478326613762,54.127361068867046],[22.88353,54.12756],[22.8831,54.12793],[22.8829,54.12871],[22.88284,54.13017],[22.882,54.13369],[22.88177,54.13407],[22.88123,54.13456],[22.87963,54.13688],[22.87809,54.13827],[22.87804,54.13858],[22.87869,54.14022],[22.87846,54.14057],[22.87785,54.14088],[22.87119,54.14252],[22.87003,54.14294],[22.86464,54.14616],[22.86282,54.1479],[22.86134,54.1488]]}},{"type":"Feature","properties":{"numer":"1143B","klasa":"","kat":"powiatowa"},"geometry":{"type":"LineString","coordinates":[[22.84689,54.14261],[22.84805,54.14366],[22.84984,54.14478],[22.8545,54.14725],[22.85619,54.14775],[22.85957,54.14856]]}},{"type":"Feature","properties":{"numer":"1143B","klasa":"","kat":"powiatowa"},"geometry":{"type":"LineString","coordinates":[[22.85957,54.14856],[22.85974,54.14859]]}},{"type":"Feature","properties":{"numer":"1143B","klasa":"","kat":"powiatowa"},"geometry":{"type":"LineString","coordinates":[[22.85974,54.14859],[22.86097,54.1488]]}},{"type":"Feature","properties":{"numer":"1152B","klasa":"","kat":"powiatowa"},"geometry":{"type":"LineString","coordinates":[[23.02038,54.10545],[23.02111,54.10487],[23.02228,54.10437],[23.02406,54.10443],[23.02641,54.10364],[23.0274,54.10342],[23.03044,54.10351],[23.03231,54.10314],[23.03442,54.1032],[23.03622,54.10398],[23.03714,54.10425],[23.03807,54.1044],[23.03977,54.10451],[23.04141,54.10448],[23.04226,54.10485],[23.0461,54.10568],[23.04671,54.10565],[23.04919,54.10492],[23.05044,54.10493]]}},{"type":"Feature","properties":{"numer":"1153B","klasa":"droga gĹ‚Ăłwna","kat":"powiatowa"},"geometry":{"type":"LineString","coordinates":[[23.08854,54.15578],[23.08662,54.15539],[23.08626,54.15526],[23.08447,54.15358],[23.08387,54.15328],[23.08024,54.15254],[23.07987,54.15239],[23.07789,54.1511],[23.07436,54.14779],[23.0727,54.1471],[23.07111,54.14655],[23.07009,54.14632],[23.06507,54.14682],[23.06432,54.14684],[23.06347,54.14676],[23.05676,54.14527],[23.05325,54.14429],[23.05082,54.14371],[23.05006,54.14341],[23.0492,54.1425],[23.0488,54.14223],[23.04086,54.13858],[23.03719,54.136],[23.0344,54.13391],[23.03028,54.12422],[23.02302,54.12402],[23.01796,54.12408],[23.01666,54.12383],[23.01509,54.12341],[23.0135,54.12285],[23.00205,54.1179],[23.0,54.11709],[22.99901,54.1168],[22.99648,54.11625],[22.99274,54.11567],[22.99082,54.11495],[22.99034,54.11443],[22.99001,54.1143],[22.98556,54.11384],[22.9829,54.11344],[22.97788,54.11355],[22.97467,54.11371],[22.97311,54.1135],[22.97189,54.11351],[22.97081,54.11366],[22.970037240577014,54.11415420660772]]}},{"type":"Feature","properties":{"numer":"S61","klasa":"droga ekspresowa","kat":"krajowa"},"geometry":{"type":"LineString","coordinates":[[22.970320599418475,54.13898647953478],[22.9746,54.14241],[22.97654,54.14379],[22.9783,54.14481],[22.98223,54.14677],[22.98448,54.14801],[22.98646,54.14938],[22.98818,54.15086],[22.98998,54.15302],[22.99111,54.15504],[22.99175,54.1569],[22.9922,54.1592]]}},{"type":"Feature","properties":{"numer":"8,E67","klasa":"droga gĹ‚Ăłwna ruchu przyĹ›pieszonego","kat":"gminna"},"geometry":{"type":"LineString","coordinates":[[22.97881,54.15978],[22.97706,54.1579],[22.972930758722754,54.15411568341178]]}},{"type":"Feature","properties":{"numer":"1154B","klasa":"","kat":"powiatowa"},"geometry":{"type":"LineString","coordinates":[[22.99256,54.15925],[22.99331,54.15931],[22.99387,54.15927],[22.99509,54.15899]]}},{"type":"Feature","properties":{"numer":"1154B","klasa":"","kat":"powiatowa"},"geometry":{"type":"LineString","coordinates":[[22.99186,54.15915],[22.9922,54.1592]]}},{"type":"Feature","properties":{"numer":"1154B","klasa":"","kat":"powiatowa"},"geometry":{"type":"LineString","coordinates":[[22.9922,54.1592],[22.99256,54.15925]]}},{"type":"Feature","properties":{"numer":"1154B","klasa":"","kat":"powiatowa"},"geometry":{"type":"LineString","coordinates":[[22.97908,54.16009],[22.98045,54.16005],[22.9819,54.16026],[22.98429,54.1602],[22.98659,54.15933],[22.98895,54.15881],[22.98972,54.15884],[22.99186,54.15915]]}},{"type":"Feature","properties":{"numer":"8,E67","klasa":"droga gĹ‚Ăłwna ruchu przyĹ›pieszonego","kat":"gminna"},"geometry":{"type":"LineString","coordinates":[[22.97908,54.16009],[22.97881,54.15978]]}},{"type":"Feature","properties":{"numer":"1154B","klasa":"","kat":"powiatowa"},"geometry":{"type":"LineString","coordinates":[[22.99509,54.15899],[22.99656,54.15869],[23.00109,54.15878],[23.00812,54.15962],[23.01124,54.15995],[23.01327,54.16008],[23.01603,54.16085],[23.01847,54.16138],[23.02152,54.16183],[23.02207,54.16222],[23.02239,54.16261],[23.02248,54.16292],[23.02276,54.16305],[23.0238,54.16309],[23.02679,54.16345],[23.02862,54.1638],[23.02917,54.16376],[23.0317,54.16329],[23.03463,54.16266],[23.03763,54.16292],[23.04152,54.16426],[23.04453,54.16497],[23.04526,54.1653],[23.04586,54.16574],[23.04693,54.16621],[23.04848,54.16712],[23.05046,54.16785],[23.0529,54.16826]]}},{"type":"Feature","properties":{"numer":"655","klasa":"droga gĹ‚Ăłwna","kat":"wojewodzka"},"geometry":{"type":"LineString","coordinates":[[22.93200814711348,54.15740332784128],[22.93101,54.16997]]}},{"type":"Feature","properties":{"numer":"1141B","klasa":"","kat":"powiatowa"},"geometry":{"type":"LineString","coordinates":[[22.94803,54.17613],[22.95287,54.17227],[22.9546,54.17151],[22.95511,54.17104],[22.95569,54.17069],[22.95758,54.17012],[22.95984,54.16876],[22.96571,54.16597],[22.97056,54.16237],[22.97654,54.16043],[22.97881,54.15978]]}},{"type":"Feature","properties":{"numer":"1141B","klasa":"","kat":"powiatowa"},"geometry":{"type":"LineString","coordinates":[[22.94803,54.17613],[22.94749,54.17602],[22.94078,54.17379],[22.93219,54.17028],[22.93101,54.16997]]}},{"type":"Feature","properties":{"numer":"655","klasa":"droga gĹ‚Ăłwna","kat":"wojewodzka"},"geometry":{"type":"LineString","coordinates":[[22.93101,54.16997],[22.92319,54.17601],[22.91808,54.18364],[22.91626,54.18951],[22.91307,54.19589],[22.91271,54.20216]]}},{"type":"Feature","properties":{"numer":"101622B,1154B","klasa":"","kat":"powiatowa"},"geometry":{"type":"LineString","coordinates":[[23.0529,54.16826],[23.05416,54.16844],[23.05597,54.16845]]}},{"type":"Feature","properties":{"numer":"1154B","klasa":"","kat":"powiatowa"},"geometry":{"type":"LineString","coordinates":[[23.05597,54.16845],[23.05869,54.16901],[23.05942,54.16924],[23.06008,54.16918],[23.06085,54.16952],[23.06174,54.16974],[23.0625,54.1698],[23.06394,54.16975],[23.06481,54.16994],[23.06686,54.17079],[23.06735,54.17108],[23.06825,54.17174],[23.06864,54.17252]]}},{"type":"Feature","properties":{"numer":"S61","klasa":"droga ekspresowa","kat":"krajowa"},"geometry":{"type":"LineString","coordinates":[[22.9922,54.1592],[22.99402,54.1689],[22.9948,54.17106],[22.99565,54.17276],[22.99734,54.17526],[23.00309,54.1818],[23.00644,54.18538],[23.00889,54.18752]]}},{"type":"Feature","properties":{"numer":"8,E67","klasa":"droga gĹ‚Ăłwna ruchu przyĹ›pieszonego","kat":"gminna"},"geometry":{"type":"LineString","coordinates":[[23.00653,54.18835],[23.00506,54.18711],[23.00174,54.1836],[23.00037,54.18191],[22.99763,54.17813],[22.9969,54.17749],[22.99268,54.17448],[22.99177,54.17357],[22.9911,54.17236],[22.99062,54.16986],[22.98992,54.16881],[22.98883,54.16792],[22.98466,54.16566],[22.98329,54.16472],[22.98195,54.16346],[22.97908,54.16009]]}},{"type":"Feature","properties":{"numer":"1154B","klasa":"","kat":"powiatowa"},"geometry":{"type":"LineString","coordinates":[[23.06864,54.17252],[23.06908,54.17283],[23.07245,54.17386],[23.07291,54.17386],[23.07474,54.17356],[23.0753,54.17357],[23.07612,54.17372],[23.07796,54.17438],[23.07922,54.17473],[23.08216,54.17613]]}},{"type":"Feature","properties":{"numer":"1153B","klasa":"droga gĹ‚Ăłwna","kat":"powiatowa"},"geometry":{"type":"LineString","coordinates":[[23.08216,54.17613],[23.08445,54.17557],[23.08667,54.17528]]}},{"type":"Feature","properties":{"numer":"1153B","klasa":"droga gĹ‚Ăłwna","kat":"powiatowa"},"geometry":{"type":"LineString","coordinates":[[23.07899,54.18093],[23.07899,54.17932],[23.0792,54.17876],[23.07975,54.17815],[23.08216,54.17613]]}},{"type":"Feature","properties":{"numer":"1139B","klasa":"droga zbiorcza","kat":"powiatowa"},"geometry":{"type":"LineString","coordinates":[[23.0093,54.18737],[23.01147,54.18662],[23.01195,54.18652],[23.02025,54.18565],[23.02137,54.18562],[23.0254,54.18625],[23.03481,54.18829],[23.03576,54.18844],[23.03681,54.18846],[23.03801,54.18823],[23.04025,54.18736],[23.04431,54.18634],[23.0455,54.18611],[23.04684,54.18615],[23.05042,54.18693],[23.05168,54.18705],[23.05239,54.18702],[23.05321,54.18687],[23.0539,54.18663],[23.05596,54.18557],[23.05669,54.18538],[23.05759,54.18524],[23.05852,54.18516],[23.05954,54.18517],[23.06213,54.18564],[23.06439,54.18559],[23.06535,54.18546],[23.06625,54.18518],[23.07053,54.18348],[23.07459,54.18216],[23.07899,54.18093]]}},{"type":"Feature","properties":{"numer":"1139B","klasa":"droga zbiorcza","kat":"powiatowa"},"geometry":{"type":"LineString","coordinates":[[23.00889,54.18752],[23.0093,54.18737]]}},{"type":"Feature","properties":{"numer":"1139B","klasa":"droga zbiorcza","kat":"powiatowa"},"geometry":{"type":"LineString","coordinates":[[23.00853,54.18764],[23.00889,54.18752]]}},{"type":"Feature","properties":{"numer":"1143B","klasa":"","kat":"powiatowa"},"geometry":{"type":"LineString","coordinates":[[22.86097,54.1488],[22.86134,54.1488]]}},{"type":"Feature","properties":{"numer":"1134B","klasa":"droga gĹ‚Ăłwna","kat":"powiatowa"},"geometry":{"type":"LineString","coordinates":[[22.86134,54.1488],[22.86113,54.14895]]}},{"type":"Feature","properties":{"numer":"1143B","klasa":"","kat":"powiatowa"},"geometry":{"type":"LineString","coordinates":[[22.86113,54.14895],[22.86097,54.1488]]}},{"type":"Feature","properties":{"numer":"652","klasa":"droga gĹ‚Ăłwna","kat":"wojewodzka"},"geometry":{"type":"LineString","coordinates":[[22.80236,54.15723],[22.81578,54.15226],[22.81982,54.15062],[22.84466,54.14451],[22.84534,54.14422],[22.84586,54.14386],[22.84689,54.14261]]}},{"type":"Feature","properties":{"numer":"1142B","klasa":"droga zbiorcza","kat":"powiatowa"},"geometry":{"type":"LineString","coordinates":[[22.90466541719496,54.13574321731758],[22.90466,54.13576],[22.9021,54.14239],[22.90243,54.14645],[22.902,54.14797],[22.90165,54.14821],[22.89951,54.14921],[22.89919,54.15017],[22.8988,54.15083],[22.89718,54.15206],[22.89451,54.15303],[22.89098,54.15346],[22.89039,54.15367],[22.88998,54.15403],[22.88983,54.15453],[22.88986,54.15718],[22.88969,54.1576],[22.88753,54.15977],[22.88499,54.16197],[22.88464,54.16245],[22.8846,54.16331],[22.88568,54.16552],[22.88541,54.16734],[22.8852,54.16801],[22.88481,54.16865],[22.88309,54.17048],[22.88202,54.17147],[22.88067,54.17329],[22.87995,54.17409],[22.87976,54.17561],[22.87938,54.17631],[22.87933,54.17698],[22.87922,54.17715],[22.87526,54.17849],[22.8732,54.17909],[22.87176,54.17962],[22.86973,54.17936],[22.86741,54.17961],[22.86594,54.17964],[22.86472,54.17961],[22.86182,54.17933],[22.85969,54.17945],[22.85691,54.17922],[22.85319,54.17924]]}},{"type":"Feature","properties":{"numer":"1134B","klasa":"droga gĹ‚Ăłwna","kat":"powiatowa"},"geometry":{"type":"LineString","coordinates":[[22.86113,54.14895],[22.86082,54.14933],[22.86007,54.15119],[22.85735,54.15826],[22.85535,54.1621],[22.85528,54.16263],[22.85553,54.16356],[22.85531,54.1642],[22.85477,54.16469],[22.85341,54.16549],[22.85286,54.16595],[22.84999,54.1686],[22.84965,54.16902],[22.84941,54.16954],[22.84945,54.17019],[22.85051,54.17285],[22.85321,54.17553],[22.85364,54.17612],[22.85375,54.17679],[22.85319,54.17924]]}},{"type":"Feature","properties":{"numer":"1134B","klasa":"droga gĹ‚Ăłwna","kat":"powiatowa"},"geometry":{"type":"LineString","coordinates":[[22.85319,54.17924],[22.85268,54.18101],[22.85108,54.18242],[22.8505,54.18334],[22.85045,54.18698],[22.85028,54.18873]]}},{"type":"Feature","properties":{"numer":"1144B","klasa":"","kat":"powiatowa"},"geometry":{"type":"LineString","coordinates":[[22.85028,54.18873],[22.84158,54.18828],[22.84087,54.18831],[22.84034,54.18842],[22.83956,54.1888],[22.83955,54.1891],[22.84108,54.19064],[22.84291,54.19283],[22.84316,54.19395],[22.84314,54.19479],[22.84265,54.19748],[22.8425,54.1978],[22.83871,54.20117]]}},{"type":"Feature","properties":{"numer":"1134B","klasa":"droga gĹ‚Ăłwna","kat":"powiatowa"},"geometry":{"type":"LineString","coordinates":[[22.85028,54.18873],[22.85456,54.1889],[22.85595,54.18914],[22.85677,54.18942],[22.86055,54.19131],[22.86156,54.19164],[22.8703,54.19222],[22.87836,54.19258],[22.89855,54.19146],[22.89961,54.19155],[22.90038,54.19177],[22.90101,54.19216],[22.90833,54.19861],[22.91013,54.19968],[22.91161,54.20136],[22.91271,54.20216]]}},{"type":"Feature","properties":{"numer":"1144B","klasa":"","kat":"powiatowa"},"geometry":{"type":"LineString","coordinates":[[22.83871,54.20117],[22.83904,54.20187],[22.83909,54.20246],[22.83733,54.20402],[22.83714,54.20442],[22.8371,54.20486],[22.83733,54.20521],[22.83764,54.20548],[22.838,54.20627],[22.83847,54.20695],[22.83917,54.20777],[22.83934,54.20844],[22.83909,54.2091],[22.83952,54.20974],[22.84021,54.21021],[22.84233,54.21041],[22.84234,54.21106],[22.84189,54.21296],[22.84151,54.21548],[22.84154,54.21593],[22.84219,54.21666],[22.84296,54.21729],[22.84553,54.21849],[22.84615,54.2189],[22.84657,54.21938]]}},{"type":"Feature","properties":{"numer":"1140B","klasa":"","kat":"powiatowa"},"geometry":{"type":"LineString","coordinates":[[22.94803,54.17613],[22.94503,54.17895],[22.94479,54.18058],[22.94494,54.18148],[22.94452,54.18266],[22.94366,54.18336],[22.94245,54.18399],[22.94194,54.1847],[22.94094,54.18541],[22.9397,54.18603],[22.93698,54.18683],[22.9352,54.18744],[22.9341,54.18794],[22.93256,54.18827],[22.93219,54.18845],[22.93195,54.1887],[22.93122,54.19005],[22.93035,54.19123],[22.92982,54.19718],[22.92992,54.19912],[22.9296,54.20109],[22.92869,54.20286],[22.92755,54.20412]]}},{"type":"Feature","properties":{"numer":"1139B","klasa":"droga zbiorcza","kat":"powiatowa"},"geometry":{"type":"LineString","coordinates":[[22.96601,54.20116],[22.9631,54.20252],[22.96204,54.20286],[22.96165,54.20289],[22.96047,54.20268],[22.95703,54.20177],[22.95639,54.20137],[22.95568,54.20062],[22.95511,54.20037],[22.95365,54.20014],[22.95209,54.20014],[22.95141,54.20029],[22.95084,54.20052],[22.94934,54.20152],[22.94905,54.20176],[22.94816,54.20291],[22.94793,54.20306]]}},{"type":"Feature","properties":{"numer":"1138B","klasa":"droga gĹ‚Ăłwna","kat":"powiatowa"},"geometry":{"type":"LineString","coordinates":[[22.94793,54.20306],[22.94722,54.20283],[22.93767,54.20137],[22.93717,54.20136],[22.93658,54.20145],[22.93241,54.20262],[22.92755,54.20412]]}},{"type":"Feature","properties":{"numer":"655","klasa":"droga gĹ‚Ăłwna","kat":"wojewodzka"},"geometry":{"type":"LineString","coordinates":[[22.91271,54.20216],[22.91254,54.20577]]}},{"type":"Feature","properties":{"numer":"1138B","klasa":"droga gĹ‚Ăłwna","kat":"powiatowa"},"geometry":{"type":"LineString","coordinates":[[22.92755,54.20412],[22.92226,54.20578],[22.92018,54.2066],[22.91826,54.20714],[22.91743,54.20713],[22.91676,54.20699],[22.91518,54.20601],[22.91492,54.20591],[22.91355,54.20589],[22.91254,54.20577]]}},{"type":"Feature","properties":{"numer":"655","klasa":"droga gĹ‚Ăłwna","kat":"wojewodzka"},"geometry":{"type":"LineString","coordinates":[[22.91254,54.20577],[22.91246,54.20736]]}},{"type":"Feature","properties":{"numer":"655","klasa":"droga gĹ‚Ăłwna","kat":"wojewodzka"},"geometry":{"type":"LineString","coordinates":[[22.91246,54.20736],[22.91155,54.22297],[22.91172,54.22447]]}},{"type":"Feature","properties":{"numer":"1138B","klasa":"droga gĹ‚Ăłwna","kat":"powiatowa"},"geometry":{"type":"LineString","coordinates":[[22.99593,54.25043],[22.99544,54.24889],[22.99282,54.24647],[22.99148,54.24596],[22.98923,54.24545],[22.98671,54.24437],[22.98629,54.24413],[22.98391,54.24231],[22.98094,54.24101],[22.98009,54.2408],[22.97934,54.24077],[22.97877,54.24082],[22.97684,54.24122],[22.97557,54.24121],[22.97496,54.24107],[22.97227,54.24012],[22.9691,54.23953],[22.9662,54.23877],[22.96543,54.23849],[22.96484,54.23814],[22.96434,54.23767],[22.96257,54.23491],[22.95942,54.23188],[22.95863,54.23132],[22.95719,54.23068],[22.95701,54.23023],[22.95717,54.22429],[22.95778,54.2208],[22.95897,54.21785],[22.95904,54.21732],[22.95433,54.20993],[22.95241,54.20667],[22.95087,54.20449],[22.95041,54.20417],[22.94853,54.20357],[22.94793,54.20306]]}},{"type":"Feature","properties":{"numer":"655","klasa":"droga gĹ‚Ăłwna","kat":"wojewodzka"},"geometry":{"type":"LineString","coordinates":[[22.91172,54.22447],[22.91301,54.23321],[22.91523,54.23771],[22.91723,54.25084],[22.91718,54.25138],[22.91682,54.25226]]}},{"type":"Feature","properties":{"numer":"1135B","klasa":"droga zbiorcza","kat":"powiatowa"},"geometry":{"type":"LineString","coordinates":[[22.91172,54.22447],[22.91483,54.22527],[22.91791,54.22596],[22.91976,54.22652],[22.92337,54.22731],[22.92496,54.22797],[22.9274,54.22883],[22.9287,54.22945],[22.93248,54.23073],[22.93523,54.23214],[22.93992,54.23333],[22.9422,54.23472],[22.94453,54.23557],[22.9451,54.23588],[22.94548,54.23626],[22.94611,54.23758],[22.94655,54.23798],[22.94714,54.23817],[22.94885,54.23833],[22.94954,54.23853],[22.94996,54.23883],[22.95067,54.23979],[22.95164,54.24057],[22.95481,54.2418],[22.95555,54.24216],[22.95585,54.24245],[22.95594,54.2428],[22.95529,54.24397],[22.95527,54.2444],[22.95545,54.24479],[22.95713,54.24651],[22.95809,54.24806],[22.95845,54.24823],[22.95931,54.24837],[22.95968,54.24852],[22.96015,54.24899],[22.96077,54.24985],[22.96077,54.25028],[22.96031,54.25158],[22.96016,54.25344],[22.96061,54.25418],[22.9619,54.25561],[22.96211,54.25563],[22.96416,54.25523],[22.96721,54.25512],[22.96864,54.25532],[22.97017,54.25544],[22.97306,54.25617],[22.97603,54.25621],[22.97806,54.25655],[22.97884,54.25657],[22.9796,54.25649],[22.97987,54.25633],[22.9804,54.25515],[22.98047,54.25423],[22.98058,54.25402],[22.98115,54.25372],[22.98255,54.25326],[22.98377,54.25325],[22.98546,54.25367],[22.98598,54.25373],[22.98832,54.25363],[22.99186,54.25381],[22.9925,54.25391],[22.99325,54.25417],[22.9935,54.25416]]}},{"type":"Feature","properties":{"numer":"1139B","klasa":"droga zbiorcza","kat":"powiatowa"},"geometry":{"type":"LineString","coordinates":[[23.00653,54.18835],[23.00853,54.18764]]}},{"type":"Feature","properties":{"numer":"1139B","klasa":"droga zbiorcza","kat":"powiatowa"},"geometry":{"type":"LineString","coordinates":[[23.00653,54.18835],[23.00435,54.18911],[23.00339,54.1899],[23.00158,54.19065],[23.00112,54.19092],[23.00102,54.19114],[23.00104,54.19205],[23.00012,54.19349],[22.99878,54.1949],[22.99772,54.19564],[22.99719,54.19614],[22.99654,54.19784],[22.99626,54.19818],[22.99545,54.19868],[22.99329,54.19939],[22.99252,54.20005],[22.99204,54.2003],[22.98814,54.20112],[22.98754,54.20115],[22.98687,54.20107],[22.98402,54.20042],[22.98044,54.2003],[22.97864,54.20005],[22.97683,54.19963],[22.97439,54.19948],[22.97333,54.19966],[22.97204,54.20027],[22.97135,54.20049],[22.96699,54.20081],[22.96655,54.20091],[22.96601,54.20116]]}},{"type":"Feature","properties":{"numer":"8,E67","klasa":"droga gĹ‚Ăłwna ruchu przyĹ›pieszonego","kat":"gminna"},"geometry":{"type":"LineString","coordinates":[[23.06317,54.23896],[23.06201,54.2378],[23.06148,54.23705],[23.06062,54.23457],[23.0598,54.23339],[23.05842,54.23207],[23.05769,54.23161],[23.05551,54.2305],[23.05458,54.2298],[23.05181,54.22637],[23.04829,54.22252],[23.04649,54.22076],[23.04571,54.22018],[23.04446,54.21954],[23.04083,54.21825],[23.03957,54.21765],[23.03442,54.2139],[23.03366,54.21323],[23.03282,54.21229],[23.03208,54.21167],[23.03111,54.21114],[23.0288,54.2102],[23.0278,54.20967],[23.02694,54.20909],[23.02617,54.2084],[23.02555,54.20765],[23.0208,54.2008],[23.01986,54.19896],[23.01936,54.19831],[23.01806,54.19729],[23.01377,54.19523],[23.01258,54.19448],[23.01166,54.19347],[23.01085,54.19183],[23.01022,54.19102],[23.00653,54.18835]]}},{"type":"Feature","properties":{"numer":"S61","klasa":"droga ekspresowa","kat":"krajowa"},"geometry":{"type":"LineString","coordinates":[[23.00889,54.18752],[23.01115,54.18912],[23.01326,54.19041],[23.02818,54.19813],[23.0303,54.19944],[23.03262,54.20114],[23.03504,54.2034],[23.0368,54.20551],[23.0379,54.2072],[23.04061,54.21235],[23.04171,54.21402],[23.04298,54.21565],[23.0452,54.21801],[23.04686,54.21951],[23.04867,54.22094],[23.05169,54.22298],[23.05501,54.22485],[23.0691,54.23182],[23.07138,54.23302],[23.07444,54.23501],[23.07622,54.23647],[23.07775,54.23803],[23.07902,54.23967],[23.08001,54.24138],[23.08039,54.24225],[23.08108,54.24455],[23.08171,54.24948],[23.08212,54.25112],[23.08265,54.25258]]}},{"type":"Feature","properties":{"numer":"1136B","klasa":"","kat":"powiatowa"},"geometry":{"type":"LineString","coordinates":[[22.99971,54.23527],[22.9999,54.23469],[23.00036,54.23386],[23.00089,54.23397],[23.00165,54.2345],[23.00283,54.23471],[23.00523,54.23463],[23.00651,54.23429],[23.00717,54.23421],[23.01001,54.23416],[23.01255,54.23422],[23.0131,54.23443],[23.01395,54.23526],[23.01462,54.23564],[23.01895,54.23749],[23.02092,54.23807],[23.02236,54.239],[23.02497,54.24018],[23.02713,54.24103],[23.03478,54.24161],[23.03887,54.24198],[23.04407,54.24232],[23.04699,54.24263],[23.04749,54.24259],[23.04814,54.24225],[23.04903,54.24194],[23.04972,54.24156],[23.05072,54.24135],[23.05154,54.24105],[23.05326,54.24094],[23.05404,54.2407],[23.05577,54.24046],[23.0562,54.24021],[23.05706,54.23933],[23.05797,54.23893],[23.05893,54.23883],[23.0601,54.23905],[23.06227,54.23919],[23.06263,54.23915],[23.06317,54.23896]]}},{"type":"Feature","properties":{"numer":"1136B","klasa":"","kat":"powiatowa"},"geometry":{"type":"LineString","coordinates":[[22.99844,54.24984],[22.9992,54.24936],[22.99946,54.24902],[22.9996,54.24855],[22.99947,54.24795],[22.99913,54.24735],[22.9985,54.24672],[22.99843,54.24627],[22.99859,54.24595],[23.00013,54.24414],[23.0006,54.24253],[23.00059,54.24089],[23.00021,54.23928],[22.99979,54.23651],[22.99971,54.23527]]}},{"type":"Feature","properties":{"numer":"8,E67","klasa":"droga gĹ‚Ăłwna ruchu przyĹ›pieszonego","kat":"gminna"},"geometry":{"type":"LineString","coordinates":[[23.07566,54.25304],[23.07471,54.25094],[23.07413,54.25012],[23.06317,54.23896]]}},{"type":"Feature","properties":{"numer":"1136B","klasa":"","kat":"powiatowa"},"geometry":{"type":"LineString","coordinates":[[22.99836,54.24987],[22.99844,54.24984]]}},{"type":"Feature","properties":{"numer":"1136B","klasa":"","kat":"powiatowa"},"geometry":{"type":"LineString","coordinates":[[22.99836,54.24987],[22.99593,54.25043]]}},{"type":"Feature","properties":{"numer":"1136B","klasa":"","kat":"powiatowa"},"geometry":{"type":"LineString","coordinates":[[22.9935,54.25416],[22.99446,54.25337],[22.99488,54.25163],[22.99513,54.25103],[22.99535,54.25077],[22.99593,54.25043]]}},{"type":"Feature","properties":{"numer":"1156B","klasa":"","kat":"powiatowa"},"geometry":{"type":"LineString","coordinates":[[23.08748,54.17556],[23.08715,54.17507]]}},{"type":"Feature","properties":{"numer":"1156B","klasa":"","kat":"powiatowa"},"geometry":{"type":"LineString","coordinates":[[23.08667,54.17528],[23.08748,54.17556]]}},{"type":"Feature","properties":{"numer":"1156B","klasa":"","kat":"powiatowa"},"geometry":{"type":"LineString","coordinates":[[23.0931,54.1783],[23.0943,54.17884],[23.0975,54.17986],[23.10025,54.18046],[23.10225,54.18108],[23.10299,54.18113],[23.10358,54.18144],[23.1041,54.18151],[23.10461,54.181],[23.10502,54.18085],[23.10724,54.18052],[23.10868,54.18048],[23.11111,54.17972],[23.11149,54.17973],[23.11218,54.17988],[23.11272,54.17976],[23.11494,54.17892],[23.11635,54.17796],[23.1189,54.17737],[23.11958,54.17731],[23.1209,54.17742],[23.12419,54.17707],[23.12573,54.17739],[23.1271,54.17745],[23.12814,54.17738],[23.12941,54.17707],[23.13197,54.17557],[23.13271,54.17528],[23.13443,54.17489],[23.13553,54.17415],[23.13552,54.17389],[23.13464,54.17334],[23.13381,54.17185]]}},{"type":"Feature","properties":{"numer":"1156B","klasa":"","kat":"powiatowa"},"geometry":{"type":"LineString","coordinates":[[23.08748,54.17556],[23.08833,54.17629],[23.09039,54.17721],[23.0926,54.17772],[23.09288,54.17793],[23.0931,54.1783]]}},{"type":"Feature","properties":{"numer":"1153B","klasa":"droga gĹ‚Ăłwna","kat":"powiatowa"},"geometry":{"type":"LineString","coordinates":[[23.10627,54.22662],[23.10307,54.22588],[23.09992,54.22555],[23.09761,54.225],[23.09198,54.22444],[23.09086,54.22405],[23.09051,54.22381],[23.09016,54.22338],[23.08984,54.22243],[23.08692,54.20784],[23.08722,54.20719],[23.08949,54.20434],[23.08764,54.20034],[23.08756,54.19978],[23.08784,54.1993],[23.09018,54.19694],[23.09085,54.19522],[23.09086,54.19446],[23.09016,54.19259],[23.08976,54.19208],[23.08219,54.18713],[23.08007,54.18566],[23.07972,54.18531],[23.07938,54.18469],[23.07917,54.18371],[23.07899,54.18093]]}},{"type":"Feature","properties":{"numer":"651","klasa":"droga gĹ‚Ăłwna","kat":"wojewodzka"},"geometry":{"type":"LineString","coordinates":[[23.13646,54.21711],[23.14003,54.21613],[23.14187,54.2162],[23.14236,54.21616],[23.143412528578924,54.2157446103828]]}},{"type":"Feature","properties":{"numer":"651","klasa":"droga gĹ‚Ăłwna","kat":"wojewodzka"},"geometry":{"type":"LineString","coordinates":[[23.1363,54.21713],[23.13646,54.21711]]}},{"type":"Feature","properties":{"numer":"651","klasa":"droga gĹ‚Ăłwna","kat":"wojewodzka"},"geometry":{"type":"LineString","coordinates":[[23.11231,54.22432],[23.11746,54.22291],[23.11781,54.22268],[23.11887,54.22155],[23.12192,54.22004],[23.12528,54.2198],[23.12577,54.21971],[23.1272,54.21926],[23.12851,54.21838],[23.13129,54.21768],[23.1328,54.21696],[23.13365,54.21688],[23.13513,54.2172],[23.1363,54.21713]]}},{"type":"Feature","properties":{"numer":"651","klasa":"droga gĹ‚Ăłwna","kat":"wojewodzka"},"geometry":{"type":"LineString","coordinates":[[23.1121,54.22437],[23.11231,54.22432]]}},{"type":"Feature","properties":{"numer":"651","klasa":"droga gĹ‚Ăłwna","kat":"wojewodzka"},"geometry":{"type":"LineString","coordinates":[[23.10627,54.22662],[23.10902,54.2253],[23.1121,54.22437]]}},{"type":"Feature","properties":{"numer":"651","klasa":"droga gĹ‚Ăłwna","kat":"wojewodzka"},"geometry":{"type":"LineString","coordinates":[[23.09576,54.24535],[23.09778,54.24377],[23.09813,54.24322],[23.09811,54.24283],[23.09757,54.24189],[23.09747,54.2414],[23.09761,54.24076],[23.0988,54.23892],[23.09899,54.23847],[23.09873,54.23701],[23.09831,54.23547],[23.09856,54.23389],[23.103,54.22928],[23.10386,54.22819],[23.10627,54.22662]]}},{"type":"Feature","properties":{"numer":"1159B","klasa":"droga gĹ‚Ăłwna","kat":"powiatowa"},"geometry":{"type":"LineString","coordinates":[[23.11679026952582,54.24232032617628],[23.12112,54.24239],[23.12471,54.24097],[23.126155111053144,54.240710876638744]]}},{"type":"Feature","properties":{"numer":"1159B","klasa":"droga gĹ‚Ăłwna","kat":"powiatowa"},"geometry":{"type":"LineString","coordinates":[[23.11202851182077,54.242209967455324],[23.107,54.2421],[23.10474,54.24229],[23.10418,54.24249],[23.09913,54.24505],[23.09576,54.24535]]}},{"type":"Feature","properties":{"numer":"651","klasa":"droga gĹ‚Ăłwna","kat":"wojewodzka"},"geometry":{"type":"LineString","coordinates":[[23.08929,54.24949],[23.09276,54.24759],[23.09576,54.24535]]}},{"type":"Feature","properties":{"numer":"651","klasa":"droga gĹ‚Ăłwna","kat":"wojewodzka"},"geometry":{"type":"LineString","coordinates":[[23.08923,54.24952],[23.08929,54.24949]]}},{"type":"Feature","properties":{"numer":"651","klasa":"droga gĹ‚Ăłwna","kat":"wojewodzka"},"geometry":{"type":"LineString","coordinates":[[23.08371,54.25242],[23.08403,54.25237],[23.08923,54.24952]]}},{"type":"Feature","properties":{"numer":"8,E67","klasa":"droga gĹ‚Ăłwna ruchu przyĹ›pieszonego","kat":"gminna"},"geometry":{"type":"LineString","coordinates":[[23.10737,54.28538],[23.10707,54.28411],[23.10684,54.28365],[23.10635,54.28316],[23.1052,54.28235],[23.1047,54.28171],[23.10382,54.27681],[23.10353,54.27614],[23.10303,54.27556],[23.10192,54.27455],[23.09954,54.27333],[23.09597,54.27077],[23.09534,54.27051],[23.09331,54.27008],[23.0926,54.26971],[23.09161,54.26881],[23.09109,54.26853],[23.09039,54.26833],[23.08853,54.26798],[23.0878,54.26767],[23.08737,54.26739],[23.0868,54.26669],[23.08427,54.26063],[23.08392,54.26003],[23.08303,54.25928],[23.08004,54.25744],[23.07615,54.25376]]}},{"type":"Feature","properties":{"numer":"S61","klasa":"droga ekspresowa","kat":"krajowa"},"geometry":{"type":"LineString","coordinates":[[23.08265,54.25258],[23.08349,54.25438],[23.08528,54.25712],[23.08738,54.2595],[23.08993,54.26175],[23.09292,54.2638],[23.09503,54.26509],[23.10207,54.26857],[23.10429,54.26982],[23.10667,54.27155],[23.10786,54.27274],[23.1085,54.27356],[23.1095,54.27527],[23.10978,54.27604],[23.1106,54.28047],[23.11134,54.28259],[23.11271,54.28486],[23.11514,54.2884],[23.11595,54.28995],[23.11646,54.29169],[23.11662,54.29311],[23.11637,54.29694]]}},{"type":"Feature","properties":{"numer":"1160B","klasa":"droga zbiorcza","kat":"powiatowa"},"geometry":{"type":"LineString","coordinates":[[23.14537,54.28716],[23.14537047543727,54.28715818469405]]}},{"type":"Feature","properties":{"numer":"8,E67","klasa":"droga gĹ‚Ăłwna ruchu przyĹ›pieszonego","kat":"gminna"},"geometry":{"type":"LineString","coordinates":[[23.11505,54.2968],[23.11461,54.29652],[23.11311,54.2941],[23.11011,54.29041],[23.10775,54.28658],[23.10737,54.28538]]}},{"type":"Feature","properties":{"numer":"1160B","klasa":"","kat":"powiatowa"},"geometry":{"type":"LineString","coordinates":[[23.12066,54.29685],[23.12337,54.29632],[23.1252,54.29544],[23.12634,54.29525],[23.12675,54.29526],[23.12743,54.29542],[23.12929,54.29614],[23.12988,54.29626],[23.13154,54.29626],[23.13462,54.29648],[23.13742,54.29646],[23.13926,54.29661],[23.14119,54.29649],[23.14249,54.29629],[23.14162,54.29438],[23.14144,54.2937],[23.14209,54.29286],[23.14239,54.29194],[23.14332,54.29074],[23.14368,54.29045],[23.14451,54.29011],[23.14472,54.28994],[23.14483,54.28896],[23.14545,54.28772],[23.14537,54.28716]]}},{"type":"Feature","properties":{"numer":"1160B","klasa":"","kat":"powiatowa"},"geometry":{"type":"LineString","coordinates":[[23.11583,54.29692],[23.11505,54.2968]]}},{"type":"Feature","properties":{"numer":"1160B","klasa":"","kat":"powiatowa"},"geometry":{"type":"LineString","coordinates":[[23.12066,54.29685],[23.11964,54.29701],[23.11692,54.29695]]}},{"type":"Feature","properties":{"numer":"1160B","klasa":"","kat":"powiatowa"},"geometry":{"type":"LineString","coordinates":[[23.11637,54.29694],[23.11583,54.29692]]}},{"type":"Feature","properties":{"numer":"1160B","klasa":"","kat":"powiatowa"},"geometry":{"type":"LineString","coordinates":[[23.11692,54.29695],[23.11637,54.29694]]}},{"type":"Feature","properties":{"numer":"S61","klasa":"droga ekspresowa","kat":"krajowa"},"geometry":{"type":"LineString","coordinates":[[23.11637,54.29694],[23.11605,54.30063],[23.11608,54.30216],[23.11637,54.30354],[23.11686,54.30483],[23.11786,54.30641],[23.11907,54.30767],[23.12027,54.30873]]}},{"type":"Feature","properties":{"numer":"651,S61","klasa":"droga ekspresowa","kat":"krajowa"},"geometry":{"type":"LineString","coordinates":[[23.08265,54.25258],[23.08371,54.25242]]}},{"type":"Feature","properties":{"numer":"651,S61","klasa":"droga ekspresowa","kat":"krajowa"},"geometry":{"type":"LineString","coordinates":[[23.08166,54.25273],[23.08265,54.25258]]}},{"type":"Feature","properties":{"numer":"651","klasa":"droga gĹ‚Ăłwna","kat":"wojewodzka"},"geometry":{"type":"LineString","coordinates":[[23.07711,54.25348],[23.07916,54.25319],[23.08166,54.25273]]}},{"type":"Feature","properties":{"numer":"651,8,E67","klasa":"droga gĹ‚Ăłwna ruchu przyĹ›pieszonego","kat":"gminna"},"geometry":{"type":"LineString","coordinates":[[23.07566,54.25304],[23.07615,54.25376]]}},{"type":"Feature","properties":{"numer":"651","klasa":"droga gĹ‚Ăłwna","kat":"wojewodzka"},"geometry":{"type":"LineString","coordinates":[[23.07615,54.25376],[23.07647,54.2536],[23.07711,54.25348]]}},{"type":"Feature","properties":{"numer":"1138B","klasa":"droga gĹ‚Ăłwna","kat":"powiatowa"},"geometry":{"type":"LineString","coordinates":[[23.041,54.26951],[23.03837,54.27033],[23.03694,54.27056],[23.0333,54.27065],[23.03207,54.27039],[23.03149,54.27008],[23.03101,54.26952],[23.02979,54.26604],[23.02945,54.2655],[23.02743,54.26395],[23.02268,54.25886],[23.01885,54.25552],[23.01814,54.25513],[23.01719,54.25487],[23.00827,54.25434],[23.00479,54.25362],[23.00132,54.25379],[23.0006,54.25375],[22.9999,54.25347],[22.99888,54.25252],[22.99652,54.25112],[22.99612,54.25076],[22.99593,54.25043]]}},{"type":"Feature","properties":{"numer":"651","klasa":"droga gĹ‚Ăłwna","kat":"wojewodzka"},"geometry":{"type":"LineString","coordinates":[[23.04149,54.2684],[23.04187,54.26801],[23.04327,54.26708],[23.04387,54.26602],[23.04425,54.26563],[23.04584,54.26476],[23.04887,54.26408],[23.05097,54.26351],[23.05338,54.26309],[23.05466,54.26301],[23.05713,54.26315],[23.0585,54.26304],[23.0602,54.2624],[23.06174,54.26194],[23.06218,54.2616],[23.0632,54.25951],[23.06367,54.25823],[23.06426,54.25767],[23.06596,54.25687],[23.07107,54.25418],[23.07566,54.25304]]}},{"type":"Feature","properties":{"numer":"1136B","klasa":"","kat":"powiatowa"},"geometry":{"type":"LineString","coordinates":[[22.98254,54.26137],[22.98402,54.26087],[22.98465,54.26071],[22.98582,54.26055],[22.98654,54.26032]]}},{"type":"Feature","properties":{"numer":"101579B","klasa":"droga lokalna","kat":"powiatowa"},"geometry":{"type":"LineString","coordinates":[[22.98029,54.26026],[22.98046,54.26054],[22.98055,54.2613],[22.98094,54.26192]]}},{"type":"Feature","properties":{"numer":"101579B,1136B","klasa":"","kat":"powiatowa"},"geometry":{"type":"LineString","coordinates":[[22.98094,54.26192],[22.98254,54.26137]]}},{"type":"Feature","properties":{"numer":"1133B","klasa":"droga gĹ‚Ăłwna","kat":"powiatowa"},"geometry":{"type":"LineString","coordinates":[[22.91246,54.20736],[22.90645,54.20902],[22.90616,54.20929],[22.90546,54.21175],[22.90507,54.21187],[22.90253,54.21199],[22.90195,54.21215],[22.90052,54.21314],[22.89946,54.21373],[22.89833,54.21471],[22.8966,54.21553],[22.89448,54.21717],[22.89328,54.21777],[22.89278,54.21791],[22.89146,54.21797],[22.89099,54.21792],[22.88916,54.21719],[22.88858,54.21708],[22.88632,54.21756],[22.88376,54.21866],[22.8827,54.21886],[22.88192,54.21886],[22.8772,54.21842],[22.87478,54.21858],[22.86553,54.21604],[22.86483,54.21595],[22.86407,54.21607],[22.8616,54.21692],[22.85573,54.21732],[22.84657,54.21938]]}},{"type":"Feature","properties":{"numer":"1133B","klasa":"droga gĹ‚Ăłwna","kat":"powiatowa"},"geometry":{"type":"LineString","coordinates":[[22.81531,54.21958],[22.81519,54.21955]]}},{"type":"Feature","properties":{"numer":"1133B","klasa":"droga gĹ‚Ăłwna","kat":"powiatowa"},"geometry":{"type":"LineString","coordinates":[[22.84657,54.21938],[22.83313,54.22241],[22.83235,54.22252],[22.83025,54.22263],[22.82908,54.22254],[22.82711,54.22209],[22.8239,54.22158],[22.81531,54.21958]]}},{"type":"Feature","properties":{"numer":"1132B","klasa":"droga zbiorcza","kat":"powiatowa"},"geometry":{"type":"LineString","coordinates":[[22.86951,54.26],[22.87093,54.25994],[22.87266,54.26003],[22.87466,54.25989],[22.87745,54.25912],[22.88289,54.25702],[22.88478,54.25605],[22.88664,54.25599],[22.88926,54.25559],[22.89133,54.25491],[22.89334,54.25492],[22.89387,54.25484],[22.89509,54.2544],[22.89563,54.2533],[22.89634,54.25263],[22.89669,54.2525],[22.89906,54.25242],[22.90053,54.25258],[22.90085,54.25275],[22.90101,54.25353],[22.90127,54.25375],[22.9036,54.25444],[22.90465,54.25454],[22.90546,54.25444],[22.90938,54.25354],[22.91223,54.2531],[22.91578,54.25236],[22.91682,54.25226]]}},{"type":"Feature","properties":{"numer":"1132B","klasa":"","kat":"powiatowa"},"geometry":{"type":"LineString","coordinates":[[22.81287,54.25206],[22.81416,54.25192],[22.81645,54.25182],[22.81948,54.2522],[22.82028,54.25222],[22.82169,54.25211],[22.82284,54.25222],[22.8239,54.25277],[22.82423,54.25325],[22.82607,54.25392],[22.82773,54.25494],[22.83113,54.25599],[22.83283,54.25672],[22.83332,54.25678],[22.83455,54.25677],[22.83519,54.25697],[22.83695,54.2578],[22.84015,54.25853],[22.84069,54.25894],[22.84078,54.25949],[22.84114,54.26011],[22.8421,54.2608],[22.8433,54.26124],[22.84364,54.26123],[22.84413,54.26109],[22.8457,54.26019],[22.84717,54.26006],[22.84788,54.25965],[22.84815,54.25957],[22.85006,54.25958],[22.85186,54.25975],[22.8547,54.26021],[22.85705,54.26046],[22.85851,54.26091],[22.86016,54.26089],[22.86119,54.26103],[22.86213,54.26093],[22.86347,54.26031],[22.8643,54.26011],[22.86951,54.26]]}},{"type":"Feature","properties":{"numer":"1094B","klasa":"droga gĹ‚Ăłwna","kat":"powiatowa"},"geometry":{"type":"LineString","coordinates":[[22.81287,54.29163],[22.81357,54.29226],[22.81538,54.29426],[22.81586,54.29503],[22.81626,54.29878],[22.81539,54.30171],[22.81537,54.30215],[22.81571,54.30304],[22.81694,54.30439],[22.81729,54.30494],[22.81919,54.30978],[22.81983,54.31326],[22.8194,54.31512],[22.81949,54.31589]]}},{"type":"Feature","properties":{"numer":"1127B","klasa":"droga gĹ‚Ăłwna","kat":"powiatowa"},"geometry":{"type":"LineString","coordinates":[[22.85495,54.34509],[22.85717,54.34335],[22.85978,54.34194],[22.86032,54.34109],[22.86028,54.34068],[22.85881,54.33654],[22.85879,54.33621],[22.8592,54.33467],[22.85888,54.33265],[22.8603,54.32931],[22.86218,54.32712],[22.86247,54.32659],[22.86231,54.32472],[22.86373,54.31727],[22.86399,54.31707],[22.86442,54.31698],[22.86648,54.3169],[22.87403,54.31636],[22.87608,54.31585],[22.87686,54.31531],[22.88066,54.31097],[22.88073,54.31056],[22.88034,54.30833],[22.8783,54.29797],[22.87891,54.29108],[22.87916,54.2907],[22.88009,54.28984],[22.8811,54.28752],[22.88149,54.28729],[22.88235,54.28725],[22.88306,54.28731],[22.88463,54.28763],[22.88514,54.28761],[22.887,54.28713],[22.88816,54.28674],[22.88859,54.28648],[22.88968,54.28548],[22.89117,54.28484],[22.89505,54.28423],[22.89853,54.28406],[22.89949,54.28395],[22.90117,54.28335],[22.90307,54.28299],[22.90415,54.28259],[22.90504,54.28214],[22.90664,54.28169]]}},{"type":"Feature","properties":{"numer":"1094B","klasa":"droga gĹ‚Ăłwna","kat":"powiatowa"},"geometry":{"type":"LineString","coordinates":[[22.81949,54.31589],[22.8196,54.3168],[22.81946,54.32197],[22.81953,54.3225],[22.81976,54.32287],[22.82068,54.32357],[22.82705,54.3271],[22.83117,54.33115],[22.8361,54.33627],[22.83652,54.33681],[22.83722,54.33816],[22.8375,54.33848],[22.83801,54.33881],[22.84223,54.34086],[22.84551,54.34188],[22.85028,54.34453],[22.85117,54.34479],[22.85421,54.3452]]}},{"type":"Feature","properties":{"numer":"1094B","klasa":"droga gĹ‚Ăłwna","kat":"powiatowa"},"geometry":{"type":"LineString","coordinates":[[22.85421,54.3452],[22.85466,54.3452],[22.85495,54.34509]]}},{"type":"Feature","properties":{"numer":"1127B","klasa":"droga gĹ‚Ăłwna","kat":"powiatowa"},"geometry":{"type":"LineString","coordinates":[[22.85474,54.34549],[22.85495,54.34509]]}},{"type":"Feature","properties":{"numer":"655","klasa":"droga gĹ‚Ăłwna","kat":"wojewodzka"},"geometry":{"type":"LineString","coordinates":[[22.91682,54.25226],[22.91637,54.25342],[22.91638,54.25594],[22.91656,54.25721],[22.92101,54.26319],[22.92496,54.26906]]}},{"type":"Feature","properties":{"numer":"1127B","klasa":"droga gĹ‚Ăłwna","kat":"powiatowa"},"geometry":{"type":"LineString","coordinates":[[22.92496,54.26906],[22.9213,54.27045],[22.9203,54.27071],[22.91947,54.27067],[22.91589,54.27],[22.91439,54.27019],[22.91257,54.27015],[22.91059,54.27037]]}},{"type":"Feature","properties":{"numer":"1127B","klasa":"droga gĹ‚Ăłwna","kat":"powiatowa"},"geometry":{"type":"LineString","coordinates":[[22.91048,54.27039],[22.91059,54.27037]]}},{"type":"Feature","properties":{"numer":"1127B","klasa":"droga gĹ‚Ăłwna","kat":"powiatowa"},"geometry":{"type":"LineString","coordinates":[[22.90664,54.28169],[22.90715,54.2815],[22.90758,54.28114],[22.90994,54.27796],[22.90989,54.27745],[22.90839,54.2752],[22.90821,54.27462],[22.90881,54.27326],[22.90942,54.27092],[22.90985,54.27057],[22.91048,54.27039]]}},{"type":"Feature","properties":{"numer":"1136B","klasa":"","kat":"powiatowa"},"geometry":{"type":"LineString","coordinates":[[22.95709,54.29242],[22.95778,54.29216],[22.95839,54.29162],[22.95868,54.28974],[22.95935,54.28883],[22.95995,54.28837],[22.96007,54.28778],[22.96154,54.28709],[22.96293,54.28681],[22.96486,54.28596],[22.96614,54.28567],[22.96735,54.28516],[22.96986,54.28332],[22.97003,54.28274],[22.97037,54.28217],[22.97118,54.28138],[22.97181,54.28016],[22.97251,54.27784],[22.97182,54.27515],[22.971,54.2741],[22.97106,54.27279],[22.97081,54.27149],[22.9695,54.27002],[22.97016,54.26967],[22.97074,54.26949],[22.9718,54.26946],[22.97231,54.26936],[22.97623,54.26778],[22.97678,54.2669],[22.97726,54.26642],[22.97742,54.26589],[22.97793,54.26544],[22.97828,54.26487],[22.9795,54.26432],[22.98001,54.26382],[22.98028,54.26292],[22.98094,54.26192]]}},{"type":"Feature","properties":{"numer":"655","klasa":"droga gĹ‚Ăłwna","kat":"wojewodzka"},"geometry":{"type":"LineString","coordinates":[[22.92496,54.26906],[22.92792,54.27341],[22.92858,54.27396],[22.92946,54.27426],[22.93122,54.27437],[22.93199,54.27453],[22.93541,54.27601],[22.93796,54.27751],[22.93919,54.27802],[22.94078,54.2784],[22.94376,54.27884],[22.94433,54.279],[22.94492,54.2793],[22.94693,54.2809],[22.9509,54.28513],[22.9512,54.28533],[22.95245,54.28578],[22.95287,54.28611],[22.95412,54.28784],[22.95444,54.28927],[22.95709,54.29242]]}},{"type":"Feature","properties":{"numer":"1131B","klasa":"droga zbiorcza","kat":"powiatowa"},"geometry":{"type":"LineString","coordinates":[[22.90664,54.28169],[22.90658,54.28241],[22.90681,54.28272],[22.90999,54.28437],[22.91064,54.2845],[22.91319,54.28478],[22.91563,54.28421],[22.91619,54.28418],[22.91824,54.28464],[22.92332,54.28667],[22.92533,54.28731],[22.92728,54.28811],[22.9294,54.28883],[22.93019,54.28923],[22.9317,54.2902],[22.93328,54.29051],[22.93364,54.29064],[22.93441,54.29127],[22.9353,54.29219],[22.93595,54.29386],[22.93717,54.29467],[22.93761,54.29517],[22.9387,54.29865],[22.93867,54.29948],[22.939,54.30017],[22.93926,54.30113],[22.93944,54.30137],[22.94359,54.30314],[22.94585,54.30399],[22.94741,54.30445],[22.94822,54.30498],[22.94907,54.30583],[22.94995,54.30623],[22.9508,54.30642],[22.9525,54.30656],[22.95409,54.30658],[22.9554,54.30642],[22.95641,54.30679]]}},{"type":"Feature","properties":{"numer":"655","klasa":"droga gĹ‚Ăłwna","kat":"wojewodzka"},"geometry":{"type":"LineString","coordinates":[[22.95709,54.29242],[22.95894,54.29459],[22.95909,54.29517],[22.95895,54.29573],[22.9567,54.29951],[22.95655,54.30008],[22.95683,54.30074],[22.95931,54.30401],[22.95949,54.3046],[22.95933,54.30515],[22.95725,54.30927]]}},{"type":"Feature","properties":{"numer":"1131B","klasa":"droga zbiorcza","kat":"powiatowa"},"geometry":{"type":"LineString","coordinates":[[22.95641,54.30679],[22.95652,54.30683]]}},{"type":"Feature","properties":{"numer":"1131B","klasa":"droga zbiorcza","kat":"powiatowa"},"geometry":{"type":"LineString","coordinates":[[22.95652,54.30683],[22.95684,54.307],[22.95689,54.30712],[22.95667,54.3088],[22.95725,54.30927]]}},{"type":"Feature","properties":{"numer":"651","klasa":"droga gĹ‚Ăłwna","kat":"wojewodzka"},"geometry":{"type":"LineString","coordinates":[[23.04144,54.26846],[23.04149,54.2684]]}},{"type":"Feature","properties":{"numer":"651","klasa":"droga gĹ‚Ăłwna","kat":"wojewodzka"},"geometry":{"type":"LineString","coordinates":[[23.04144,54.26846],[23.041,54.26951]]}},{"type":"Feature","properties":{"numer":"651","klasa":"droga gĹ‚Ăłwna","kat":"wojewodzka"},"geometry":{"type":"LineString","coordinates":[[23.041,54.26951],[23.04105,54.27003],[23.04192,54.27128],[23.04245,54.27256],[23.04329,54.27529],[23.04322,54.27859],[23.04311,54.28005],[23.04197,54.28125],[23.0416,54.28273],[23.04096,54.28392],[23.04066,54.28619],[23.04027,54.28682],[23.03983,54.28721],[23.03925,54.28753],[23.0356,54.28904],[23.01849,54.29652],[23.01793,54.29696],[23.01539,54.29986],[23.01191,54.30249]]}},{"type":"Feature","properties":{"numer":"1137B","klasa":"","kat":"powiatowa"},"geometry":{"type":"LineString","coordinates":[[23.04015,54.31363],[23.04055,54.31363],[23.04177,54.31324],[23.04408,54.31267],[23.04633,54.31154],[23.04692,54.31105],[23.04811,54.30949],[23.04941,54.30734],[23.05056,54.30668],[23.05271,54.3058],[23.05312,54.30572],[23.0563,54.30566],[23.05886,54.30547],[23.0609,54.30542],[23.06148,54.30536],[23.0633,54.30496],[23.06443,54.30507],[23.06556,54.30505],[23.06773,54.30479],[23.06912,54.30451],[23.07215,54.30439],[23.07383,54.30378],[23.07588,54.30266],[23.07651,54.30222],[23.07712,54.30134],[23.07819,54.2993],[23.07849,54.29905],[23.07988,54.29855],[23.08185,54.29798],[23.08279,54.29733],[23.08454,54.29644],[23.08615,54.29605],[23.08688,54.29577],[23.08975,54.29454],[23.09074,54.29387],[23.09288,54.29305],[23.09404,54.29249],[23.09585,54.2922],[23.09651,54.292],[23.09803,54.29115],[23.09926,54.28989],[23.10129,54.28807],[23.10238,54.28755],[23.10252,54.28682],[23.10284,54.28649],[23.1032,54.28634],[23.10458,54.2861],[23.10737,54.28538]]}},{"type":"Feature","properties":{"numer":"1137B","klasa":"","kat":"powiatowa"},"geometry":{"type":"LineString","coordinates":[[23.01191,54.30249],[23.013,54.30305],[23.01351,54.30322],[23.01712,54.30324],[23.018,54.30333],[23.0195,54.30391],[23.0204,54.30443],[23.02139,54.30516],[23.0233,54.30567],[23.02589,54.3061],[23.03035,54.30672],[23.03113,54.30691],[23.03209,54.30726],[23.03376,54.3072],[23.03561,54.30745],[23.03678,54.30809],[23.03773,54.30837],[23.03729,54.31066],[23.0366,54.31154],[23.0348,54.31313],[23.03475,54.31333]]}},{"type":"Feature","properties":{"numer":"651","klasa":"droga gĹ‚Ăłwna","kat":"wojewodzka"},"geometry":{"type":"LineString","coordinates":[[23.01191,54.30249],[23.01099,54.303],[23.00321,54.30676],[22.99347,54.3106],[22.99263,54.31083],[22.98948,54.31144],[22.98627,54.31279],[22.98409,54.31421],[22.97797,54.31849],[22.97541,54.32061],[22.97384,54.32172],[22.97289,54.32227]]}},{"type":"Feature","properties":{"numer":"1137B","klasa":"","kat":"powiatowa"},"geometry":{"type":"LineString","coordinates":[[23.03475,54.31333],[23.03785,54.31315],[23.0387,54.31326],[23.04005,54.31361]]}},{"type":"Feature","properties":{"numer":"1137B","klasa":"","kat":"powiatowa"},"geometry":{"type":"LineString","coordinates":[[23.04005,54.31361],[23.04015,54.31363]]}},{"type":"Feature","properties":{"numer":"651","klasa":"droga gĹ‚Ăłwna","kat":"wojewodzka"},"geometry":{"type":"LineString","coordinates":[[22.97289,54.32227],[22.97246,54.32247]]}},{"type":"Feature","properties":{"numer":"651","klasa":"droga gĹ‚Ăłwna","kat":"wojewodzka"},"geometry":{"type":"LineString","coordinates":[[22.97231,54.32254],[22.97246,54.32247]]}},{"type":"Feature","properties":{"numer":"655","klasa":"droga gĹ‚Ăłwna","kat":"wojewodzka"},"geometry":{"type":"LineString","coordinates":[[22.95725,54.30927],[22.95836,54.31246],[22.95868,54.31281],[22.96114,54.31471],[22.96213,54.31601],[22.96345,54.31736],[22.96418,54.31875],[22.96826,54.32127],[22.96885,54.32147],[22.97117,54.32192],[22.97176,54.32221]]}},{"type":"Feature","properties":{"numer":"655","klasa":"droga gĹ‚Ăłwna","kat":"wojewodzka"},"geometry":{"type":"LineString","coordinates":[[22.97176,54.32221],[22.97217,54.32246]]}},{"type":"Feature","properties":{"numer":"655","klasa":"droga gĹ‚Ăłwna","kat":"wojewodzka"},"geometry":{"type":"LineString","coordinates":[[22.97231,54.32254],[22.97217,54.32246]]}},{"type":"Feature","properties":{"numer":"651","klasa":"droga gĹ‚Ăłwna","kat":"wojewodzka"},"geometry":{"type":"LineString","coordinates":[[22.97216,54.32261],[22.97231,54.32254]]}},{"type":"Feature","properties":{"numer":"651","klasa":"droga gĹ‚Ăłwna","kat":"wojewodzka"},"geometry":{"type":"LineString","coordinates":[[22.97156,54.3228],[22.97216,54.32261]]}},{"type":"Feature","properties":{"numer":"651","klasa":"droga gĹ‚Ăłwna","kat":"wojewodzka"},"geometry":{"type":"LineString","coordinates":[[22.97156,54.3228],[22.97007,54.32322],[22.96937,54.32355]]}},{"type":"Feature","properties":{"numer":"651","klasa":"droga gĹ‚Ăłwna","kat":"wojewodzka"},"geometry":{"type":"LineString","coordinates":[[22.96937,54.32355],[22.96922,54.32364]]}},{"type":"Feature","properties":{"numer":"651","klasa":"droga gĹ‚Ăłwna","kat":"wojewodzka"},"geometry":{"type":"LineString","coordinates":[[22.96922,54.32364],[22.96878,54.3241],[22.9683,54.3251],[22.9678,54.32557]]}},{"type":"Feature","properties":{"numer":"651","klasa":"droga gĹ‚Ăłwna","kat":"wojewodzka"},"geometry":{"type":"LineString","coordinates":[[22.9678,54.32557],[22.96765,54.32569]]}},{"type":"Feature","properties":{"numer":"651","klasa":"droga gĹ‚Ăłwna","kat":"wojewodzka"},"geometry":{"type":"LineString","coordinates":[[22.96765,54.32569],[22.96662,54.32646],[22.96599,54.3268]]}},{"type":"Feature","properties":{"numer":"1130B","klasa":"droga zbiorcza","kat":"powiatowa"},"geometry":{"type":"LineString","coordinates":[[22.97245,54.32262],[22.97231,54.32254]]}},{"type":"Feature","properties":{"numer":"1130B","klasa":"droga zbiorcza","kat":"powiatowa"},"geometry":{"type":"LineString","coordinates":[[22.97245,54.32262],[22.97276,54.32281]]}},{"type":"Feature","properties":{"numer":"1130B","klasa":"droga zbiorcza","kat":"powiatowa"},"geometry":{"type":"LineString","coordinates":[[22.97276,54.32281],[22.97675,54.32529],[22.97911,54.32617],[22.98211,54.32661],[22.98652,54.32764],[22.98974,54.32785],[22.99063,54.32812],[22.99217,54.32886],[22.99346,54.32931],[22.99927,54.33084],[23.0014,54.3315],[23.00439,54.33213],[23.00644,54.33272],[23.01126,54.33385],[23.01431,54.33477],[23.01529,54.33535],[23.01824,54.33778],[23.01923,54.33829],[23.02021,54.33896],[23.02145,54.33938],[23.02234,54.33994],[23.02273,54.34239],[23.02264,54.34337],[23.02227,54.34372],[23.02087,54.34429]]}},{"type":"Feature","properties":{"numer":"1130B","klasa":"droga zbiorcza","kat":"powiatowa"},"geometry":{"type":"LineString","coordinates":[[23.02087,54.34429],[23.02071,54.34435]]}},{"type":"Feature","properties":{"numer":"1130B","klasa":"droga zbiorcza","kat":"powiatowa"},"geometry":{"type":"LineString","coordinates":[[23.02071,54.34435],[23.01954,54.34481],[23.01946,54.34497],[23.02079,54.34573],[23.02147,54.34653],[23.02312,54.34802],[23.02349,54.3487],[23.02369,54.35019],[23.02363,54.35052],[23.02301,54.35136],[23.02253,54.35162],[23.02106,54.35147],[23.01902,54.35147],[23.01652,54.35182]]}},{"type":"Feature","properties":{"numer":"1130B","klasa":"","kat":"powiatowa"},"geometry":{"type":"LineString","coordinates":[[23.01652,54.35182],[23.01524,54.35195],[23.01444,54.35212],[23.01404,54.35229],[23.01313,54.35296],[23.01248,54.35321],[23.0071,54.35425],[23.00543,54.3549],[22.99923,54.3569],[22.99369,54.35878],[22.99331,54.35897],[22.99321,54.35918],[22.99317,54.36041],[22.99348,54.36133],[22.99401,54.36227],[22.9941,54.36306],[22.99451,54.36385],[22.99465,54.36452],[22.99462,54.3652],[22.99504,54.36594],[22.99584,54.36663],[22.99669,54.36759],[22.99664,54.36771],[22.99648,54.36776]]}},{"type":"Feature","properties":{"numer":"1130B","klasa":"droga zbiorcza","kat":"powiatowa"},"geometry":{"type":"LineString","coordinates":[[22.96674,54.37639],[22.96854,54.37619],[22.97988,54.3763],[22.97995,54.37607],[22.97984,54.3758],[22.97873,54.37437],[22.9776,54.37327],[22.97757,54.37305],[22.97779,54.37278],[22.97866,54.37246],[22.98166,54.37082],[22.98525,54.36931],[22.98746,54.36811],[22.99018,54.36728],[22.99081,54.36721],[22.9942,54.36742],[22.99648,54.36776]]}},{"type":"Feature","properties":{"numer":"651","klasa":"droga gĹ‚Ăłwna","kat":"wojewodzka"},"geometry":{"type":"LineString","coordinates":[[22.96599,54.3268],[22.95995,54.32906],[22.953,54.33036]]}},{"type":"Feature","properties":{"numer":"651","klasa":"droga gĹ‚Ăłwna","kat":"wojewodzka"},"geometry":{"type":"LineString","coordinates":[[22.953,54.33036],[22.95287,54.33039]]}},{"type":"Feature","properties":{"numer":"651","klasa":"droga gĹ‚Ăłwna","kat":"wojewodzka"},"geometry":{"type":"LineString","coordinates":[[22.95287,54.33039],[22.94707,54.33146],[22.94252,54.33249],[22.9379,54.33284],[22.93714,54.33295],[22.92971,54.33532],[22.92593,54.33593],[22.9248,54.33625],[22.916,54.341],[22.91153,54.34283],[22.91022,54.34319],[22.90988,54.34336],[22.90966,54.34364],[22.90969,54.34397],[22.91099,54.34535],[22.91141,54.34651],[22.91105,54.34713],[22.91021,54.34756],[22.90949,54.34767],[22.9089,54.34762],[22.90639,54.34693],[22.90538,54.34677],[22.90424,54.34676],[22.90196,54.34694],[22.89866,54.34781],[22.88697,54.35171],[22.87576,54.35468],[22.86932,54.35885],[22.8683,54.3596],[22.86822,54.36003],[22.86872,54.36325]]}},{"type":"Feature","properties":{"numer":"1129B","klasa":"droga zbiorcza","kat":"powiatowa"},"geometry":{"type":"LineString","coordinates":[[22.96152,54.37685],[22.96163,54.37525],[22.96055,54.37385],[22.96021,54.37266],[22.96071,54.37054],[22.96062,54.36848],[22.96192,54.36486],[22.96196,54.36418],[22.96121,54.36238],[22.961,54.36148],[22.96004,54.35959],[22.95991,54.35815],[22.95934,54.35624],[22.95932,54.35468],[22.95613,54.35046],[22.95601,54.35005],[22.95644,54.34872],[22.95803,54.34653],[22.96186,54.34416],[22.96226,54.34376],[22.9625,54.34316],[22.96234,54.34194],[22.96213,54.34146],[22.95979,54.3385],[22.95946,54.33791],[22.95908,54.33429],[22.95917,54.33374],[22.95975,54.3331],[22.9624,54.33154],[22.96304,54.33104],[22.96597,54.32701],[22.96599,54.3268]]}},{"type":"Feature","properties":{"numer":"1129B","klasa":"droga zbiorcza","kat":"powiatowa"},"geometry":{"type":"LineString","coordinates":[[22.86872,54.36325],[22.86938,54.36796],[22.86951,54.36812],[22.87048,54.36815],[22.87461,54.36794],[22.87546,54.368],[22.87862,54.36879],[22.87979,54.36923],[22.88109,54.36996],[22.88147,54.37004],[22.88312,54.37018],[22.8866,54.37021],[22.88988,54.36991],[22.89075,54.36991],[22.8932,54.37026],[22.89571,54.37035],[22.89931,54.37097],[22.9003,54.37105],[22.911,54.37017],[22.91385,54.36984],[22.91478,54.36985],[22.91667,54.37008],[22.91787,54.36999],[22.91968,54.36968],[22.92203,54.36858],[22.92249,54.3685],[22.92325,54.36849],[22.92402,54.36864],[22.92556,54.36922],[22.92819,54.37072],[22.93282,54.37299],[22.93372,54.37319],[22.93543,54.37339],[22.93701,54.37394],[22.93898,54.37424],[22.94643,54.37604],[22.94805,54.37647],[22.95336,54.37809],[22.95475,54.37826],[22.95669,54.378],[22.95922,54.37759],[22.96152,54.37685]]}},{"type":"Feature","properties":{"numer":"1130B","klasa":"droga zbiorcza","kat":"powiatowa"},"geometry":{"type":"LineString","coordinates":[[22.9666,54.3764],[22.96674,54.37639]]}},{"type":"Feature","properties":{"numer":"1130B","klasa":"droga zbiorcza","kat":"powiatowa"},"geometry":{"type":"LineString","coordinates":[[22.96152,54.37685],[22.96365,54.3768],[22.9666,54.3764]]}},{"type":"Feature","properties":{"numer":"1094B","klasa":"droga gĹ‚Ăłwna","kat":"powiatowa"},"geometry":{"type":"LineString","coordinates":[[22.85421,54.3452],[22.85455,54.34531],[22.85474,54.34549]]}},{"type":"Feature","properties":{"numer":"1127B","klasa":"droga gĹ‚Ăłwna","kat":"powiatowa"},"geometry":{"type":"LineString","coordinates":[[22.85863,54.36387],[22.85832,54.36271],[22.8561,54.36053],[22.85541,54.35955],[22.85519,54.35898],[22.85509,54.35565],[22.85682,54.35215],[22.85689,54.35171],[22.85474,54.34549]]}},{"type":"Feature","properties":{"numer":"651","klasa":"droga gĹ‚Ăłwna","kat":"wojewodzka"},"geometry":{"type":"LineString","coordinates":[[22.79302,54.36213],[22.7937,54.36225],[22.79456,54.36226],[22.79551,54.36216],[22.79819,54.36127],[22.80191,54.36091],[22.81056,54.35892],[22.81174,54.35874],[22.8127,54.35872],[22.81432,54.35897],[22.82184,54.36098],[22.82783,54.36213],[22.83446,54.36451],[22.83582,54.3648],[22.83735,54.36483],[22.84552,54.36385],[22.85551,54.36396]]}},{"type":"Feature","properties":{"numer":"651","klasa":"droga gĹ‚Ăłwna","kat":"wojewodzka"},"geometry":{"type":"LineString","coordinates":[[22.8607,54.36366],[22.86872,54.36325]]}},{"type":"Feature","properties":{"numer":"651","klasa":"droga gĹ‚Ăłwna","kat":"wojewodzka"},"geometry":{"type":"LineString","coordinates":[[22.85863,54.36387],[22.8607,54.36366]]}},{"type":"Feature","properties":{"numer":"651","klasa":"droga gĹ‚Ăłwna","kat":"wojewodzka"},"geometry":{"type":"LineString","coordinates":[[22.85551,54.36396],[22.85724,54.36398],[22.85863,54.36387]]}},{"type":"Feature","properties":{"numer":"1128B","klasa":"droga zbiorcza","kat":"powiatowa"},"geometry":{"type":"LineString","coordinates":[[22.85551,54.36396],[22.85478,54.36543],[22.85444,54.36585],[22.85395,54.36611],[22.85043,54.36748],[22.84986,54.36783],[22.84876,54.3702],[22.84842,54.37154],[22.84699,54.37303],[22.84664,54.37356],[22.84661,54.37395],[22.84706,54.37681],[22.84718,54.3797],[22.84775,54.38185],[22.84775,54.38347],[22.84817,54.38454],[22.84818,54.38506],[22.84796,54.38546],[22.84726,54.38586],[22.84687,54.38596],[22.84522,54.38608],[22.8447,54.38621],[22.84394,54.38686],[22.84365,54.38745],[22.84395,54.38882],[22.84636,54.39218],[22.84733,54.39388],[22.8472,54.39435],[22.84569,54.39587],[22.84551,54.39618],[22.84566,54.39971],[22.84585,54.40091],[22.84615,54.40108],[22.84667,54.40115],[22.85084,54.4013],[22.85849,54.40091],[22.85923,54.40099],[22.86136,54.4014],[22.8689,54.4023],[22.86959,54.40232],[22.87166,54.40219],[22.8766,54.4024],[22.87973,54.40165],[22.88148,54.40156],[22.88211,54.40127],[22.88231,54.40082],[22.8818,54.39987],[22.88179,54.3996],[22.88221,54.3989],[22.883,54.39796],[22.8842,54.39709],[22.88426,54.39684],[22.884,54.39597],[22.88348,54.39529],[22.88198,54.39428],[22.88109,54.39337],[22.88088,54.39301],[22.88078,54.39219],[22.88055,54.39152],[22.87991,54.39042],[22.87925,54.39005],[22.87532,54.38878],[22.875,54.38861],[22.87335,54.38698],[22.87227,54.38549],[22.86968,54.38335],[22.86893,54.38242],[22.86833,54.38121],[22.86602,54.3779],[22.86516,54.37635],[22.8642,54.37492],[22.8639,54.3747],[22.8634,54.37451],[22.861,54.3741],[22.86251,54.37055],[22.86325,54.36955],[22.86442,54.36837],[22.86517,54.36783],[22.86532,54.36752],[22.86506,54.36635],[22.86405,54.36619],[22.86374,54.36606],[22.86285,54.36513],[22.86138,54.36458],[22.8607,54.36366]]}}]}