{"type":"FeatureCollection","features":[{"type":"Feature","properties":{"numer":"1328G","klasa":"","kat":"powiatowa"},"geometry":{"type":"LineString","coordinates":[[17.76086,54.35368],[17.76085,54.35365]]}},{"type":"Feature","properties":{"numer":"1328G","klasa":"","kat":"powiatowa"},"geometry":{"type":"LineString","coordinates":[[17.76086,54.35368],[17.76111,54.35536],[17.76131,54.35591],[17.76343,54.35874],[17.76356,54.35915],[17.76283,54.36192],[17.7601,54.36558],[17.75989,54.36612],[17.76005,54.36904],[17.76119,54.37006],[17.7621,54.37122]]}},{"type":"Feature","properties":{"numer":"148011G","klasa":"droga lokalna","kat":"powiatowa"},"geometry":{"type":"LineString","coordinates":[[17.741893552855416,54.37117156500609],[17.742,54.37127]]}},{"type":"Feature","properties":{"numer":"149132G","klasa":"droga lokalna","kat":"powiatowa"},"geometry":{"type":"LineString","coordinates":[[17.75698,54.3713],[17.7621,54.37122]]}},{"type":"Feature","properties":{"numer":"212","klasa":"droga zbiorcza","kat":"wojewodzka"},"geometry":{"type":"LineString","coordinates":[[17.66263809926678,54.38478311900733],[17.66291,54.38499]]}},{"type":"Feature","properties":{"numer":"1334G","klasa":"droga zbiorcza","kat":"powiatowa"},"geometry":{"type":"LineString","coordinates":[[17.69065584828226,54.3782601615823],[17.69446,54.38487],[17.69457,54.38545],[17.69338,54.38787],[17.69335,54.38903],[17.69322,54.38928],[17.69277,54.38954],[17.68826,54.39121],[17.68806,54.39141]]}},{"type":"Feature","properties":{"numer":"1320G","klasa":"droga zbiorcza","kat":"powiatowa"},"geometry":{"type":"LineString","coordinates":[[17.66244,54.44817],[17.66166,54.44772],[17.66117,54.44754],[17.65449,54.44633],[17.65333,54.44618],[17.65094,54.44622],[17.64273,54.44662],[17.64198,54.44671],[17.64132,54.44688],[17.63653,54.44858],[17.63611,54.44866],[17.63429,54.44877],[17.63366,54.4489],[17.6337,54.44897],[17.6329,54.44968],[17.63269,54.45003],[17.63292,54.45116]]}},{"type":"Feature","properties":{"numer":"1320G","klasa":"droga zbiorcza","kat":"powiatowa"},"geometry":{"type":"LineString","coordinates":[[17.63292,54.45116],[17.63292,54.45125]]}},{"type":"Feature","properties":{"numer":"1320G","klasa":"droga zbiorcza","kat":"powiatowa"},"geometry":{"type":"LineString","coordinates":[[17.63292,54.45125],[17.63259,54.45212],[17.63208,54.45244],[17.62938,54.45339],[17.62534,54.45448],[17.6248,54.45472],[17.62451,54.45534],[17.6245,54.45815],[17.62425,54.45997],[17.62269,54.46242],[17.62212,54.46379],[17.62224,54.46465],[17.62424,54.47046],[17.62492,54.47389],[17.62594,54.48019],[17.62649,54.48119],[17.62817,54.4829],[17.629,54.48399],[17.6294,54.48509],[17.62953,54.487],[17.62967,54.48739],[17.62997,54.48785],[17.63196,54.49001],[17.63334,54.49266],[17.63347,54.49406],[17.63336,54.49457],[17.63302,54.49524],[17.63297,54.49634],[17.63316,54.49658],[17.63381,54.49695],[17.63328,54.49903]]}},{"type":"Feature","properties":{"numer":"6,E28","klasa":"droga gĹ‚Ăłwna ruchu przyĹ›pieszonego","kat":"gminna"},"geometry":{"type":"LineString","coordinates":[[17.62459,54.50054],[17.62375,54.50012],[17.61382,54.49371],[17.61215,54.49313],[17.60466,54.49132]]}},{"type":"Feature","properties":{"numer":"6,E28","klasa":"droga gĹ‚Ăłwna ruchu przyĹ›pieszonego","kat":"gminna"},"geometry":{"type":"LineString","coordinates":[[17.63391,54.49913],[17.63328,54.49903]]}},{"type":"Feature","properties":{"numer":"6,E28","klasa":"droga gĹ‚Ăłwna ruchu przyĹ›pieszonego","kat":"gminna"},"geometry":{"type":"LineString","coordinates":[[17.63328,54.49903],[17.63242,54.499],[17.6318,54.49907],[17.63004,54.49965]]}},{"type":"Feature","properties":{"numer":"6,E28","klasa":"droga gĹ‚Ăłwna ruchu przyĹ›pieszonego","kat":"gminna"},"geometry":{"type":"LineString","coordinates":[[17.63004,54.49965],[17.6299,54.4997]]}},{"type":"Feature","properties":{"numer":"6","klasa":"droga gĹ‚Ăłwna ruchu przyĹ›pieszonego","kat":"krajowa"},"geometry":{"type":"LineString","coordinates":[[17.55285,54.48133],[17.55272720793385,54.48130553391163]]}},{"type":"Feature","properties":{"numer":"212","klasa":"droga gĹ‚Ăłwna","kat":"wojewodzka"},"geometry":{"type":"LineString","coordinates":[[17.66291,54.38499],[17.66361,54.38529],[17.66425,54.38545],[17.6664,54.38533],[17.66914,54.38553],[17.67447,54.38682],[17.67538,54.38716],[17.67726,54.38817],[17.67978,54.38895],[17.68258,54.38969],[17.68806,54.39141]]}},{"type":"Feature","properties":{"numer":"212","klasa":"droga gĹ‚Ăłwna","kat":"wojewodzka"},"geometry":{"type":"LineString","coordinates":[[17.68806,54.39141],[17.68926,54.39173],[17.69062,54.39186],[17.69151,54.39184],[17.69448,54.39153],[17.695,54.39154],[17.69557,54.39165],[17.69608,54.39185],[17.69714,54.39248],[17.6974,54.39295],[17.69722,54.39409],[17.69758,54.39472],[17.71976,54.4145]]}},{"type":"Feature","properties":{"numer":"212","klasa":"droga gĹ‚Ăłwna","kat":"wojewodzka"},"geometry":{"type":"LineString","coordinates":[[17.71976,54.4145],[17.72183,54.41635]]}},{"type":"Feature","properties":{"numer":"212","klasa":"droga gĹ‚Ăłwna","kat":"wojewodzka"},"geometry":{"type":"LineString","coordinates":[[17.72183,54.41635],[17.73492,54.42773],[17.73543,54.42829],[17.73557,54.42903],[17.73463,54.43145],[17.73448,54.43233],[17.73501,54.43567],[17.73522,54.43609]]}},{"type":"Feature","properties":{"numer":"1321G","klasa":"","kat":"powiatowa"},"geometry":{"type":"LineString","coordinates":[[17.71976,54.4145],[17.71814,54.41532],[17.71673,54.41645],[17.71386,54.4177],[17.71265,54.41806],[17.70902,54.41895],[17.70489,54.42033],[17.70368,54.42052],[17.70097,54.42057],[17.70006,54.42075],[17.69678,54.42219],[17.69642,54.42225],[17.6958,54.4222],[17.69339,54.42138],[17.69147,54.42093],[17.68797,54.42048],[17.68737,54.42044],[17.68609,54.42052],[17.68493,54.42069],[17.68445,54.42086],[17.68397,54.42141],[17.6832,54.42324],[17.68294,54.42361],[17.68244,54.42393],[17.68123,54.42438],[17.68091,54.42457],[17.67961,54.42554],[17.67841,54.42671],[17.67834,54.42717],[17.67874,54.42952],[17.67839,54.43214],[17.67804,54.43302],[17.67749,54.43347],[17.67542,54.43436],[17.6746,54.43498],[17.67059,54.43907],[17.66767,54.44312],[17.66658,54.44539],[17.66573,54.44606],[17.66364,54.4471],[17.66244,54.44817]]}},{"type":"Feature","properties":{"numer":"1324G","klasa":"","kat":"powiatowa"},"geometry":{"type":"LineString","coordinates":[[17.73522,54.43609],[17.73444,54.43637],[17.73273,54.43734],[17.73072,54.44022],[17.73021,54.44131],[17.73028,54.44185],[17.73199,54.44443],[17.73229,54.44526],[17.73176,54.44756],[17.73167,54.45116],[17.73117,54.45263],[17.7307,54.45352],[17.73036,54.45387],[17.72699,54.45617],[17.72471,54.45799],[17.72435,54.45861],[17.72415,54.4598],[17.72325,54.46082],[17.72303,54.46122]]}},{"type":"Feature","properties":{"numer":"1320G","klasa":"droga zbiorcza","kat":"powiatowa"},"geometry":{"type":"LineString","coordinates":[[17.6938,54.45901],[17.68781,54.45827],[17.68701,54.45825],[17.68509,54.45849],[17.68421,54.45835],[17.68318,54.45784],[17.68114,54.45641],[17.67609,54.45442],[17.67515,54.45375],[17.67268,54.45148],[17.66826,54.44925],[17.6671,54.44884],[17.66562,54.44855],[17.66331,54.44865],[17.66244,54.44817]]}},{"type":"Feature","properties":{"numer":"1320G","klasa":"droga zbiorcza","kat":"powiatowa"},"geometry":{"type":"LineString","coordinates":[[17.72303,54.46122],[17.72015,54.46076],[17.71363,54.45988],[17.71209,54.45999],[17.70705,54.4609],[17.70589,54.46093],[17.70131,54.45995],[17.6938,54.45901]]}},{"type":"Feature","properties":{"numer":"1323G","klasa":"","kat":"powiatowa"},"geometry":{"type":"LineString","coordinates":[[17.68825,54.46508],[17.68881,54.46489],[17.68918,54.4646],[17.68983,54.46289],[17.69196,54.46152],[17.6931,54.46042],[17.69353,54.4598],[17.6938,54.45901]]}},{"type":"Feature","properties":{"numer":"1325G","klasa":"","kat":"powiatowa"},"geometry":{"type":"LineString","coordinates":[[17.72853,54.52051],[17.7284,54.52012],[17.72854,54.51914],[17.72928,54.5182],[17.72965,54.5175],[17.73019,54.51634],[17.73028,54.51569],[17.73009,54.51544],[17.72957,54.51525],[17.72904,54.51513],[17.72836,54.51515],[17.72827,54.51508],[17.72849,54.51481],[17.72865,54.51432],[17.72913,54.51396],[17.72902,54.51355],[17.72856,54.5132],[17.72861,54.51303],[17.72905,54.51269],[17.72887,54.51252],[17.72811,54.51249],[17.72782,54.5123],[17.72704,54.5095],[17.72593,54.50662],[17.72604,54.50642],[17.72688,54.50579],[17.727,54.50542],[17.72783,54.5028],[17.72921,54.49646],[17.72892,54.49622],[17.72835,54.49604],[17.72535,54.49534],[17.72479,54.49542],[17.72346,54.49603],[17.72244,54.49744],[17.72127,54.49827],[17.71999,54.49855],[17.71759,54.49892],[17.71645,54.49903],[17.71348,54.49893],[17.7095,54.49956],[17.70852,54.49958],[17.705,54.49957],[17.70375,54.49935],[17.70126,54.49872],[17.7005,54.49873],[17.70015,54.49884],[17.69847,54.49889],[17.69717,54.49905],[17.69631,54.49981],[17.69417,54.50123],[17.69386,54.50154],[17.69245,54.50401],[17.69192,54.50714],[17.69147,54.50802],[17.69102,54.50844],[17.68674,54.51036],[17.68482,54.5108],[17.68046,54.51157],[17.67682,54.51292],[17.6755,54.51306],[17.67423,54.51382]]}},{"type":"Feature","properties":{"numer":"6,E28","klasa":"droga gĹ‚Ăłwna ruchu przyĹ›pieszonego","kat":"gminna"},"geometry":{"type":"LineString","coordinates":[[17.60466,54.49132],[17.60165,54.49066],[17.59513,54.48978],[17.58841,54.48955],[17.58724,54.48943],[17.58591,54.4892],[17.57486,54.48688],[17.56728,54.4843],[17.56615,54.484],[17.55285,54.48133]]}},{"type":"Feature","properties":{"numer":"1185G","klasa":"","kat":"powiatowa"},"geometry":{"type":"LineString","coordinates":[[17.56677,54.49629],[17.56782,54.49502],[17.56995,54.49531],[17.5711,54.49588],[17.57241,54.49706],[17.57508,54.49758],[17.57727,54.49763],[17.58412,54.49737],[17.58622,54.49671],[17.58762,54.49599],[17.58833,54.49573],[17.58996,54.4953],[17.59149,54.49502],[17.59198,54.49474],[17.59243,54.49416],[17.59284,54.49388],[17.59333,54.49376],[17.59494,54.49359],[17.59552,54.49338],[17.59579,54.49317],[17.59723,54.49304],[17.59934,54.49321],[17.60318,54.49289],[17.60418,54.49201],[17.60466,54.49132]]}},{"type":"Feature","properties":{"numer":"E28,S6","klasa":"droga ekspresowa","kat":"krajowa"},"geometry":{"type":"LineString","coordinates":[[17.553732887855755,54.49431229921531],[17.55381,54.49431]]}},{"type":"Feature","properties":{"numer":"1185G","klasa":"","kat":"powiatowa"},"geometry":{"type":"LineString","coordinates":[[17.54725,54.49872],[17.55008,54.49865],[17.55497,54.49814],[17.55582,54.49791],[17.55854,54.49691],[17.56257,54.49588],[17.56504,54.49597],[17.5664,54.49638],[17.56677,54.49629]]}},{"type":"Feature","properties":{"numer":"149132G","klasa":"droga lokalna","kat":"powiatowa"},"geometry":{"type":"LineString","coordinates":[[17.7567,54.3713],[17.75698,54.3713]]}},{"type":"Feature","properties":{"numer":"149132G","klasa":"droga lokalna","kat":"powiatowa"},"geometry":{"type":"LineString","coordinates":[[17.742,54.37127],[17.74226,54.37138],[17.743,54.3714]]}},{"type":"Feature","properties":{"numer":"149132G","klasa":"droga lokalna","kat":"powiatowa"},"geometry":{"type":"LineString","coordinates":[[17.74934,54.37142],[17.7567,54.3713]]}},{"type":"Feature","properties":{"numer":"149132G","klasa":"droga lokalna","kat":"powiatowa"},"geometry":{"type":"LineString","coordinates":[[17.743,54.3714],[17.74918,54.37142]]}},{"type":"Feature","properties":{"numer":"149132G","klasa":"droga lokalna","kat":"powiatowa"},"geometry":{"type":"LineString","coordinates":[[17.74918,54.37142],[17.74934,54.37142]]}},{"type":"Feature","properties":{"numer":"1328G","klasa":"","kat":"powiatowa"},"geometry":{"type":"LineString","coordinates":[[17.7621,54.37122],[17.7626,54.37196],[17.76307,54.37327],[17.76376,54.37417],[17.76427,54.37559],[17.76539,54.3768],[17.7657,54.37729],[17.76715,54.38049],[17.76663,54.38274],[17.7667,54.39002],[17.76646,54.39485],[17.7635,54.39906],[17.76315,54.39996],[17.76253,54.40069],[17.76199,54.40182],[17.76219,54.40205],[17.76332,54.40227],[17.76375,54.40244],[17.76441,54.40289],[17.76495,54.40397],[17.76509,54.40508]]}},{"type":"Feature","properties":{"numer":"1328G","klasa":"","kat":"powiatowa"},"geometry":{"type":"LineString","coordinates":[[17.76509,54.40508],[17.7651,54.40519]]}},{"type":"Feature","properties":{"numer":"1328G","klasa":"","kat":"powiatowa"},"geometry":{"type":"LineString","coordinates":[[17.7651,54.40519],[17.76511,54.40563],[17.76481,54.40608],[17.76423,54.40638],[17.76339,54.40648],[17.75069,54.40503],[17.74954,54.40504],[17.74848,54.40524],[17.7266,54.41295],[17.72564,54.4135],[17.72229,54.41592],[17.72183,54.41635]]}},{"type":"Feature","properties":{"numer":"212","klasa":"droga gĹ‚Ăłwna","kat":"wojewodzka"},"geometry":{"type":"LineString","coordinates":[[17.73522,54.43609],[17.73664,54.4369]]}},{"type":"Feature","properties":{"numer":"212","klasa":"droga gĹ‚Ăłwna","kat":"wojewodzka"},"geometry":{"type":"LineString","coordinates":[[17.73664,54.4369],[17.73908,54.43822]]}},{"type":"Feature","properties":{"numer":"214","klasa":"droga gĹ‚Ăłwna","kat":"wojewodzka"},"geometry":{"type":"LineString","coordinates":[[17.81318,54.4506],[17.81433,54.44937],[17.8149,54.44838],[17.81552,54.44637],[17.817,54.44265],[17.81866,54.4404],[17.8197,54.43945],[17.82054,54.43737],[17.82173,54.43561],[17.82234,54.43501],[17.82671,54.43187],[17.82694,54.43158],[17.82736,54.43058],[17.82782,54.43016],[17.83104,54.42844],[17.83643,54.42579],[17.83713,54.42519],[17.84007,54.42033],[17.84013,54.41963],[17.83964,54.41668],[17.83991,54.41634],[17.84123,54.41571],[17.84155,54.41538],[17.84185,54.41231],[17.84178377707806,54.411060042348396]]}},{"type":"Feature","properties":{"numer":"214","klasa":"droga gĹ‚Ăłwna","kat":"wojewodzka"},"geometry":{"type":"LineString","coordinates":[[17.81067,54.45296],[17.81318,54.4506]]}},{"type":"Feature","properties":{"numer":"1327G","klasa":"","kat":"powiatowa"},"geometry":{"type":"LineString","coordinates":[[17.81067,54.45296],[17.81121,54.45339],[17.81157,54.45343],[17.81269,54.45334],[17.81442,54.45291],[17.81525,54.45298],[17.82245,54.4556],[17.82581,54.45637],[17.82625,54.45653],[17.83093,54.45946],[17.83432,54.46104],[17.83989,54.46595],[17.84007,54.46626],[17.83877,54.46731],[17.84093,54.46854],[17.84099,54.46874],[17.84084,54.46936],[17.84148,54.46964],[17.84179,54.46996],[17.8424,54.47171],[17.84304,54.47236],[17.84342,54.47261],[17.84537,54.47341],[17.84633,54.47411],[17.84804,54.4749],[17.85456,54.47702]]}},{"type":"Feature","properties":{"numer":"1336G","klasa":"droga gĹ‚Ăłwna","kat":"powiatowa"},"geometry":{"type":"LineString","coordinates":[[17.85434619455253,54.46900874708171],[17.85497,54.47023],[17.85521,54.47239],[17.85526,54.47525],[17.85483,54.47695]]}},{"type":"Feature","properties":{"numer":"212","klasa":"droga gĹ‚Ăłwna","kat":"wojewodzka"},"geometry":{"type":"LineString","coordinates":[[17.74934,54.44037],[17.74844,54.43926],[17.74767,54.43882],[17.7469,54.43861],[17.74479,54.43839],[17.74265,54.4387],[17.74188,54.43871],[17.73984,54.4385],[17.73908,54.43822]]}},{"type":"Feature","properties":{"numer":"1326G","klasa":"","kat":"powiatowa"},"geometry":{"type":"LineString","coordinates":[[17.74934,54.44037],[17.75207,54.43993],[17.75329,54.43981],[17.77196,54.44077],[17.77552,54.44107],[17.78648,54.44263],[17.78797,54.44296],[17.80567,54.45064],[17.8062,54.45068],[17.80721,54.45045],[17.80812,54.45037],[17.80888,54.4499],[17.80959,54.44983],[17.81069,54.44987],[17.81126,54.44997],[17.81318,54.4506]]}},{"type":"Feature","properties":{"numer":"212","klasa":"droga gĹ‚Ăłwna","kat":"wojewodzka"},"geometry":{"type":"LineString","coordinates":[[17.76047,54.47345],[17.76031,54.47298],[17.7603,54.47174],[17.76055,54.46888],[17.761,54.46765],[17.76223,54.46603],[17.76236,54.46568],[17.76234,54.46538],[17.76106,54.46255],[17.76095,54.46209],[17.76101,54.46166],[17.76146,54.46063],[17.76182,54.45325],[17.76133,54.45262],[17.7559,54.4488],[17.75501,54.44804],[17.74934,54.44037]]}},{"type":"Feature","properties":{"numer":"214","klasa":"droga gĹ‚Ăłwna","kat":"wojewodzka"},"geometry":{"type":"LineString","coordinates":[[17.76369,54.47664],[17.76747,54.47482],[17.77143,54.47349],[17.77275,54.47321],[17.77627,54.47295],[17.78107,54.47185],[17.78232,54.4714],[17.78641,54.46922],[17.78703,54.46908],[17.78884,54.46911],[17.78965,54.46899],[17.79002,54.46885],[17.79437,54.46588],[17.79587,54.46475],[17.79654,54.46449],[17.79804,54.46419],[17.80219,54.46155],[17.80713,54.45949],[17.80782,54.45904],[17.80847,54.45827],[17.8086,54.45733],[17.81017,54.45432],[17.81017,54.45341],[17.81067,54.45296]]}},{"type":"Feature","properties":{"numer":"1320G","klasa":"droga zbiorcza","kat":"powiatowa"},"geometry":{"type":"LineString","coordinates":[[17.74135,54.47261],[17.74089,54.47257],[17.74036,54.47236],[17.73845,54.47105],[17.7375,54.47069],[17.73713,54.47045],[17.73698,54.47001],[17.73758,54.46995],[17.73796,54.46983],[17.73854,54.46928],[17.73897,54.46792],[17.7351,54.46484],[17.73418,54.46353],[17.73217,54.46277],[17.72303,54.46122]]}},{"type":"Feature","properties":{"numer":"1320G","klasa":"droga zbiorcza","kat":"powiatowa"},"geometry":{"type":"LineString","coordinates":[[17.76047,54.47345],[17.75969,54.47337],[17.75842,54.4727],[17.75691,54.47213],[17.75572,54.47141],[17.75518,54.47128],[17.74579,54.4722],[17.7431,54.47225],[17.74144,54.4726]]}},{"type":"Feature","properties":{"numer":"1320G","klasa":"droga zbiorcza","kat":"powiatowa"},"geometry":{"type":"LineString","coordinates":[[17.74144,54.4726],[17.74135,54.47261]]}},{"type":"Feature","properties":{"numer":"212","klasa":"droga gĹ‚Ăłwna","kat":"wojewodzka"},"geometry":{"type":"LineString","coordinates":[[17.76369,54.47664],[17.76338,54.47623],[17.76085,54.47391],[17.76047,54.47345]]}},{"type":"Feature","properties":{"numer":"214","klasa":"droga gĹ‚Ăłwna","kat":"wojewodzka"},"geometry":{"type":"LineString","coordinates":[[17.77142,54.4922],[17.77067,54.49052],[17.76963,54.48909],[17.7696,54.48755],[17.76944,54.48713],[17.76909,54.48676],[17.76804,54.48607],[17.76751,54.48559],[17.76695,54.48468],[17.7669,54.48382],[17.76607,54.48306],[17.76582,54.48267],[17.76586,54.48234],[17.7666,54.48133],[17.76661,54.481],[17.76463,54.47897],[17.76369,54.47664]]}},{"type":"Feature","properties":{"numer":"214","klasa":"droga gĹ‚Ăłwna","kat":"wojewodzka"},"geometry":{"type":"LineString","coordinates":[[17.7715,54.4924],[17.77142,54.4922]]}},{"type":"Feature","properties":{"numer":"214","klasa":"droga gĹ‚Ăłwna","kat":"wojewodzka"},"geometry":{"type":"LineString","coordinates":[[17.76378,54.52925],[17.76455,54.52834],[17.77039,54.52027],[17.77265,54.5146],[17.77281,54.51338],[17.7734,54.51294],[17.77363,54.51255],[17.77506,54.50891],[17.77535,54.50786],[17.77543,54.50658],[17.77498,54.50276],[17.77261,54.49513],[17.7715,54.4924]]}},{"type":"Feature","properties":{"numer":"1330G","klasa":"","kat":"powiatowa"},"geometry":{"type":"LineString","coordinates":[[17.78538,54.51933],[17.7867,54.51857],[17.78726,54.51837],[17.78917,54.51813],[17.79353,54.51726],[17.79656,54.51685],[17.79744,54.51662],[17.79824,54.51617],[17.79922,54.51498],[17.79952,54.51476],[17.80213,54.5137],[17.80249,54.51347],[17.80266,54.51319],[17.80283,54.51235],[17.80315,54.51198],[17.80355,54.51173],[17.80424,54.51147],[17.80596,54.51124],[17.8066,54.5113],[17.80744,54.51158]]}},{"type":"Feature","properties":{"numer":"1325G","klasa":"droga zbiorcza","kat":"powiatowa"},"geometry":{"type":"LineString","coordinates":[[17.73378,54.52494],[17.73373,54.5246],[17.73166,54.52276],[17.73063,54.52192],[17.72938,54.52123],[17.72853,54.52051]]}},{"type":"Feature","properties":{"numer":"1330G","klasa":"droga zbiorcza","kat":"powiatowa"},"geometry":{"type":"LineString","coordinates":[[17.77056,54.52727],[17.77364,54.52616],[17.77574,54.52506],[17.78538,54.51933]]}},{"type":"Feature","properties":{"numer":"123172G","klasa":"droga lokalna","kat":"powiatowa"},"geometry":{"type":"LineString","coordinates":[[17.74605,54.52397],[17.74519,54.52368],[17.74436,54.52365],[17.74354,54.52383],[17.74261,54.52429]]}},{"type":"Feature","properties":{"numer":"123172G","klasa":"droga lokalna","kat":"powiatowa"},"geometry":{"type":"LineString","coordinates":[[17.74605,54.52397],[17.74613,54.52401]]}},{"type":"Feature","properties":{"numer":"123172G","klasa":"droga lokalna","kat":"powiatowa"},"geometry":{"type":"LineString","coordinates":[[17.74618,54.52406],[17.74613,54.52401]]}},{"type":"Feature","properties":{"numer":"123172G","klasa":"droga lokalna","kat":"powiatowa"},"geometry":{"type":"LineString","coordinates":[[17.74643,54.52423],[17.74618,54.52406]]}},{"type":"Feature","properties":{"numer":"123172G","klasa":"droga lokalna","kat":"powiatowa"},"geometry":{"type":"LineString","coordinates":[[17.74261,54.52429],[17.74253,54.52433]]}},{"type":"Feature","properties":{"numer":"123172G","klasa":"droga lokalna","kat":"powiatowa"},"geometry":{"type":"LineString","coordinates":[[17.74253,54.52433],[17.74246,54.52438]]}},{"type":"Feature","properties":{"numer":"1327G","klasa":"","kat":"powiatowa"},"geometry":{"type":"LineString","coordinates":[[17.85483,54.47695],[17.85456,54.47702]]}},{"type":"Feature","properties":{"numer":"1336G","klasa":"droga gĹ‚Ăłwna","kat":"powiatowa"},"geometry":{"type":"LineString","coordinates":[[17.85483,54.47695],[17.85485,54.47716]]}},{"type":"Feature","properties":{"numer":"1327G","klasa":"","kat":"powiatowa"},"geometry":{"type":"LineString","coordinates":[[17.85456,54.47702],[17.85485,54.47716]]}},{"type":"Feature","properties":{"numer":"1336G","klasa":"droga gĹ‚Ăłwna","kat":"powiatowa"},"geometry":{"type":"LineString","coordinates":[[17.85485,54.47716],[17.85599,54.47884],[17.85623,54.4796],[17.85611,54.47994],[17.85565,54.48025],[17.85453,54.48071],[17.85359,54.48137],[17.84491,54.48626],[17.84459,54.48657],[17.84254,54.48969],[17.84218,54.49046],[17.84157,54.49366],[17.84157,54.49419],[17.84225,54.497],[17.84209,54.49784],[17.84177,54.49826],[17.83997,54.49919],[17.83904,54.49946],[17.83585,54.49935],[17.83507,54.49946],[17.83057,54.50071],[17.82967,54.50077],[17.82528,54.50067],[17.82406,54.50097],[17.82202,54.50185],[17.82047,54.50294],[17.81836,54.50467],[17.81782,54.50521],[17.81733,54.50619],[17.81668,54.50679],[17.8147,54.50777],[17.81227,54.5087],[17.81167,54.50913],[17.81063,54.51026],[17.8089,54.51113],[17.80744,54.51158]]}},{"type":"Feature","properties":{"numer":"1330G","klasa":"","kat":"powiatowa"},"geometry":{"type":"LineString","coordinates":[[17.80744,54.51158],[17.80819,54.51231],[17.80861,54.51255],[17.81109,54.51317],[17.81325,54.51348],[17.814,54.51341],[17.81713,54.51276],[17.81795,54.51272],[17.82061,54.5128],[17.82321,54.51248],[17.82556,54.51242],[17.83251,54.51289],[17.83848,54.51345],[17.84302,54.51325],[17.84467,54.51307],[17.84675,54.51324],[17.84839,54.51271],[17.84941,54.51221],[17.8502,54.51214],[17.85077,54.51224],[17.85204,54.51274],[17.85403,54.51449],[17.85468,54.51468],[17.85475879904245,54.51468880436229]]}},{"type":"Feature","properties":{"numer":"1330G","klasa":"","kat":"powiatowa"},"geometry":{"type":"LineString","coordinates":[[17.85764781675514,54.51468093237941],[17.85789,54.51464],[17.858280468749996,54.514361093750004]]}},{"type":"Feature","properties":{"numer":"1330G","klasa":"","kat":"powiatowa"},"geometry":{"type":"LineString","coordinates":[[17.86150418796921,54.51082176565618],[17.86186,54.51024],[17.862161217741935,54.510100411290324]]}},{"type":"Feature","properties":{"numer":"1329G","klasa":"","kat":"powiatowa"},"geometry":{"type":"LineString","coordinates":[[17.81491,54.5437],[17.81484,54.54367],[17.81421,54.54396],[17.81381,54.54376],[17.81328,54.54334],[17.81213,54.54209]]}},{"type":"Feature","properties":{"numer":"1329G","klasa":"","kat":"powiatowa"},"geometry":{"type":"LineString","coordinates":[[17.81997,54.54559],[17.81967,54.5455],[17.81923,54.54552],[17.81774,54.54608],[17.81753,54.54604],[17.8155,54.54394],[17.81491,54.5437]]}},{"type":"Feature","properties":{"numer":"1329G","klasa":"","kat":"powiatowa"},"geometry":{"type":"LineString","coordinates":[[17.83566,54.54578],[17.835,54.54577],[17.8329,54.54528],[17.82931,54.54461],[17.8266,54.5443],[17.82466,54.54482],[17.82372,54.54488],[17.82327,54.54498],[17.82128,54.54622],[17.82092,54.54616],[17.82003,54.54562]]}},{"type":"Feature","properties":{"numer":"1329G","klasa":"","kat":"powiatowa"},"geometry":{"type":"LineString","coordinates":[[17.82003,54.54562],[17.81997,54.54559]]}},{"type":"Feature","properties":{"numer":"6,E28","klasa":"droga gĹ‚Ăłwna ruchu przyĹ›pieszonego","kat":"gminna"},"geometry":{"type":"LineString","coordinates":[[17.67423,54.51382],[17.68579,54.5207],[17.6904,54.52279],[17.69271,54.52355],[17.6942,54.52386],[17.6969,54.52417],[17.70148,54.52433],[17.71478,54.52361],[17.72644,54.52423],[17.73136,54.52466],[17.73378,54.52494]]}},{"type":"Feature","properties":{"numer":"123051G","klasa":"droga zbiorcza","kat":"powiatowa"},"geometry":{"type":"LineString","coordinates":[[17.72574,54.52584],[17.72598,54.52587],[17.72684,54.52625],[17.72786,54.52648]]}},{"type":"Feature","properties":{"numer":"123051G","klasa":"droga zbiorcza","kat":"powiatowa"},"geometry":{"type":"LineString","coordinates":[[17.73023,54.52694],[17.72816,54.52637],[17.72798,54.52637],[17.72786,54.52648]]}},{"type":"Feature","properties":{"numer":"123036G","klasa":"droga zbiorcza","kat":"powiatowa"},"geometry":{"type":"LineString","coordinates":[[17.72592,54.52804],[17.72584,54.52848]]}},{"type":"Feature","properties":{"numer":"123036G","klasa":"droga zbiorcza","kat":"powiatowa"},"geometry":{"type":"LineString","coordinates":[[17.72584,54.52848],[17.72639,54.53029]]}},{"type":"Feature","properties":{"numer":"123036G","klasa":"droga zbiorcza","kat":"powiatowa"},"geometry":{"type":"LineString","coordinates":[[17.72639,54.53029],[17.72662,54.53109]]}},{"type":"Feature","properties":{"numer":"123036G","klasa":"droga zbiorcza","kat":"powiatowa"},"geometry":{"type":"LineString","coordinates":[[17.72662,54.53109],[17.7273,54.53329]]}},{"type":"Feature","properties":{"numer":"123036G","klasa":"droga zbiorcza","kat":"powiatowa"},"geometry":{"type":"LineString","coordinates":[[17.7273,54.53329],[17.72742,54.53368]]}},{"type":"Feature","properties":{"numer":"123036G","klasa":"droga zbiorcza","kat":"powiatowa"},"geometry":{"type":"LineString","coordinates":[[17.72742,54.53368],[17.72755,54.53374],[17.72778,54.53447]]}},{"type":"Feature","properties":{"numer":"123036G","klasa":"droga zbiorcza","kat":"powiatowa"},"geometry":{"type":"LineString","coordinates":[[17.72778,54.53447],[17.72803,54.53543]]}},{"type":"Feature","properties":{"numer":"123172G","klasa":"droga lokalna","kat":"powiatowa"},"geometry":{"type":"LineString","coordinates":[[17.74643,54.52423],[17.74744,54.52496]]}},{"type":"Feature","properties":{"numer":"123172G","klasa":"droga lokalna","kat":"powiatowa"},"geometry":{"type":"LineString","coordinates":[[17.74246,54.52438],[17.74182,54.52465],[17.74072,54.52494],[17.74012,54.52522]]}},{"type":"Feature","properties":{"numer":"6,E28","klasa":"droga gĹ‚Ăłwna ruchu przyĹ›pieszonego","kat":"gminna"},"geometry":{"type":"LineString","coordinates":[[17.73378,54.52494],[17.73518,54.52521]]}},{"type":"Feature","properties":{"numer":"123172G","klasa":"droga lokalna","kat":"powiatowa"},"geometry":{"type":"LineString","coordinates":[[17.74005,54.52527],[17.73996,54.5253]]}},{"type":"Feature","properties":{"numer":"123172G","klasa":"droga lokalna","kat":"powiatowa"},"geometry":{"type":"LineString","coordinates":[[17.74744,54.52496],[17.74747,54.52577]]}},{"type":"Feature","properties":{"numer":"123172G","klasa":"droga lokalna","kat":"powiatowa"},"geometry":{"type":"LineString","coordinates":[[17.73996,54.5253],[17.73953,54.52554]]}},{"type":"Feature","properties":{"numer":"6,E28","klasa":"droga gĹ‚Ăłwna ruchu przyĹ›pieszonego","kat":"gminna"},"geometry":{"type":"LineString","coordinates":[[17.73518,54.52521],[17.73871,54.5263]]}},{"type":"Feature","properties":{"numer":"123172G","klasa":"droga lokalna","kat":"powiatowa"},"geometry":{"type":"LineString","coordinates":[[17.74747,54.52577],[17.74753,54.52583]]}},{"type":"Feature","properties":{"numer":"123172G","klasa":"droga lokalna","kat":"powiatowa"},"geometry":{"type":"LineString","coordinates":[[17.74753,54.52583],[17.7476,54.52588]]}},{"type":"Feature","properties":{"numer":"123172G","klasa":"","kat":"powiatowa"},"geometry":{"type":"LineString","coordinates":[[17.73871,54.5263],[17.73903,54.5259],[17.73953,54.52554]]}},{"type":"Feature","properties":{"numer":"123172G","klasa":"droga lokalna","kat":"powiatowa"},"geometry":{"type":"LineString","coordinates":[[17.7476,54.52588],[17.74864,54.52631]]}},{"type":"Feature","properties":{"numer":"123172G","klasa":"droga lokalna","kat":"powiatowa"},"geometry":{"type":"LineString","coordinates":[[17.74924,54.52652],[17.74864,54.52631]]}},{"type":"Feature","properties":{"numer":"123157G","klasa":"","kat":"powiatowa"},"geometry":{"type":"LineString","coordinates":[[17.73871,54.5263],[17.73862,54.52677],[17.73878,54.52725]]}},{"type":"Feature","properties":{"numer":"123172G","klasa":"droga lokalna","kat":"powiatowa"},"geometry":{"type":"LineString","coordinates":[[17.74924,54.52652],[17.75083,54.52713]]}},{"type":"Feature","properties":{"numer":"6,E28","klasa":"droga gĹ‚Ăłwna ruchu przyĹ›pieszonego","kat":"gminna"},"geometry":{"type":"LineString","coordinates":[[17.73871,54.5263],[17.74458,54.52821]]}},{"type":"Feature","properties":{"numer":"1330G","klasa":"droga zbiorcza","kat":"powiatowa"},"geometry":{"type":"LineString","coordinates":[[17.77043,54.52732],[17.77056,54.52727]]}},{"type":"Feature","properties":{"numer":"123051G","klasa":"droga zbiorcza","kat":"powiatowa"},"geometry":{"type":"LineString","coordinates":[[17.73302,54.5279],[17.73023,54.52694]]}},{"type":"Feature","properties":{"numer":"123157G","klasa":"","kat":"powiatowa"},"geometry":{"type":"LineString","coordinates":[[17.73878,54.52725],[17.73918,54.52774]]}},{"type":"Feature","properties":{"numer":"123157G","klasa":"droga lokalna","kat":"powiatowa"},"geometry":{"type":"LineString","coordinates":[[17.73918,54.52774],[17.73928,54.52783]]}},{"type":"Feature","properties":{"numer":"123172G","klasa":"droga lokalna","kat":"powiatowa"},"geometry":{"type":"LineString","coordinates":[[17.75083,54.52713],[17.75421,54.52845],[17.75458,54.52888]]}},{"type":"Feature","properties":{"numer":"123147G","klasa":"droga zbiorcza","kat":"powiatowa"},"geometry":{"type":"LineString","coordinates":[[17.7324,54.52868],[17.73302,54.5279]]}},{"type":"Feature","properties":{"numer":"123157G","klasa":"droga lokalna","kat":"powiatowa"},"geometry":{"type":"LineString","coordinates":[[17.73928,54.52783],[17.74024,54.52875]]}},{"type":"Feature","properties":{"numer":"123051G","klasa":"droga zbiorcza","kat":"powiatowa"},"geometry":{"type":"LineString","coordinates":[[17.7358,54.52889],[17.73302,54.5279]]}},{"type":"Feature","properties":{"numer":"1330G","klasa":"droga zbiorcza","kat":"powiatowa"},"geometry":{"type":"LineString","coordinates":[[17.76356,54.52967],[17.76404,54.52961],[17.77043,54.52732]]}},{"type":"Feature","properties":{"numer":"6,E28","klasa":"droga gĹ‚Ăłwna ruchu przyĹ›pieszonego","kat":"gminna"},"geometry":{"type":"LineString","coordinates":[[17.74739,54.52916],[17.74458,54.52821]]}},{"type":"Feature","properties":{"numer":"123172G","klasa":"droga lokalna","kat":"powiatowa"},"geometry":{"type":"LineString","coordinates":[[17.75458,54.52888],[17.75466,54.52893]]}},{"type":"Feature","properties":{"numer":"123176G","klasa":"droga lokalna","kat":"powiatowa"},"geometry":{"type":"LineString","coordinates":[[17.75474,54.52897],[17.75466,54.52893]]}},{"type":"Feature","properties":{"numer":"123157G","klasa":"droga lokalna","kat":"powiatowa"},"geometry":{"type":"LineString","coordinates":[[17.74024,54.52875],[17.74056,54.52923]]}},{"type":"Feature","properties":{"numer":"123147G","klasa":"droga zbiorcza","kat":"powiatowa"},"geometry":{"type":"LineString","coordinates":[[17.7324,54.52868],[17.73226,54.52945]]}},{"type":"Feature","properties":{"numer":"123051G","klasa":"droga zbiorcza","kat":"powiatowa"},"geometry":{"type":"LineString","coordinates":[[17.73718,54.52936],[17.7358,54.52889]]}},{"type":"Feature","properties":{"numer":"123176G","klasa":"droga lokalna","kat":"powiatowa"},"geometry":{"type":"LineString","coordinates":[[17.75586,54.52928],[17.75474,54.52897]]}},{"type":"Feature","properties":{"numer":"6,E28","klasa":"droga gĹ‚Ăłwna ruchu przyĹ›pieszonego","kat":"gminna"},"geometry":{"type":"LineString","coordinates":[[17.74804,54.52938],[17.74739,54.52916]]}},{"type":"Feature","properties":{"numer":"123176G","klasa":"droga lokalna","kat":"powiatowa"},"geometry":{"type":"LineString","coordinates":[[17.75663,54.52946],[17.75586,54.52928]]}},{"type":"Feature","properties":{"numer":"123157G","klasa":"","kat":"powiatowa"},"geometry":{"type":"LineString","coordinates":[[17.74056,54.52923],[17.74074,54.52957]]}},{"type":"Feature","properties":{"numer":"6,E28","klasa":"droga gĹ‚Ăłwna ruchu przyĹ›pieszonego","kat":"gminna"},"geometry":{"type":"LineString","coordinates":[[17.74841,54.52951],[17.74804,54.52938]]}},{"type":"Feature","properties":{"numer":"","klasa":"droga gĹ‚Ăłwna","kat":"gminna"},"geometry":{"type":"LineString","coordinates":[[17.76356,54.52967],[17.76378,54.52925]]}},{"type":"Feature","properties":{"numer":"123176G","klasa":"droga lokalna","kat":"powiatowa"},"geometry":{"type":"LineString","coordinates":[[17.75733,54.52962],[17.75663,54.52946]]}},{"type":"Feature","properties":{"numer":"123147G","klasa":"droga zbiorcza","kat":"powiatowa"},"geometry":{"type":"LineString","coordinates":[[17.73226,54.52945],[17.7323,54.52971]]}},{"type":"Feature","properties":{"numer":"123157G","klasa":"droga lokalna","kat":"powiatowa"},"geometry":{"type":"LineString","coordinates":[[17.74074,54.52957],[17.74087,54.52968]]}},{"type":"Feature","properties":{"numer":"6,E28","klasa":"droga gĹ‚Ăłwna ruchu przyĹ›pieszonego","kat":"gminna"},"geometry":{"type":"LineString","coordinates":[[17.74923,54.52979],[17.74841,54.52951]]}},{"type":"Feature","properties":{"numer":"123157G","klasa":"droga lokalna","kat":"powiatowa"},"geometry":{"type":"LineString","coordinates":[[17.74087,54.52968],[17.74083,54.52979]]}},{"type":"Feature","properties":{"numer":"123176G","klasa":"droga lokalna","kat":"powiatowa"},"geometry":{"type":"LineString","coordinates":[[17.75882,54.52996],[17.75733,54.52962]]}},{"type":"Feature","properties":{"numer":"123147G","klasa":"droga zbiorcza","kat":"powiatowa"},"geometry":{"type":"LineString","coordinates":[[17.7323,54.52971],[17.73242,54.53]]}},{"type":"Feature","properties":{"numer":"123157G","klasa":"","kat":"powiatowa"},"geometry":{"type":"LineString","coordinates":[[17.74083,54.52979],[17.7409,54.53013]]}},{"type":"Feature","properties":{"numer":"123176G","klasa":"droga lokalna","kat":"powiatowa"},"geometry":{"type":"LineString","coordinates":[[17.75956,54.53013],[17.75882,54.52996]]}},{"type":"Feature","properties":{"numer":"214","klasa":"droga gĹ‚Ăłwna","kat":"wojewodzka"},"geometry":{"type":"LineString","coordinates":[[17.76186,54.53068],[17.76356,54.52967]]}},{"type":"Feature","properties":{"numer":"123157G","klasa":"droga lokalna","kat":"powiatowa"},"geometry":{"type":"LineString","coordinates":[[17.7409,54.53013],[17.74085,54.53052]]}},{"type":"Feature","properties":{"numer":"123176G","klasa":"droga lokalna","kat":"powiatowa"},"geometry":{"type":"LineString","coordinates":[[17.76132,54.53053],[17.75956,54.53013]]}},{"type":"Feature","properties":{"numer":"123142G","klasa":"droga zbiorcza","kat":"powiatowa"},"geometry":{"type":"LineString","coordinates":[[17.73305,54.53099],[17.73242,54.53]]}},{"type":"Feature","properties":{"numer":"123176G","klasa":"droga lokalna","kat":"powiatowa"},"geometry":{"type":"LineString","coordinates":[[17.76186,54.53068],[17.76132,54.53053]]}},{"type":"Feature","properties":{"numer":"6,E28","klasa":"droga gĹ‚Ăłwna ruchu przyĹ›pieszonego","kat":"gminna"},"geometry":{"type":"LineString","coordinates":[[17.75534,54.53186],[17.74923,54.52979]]}},{"type":"Feature","properties":{"numer":"123174G","klasa":"droga lokalna","kat":"powiatowa"},"geometry":{"type":"LineString","coordinates":[[17.74085,54.53052],[17.74077,54.53098],[17.74088,54.53118],[17.74115,54.53136],[17.74173,54.53153]]}},{"type":"Feature","properties":{"numer":"214","klasa":"droga gĹ‚Ăłwna","kat":"wojewodzka"},"geometry":{"type":"LineString","coordinates":[[17.75921,54.53229],[17.76186,54.53068]]}},{"type":"Feature","properties":{"numer":"123174G","klasa":"droga lokalna","kat":"powiatowa"},"geometry":{"type":"LineString","coordinates":[[17.74173,54.53153],[17.74207,54.53166]]}},{"type":"Feature","properties":{"numer":"123174G","klasa":"","kat":"powiatowa"},"geometry":{"type":"LineString","coordinates":[[17.74207,54.53166],[17.74233,54.53176]]}},{"type":"Feature","properties":{"numer":"123174G","klasa":"droga lokalna","kat":"powiatowa"},"geometry":{"type":"LineString","coordinates":[[17.74233,54.53176],[17.7425,54.53182]]}},{"type":"Feature","properties":{"numer":"123182G","klasa":"droga lokalna","kat":"powiatowa"},"geometry":{"type":"LineString","coordinates":[[17.74268,54.53184],[17.7425,54.53182]]}},{"type":"Feature","properties":{"numer":"123182G","klasa":"","kat":"powiatowa"},"geometry":{"type":"LineString","coordinates":[[17.74312,54.5319],[17.74268,54.53184]]}},{"type":"Feature","properties":{"numer":"123174G","klasa":"droga lokalna","kat":"powiatowa"},"geometry":{"type":"LineString","coordinates":[[17.7425,54.53182],[17.7425,54.53193]]}},{"type":"Feature","properties":{"numer":"123174G","klasa":"","kat":"powiatowa"},"geometry":{"type":"LineString","coordinates":[[17.7425,54.53193],[17.74252,54.53214]]}},{"type":"Feature","properties":{"numer":"123174G","klasa":"droga lokalna","kat":"powiatowa"},"geometry":{"type":"LineString","coordinates":[[17.74252,54.53214],[17.74259,54.53226]]}},{"type":"Feature","properties":{"numer":"6,E28","klasa":"droga gĹ‚Ăłwna ruchu przyĹ›pieszonego","kat":"gminna"},"geometry":{"type":"LineString","coordinates":[[17.75823,54.5327],[17.75534,54.53186]]}},{"type":"Feature","properties":{"numer":"123174G","klasa":"droga lokalna","kat":"powiatowa"},"geometry":{"type":"LineString","coordinates":[[17.74259,54.53226],[17.74275,54.53252]]}},{"type":"Feature","properties":{"numer":"123182G","klasa":"droga lokalna","kat":"powiatowa"},"geometry":{"type":"LineString","coordinates":[[17.74608,54.53294],[17.74312,54.5319]]}},{"type":"Feature","properties":{"numer":"123142G","klasa":"droga zbiorcza","kat":"powiatowa"},"geometry":{"type":"LineString","coordinates":[[17.73515,54.53386],[17.7348,54.53374],[17.73305,54.53099]]}},{"type":"Feature","properties":{"numer":"214","klasa":"droga gĹ‚Ăłwna","kat":"wojewodzka"},"geometry":{"type":"LineString","coordinates":[[17.75859,54.53264],[17.75921,54.53229]]}},{"type":"Feature","properties":{"numer":"123174G","klasa":"droga lokalna","kat":"powiatowa"},"geometry":{"type":"LineString","coordinates":[[17.74275,54.53252],[17.74281,54.53261]]}},{"type":"Feature","properties":{"numer":"214","klasa":"droga gĹ‚Ăłwna","kat":"wojewodzka"},"geometry":{"type":"LineString","coordinates":[[17.75844,54.53275],[17.75859,54.53264]]}},{"type":"Feature","properties":{"numer":"6,E28","klasa":"droga gĹ‚Ăłwna ruchu przyĹ›pieszonego","kat":"gminna"},"geometry":{"type":"LineString","coordinates":[[17.75844,54.53275],[17.75823,54.5327]]}},{"type":"Feature","properties":{"numer":"6,E28","klasa":"droga gĹ‚Ăłwna ruchu przyĹ›pieszonego","kat":"gminna"},"geometry":{"type":"LineString","coordinates":[[17.75844,54.53275],[17.75867,54.53278]]}},{"type":"Feature","properties":{"numer":"123174G","klasa":"droga lokalna","kat":"powiatowa"},"geometry":{"type":"LineString","coordinates":[[17.74281,54.53261],[17.74303,54.53295]]}},{"type":"Feature","properties":{"numer":"214","klasa":"droga gĹ‚Ăłwna","kat":"wojewodzka"},"geometry":{"type":"LineString","coordinates":[[17.75833,54.53284],[17.75844,54.53275]]}},{"type":"Feature","properties":{"numer":"6,E28","klasa":"droga gĹ‚Ăłwna ruchu przyĹ›pieszonego","kat":"gminna"},"geometry":{"type":"LineString","coordinates":[[17.75991,54.5331],[17.75867,54.53278]]}},{"type":"Feature","properties":{"numer":"123174G","klasa":"droga lokalna","kat":"powiatowa"},"geometry":{"type":"LineString","coordinates":[[17.74303,54.53295],[17.74312,54.53309]]}},{"type":"Feature","properties":{"numer":"214","klasa":"droga gĹ‚Ăłwna","kat":"wojewodzka"},"geometry":{"type":"LineString","coordinates":[[17.75768,54.53321],[17.75833,54.53284]]}},{"type":"Feature","properties":{"numer":"123174G","klasa":"droga lokalna","kat":"powiatowa"},"geometry":{"type":"LineString","coordinates":[[17.74312,54.53309],[17.74319,54.5332]]}},{"type":"Feature","properties":{"numer":"123174G","klasa":"droga lokalna","kat":"powiatowa"},"geometry":{"type":"LineString","coordinates":[[17.74319,54.5332],[17.74334,54.53345]]}},{"type":"Feature","properties":{"numer":"123182G","klasa":"droga lokalna","kat":"powiatowa"},"geometry":{"type":"LineString","coordinates":[[17.74866,54.5338],[17.74608,54.53294]]}},{"type":"Feature","properties":{"numer":"123148G","klasa":"droga zbiorcza","kat":"powiatowa"},"geometry":{"type":"LineString","coordinates":[[17.73871,54.53311],[17.73911,54.53373]]}},{"type":"Feature","properties":{"numer":"123174G","klasa":"droga lokalna","kat":"powiatowa"},"geometry":{"type":"LineString","coordinates":[[17.74334,54.53345],[17.74345,54.53361]]}},{"type":"Feature","properties":{"numer":"123142G","klasa":"droga zbiorcza","kat":"powiatowa"},"geometry":{"type":"LineString","coordinates":[[17.73597,54.53374],[17.73563,54.53381]]}},{"type":"Feature","properties":{"numer":"6,E28","klasa":"droga gĹ‚Ăłwna ruchu przyĹ›pieszonego","kat":"gminna"},"geometry":{"type":"LineString","coordinates":[[17.76383,54.53451],[17.75991,54.5331]]}},{"type":"Feature","properties":{"numer":"123142G","klasa":"droga zbiorcza","kat":"powiatowa"},"geometry":{"type":"LineString","coordinates":[[17.73563,54.53381],[17.73515,54.53386]]}},{"type":"Feature","properties":{"numer":"123182G","klasa":"","kat":"powiatowa"},"geometry":{"type":"LineString","coordinates":[[17.74897,54.53397],[17.74866,54.5338]]}},{"type":"Feature","properties":{"numer":"123174G","klasa":"droga lokalna","kat":"powiatowa"},"geometry":{"type":"LineString","coordinates":[[17.74345,54.53361],[17.74382,54.53422]]}},{"type":"Feature","properties":{"numer":"123148G","klasa":"droga zbiorcza","kat":"powiatowa"},"geometry":{"type":"LineString","coordinates":[[17.73911,54.53373],[17.73942,54.5342]]}},{"type":"Feature","properties":{"numer":"123182G","klasa":"droga lokalna","kat":"powiatowa"},"geometry":{"type":"LineString","coordinates":[[17.74908,54.53402],[17.74897,54.53397]]}},{"type":"Feature","properties":{"numer":"123182G","klasa":"droga lokalna","kat":"powiatowa"},"geometry":{"type":"LineString","coordinates":[[17.74908,54.53402],[17.74922,54.53405]]}},{"type":"Feature","properties":{"numer":"123154G","klasa":"droga zbiorcza","kat":"powiatowa"},"geometry":{"type":"LineString","coordinates":[[17.7363,54.53434],[17.73626,54.53397],[17.73597,54.53374]]}},{"type":"Feature","properties":{"numer":"123182G","klasa":"","kat":"powiatowa"},"geometry":{"type":"LineString","coordinates":[[17.74922,54.53405],[17.75067,54.53453]]}},{"type":"Feature","properties":{"numer":"214","klasa":"droga gĹ‚Ăłwna","kat":"wojewodzka"},"geometry":{"type":"LineString","coordinates":[[17.75371,54.53561],[17.75768,54.53321]]}},{"type":"Feature","properties":{"numer":"6,E28","klasa":"droga gĹ‚Ăłwna ruchu przyĹ›pieszonego","kat":"gminna"},"geometry":{"type":"LineString","coordinates":[[17.76405,54.53459],[17.76383,54.53451]]}},{"type":"Feature","properties":{"numer":"123174G","klasa":"droga lokalna","kat":"powiatowa"},"geometry":{"type":"LineString","coordinates":[[17.74382,54.53422],[17.7443,54.53495]]}},{"type":"Feature","properties":{"numer":"123148G","klasa":"droga zbiorcza","kat":"powiatowa"},"geometry":{"type":"LineString","coordinates":[[17.73942,54.5342],[17.73994,54.53501]]}},{"type":"Feature","properties":{"numer":"123154G","klasa":"droga zbiorcza","kat":"powiatowa"},"geometry":{"type":"LineString","coordinates":[[17.73629,54.53504],[17.7363,54.53434]]}},{"type":"Feature","properties":{"numer":"123182G","klasa":"droga lokalna","kat":"powiatowa"},"geometry":{"type":"LineString","coordinates":[[17.75067,54.53453],[17.75169,54.53492]]}},{"type":"Feature","properties":{"numer":"6,E28","klasa":"droga gĹ‚Ăłwna ruchu przyĹ›pieszonego","kat":"gminna"},"geometry":{"type":"LineString","coordinates":[[17.76483,54.53487],[17.76405,54.53459]]}},{"type":"Feature","properties":{"numer":"123182G","klasa":"","kat":"powiatowa"},"geometry":{"type":"LineString","coordinates":[[17.75169,54.53492],[17.75215,54.53513]]}},{"type":"Feature","properties":{"numer":"123182G","klasa":"droga lokalna","kat":"powiatowa"},"geometry":{"type":"LineString","coordinates":[[17.75215,54.53513],[17.75225,54.53519]]}},{"type":"Feature","properties":{"numer":"123174G","klasa":"droga lokalna","kat":"powiatowa"},"geometry":{"type":"LineString","coordinates":[[17.7443,54.53495],[17.74461,54.53544]]}},{"type":"Feature","properties":{"numer":"123154G","klasa":"droga zbiorcza","kat":"powiatowa"},"geometry":{"type":"LineString","coordinates":[[17.73629,54.53536],[17.73629,54.53504]]}},{"type":"Feature","properties":{"numer":"123182G","klasa":"droga lokalna","kat":"powiatowa"},"geometry":{"type":"LineString","coordinates":[[17.75239,54.53522],[17.75225,54.53519]]}},{"type":"Feature","properties":{"numer":"123182G","klasa":"","kat":"powiatowa"},"geometry":{"type":"LineString","coordinates":[[17.75298,54.53535],[17.75239,54.53522]]}},{"type":"Feature","properties":{"numer":"123154G","klasa":"droga zbiorcza","kat":"powiatowa"},"geometry":{"type":"LineString","coordinates":[[17.73629,54.53545],[17.73629,54.53536]]}},{"type":"Feature","properties":{"numer":"123182G","klasa":"droga lokalna","kat":"powiatowa"},"geometry":{"type":"LineString","coordinates":[[17.75371,54.53561],[17.75298,54.53535]]}},{"type":"Feature","properties":{"numer":"123148G","klasa":"droga zbiorcza","kat":"powiatowa"},"geometry":{"type":"LineString","coordinates":[[17.73994,54.53501],[17.74055,54.53597]]}},{"type":"Feature","properties":{"numer":"123174G","klasa":"droga lokalna","kat":"powiatowa"},"geometry":{"type":"LineString","coordinates":[[17.74461,54.53544],[17.74482,54.53577]]}},{"type":"Feature","properties":{"numer":"6","klasa":"droga gĹ‚Ăłwna ruchu przyĹ›pieszonego","kat":"krajowa"},"geometry":{"type":"LineString","coordinates":[[17.76483,54.53487],[17.76977,54.53665]]}},{"type":"Feature","properties":{"numer":"123174G","klasa":"","kat":"powiatowa"},"geometry":{"type":"LineString","coordinates":[[17.74482,54.53577],[17.74513,54.53611]]}},{"type":"Feature","properties":{"numer":"123154G","klasa":"droga zbiorcza","kat":"powiatowa"},"geometry":{"type":"LineString","coordinates":[[17.73651,54.5365],[17.73632,54.53611],[17.73629,54.53545]]}},{"type":"Feature","properties":{"numer":"123148G","klasa":"droga zbiorcza","kat":"powiatowa"},"geometry":{"type":"LineString","coordinates":[[17.74055,54.53597],[17.74076,54.5363]]}},{"type":"Feature","properties":{"numer":"123174G","klasa":"droga lokalna","kat":"powiatowa"},"geometry":{"type":"LineString","coordinates":[[17.74513,54.53611],[17.74521,54.5362]]}},{"type":"Feature","properties":{"numer":"123174G","klasa":"droga lokalna","kat":"powiatowa"},"geometry":{"type":"LineString","coordinates":[[17.74521,54.5362],[17.74522,54.53629]]}},{"type":"Feature","properties":{"numer":"123174G","klasa":"","kat":"powiatowa"},"geometry":{"type":"LineString","coordinates":[[17.74522,54.53629],[17.74532,54.53656]]}},{"type":"Feature","properties":{"numer":"123148G","klasa":"droga zbiorcza","kat":"powiatowa"},"geometry":{"type":"LineString","coordinates":[[17.74076,54.5363],[17.74115,54.53694]]}},{"type":"Feature","properties":{"numer":"123154G","klasa":"droga zbiorcza","kat":"powiatowa"},"geometry":{"type":"LineString","coordinates":[[17.73675,54.53688],[17.73651,54.5365]]}},{"type":"Feature","properties":{"numer":"123174G","klasa":"droga lokalna","kat":"powiatowa"},"geometry":{"type":"LineString","coordinates":[[17.74532,54.53656],[17.74551,54.53685]]}},{"type":"Feature","properties":{"numer":"123148G","klasa":"droga zbiorcza","kat":"powiatowa"},"geometry":{"type":"LineString","coordinates":[[17.74115,54.53694],[17.74118,54.537]]}},{"type":"Feature","properties":{"numer":"123174G","klasa":"droga lokalna","kat":"powiatowa"},"geometry":{"type":"LineString","coordinates":[[17.74551,54.53685],[17.74568,54.53712]]}},{"type":"Feature","properties":{"numer":"123180G","klasa":"droga zbiorcza","kat":"powiatowa"},"geometry":{"type":"LineString","coordinates":[[17.74363,54.53727],[17.74551,54.53685]]}},{"type":"Feature","properties":{"numer":"104060G","klasa":"droga zbiorcza","kat":"powiatowa"},"geometry":{"type":"LineString","coordinates":[[17.55853,54.74896],[17.55797,54.74874],[17.55753,54.74827],[17.55719,54.74811]]}},{"type":"Feature","properties":{"numer":"104064G","klasa":"droga zbiorcza","kat":"powiatowa"},"geometry":{"type":"LineString","coordinates":[[17.55395,54.74895],[17.55475,54.74844],[17.55547,54.74827]]}},{"type":"Feature","properties":{"numer":"104060G","klasa":"droga zbiorcza","kat":"powiatowa"},"geometry":{"type":"LineString","coordinates":[[17.56061,54.75023],[17.5595,54.74931],[17.55853,54.74896]]}},{"type":"Feature","properties":{"numer":"104057G","klasa":"droga lokalna","kat":"powiatowa"},"geometry":{"type":"LineString","coordinates":[[17.57195,54.74987],[17.56853,54.75012]]}},{"type":"Feature","properties":{"numer":"1302G","klasa":"","kat":"powiatowa"},"geometry":{"type":"LineString","coordinates":[[17.57195,54.74987],[17.57275,54.74982],[17.57316,54.74986],[17.57605,54.75058]]}},{"type":"Feature","properties":{"numer":"104057G","klasa":"droga lokalna","kat":"powiatowa"},"geometry":{"type":"LineString","coordinates":[[17.56853,54.75012],[17.56466,54.75037]]}},{"type":"Feature","properties":{"numer":"104057G","klasa":"droga lokalna","kat":"powiatowa"},"geometry":{"type":"LineString","coordinates":[[17.56466,54.75037],[17.56286,54.75052]]}},{"type":"Feature","properties":{"numer":"104060G","klasa":"droga zbiorcza","kat":"powiatowa"},"geometry":{"type":"LineString","coordinates":[[17.56156,54.75073],[17.56061,54.75023]]}},{"type":"Feature","properties":{"numer":"1302G","klasa":"","kat":"powiatowa"},"geometry":{"type":"LineString","coordinates":[[17.57605,54.75058],[17.57623,54.75063]]}},{"type":"Feature","properties":{"numer":"214","klasa":"droga gĹ‚Ăłwna","kat":"wojewodzka"},"geometry":{"type":"LineString","coordinates":[[17.55865,54.75293],[17.55865,54.75174],[17.55681,54.74843]]}},{"type":"Feature","properties":{"numer":"104060G","klasa":"droga zbiorcza","kat":"powiatowa"},"geometry":{"type":"LineString","coordinates":[[17.56169,54.75081],[17.56156,54.75073]]}},{"type":"Feature","properties":{"numer":"104060G","klasa":"droga zbiorcza","kat":"powiatowa"},"geometry":{"type":"LineString","coordinates":[[17.56183,54.75089],[17.56169,54.75081]]}},{"type":"Feature","properties":{"numer":"1302G","klasa":"","kat":"powiatowa"},"geometry":{"type":"LineString","coordinates":[[17.57623,54.75063],[17.58383,54.75254],[17.58798,54.75299],[17.58815,54.75259],[17.58784,54.75141],[17.58785,54.75065],[17.58799,54.75029],[17.58834,54.75001],[17.59102,54.7488]]}},{"type":"Feature","properties":{"numer":"104060G","klasa":"droga zbiorcza","kat":"powiatowa"},"geometry":{"type":"LineString","coordinates":[[17.56199,54.75096],[17.56183,54.75089]]}},{"type":"Feature","properties":{"numer":"104060G","klasa":"droga zbiorcza","kat":"powiatowa"},"geometry":{"type":"LineString","coordinates":[[17.56213,54.75108],[17.56199,54.75096]]}},{"type":"Feature","properties":{"numer":"104060G","klasa":"droga zbiorcza","kat":"powiatowa"},"geometry":{"type":"LineString","coordinates":[[17.56225,54.75121],[17.56213,54.75108]]}},{"type":"Feature","properties":{"numer":"104057G","klasa":"droga lokalna","kat":"powiatowa"},"geometry":{"type":"LineString","coordinates":[[17.56007,54.75211],[17.56134,54.75134]]}},{"type":"Feature","properties":{"numer":"104064G","klasa":"droga zbiorcza","kat":"powiatowa"},"geometry":{"type":"LineString","coordinates":[[17.55078,54.75458],[17.55395,54.74895]]}},{"type":"Feature","properties":{"numer":"104060G","klasa":"droga zbiorcza","kat":"powiatowa"},"geometry":{"type":"LineString","coordinates":[[17.56225,54.75121],[17.56284,54.75188],[17.56303,54.75248]]}},{"type":"Feature","properties":{"numer":"104060G","klasa":"droga zbiorcza","kat":"powiatowa"},"geometry":{"type":"LineString","coordinates":[[17.56303,54.75248],[17.56304,54.75324]]}},{"type":"Feature","properties":{"numer":"104059G","klasa":"droga lokalna","kat":"powiatowa"},"geometry":{"type":"LineString","coordinates":[[17.55851,54.75316],[17.55865,54.75293]]}},{"type":"Feature","properties":{"numer":"104060G","klasa":"droga zbiorcza","kat":"powiatowa"},"geometry":{"type":"LineString","coordinates":[[17.56304,54.75324],[17.56304,54.75376]]}},{"type":"Feature","properties":{"numer":"104059G","klasa":"droga lokalna","kat":"powiatowa"},"geometry":{"type":"LineString","coordinates":[[17.55761,54.75402],[17.55851,54.75316]]}},{"type":"Feature","properties":{"numer":"214","klasa":"droga gĹ‚Ăłwna","kat":"wojewodzka"},"geometry":{"type":"LineString","coordinates":[[17.55869,54.75416],[17.55866,54.75326],[17.55851,54.75316]]}},{"type":"Feature","properties":{"numer":"104036G","klasa":"droga lokalna","kat":"powiatowa"},"geometry":{"type":"LineString","coordinates":[[17.55869,54.75416],[17.55761,54.75402]]}},{"type":"Feature","properties":{"numer":"104060G","klasa":"droga zbiorcza","kat":"powiatowa"},"geometry":{"type":"LineString","coordinates":[[17.56304,54.75376],[17.56304,54.75443]]}},{"type":"Feature","properties":{"numer":"104059G","klasa":"droga lokalna","kat":"powiatowa"},"geometry":{"type":"LineString","coordinates":[[17.55698,54.75432],[17.55761,54.75402]]}},{"type":"Feature","properties":{"numer":"214","klasa":"droga gĹ‚Ăłwna","kat":"wojewodzka"},"geometry":{"type":"LineString","coordinates":[[17.55868,54.75437],[17.55869,54.75416]]}},{"type":"Feature","properties":{"numer":"104059G","klasa":"droga lokalna","kat":"powiatowa"},"geometry":{"type":"LineString","coordinates":[[17.55688,54.7544],[17.55698,54.75432]]}},{"type":"Feature","properties":{"numer":"104060G","klasa":"droga zbiorcza","kat":"powiatowa"},"geometry":{"type":"LineString","coordinates":[[17.56304,54.75443],[17.56296,54.75515]]}},{"type":"Feature","properties":{"numer":"104059G","klasa":"droga lokalna","kat":"powiatowa"},"geometry":{"type":"LineString","coordinates":[[17.55608,54.75566],[17.55629,54.75547],[17.55685,54.75443]]}},{"type":"Feature","properties":{"numer":"104064G","klasa":"droga zbiorcza","kat":"powiatowa"},"geometry":{"type":"LineString","coordinates":[[17.54997,54.75593],[17.55078,54.75458]]}},{"type":"Feature","properties":{"numer":"104060G","klasa":"droga zbiorcza","kat":"powiatowa"},"geometry":{"type":"LineString","coordinates":[[17.56296,54.75515],[17.56287,54.75571]]}},{"type":"Feature","properties":{"numer":"104060G","klasa":"droga zbiorcza","kat":"powiatowa"},"geometry":{"type":"LineString","coordinates":[[17.56287,54.75571],[17.56283,54.75597]]}},{"type":"Feature","properties":{"numer":"104059G","klasa":"droga lokalna","kat":"powiatowa"},"geometry":{"type":"LineString","coordinates":[[17.55548,54.75611],[17.55608,54.75566]]}},{"type":"Feature","properties":{"numer":"104059G","klasa":"droga lokalna","kat":"powiatowa"},"geometry":{"type":"LineString","coordinates":[[17.55518,54.75657],[17.55548,54.75611]]}},{"type":"Feature","properties":{"numer":"214","klasa":"droga gĹ‚Ăłwna","kat":"wojewodzka"},"geometry":{"type":"LineString","coordinates":[[17.55595,54.75871],[17.55743,54.75711],[17.55868,54.75437]]}},{"type":"Feature","properties":{"numer":"104059G","klasa":"droga lokalna","kat":"powiatowa"},"geometry":{"type":"LineString","coordinates":[[17.55492,54.75696],[17.55518,54.75657]]}},{"type":"Feature","properties":{"numer":"104064G","klasa":"droga zbiorcza","kat":"powiatowa"},"geometry":{"type":"LineString","coordinates":[[17.55011,54.75771],[17.54988,54.75642],[17.54997,54.75593]]}},{"type":"Feature","properties":{"numer":"104060G","klasa":"droga zbiorcza","kat":"powiatowa"},"geometry":{"type":"LineString","coordinates":[[17.56283,54.75597],[17.5627,54.75821]]}},{"type":"Feature","properties":{"numer":"104059G","klasa":"droga lokalna","kat":"powiatowa"},"geometry":{"type":"LineString","coordinates":[[17.55466,54.75737],[17.55492,54.75696]]}},{"type":"Feature","properties":{"numer":"104059G","klasa":"droga lokalna","kat":"powiatowa"},"geometry":{"type":"LineString","coordinates":[[17.55452,54.75759],[17.55466,54.75737]]}},{"type":"Feature","properties":{"numer":"104058G","klasa":"droga zbiorcza","kat":"powiatowa"},"geometry":{"type":"LineString","coordinates":[[17.5524,54.75754],[17.55236,54.75759]]}},{"type":"Feature","properties":{"numer":"104055G","klasa":"droga zbiorcza","kat":"powiatowa"},"geometry":{"type":"LineString","coordinates":[[17.55246,54.75761],[17.55236,54.75759]]}},{"type":"Feature","properties":{"numer":"104039G,1301G","klasa":"droga zbiorcza","kat":"powiatowa"},"geometry":{"type":"LineString","coordinates":[[17.55236,54.75759],[17.55228,54.75762]]}},{"type":"Feature","properties":{"numer":"104055G","klasa":"droga zbiorcza","kat":"powiatowa"},"geometry":{"type":"LineString","coordinates":[[17.55267,54.75764],[17.55246,54.75761]]}},{"type":"Feature","properties":{"numer":"104039G,1301G","klasa":"droga zbiorcza","kat":"powiatowa"},"geometry":{"type":"LineString","coordinates":[[17.55228,54.75762],[17.55201,54.75766]]}},{"type":"Feature","properties":{"numer":"104059G","klasa":"droga lokalna","kat":"powiatowa"},"geometry":{"type":"LineString","coordinates":[[17.55445,54.75772],[17.55452,54.75759]]}},{"type":"Feature","properties":{"numer":"104039G,1301G","klasa":"droga zbiorcza","kat":"powiatowa"},"geometry":{"type":"LineString","coordinates":[[17.55023,54.75771],[17.55201,54.75766]]}},{"type":"Feature","properties":{"numer":"104039G,1301G","klasa":"droga zbiorcza","kat":"powiatowa"},"geometry":{"type":"LineString","coordinates":[[17.55011,54.75771],[17.55023,54.75771]]}},{"type":"Feature","properties":{"numer":"104039G,1301G","klasa":"droga zbiorcza","kat":"powiatowa"},"geometry":{"type":"LineString","coordinates":[[17.549,54.75773],[17.55011,54.75771]]}},{"type":"Feature","properties":{"numer":"104055G","klasa":"droga zbiorcza","kat":"powiatowa"},"geometry":{"type":"LineString","coordinates":[[17.55425,54.75815],[17.55267,54.75764]]}},{"type":"Feature","properties":{"numer":"104059G","klasa":"droga lokalna","kat":"powiatowa"},"geometry":{"type":"LineString","coordinates":[[17.55425,54.75815],[17.55445,54.75772]]}},{"type":"Feature","properties":{"numer":"104017G","klasa":"droga lokalna","kat":"powiatowa"},"geometry":{"type":"LineString","coordinates":[[17.55023,54.75771],[17.55015,54.75856]]}},{"type":"Feature","properties":{"numer":"104055G","klasa":"droga zbiorcza","kat":"powiatowa"},"geometry":{"type":"LineString","coordinates":[[17.55595,54.75871],[17.55425,54.75815]]}},{"type":"Feature","properties":{"numer":"104017G","klasa":"droga lokalna","kat":"powiatowa"},"geometry":{"type":"LineString","coordinates":[[17.55015,54.75856],[17.55011,54.759]]}},{"type":"Feature","properties":{"numer":"104060G","klasa":"droga zbiorcza","kat":"powiatowa"},"geometry":{"type":"LineString","coordinates":[[17.5627,54.75821],[17.56259,54.75964]]}},{"type":"Feature","properties":{"numer":"104002G","klasa":"droga zbiorcza","kat":"powiatowa"},"geometry":{"type":"LineString","coordinates":[[17.55595,54.75871],[17.55848,54.75927]]}},{"type":"Feature","properties":{"numer":"104013G","klasa":"droga lokalna","kat":"powiatowa"},"geometry":{"type":"LineString","coordinates":[[17.55011,54.759],[17.55061,54.75901]]}},{"type":"Feature","properties":{"numer":"104054G","klasa":"droga zbiorcza","kat":"powiatowa"},"geometry":{"type":"LineString","coordinates":[[17.55533,54.75937],[17.55595,54.75871]]}},{"type":"Feature","properties":{"numer":"104013G","klasa":"droga lokalna","kat":"powiatowa"},"geometry":{"type":"LineString","coordinates":[[17.55061,54.75901],[17.55403,54.75908]]}},{"type":"Feature","properties":{"numer":"104059G","klasa":"droga lokalna","kat":"powiatowa"},"geometry":{"type":"LineString","coordinates":[[17.55403,54.75908],[17.55407,54.75932]]}},{"type":"Feature","properties":{"numer":"104002G","klasa":"droga zbiorcza","kat":"powiatowa"},"geometry":{"type":"LineString","coordinates":[[17.55848,54.75927],[17.56022,54.75951]]}},{"type":"Feature","properties":{"numer":"104034G","klasa":"droga lokalna","kat":"powiatowa"},"geometry":{"type":"LineString","coordinates":[[17.55516,54.75954],[17.55407,54.75932]]}},{"type":"Feature","properties":{"numer":"104054G","klasa":"droga zbiorcza","kat":"powiatowa"},"geometry":{"type":"LineString","coordinates":[[17.55516,54.75954],[17.55533,54.75937]]}},{"type":"Feature","properties":{"numer":"104002G","klasa":"droga zbiorcza","kat":"powiatowa"},"geometry":{"type":"LineString","coordinates":[[17.56022,54.75951],[17.56259,54.75964]]}},{"type":"Feature","properties":{"numer":"104054G","klasa":"droga zbiorcza","kat":"powiatowa"},"geometry":{"type":"LineString","coordinates":[[17.55482,54.7599],[17.55516,54.75954]]}},{"type":"Feature","properties":{"numer":"104060G","klasa":"droga zbiorcza","kat":"powiatowa"},"geometry":{"type":"LineString","coordinates":[[17.56259,54.75964],[17.56252,54.75987]]}},{"type":"Feature","properties":{"numer":"104054G","klasa":"droga zbiorcza","kat":"powiatowa"},"geometry":{"type":"LineString","coordinates":[[17.5547,54.76002],[17.55482,54.7599]]}},{"type":"Feature","properties":{"numer":"104054G","klasa":"droga zbiorcza","kat":"powiatowa"},"geometry":{"type":"LineString","coordinates":[[17.55459,54.76013],[17.5547,54.76002]]}},{"type":"Feature","properties":{"numer":"104054G","klasa":"droga zbiorcza","kat":"powiatowa"},"geometry":{"type":"LineString","coordinates":[[17.55355,54.76118],[17.55459,54.76013]]}},{"type":"Feature","properties":{"numer":"104054G","klasa":"droga zbiorcza","kat":"powiatowa"},"geometry":{"type":"LineString","coordinates":[[17.5534,54.76134],[17.55355,54.76118]]}},{"type":"Feature","properties":{"numer":"104027G","klasa":"droga zbiorcza","kat":"powiatowa"},"geometry":{"type":"LineString","coordinates":[[17.55355,54.76118],[17.55465,54.7615]]}},{"type":"Feature","properties":{"numer":"104027G","klasa":"droga zbiorcza","kat":"powiatowa"},"geometry":{"type":"LineString","coordinates":[[17.55465,54.7615],[17.55485,54.76155]]}},{"type":"Feature","properties":{"numer":"104027G","klasa":"droga zbiorcza","kat":"powiatowa"},"geometry":{"type":"LineString","coordinates":[[17.55485,54.76155],[17.55517,54.7616]]}},{"type":"Feature","properties":{"numer":"104054G","klasa":"droga zbiorcza","kat":"powiatowa"},"geometry":{"type":"LineString","coordinates":[[17.55262,54.7622],[17.5534,54.76134]]}},{"type":"Feature","properties":{"numer":"104054G","klasa":"droga zbiorcza","kat":"powiatowa"},"geometry":{"type":"LineString","coordinates":[[17.5516,54.7633],[17.55262,54.7622]]}},{"type":"Feature","properties":{"numer":"123036G","klasa":"droga zbiorcza","kat":"powiatowa"},"geometry":{"type":"LineString","coordinates":[[17.72817,54.53585],[17.72803,54.53543]]}},{"type":"Feature","properties":{"numer":"123036G","klasa":"droga zbiorcza","kat":"powiatowa"},"geometry":{"type":"LineString","coordinates":[[17.72817,54.53585],[17.72885,54.53815]]}},{"type":"Feature","properties":{"numer":"123161G","klasa":"droga zbiorcza","kat":"powiatowa"},"geometry":{"type":"LineString","coordinates":[[17.71768,54.53692],[17.7178,54.53683],[17.72124,54.53736]]}},{"type":"Feature","properties":{"numer":"123149G","klasa":"droga zbiorcza","kat":"powiatowa"},"geometry":{"type":"LineString","coordinates":[[17.71768,54.53692],[17.71745,54.53711],[17.71763,54.53775]]}},{"type":"Feature","properties":{"numer":"123161G","klasa":"droga zbiorcza","kat":"powiatowa"},"geometry":{"type":"LineString","coordinates":[[17.72124,54.53736],[17.72513,54.53797]]}},{"type":"Feature","properties":{"numer":"123161G","klasa":"droga zbiorcza","kat":"powiatowa"},"geometry":{"type":"LineString","coordinates":[[17.72513,54.53797],[17.7253,54.53799]]}},{"type":"Feature","properties":{"numer":"123161G","klasa":"droga zbiorcza","kat":"powiatowa"},"geometry":{"type":"LineString","coordinates":[[17.7253,54.53799],[17.72885,54.53815]]}},{"type":"Feature","properties":{"numer":"123149G","klasa":"droga zbiorcza","kat":"powiatowa"},"geometry":{"type":"LineString","coordinates":[[17.71763,54.53775],[17.71786,54.53846]]}},{"type":"Feature","properties":{"numer":"123161G","klasa":"droga zbiorcza","kat":"powiatowa"},"geometry":{"type":"LineString","coordinates":[[17.72885,54.53815],[17.72893,54.53815]]}},{"type":"Feature","properties":{"numer":"123161G","klasa":"droga zbiorcza","kat":"powiatowa"},"geometry":{"type":"LineString","coordinates":[[17.72893,54.53815],[17.72905,54.53815]]}},{"type":"Feature","properties":{"numer":"214","klasa":"droga gĹ‚Ăłwna","kat":"wojewodzka"},"geometry":{"type":"LineString","coordinates":[[17.74817,54.53895],[17.75371,54.53561]]}},{"type":"Feature","properties":{"numer":"123125G","klasa":"droga zbiorcza","kat":"powiatowa"},"geometry":{"type":"LineString","coordinates":[[17.75727,54.53693],[17.75621,54.53763]]}},{"type":"Feature","properties":{"numer":"123160G","klasa":"droga zbiorcza","kat":"powiatowa"},"geometry":{"type":"LineString","coordinates":[[17.75545,54.53737],[17.7551,54.53724]]}},{"type":"Feature","properties":{"numer":"123148G","klasa":"droga zbiorcza","kat":"powiatowa"},"geometry":{"type":"LineString","coordinates":[[17.74118,54.537],[17.74166,54.53773]]}},{"type":"Feature","properties":{"numer":"123180G","klasa":"droga zbiorcza","kat":"powiatowa"},"geometry":{"type":"LineString","coordinates":[[17.74246,54.53753],[17.74363,54.53727]]}},{"type":"Feature","properties":{"numer":"123160G","klasa":"droga zbiorcza","kat":"powiatowa"},"geometry":{"type":"LineString","coordinates":[[17.75621,54.53763],[17.75545,54.53737]]}},{"type":"Feature","properties":{"numer":"123174G","klasa":"droga lokalna","kat":"powiatowa"},"geometry":{"type":"LineString","coordinates":[[17.74568,54.53712],[17.74619,54.53792]]}},{"type":"Feature","properties":{"numer":"123180G","klasa":"droga zbiorcza","kat":"powiatowa"},"geometry":{"type":"LineString","coordinates":[[17.74166,54.53773],[17.74246,54.53753]]}},{"type":"Feature","properties":{"numer":"123154G","klasa":"droga zbiorcza","kat":"powiatowa"},"geometry":{"type":"LineString","coordinates":[[17.73757,54.5384],[17.73732,54.53778],[17.73675,54.53688]]}},{"type":"Feature","properties":{"numer":"123125G","klasa":"droga zbiorcza","kat":"powiatowa"},"geometry":{"type":"LineString","coordinates":[[17.75621,54.53763],[17.7559,54.5378]]}},{"type":"Feature","properties":{"numer":"123125G","klasa":"droga zbiorcza","kat":"powiatowa"},"geometry":{"type":"LineString","coordinates":[[17.7559,54.5378],[17.75561,54.53797]]}},{"type":"Feature","properties":{"numer":"123161G","klasa":"droga zbiorcza","kat":"powiatowa"},"geometry":{"type":"LineString","coordinates":[[17.73446,54.53804],[17.73357,54.53793],[17.73208,54.53799]]}},{"type":"Feature","properties":{"numer":"123151G","klasa":"droga zbiorcza","kat":"powiatowa"},"geometry":{"type":"LineString","coordinates":[[17.74086,54.53795],[17.74022,54.5381]]}},{"type":"Feature","properties":{"numer":"123125G","klasa":"droga zbiorcza","kat":"powiatowa"},"geometry":{"type":"LineString","coordinates":[[17.75561,54.53797],[17.75534,54.53813]]}},{"type":"Feature","properties":{"numer":"123161G","klasa":"droga zbiorcza","kat":"powiatowa"},"geometry":{"type":"LineString","coordinates":[[17.73208,54.53799],[17.72916,54.53815]]}},{"type":"Feature","properties":{"numer":"123151G","klasa":"droga zbiorcza","kat":"powiatowa"},"geometry":{"type":"LineString","coordinates":[[17.74022,54.5381],[17.73995,54.53816]]}},{"type":"Feature","properties":{"numer":"123161G","klasa":"droga zbiorcza","kat":"powiatowa"},"geometry":{"type":"LineString","coordinates":[[17.73515,54.5383],[17.73446,54.53804]]}},{"type":"Feature","properties":{"numer":"123160G","klasa":"droga zbiorcza","kat":"powiatowa"},"geometry":{"type":"LineString","coordinates":[[17.75954,54.53879],[17.75621,54.53763]]}},{"type":"Feature","properties":{"numer":"6,E28","klasa":"droga gĹ‚Ăłwna ruchu przyĹ›pieszonego","kat":"gminna"},"geometry":{"type":"LineString","coordinates":[[17.77916,54.53977],[17.77596,54.53863],[17.77333,54.53793],[17.76977,54.53665]]}},{"type":"Feature","properties":{"numer":"123125G","klasa":"droga zbiorcza","kat":"powiatowa"},"geometry":{"type":"LineString","coordinates":[[17.75534,54.53813],[17.75507,54.53829]]}},{"type":"Feature","properties":{"numer":"123151G","klasa":"droga zbiorcza","kat":"powiatowa"},"geometry":{"type":"LineString","coordinates":[[17.73995,54.53816],[17.73939,54.53828]]}},{"type":"Feature","properties":{"numer":"123151G","klasa":"droga zbiorcza","kat":"powiatowa"},"geometry":{"type":"LineString","coordinates":[[17.73939,54.53828],[17.73757,54.5384]]}},{"type":"Feature","properties":{"numer":"123140G","klasa":"droga zbiorcza","kat":"powiatowa"},"geometry":{"type":"LineString","coordinates":[[17.74166,54.53773],[17.742,54.53817],[17.74416,54.53895]]}},{"type":"Feature","properties":{"numer":"123125G","klasa":"droga zbiorcza","kat":"powiatowa"},"geometry":{"type":"LineString","coordinates":[[17.75507,54.53829],[17.75484,54.53843]]}},{"type":"Feature","properties":{"numer":"123174G","klasa":"droga lokalna","kat":"powiatowa"},"geometry":{"type":"LineString","coordinates":[[17.74619,54.53792],[17.74676,54.53882]]}},{"type":"Feature","properties":{"numer":"123161G","klasa":"droga zbiorcza","kat":"powiatowa"},"geometry":{"type":"LineString","coordinates":[[17.73607,54.53848],[17.73572,54.53848],[17.73515,54.5383]]}},{"type":"Feature","properties":{"numer":"123151G","klasa":"droga zbiorcza","kat":"powiatowa"},"geometry":{"type":"LineString","coordinates":[[17.73757,54.5384],[17.7371,54.53842]]}},{"type":"Feature","properties":{"numer":"123151G","klasa":"droga zbiorcza","kat":"powiatowa"},"geometry":{"type":"LineString","coordinates":[[17.7371,54.53842],[17.73607,54.53848]]}},{"type":"Feature","properties":{"numer":"123125G","klasa":"droga zbiorcza","kat":"powiatowa"},"geometry":{"type":"LineString","coordinates":[[17.75484,54.53843],[17.75477,54.53848]]}},{"type":"Feature","properties":{"numer":"123125G","klasa":"droga zbiorcza","kat":"powiatowa"},"geometry":{"type":"LineString","coordinates":[[17.75477,54.53848],[17.75381,54.53906]]}},{"type":"Feature","properties":{"numer":"123160G","klasa":"droga zbiorcza","kat":"powiatowa"},"geometry":{"type":"LineString","coordinates":[[17.76007,54.53897],[17.75954,54.53879]]}},{"type":"Feature","properties":{"numer":"123160G","klasa":"droga zbiorcza","kat":"powiatowa"},"geometry":{"type":"LineString","coordinates":[[17.76051,54.53912],[17.76007,54.53897]]}},{"type":"Feature","properties":{"numer":"214","klasa":"droga gĹ‚Ăłwna","kat":"wojewodzka"},"geometry":{"type":"LineString","coordinates":[[17.74763,54.53932],[17.74817,54.53895]]}},{"type":"Feature","properties":{"numer":"123160G","klasa":"droga zbiorcza","kat":"powiatowa"},"geometry":{"type":"LineString","coordinates":[[17.76063,54.53916],[17.76051,54.53912]]}},{"type":"Feature","properties":{"numer":"123160G","klasa":"droga zbiorcza","kat":"powiatowa"},"geometry":{"type":"LineString","coordinates":[[17.76106,54.53933],[17.76063,54.53916]]}},{"type":"Feature","properties":{"numer":"1342G","klasa":"droga zbiorcza","kat":"powiatowa"},"geometry":{"type":"LineString","coordinates":[[17.74198,54.53955],[17.74416,54.53895]]}},{"type":"Feature","properties":{"numer":"123125G","klasa":"droga zbiorcza","kat":"powiatowa"},"geometry":{"type":"LineString","coordinates":[[17.75381,54.53906],[17.75283,54.53962]]}},{"type":"Feature","properties":{"numer":"214","klasa":"droga gĹ‚Ăłwna","kat":"wojewodzka"},"geometry":{"type":"LineString","coordinates":[[17.74764,54.53952],[17.74747,54.53942],[17.74763,54.53932]]}},{"type":"Feature","properties":{"numer":"123140G","klasa":"droga zbiorcza","kat":"powiatowa"},"geometry":{"type":"LineString","coordinates":[[17.74416,54.53895],[17.74552,54.53943],[17.74657,54.54009],[17.74691,54.54019]]}},{"type":"Feature","properties":{"numer":"123125G","klasa":"droga zbiorcza","kat":"powiatowa"},"geometry":{"type":"LineString","coordinates":[[17.75283,54.53962],[17.75226,54.53986]]}},{"type":"Feature","properties":{"numer":"123161G","klasa":"droga zbiorcza","kat":"powiatowa"},"geometry":{"type":"LineString","coordinates":[[17.72905,54.53815],[17.72916,54.53815]]}},{"type":"Feature","properties":{"numer":"123036G","klasa":"droga zbiorcza","kat":"powiatowa"},"geometry":{"type":"LineString","coordinates":[[17.72862,54.53872],[17.72916,54.53815]]}},{"type":"Feature","properties":{"numer":"123149G","klasa":"droga zbiorcza","kat":"powiatowa"},"geometry":{"type":"LineString","coordinates":[[17.71786,54.53846],[17.71809,54.5393]]}},{"type":"Feature","properties":{"numer":"123036G","klasa":"droga zbiorcza","kat":"powiatowa"},"geometry":{"type":"LineString","coordinates":[[17.72787,54.53953],[17.72862,54.53872]]}},{"type":"Feature","properties":{"numer":"123149G","klasa":"droga zbiorcza","kat":"powiatowa"},"geometry":{"type":"LineString","coordinates":[[17.71809,54.5393],[17.71834,54.54012]]}},{"type":"Feature","properties":{"numer":"123036G","klasa":"droga zbiorcza","kat":"powiatowa"},"geometry":{"type":"LineString","coordinates":[[17.72738,54.54004],[17.72787,54.53953]]}},{"type":"Feature","properties":{"numer":"123149G","klasa":"droga zbiorcza","kat":"powiatowa"},"geometry":{"type":"LineString","coordinates":[[17.71834,54.54012],[17.7186,54.54094]]}},{"type":"Feature","properties":{"numer":"123036G","klasa":"droga zbiorcza","kat":"powiatowa"},"geometry":{"type":"LineString","coordinates":[[17.72644,54.54107],[17.72738,54.54004]]}},{"type":"Feature","properties":{"numer":"123036G","klasa":"droga zbiorcza","kat":"powiatowa"},"geometry":{"type":"LineString","coordinates":[[17.72637,54.54114],[17.72644,54.54107]]}},{"type":"Feature","properties":{"numer":"123004G","klasa":"droga zbiorcza","kat":"powiatowa"},"geometry":{"type":"LineString","coordinates":[[17.72637,54.54114],[17.72626,54.54109]]}},{"type":"Feature","properties":{"numer":"214","klasa":"droga gĹ‚Ăłwna","kat":"wojewodzka"},"geometry":{"type":"LineString","coordinates":[[17.74839,54.54003],[17.74764,54.53952]]}},{"type":"Feature","properties":{"numer":"6,E28","klasa":"droga gĹ‚Ăłwna ruchu przyĹ›pieszonego","kat":"gminna"},"geometry":{"type":"LineString","coordinates":[[17.77916,54.53977],[17.77932,54.53983]]}},{"type":"Feature","properties":{"numer":"123125G","klasa":"droga zbiorcza","kat":"powiatowa"},"geometry":{"type":"LineString","coordinates":[[17.75226,54.53986],[17.75145,54.54019]]}},{"type":"Feature","properties":{"numer":"123173G","klasa":"droga lokalna","kat":"powiatowa"},"geometry":{"type":"LineString","coordinates":[[17.74691,54.54019],[17.74697,54.54013]]}},{"type":"Feature","properties":{"numer":"123125G","klasa":"droga zbiorcza","kat":"powiatowa"},"geometry":{"type":"LineString","coordinates":[[17.75145,54.54019],[17.75137,54.54023]]}},{"type":"Feature","properties":{"numer":"214","klasa":"droga gĹ‚Ăłwna","kat":"wojewodzka"},"geometry":{"type":"LineString","coordinates":[[17.74913,54.54055],[17.74839,54.54003]]}},{"type":"Feature","properties":{"numer":"123173G","klasa":"droga lokalna","kat":"powiatowa"},"geometry":{"type":"LineString","coordinates":[[17.74605,54.54091],[17.74691,54.54019]]}},{"type":"Feature","properties":{"numer":"123125G","klasa":"droga zbiorcza","kat":"powiatowa"},"geometry":{"type":"LineString","coordinates":[[17.75137,54.54023],[17.74977,54.54097]]}},{"type":"Feature","properties":{"numer":"214","klasa":"droga gĹ‚Ăłwna","kat":"wojewodzka"},"geometry":{"type":"LineString","coordinates":[[17.75027,54.54129],[17.74913,54.54055]]}},{"type":"Feature","properties":{"numer":"123173G","klasa":"droga lokalna","kat":"powiatowa"},"geometry":{"type":"LineString","coordinates":[[17.74585,54.54108],[17.74605,54.54091]]}},{"type":"Feature","properties":{"numer":"123145G","klasa":"droga zbiorcza","kat":"powiatowa"},"geometry":{"type":"LineString","coordinates":[[17.72637,54.54114],[17.72623,54.54115]]}},{"type":"Feature","properties":{"numer":"123149G","klasa":"droga zbiorcza","kat":"powiatowa"},"geometry":{"type":"LineString","coordinates":[[17.7186,54.54094],[17.71874,54.54138]]}},{"type":"Feature","properties":{"numer":"123146G","klasa":"droga zbiorcza","kat":"powiatowa"},"geometry":{"type":"LineString","coordinates":[[17.7265,54.54118],[17.72637,54.54114]]}},{"type":"Feature","properties":{"numer":"123146G","klasa":"droga zbiorcza","kat":"powiatowa"},"geometry":{"type":"LineString","coordinates":[[17.72629,54.54121],[17.72637,54.54114]]}},{"type":"Feature","properties":{"numer":"123146G","klasa":"droga zbiorcza","kat":"powiatowa"},"geometry":{"type":"LineString","coordinates":[[17.7265,54.54118],[17.72677,54.54128]]}},{"type":"Feature","properties":{"numer":"123146G","klasa":"droga zbiorcza","kat":"powiatowa"},"geometry":{"type":"LineString","coordinates":[[17.72677,54.54128],[17.72821,54.54128]]}},{"type":"Feature","properties":{"numer":"123145G","klasa":"droga zbiorcza","kat":"powiatowa"},"geometry":{"type":"LineString","coordinates":[[17.72246,54.54153],[17.72623,54.54115]]}},{"type":"Feature","properties":{"numer":"123146G","klasa":"droga zbiorcza","kat":"powiatowa"},"geometry":{"type":"LineString","coordinates":[[17.72821,54.54128],[17.73155,54.54144]]}},{"type":"Feature","properties":{"numer":"123149G","klasa":"droga zbiorcza","kat":"powiatowa"},"geometry":{"type":"LineString","coordinates":[[17.71874,54.54138],[17.71891,54.54189]]}},{"type":"Feature","properties":{"numer":"123146G","klasa":"droga zbiorcza","kat":"powiatowa"},"geometry":{"type":"LineString","coordinates":[[17.72629,54.54121],[17.72569,54.5414],[17.72451,54.54193],[17.72295,54.54215]]}},{"type":"Feature","properties":{"numer":"123173G","klasa":"droga lokalna","kat":"powiatowa"},"geometry":{"type":"LineString","coordinates":[[17.74556,54.54132],[17.74585,54.54108]]}},{"type":"Feature","properties":{"numer":"123146G","klasa":"droga zbiorcza","kat":"powiatowa"},"geometry":{"type":"LineString","coordinates":[[17.73438,54.54147],[17.7352,54.54127]]}},{"type":"Feature","properties":{"numer":"123173G","klasa":"droga lokalna","kat":"powiatowa"},"geometry":{"type":"LineString","coordinates":[[17.74533,54.54151],[17.74556,54.54132]]}},{"type":"Feature","properties":{"numer":"123146G","klasa":"droga zbiorcza","kat":"powiatowa"},"geometry":{"type":"LineString","coordinates":[[17.73155,54.54144],[17.73342,54.54152]]}},{"type":"Feature","properties":{"numer":"123146G","klasa":"droga zbiorcza","kat":"powiatowa"},"geometry":{"type":"LineString","coordinates":[[17.7342,54.54151],[17.73438,54.54147]]}},{"type":"Feature","properties":{"numer":"123146G","klasa":"droga zbiorcza","kat":"powiatowa"},"geometry":{"type":"LineString","coordinates":[[17.73342,54.54152],[17.7342,54.54151]]}},{"type":"Feature","properties":{"numer":"123173G","klasa":"droga lokalna","kat":"powiatowa"},"geometry":{"type":"LineString","coordinates":[[17.74501,54.54178],[17.74533,54.54151]]}},{"type":"Feature","properties":{"numer":"123173G","klasa":"droga lokalna","kat":"powiatowa"},"geometry":{"type":"LineString","coordinates":[[17.74468,54.54205],[17.74501,54.54178]]}},{"type":"Feature","properties":{"numer":"214","klasa":"droga gĹ‚Ăłwna","kat":"wojewodzka"},"geometry":{"type":"LineString","coordinates":[[17.754,54.54281],[17.75027,54.54129]]}},{"type":"Feature","properties":{"numer":"123173G","klasa":"droga lokalna","kat":"powiatowa"},"geometry":{"type":"LineString","coordinates":[[17.74408,54.54255],[17.74468,54.54205]]}},{"type":"Feature","properties":{"numer":"123173G","klasa":"droga lokalna","kat":"powiatowa"},"geometry":{"type":"LineString","coordinates":[[17.74404,54.54263],[17.74408,54.54255]]}},{"type":"Feature","properties":{"numer":"123173G","klasa":"droga lokalna","kat":"powiatowa"},"geometry":{"type":"LineString","coordinates":[[17.74394,54.54284],[17.74404,54.54263]]}},{"type":"Feature","properties":{"numer":"6,E28","klasa":"droga gĹ‚Ăłwna ruchu przyĹ›pieszonego","kat":"gminna"},"geometry":{"type":"LineString","coordinates":[[17.77932,54.53983],[17.78235,54.54096],[17.78459,54.54213],[17.78595,54.54315],[17.78882,54.54579]]}},{"type":"Feature","properties":{"numer":"123173G","klasa":"droga lokalna","kat":"powiatowa"},"geometry":{"type":"LineString","coordinates":[[17.74392,54.5429],[17.74394,54.54284]]}},{"type":"Feature","properties":{"numer":"214","klasa":"droga gĹ‚Ăłwna","kat":"wojewodzka"},"geometry":{"type":"LineString","coordinates":[[17.754,54.54281],[17.75468,54.54332]]}},{"type":"Feature","properties":{"numer":"123173G","klasa":"droga lokalna","kat":"powiatowa"},"geometry":{"type":"LineString","coordinates":[[17.74411,54.54334],[17.74392,54.54309],[17.74392,54.5429]]}},{"type":"Feature","properties":{"numer":"1329G","klasa":"","kat":"powiatowa"},"geometry":{"type":"LineString","coordinates":[[17.81213,54.54209],[17.79725,54.54443]]}},{"type":"Feature","properties":{"numer":"214","klasa":"droga gĹ‚Ăłwna","kat":"wojewodzka"},"geometry":{"type":"LineString","coordinates":[[17.75468,54.54332],[17.75482,54.54348]]}},{"type":"Feature","properties":{"numer":"123173G","klasa":"droga lokalna","kat":"powiatowa"},"geometry":{"type":"LineString","coordinates":[[17.74448,54.54351],[17.74411,54.54334]]}},{"type":"Feature","properties":{"numer":"123173G","klasa":"droga lokalna","kat":"powiatowa"},"geometry":{"type":"LineString","coordinates":[[17.7456,54.54394],[17.74448,54.54351]]}},{"type":"Feature","properties":{"numer":"1185G","klasa":"","kat":"powiatowa"},"geometry":{"type":"LineString","coordinates":[[17.547239299438367,54.49872107005616],[17.54725,54.49872]]}},{"type":"Feature","properties":{"numer":"6,E28","klasa":"droga gĹ‚Ăłwna ruchu przyĹ›pieszonego","kat":"gminna"},"geometry":{"type":"LineString","coordinates":[[17.6299,54.4997],[17.62772,54.50046]]}},{"type":"Feature","properties":{"numer":"6,E28","klasa":"droga gĹ‚Ăłwna ruchu przyĹ›pieszonego","kat":"gminna"},"geometry":{"type":"LineString","coordinates":[[17.62772,54.50046],[17.6276,54.5005]]}},{"type":"Feature","properties":{"numer":"6,E28","klasa":"droga gĹ‚Ăłwna ruchu przyĹ›pieszonego","kat":"gminna"},"geometry":{"type":"LineString","coordinates":[[17.6276,54.5005],[17.62695,54.50068],[17.626,54.50079],[17.62542,54.50074],[17.62459,54.50054]]}},{"type":"Feature","properties":{"numer":"1310G","klasa":"","kat":"powiatowa"},"geometry":{"type":"LineString","coordinates":[[17.63391,54.49913],[17.63393,54.49933],[17.63557,54.50221],[17.63576,54.50244],[17.63658,54.50302],[17.63659,54.50315]]}},{"type":"Feature","properties":{"numer":"1310G","klasa":"","kat":"powiatowa"},"geometry":{"type":"LineString","coordinates":[[17.63659,54.50315],[17.63651,54.5034]]}},{"type":"Feature","properties":{"numer":"1187G","klasa":"","kat":"powiatowa"},"geometry":{"type":"LineString","coordinates":[[17.564575477568965,54.509671572494504],[17.56605,54.50922],[17.56778,54.50826],[17.5725,54.50643],[17.57559,54.50559],[17.58019,54.50398],[17.58264,54.5035],[17.58471,54.50255],[17.58753,54.50198],[17.58878,54.50188],[17.59225,54.50184],[17.60274,54.50243],[17.62115,54.50148],[17.62311,54.50122],[17.62459,54.50054]]}},{"type":"Feature","properties":{"numer":"6,E28","klasa":"droga gĹ‚Ăłwna ruchu przyĹ›pieszonego","kat":"gminna"},"geometry":{"type":"LineString","coordinates":[[17.67423,54.51382],[17.67083,54.51174],[17.66834,54.50956],[17.66753,54.50909],[17.65563,54.50591],[17.65372,54.50533],[17.64071,54.50032],[17.63912,54.49998],[17.63391,54.49913]]}},{"type":"Feature","properties":{"numer":"1310G","klasa":"","kat":"powiatowa"},"geometry":{"type":"LineString","coordinates":[[17.63651,54.5034],[17.63582,54.50456],[17.63564,54.50573],[17.63598,54.50677],[17.63577,54.50972],[17.63608,54.51042],[17.63751,54.51257],[17.63799,54.51396],[17.63851,54.51488],[17.63903,54.51664],[17.639,54.51684],[17.63858,54.51766],[17.63814,54.51792],[17.63585,54.52115],[17.63428,54.52278],[17.63207,54.52557],[17.63144,54.52706]]}},{"type":"Feature","properties":{"numer":"1310G","klasa":"","kat":"powiatowa"},"geometry":{"type":"LineString","coordinates":[[17.63144,54.52706],[17.63136,54.52729]]}},{"type":"Feature","properties":{"numer":"1310G","klasa":"","kat":"powiatowa"},"geometry":{"type":"LineString","coordinates":[[17.63136,54.52729],[17.63053,54.52925]]}},{"type":"Feature","properties":{"numer":"1183G","klasa":"droga zbiorcza","kat":"powiatowa"},"geometry":{"type":"LineString","coordinates":[[17.5623,54.55454],[17.59514,54.5495]]}},{"type":"Feature","properties":{"numer":"1183G","klasa":"droga zbiorcza","kat":"powiatowa"},"geometry":{"type":"LineString","coordinates":[[17.56188,54.5546],[17.5623,54.55454]]}},{"type":"Feature","properties":{"numer":"1310G","klasa":"","kat":"powiatowa"},"geometry":{"type":"LineString","coordinates":[[17.63053,54.52925],[17.63049,54.52935]]}},{"type":"Feature","properties":{"numer":"1310G","klasa":"","kat":"powiatowa"},"geometry":{"type":"LineString","coordinates":[[17.63049,54.52935],[17.63034,54.52974],[17.62973,54.52964],[17.62729,54.52891],[17.6257,54.52855],[17.62409,54.52841],[17.62252,54.52854],[17.62187,54.52868],[17.61903,54.52957],[17.61914,54.53084]]}},{"type":"Feature","properties":{"numer":"1310G","klasa":"","kat":"powiatowa"},"geometry":{"type":"LineString","coordinates":[[17.61914,54.53084],[17.61732,54.53108],[17.61688,54.53118],[17.61671,54.53129],[17.61558,54.5337],[17.61542,54.53461],[17.61836,54.5401],[17.61919,54.5419],[17.62369,54.55003],[17.62486,54.55108],[17.62474,54.55156],[17.62352,54.55377]]}},{"type":"Feature","properties":{"numer":"1311G","klasa":"droga zbiorcza","kat":"powiatowa"},"geometry":{"type":"LineString","coordinates":[[17.61914,54.53084],[17.61938,54.5321],[17.61971,54.5327],[17.6204,54.53329],[17.62146,54.53371],[17.63543,54.53715],[17.64638,54.5402],[17.64676,54.54039],[17.64662,54.54173],[17.64249,54.54999],[17.6391,54.55707],[17.63898,54.55743],[17.63904,54.55783]]}},{"type":"Feature","properties":{"numer":"1183G","klasa":"droga zbiorcza","kat":"powiatowa"},"geometry":{"type":"LineString","coordinates":[[17.60328,54.54898],[17.60337,54.54899]]}},{"type":"Feature","properties":{"numer":"1183G","klasa":"droga zbiorcza","kat":"powiatowa"},"geometry":{"type":"LineString","coordinates":[[17.59526,54.54948],[17.59705,54.54921],[17.60016,54.54891],[17.60328,54.54898]]}},{"type":"Feature","properties":{"numer":"1183G","klasa":"droga zbiorcza","kat":"powiatowa"},"geometry":{"type":"LineString","coordinates":[[17.59514,54.5495],[17.59526,54.54948]]}},{"type":"Feature","properties":{"numer":"1183G","klasa":"droga zbiorcza","kat":"powiatowa"},"geometry":{"type":"LineString","coordinates":[[17.60337,54.54899],[17.60477,54.54908],[17.61009,54.54983],[17.61464,54.55031],[17.61888,54.55193],[17.62171,54.55326],[17.62352,54.55377]]}},{"type":"Feature","properties":{"numer":"1183G","klasa":"droga zbiorcza","kat":"powiatowa"},"geometry":{"type":"LineString","coordinates":[[17.62352,54.55377],[17.62793,54.55491],[17.6314,54.5552],[17.63207,54.55532],[17.6359,54.5576],[17.63629,54.55775],[17.63741,54.55793],[17.63904,54.55783]]}},{"type":"Feature","properties":{"numer":"1311G","klasa":"droga zbiorcza","kat":"powiatowa"},"geometry":{"type":"LineString","coordinates":[[17.63904,54.55783],[17.63927,54.55893],[17.63905,54.56056],[17.63487,54.56671],[17.6355,54.57949],[17.6356,54.58013],[17.63577,54.58045],[17.64175,54.58932],[17.64313,54.59609],[17.64347,54.60276]]}},{"type":"Feature","properties":{"numer":"123145G","klasa":"droga zbiorcza","kat":"powiatowa"},"geometry":{"type":"LineString","coordinates":[[17.72246,54.54153],[17.71891,54.54189]]}},{"type":"Feature","properties":{"numer":"123146G","klasa":"droga zbiorcza","kat":"powiatowa"},"geometry":{"type":"LineString","coordinates":[[17.72295,54.54215],[17.72025,54.54234],[17.716,54.54338],[17.71475,54.54333]]}},{"type":"Feature","properties":{"numer":"123146G","klasa":"droga zbiorcza","kat":"powiatowa"},"geometry":{"type":"LineString","coordinates":[[17.71475,54.54333],[17.71389,54.5433],[17.71251,54.54348]]}},{"type":"Feature","properties":{"numer":"214","klasa":"droga gĹ‚Ăłwna","kat":"wojewodzka"},"geometry":{"type":"LineString","coordinates":[[17.72756,54.55785],[17.72763,54.55779]]}},{"type":"Feature","properties":{"numer":"214","klasa":"droga gĹ‚Ăłwna","kat":"wojewodzka"},"geometry":{"type":"LineString","coordinates":[[17.72749,54.55812],[17.72756,54.55785]]}},{"type":"Feature","properties":{"numer":"1183G","klasa":"droga zbiorcza","kat":"powiatowa"},"geometry":{"type":"LineString","coordinates":[[17.63904,54.55783],[17.67094,54.55574],[17.684,54.55612],[17.68486,54.5562],[17.68543,54.55634],[17.69811,54.5607],[17.70042,54.56096],[17.71007,54.5604],[17.71326,54.55981],[17.71583,54.55911],[17.71715,54.55891],[17.71865,54.55907],[17.72115,54.55961],[17.72169,54.55959],[17.7241,54.5593],[17.72663,54.55815],[17.72695,54.55807],[17.72749,54.55812]]}},{"type":"Feature","properties":{"numer":"214","klasa":"droga gĹ‚Ăłwna","kat":"wojewodzka"},"geometry":{"type":"LineString","coordinates":[[17.70647,54.59184],[17.71355,54.58626],[17.71829,54.58151],[17.72441,54.57458],[17.72527,54.57407],[17.73404,54.56961],[17.73456,54.5692],[17.73483,54.56876],[17.7353,54.56711],[17.73532,54.56669],[17.73498,54.5657],[17.73511,54.56486],[17.73503,54.564],[17.73448,54.56267]]}},{"type":"Feature","properties":{"numer":"1309G","klasa":"droga zbiorcza","kat":"powiatowa"},"geometry":{"type":"LineString","coordinates":[[17.70647,54.59184],[17.72042,54.59567]]}},{"type":"Feature","properties":{"numer":"1315G","klasa":"","kat":"powiatowa"},"geometry":{"type":"LineString","coordinates":[[17.72042,54.59567],[17.72083,54.59584]]}},{"type":"Feature","properties":{"numer":"1315G","klasa":"","kat":"powiatowa"},"geometry":{"type":"LineString","coordinates":[[17.72083,54.59584],[17.72197,54.59606],[17.72258,54.5961],[17.7257,54.59627],[17.72691,54.59624]]}},{"type":"Feature","properties":{"numer":"1183G","klasa":"droga zbiorcza","kat":"powiatowa"},"geometry":{"type":"LineString","coordinates":[[17.55051,54.55683],[17.55869,54.55511],[17.56188,54.5546]]}},{"type":"Feature","properties":{"numer":"1183G","klasa":"droga zbiorcza","kat":"powiatowa"},"geometry":{"type":"LineString","coordinates":[[17.55051,54.55683],[17.550429623149395,54.55685009421265]]}},{"type":"Feature","properties":{"numer":"1309G","klasa":"droga zbiorcza","kat":"powiatowa"},"geometry":{"type":"LineString","coordinates":[[17.64347,54.60276],[17.64556,54.60197],[17.65144,54.59926],[17.66042,54.59449],[17.66134,54.59408],[17.67798,54.5929],[17.68255,54.59198],[17.6843,54.59075],[17.68482,54.59056],[17.68549,54.59047],[17.70206,54.59071],[17.70241,54.59075],[17.70647,54.59184]]}},{"type":"Feature","properties":{"numer":"1315G","klasa":"","kat":"powiatowa"},"geometry":{"type":"LineString","coordinates":[[17.72691,54.59624],[17.72738,54.59631],[17.72754,54.59642],[17.72757,54.59738],[17.72794,54.59786],[17.73021,54.59902],[17.73177,54.60007],[17.73237,54.60032]]}},{"type":"Feature","properties":{"numer":"1309G","klasa":"droga zbiorcza","kat":"powiatowa"},"geometry":{"type":"LineString","coordinates":[[17.72083,54.59584],[17.72088,54.59635],[17.72021,54.59938],[17.71916,54.60314],[17.71899,54.60585],[17.71903,54.60754],[17.7192,54.60852],[17.72,54.60973],[17.72104,54.61688],[17.72143,54.61795],[17.72251,54.62022]]}},{"type":"Feature","properties":{"numer":"214","klasa":"droga gĹ‚Ăłwna","kat":"wojewodzka"},"geometry":{"type":"LineString","coordinates":[[17.70647,54.59184],[17.70134,54.59586],[17.6971,54.59938],[17.69631,54.60015],[17.69503,54.60239],[17.69082,54.61105],[17.69024,54.61187],[17.67556,54.62457]]}},{"type":"Feature","properties":{"numer":"1311G","klasa":"droga zbiorcza","kat":"powiatowa"},"geometry":{"type":"LineString","coordinates":[[17.65424,54.62935],[17.67479,54.62462],[17.67556,54.62457]]}},{"type":"Feature","properties":{"numer":"1309G","klasa":"droga zbiorcza","kat":"powiatowa"},"geometry":{"type":"LineString","coordinates":[[17.72251,54.62022],[17.7237,54.62406],[17.72373,54.62469],[17.72336,54.62547],[17.7209,54.62875],[17.72065,54.62931],[17.72111,54.63444],[17.72105,54.63491],[17.71818,54.63984],[17.71789,54.64014],[17.71689,54.64076],[17.7166,54.64106],[17.71777,54.64354],[17.71786,54.6442]]}},{"type":"Feature","properties":{"numer":"214","klasa":"droga gĹ‚Ăłwna","kat":"wojewodzka"},"geometry":{"type":"LineString","coordinates":[[17.67556,54.62457],[17.664,54.6346],[17.66336,54.63548],[17.66168,54.63931],[17.66113,54.6401]]}},{"type":"Feature","properties":{"numer":"1312G","klasa":"droga zbiorcza","kat":"powiatowa"},"geometry":{"type":"LineString","coordinates":[[17.71786,54.6442],[17.69796,54.64721],[17.69566,54.64703],[17.69332,54.64618],[17.69131,54.64564],[17.69056,54.6456],[17.69004,54.64575],[17.68821,54.64657],[17.68515,54.64729],[17.68294,54.64494],[17.68289,54.64478],[17.68312,54.64442],[17.68292,54.64419],[17.6825,54.64421],[17.68155,54.64485],[17.6809,54.64487],[17.66595,54.64043],[17.66504,54.64031],[17.66113,54.6401]]}},{"type":"Feature","properties":{"numer":"1309G","klasa":"droga zbiorcza","kat":"powiatowa"},"geometry":{"type":"LineString","coordinates":[[17.70689,54.67672],[17.70691,54.67633],[17.70653,54.67488],[17.70709,54.67392],[17.70737,54.67259],[17.70837,54.671],[17.70808,54.66969],[17.70866,54.66808],[17.70854,54.66781],[17.70832,54.66765],[17.70726,54.66714],[17.70708,54.66679],[17.70753,54.6656],[17.70766,54.66151],[17.70778,54.66101],[17.70909,54.6586],[17.71166,54.65539],[17.71784,54.64546],[17.71793,54.6452],[17.71786,54.6442]]}},{"type":"Feature","properties":{"numer":"","klasa":"droga zbiorcza","kat":"powiatowa"},"geometry":{"type":"LineString","coordinates":[[17.70623,54.67854],[17.70689,54.67672]]}},{"type":"Feature","properties":{"numer":"214","klasa":"droga gĹ‚Ăłwna","kat":"wojewodzka"},"geometry":{"type":"LineString","coordinates":[[17.75482,54.54348],[17.75507,54.54406]]}},{"type":"Feature","properties":{"numer":"123173G","klasa":"droga lokalna","kat":"powiatowa"},"geometry":{"type":"LineString","coordinates":[[17.74576,54.54401],[17.7456,54.54394]]}},{"type":"Feature","properties":{"numer":"214","klasa":"droga gĹ‚Ăłwna","kat":"wojewodzka"},"geometry":{"type":"LineString","coordinates":[[17.75507,54.54406],[17.75507,54.5442]]}},{"type":"Feature","properties":{"numer":"214","klasa":"droga gĹ‚Ăłwna","kat":"wojewodzka"},"geometry":{"type":"LineString","coordinates":[[17.75507,54.5442],[17.75482,54.54423]]}},{"type":"Feature","properties":{"numer":"123077G","klasa":"droga dojazdowa","kat":"powiatowa"},"geometry":{"type":"LineString","coordinates":[[17.79666,54.54416],[17.79645,54.54406],[17.79463,54.54439]]}},{"type":"Feature","properties":{"numer":"123173G","klasa":"droga lokalna","kat":"powiatowa"},"geometry":{"type":"LineString","coordinates":[[17.74689,54.54446],[17.74576,54.54401]]}},{"type":"Feature","properties":{"numer":"123164G","klasa":"droga dojazdowa","kat":"powiatowa"},"geometry":{"type":"LineString","coordinates":[[17.7971,54.54437],[17.79666,54.54416]]}},{"type":"Feature","properties":{"numer":"1329G","klasa":"","kat":"powiatowa"},"geometry":{"type":"LineString","coordinates":[[17.75507,54.5442],[17.75507,54.54435]]}},{"type":"Feature","properties":{"numer":"214","klasa":"droga gĹ‚Ăłwna","kat":"wojewodzka"},"geometry":{"type":"LineString","coordinates":[[17.7538,54.54436],[17.75482,54.54423]]}},{"type":"Feature","properties":{"numer":"","klasa":"","kat":"gminna"},"geometry":{"type":"LineString","coordinates":[[17.79713,54.54444],[17.7971,54.54437]]}},{"type":"Feature","properties":{"numer":"","klasa":"","kat":"gminna"},"geometry":{"type":"LineString","coordinates":[[17.79713,54.54444],[17.79725,54.54443]]}},{"type":"Feature","properties":{"numer":"","klasa":"","kat":"gminna"},"geometry":{"type":"LineString","coordinates":[[17.79702,54.54448],[17.79713,54.54444]]}},{"type":"Feature","properties":{"numer":"","klasa":"","kat":"gminna"},"geometry":{"type":"LineString","coordinates":[[17.79718,54.54451],[17.79713,54.54444]]}},{"type":"Feature","properties":{"numer":"123173G","klasa":"droga lokalna","kat":"powiatowa"},"geometry":{"type":"LineString","coordinates":[[17.74718,54.54457],[17.74689,54.54446]]}},{"type":"Feature","properties":{"numer":"123077G","klasa":"droga dojazdowa","kat":"powiatowa"},"geometry":{"type":"LineString","coordinates":[[17.79484,54.54485],[17.79463,54.54439]]}},{"type":"Feature","properties":{"numer":"1329G","klasa":"","kat":"powiatowa"},"geometry":{"type":"LineString","coordinates":[[17.79702,54.54448],[17.79484,54.54485]]}},{"type":"Feature","properties":{"numer":"1329G","klasa":"","kat":"powiatowa"},"geometry":{"type":"LineString","coordinates":[[17.75506,54.54504],[17.75507,54.54435]]}},{"type":"Feature","properties":{"numer":"123173G","klasa":"droga lokalna","kat":"powiatowa"},"geometry":{"type":"LineString","coordinates":[[17.74784,54.54484],[17.74718,54.54457]]}},{"type":"Feature","properties":{"numer":"123173G","klasa":"droga lokalna","kat":"powiatowa"},"geometry":{"type":"LineString","coordinates":[[17.74866,54.54517],[17.74784,54.54484]]}},{"type":"Feature","properties":{"numer":"123173G","klasa":"droga lokalna","kat":"powiatowa"},"geometry":{"type":"LineString","coordinates":[[17.74885,54.54524],[17.74866,54.54517]]}},{"type":"Feature","properties":{"numer":"214","klasa":"droga gĹ‚Ăłwna","kat":"wojewodzka"},"geometry":{"type":"LineString","coordinates":[[17.75144,54.54624],[17.7532,54.54463],[17.7538,54.54436]]}},{"type":"Feature","properties":{"numer":"1329G","klasa":"","kat":"powiatowa"},"geometry":{"type":"LineString","coordinates":[[17.79484,54.54485],[17.78882,54.54579]]}},{"type":"Feature","properties":{"numer":"1329G","klasa":"","kat":"powiatowa"},"geometry":{"type":"LineString","coordinates":[[17.75506,54.54504],[17.75515,54.54543],[17.75548,54.54569]]}},{"type":"Feature","properties":{"numer":"123173G","klasa":"droga lokalna","kat":"powiatowa"},"geometry":{"type":"LineString","coordinates":[[17.74952,54.54551],[17.74885,54.54524]]}},{"type":"Feature","properties":{"numer":"123152G","klasa":"droga zbiorcza","kat":"powiatowa"},"geometry":{"type":"LineString","coordinates":[[17.73498,54.54538],[17.73676,54.54571]]}},{"type":"Feature","properties":{"numer":"123173G","klasa":"droga lokalna","kat":"powiatowa"},"geometry":{"type":"LineString","coordinates":[[17.75144,54.54624],[17.74952,54.54551]]}},{"type":"Feature","properties":{"numer":"123152G","klasa":"droga zbiorcza","kat":"powiatowa"},"geometry":{"type":"LineString","coordinates":[[17.73676,54.54571],[17.73886,54.54618]]}},{"type":"Feature","properties":{"numer":"123152G","klasa":"droga zbiorcza","kat":"powiatowa"},"geometry":{"type":"LineString","coordinates":[[17.73886,54.54618],[17.73924,54.54627]]}},{"type":"Feature","properties":{"numer":"123152G","klasa":"droga zbiorcza","kat":"powiatowa"},"geometry":{"type":"LineString","coordinates":[[17.73924,54.54627],[17.74019,54.54649]]}},{"type":"Feature","properties":{"numer":"123152G","klasa":"droga zbiorcza","kat":"powiatowa"},"geometry":{"type":"LineString","coordinates":[[17.74019,54.54649],[17.74066,54.5466]]}},{"type":"Feature","properties":{"numer":"","klasa":"droga dojazdowa","kat":"gminna"},"geometry":{"type":"LineString","coordinates":[[17.835768792547263,54.54578759017772],[17.83566,54.54578]]}},{"type":"Feature","properties":{"numer":"123152G","klasa":"droga zbiorcza","kat":"powiatowa"},"geometry":{"type":"LineString","coordinates":[[17.74066,54.5466],[17.74109,54.5467]]}},{"type":"Feature","properties":{"numer":"1329G","klasa":"droga zbiorcza","kat":"powiatowa"},"geometry":{"type":"LineString","coordinates":[[17.75548,54.54569],[17.757,54.54618],[17.7583,54.54636],[17.76675,54.54672],[17.77784,54.54778]]}},{"type":"Feature","properties":{"numer":"123152G","klasa":"droga zbiorcza","kat":"powiatowa"},"geometry":{"type":"LineString","coordinates":[[17.74109,54.5467],[17.74155,54.54681]]}},{"type":"Feature","properties":{"numer":"1329G","klasa":"","kat":"powiatowa"},"geometry":{"type":"LineString","coordinates":[[17.78882,54.54579],[17.78033,54.54714],[17.78004,54.54728],[17.77984,54.54771],[17.77963,54.54787],[17.7794,54.54792],[17.7784,54.54783]]}},{"type":"Feature","properties":{"numer":"123152G","klasa":"droga zbiorcza","kat":"powiatowa"},"geometry":{"type":"LineString","coordinates":[[17.74155,54.54681],[17.74206,54.54692]]}},{"type":"Feature","properties":{"numer":"123155G","klasa":"droga zbiorcza","kat":"powiatowa"},"geometry":{"type":"LineString","coordinates":[[17.74206,54.54692],[17.74342,54.54726]]}},{"type":"Feature","properties":{"numer":"123155G","klasa":"droga zbiorcza","kat":"powiatowa"},"geometry":{"type":"LineString","coordinates":[[17.74342,54.54726],[17.74424,54.54763]]}},{"type":"Feature","properties":{"numer":"123155G","klasa":"droga zbiorcza","kat":"powiatowa"},"geometry":{"type":"LineString","coordinates":[[17.74424,54.54763],[17.74459,54.54785]]}},{"type":"Feature","properties":{"numer":"214","klasa":"droga gĹ‚Ăłwna","kat":"wojewodzka"},"geometry":{"type":"LineString","coordinates":[[17.74726,54.54936],[17.75144,54.54624]]}},{"type":"Feature","properties":{"numer":"1329G","klasa":"droga zbiorcza","kat":"powiatowa"},"geometry":{"type":"LineString","coordinates":[[17.77784,54.54778],[17.7784,54.54783]]}},{"type":"Feature","properties":{"numer":"123155G","klasa":"droga zbiorcza","kat":"powiatowa"},"geometry":{"type":"LineString","coordinates":[[17.74459,54.54785],[17.7453,54.54827]]}},{"type":"Feature","properties":{"numer":"123155G","klasa":"droga zbiorcza","kat":"powiatowa"},"geometry":{"type":"LineString","coordinates":[[17.7453,54.54827],[17.7454,54.54833]]}},{"type":"Feature","properties":{"numer":"123155G","klasa":"droga zbiorcza","kat":"powiatowa"},"geometry":{"type":"LineString","coordinates":[[17.7454,54.54833],[17.74578,54.54855]]}},{"type":"Feature","properties":{"numer":"123155G","klasa":"droga zbiorcza","kat":"powiatowa"},"geometry":{"type":"LineString","coordinates":[[17.74578,54.54855],[17.74612,54.54878]]}},{"type":"Feature","properties":{"numer":"123155G","klasa":"droga zbiorcza","kat":"powiatowa"},"geometry":{"type":"LineString","coordinates":[[17.74612,54.54878],[17.74726,54.54936]]}},{"type":"Feature","properties":{"numer":"214","klasa":"droga gĹ‚Ăłwna","kat":"wojewodzka"},"geometry":{"type":"LineString","coordinates":[[17.72763,54.55779],[17.72917,54.557],[17.73166,54.55594],[17.74432,54.55128],[17.74726,54.54936]]}},{"type":"Feature","properties":{"numer":"1322G","klasa":"droga zbiorcza","kat":"powiatowa"},"geometry":{"type":"LineString","coordinates":[[17.75795,54.56775],[17.75603,54.56511],[17.75454,54.56213],[17.75638,54.55677],[17.75442,54.55133],[17.75489,54.54691],[17.75548,54.54569]]}},{"type":"Feature","properties":{"numer":"214","klasa":"droga gĹ‚Ăłwna","kat":"wojewodzka"},"geometry":{"type":"LineString","coordinates":[[17.73448,54.56267],[17.73328,54.56167],[17.73195,54.56089],[17.73055,54.55992],[17.72774,54.55845],[17.72749,54.55812]]}},{"type":"Feature","properties":{"numer":"1316G","klasa":"","kat":"powiatowa"},"geometry":{"type":"LineString","coordinates":[[17.73448,54.56267],[17.73491,54.56295]]}},{"type":"Feature","properties":{"numer":"1316G","klasa":"","kat":"powiatowa"},"geometry":{"type":"LineString","coordinates":[[17.73491,54.56295],[17.735,54.563]]}},{"type":"Feature","properties":{"numer":"6,E28","klasa":"droga gĹ‚Ăłwna ruchu przyĹ›pieszonego","kat":"gminna"},"geometry":{"type":"LineString","coordinates":[[17.842919095369858,54.566191960277926],[17.796,54.55143],[17.7945,54.55075],[17.79342,54.55002],[17.78882,54.54579]]}},{"type":"Feature","properties":{"numer":"1316G","klasa":"","kat":"powiatowa"},"geometry":{"type":"LineString","coordinates":[[17.735,54.563],[17.73879,54.56483],[17.74192,54.56594],[17.74292,54.56621],[17.74521,54.56639],[17.75339,54.5664],[17.75451,54.56665],[17.75745,54.5677],[17.75795,54.56775]]}},{"type":"Feature","properties":{"numer":"1322G","klasa":"droga zbiorcza","kat":"powiatowa"},"geometry":{"type":"LineString","coordinates":[[17.75795,54.56775],[17.75904,54.56923],[17.75991,54.56992],[17.76112,54.57069]]}},{"type":"Feature","properties":{"numer":"1315G","klasa":"","kat":"powiatowa"},"geometry":{"type":"LineString","coordinates":[[17.76476,54.57457],[17.76421,54.57351],[17.7613,54.57104],[17.76112,54.57069]]}},{"type":"Feature","properties":{"numer":"1315G","klasa":"","kat":"powiatowa"},"geometry":{"type":"LineString","coordinates":[[17.76482,54.5747],[17.76476,54.57457]]}},{"type":"Feature","properties":{"numer":"1315G","klasa":"","kat":"powiatowa"},"geometry":{"type":"LineString","coordinates":[[17.73237,54.60032],[17.73315,54.60044],[17.73399,54.60039],[17.74149,54.59904],[17.74258,54.59859],[17.74468,54.59716],[17.74563,54.59689],[17.74809,54.59664],[17.75247,54.59685],[17.75438,54.59683],[17.75512,54.59669],[17.75736,54.59594],[17.75831,54.59588],[17.76005,54.59593],[17.76046,54.5958],[17.7657,54.58893],[17.76597,54.58863],[17.76725,54.5877],[17.76832,54.5854],[17.7683,54.58498],[17.76805,54.58447],[17.76549,54.58014],[17.76539,54.57973],[17.76561,54.57669],[17.76482,54.5747]]}},{"type":"Feature","properties":{"numer":"1322G","klasa":"droga zbiorcza","kat":"powiatowa"},"geometry":{"type":"LineString","coordinates":[[17.76112,54.57069],[17.76786,54.57336],[17.77772,54.57591],[17.77878,54.57608],[17.78408,54.57624],[17.78481,54.57634],[17.78601,54.57666],[17.78794,54.57733],[17.78972,54.57821],[17.79041,54.57871],[17.79142,54.57985],[17.79206,54.58021],[17.79658,54.58199],[17.79751,54.58222],[17.79984,54.5826],[17.80041,54.58278],[17.80088,54.58304],[17.801103299636914,54.58325139032294]]}},{"type":"Feature","properties":{"numer":"122016G","klasa":"droga lokalna","kat":"powiatowa"},"geometry":{"type":"LineString","coordinates":[[17.7323,54.60042],[17.73237,54.60032]]}},{"type":"Feature","properties":{"numer":"122016G","klasa":"droga lokalna","kat":"powiatowa"},"geometry":{"type":"LineString","coordinates":[[17.73857,54.60704],[17.7381,54.60605],[17.73622,54.60323],[17.73336,54.60129],[17.7323,54.60042]]}},{"type":"Feature","properties":{"numer":"122016G","klasa":"droga lokalna","kat":"powiatowa"},"geometry":{"type":"LineString","coordinates":[[17.73898,54.60789],[17.73857,54.60704]]}},{"type":"Feature","properties":{"numer":"122016G","klasa":"droga lokalna","kat":"powiatowa"},"geometry":{"type":"LineString","coordinates":[[17.73992,54.6099],[17.73898,54.60789]]}},{"type":"Feature","properties":{"numer":"1318G","klasa":"droga zbiorcza","kat":"powiatowa"},"geometry":{"type":"LineString","coordinates":[[17.818135476343397,54.61480701348748],[17.81787,54.61491],[17.81299,54.61649],[17.80196,54.62346],[17.79897,54.6257],[17.79862,54.6258],[17.79569,54.62617],[17.79502,54.62637],[17.79415,54.62699],[17.79315,54.62823],[17.7924,54.6287],[17.79204,54.62879],[17.78958,54.62892],[17.78937,54.63025],[17.78935,54.63209]]}},{"type":"Feature","properties":{"numer":"1311G","klasa":"droga zbiorcza","kat":"powiatowa"},"geometry":{"type":"LineString","coordinates":[[17.64347,54.60276],[17.64174,54.60325],[17.64163,54.60337],[17.64517,54.60484],[17.64874,54.60679],[17.6491,54.60708],[17.6497,54.60824],[17.65023,54.60999],[17.65167,54.61993],[17.65379,54.62778]]}},{"type":"Feature","properties":{"numer":"","klasa":"droga zbiorcza","kat":"powiatowa"},"geometry":{"type":"LineString","coordinates":[[17.65379,54.62778],[17.65424,54.62935]]}},{"type":"Feature","properties":{"numer":"122047G","klasa":"droga wewnÄ™trzna","kat":"powiatowa"},"geometry":{"type":"LineString","coordinates":[[17.65452,54.63026],[17.65424,54.62935]]}},{"type":"Feature","properties":{"numer":"122047G","klasa":"droga wewnÄ™trzna","kat":"powiatowa"},"geometry":{"type":"LineString","coordinates":[[17.65428,54.63569],[17.65458,54.63075],[17.65452,54.63026]]}},{"type":"Feature","properties":{"numer":"105015G","klasa":"droga wewnÄ™trzna","kat":"powiatowa"},"geometry":{"type":"LineString","coordinates":[[17.65419,54.6382],[17.65428,54.63569]]}},{"type":"Feature","properties":{"numer":"105015G","klasa":"droga wewnÄ™trzna","kat":"powiatowa"},"geometry":{"type":"LineString","coordinates":[[17.65412,54.6402],[17.65419,54.6382]]}},{"type":"Feature","properties":{"numer":"1312G","klasa":"droga zbiorcza","kat":"powiatowa"},"geometry":{"type":"LineString","coordinates":[[17.66113,54.6401],[17.66049,54.64007],[17.65978,54.64026],[17.65517,54.64066],[17.65419,54.64054]]}},{"type":"Feature","properties":{"numer":"105015G","klasa":"droga wewnÄ™trzna","kat":"powiatowa"},"geometry":{"type":"LineString","coordinates":[[17.65419,54.64054],[17.65412,54.6402]]}},{"type":"Feature","properties":{"numer":"214","klasa":"droga gĹ‚Ăłwna","kat":"wojewodzka"},"geometry":{"type":"LineString","coordinates":[[17.66113,54.6401],[17.65999,54.64116],[17.65465,54.64514],[17.65261,54.64647],[17.63063,54.65849],[17.62597,54.66141],[17.6249,54.66226],[17.62397,54.66345],[17.62357,54.66469],[17.62368,54.66594]]}},{"type":"Feature","properties":{"numer":"213","klasa":"droga zbiorcza","kat":"wojewodzka"},"geometry":{"type":"LineString","coordinates":[[17.61665,54.66994],[17.6153,54.66908],[17.6148,54.66799],[17.61403,54.6669],[17.60903,54.66423],[17.60617,54.66251],[17.59867,54.66103],[17.59495,54.66043]]}},{"type":"Feature","properties":{"numer":"","klasa":"","kat":"gminna"},"geometry":{"type":"LineString","coordinates":[[17.62298,54.66601],[17.62368,54.66594]]}},{"type":"Feature","properties":{"numer":"1307G","klasa":"","kat":"powiatowa"},"geometry":{"type":"LineString","coordinates":[[17.643,54.66868],[17.6422,54.66953]]}},{"type":"Feature","properties":{"numer":"214","klasa":"droga gĹ‚Ăłwna","kat":"wojewodzka"},"geometry":{"type":"LineString","coordinates":[[17.62368,54.66594],[17.62477,54.66843],[17.62484,54.66919],[17.62473,54.66991],[17.62411,54.6712],[17.62142,54.67476]]}},{"type":"Feature","properties":{"numer":"213,214","klasa":"droga zbiorcza","kat":"powiatowa"},"geometry":{"type":"LineString","coordinates":[[17.61665,54.66994],[17.61689,54.67021],[17.61709,54.67084],[17.61684,54.67138]]}},{"type":"Feature","properties":{"numer":"213","klasa":"","kat":"wojewodzka"},"geometry":{"type":"LineString","coordinates":[[17.61684,54.67138],[17.61678,54.67148]]}},{"type":"Feature","properties":{"numer":"213","klasa":"droga zbiorcza","kat":"wojewodzka"},"geometry":{"type":"LineString","coordinates":[[17.6172,54.67158],[17.61684,54.67138]]}},{"type":"Feature","properties":{"numer":"","klasa":"droga lokalna","kat":"gminna"},"geometry":{"type":"LineString","coordinates":[[17.61678,54.67148],[17.61632,54.672],[17.61582,54.6723],[17.6141,54.67311],[17.61313,54.67341]]}},{"type":"Feature","properties":{"numer":"","klasa":"","kat":"gminna"},"geometry":{"type":"LineString","coordinates":[[17.6422,54.66953],[17.64119,54.67021],[17.63797,54.67122],[17.63606,54.67226],[17.63536,54.6728],[17.635,54.67326],[17.63491,54.67361],[17.63522,54.67635]]}},{"type":"Feature","properties":{"numer":"213","klasa":"droga zbiorcza","kat":"wojewodzka"},"geometry":{"type":"LineString","coordinates":[[17.61995,54.67503],[17.61764,54.67347],[17.61748,54.67308],[17.61753,54.67188],[17.6172,54.67158]]}},{"type":"Feature","properties":{"numer":"","klasa":"droga lokalna","kat":"gminna"},"geometry":{"type":"LineString","coordinates":[[17.61313,54.67341],[17.61159,54.67383]]}},{"type":"Feature","properties":{"numer":"","klasa":"droga lokalna","kat":"gminna"},"geometry":{"type":"LineString","coordinates":[[17.61159,54.67383],[17.61118,54.67394]]}},{"type":"Feature","properties":{"numer":"","klasa":"droga lokalna","kat":"gminna"},"geometry":{"type":"LineString","coordinates":[[17.61118,54.67394],[17.61007,54.67424]]}},{"type":"Feature","properties":{"numer":"","klasa":"droga lokalna","kat":"gminna"},"geometry":{"type":"LineString","coordinates":[[17.61007,54.67424],[17.60771,54.67488]]}},{"type":"Feature","properties":{"numer":"","klasa":"droga lokalna","kat":"gminna"},"geometry":{"type":"LineString","coordinates":[[17.60771,54.67488],[17.60761,54.6749]]}},{"type":"Feature","properties":{"numer":"","klasa":"droga gĹ‚Ăłwna","kat":"gminna"},"geometry":{"type":"LineString","coordinates":[[17.62142,54.67476],[17.62104,54.67521]]}},{"type":"Feature","properties":{"numer":"","klasa":"droga zbiorcza","kat":"powiatowa"},"geometry":{"type":"LineString","coordinates":[[17.62064,54.67528],[17.61995,54.67503]]}},{"type":"Feature","properties":{"numer":"","klasa":"droga lokalna","kat":"gminna"},"geometry":{"type":"LineString","coordinates":[[17.60761,54.6749],[17.60498,54.67563]]}},{"type":"Feature","properties":{"numer":"","klasa":"droga gĹ‚Ăłwna","kat":"gminna"},"geometry":{"type":"LineString","coordinates":[[17.62104,54.67521],[17.6209,54.67537]]}},{"type":"Feature","properties":{"numer":"","klasa":"droga gĹ‚Ăłwna","kat":"gminna"},"geometry":{"type":"LineString","coordinates":[[17.6209,54.67537],[17.62064,54.67528]]}},{"type":"Feature","properties":{"numer":"","klasa":"droga gĹ‚Ăłwna","kat":"gminna"},"geometry":{"type":"LineString","coordinates":[[17.62117,54.67544],[17.6209,54.67537]]}},{"type":"Feature","properties":{"numer":"","klasa":"droga gĹ‚Ăłwna","kat":"gminna"},"geometry":{"type":"LineString","coordinates":[[17.62076,54.67552],[17.6209,54.67537]]}},{"type":"Feature","properties":{"numer":"","klasa":"droga zbiorcza","kat":"powiatowa"},"geometry":{"type":"LineString","coordinates":[[17.6218,54.67562],[17.62117,54.67544]]}},{"type":"Feature","properties":{"numer":"213","klasa":"droga zbiorcza","kat":"wojewodzka"},"geometry":{"type":"LineString","coordinates":[[17.6686,54.67648],[17.66223,54.67518],[17.66138,54.67511],[17.65868,54.67519],[17.63522,54.67635]]}},{"type":"Feature","properties":{"numer":"","klasa":"droga lokalna","kat":"gminna"},"geometry":{"type":"LineString","coordinates":[[17.60498,54.67563],[17.60228,54.67636]]}},{"type":"Feature","properties":{"numer":"213","klasa":"droga zbiorcza","kat":"wojewodzka"},"geometry":{"type":"LineString","coordinates":[[17.63522,54.67635],[17.63334,54.67642],[17.62267,54.67573],[17.6218,54.67562]]}},{"type":"Feature","properties":{"numer":"","klasa":"droga lokalna","kat":"gminna"},"geometry":{"type":"LineString","coordinates":[[17.60228,54.67636],[17.60039,54.67695]]}},{"type":"Feature","properties":{"numer":"","klasa":"droga lokalna","kat":"gminna"},"geometry":{"type":"LineString","coordinates":[[17.60039,54.67695],[17.59955,54.67725],[17.59684,54.67722]]}},{"type":"Feature","properties":{"numer":"","klasa":"droga lokalna","kat":"gminna"},"geometry":{"type":"LineString","coordinates":[[17.59684,54.67722],[17.59641,54.67756]]}},{"type":"Feature","properties":{"numer":"","klasa":"droga lokalna","kat":"gminna"},"geometry":{"type":"LineString","coordinates":[[17.59641,54.67756],[17.59636,54.67766]]}},{"type":"Feature","properties":{"numer":"","klasa":"droga lokalna","kat":"gminna"},"geometry":{"type":"LineString","coordinates":[[17.59636,54.67766],[17.59633,54.67807]]}},{"type":"Feature","properties":{"numer":"","klasa":"droga lokalna","kat":"gminna"},"geometry":{"type":"LineString","coordinates":[[17.59633,54.67807],[17.59637,54.67849]]}},{"type":"Feature","properties":{"numer":"","klasa":"droga lokalna","kat":"gminna"},"geometry":{"type":"LineString","coordinates":[[17.59637,54.67849],[17.59631,54.67939]]}},{"type":"Feature","properties":{"numer":"214","klasa":"droga gĹ‚Ăłwna","kat":"wojewodzka"},"geometry":{"type":"LineString","coordinates":[[17.62076,54.67552],[17.61963,54.67668],[17.61845,54.6777],[17.61709,54.67871],[17.61541,54.67979],[17.61397,54.68059],[17.6122,54.68144],[17.60759,54.6833]]}},{"type":"Feature","properties":{"numer":"","klasa":"droga lokalna","kat":"gminna"},"geometry":{"type":"LineString","coordinates":[[17.59631,54.67939],[17.59628,54.67966]]}},{"type":"Feature","properties":{"numer":"","klasa":"droga lokalna","kat":"gminna"},"geometry":{"type":"LineString","coordinates":[[17.59628,54.67966],[17.59621,54.68017]]}},{"type":"Feature","properties":{"numer":"105020G","klasa":"droga wewnÄ™trzna","kat":"powiatowa"},"geometry":{"type":"LineString","coordinates":[[17.59751,54.6803],[17.59621,54.68017]]}},{"type":"Feature","properties":{"numer":"105020G","klasa":"droga wewnÄ™trzna","kat":"powiatowa"},"geometry":{"type":"LineString","coordinates":[[17.60213,54.68081],[17.59751,54.6803]]}},{"type":"Feature","properties":{"numer":"105020G","klasa":"droga wewnÄ™trzna","kat":"powiatowa"},"geometry":{"type":"LineString","coordinates":[[17.60535,54.68232],[17.60288,54.68107],[17.60213,54.68081]]}},{"type":"Feature","properties":{"numer":"1307G","klasa":"","kat":"powiatowa"},"geometry":{"type":"LineString","coordinates":[[17.63522,54.67635],[17.63521,54.67679],[17.63248,54.68245],[17.63179,54.68313],[17.62934,54.68465],[17.62901,54.68507],[17.62914,54.68522],[17.63025,54.68566],[17.63108,54.68627],[17.63174,54.68716],[17.63189,54.68781],[17.63432,54.68769],[17.63603,54.68724],[17.63746,54.68714],[17.63869,54.68713],[17.63917,54.68703]]}},{"type":"Feature","properties":{"numer":"1307G","klasa":"","kat":"powiatowa"},"geometry":{"type":"LineString","coordinates":[[17.63941,54.68698],[17.64039,54.68668],[17.64296,54.68656],[17.64513,54.68788],[17.64582,54.6881],[17.64829,54.68846],[17.65496,54.68889],[17.65631,54.6887],[17.65707,54.68879],[17.65898,54.68811],[17.66376,54.68729],[17.6651,54.68695],[17.66662,54.68624],[17.66733,54.68576],[17.66809,54.68549],[17.66839,54.68521],[17.66844,54.68408],[17.66882,54.68346],[17.66844,54.68253],[17.66839,54.68182],[17.66839,54.67771],[17.6686,54.67648]]}},{"type":"Feature","properties":{"numer":"213","klasa":"droga zbiorcza","kat":"wojewodzka"},"geometry":{"type":"LineString","coordinates":[[17.58712,54.65919],[17.58346,54.65866],[17.58007,54.65794],[17.56994,54.65528],[17.56762,54.65496],[17.56619,54.65484],[17.56539,54.65467],[17.564891748548376,54.6544587071208]]}},{"type":"Feature","properties":{"numer":"213","klasa":"droga zbiorcza","kat":"wojewodzka"},"geometry":{"type":"LineString","coordinates":[[17.58722,54.65921],[17.58712,54.65919]]}},{"type":"Feature","properties":{"numer":"213","klasa":"droga zbiorcza","kat":"wojewodzka"},"geometry":{"type":"LineString","coordinates":[[17.59495,54.66043],[17.58722,54.65921]]}},{"type":"Feature","properties":{"numer":"1305G","klasa":"","kat":"powiatowa"},"geometry":{"type":"LineString","coordinates":[[17.59495,54.66043],[17.59239,54.66257],[17.59181,54.66284],[17.58506,54.66397],[17.58292,54.66421],[17.57927,54.66437],[17.57847,54.66464],[17.57488,54.66634]]}},{"type":"Feature","properties":{"numer":"1304G","klasa":"","kat":"powiatowa"},"geometry":{"type":"LineString","coordinates":[[17.58553,54.70176],[17.58467,54.7018],[17.58225,54.70152],[17.57986,54.70144],[17.5775,54.70115],[17.57546,54.70061],[17.57384,54.70033],[17.57255,54.70029],[17.57166,54.70011],[17.56996,54.70016],[17.56828,54.69989],[17.56155,54.6982],[17.55716,54.69695],[17.55357,54.69576],[17.55247,54.69554],[17.55072,54.69537],[17.55032,54.69491],[17.55107,54.69374],[17.55185,54.69291],[17.55249,54.6925],[17.55371,54.69193],[17.56247,54.69068],[17.56489,54.69059],[17.56605,54.69043],[17.56685,54.69019],[17.56796,54.68968],[17.57055,54.68875],[17.57167,54.68824],[17.57309,54.68778],[17.575,54.68702],[17.58246,54.68325],[17.58553,54.68072],[17.58819,54.67926],[17.58925,54.67836],[17.58963,54.67817],[17.59104,54.67782],[17.59167,54.67775],[17.59633,54.67807]]}},{"type":"Feature","properties":{"numer":"1304G","klasa":"","kat":"powiatowa"},"geometry":{"type":"LineString","coordinates":[[17.58553,54.70176],[17.58636,54.70185]]}},{"type":"Feature","properties":{"numer":"214","klasa":"droga gĹ‚Ăłwna","kat":"wojewodzka"},"geometry":{"type":"LineString","coordinates":[[17.58636,54.70185],[17.58074,54.70954],[17.57803,54.71346]]}},{"type":"Feature","properties":{"numer":"105002G","klasa":"droga wewnÄ™trzna","kat":"powiatowa"},"geometry":{"type":"LineString","coordinates":[[17.52577,54.72052],[17.52553,54.72062]]}},{"type":"Feature","properties":{"numer":"105002G","klasa":"droga wewnÄ™trzna","kat":"powiatowa"},"geometry":{"type":"LineString","coordinates":[[17.52553,54.72062],[17.52487,54.72088]]}},{"type":"Feature","properties":{"numer":"105002G","klasa":"droga wewnÄ™trzna","kat":"powiatowa"},"geometry":{"type":"LineString","coordinates":[[17.52487,54.72088],[17.52467,54.72097]]}},{"type":"Feature","properties":{"numer":"105020G","klasa":"droga wewnÄ™trzna","kat":"powiatowa"},"geometry":{"type":"LineString","coordinates":[[17.60759,54.6833],[17.60692,54.68286],[17.60584,54.68256],[17.60535,54.68232]]}},{"type":"Feature","properties":{"numer":"1307G","klasa":"","kat":"powiatowa"},"geometry":{"type":"LineString","coordinates":[[17.63917,54.68703],[17.63941,54.68698]]}},{"type":"Feature","properties":{"numer":"214","klasa":"droga gĹ‚Ăłwna","kat":"wojewodzka"},"geometry":{"type":"LineString","coordinates":[[17.60759,54.6833],[17.60356,54.68491],[17.60075,54.68625],[17.59849,54.68758],[17.59611,54.68935],[17.59463,54.69074],[17.59343,54.69214],[17.58636,54.70185]]}},{"type":"Feature","properties":{"numer":"1306G","klasa":"droga zbiorcza","kat":"powiatowa"},"geometry":{"type":"LineString","coordinates":[[17.57803,54.71346],[17.58289,54.7141],[17.58408,54.71456],[17.58591,54.71413],[17.58964,54.7143],[17.59339,54.71491],[17.59807,54.71523],[17.60007,54.71581],[17.60128,54.71628],[17.60442,54.71837],[17.60814,54.72013],[17.60837,54.72039],[17.60823,54.72105],[17.6083,54.72128],[17.61009,54.72278],[17.61278,54.7238],[17.61553,54.72498],[17.61678,54.72582],[17.61767,54.72625]]}},{"type":"Feature","properties":{"numer":"1306G","klasa":"droga zbiorcza","kat":"powiatowa"},"geometry":{"type":"LineString","coordinates":[[17.61767,54.72625],[17.61989,54.72722],[17.62059,54.72774],[17.62384,54.72973],[17.62521,54.73121],[17.62611,54.73191],[17.62819,54.73294],[17.633,54.73598],[17.63556,54.7373]]}},{"type":"Feature","properties":{"numer":"1302G","klasa":"","kat":"powiatowa"},"geometry":{"type":"LineString","coordinates":[[17.59324,54.74713],[17.59371,54.74668],[17.59315,54.7451],[17.59378,54.74359],[17.59379,54.74185],[17.5955,54.73944],[17.59654,54.7385],[17.59749,54.7373],[17.59789,54.73592],[17.59823,54.73538],[17.59864,54.7351],[17.60024,54.73443],[17.60243,54.7331],[17.60703,54.73117],[17.61118,54.72796],[17.61303,54.72701],[17.61367,54.72674],[17.61477,54.72643],[17.61767,54.72625]]}},{"type":"Feature","properties":{"numer":"","klasa":"droga zbiorcza","kat":"powiatowa"},"geometry":{"type":"LineString","coordinates":[[17.63556,54.7373],[17.63784,54.73844]]}},{"type":"Feature","properties":{"numer":"213","klasa":"droga zbiorcza","kat":"wojewodzka"},"geometry":{"type":"LineString","coordinates":[[17.68417,54.67963],[17.6686,54.67648]]}},{"type":"Feature","properties":{"numer":"1309G","klasa":"droga zbiorcza","kat":"powiatowa"},"geometry":{"type":"LineString","coordinates":[[17.70656,54.68172],[17.70611,54.67949],[17.70623,54.67854]]}},{"type":"Feature","properties":{"numer":"213","klasa":"droga zbiorcza","kat":"wojewodzka"},"geometry":{"type":"LineString","coordinates":[[17.70656,54.68172],[17.70216,54.67945],[17.7003,54.67892],[17.69613,54.67974],[17.69462,54.67965],[17.68532,54.67974],[17.68417,54.67963]]}},{"type":"Feature","properties":{"numer":"1308G","klasa":"","kat":"powiatowa"},"geometry":{"type":"LineString","coordinates":[[17.68417,54.67963],[17.68353,54.68078],[17.68254,54.68179],[17.68165,54.68419],[17.6817,54.68438],[17.68215,54.68465],[17.68228,54.68485],[17.68272,54.68669],[17.68268,54.68779],[17.683,54.68866],[17.68254,54.68968],[17.68217,54.68992]]}},{"type":"Feature","properties":{"numer":"213","klasa":"droga zbiorcza","kat":"wojewodzka"},"geometry":{"type":"LineString","coordinates":[[17.73892,54.69566],[17.7362,54.69414],[17.72269,54.68912],[17.71496,54.68638],[17.71401,54.68592],[17.70656,54.68172]]}},{"type":"Feature","properties":{"numer":"1309G","klasa":"droga zbiorcza","kat":"powiatowa"},"geometry":{"type":"LineString","coordinates":[[17.71356,54.74373],[17.71627,54.74139],[17.71728,54.74007],[17.71783,54.73887],[17.71859,54.738],[17.72102,54.73621],[17.72221,54.73355],[17.72292,54.73227],[17.7228,54.73062],[17.72334,54.72974],[17.72341,54.72934],[17.72249,54.72704],[17.72146,54.72563],[17.71885,54.71836],[17.71848,54.71769],[17.7133,54.71032],[17.71251,54.70978],[17.70994,54.70874],[17.70913,54.7083],[17.70881,54.70795],[17.70794,54.70611],[17.70763,54.70498],[17.70761,54.70443],[17.70797,54.70098],[17.70791,54.70033],[17.70754,54.69978],[17.70553,54.69793],[17.70533,54.69752],[17.70463,54.69474],[17.70484,54.69417],[17.70691,54.69285],[17.70751,54.69228],[17.7089,54.68947],[17.70872,54.68874],[17.70688,54.68596],[17.70627,54.68466],[17.70617,54.68384],[17.70656,54.68172]]}},{"type":"Feature","properties":{"numer":"1306G","klasa":"droga zbiorcza","kat":"powiatowa"},"geometry":{"type":"LineString","coordinates":[[17.63784,54.73844],[17.64258,54.74048],[17.64382,54.74076],[17.6459,54.741],[17.6521,54.74329],[17.65786,54.74491],[17.66135,54.74611],[17.66242,54.7467],[17.66509,54.74972],[17.66628,54.75091],[17.66707,54.75141],[17.66826,54.7519],[17.66994,54.7523],[17.67124,54.75243],[17.67588,54.75234],[17.67693,54.75241],[17.68592,54.75401],[17.68714,54.75402],[17.68984,54.75362],[17.69137,54.7536],[17.69415,54.7542],[17.69805,54.75463],[17.69984,54.75511],[17.70088,54.75528],[17.70146,54.75531],[17.7033,54.75508],[17.70461,54.75506],[17.70514,54.75523],[17.70599,54.7557],[17.70688,54.756],[17.7072,54.75597],[17.7082,54.75501],[17.70948,54.75443],[17.70977,54.75415],[17.71125,54.75045],[17.71148,54.74815],[17.71274,54.74463],[17.71302,54.74421],[17.71356,54.74373]]}},{"type":"Feature","properties":{"numer":"105002G","klasa":"droga wewnÄ™trzna","kat":"powiatowa"},"geometry":{"type":"LineString","coordinates":[[17.52467,54.72097],[17.52413,54.72117]]}},{"type":"Feature","properties":{"numer":"105002G","klasa":"droga wewnÄ™trzna","kat":"powiatowa"},"geometry":{"type":"LineString","coordinates":[[17.52577,54.72052],[17.52707,54.72143],[17.52805,54.72198]]}},{"type":"Feature","properties":{"numer":"105002G","klasa":"droga wewnÄ™trzna","kat":"powiatowa"},"geometry":{"type":"LineString","coordinates":[[17.52413,54.72117],[17.52417,54.72133],[17.52526,54.72212]]}},{"type":"Feature","properties":{"numer":"105002G","klasa":"droga wewnÄ™trzna","kat":"powiatowa"},"geometry":{"type":"LineString","coordinates":[[17.52526,54.72212],[17.52583,54.72254]]}},{"type":"Feature","properties":{"numer":"105002G","klasa":"droga wewnÄ™trzna","kat":"powiatowa"},"geometry":{"type":"LineString","coordinates":[[17.52805,54.72198],[17.52903,54.72242],[17.53153,54.72331]]}},{"type":"Feature","properties":{"numer":"105002G","klasa":"droga wewnÄ™trzna","kat":"powiatowa"},"geometry":{"type":"LineString","coordinates":[[17.52583,54.72254],[17.52627,54.72286]]}},{"type":"Feature","properties":{"numer":"105002G","klasa":"droga wewnÄ™trzna","kat":"powiatowa"},"geometry":{"type":"LineString","coordinates":[[17.52627,54.72286],[17.52687,54.72329]]}},{"type":"Feature","properties":{"numer":"105002G","klasa":"droga wewnÄ™trzna","kat":"powiatowa"},"geometry":{"type":"LineString","coordinates":[[17.52687,54.72329],[17.52858,54.72454],[17.52873,54.72453]]}},{"type":"Feature","properties":{"numer":"105002G","klasa":"droga wewnÄ™trzna","kat":"powiatowa"},"geometry":{"type":"LineString","coordinates":[[17.52873,54.72453],[17.52922,54.72448],[17.53153,54.72331]]}},{"type":"Feature","properties":{"numer":"214","klasa":"droga gĹ‚Ăłwna","kat":"wojewodzka"},"geometry":{"type":"LineString","coordinates":[[17.57803,54.71346],[17.56996,54.72508],[17.56854,54.72761],[17.56781,54.72858],[17.56622,54.73003],[17.56045,54.73429],[17.55948,54.73526]]}},{"type":"Feature","properties":{"numer":"1303G","klasa":"","kat":"powiatowa"},"geometry":{"type":"LineString","coordinates":[[17.53153,54.72331],[17.53545,54.72194],[17.53615,54.72188],[17.53702,54.72208],[17.53832,54.72271],[17.54005,54.7229],[17.54072,54.72341],[17.54109,54.72358],[17.5429,54.72373],[17.54685,54.72433],[17.55051,54.72694],[17.55164,54.72853],[17.55186,54.72907],[17.55334,54.73005],[17.55394,54.73124],[17.5557,54.73265],[17.5568,54.73376],[17.55749,54.73423],[17.55948,54.73526]]}},{"type":"Feature","properties":{"numer":"214","klasa":"droga gĹ‚Ăłwna","kat":"wojewodzka"},"geometry":{"type":"LineString","coordinates":[[17.55948,54.73526],[17.5581,54.73668],[17.55769,54.73763],[17.55582,54.74605],[17.55587,54.74665],[17.55643,54.74773]]}},{"type":"Feature","properties":{"numer":"214","klasa":"droga gĹ‚Ăłwna","kat":"wojewodzka"},"geometry":{"type":"LineString","coordinates":[[17.55655,54.74793],[17.55643,54.74773]]}},{"type":"Feature","properties":{"numer":"","klasa":"","kat":"gminna"},"geometry":{"type":"LineString","coordinates":[[17.59102,54.7488],[17.59324,54.74713]]}},{"type":"Feature","properties":{"numer":"214","klasa":"droga gĹ‚Ăłwna","kat":"wojewodzka"},"geometry":{"type":"LineString","coordinates":[[17.55655,54.74793],[17.55661,54.74807]]}},{"type":"Feature","properties":{"numer":"104064G","klasa":"droga zbiorcza","kat":"powiatowa"},"geometry":{"type":"LineString","coordinates":[[17.55661,54.74807],[17.55638,54.74811]]}},{"type":"Feature","properties":{"numer":"214","klasa":"droga gĹ‚Ăłwna","kat":"wojewodzka"},"geometry":{"type":"LineString","coordinates":[[17.55661,54.74807],[17.55669,54.74821]]}},{"type":"Feature","properties":{"numer":"104064G","klasa":"droga zbiorcza","kat":"powiatowa"},"geometry":{"type":"LineString","coordinates":[[17.55601,54.74818],[17.55638,54.74811]]}},{"type":"Feature","properties":{"numer":"104064G","klasa":"droga zbiorcza","kat":"powiatowa"},"geometry":{"type":"LineString","coordinates":[[17.55547,54.74827],[17.55601,54.74818]]}},{"type":"Feature","properties":{"numer":"214","klasa":"droga gĹ‚Ăłwna","kat":"wojewodzka"},"geometry":{"type":"LineString","coordinates":[[17.55669,54.74821],[17.55681,54.74843]]}},{"type":"Feature","properties":{"numer":"122016G","klasa":"droga lokalna","kat":"powiatowa"},"geometry":{"type":"LineString","coordinates":[[17.7401,54.6103],[17.73992,54.6099]]}},{"type":"Feature","properties":{"numer":"122016G","klasa":"droga lokalna","kat":"powiatowa"},"geometry":{"type":"LineString","coordinates":[[17.74028,54.61071],[17.7401,54.6103]]}},{"type":"Feature","properties":{"numer":"1314G","klasa":"","kat":"powiatowa"},"geometry":{"type":"LineString","coordinates":[[17.74028,54.61071],[17.7411,54.61209],[17.74457,54.61491],[17.74095,54.61793],[17.72251,54.62022]]}},{"type":"Feature","properties":{"numer":"1318G","klasa":"droga zbiorcza","kat":"powiatowa"},"geometry":{"type":"LineString","coordinates":[[17.78935,54.63209],[17.79044,54.64119]]}},{"type":"Feature","properties":{"numer":"1312G","klasa":"droga zbiorcza","kat":"powiatowa"},"geometry":{"type":"LineString","coordinates":[[17.78935,54.63209],[17.78779,54.6329],[17.78192,54.63498],[17.77886,54.63565],[17.77022,54.63718],[17.76229,54.63878],[17.76055,54.63901],[17.75255,54.63976],[17.73651,54.64121],[17.72558,54.64189],[17.72459,54.64209],[17.72342,54.64257],[17.72302,54.64295],[17.72228,54.64427],[17.72207,54.64447],[17.72172,54.64451],[17.71786,54.6442]]}},{"type":"Feature","properties":{"numer":"1318G","klasa":"droga zbiorcza","kat":"powiatowa"},"geometry":{"type":"LineString","coordinates":[[17.79044,54.64119],[17.79044,54.64123]]}},{"type":"Feature","properties":{"numer":"1318G","klasa":"droga zbiorcza","kat":"powiatowa"},"geometry":{"type":"LineString","coordinates":[[17.79044,54.64123],[17.79121,54.64719],[17.79397,54.65531],[17.79379,54.65544],[17.78926,54.65692],[17.7861,54.6616],[17.78541,54.66281],[17.78538,54.66313],[17.78628,54.6668],[17.78627,54.66721],[17.78595,54.66802]]}},{"type":"Feature","properties":{"numer":"","klasa":"","kat":"gminna"},"geometry":{"type":"LineString","coordinates":[[17.76938,54.68896],[17.7728,54.68956],[17.77759,54.69024]]}},{"type":"Feature","properties":{"numer":"1317G","klasa":"","kat":"powiatowa"},"geometry":{"type":"LineString","coordinates":[[17.77759,54.69024],[17.785110210065035,54.691302014398495]]}},{"type":"Feature","properties":{"numer":"1317G","klasa":"","kat":"powiatowa"},"geometry":{"type":"LineString","coordinates":[[17.73892,54.69566],[17.74484,54.6912],[17.74673,54.68989],[17.74756,54.68957],[17.75294,54.68819],[17.75597,54.68669],[17.75651,54.68669],[17.76938,54.68896]]}},{"type":"Feature","properties":{"numer":"213","klasa":"droga zbiorcza","kat":"wojewodzka"},"geometry":{"type":"LineString","coordinates":[[17.76936336527434,54.70950719733466],[17.75523,54.70802],[17.75033,54.70774],[17.74907,54.70742],[17.7482,54.70707],[17.7477,54.70675],[17.74475,54.70191],[17.74214,54.69898],[17.74033,54.69662],[17.73963,54.69607],[17.73892,54.69566]]}},{"type":"Feature","properties":{"numer":"1306G","klasa":"droga zbiorcza","kat":"powiatowa"},"geometry":{"type":"LineString","coordinates":[[17.71356,54.74373],[17.71672,54.74504],[17.71805,54.74551],[17.72698,54.74741],[17.7289,54.74743],[17.73499,54.74685],[17.73676,54.74598],[17.73732,54.74581],[17.73812,54.7457],[17.74189,54.74591],[17.74244,54.74599],[17.74366,54.74634],[17.743827000335916,54.746441765829694]]}}]}