{"type":"FeatureCollection","features":[{"type":"Feature","properties":{"numer":"2912G","klasa":"","kat":"powiatowa"},"geometry":{"type":"LineString","coordinates":[[19.20120731758763,54.011519959756875],[19.20122,54.01153]]}},{"type":"Feature","properties":{"numer":"2907G","klasa":"droga zbiorcza","kat":"powiatowa"},"geometry":{"type":"LineString","coordinates":[[19.15937,54.02774],[19.15898,54.02811]]}},{"type":"Feature","properties":{"numer":"2907G","klasa":"droga zbiorcza","kat":"powiatowa"},"geometry":{"type":"LineString","coordinates":[[19.15937,54.02774],[19.15957,54.02755],[19.16547,54.02621],[19.16678,54.02618],[19.1675,54.02623],[19.16814,54.02644],[19.17286,54.02844],[19.17327,54.02851],[19.17589,54.02863],[19.17718,54.02887],[19.1842,54.03122],[19.18748,54.03221],[19.18888,54.03315],[19.18961,54.03351],[19.18998,54.03396],[19.19031,54.03462]]}},{"type":"Feature","properties":{"numer":"2907G","klasa":"droga zbiorcza","kat":"powiatowa"},"geometry":{"type":"LineString","coordinates":[[19.14518,54.04188],[19.14611,54.04073],[19.14757,54.03964],[19.15111,54.03623],[19.15153,54.03575],[19.15207,54.03478],[19.15658,54.03044],[19.15672,54.03034],[19.15715,54.03027],[19.15898,54.0301],[19.16154,54.03033],[19.16183,54.03026],[19.16209,54.03008],[19.1624,54.02919],[19.16225,54.02891],[19.16048,54.02799],[19.15937,54.02774]]}},{"type":"Feature","properties":{"numer":"2912G","klasa":"droga zbiorcza","kat":"powiatowa"},"geometry":{"type":"LineString","coordinates":[[19.22327,54.02111],[19.22336,54.02102],[19.22319,54.02095],[19.21597,54.01816],[19.20412,54.01621],[19.20385,54.01602],[19.20371,54.01563],[19.20311,54.01301],[19.20275,54.01264],[19.20122,54.01153]]}},{"type":"Feature","properties":{"numer":"2936G","klasa":"droga gĹ‚Ăłwna","kat":"powiatowa"},"geometry":{"type":"LineString","coordinates":[[19.22432,54.02761],[19.2232,54.02972],[19.22253,54.0304],[19.21899,54.03303],[19.21832,54.03328],[19.21612,54.03384],[19.21521,54.03432],[19.21078,54.0389],[19.20713,54.04236]]}},{"type":"Feature","properties":{"numer":"2907G","klasa":"droga zbiorcza","kat":"powiatowa"},"geometry":{"type":"LineString","coordinates":[[19.19031,54.03462],[19.19171,54.03683]]}},{"type":"Feature","properties":{"numer":"2909G","klasa":"droga zbiorcza","kat":"powiatowa"},"geometry":{"type":"LineString","coordinates":[[19.18098,54.03946],[19.1829,54.0393],[19.18535,54.03883],[19.19024,54.03745],[19.19126,54.0371],[19.19171,54.03683]]}},{"type":"Feature","properties":{"numer":"2907G","klasa":"droga zbiorcza","kat":"powiatowa"},"geometry":{"type":"LineString","coordinates":[[19.19171,54.03683],[19.19285,54.03825],[19.19419,54.03968],[19.19549,54.04084],[19.19729,54.04217]]}},{"type":"Feature","properties":{"numer":"2936G","klasa":"droga gĹ‚Ăłwna","kat":"powiatowa"},"geometry":{"type":"LineString","coordinates":[[19.20713,54.04236],[19.20707,54.04242]]}},{"type":"Feature","properties":{"numer":"2907G","klasa":"","kat":"powiatowa"},"geometry":{"type":"LineString","coordinates":[[19.20941,54.04518],[19.21516,54.04366],[19.22467,54.04058],[19.22513,54.04064],[19.22814,54.04242]]}},{"type":"Feature","properties":{"numer":"2907G","klasa":"","kat":"powiatowa"},"geometry":{"type":"LineString","coordinates":[[19.19729,54.04217],[19.19827,54.04282],[19.19945,54.04335],[19.20279,54.04458],[19.20445,54.04493]]}},{"type":"Feature","properties":{"numer":"2936G","klasa":"droga gĹ‚Ăłwna","kat":"powiatowa"},"geometry":{"type":"LineString","coordinates":[[19.20707,54.04242],[19.20451,54.04487]]}},{"type":"Feature","properties":{"numer":"2907G,2936G","klasa":"droga gĹ‚Ăłwna","kat":"powiatowa"},"geometry":{"type":"LineString","coordinates":[[19.20451,54.04487],[19.20445,54.04493]]}},{"type":"Feature","properties":{"numer":"515","klasa":"droga gĹ‚Ăłwna","kat":"wojewodzka"},"geometry":{"type":"LineString","coordinates":[[19.086345019253905,54.006182256223646],[19.08067,54.00872],[19.07639,54.01054],[19.0752,54.01084],[19.06778,54.01222],[19.06664,54.01264],[19.06334,54.01446],[19.06128,54.01542],[19.06021,54.01607],[19.0591,54.01704],[19.0566,54.02011],[19.05596,54.0207],[19.05186,54.0233],[19.05016,54.02423],[19.04746,54.02604]]}},{"type":"Feature","properties":{"numer":"2929G","klasa":"droga zbiorcza","kat":"powiatowa"},"geometry":{"type":"LineString","coordinates":[[19.11783,54.06336],[19.11774,54.06329],[19.11632,54.06319],[19.11052,54.06137],[19.10941,54.06115],[19.10799,54.06104],[19.10553,54.06102],[19.10145,54.06038],[19.09523,54.05829],[19.09019,54.05606],[19.08952,54.05584],[19.08323,54.05528],[19.07789,54.05533],[19.07582,54.05508],[19.07152,54.05487],[19.06877,54.05404],[19.0664,54.05316],[19.06553,54.05274],[19.06337,54.05405],[19.06291,54.05424],[19.05665,54.05558],[19.05305,54.0568],[19.0527,54.05698],[19.0522,54.0575],[19.05212,54.05831],[19.05053,54.06306],[19.0503,54.0633],[19.04815,54.06475],[19.0475,54.06563]]}},{"type":"Feature","properties":{"numer":"2929G","klasa":"droga zbiorcza","kat":"powiatowa"},"geometry":{"type":"LineString","coordinates":[[19.08985,54.07142],[19.08892,54.0725]]}},{"type":"Feature","properties":{"numer":"2929G","klasa":"droga zbiorcza","kat":"powiatowa"},"geometry":{"type":"LineString","coordinates":[[19.08183,54.08078],[19.08892,54.0725]]}},{"type":"Feature","properties":{"numer":"2929G","klasa":"droga zbiorcza","kat":"powiatowa"},"geometry":{"type":"LineString","coordinates":[[19.07938,54.08368],[19.08183,54.08078]]}},{"type":"Feature","properties":{"numer":"2927G","klasa":"droga zbiorcza","kat":"powiatowa"},"geometry":{"type":"LineString","coordinates":[[19.04802,54.07769],[19.04848,54.07769],[19.04904,54.07753],[19.04942,54.07755],[19.05519,54.0788],[19.0567,54.07925],[19.06723,54.0852],[19.06824,54.086],[19.06977,54.08677],[19.0721,54.08767],[19.0729,54.08807],[19.07476,54.08951]]}},{"type":"Feature","properties":{"numer":"2900G","klasa":"","kat":"powiatowa"},"geometry":{"type":"LineString","coordinates":[[19.03930358381503,53.99906971098266],[19.03916,53.9992]]}},{"type":"Feature","properties":{"numer":"2900G","klasa":"droga zbiorcza","kat":"powiatowa"},"geometry":{"type":"LineString","coordinates":[[19.03916,53.9992],[19.03924,53.99949],[19.04035,54.00022],[19.04053,54.00097],[19.03839,54.00546]]}},{"type":"Feature","properties":{"numer":"201080G","klasa":"droga zbiorcza","kat":"powiatowa"},"geometry":{"type":"LineString","coordinates":[[19.03533,54.02049],[19.03539,54.02049]]}},{"type":"Feature","properties":{"numer":"201080G","klasa":"droga zbiorcza","kat":"powiatowa"},"geometry":{"type":"LineString","coordinates":[[19.03539,54.02049],[19.03558,54.0205]]}},{"type":"Feature","properties":{"numer":"201080G","klasa":"droga zbiorcza","kat":"powiatowa"},"geometry":{"type":"LineString","coordinates":[[19.03558,54.0205],[19.03589,54.02052]]}},{"type":"Feature","properties":{"numer":"201099G","klasa":"droga zbiorcza","kat":"powiatowa"},"geometry":{"type":"LineString","coordinates":[[19.03589,54.02052],[19.03599,54.02135],[19.03641,54.02239]]}},{"type":"Feature","properties":{"numer":"201030G","klasa":"droga zbiorcza","kat":"powiatowa"},"geometry":{"type":"LineString","coordinates":[[19.0379,54.02281],[19.03641,54.02239]]}},{"type":"Feature","properties":{"numer":"201099G","klasa":"droga zbiorcza","kat":"powiatowa"},"geometry":{"type":"LineString","coordinates":[[19.03641,54.02239],[19.03663,54.02292],[19.03661,54.02318]]}},{"type":"Feature","properties":{"numer":"201090G","klasa":"droga lokalna","kat":"powiatowa"},"geometry":{"type":"LineString","coordinates":[[19.02332,54.01577],[19.02539,54.01635]]}},{"type":"Feature","properties":{"numer":"201090G","klasa":"droga lokalna","kat":"powiatowa"},"geometry":{"type":"LineString","coordinates":[[19.02539,54.01635],[19.0263,54.0166]]}},{"type":"Feature","properties":{"numer":"201090G","klasa":"droga lokalna","kat":"powiatowa"},"geometry":{"type":"LineString","coordinates":[[19.0263,54.0166],[19.02791,54.01704]]}},{"type":"Feature","properties":{"numer":"55","klasa":"droga gĹ‚Ăłwna","kat":"krajowa"},"geometry":{"type":"LineString","coordinates":[[19.01234,54.02002],[19.0113,54.0189],[19.01161,54.01752],[19.01165,54.01654],[19.01027,54.01401]]}},{"type":"Feature","properties":{"numer":"201090G","klasa":"droga lokalna","kat":"powiatowa"},"geometry":{"type":"LineString","coordinates":[[19.02791,54.01704],[19.02803,54.01707]]}},{"type":"Feature","properties":{"numer":"201090G","klasa":"droga lokalna","kat":"powiatowa"},"geometry":{"type":"LineString","coordinates":[[19.02803,54.01707],[19.02913,54.01738],[19.02953,54.01766]]}},{"type":"Feature","properties":{"numer":"201090G","klasa":"droga lokalna","kat":"powiatowa"},"geometry":{"type":"LineString","coordinates":[[19.02953,54.01766],[19.02991,54.01802]]}},{"type":"Feature","properties":{"numer":"201080G","klasa":"droga zbiorcza","kat":"powiatowa"},"geometry":{"type":"LineString","coordinates":[[19.02991,54.01802],[19.03344,54.01999],[19.03444,54.02035],[19.03533,54.02049]]}},{"type":"Feature","properties":{"numer":"201024G","klasa":"droga zbiorcza","kat":"powiatowa"},"geometry":{"type":"LineString","coordinates":[[19.01358,54.01961],[19.01512,54.01911]]}},{"type":"Feature","properties":{"numer":"201024G","klasa":"droga zbiorcza","kat":"powiatowa"},"geometry":{"type":"LineString","coordinates":[[19.01267,54.01991],[19.01358,54.01961]]}},{"type":"Feature","properties":{"numer":"201151G","klasa":"droga zbiorcza","kat":"powiatowa"},"geometry":{"type":"LineString","coordinates":[[19.01893,54.02333],[19.01884,54.02324]]}},{"type":"Feature","properties":{"numer":"201151G","klasa":"droga zbiorcza","kat":"powiatowa"},"geometry":{"type":"LineString","coordinates":[[19.02004,54.02423],[19.01893,54.02333]]}},{"type":"Feature","properties":{"numer":"201180G","klasa":"droga zbiorcza","kat":"powiatowa"},"geometry":{"type":"LineString","coordinates":[[19.025,54.02395],[19.02505,54.02392]]}},{"type":"Feature","properties":{"numer":"201180G","klasa":"droga zbiorcza","kat":"powiatowa"},"geometry":{"type":"LineString","coordinates":[[19.02449,54.02444],[19.025,54.02395]]}},{"type":"Feature","properties":{"numer":"201151G","klasa":"droga zbiorcza","kat":"powiatowa"},"geometry":{"type":"LineString","coordinates":[[19.02059,54.02462],[19.02004,54.02423]]}},{"type":"Feature","properties":{"numer":"201180G","klasa":"droga zbiorcza","kat":"powiatowa"},"geometry":{"type":"LineString","coordinates":[[19.02423,54.02497],[19.02449,54.02444]]}},{"type":"Feature","properties":{"numer":"201151G","klasa":"droga zbiorcza","kat":"powiatowa"},"geometry":{"type":"LineString","coordinates":[[19.021,54.02492],[19.02059,54.02462]]}},{"type":"Feature","properties":{"numer":"201180G","klasa":"droga zbiorcza","kat":"powiatowa"},"geometry":{"type":"LineString","coordinates":[[19.02421,54.025],[19.02423,54.02497]]}},{"type":"Feature","properties":{"numer":"201151G","klasa":"droga zbiorcza","kat":"powiatowa"},"geometry":{"type":"LineString","coordinates":[[19.02254,54.02532],[19.02154,54.02526],[19.021,54.02492]]}},{"type":"Feature","properties":{"numer":"201087G","klasa":"droga zbiorcza","kat":"powiatowa"},"geometry":{"type":"LineString","coordinates":[[19.02423,54.02497],[19.0246,54.02542]]}},{"type":"Feature","properties":{"numer":"201030G","klasa":"droga zbiorcza","kat":"powiatowa"},"geometry":{"type":"LineString","coordinates":[[19.03892,54.02304],[19.0379,54.02281]]}},{"type":"Feature","properties":{"numer":"201030G","klasa":"droga zbiorcza","kat":"powiatowa"},"geometry":{"type":"LineString","coordinates":[[19.04077,54.02345],[19.03892,54.02304]]}},{"type":"Feature","properties":{"numer":"201099G","klasa":"droga zbiorcza","kat":"powiatowa"},"geometry":{"type":"LineString","coordinates":[[19.03661,54.02318],[19.03613,54.02378]]}},{"type":"Feature","properties":{"numer":"201030G","klasa":"droga zbiorcza","kat":"powiatowa"},"geometry":{"type":"LineString","coordinates":[[19.04247,54.02406],[19.04077,54.02345]]}},{"type":"Feature","properties":{"numer":"201099G","klasa":"droga zbiorcza","kat":"powiatowa"},"geometry":{"type":"LineString","coordinates":[[19.03613,54.02378],[19.03509,54.02486]]}},{"type":"Feature","properties":{"numer":"201030G","klasa":"droga zbiorcza","kat":"powiatowa"},"geometry":{"type":"LineString","coordinates":[[19.04488,54.02501],[19.04247,54.02406]]}},{"type":"Feature","properties":{"numer":"201030G","klasa":"droga zbiorcza","kat":"powiatowa"},"geometry":{"type":"LineString","coordinates":[[19.04571,54.02534],[19.04488,54.02501]]}},{"type":"Feature","properties":{"numer":"201099G","klasa":"droga zbiorcza","kat":"powiatowa"},"geometry":{"type":"LineString","coordinates":[[19.03509,54.02486],[19.03472,54.02574]]}},{"type":"Feature","properties":{"numer":"201031G","klasa":"droga zbiorcza","kat":"powiatowa"},"geometry":{"type":"LineString","coordinates":[[19.04488,54.02501],[19.04439,54.02587]]}},{"type":"Feature","properties":{"numer":"201030G","klasa":"droga zbiorcza","kat":"powiatowa"},"geometry":{"type":"LineString","coordinates":[[19.04646,54.02565],[19.04571,54.02534]]}},{"type":"Feature","properties":{"numer":"201030G","klasa":"droga zbiorcza","kat":"powiatowa"},"geometry":{"type":"LineString","coordinates":[[19.04746,54.02604],[19.04646,54.02565]]}},{"type":"Feature","properties":{"numer":"201031G","klasa":"droga zbiorcza","kat":"powiatowa"},"geometry":{"type":"LineString","coordinates":[[19.04439,54.02587],[19.04426,54.02606]]}},{"type":"Feature","properties":{"numer":"201172G","klasa":"droga zbiorcza","kat":"powiatowa"},"geometry":{"type":"LineString","coordinates":[[19.03472,54.02579],[19.03794,54.02594],[19.03936,54.02622],[19.04023,54.02655]]}},{"type":"Feature","properties":{"numer":"201031G","klasa":"droga zbiorcza","kat":"powiatowa"},"geometry":{"type":"LineString","coordinates":[[19.04426,54.02606],[19.0436,54.02678]]}},{"type":"Feature","properties":{"numer":"201099G","klasa":"droga zbiorcza","kat":"powiatowa"},"geometry":{"type":"LineString","coordinates":[[19.03463,54.02744],[19.0347,54.02585]]}},{"type":"Feature","properties":{"numer":"201172G","klasa":"droga zbiorcza","kat":"powiatowa"},"geometry":{"type":"LineString","coordinates":[[19.04023,54.02655],[19.04257,54.02757]]}},{"type":"Feature","properties":{"numer":"201031G","klasa":"droga zbiorcza","kat":"powiatowa"},"geometry":{"type":"LineString","coordinates":[[19.0436,54.02678],[19.04257,54.02757]]}},{"type":"Feature","properties":{"numer":"515","klasa":"droga gĹ‚Ăłwna","kat":"wojewodzka"},"geometry":{"type":"LineString","coordinates":[[19.04746,54.02604],[19.04559,54.02727],[19.04435,54.02836]]}},{"type":"Feature","properties":{"numer":"201172G","klasa":"droga zbiorcza","kat":"powiatowa"},"geometry":{"type":"LineString","coordinates":[[19.04257,54.02757],[19.04283,54.02768]]}},{"type":"Feature","properties":{"numer":"201099G","klasa":"droga zbiorcza","kat":"powiatowa"},"geometry":{"type":"LineString","coordinates":[[19.03463,54.02744],[19.03464,54.02785],[19.03486,54.02845]]}},{"type":"Feature","properties":{"numer":"201087G","klasa":"droga zbiorcza","kat":"powiatowa"},"geometry":{"type":"LineString","coordinates":[[19.02686,54.02793],[19.0279,54.02901]]}},{"type":"Feature","properties":{"numer":"201087G","klasa":"droga zbiorcza","kat":"powiatowa"},"geometry":{"type":"LineString","coordinates":[[19.0279,54.02901],[19.028,54.02912]]}},{"type":"Feature","properties":{"numer":"201146G","klasa":"droga zbiorcza","kat":"powiatowa"},"geometry":{"type":"LineString","coordinates":[[19.0227,54.02955],[19.02243,54.02869]]}},{"type":"Feature","properties":{"numer":"201087G","klasa":"droga zbiorcza","kat":"powiatowa"},"geometry":{"type":"LineString","coordinates":[[19.028,54.02912],[19.02877,54.0301]]}},{"type":"Feature","properties":{"numer":"201146G","klasa":"droga zbiorcza","kat":"powiatowa"},"geometry":{"type":"LineString","coordinates":[[19.0231,54.03065],[19.0227,54.02955]]}},{"type":"Feature","properties":{"numer":"201087G","klasa":"droga zbiorcza","kat":"powiatowa"},"geometry":{"type":"LineString","coordinates":[[19.02877,54.0301],[19.02895,54.03031]]}},{"type":"Feature","properties":{"numer":"201087G","klasa":"droga zbiorcza","kat":"powiatowa"},"geometry":{"type":"LineString","coordinates":[[19.02895,54.03031],[19.02899,54.03038]]}},{"type":"Feature","properties":{"numer":"201087G","klasa":"droga zbiorcza","kat":"powiatowa"},"geometry":{"type":"LineString","coordinates":[[19.02899,54.03038],[19.02919,54.03067]]}},{"type":"Feature","properties":{"numer":"201146G","klasa":"droga zbiorcza","kat":"powiatowa"},"geometry":{"type":"LineString","coordinates":[[19.02315,54.03079],[19.0231,54.03065]]}},{"type":"Feature","properties":{"numer":"201085G","klasa":"droga zbiorcza","kat":"powiatowa"},"geometry":{"type":"LineString","coordinates":[[19.03177,54.0309],[19.03216,54.03087]]}},{"type":"Feature","properties":{"numer":"22","klasa":"droga gĹ‚Ăłwna ruchu przyĹ›pieszonego","kat":"krajowa"},"geometry":{"type":"LineString","coordinates":[[19.05792,54.03604],[19.06217,54.03659],[19.06317,54.03666],[19.08351,54.03691],[19.08498,54.03683],[19.08901,54.03624],[19.09127,54.03621],[19.14175,54.04148]]}},{"type":"Feature","properties":{"numer":"2929G","klasa":"droga zbiorcza","kat":"powiatowa"},"geometry":{"type":"LineString","coordinates":[[19.11783,54.06336],[19.11068,54.06771]]}},{"type":"Feature","properties":{"numer":"201172G","klasa":"droga zbiorcza","kat":"powiatowa"},"geometry":{"type":"LineString","coordinates":[[19.04283,54.02768],[19.04435,54.02836]]}},{"type":"Feature","properties":{"numer":"201099G","klasa":"droga zbiorcza","kat":"powiatowa"},"geometry":{"type":"LineString","coordinates":[[19.03486,54.02845],[19.03498,54.02916]]}},{"type":"Feature","properties":{"numer":"201099G","klasa":"droga zbiorcza","kat":"powiatowa"},"geometry":{"type":"LineString","coordinates":[[19.03498,54.02916],[19.03507,54.02985]]}},{"type":"Feature","properties":{"numer":"201099G","klasa":"droga zbiorcza","kat":"powiatowa"},"geometry":{"type":"LineString","coordinates":[[19.03507,54.02985],[19.0355,54.03077]]}},{"type":"Feature","properties":{"numer":"515","klasa":"droga gĹ‚Ăłwna","kat":"wojewodzka"},"geometry":{"type":"LineString","coordinates":[[19.04435,54.02836],[19.04004,54.03227],[19.03883,54.03354]]}},{"type":"Feature","properties":{"numer":"201029G","klasa":"droga zbiorcza","kat":"powiatowa"},"geometry":{"type":"LineString","coordinates":[[19.0355,54.03077],[19.03542,54.03109],[19.03515,54.03142],[19.0348,54.0316]]}},{"type":"Feature","properties":{"numer":"201029G","klasa":"droga zbiorcza","kat":"powiatowa"},"geometry":{"type":"LineString","coordinates":[[19.0348,54.0316],[19.03408,54.03185]]}},{"type":"Feature","properties":{"numer":"201029G","klasa":"droga zbiorcza","kat":"powiatowa"},"geometry":{"type":"LineString","coordinates":[[19.03345,54.0319],[19.03253,54.03178]]}},{"type":"Feature","properties":{"numer":"201029G","klasa":"droga zbiorcza","kat":"powiatowa"},"geometry":{"type":"LineString","coordinates":[[19.03408,54.03185],[19.0338,54.03192],[19.03345,54.0319]]}},{"type":"Feature","properties":{"numer":"201149G","klasa":"droga zbiorcza","kat":"powiatowa"},"geometry":{"type":"LineString","coordinates":[[19.03408,54.03185],[19.03419,54.03222],[19.03414,54.033]]}},{"type":"Feature","properties":{"numer":"201085G","klasa":"droga zbiorcza","kat":"powiatowa"},"geometry":{"type":"LineString","coordinates":[[19.03216,54.03087],[19.03224,54.0309]]}},{"type":"Feature","properties":{"numer":"201085G","klasa":"droga zbiorcza","kat":"powiatowa"},"geometry":{"type":"LineString","coordinates":[[19.03224,54.0309],[19.03232,54.03094]]}},{"type":"Feature","properties":{"numer":"201087G","klasa":"droga zbiorcza","kat":"powiatowa"},"geometry":{"type":"LineString","coordinates":[[19.02919,54.03067],[19.02944,54.03122]]}},{"type":"Feature","properties":{"numer":"201085G","klasa":"droga zbiorcza","kat":"powiatowa"},"geometry":{"type":"LineString","coordinates":[[19.03056,54.03105],[19.03177,54.0309]]}},{"type":"Feature","properties":{"numer":"201085G","klasa":"droga zbiorcza","kat":"powiatowa"},"geometry":{"type":"LineString","coordinates":[[19.03232,54.03094],[19.03236,54.03113]]}},{"type":"Feature","properties":{"numer":"201146G","klasa":"droga zbiorcza","kat":"powiatowa"},"geometry":{"type":"LineString","coordinates":[[19.02342,54.03144],[19.02315,54.03079]]}},{"type":"Feature","properties":{"numer":"201085G","klasa":"droga zbiorcza","kat":"powiatowa"},"geometry":{"type":"LineString","coordinates":[[19.02944,54.03122],[19.03056,54.03105]]}},{"type":"Feature","properties":{"numer":"201085G","klasa":"droga zbiorcza","kat":"powiatowa"},"geometry":{"type":"LineString","coordinates":[[19.02882,54.03136],[19.02944,54.03122]]}},{"type":"Feature","properties":{"numer":"201085G","klasa":"droga zbiorcza","kat":"powiatowa"},"geometry":{"type":"LineString","coordinates":[[19.03236,54.03113],[19.03247,54.03145]]}},{"type":"Feature","properties":{"numer":"201107G","klasa":"droga zbiorcza","kat":"powiatowa"},"geometry":{"type":"LineString","coordinates":[[19.02676,54.03099],[19.027,54.03174]]}},{"type":"Feature","properties":{"numer":"201146G","klasa":"droga zbiorcza","kat":"powiatowa"},"geometry":{"type":"LineString","coordinates":[[19.02346,54.03153],[19.02342,54.03144]]}},{"type":"Feature","properties":{"numer":"201085G","klasa":"droga zbiorcza","kat":"powiatowa"},"geometry":{"type":"LineString","coordinates":[[19.027,54.03174],[19.02882,54.03136]]}},{"type":"Feature","properties":{"numer":"201085G","klasa":"droga zbiorcza","kat":"powiatowa"},"geometry":{"type":"LineString","coordinates":[[19.03247,54.03145],[19.03253,54.03178]]}},{"type":"Feature","properties":{"numer":"201146G","klasa":"droga zbiorcza","kat":"powiatowa"},"geometry":{"type":"LineString","coordinates":[[19.02357,54.03178],[19.02346,54.03153]]}},{"type":"Feature","properties":{"numer":"201087G","klasa":"droga zbiorcza","kat":"powiatowa"},"geometry":{"type":"LineString","coordinates":[[19.02944,54.03122],[19.02974,54.03283]]}},{"type":"Feature","properties":{"numer":"201107G","klasa":"droga zbiorcza","kat":"powiatowa"},"geometry":{"type":"LineString","coordinates":[[19.027,54.03174],[19.0272,54.03237]]}},{"type":"Feature","properties":{"numer":"201146G","klasa":"droga zbiorcza","kat":"powiatowa"},"geometry":{"type":"LineString","coordinates":[[19.02401,54.03293],[19.02357,54.03178]]}},{"type":"Feature","properties":{"numer":"201107G","klasa":"droga zbiorcza","kat":"powiatowa"},"geometry":{"type":"LineString","coordinates":[[19.0272,54.03237],[19.02744,54.03311]]}},{"type":"Feature","properties":{"numer":"201111G","klasa":"droga lokalna","kat":"powiatowa"},"geometry":{"type":"LineString","coordinates":[[19.03246,54.0325],[19.03241,54.03323]]}},{"type":"Feature","properties":{"numer":"201087G","klasa":"droga zbiorcza","kat":"powiatowa"},"geometry":{"type":"LineString","coordinates":[[19.02974,54.03283],[19.02983,54.03343]]}},{"type":"Feature","properties":{"numer":"201146G","klasa":"droga zbiorcza","kat":"powiatowa"},"geometry":{"type":"LineString","coordinates":[[19.02421,54.03359],[19.02401,54.03293]]}},{"type":"Feature","properties":{"numer":"201107G","klasa":"droga zbiorcza","kat":"powiatowa"},"geometry":{"type":"LineString","coordinates":[[19.02744,54.03311],[19.02754,54.03343]]}},{"type":"Feature","properties":{"numer":"201107G","klasa":"droga zbiorcza","kat":"powiatowa"},"geometry":{"type":"LineString","coordinates":[[19.02754,54.03343],[19.02756,54.03346]]}},{"type":"Feature","properties":{"numer":"201107G,201182G","klasa":"droga zbiorcza","kat":"powiatowa"},"geometry":{"type":"LineString","coordinates":[[19.02756,54.03346],[19.02764,54.03362]]}},{"type":"Feature","properties":{"numer":"201111G","klasa":"droga lokalna","kat":"powiatowa"},"geometry":{"type":"LineString","coordinates":[[19.03241,54.03323],[19.03229,54.0341]]}},{"type":"Feature","properties":{"numer":"201107G,201182G","klasa":"droga zbiorcza","kat":"powiatowa"},"geometry":{"type":"LineString","coordinates":[[19.02764,54.03362],[19.0277,54.03371]]}},{"type":"Feature","properties":{"numer":"201107G","klasa":"droga zbiorcza","kat":"powiatowa"},"geometry":{"type":"LineString","coordinates":[[19.0277,54.03371],[19.02769,54.0338]]}},{"type":"Feature","properties":{"numer":"201146G","klasa":"droga zbiorcza","kat":"powiatowa"},"geometry":{"type":"LineString","coordinates":[[19.02428,54.03413],[19.02437,54.03405],[19.02421,54.03359]]}},{"type":"Feature","properties":{"numer":"201107G","klasa":"droga zbiorcza","kat":"powiatowa"},"geometry":{"type":"LineString","coordinates":[[19.02769,54.0338],[19.02775,54.03407]]}},{"type":"Feature","properties":{"numer":"201146G","klasa":"droga zbiorcza","kat":"powiatowa"},"geometry":{"type":"LineString","coordinates":[[19.02408,54.03417],[19.02428,54.03413]]}},{"type":"Feature","properties":{"numer":"201149G","klasa":"droga zbiorcza","kat":"powiatowa"},"geometry":{"type":"LineString","coordinates":[[19.03414,54.033],[19.0343,54.03397]]}},{"type":"Feature","properties":{"numer":"201149G","klasa":"droga zbiorcza","kat":"powiatowa"},"geometry":{"type":"LineString","coordinates":[[19.0343,54.03397],[19.03446,54.03417]]}},{"type":"Feature","properties":{"numer":"201149G","klasa":"droga zbiorcza","kat":"powiatowa"},"geometry":{"type":"LineString","coordinates":[[19.03446,54.03417],[19.03451,54.03424]]}},{"type":"Feature","properties":{"numer":"201149G","klasa":"droga zbiorcza","kat":"powiatowa"},"geometry":{"type":"LineString","coordinates":[[19.03451,54.03424],[19.03462,54.03426]]}},{"type":"Feature","properties":{"numer":"201149G","klasa":"droga zbiorcza","kat":"powiatowa"},"geometry":{"type":"LineString","coordinates":[[19.03462,54.03426],[19.03476,54.03431]]}},{"type":"Feature","properties":{"numer":"201149G","klasa":"droga zbiorcza","kat":"powiatowa"},"geometry":{"type":"LineString","coordinates":[[19.03476,54.03431],[19.03506,54.03448]]}},{"type":"Feature","properties":{"numer":"515","klasa":"droga gĹ‚Ăłwna","kat":"wojewodzka"},"geometry":{"type":"LineString","coordinates":[[19.03883,54.03354],[19.03818,54.03442],[19.03769,54.03593]]}},{"type":"Feature","properties":{"numer":"201149G","klasa":"droga zbiorcza","kat":"powiatowa"},"geometry":{"type":"LineString","coordinates":[[19.03506,54.03448],[19.03595,54.03506]]}},{"type":"Feature","properties":{"numer":"22","klasa":"droga gĹ‚Ăłwna ruchu przyĹ›pieszonego","kat":"krajowa"},"geometry":{"type":"LineString","coordinates":[[19.03751,54.0361],[19.03662,54.03568],[19.0362,54.03557],[19.03206,54.03556]]}},{"type":"Feature","properties":{"numer":"22","klasa":"droga gĹ‚Ăłwna ruchu przyĹ›pieszonego","kat":"krajowa"},"geometry":{"type":"LineString","coordinates":[[19.05,54.03607],[19.0516,54.03571],[19.05258,54.03563],[19.05617,54.03576],[19.05792,54.03604]]}},{"type":"Feature","properties":{"numer":"201107G","klasa":"droga zbiorcza","kat":"powiatowa"},"geometry":{"type":"LineString","coordinates":[[19.02775,54.03407],[19.02796,54.03471]]}},{"type":"Feature","properties":{"numer":"201111G","klasa":"droga lokalna","kat":"powiatowa"},"geometry":{"type":"LineString","coordinates":[[19.03229,54.0341],[19.03216,54.03479]]}},{"type":"Feature","properties":{"numer":"55","klasa":"droga gĹ‚Ăłwna","kat":"krajowa"},"geometry":{"type":"LineString","coordinates":[[19.02459,54.03482],[19.02408,54.03417]]}},{"type":"Feature","properties":{"numer":"201107G","klasa":"droga zbiorcza","kat":"powiatowa"},"geometry":{"type":"LineString","coordinates":[[19.02796,54.03471],[19.02801,54.03501]]}},{"type":"Feature","properties":{"numer":"201111G","klasa":"droga lokalna","kat":"powiatowa"},"geometry":{"type":"LineString","coordinates":[[19.03216,54.03479],[19.03208,54.03528]]}},{"type":"Feature","properties":{"numer":"201107G","klasa":"droga zbiorcza","kat":"powiatowa"},"geometry":{"type":"LineString","coordinates":[[19.02801,54.03501],[19.02802,54.03507]]}},{"type":"Feature","properties":{"numer":"201107G","klasa":"droga zbiorcza","kat":"powiatowa"},"geometry":{"type":"LineString","coordinates":[[19.02802,54.03507],[19.02803,54.03512]]}},{"type":"Feature","properties":{"numer":"55","klasa":"droga gĹ‚Ăłwna","kat":"krajowa"},"geometry":{"type":"LineString","coordinates":[[19.02502,54.0354],[19.02459,54.03482]]}},{"type":"Feature","properties":{"numer":"201107G","klasa":"droga zbiorcza","kat":"powiatowa"},"geometry":{"type":"LineString","coordinates":[[19.02803,54.03512],[19.02814,54.03533]]}},{"type":"Feature","properties":{"numer":"22","klasa":"droga gĹ‚Ăłwna ruchu przyĹ›pieszonego","kat":"krajowa"},"geometry":{"type":"LineString","coordinates":[[19.02802,54.03507],[19.02689,54.03515],[19.02507,54.03544]]}},{"type":"Feature","properties":{"numer":"22","klasa":"droga gĹ‚Ăłwna ruchu przyĹ›pieszonego","kat":"krajowa"},"geometry":{"type":"LineString","coordinates":[[19.03206,54.03556],[19.02925,54.03512],[19.02802,54.03507]]}},{"type":"Feature","properties":{"numer":"201111G","klasa":"droga lokalna","kat":"powiatowa"},"geometry":{"type":"LineString","coordinates":[[19.03208,54.03528],[19.03204,54.0355]]}},{"type":"Feature","properties":{"numer":"55","klasa":"droga gĹ‚Ăłwna","kat":"krajowa"},"geometry":{"type":"LineString","coordinates":[[19.02507,54.03544],[19.02502,54.0354]]}},{"type":"Feature","properties":{"numer":"201111G","klasa":"droga lokalna","kat":"powiatowa"},"geometry":{"type":"LineString","coordinates":[[19.03204,54.0355],[19.03206,54.03556]]}},{"type":"Feature","properties":{"numer":"201107G","klasa":"droga zbiorcza","kat":"powiatowa"},"geometry":{"type":"LineString","coordinates":[[19.02814,54.03533],[19.02832,54.03576]]}},{"type":"Feature","properties":{"numer":"22,55","klasa":"droga gĹ‚Ăłwna ruchu przyĹ›pieszonego","kat":"gminna"},"geometry":{"type":"LineString","coordinates":[[19.02507,54.03544],[19.01873,54.03674]]}},{"type":"Feature","properties":{"numer":"201107G","klasa":"droga zbiorcza","kat":"powiatowa"},"geometry":{"type":"LineString","coordinates":[[19.02832,54.03576],[19.02889,54.03685]]}},{"type":"Feature","properties":{"numer":"2905G","klasa":"droga zbiorcza","kat":"powiatowa"},"geometry":{"type":"LineString","coordinates":[[19.01798,54.03638],[19.01873,54.03674]]}},{"type":"Feature","properties":{"numer":"2905G","klasa":"droga zbiorcza","kat":"powiatowa"},"geometry":{"type":"LineString","coordinates":[[19.01798,54.03638],[19.01752,54.03683],[19.01661,54.03707],[19.01645,54.0372]]}},{"type":"Feature","properties":{"numer":"55","klasa":"droga gĹ‚Ăłwna","kat":"krajowa"},"geometry":{"type":"LineString","coordinates":[[19.01873,54.03674],[19.01916,54.03697]]}},{"type":"Feature","properties":{"numer":"","klasa":"droga gĹ‚Ăłwna","kat":"gminna"},"geometry":{"type":"LineString","coordinates":[[19.03769,54.03593],[19.03751,54.0361]]}},{"type":"Feature","properties":{"numer":"22","klasa":"droga gĹ‚Ăłwna ruchu przyĹ›pieszonego","kat":"krajowa"},"geometry":{"type":"LineString","coordinates":[[19.03776,54.03628],[19.03751,54.0361]]}},{"type":"Feature","properties":{"numer":"201078G","klasa":"droga zbiorcza","kat":"powiatowa"},"geometry":{"type":"LineString","coordinates":[[19.0577,54.03683],[19.05792,54.03604]]}},{"type":"Feature","properties":{"numer":"22","klasa":"droga gĹ‚Ăłwna ruchu przyĹ›pieszonego","kat":"krajowa"},"geometry":{"type":"LineString","coordinates":[[19.05,54.03607],[19.04862,54.03633],[19.04395,54.03663],[19.04332,54.03677],[19.0417,54.03733],[19.04085,54.03746],[19.04011,54.03742],[19.03929,54.0372],[19.03864,54.03693],[19.03776,54.03628]]}},{"type":"Feature","properties":{"numer":"201078G","klasa":"droga zbiorcza","kat":"powiatowa"},"geometry":{"type":"LineString","coordinates":[[19.05731,54.03835],[19.0577,54.03683]]}},{"type":"Feature","properties":{"numer":"201078G","klasa":"droga zbiorcza","kat":"powiatowa"},"geometry":{"type":"LineString","coordinates":[[19.05724,54.03864],[19.05731,54.03835]]}},{"type":"Feature","properties":{"numer":"201078G","klasa":"droga zbiorcza","kat":"powiatowa"},"geometry":{"type":"LineString","coordinates":[[19.057,54.0395],[19.05724,54.03864]]}},{"type":"Feature","properties":{"numer":"201078G","klasa":"droga zbiorcza","kat":"powiatowa"},"geometry":{"type":"LineString","coordinates":[[19.05681,54.04043],[19.057,54.0395]]}},{"type":"Feature","properties":{"numer":"201078G","klasa":"droga zbiorcza","kat":"powiatowa"},"geometry":{"type":"LineString","coordinates":[[19.05666,54.04093],[19.05681,54.04043]]}},{"type":"Feature","properties":{"numer":"201078G","klasa":"droga zbiorcza","kat":"powiatowa"},"geometry":{"type":"LineString","coordinates":[[19.0566,54.04102],[19.05666,54.04093]]}},{"type":"Feature","properties":{"numer":"2936G","klasa":"droga zbiorcza","kat":"powiatowa"},"geometry":{"type":"LineString","coordinates":[[19.23914,54.02084],[19.2393826518151,54.02072369447483]]}},{"type":"Feature","properties":{"numer":"2936G","klasa":"droga gĹ‚Ăłwna","kat":"powiatowa"},"geometry":{"type":"LineString","coordinates":[[19.23914,54.02084],[19.23888,54.02095]]}},{"type":"Feature","properties":{"numer":"2936G","klasa":"droga gĹ‚Ăłwna","kat":"powiatowa"},"geometry":{"type":"LineString","coordinates":[[19.23888,54.02095],[19.22706,54.02646],[19.22481,54.02728],[19.22432,54.02761]]}},{"type":"Feature","properties":{"numer":"2912G","klasa":"droga zbiorcza","kat":"powiatowa"},"geometry":{"type":"LineString","coordinates":[[19.22432,54.02761],[19.22295,54.02719],[19.22029,54.02603],[19.21916,54.0252],[19.21909,54.02502],[19.21952,54.02418],[19.22327,54.02111]]}},{"type":"Feature","properties":{"numer":"2907G","klasa":"droga zbiorcza","kat":"powiatowa"},"geometry":{"type":"LineString","coordinates":[[19.25809,54.03509],[19.258115056603774,54.03507974957118]]}},{"type":"Feature","properties":{"numer":"2907G","klasa":"droga zbiorcza","kat":"powiatowa"},"geometry":{"type":"LineString","coordinates":[[19.25658,54.03601],[19.25716,54.03557],[19.25809,54.03509]]}},{"type":"Feature","properties":{"numer":"2907G","klasa":"droga zbiorcza","kat":"powiatowa"},"geometry":{"type":"LineString","coordinates":[[19.25192,54.03668],[19.25575,54.03606],[19.25658,54.03601]]}},{"type":"Feature","properties":{"numer":"2907G","klasa":"droga zbiorcza","kat":"powiatowa"},"geometry":{"type":"LineString","coordinates":[[19.25183,54.03669],[19.25192,54.03668]]}},{"type":"Feature","properties":{"numer":"2910G","klasa":"droga zbiorcza","kat":"powiatowa"},"geometry":{"type":"LineString","coordinates":[[19.2597,54.03811],[19.25873,54.03765],[19.25722,54.03637],[19.25658,54.03601]]}},{"type":"Feature","properties":{"numer":"2907G","klasa":"droga zbiorcza","kat":"powiatowa"},"geometry":{"type":"LineString","coordinates":[[19.22874,54.04234],[19.23925,54.03899],[19.24402,54.03795],[19.25183,54.03669]]}},{"type":"Feature","properties":{"numer":"1126N","klasa":"droga zbiorcza","kat":"powiatowa"},"geometry":{"type":"LineString","coordinates":[[19.263270584834196,54.029007902571934],[19.26503,54.02793],[19.266042645161303,54.027704967741926]]}},{"type":"Feature","properties":{"numer":"2910G","klasa":"droga zbiorcza","kat":"powiatowa"},"geometry":{"type":"LineString","coordinates":[[19.280723423941453,54.044530684788285],[19.27812,54.04401],[19.27458,54.04363],[19.27115,54.04353],[19.2681,54.04289],[19.26718,54.04256],[19.26551,54.04175],[19.2597,54.03811]]}},{"type":"Feature","properties":{"numer":"2907G","klasa":"","kat":"powiatowa"},"geometry":{"type":"LineString","coordinates":[[19.22814,54.04242],[19.22874,54.04234]]}},{"type":"Feature","properties":{"numer":"2908G","klasa":"","kat":"powiatowa"},"geometry":{"type":"LineString","coordinates":[[19.22814,54.04242],[19.23004,54.04353],[19.23035,54.04387],[19.2304,54.04409],[19.22841,54.05056],[19.22823,54.05362],[19.22871,54.05565],[19.22846,54.05614],[19.22764,54.05714]]}},{"type":"Feature","properties":{"numer":"2914G","klasa":"","kat":"powiatowa"},"geometry":{"type":"LineString","coordinates":[[19.22764,54.05714],[19.22798,54.05725],[19.2289,54.05787]]}},{"type":"Feature","properties":{"numer":"2914G","klasa":"","kat":"powiatowa"},"geometry":{"type":"LineString","coordinates":[[19.22121,54.05791],[19.22329,54.05802],[19.22453,54.05738],[19.22693,54.05736],[19.22764,54.05714]]}},{"type":"Feature","properties":{"numer":"2914G","klasa":"","kat":"powiatowa"},"geometry":{"type":"LineString","coordinates":[[19.2289,54.05787],[19.23685,54.05787],[19.23871,54.05756],[19.24318,54.0574],[19.24496,54.05749],[19.24597,54.05787],[19.247898368036417,54.05992562074948]]}},{"type":"Feature","properties":{"numer":"2911G","klasa":"droga zbiorcza","kat":"powiatowa"},"geometry":{"type":"LineString","coordinates":[[19.22121,54.05791],[19.2254,54.06269],[19.229587341041505,54.06591795025395]]}},{"type":"Feature","properties":{"numer":"22","klasa":"droga gĹ‚Ăłwna ruchu przyĹ›pieszonego","kat":"krajowa"},"geometry":{"type":"LineString","coordinates":[[19.22195,54.07189],[19.22439,54.07582],[19.22497,54.07644],[19.224971202981557,54.07644077560653]]}},{"type":"Feature","properties":{"numer":"2931G","klasa":"droga zbiorcza","kat":"powiatowa"},"geometry":{"type":"LineString","coordinates":[[19.22561435583574,54.07715813589002],[19.2255,54.07751]]}},{"type":"Feature","properties":{"numer":"2931G","klasa":"droga zbiorcza","kat":"powiatowa"},"geometry":{"type":"LineString","coordinates":[[19.2255,54.07751],[19.22547,54.07767]]}},{"type":"Feature","properties":{"numer":"2931G","klasa":"droga zbiorcza","kat":"powiatowa"},"geometry":{"type":"LineString","coordinates":[[19.21748,54.09072],[19.21737,54.08979],[19.21752,54.08938],[19.21815,54.08875],[19.21908,54.0869],[19.21992,54.08612],[19.22048,54.0854],[19.22547,54.07767]]}},{"type":"Feature","properties":{"numer":"2934G","klasa":"","kat":"powiatowa"},"geometry":{"type":"LineString","coordinates":[[19.22214,54.0936],[19.22782,54.09553],[19.23496,54.09783],[19.24194,54.10045]]}},{"type":"Feature","properties":{"numer":"2934G","klasa":"","kat":"powiatowa"},"geometry":{"type":"LineString","coordinates":[[19.24194,54.10045],[19.24181,54.1004]]}},{"type":"Feature","properties":{"numer":"55","klasa":"droga gĹ‚Ăłwna","kat":"krajowa"},"geometry":{"type":"LineString","coordinates":[[19.01027,54.01401],[19.00983,54.01319],[19.00903,54.01057],[19.00865,54.00968],[19.00788,54.00806],[19.00651,54.00577],[19.00627,54.00399],[19.00347,53.99357],[19.00330156579697,53.993091989970104]]}},{"type":"Feature","properties":{"numer":"201090G","klasa":"droga lokalna","kat":"powiatowa"},"geometry":{"type":"LineString","coordinates":[[19.01582,54.01375],[19.01705,54.01378],[19.01839,54.01367]]}},{"type":"Feature","properties":{"numer":"201090G","klasa":"droga lokalna","kat":"powiatowa"},"geometry":{"type":"LineString","coordinates":[[19.01471,54.01372],[19.01582,54.01375]]}},{"type":"Feature","properties":{"numer":"201090G","klasa":"droga lokalna","kat":"powiatowa"},"geometry":{"type":"LineString","coordinates":[[19.01416,54.01376],[19.01471,54.01372]]}},{"type":"Feature","properties":{"numer":"201090G","klasa":"droga lokalna","kat":"powiatowa"},"geometry":{"type":"LineString","coordinates":[[19.01149,54.01397],[19.01416,54.01376]]}},{"type":"Feature","properties":{"numer":"201090G","klasa":"droga lokalna","kat":"powiatowa"},"geometry":{"type":"LineString","coordinates":[[19.01839,54.01367],[19.0193,54.01363],[19.02004,54.01372],[19.02048,54.0139],[19.0209,54.0142]]}},{"type":"Feature","properties":{"numer":"201090G","klasa":"droga lokalna","kat":"powiatowa"},"geometry":{"type":"LineString","coordinates":[[19.01027,54.01401],[19.01149,54.01397]]}},{"type":"Feature","properties":{"numer":"201080G","klasa":"droga zbiorcza","kat":"powiatowa"},"geometry":{"type":"LineString","coordinates":[[19.03506,54.01079],[19.03388,54.01163],[19.03182,54.01354],[19.02974,54.01606],[19.02958,54.01656],[19.02952,54.0174]]}},{"type":"Feature","properties":{"numer":"201090G","klasa":"droga lokalna","kat":"powiatowa"},"geometry":{"type":"LineString","coordinates":[[19.0209,54.0142],[19.02183,54.0149]]}},{"type":"Feature","properties":{"numer":"201090G","klasa":"droga lokalna","kat":"powiatowa"},"geometry":{"type":"LineString","coordinates":[[19.02183,54.0149],[19.02281,54.01556],[19.02332,54.01577]]}},{"type":"Feature","properties":{"numer":"2904G","klasa":"droga zbiorcza","kat":"powiatowa"},"geometry":{"type":"LineString","coordinates":[[18.91428,53.99835],[18.93116,53.97586],[18.9314,53.97564],[18.93309,53.97466],[18.93373,53.9746],[18.935,53.97579],[18.9364,53.97764],[18.9377,53.9788],[18.94111,53.98338],[18.94311,53.98497],[18.94559,53.98714],[18.94741,53.99037],[18.94805,53.99121],[18.9511,53.99293],[18.95348,53.99369],[18.95407,53.99398],[18.95608,53.99597],[18.95857,53.99863]]}},{"type":"Feature","properties":{"numer":"2902G","klasa":"droga zbiorcza","kat":"powiatowa"},"geometry":{"type":"LineString","coordinates":[[18.91829,54.01388],[18.9211,54.0138],[18.92324,54.01349],[18.92517,54.01306],[18.92659,54.01309],[18.92708,54.01338]]}},{"type":"Feature","properties":{"numer":"2902G","klasa":"droga zbiorcza","kat":"powiatowa"},"geometry":{"type":"LineString","coordinates":[[18.92708,54.01338],[18.93229,54.01655],[18.93267,54.01668],[18.93397,54.01672]]}},{"type":"Feature","properties":{"numer":"2901G","klasa":"droga gĹ‚Ăłwna","kat":"powiatowa"},"geometry":{"type":"LineString","coordinates":[[18.94311,54.04948],[18.93633,54.03681],[18.93567,54.03642],[18.9339,54.03576],[18.93262,54.03503],[18.92888,54.03242],[18.92815,54.03156],[18.92771,54.03075],[18.92808,54.02766],[18.92801,54.02717],[18.92291,54.02008],[18.91829,54.01388]]}},{"type":"Feature","properties":{"numer":"22","klasa":"droga gĹ‚Ăłwna ruchu przyĹ›pieszonego","kat":"krajowa"},"geometry":{"type":"LineString","coordinates":[[18.93594,54.05077],[18.94311,54.04948]]}},{"type":"Feature","properties":{"numer":"22","klasa":"droga gĹ‚Ăłwna ruchu przyĹ›pieszonego","kat":"krajowa"},"geometry":{"type":"LineString","coordinates":[[18.93585,54.05078],[18.93594,54.05077]]}},{"type":"Feature","properties":{"numer":"22","klasa":"droga gĹ‚Ăłwna ruchu przyĹ›pieszonego","kat":"krajowa"},"geometry":{"type":"LineString","coordinates":[[18.91664,54.05335],[18.92466,54.0522],[18.93585,54.05078]]}},{"type":"Feature","properties":{"numer":"2917G","klasa":"droga gĹ‚Ăłwna","kat":"powiatowa"},"geometry":{"type":"LineString","coordinates":[[18.921,54.07397],[18.92116,54.0737],[18.92332,54.0732],[18.92182,54.06996],[18.9215,54.06958],[18.92028,54.06863],[18.92014,54.06837],[18.91815,54.06145],[18.91797,54.06053],[18.91761,54.05649],[18.91664,54.05335]]}},{"type":"Feature","properties":{"numer":"201024G","klasa":"droga zbiorcza","kat":"powiatowa"},"geometry":{"type":"LineString","coordinates":[[19.01234,54.02002],[19.01267,54.01991]]}},{"type":"Feature","properties":{"numer":"201151G","klasa":"droga zbiorcza","kat":"powiatowa"},"geometry":{"type":"LineString","coordinates":[[19.01677,54.02101],[19.01552,54.01945],[19.01512,54.01911]]}},{"type":"Feature","properties":{"numer":"201180G","klasa":"droga zbiorcza","kat":"powiatowa"},"geometry":{"type":"LineString","coordinates":[[19.02832,54.0211],[19.02887,54.02007]]}},{"type":"Feature","properties":{"numer":"201151G","klasa":"droga zbiorcza","kat":"powiatowa"},"geometry":{"type":"LineString","coordinates":[[19.01681,54.02105],[19.01677,54.02101]]}},{"type":"Feature","properties":{"numer":"201151G","klasa":"droga zbiorcza","kat":"powiatowa"},"geometry":{"type":"LineString","coordinates":[[19.01706,54.02132],[19.01681,54.02105]]}},{"type":"Feature","properties":{"numer":"201151G","klasa":"droga zbiorcza","kat":"powiatowa"},"geometry":{"type":"LineString","coordinates":[[19.01745,54.02174],[19.01706,54.02132]]}},{"type":"Feature","properties":{"numer":"201151G","klasa":"droga zbiorcza","kat":"powiatowa"},"geometry":{"type":"LineString","coordinates":[[19.01811,54.02248],[19.01745,54.02174]]}},{"type":"Feature","properties":{"numer":"201151G","klasa":"droga zbiorcza","kat":"powiatowa"},"geometry":{"type":"LineString","coordinates":[[19.01814,54.02251],[19.01811,54.02248]]}},{"type":"Feature","properties":{"numer":"201180G","klasa":"droga zbiorcza","kat":"powiatowa"},"geometry":{"type":"LineString","coordinates":[[19.02505,54.02392],[19.02663,54.02297],[19.02832,54.0211]]}},{"type":"Feature","properties":{"numer":"201151G","klasa":"droga zbiorcza","kat":"powiatowa"},"geometry":{"type":"LineString","coordinates":[[19.01884,54.02324],[19.01814,54.02251]]}},{"type":"Feature","properties":{"numer":"201180G","klasa":"droga zbiorcza","kat":"powiatowa"},"geometry":{"type":"LineString","coordinates":[[19.02404,54.02539],[19.02421,54.025]]}},{"type":"Feature","properties":{"numer":"201151G","klasa":"droga zbiorcza","kat":"powiatowa"},"geometry":{"type":"LineString","coordinates":[[19.02404,54.02539],[19.02254,54.02532]]}},{"type":"Feature","properties":{"numer":"201151G","klasa":"droga zbiorcza","kat":"powiatowa"},"geometry":{"type":"LineString","coordinates":[[19.0246,54.02542],[19.02404,54.02539]]}},{"type":"Feature","properties":{"numer":"201087G","klasa":"droga zbiorcza","kat":"powiatowa"},"geometry":{"type":"LineString","coordinates":[[19.0246,54.02542],[19.02546,54.0265]]}},{"type":"Feature","properties":{"numer":"201146G","klasa":"droga zbiorcza","kat":"powiatowa"},"geometry":{"type":"LineString","coordinates":[[19.02267,54.02725],[19.02315,54.02678],[19.02404,54.02539]]}},{"type":"Feature","properties":{"numer":"201087G","klasa":"droga zbiorcza","kat":"powiatowa"},"geometry":{"type":"LineString","coordinates":[[19.02546,54.0265],[19.02576,54.0268]]}},{"type":"Feature","properties":{"numer":"55","klasa":"droga gĹ‚Ăłwna","kat":"krajowa"},"geometry":{"type":"LineString","coordinates":[[19.02408,54.03417],[19.02143,54.03092],[19.02026,54.02872],[19.01833,54.02625],[19.01594,54.02355],[19.01234,54.02002]]}},{"type":"Feature","properties":{"numer":"201087G","klasa":"droga zbiorcza","kat":"powiatowa"},"geometry":{"type":"LineString","coordinates":[[19.02576,54.0268],[19.02664,54.02771]]}},{"type":"Feature","properties":{"numer":"201087G","klasa":"droga zbiorcza","kat":"powiatowa"},"geometry":{"type":"LineString","coordinates":[[19.02664,54.02771],[19.02686,54.02793]]}},{"type":"Feature","properties":{"numer":"201146G","klasa":"droga zbiorcza","kat":"powiatowa"},"geometry":{"type":"LineString","coordinates":[[19.02243,54.02869],[19.0224,54.02771],[19.02267,54.02725]]}},{"type":"Feature","properties":{"numer":"2905G","klasa":"droga zbiorcza","kat":"powiatowa"},"geometry":{"type":"LineString","coordinates":[[18.97216,54.01679],[18.97333,54.01656],[18.97602,54.01674],[18.97844,54.01675],[18.98284,54.01726],[18.9895,54.01784],[18.99041,54.01797],[18.99115,54.01822],[18.99198,54.01873],[18.99392,54.02076],[18.99698,54.02279],[19.00619,54.02759],[19.0096,54.02998],[19.01561,54.03499],[19.01798,54.03638]]}},{"type":"Feature","properties":{"numer":"2904G","klasa":"droga zbiorcza","kat":"powiatowa"},"geometry":{"type":"LineString","coordinates":[[18.97216,54.01679],[18.97414,54.02047],[18.97664,54.02361],[18.97676,54.0241],[18.97647,54.02445],[18.9761,54.02461],[18.96983,54.02667],[18.96935,54.02707],[18.96935,54.02748],[18.9843,54.04373]]}},{"type":"Feature","properties":{"numer":"22","klasa":"droga gĹ‚Ăłwna ruchu przyĹ›pieszonego","kat":"krajowa"},"geometry":{"type":"LineString","coordinates":[[19.0009,54.04069],[19.00363,54.04008]]}},{"type":"Feature","properties":{"numer":"22","klasa":"droga gĹ‚Ăłwna ruchu przyĹ›pieszonego","kat":"krajowa"},"geometry":{"type":"LineString","coordinates":[[18.9952,54.04164],[18.99711,54.04144],[19.0009,54.04069]]}},{"type":"Feature","properties":{"numer":"22","klasa":"droga gĹ‚Ăłwna ruchu przyĹ›pieszonego","kat":"krajowa"},"geometry":{"type":"LineString","coordinates":[[18.99507,54.04165],[18.9952,54.04164]]}},{"type":"Feature","properties":{"numer":"22","klasa":"droga gĹ‚Ăłwna ruchu przyĹ›pieszonego","kat":"krajowa"},"geometry":{"type":"LineString","coordinates":[[18.99507,54.04165],[18.99395,54.04181],[18.9843,54.04373]]}},{"type":"Feature","properties":{"numer":"22","klasa":"droga gĹ‚Ăłwna ruchu przyĹ›pieszonego","kat":"krajowa"},"geometry":{"type":"LineString","coordinates":[[18.9843,54.04373],[18.97637,54.04544],[18.97118,54.04646]]}},{"type":"Feature","properties":{"numer":"2921G","klasa":"","kat":"powiatowa"},"geometry":{"type":"LineString","coordinates":[[19.01003,54.07091],[18.99334,54.06634],[18.99287,54.0661],[18.99283,54.06559],[18.99272,54.06546],[18.99102,54.06545],[18.99057,54.06532],[18.98974,54.06486],[18.98952,54.06483],[18.9891,54.06494],[18.98285,54.06797],[18.98138,54.06922],[18.97829,54.07046],[18.97754,54.07056],[18.97401,54.07036]]}},{"type":"Feature","properties":{"numer":"2920G","klasa":"droga zbiorcza","kat":"powiatowa"},"geometry":{"type":"LineString","coordinates":[[18.99681,54.09197],[18.99501,54.09187],[18.99442,54.09166],[18.99289,54.08912],[18.99239,54.08873],[18.9894,54.08877],[18.98123,54.08709],[18.98021,54.08683],[18.97967,54.08547],[18.97946,54.08395],[18.97918,54.08367],[18.97738,54.08256],[18.97633,54.08069],[18.97584,54.07782],[18.97401,54.07036]]}},{"type":"Feature","properties":{"numer":"2916G","klasa":"droga zbiorcza","kat":"powiatowa"},"geometry":{"type":"LineString","coordinates":[[18.8734,53.97349],[18.8738,53.97297]]}},{"type":"Feature","properties":{"numer":"2916G","klasa":"droga zbiorcza","kat":"powiatowa"},"geometry":{"type":"LineString","coordinates":[[18.86088,53.98141],[18.86726,53.97803],[18.86993,53.97651],[18.87194,53.97504],[18.87315,53.97391],[18.8734,53.97349]]}},{"type":"Feature","properties":{"numer":"2916G","klasa":"droga zbiorcza","kat":"powiatowa"},"geometry":{"type":"LineString","coordinates":[[18.86683,53.9942],[18.86666,53.99326],[18.86632,53.99237],[18.86537,53.9906],[18.86537,53.98987],[18.86523,53.98955],[18.86445,53.98899],[18.86348,53.98854],[18.86199,53.98717],[18.86036,53.98546],[18.8592,53.98353],[18.85921,53.98315],[18.8595,53.98262],[18.85982,53.98225],[18.86088,53.98141]]}},{"type":"Feature","properties":{"numer":"2916G","klasa":"droga zbiorcza","kat":"powiatowa"},"geometry":{"type":"LineString","coordinates":[[18.86701,53.99762],[18.86715,53.99727],[18.86722,53.99638],[18.86683,53.9942]]}},{"type":"Feature","properties":{"numer":"2901G","klasa":"droga gĹ‚Ăłwna","kat":"powiatowa"},"geometry":{"type":"LineString","coordinates":[[18.8738,53.97297],[18.87438,53.97162],[18.87543,53.96973],[18.87628,53.96885],[18.87684,53.9685],[18.87806,53.96808],[18.88588,53.9669],[18.88631,53.96676],[18.8865,53.96431],[18.8867,53.96375],[18.8879,53.96152],[18.88959,53.95959],[18.89045,53.95822],[18.89048,53.95781],[18.89033,53.95728],[18.89044,53.95697],[18.89078,53.95662],[18.89141,53.9563],[18.89159,53.95608],[18.89162,53.95281],[18.89141,53.95249],[18.88973,53.95112],[18.88705,53.94785],[18.88704,53.94734],[18.887643555161596,53.946223747443064]]}},{"type":"Feature","properties":{"numer":"2901G","klasa":"droga gĹ‚Ăłwna","kat":"powiatowa"},"geometry":{"type":"LineString","coordinates":[[18.90957,54.00208],[18.90839,54.00054],[18.90783,54.00001],[18.88615,53.98259],[18.87689,53.97565],[18.87402,53.97329],[18.8738,53.97297]]}},{"type":"Feature","properties":{"numer":"2904G","klasa":"droga zbiorcza","kat":"powiatowa"},"geometry":{"type":"LineString","coordinates":[[18.91428,53.99835],[18.91424,53.99838]]}},{"type":"Feature","properties":{"numer":"2904G","klasa":"droga zbiorcza","kat":"powiatowa"},"geometry":{"type":"LineString","coordinates":[[18.91424,53.99838],[18.90957,54.00208]]}},{"type":"Feature","properties":{"numer":"2901G","klasa":"droga gĹ‚Ăłwna","kat":"powiatowa"},"geometry":{"type":"LineString","coordinates":[[18.91829,54.01388],[18.90957,54.00208]]}},{"type":"Feature","properties":{"numer":"2902G","klasa":"droga zbiorcza","kat":"powiatowa"},"geometry":{"type":"LineString","coordinates":[[18.88157,54.00907],[18.88263,54.00895],[18.89166,54.00891],[18.89819,54.00819],[18.89896,54.0082],[18.89999,54.00847],[18.90669,54.01182],[18.90712,54.01215],[18.90879,54.01424],[18.90934,54.01458],[18.90989,54.01468],[18.91057,54.01468],[18.91502,54.01428],[18.91829,54.01388]]}},{"type":"Feature","properties":{"numer":"22","klasa":"droga gĹ‚Ăłwna ruchu przyĹ›pieszonego","kat":"krajowa"},"geometry":{"type":"LineString","coordinates":[[18.88374,54.05545],[18.89966,54.05574],[18.90067,54.05565],[18.91664,54.05335]]}},{"type":"Feature","properties":{"numer":"217005G,22","klasa":"droga gĹ‚Ăłwna ruchu przyĹ›pieszonego","kat":"powiatowa"},"geometry":{"type":"LineString","coordinates":[[18.8805,54.05538],[18.88374,54.05545]]}},{"type":"Feature","properties":{"numer":"2903G","klasa":"droga zbiorcza","kat":"powiatowa"},"geometry":{"type":"LineString","coordinates":[[18.86713,53.99786],[18.86701,53.99762]]}},{"type":"Feature","properties":{"numer":"2916G","klasa":"droga zbiorcza","kat":"powiatowa"},"geometry":{"type":"LineString","coordinates":[[18.86701,53.99762],[18.86685,53.99789]]}},{"type":"Feature","properties":{"numer":"2903G","klasa":"droga zbiorcza","kat":"powiatowa"},"geometry":{"type":"LineString","coordinates":[[18.86713,53.99786],[18.86685,53.99789]]}},{"type":"Feature","properties":{"numer":"2916G","klasa":"droga zbiorcza","kat":"powiatowa"},"geometry":{"type":"LineString","coordinates":[[18.86685,53.99789],[18.86531,53.99923],[18.86087,54.00256],[18.85877,54.00393],[18.85724,54.00456],[18.85688,54.00478],[18.85628,54.00548],[18.85547,54.00708],[18.85511,54.0075],[18.85429,54.00794],[18.85226,54.00855]]}},{"type":"Feature","properties":{"numer":"2903G","klasa":"droga zbiorcza","kat":"powiatowa"},"geometry":{"type":"LineString","coordinates":[[18.88157,54.00907],[18.88153,54.00782],[18.88204,54.00466],[18.88157,54.00198],[18.87221,54.0004],[18.87148,54.00012],[18.86906,53.99876],[18.86713,53.99786]]}},{"type":"Feature","properties":{"numer":"2916G","klasa":"droga gĹ‚Ăłwna","kat":"powiatowa"},"geometry":{"type":"LineString","coordinates":[[18.85226,54.00855],[18.85222,54.00867],[18.8531,54.01012],[18.85355,54.01062]]}},{"type":"Feature","properties":{"numer":"2902G","klasa":"droga zbiorcza","kat":"powiatowa"},"geometry":{"type":"LineString","coordinates":[[18.85355,54.01062],[18.85576,54.01014],[18.85694,54.01003],[18.87824,54.00932],[18.88042,54.00921],[18.88157,54.00907]]}},{"type":"Feature","properties":{"numer":"2916G","klasa":"droga gĹ‚Ăłwna","kat":"powiatowa"},"geometry":{"type":"LineString","coordinates":[[18.85355,54.01062],[18.85467,54.01184],[18.85542,54.01295],[18.85787,54.01506],[18.85801,54.01543],[18.85775,54.0159],[18.85505,54.01875],[18.85385,54.02083],[18.85291,54.02577],[18.85282,54.02798],[18.85304,54.03035],[18.85332,54.03115],[18.85537,54.03493],[18.85604,54.03569],[18.85627,54.03608],[18.85683,54.03809],[18.85751,54.04159],[18.85846,54.04487],[18.86001,54.04751],[18.86016,54.04945],[18.86008,54.04964],[18.8598,54.04973],[18.85581,54.05003],[18.85554,54.05009],[18.85529,54.05026],[18.8555,54.05484]]}},{"type":"Feature","properties":{"numer":"22","klasa":"droga gĹ‚Ăłwna ruchu przyĹ›pieszonego","kat":"krajowa"},"geometry":{"type":"LineString","coordinates":[[18.82878,54.05301],[18.84746,54.05462],[18.8555,54.05484]]}},{"type":"Feature","properties":{"numer":"22","klasa":"droga gĹ‚Ăłwna ruchu przyĹ›pieszonego","kat":"krajowa"},"geometry":{"type":"LineString","coordinates":[[18.8555,54.05484],[18.8805,54.05538]]}},{"type":"Feature","properties":{"numer":"22","klasa":"droga gĹ‚Ăłwna ruchu przyĹ›pieszonego","kat":"krajowa"},"geometry":{"type":"LineString","coordinates":[[18.81542879820635,54.051839263986864],[18.82878,54.05301]]}},{"type":"Feature","properties":{"numer":"2916G","klasa":"droga gĹ‚Ăłwna","kat":"powiatowa"},"geometry":{"type":"LineString","coordinates":[[18.82117,54.08846],[18.82083,54.08824],[18.8206,54.08789]]}},{"type":"Feature","properties":{"numer":"2916G","klasa":"droga gĹ‚Ăłwna","kat":"powiatowa"},"geometry":{"type":"LineString","coordinates":[[18.8206,54.08789],[18.82032,54.08856]]}},{"type":"Feature","properties":{"numer":"2917G","klasa":"droga gĹ‚Ăłwna","kat":"powiatowa"},"geometry":{"type":"LineString","coordinates":[[18.90972,54.08395],[18.91094,54.08139],[18.91493,54.07879],[18.91798,54.07506],[18.91837,54.07479],[18.91869,54.0747],[18.92123,54.07437]]}},{"type":"Feature","properties":{"numer":"2917G","klasa":"droga gĹ‚Ăłwna","kat":"powiatowa"},"geometry":{"type":"LineString","coordinates":[[18.90969,54.08403],[18.90972,54.08395]]}},{"type":"Feature","properties":{"numer":"2917G","klasa":"droga gĹ‚Ăłwna","kat":"powiatowa"},"geometry":{"type":"LineString","coordinates":[[18.88916,54.09893],[18.8836,54.09335],[18.88339,54.09306],[18.88346,54.09298],[18.88381,54.09278],[18.89212,54.08934],[18.89309,54.08902],[18.8993,54.08873],[18.90763,54.08872],[18.90785,54.08857],[18.90798,54.08831],[18.90969,54.08403]]}},{"type":"Feature","properties":{"numer":"2917G","klasa":"droga gĹ‚Ăłwna","kat":"powiatowa"},"geometry":{"type":"LineString","coordinates":[[18.88921,54.09898],[18.88916,54.09893]]}},{"type":"Feature","properties":{"numer":"2917G","klasa":"droga gĹ‚Ăłwna","kat":"powiatowa"},"geometry":{"type":"LineString","coordinates":[[18.89023,54.10128],[18.88921,54.09898]]}},{"type":"Feature","properties":{"numer":"2917G","klasa":"droga gĹ‚Ăłwna","kat":"powiatowa"},"geometry":{"type":"LineString","coordinates":[[18.89025,54.10132],[18.89023,54.10128]]}},{"type":"Feature","properties":{"numer":"2917G","klasa":"droga gĹ‚Ăłwna","kat":"powiatowa"},"geometry":{"type":"LineString","coordinates":[[18.8985,54.10779],[18.89636,54.10679],[18.89161,54.1056],[18.89118,54.10542],[18.89101,54.1051],[18.89081,54.10275],[18.89025,54.10132]]}},{"type":"Feature","properties":{"numer":"2917G","klasa":"droga gĹ‚Ăłwna","kat":"powiatowa"},"geometry":{"type":"LineString","coordinates":[[18.89778,54.10841],[18.8985,54.10779]]}},{"type":"Feature","properties":{"numer":"2917G","klasa":"droga gĹ‚Ăłwna","kat":"powiatowa"},"geometry":{"type":"LineString","coordinates":[[18.89446,54.11264],[18.89698,54.10922],[18.89778,54.10841]]}},{"type":"Feature","properties":{"numer":"3074G","klasa":"droga gĹ‚Ăłwna","kat":"powiatowa"},"geometry":{"type":"LineString","coordinates":[[18.91337,54.1146],[18.89706,54.11251],[18.89579,54.11245],[18.89446,54.11264]]}},{"type":"Feature","properties":{"numer":"3074G","klasa":"droga gĹ‚Ăłwna","kat":"powiatowa"},"geometry":{"type":"LineString","coordinates":[[18.89446,54.11264],[18.87901,54.1157],[18.87467,54.11578],[18.87049,54.11556],[18.86768,54.1153]]}},{"type":"Feature","properties":{"numer":"2337G","klasa":"droga zbiorcza","kat":"powiatowa"},"geometry":{"type":"LineString","coordinates":[[18.91191,54.12256],[18.9116,54.12083],[18.91185,54.11968],[18.91337,54.1146]]}},{"type":"Feature","properties":{"numer":"2337G","klasa":"droga zbiorcza","kat":"powiatowa"},"geometry":{"type":"LineString","coordinates":[[18.90306,54.14852],[18.90483,54.14826],[18.90273,54.14241],[18.90272,54.14198],[18.90566,54.1384],[18.9115,54.12434],[18.91188,54.12322],[18.91191,54.12256]]}},{"type":"Feature","properties":{"numer":"2337G","klasa":"droga zbiorcza","kat":"powiatowa"},"geometry":{"type":"LineString","coordinates":[[18.90306,54.14852],[18.90298,54.14853]]}},{"type":"Feature","properties":{"numer":"2337G","klasa":"droga zbiorcza","kat":"powiatowa"},"geometry":{"type":"LineString","coordinates":[[18.90298,54.14853],[18.9028,54.14871],[18.90328,54.1515],[18.9033,54.15543]]}},{"type":"Feature","properties":{"numer":"2337G","klasa":"droga zbiorcza","kat":"powiatowa"},"geometry":{"type":"LineString","coordinates":[[18.9033,54.15543],[18.90328,54.15547]]}},{"type":"Feature","properties":{"numer":"2337G","klasa":"droga zbiorcza","kat":"powiatowa"},"geometry":{"type":"LineString","coordinates":[[18.90328,54.15547],[18.90251,54.15696]]}},{"type":"Feature","properties":{"numer":"2926G","klasa":"","kat":"powiatowa"},"geometry":{"type":"LineString","coordinates":[[18.91289,54.15686],[18.91299,54.15686]]}},{"type":"Feature","properties":{"numer":"2926G","klasa":"","kat":"powiatowa"},"geometry":{"type":"LineString","coordinates":[[18.90251,54.15696],[18.91289,54.15686]]}},{"type":"Feature","properties":{"numer":"2337G","klasa":"droga zbiorcza","kat":"powiatowa"},"geometry":{"type":"LineString","coordinates":[[18.90251,54.15696],[18.90121,54.15707],[18.90073,54.15725],[18.90041,54.15755],[18.89689,54.16385]]}},{"type":"Feature","properties":{"numer":"2916G","klasa":"droga gĹ‚Ăłwna","kat":"powiatowa"},"geometry":{"type":"LineString","coordinates":[[18.8555,54.05484],[18.85567,54.05691],[18.85535,54.05764],[18.85533,54.05827],[18.85544,54.05908],[18.85567,54.05966],[18.85586,54.05985],[18.85579,54.06021],[18.85597,54.06633],[18.85673,54.06936],[18.85665,54.0697],[18.85513,54.07285],[18.85456,54.07447],[18.85402,54.07488],[18.85322,54.07519],[18.82328,54.08249],[18.82296,54.08273],[18.82216,54.08416],[18.8206,54.08789]]}},{"type":"Feature","properties":{"numer":"3074G","klasa":"droga gĹ‚Ăłwna","kat":"powiatowa"},"geometry":{"type":"LineString","coordinates":[[18.86768,54.1153],[18.8655,54.11519],[18.86297,54.11548],[18.86253,54.1155],[18.86205,54.11539],[18.8534,54.11141],[18.85062,54.11047],[18.84756,54.10855],[18.84085,54.10521],[18.83634,54.1028],[18.8356,54.10229],[18.83336,54.10039],[18.83007,54.09719],[18.82198,54.09355],[18.82151,54.09323],[18.82021,54.0905],[18.82035,54.08985],[18.82143,54.08889],[18.82142,54.08869],[18.82117,54.08846]]}},{"type":"Feature","properties":{"numer":"2339G","klasa":"","kat":"powiatowa"},"geometry":{"type":"LineString","coordinates":[[18.85693,54.14152],[18.85703,54.14106],[18.85691,54.14011],[18.85752,54.13818],[18.85776,54.13782],[18.86621,54.13031],[18.86651,54.12983],[18.86679,54.12587],[18.86769,54.1172],[18.86768,54.1153]]}},{"type":"Feature","properties":{"numer":"2339G","klasa":"droga zbiorcza","kat":"powiatowa"},"geometry":{"type":"LineString","coordinates":[[18.85673,54.14923],[18.85674,54.14557],[18.85654,54.14283],[18.85693,54.14152]]}},{"type":"Feature","properties":{"numer":"","klasa":"droga zbiorcza","kat":"powiatowa"},"geometry":{"type":"LineString","coordinates":[[18.856222718896596,54.15301759599989],[18.85647,54.15242],[18.85673,54.14923]]}},{"type":"Feature","properties":{"numer":"3074G","klasa":"droga gĹ‚Ăłwna","kat":"powiatowa"},"geometry":{"type":"LineString","coordinates":[[18.82117,54.08846],[18.82077,54.08843],[18.82032,54.08856]]}},{"type":"Feature","properties":{"numer":"3074G","klasa":"droga gĹ‚Ăłwna","kat":"powiatowa"},"geometry":{"type":"LineString","coordinates":[[18.82032,54.08856],[18.82006,54.08961],[18.81998,54.09094],[18.82005,54.09152],[18.82041,54.09244]]}},{"type":"Feature","properties":{"numer":"","klasa":"droga zbiorcza","kat":"powiatowa"},"geometry":{"type":"LineString","coordinates":[[18.95857,53.99863],[18.96023,54.00099]]}},{"type":"Feature","properties":{"numer":"2904G","klasa":"droga zbiorcza","kat":"powiatowa"},"geometry":{"type":"LineString","coordinates":[[18.96023,54.00099],[18.96262,54.00447],[18.96417,54.00624],[18.96444,54.00772],[18.9665,54.01035]]}},{"type":"Feature","properties":{"numer":"2904G","klasa":"droga zbiorcza","kat":"powiatowa"},"geometry":{"type":"LineString","coordinates":[[18.9665,54.01035],[18.96828,54.01253],[18.97165,54.01595],[18.97216,54.01679]]}},{"type":"Feature","properties":{"numer":"2902G","klasa":"droga zbiorcza","kat":"powiatowa"},"geometry":{"type":"LineString","coordinates":[[18.93397,54.01672],[18.93543,54.0168],[18.94061,54.01757],[18.94184,54.01755],[18.94608,54.01709],[18.9471,54.01686],[18.9482,54.01651],[18.9665,54.01035]]}},{"type":"Feature","properties":{"numer":"22","klasa":"droga gĹ‚Ăłwna ruchu przyĹ›pieszonego","kat":"krajowa"},"geometry":{"type":"LineString","coordinates":[[18.97118,54.04646],[18.9711,54.04648]]}},{"type":"Feature","properties":{"numer":"22","klasa":"droga gĹ‚Ăłwna ruchu przyĹ›pieszonego","kat":"krajowa"},"geometry":{"type":"LineString","coordinates":[[18.95945,54.04772],[18.9711,54.04648]]}},{"type":"Feature","properties":{"numer":"22","klasa":"droga gĹ‚Ăłwna ruchu przyĹ›pieszonego","kat":"krajowa"},"geometry":{"type":"LineString","coordinates":[[18.94311,54.04948],[18.9458,54.04906],[18.95945,54.04772]]}},{"type":"Feature","properties":{"numer":"2920G","klasa":"droga zbiorcza","kat":"powiatowa"},"geometry":{"type":"LineString","coordinates":[[18.96954,54.0636],[18.9693,54.06295],[18.96941,54.06245],[18.9697,54.06201],[18.97104,54.06061],[18.9712,54.06024],[18.97121,54.05982],[18.96969,54.0563],[18.96852,54.0543],[18.96805,54.05392],[18.96458,54.05246],[18.95945,54.04772]]}},{"type":"Feature","properties":{"numer":"2920G","klasa":"droga zbiorcza","kat":"powiatowa"},"geometry":{"type":"LineString","coordinates":[[18.96983,54.06408],[18.96954,54.0636]]}},{"type":"Feature","properties":{"numer":"2920G","klasa":"droga zbiorcza","kat":"powiatowa"},"geometry":{"type":"LineString","coordinates":[[18.97401,54.07036],[18.97322,54.06741],[18.97026,54.06463],[18.96983,54.06408]]}},{"type":"Feature","properties":{"numer":"22","klasa":"droga gĹ‚Ăłwna ruchu przyĹ›pieszonego","kat":"krajowa"},"geometry":{"type":"LineString","coordinates":[[19.01645,54.0372],[19.01873,54.03674]]}},{"type":"Feature","properties":{"numer":"55","klasa":"droga gĹ‚Ăłwna","kat":"krajowa"},"geometry":{"type":"LineString","coordinates":[[19.01916,54.03697],[19.02065,54.03784]]}},{"type":"Feature","properties":{"numer":"22","klasa":"droga gĹ‚Ăłwna ruchu przyĹ›pieszonego","kat":"krajowa"},"geometry":{"type":"LineString","coordinates":[[19.00363,54.04008],[19.00752,54.03921],[19.01115,54.0383],[19.01645,54.0372]]}},{"type":"Feature","properties":{"numer":"55","klasa":"droga gĹ‚Ăłwna","kat":"krajowa"},"geometry":{"type":"LineString","coordinates":[[19.02471,54.04178],[19.02188,54.03864],[19.02065,54.03784]]}},{"type":"Feature","properties":{"numer":"201160G","klasa":"droga zbiorcza","kat":"powiatowa"},"geometry":{"type":"LineString","coordinates":[[19.00639,54.04093],[19.00718,54.04107]]}},{"type":"Feature","properties":{"numer":"201160G","klasa":"droga zbiorcza","kat":"powiatowa"},"geometry":{"type":"LineString","coordinates":[[19.00718,54.04107],[19.00978,54.04153]]}},{"type":"Feature","properties":{"numer":"201160G","klasa":"droga zbiorcza","kat":"powiatowa"},"geometry":{"type":"LineString","coordinates":[[19.00978,54.04153],[19.01012,54.04158]]}},{"type":"Feature","properties":{"numer":"201160G","klasa":"droga zbiorcza","kat":"powiatowa"},"geometry":{"type":"LineString","coordinates":[[19.01012,54.04158],[19.0114,54.04182]]}},{"type":"Feature","properties":{"numer":"201160G","klasa":"droga zbiorcza","kat":"powiatowa"},"geometry":{"type":"LineString","coordinates":[[19.0114,54.04182],[19.01446,54.04235]]}},{"type":"Feature","properties":{"numer":"201083G","klasa":"droga zbiorcza","kat":"powiatowa"},"geometry":{"type":"LineString","coordinates":[[19.02387,54.04272],[19.02452,54.0419],[19.02471,54.04178]]}},{"type":"Feature","properties":{"numer":"201160G","klasa":"droga zbiorcza","kat":"powiatowa"},"geometry":{"type":"LineString","coordinates":[[19.01446,54.04235],[19.01891,54.04315]]}},{"type":"Feature","properties":{"numer":"201083G","klasa":"droga zbiorcza","kat":"powiatowa"},"geometry":{"type":"LineString","coordinates":[[19.02154,54.04343],[19.0231,54.04321],[19.02351,54.04302],[19.02387,54.04272]]}},{"type":"Feature","properties":{"numer":"201160G","klasa":"droga zbiorcza","kat":"powiatowa"},"geometry":{"type":"LineString","coordinates":[[19.01891,54.04315],[19.01906,54.04317]]}},{"type":"Feature","properties":{"numer":"201160G","klasa":"droga zbiorcza","kat":"powiatowa"},"geometry":{"type":"LineString","coordinates":[[19.01906,54.04317],[19.01921,54.0432]]}},{"type":"Feature","properties":{"numer":"201160G","klasa":"droga zbiorcza","kat":"powiatowa"},"geometry":{"type":"LineString","coordinates":[[19.01921,54.0432],[19.02026,54.04337]]}},{"type":"Feature","properties":{"numer":"201160G","klasa":"droga zbiorcza","kat":"powiatowa"},"geometry":{"type":"LineString","coordinates":[[19.02026,54.04337],[19.02065,54.04344]]}},{"type":"Feature","properties":{"numer":"201083G","klasa":"droga zbiorcza","kat":"powiatowa"},"geometry":{"type":"LineString","coordinates":[[19.02124,54.0435],[19.02154,54.04343]]}},{"type":"Feature","properties":{"numer":"201160G","klasa":"droga zbiorcza","kat":"powiatowa"},"geometry":{"type":"LineString","coordinates":[[19.02065,54.04344],[19.02102,54.04352]]}},{"type":"Feature","properties":{"numer":"201083G","klasa":"droga zbiorcza","kat":"powiatowa"},"geometry":{"type":"LineString","coordinates":[[19.02114,54.04355],[19.02124,54.0435]]}},{"type":"Feature","properties":{"numer":"201160G","klasa":"droga zbiorcza","kat":"powiatowa"},"geometry":{"type":"LineString","coordinates":[[19.02102,54.04352],[19.02114,54.04355]]}},{"type":"Feature","properties":{"numer":"55","klasa":"droga gĹ‚Ăłwna","kat":"krajowa"},"geometry":{"type":"LineString","coordinates":[[19.02788,54.04863],[19.02559,54.04688],[19.02426,54.04569],[19.02396,54.04527],[19.02389,54.04489],[19.02399,54.04456],[19.02476,54.04364],[19.02506,54.04295],[19.02499,54.04226],[19.02471,54.04178]]}},{"type":"Feature","properties":{"numer":"2919G","klasa":"droga gĹ‚Ăłwna","kat":"powiatowa"},"geometry":{"type":"LineString","coordinates":[[19.02788,54.04863],[19.02299,54.05232],[19.0225,54.05283],[19.02126,54.0556],[19.02018,54.0571],[19.01818,54.05938],[19.01428,54.06548],[19.01003,54.07091]]}},{"type":"Feature","properties":{"numer":"2922G","klasa":"droga zbiorcza","kat":"powiatowa"},"geometry":{"type":"LineString","coordinates":[[19.00115,54.11968],[19.00285,54.11935],[19.00372,54.11906],[19.00774,54.11735],[19.01073,54.11592],[19.0146,54.11443],[19.01612,54.11357],[19.01705,54.11325],[19.01819,54.11315],[19.02409,54.11309],[19.0249,54.11323],[19.02639,54.11373],[19.02742,54.11381],[19.03912,54.11237]]}},{"type":"Feature","properties":{"numer":"192039G","klasa":"droga lokalna","kat":"powiatowa"},"geometry":{"type":"LineString","coordinates":[[19.03041,54.13243],[19.03091,54.13222],[19.03453,54.13017]]}},{"type":"Feature","properties":{"numer":"192034G","klasa":"droga lokalna","kat":"powiatowa"},"geometry":{"type":"LineString","coordinates":[[19.01176,54.13294],[19.01132,54.13188]]}},{"type":"Feature","properties":{"numer":"192039G","klasa":"droga lokalna","kat":"powiatowa"},"geometry":{"type":"LineString","coordinates":[[19.02575,54.13318],[19.02906,54.13278],[19.03041,54.13243]]}},{"type":"Feature","properties":{"numer":"192039G","klasa":"droga lokalna","kat":"powiatowa"},"geometry":{"type":"LineString","coordinates":[[19.02387,54.13341],[19.02575,54.13318]]}},{"type":"Feature","properties":{"numer":"192034G","klasa":"droga lokalna","kat":"powiatowa"},"geometry":{"type":"LineString","coordinates":[[19.01224,54.13383],[19.01176,54.13294]]}},{"type":"Feature","properties":{"numer":"192039G","klasa":"droga lokalna","kat":"powiatowa"},"geometry":{"type":"LineString","coordinates":[[19.02314,54.13349],[19.02387,54.13341]]}},{"type":"Feature","properties":{"numer":"192039G","klasa":"droga lokalna","kat":"powiatowa"},"geometry":{"type":"LineString","coordinates":[[19.02073,54.13378],[19.02314,54.13349]]}},{"type":"Feature","properties":{"numer":"2919G","klasa":"droga gĹ‚Ăłwna","kat":"powiatowa"},"geometry":{"type":"LineString","coordinates":[[19.01003,54.07091],[19.00345,54.07918],[18.99704,54.09086],[18.99681,54.09149],[18.99681,54.09197]]}},{"type":"Feature","properties":{"numer":"2919G","klasa":"droga gĹ‚Ăłwna","kat":"powiatowa"},"geometry":{"type":"LineString","coordinates":[[19.00253,54.10564],[19.00171,54.10473],[19.00144,54.10426],[19.00035,54.10022],[18.99743,54.09595],[18.99681,54.09197]]}},{"type":"Feature","properties":{"numer":"2925G","klasa":"","kat":"powiatowa"},"geometry":{"type":"LineString","coordinates":[[18.99472,54.10834],[19.00064,54.10599],[19.00102,54.10589],[19.00178,54.10584],[19.00253,54.10564]]}},{"type":"Feature","properties":{"numer":"2925G","klasa":"","kat":"powiatowa"},"geometry":{"type":"LineString","coordinates":[[18.99472,54.10834],[18.9945,54.10844]]}},{"type":"Feature","properties":{"numer":"2919G","klasa":"droga gĹ‚Ăłwna","kat":"powiatowa"},"geometry":{"type":"LineString","coordinates":[[19.00115,54.11968],[19.00227,54.11747],[19.0024,54.1165],[19.0023,54.11565],[19.00282,54.11479],[19.00267,54.11377],[19.0029,54.1125],[19.00396,54.10901],[19.00389,54.10835],[19.0029,54.1062],[19.00253,54.10564]]}},{"type":"Feature","properties":{"numer":"2925G","klasa":"","kat":"powiatowa"},"geometry":{"type":"LineString","coordinates":[[18.9945,54.10844],[18.98985,54.10987],[18.98878,54.11027],[18.97964,54.11507],[18.97208,54.11848],[18.96891,54.12052]]}},{"type":"Feature","properties":{"numer":"2919G","klasa":"droga gĹ‚Ăłwna","kat":"powiatowa"},"geometry":{"type":"LineString","coordinates":[[19.00167,54.12422],[19.00176,54.12352],[19.00106,54.12021],[19.00115,54.11968]]}},{"type":"Feature","properties":{"numer":"2919G","klasa":"droga gĹ‚Ăłwna","kat":"powiatowa"},"geometry":{"type":"LineString","coordinates":[[19.00167,54.12422],[19.00164,54.12436]]}},{"type":"Feature","properties":{"numer":"2919G","klasa":"droga gĹ‚Ăłwna","kat":"powiatowa"},"geometry":{"type":"LineString","coordinates":[[19.00164,54.12436],[19.00165,54.12498]]}},{"type":"Feature","properties":{"numer":"3071G","klasa":"droga gĹ‚Ăłwna","kat":"powiatowa"},"geometry":{"type":"LineString","coordinates":[[19.00165,54.12498],[19.00248,54.12631]]}},{"type":"Feature","properties":{"numer":"3074G","klasa":"droga gĹ‚Ăłwna","kat":"powiatowa"},"geometry":{"type":"LineString","coordinates":[[18.96417,54.12365],[18.97508,54.12523],[18.97651,54.12553],[18.98868,54.12941],[18.98932,54.12972],[18.99193,54.13163],[18.9931,54.13205],[18.99442,54.13228]]}},{"type":"Feature","properties":{"numer":"192040G","klasa":"droga lokalna","kat":"powiatowa"},"geometry":{"type":"LineString","coordinates":[[18.99405,54.13253],[18.99442,54.13228]]}},{"type":"Feature","properties":{"numer":"192040G","klasa":"droga lokalna","kat":"powiatowa"},"geometry":{"type":"LineString","coordinates":[[18.99343,54.13295],[18.99405,54.13253]]}},{"type":"Feature","properties":{"numer":"3074G","klasa":"droga gĹ‚Ăłwna","kat":"powiatowa"},"geometry":{"type":"LineString","coordinates":[[18.99442,54.13228],[18.99891,54.13303],[19.00122,54.13392],[19.0028,54.13423]]}},{"type":"Feature","properties":{"numer":"192040G","klasa":"droga lokalna","kat":"powiatowa"},"geometry":{"type":"LineString","coordinates":[[18.99239,54.13363],[18.99343,54.13295]]}},{"type":"Feature","properties":{"numer":"192040G","klasa":"droga lokalna","kat":"powiatowa"},"geometry":{"type":"LineString","coordinates":[[18.99182,54.134],[18.99239,54.13363]]}},{"type":"Feature","properties":{"numer":"3074G","klasa":"droga gĹ‚Ăłwna","kat":"powiatowa"},"geometry":{"type":"LineString","coordinates":[[19.0028,54.13423],[19.00349,54.1343]]}},{"type":"Feature","properties":{"numer":"3074G","klasa":"droga gĹ‚Ăłwna","kat":"powiatowa"},"geometry":{"type":"LineString","coordinates":[[19.00349,54.1343],[19.00369,54.13431]]}},{"type":"Feature","properties":{"numer":"192027G","klasa":"droga lokalna","kat":"powiatowa"},"geometry":{"type":"LineString","coordinates":[[19.00389,54.13433],[19.00369,54.13431]]}},{"type":"Feature","properties":{"numer":"192027G","klasa":"droga lokalna","kat":"powiatowa"},"geometry":{"type":"LineString","coordinates":[[19.00502,54.13429],[19.00441,54.13438]]}},{"type":"Feature","properties":{"numer":"192039G","klasa":"droga lokalna","kat":"powiatowa"},"geometry":{"type":"LineString","coordinates":[[19.02054,54.1338],[19.02073,54.13378]]}},{"type":"Feature","properties":{"numer":"192039G","klasa":"droga lokalna","kat":"powiatowa"},"geometry":{"type":"LineString","coordinates":[[19.01986,54.13388],[19.02054,54.1338]]}},{"type":"Feature","properties":{"numer":"192039G","klasa":"droga lokalna","kat":"powiatowa"},"geometry":{"type":"LineString","coordinates":[[19.01944,54.13393],[19.01986,54.13388]]}},{"type":"Feature","properties":{"numer":"192039G","klasa":"droga lokalna","kat":"powiatowa"},"geometry":{"type":"LineString","coordinates":[[19.01812,54.13409],[19.01944,54.13393]]}},{"type":"Feature","properties":{"numer":"192039G","klasa":"droga lokalna","kat":"powiatowa"},"geometry":{"type":"LineString","coordinates":[[19.0169,54.13425],[19.01812,54.13409]]}},{"type":"Feature","properties":{"numer":"192034G","klasa":"droga lokalna","kat":"powiatowa"},"geometry":{"type":"LineString","coordinates":[[19.01224,54.13383],[19.01308,54.13453],[19.01373,54.13469]]}},{"type":"Feature","properties":{"numer":"192039G","klasa":"droga lokalna","kat":"powiatowa"},"geometry":{"type":"LineString","coordinates":[[19.01561,54.13443],[19.0169,54.13425]]}},{"type":"Feature","properties":{"numer":"192027G","klasa":"droga lokalna","kat":"powiatowa"},"geometry":{"type":"LineString","coordinates":[[19.00524,54.13445],[19.00502,54.13429]]}},{"type":"Feature","properties":{"numer":"192039G","klasa":"droga lokalna","kat":"powiatowa"},"geometry":{"type":"LineString","coordinates":[[19.01504,54.13451],[19.01561,54.13443]]}},{"type":"Feature","properties":{"numer":"192027G","klasa":"droga lokalna","kat":"powiatowa"},"geometry":{"type":"LineString","coordinates":[[19.00597,54.13457],[19.00524,54.13445]]}},{"type":"Feature","properties":{"numer":"192039G","klasa":"droga lokalna","kat":"powiatowa"},"geometry":{"type":"LineString","coordinates":[[19.01462,54.13456],[19.01504,54.13451]]}},{"type":"Feature","properties":{"numer":"192039G","klasa":"droga lokalna","kat":"powiatowa"},"geometry":{"type":"LineString","coordinates":[[19.01445,54.13459],[19.01462,54.13456]]}},{"type":"Feature","properties":{"numer":"192027G","klasa":"droga lokalna","kat":"powiatowa"},"geometry":{"type":"LineString","coordinates":[[19.00626,54.13461],[19.00597,54.13457]]}},{"type":"Feature","properties":{"numer":"192039G","klasa":"droga lokalna","kat":"powiatowa"},"geometry":{"type":"LineString","coordinates":[[19.01373,54.13469],[19.01445,54.13459]]}},{"type":"Feature","properties":{"numer":"192024G","klasa":"droga lokalna","kat":"powiatowa"},"geometry":{"type":"LineString","coordinates":[[19.00626,54.13461],[19.00594,54.13504],[19.00694,54.13582]]}},{"type":"Feature","properties":{"numer":"192024G","klasa":"droga lokalna","kat":"powiatowa"},"geometry":{"type":"LineString","coordinates":[[19.00694,54.13582],[19.00709,54.13595]]}},{"type":"Feature","properties":{"numer":"3074G","klasa":"droga gĹ‚Ăłwna","kat":"powiatowa"},"geometry":{"type":"LineString","coordinates":[[19.00396,54.13471],[19.00689,54.13716]]}},{"type":"Feature","properties":{"numer":"192024G","klasa":"droga lokalna","kat":"powiatowa"},"geometry":{"type":"LineString","coordinates":[[19.00709,54.13595],[19.00737,54.13618]]}},{"type":"Feature","properties":{"numer":"192024G","klasa":"droga lokalna","kat":"powiatowa"},"geometry":{"type":"LineString","coordinates":[[19.00737,54.13618],[19.00749,54.13627]]}},{"type":"Feature","properties":{"numer":"192024G","klasa":"droga lokalna","kat":"powiatowa"},"geometry":{"type":"LineString","coordinates":[[19.00749,54.13627],[19.0079,54.13655]]}},{"type":"Feature","properties":{"numer":"202018G,2918G","klasa":"droga zbiorcza","kat":"powiatowa"},"geometry":{"type":"LineString","coordinates":[[18.95745,54.11366],[18.95742,54.1135]]}},{"type":"Feature","properties":{"numer":"202018G,2918G","klasa":"droga zbiorcza","kat":"powiatowa"},"geometry":{"type":"LineString","coordinates":[[18.95312,54.12203],[18.95951,54.11782],[18.95987,54.11748],[18.95979,54.11714],[18.95771,54.11423],[18.95745,54.11366]]}},{"type":"Feature","properties":{"numer":"2925G","klasa":"","kat":"powiatowa"},"geometry":{"type":"LineString","coordinates":[[18.96891,54.12052],[18.96883,54.12057]]}},{"type":"Feature","properties":{"numer":"2925G","klasa":"","kat":"powiatowa"},"geometry":{"type":"LineString","coordinates":[[18.96883,54.12057],[18.9687,54.12066]]}},{"type":"Feature","properties":{"numer":"2925G","klasa":"","kat":"powiatowa"},"geometry":{"type":"LineString","coordinates":[[18.9687,54.12066],[18.96417,54.12365]]}},{"type":"Feature","properties":{"numer":"3074G","klasa":"droga gĹ‚Ăłwna","kat":"powiatowa"},"geometry":{"type":"LineString","coordinates":[[18.96417,54.12365],[18.95312,54.12203]]}},{"type":"Feature","properties":{"numer":"2926G","klasa":"","kat":"powiatowa"},"geometry":{"type":"LineString","coordinates":[[18.95522,54.15802],[18.98865,54.13607]]}},{"type":"Feature","properties":{"numer":"2926G","klasa":"","kat":"powiatowa"},"geometry":{"type":"LineString","coordinates":[[18.95515,54.15807],[18.95522,54.15802]]}},{"type":"Feature","properties":{"numer":"2926G","klasa":"","kat":"powiatowa"},"geometry":{"type":"LineString","coordinates":[[18.95484,54.15827],[18.95515,54.15807]]}},{"type":"Feature","properties":{"numer":"2341G","klasa":"","kat":"powiatowa"},"geometry":{"type":"LineString","coordinates":[[18.95484,54.15827],[18.94966,54.16166],[18.9473,54.16352],[18.94715,54.1637],[18.94714,54.16389],[18.95287,54.167],[18.96141,54.1713],[18.966953886699844,54.17433923788724]]}},{"type":"Feature","properties":{"numer":"2917G","klasa":"droga gĹ‚Ăłwna","kat":"powiatowa"},"geometry":{"type":"LineString","coordinates":[[18.9211,54.07414],[18.921,54.07397]]}},{"type":"Feature","properties":{"numer":"2917G","klasa":"droga gĹ‚Ăłwna","kat":"powiatowa"},"geometry":{"type":"LineString","coordinates":[[18.92123,54.07437],[18.9211,54.07414]]}},{"type":"Feature","properties":{"numer":"202018G,2918G","klasa":"droga zbiorcza","kat":"powiatowa"},"geometry":{"type":"LineString","coordinates":[[18.95742,54.1135],[18.95605,54.10784],[18.95622,54.10665],[18.95698,54.10557],[18.95717,54.105],[18.95764,54.10208],[18.95755,54.10143],[18.95651,54.09965],[18.95678,54.09505],[18.95675,54.09484],[18.95651,54.09453],[18.95387,54.09306],[18.95032,54.09143],[18.94613,54.08857],[18.94589,54.0882],[18.94571,54.0868],[18.94556,54.08646],[18.94294,54.08397],[18.94232,54.08308],[18.94189,54.08266],[18.93965,54.08217],[18.93445,54.08024],[18.92881,54.07778],[18.92416,54.07463],[18.92354,54.07381],[18.92297,54.07385],[18.92123,54.07437]]}},{"type":"Feature","properties":{"numer":"3074G","klasa":"droga gĹ‚Ăłwna","kat":"powiatowa"},"geometry":{"type":"LineString","coordinates":[[18.95312,54.12203],[18.93062,54.11752],[18.91442,54.11534],[18.91397,54.1151],[18.91337,54.1146]]}},{"type":"Feature","properties":{"numer":"2925G","klasa":"","kat":"powiatowa"},"geometry":{"type":"LineString","coordinates":[[18.91191,54.12256],[18.92988,54.12503],[18.92986,54.12533],[18.92777,54.13064],[18.92773,54.13095],[18.92791,54.13154],[18.92934,54.13383],[18.93113,54.13623],[18.93314,54.13754],[18.93806,54.1405],[18.9384,54.14062],[18.94289,54.13774],[18.96417,54.12365]]}},{"type":"Feature","properties":{"numer":"2926G","klasa":"","kat":"powiatowa"},"geometry":{"type":"LineString","coordinates":[[18.91299,54.15686],[18.92743,54.15669],[18.93051,54.15734],[18.9389,54.15874],[18.95484,54.15827]]}},{"type":"Feature","properties":{"numer":"22","klasa":"droga gĹ‚Ăłwna ruchu przyĹ›pieszonego","kat":"krajowa"},"geometry":{"type":"LineString","coordinates":[[19.14175,54.04148],[19.14518,54.04188]]}},{"type":"Feature","properties":{"numer":"2930G","klasa":"","kat":"powiatowa"},"geometry":{"type":"LineString","coordinates":[[19.14175,54.04148],[19.14144,54.04207],[19.14045,54.04289],[19.1394,54.04361]]}},{"type":"Feature","properties":{"numer":"2931G","klasa":"droga zbiorcza","kat":"powiatowa"},"geometry":{"type":"LineString","coordinates":[[19.14518,54.04188],[19.14219,54.04471],[19.14199,54.04504],[19.14206,54.04535],[19.14406,54.04708]]}},{"type":"Feature","properties":{"numer":"203001G,2930G","klasa":"","kat":"powiatowa"},"geometry":{"type":"LineString","coordinates":[[19.1394,54.04361],[19.13847,54.04457],[19.13821,54.04508],[19.13821,54.04555],[19.13838,54.04604],[19.13887,54.04659]]}},{"type":"Feature","properties":{"numer":"203001G,2931G","klasa":"droga zbiorcza","kat":"powiatowa"},"geometry":{"type":"LineString","coordinates":[[19.14406,54.04708],[19.14443,54.04745]]}},{"type":"Feature","properties":{"numer":"2930G","klasa":"","kat":"powiatowa"},"geometry":{"type":"LineString","coordinates":[[19.13887,54.04659],[19.13903,54.04698],[19.13898,54.0473],[19.13742,54.0503],[19.13663,54.05239],[19.13299,54.05671],[19.13179,54.05793],[19.12877,54.06144],[19.1276,54.06295],[19.12755,54.06346]]}},{"type":"Feature","properties":{"numer":"2930G","klasa":"","kat":"powiatowa"},"geometry":{"type":"LineString","coordinates":[[19.12755,54.06346],[19.12818,54.06428],[19.13142,54.06571]]}},{"type":"Feature","properties":{"numer":"2930G","klasa":"","kat":"powiatowa"},"geometry":{"type":"LineString","coordinates":[[19.1349,54.06637],[19.13689,54.0645],[19.13806,54.06468],[19.14006,54.06467],[19.14076,54.06473],[19.14292,54.06515],[19.14524,54.06598],[19.14583,54.06612],[19.14781,54.06618],[19.1489,54.06613],[19.15944,54.06291]]}},{"type":"Feature","properties":{"numer":"2907G","klasa":"","kat":"powiatowa"},"geometry":{"type":"LineString","coordinates":[[19.20451,54.04487],[19.20581,54.04545],[19.20659,54.04558],[19.20776,54.04555],[19.20941,54.04518]]}},{"type":"Feature","properties":{"numer":"2936G","klasa":"droga gĹ‚Ăłwna","kat":"powiatowa"},"geometry":{"type":"LineString","coordinates":[[19.20445,54.04493],[19.20406,54.04539],[19.20297,54.04763],[19.20116,54.05005],[19.20064,54.05198]]}},{"type":"Feature","properties":{"numer":"22","klasa":"droga gĹ‚Ăłwna ruchu przyĹ›pieszonego","kat":"krajowa"},"geometry":{"type":"LineString","coordinates":[[19.17968,54.04985],[19.19137,54.05255]]}},{"type":"Feature","properties":{"numer":"203005G,2936G","klasa":"droga gĹ‚Ăłwna","kat":"powiatowa"},"geometry":{"type":"LineString","coordinates":[[19.20064,54.05198],[19.20063,54.05202]]}},{"type":"Feature","properties":{"numer":"2936G","klasa":"droga gĹ‚Ăłwna","kat":"powiatowa"},"geometry":{"type":"LineString","coordinates":[[19.20063,54.05202],[19.20008,54.05446]]}},{"type":"Feature","properties":{"numer":"22","klasa":"droga gĹ‚Ăłwna ruchu przyĹ›pieszonego","kat":"krajowa"},"geometry":{"type":"LineString","coordinates":[[19.19137,54.05255],[19.19856,54.05422],[19.20008,54.05446]]}},{"type":"Feature","properties":{"numer":"2932G","klasa":"","kat":"powiatowa"},"geometry":{"type":"LineString","coordinates":[[19.19137,54.05255],[19.19009,54.0564]]}},{"type":"Feature","properties":{"numer":"2933G","klasa":"","kat":"powiatowa"},"geometry":{"type":"LineString","coordinates":[[19.20008,54.05446],[19.19986,54.05585]]}},{"type":"Feature","properties":{"numer":"22","klasa":"droga gĹ‚Ăłwna ruchu przyĹ›pieszonego","kat":"krajowa"},"geometry":{"type":"LineString","coordinates":[[19.20008,54.05446],[19.20102,54.05457],[19.20751,54.05583],[19.20887,54.05638]]}},{"type":"Feature","properties":{"numer":"","klasa":"","kat":"gminna"},"geometry":{"type":"LineString","coordinates":[[19.19986,54.05585],[19.19976,54.05664]]}},{"type":"Feature","properties":{"numer":"2909G","klasa":"","kat":"powiatowa"},"geometry":{"type":"LineString","coordinates":[[19.17968,54.04985],[19.17991,54.04892],[19.17993,54.04818],[19.17964,54.04231],[19.17924,54.04105],[19.17945,54.04077],[19.18052,54.04],[19.18098,54.03946]]}},{"type":"Feature","properties":{"numer":"22","klasa":"droga gĹ‚Ăłwna ruchu przyĹ›pieszonego","kat":"krajowa"},"geometry":{"type":"LineString","coordinates":[[19.14518,54.04188],[19.17968,54.04985]]}},{"type":"Feature","properties":{"numer":"2931G","klasa":"droga zbiorcza","kat":"powiatowa"},"geometry":{"type":"LineString","coordinates":[[19.14443,54.04745],[19.15086,54.05426],[19.15514,54.05931],[19.15817,54.06209],[19.15944,54.06291]]}},{"type":"Feature","properties":{"numer":"2932G","klasa":"","kat":"powiatowa"},"geometry":{"type":"LineString","coordinates":[[19.18797,54.06109],[19.18511,54.06245],[19.18028,54.0645],[19.17144,54.06458],[19.16802,54.06479]]}},{"type":"Feature","properties":{"numer":"2931G","klasa":"droga zbiorcza","kat":"powiatowa"},"geometry":{"type":"LineString","coordinates":[[19.15944,54.06291],[19.16429,54.06569],[19.1657,54.06679]]}},{"type":"Feature","properties":{"numer":"2932G","klasa":"","kat":"powiatowa"},"geometry":{"type":"LineString","coordinates":[[19.16802,54.06479],[19.16706,54.06489],[19.16683,54.06507],[19.16667,54.06539]]}},{"type":"Feature","properties":{"numer":"2932G","klasa":"","kat":"powiatowa"},"geometry":{"type":"LineString","coordinates":[[19.16667,54.06539],[19.16639,54.06604],[19.1657,54.06679]]}},{"type":"Feature","properties":{"numer":"2931G","klasa":"droga zbiorcza","kat":"powiatowa"},"geometry":{"type":"LineString","coordinates":[[19.1657,54.06679],[19.16551,54.06748],[19.16537,54.07096],[19.16557,54.07174],[19.16789,54.07498],[19.16932,54.07718],[19.17087,54.08086]]}},{"type":"Feature","properties":{"numer":"2931G","klasa":"droga zbiorcza","kat":"powiatowa"},"geometry":{"type":"LineString","coordinates":[[19.17087,54.08086],[19.17089,54.08092]]}},{"type":"Feature","properties":{"numer":"2931G","klasa":"droga zbiorcza","kat":"powiatowa"},"geometry":{"type":"LineString","coordinates":[[19.17089,54.08092],[19.17149,54.08218],[19.17202,54.08299],[19.17289,54.08377],[19.17509,54.0854],[19.17622,54.08589],[19.18505,54.08875]]}},{"type":"Feature","properties":{"numer":"2914G","klasa":"","kat":"powiatowa"},"geometry":{"type":"LineString","coordinates":[[19.20887,54.05638],[19.20915,54.05626],[19.2117,54.05615],[19.21542,54.05736],[19.21679,54.05788],[19.22121,54.05791]]}},{"type":"Feature","properties":{"numer":"","klasa":"","kat":"gminna"},"geometry":{"type":"LineString","coordinates":[[19.19009,54.0564],[19.18964,54.0577]]}},{"type":"Feature","properties":{"numer":"2933G","klasa":"","kat":"powiatowa"},"geometry":{"type":"LineString","coordinates":[[19.19976,54.05664],[19.1995,54.05848]]}},{"type":"Feature","properties":{"numer":"","klasa":"","kat":"gminna"},"geometry":{"type":"LineString","coordinates":[[19.18964,54.0577],[19.18797,54.06109]]}},{"type":"Feature","properties":{"numer":"22","klasa":"droga gĹ‚Ăłwna ruchu przyĹ›pieszonego","kat":"krajowa"},"geometry":{"type":"LineString","coordinates":[[19.20887,54.05638],[19.21136,54.05747],[19.21537,54.05892],[19.21586,54.05921],[19.21778,54.06088],[19.21817,54.06161],[19.21819,54.06515],[19.21844,54.06624],[19.22195,54.07189]]}},{"type":"Feature","properties":{"numer":"2933G","klasa":"","kat":"powiatowa"},"geometry":{"type":"LineString","coordinates":[[19.1995,54.05848],[19.19877,54.06111],[19.19791,54.06279],[19.1979,54.06376],[19.19818,54.06438],[19.20233,54.07117],[19.20347,54.07245]]}},{"type":"Feature","properties":{"numer":"2933G","klasa":"","kat":"powiatowa"},"geometry":{"type":"LineString","coordinates":[[19.20347,54.07245],[19.20657,54.07611],[19.20697,54.07674]]}},{"type":"Feature","properties":{"numer":"2933G","klasa":"","kat":"powiatowa"},"geometry":{"type":"LineString","coordinates":[[19.20697,54.07674],[19.20702,54.07687]]}},{"type":"Feature","properties":{"numer":"2933G","klasa":"","kat":"powiatowa"},"geometry":{"type":"LineString","coordinates":[[19.20702,54.07687],[19.20706,54.07725],[19.20631,54.07852],[19.20447,54.08225],[19.20317,54.08344],[19.20272,54.0849],[19.20311,54.08638],[19.20287,54.08777],[19.20036,54.08973]]}},{"type":"Feature","properties":{"numer":"2931G","klasa":"droga zbiorcza","kat":"powiatowa"},"geometry":{"type":"LineString","coordinates":[[19.18505,54.08875],[19.18606,54.089],[19.18823,54.08937],[19.18895,54.08938],[19.19115,54.08918],[19.19316,54.08909],[19.19421,54.08925],[19.19584,54.08969],[19.19949,54.08979]]}},{"type":"Feature","properties":{"numer":"192007G","klasa":"droga lokalna","kat":"powiatowa"},"geometry":{"type":"LineString","coordinates":[[19.1626,54.09539],[19.16234,54.09533],[19.16199,54.09541],[19.15998,54.09604],[19.15738,54.09668],[19.15655,54.09682],[19.15448,54.09697],[19.15403,54.09707]]}},{"type":"Feature","properties":{"numer":"192007G","klasa":"droga lokalna","kat":"powiatowa"},"geometry":{"type":"LineString","coordinates":[[19.1626,54.09539],[19.16272,54.09543],[19.16237,54.09622],[19.1613,54.09825]]}},{"type":"Feature","properties":{"numer":"192007G","klasa":"droga lokalna","kat":"powiatowa"},"geometry":{"type":"LineString","coordinates":[[19.1613,54.09825],[19.16053,54.09951],[19.1597,54.10174],[19.15965,54.1022],[19.16018,54.10413]]}},{"type":"Feature","properties":{"numer":"2928G","klasa":"","kat":"powiatowa"},"geometry":{"type":"LineString","coordinates":[[19.15403,54.09707],[19.15422,54.09784],[19.15353,54.0989],[19.14953,54.10265],[19.1437,54.10761]]}},{"type":"Feature","properties":{"numer":"192007G","klasa":"droga lokalna","kat":"powiatowa"},"geometry":{"type":"LineString","coordinates":[[19.16018,54.10413],[19.16119,54.10609],[19.16159,54.10731],[19.16166,54.10789]]}},{"type":"Feature","properties":{"numer":"192007G","klasa":"droga lokalna","kat":"powiatowa"},"geometry":{"type":"LineString","coordinates":[[19.16166,54.10789],[19.16195,54.10925],[19.16214,54.11177],[19.16203,54.11231],[19.16142,54.11341]]}},{"type":"Feature","properties":{"numer":"192007G","klasa":"droga lokalna","kat":"powiatowa"},"geometry":{"type":"LineString","coordinates":[[19.16142,54.11341],[19.16245,54.11401],[19.16813,54.12045],[19.1693,54.12162]]}},{"type":"Feature","properties":{"numer":"192007G","klasa":"droga lokalna","kat":"powiatowa"},"geometry":{"type":"LineString","coordinates":[[19.1693,54.12162],[19.16808,54.12234],[19.16763,54.12279],[19.16739,54.12416],[19.16685,54.12537],[19.16655,54.1265]]}},{"type":"Feature","properties":{"numer":"2345G","klasa":"droga zbiorcza","kat":"powiatowa"},"geometry":{"type":"LineString","coordinates":[[19.13402,54.12401],[19.14723,54.1249],[19.14832,54.12512],[19.15534,54.12699],[19.16323,54.12853]]}},{"type":"Feature","properties":{"numer":"2345G","klasa":"droga zbiorcza","kat":"powiatowa"},"geometry":{"type":"LineString","coordinates":[[19.16323,54.12853],[19.16403,54.12717],[19.16454,54.12695],[19.16655,54.1265]]}},{"type":"Feature","properties":{"numer":"2931G","klasa":"droga zbiorcza","kat":"powiatowa"},"geometry":{"type":"LineString","coordinates":[[19.20036,54.08973],[19.20573,54.08855],[19.20664,54.08846],[19.2077,54.08848],[19.20902,54.0886],[19.2106,54.08891],[19.21442,54.09005],[19.21702,54.09057],[19.21748,54.09072]]}},{"type":"Feature","properties":{"numer":"2931G","klasa":"droga zbiorcza","kat":"powiatowa"},"geometry":{"type":"LineString","coordinates":[[19.19977,54.08978],[19.20036,54.08973]]}},{"type":"Feature","properties":{"numer":"2931G","klasa":"droga zbiorcza","kat":"powiatowa"},"geometry":{"type":"LineString","coordinates":[[19.19949,54.08979],[19.19977,54.08978]]}},{"type":"Feature","properties":{"numer":"2934G","klasa":"","kat":"powiatowa"},"geometry":{"type":"LineString","coordinates":[[19.21748,54.09072],[19.21752,54.09142],[19.21722,54.09181]]}},{"type":"Feature","properties":{"numer":"2934G","klasa":"","kat":"powiatowa"},"geometry":{"type":"LineString","coordinates":[[19.21722,54.09181],[19.22214,54.0936]]}},{"type":"Feature","properties":{"numer":"2935G","klasa":"","kat":"powiatowa"},"geometry":{"type":"LineString","coordinates":[[19.21722,54.09181],[19.21619,54.09303],[19.21571,54.09388]]}},{"type":"Feature","properties":{"numer":"2935G","klasa":"","kat":"powiatowa"},"geometry":{"type":"LineString","coordinates":[[19.21571,54.09388],[19.21317,54.09922],[19.21148,54.10229]]}},{"type":"Feature","properties":{"numer":"2935G","klasa":"","kat":"powiatowa"},"geometry":{"type":"LineString","coordinates":[[19.21148,54.10229],[19.21141,54.10245]]}},{"type":"Feature","properties":{"numer":"2935G","klasa":"","kat":"powiatowa"},"geometry":{"type":"LineString","coordinates":[[19.21141,54.10245],[19.21107,54.10463],[19.21128,54.10514],[19.21181,54.10576],[19.21444,54.10742],[19.2179,54.10908],[19.21977,54.11096],[19.22045,54.11152],[19.2213,54.11194],[19.22431,54.11306],[19.22665,54.11455]]}},{"type":"Feature","properties":{"numer":"2301G","klasa":"droga zbiorcza","kat":"powiatowa"},"geometry":{"type":"LineString","coordinates":[[19.19785,54.13242],[19.19754,54.13552],[19.19769,54.13604],[19.19821,54.13645],[19.196850842389313,54.142932888459605]]}},{"type":"Feature","properties":{"numer":"2929G","klasa":"droga zbiorcza","kat":"powiatowa"},"geometry":{"type":"LineString","coordinates":[[19.08985,54.07142],[19.09376,54.07229],[19.09671,54.06933],[19.09705,54.06923],[19.09932,54.06989],[19.10203,54.07093],[19.10244,54.07112],[19.10329,54.07176],[19.10376,54.07195],[19.11068,54.06771]]}},{"type":"Feature","properties":{"numer":"2928G","klasa":"droga zbiorcza","kat":"powiatowa"},"geometry":{"type":"LineString","coordinates":[[19.11393,54.09969],[19.11541,54.09738]]}},{"type":"Feature","properties":{"numer":"2928G","klasa":"droga zbiorcza","kat":"powiatowa"},"geometry":{"type":"LineString","coordinates":[[19.10235,54.1061],[19.10741,54.10385],[19.1107,54.10049],[19.11352,54.10002],[19.11372,54.09994],[19.11393,54.09969]]}},{"type":"Feature","properties":{"numer":"2927G","klasa":"droga zbiorcza","kat":"powiatowa"},"geometry":{"type":"LineString","coordinates":[[19.10235,54.1061],[19.10055,54.11022]]}},{"type":"Feature","properties":{"numer":"2927G","klasa":"droga zbiorcza","kat":"powiatowa"},"geometry":{"type":"LineString","coordinates":[[19.10047,54.1104],[19.10055,54.11022]]}},{"type":"Feature","properties":{"numer":"2927G","klasa":"droga zbiorcza","kat":"powiatowa"},"geometry":{"type":"LineString","coordinates":[[19.10047,54.1104],[19.09986,54.11192],[19.09851,54.12058]]}},{"type":"Feature","properties":{"numer":"2345G","klasa":"droga zbiorcza","kat":"powiatowa"},"geometry":{"type":"LineString","coordinates":[[19.09851,54.12058],[19.11324,54.11958],[19.1152,54.11933],[19.11698,54.11929],[19.11846,54.11967],[19.11955,54.12007],[19.12042,54.12051],[19.12293,54.12214],[19.12513,54.12307],[19.12868,54.12369],[19.1339,54.124]]}},{"type":"Feature","properties":{"numer":"2906G","klasa":"","kat":"powiatowa"},"geometry":{"type":"LineString","coordinates":[[19.09345,54.13231],[19.10711,54.13601],[19.11233,54.13805],[19.11585,54.13961],[19.11921,54.14069],[19.12024,54.14095],[19.12149,54.1411],[19.12294,54.14115],[19.12432,54.14146],[19.12603,54.14148],[19.13359,54.14114],[19.13438,54.14103],[19.13553,54.1406],[19.13783,54.14047],[19.14614,54.14021],[19.14824993583701,54.14030547220982]]}},{"type":"Feature","properties":{"numer":"2930G","klasa":"","kat":"powiatowa"},"geometry":{"type":"LineString","coordinates":[[19.13142,54.06571],[19.13204,54.06603],[19.13332,54.06695],[19.13372,54.06712],[19.13391,54.06712],[19.13421,54.06697],[19.1349,54.06637]]}},{"type":"Feature","properties":{"numer":"2928G","klasa":"","kat":"powiatowa"},"geometry":{"type":"LineString","coordinates":[[19.11541,54.09738],[19.13025,54.10066],[19.13126,54.10189],[19.13878,54.10582],[19.13941,54.10591],[19.14094,54.10673],[19.14314,54.10752],[19.1437,54.10761]]}},{"type":"Feature","properties":{"numer":"2345G","klasa":"droga zbiorcza","kat":"powiatowa"},"geometry":{"type":"LineString","coordinates":[[19.1339,54.124],[19.13402,54.12401]]}},{"type":"Feature","properties":{"numer":"2345G","klasa":"droga zbiorcza","kat":"powiatowa"},"geometry":{"type":"LineString","coordinates":[[19.16655,54.1265],[19.1707,54.12564],[19.17194,54.12554],[19.17261,54.12564],[19.18187,54.12743],[19.18362,54.12829],[19.18706,54.13056],[19.18755,54.13077],[19.19509,54.13204],[19.19785,54.13242]]}},{"type":"Feature","properties":{"numer":"2303G","klasa":"","kat":"powiatowa"},"geometry":{"type":"LineString","coordinates":[[19.15451059150226,54.1367810332686],[19.15748,54.13494],[19.15781,54.13481],[19.15902,54.13467],[19.15918,54.13459],[19.16018,54.13349],[19.16137,54.13129],[19.16182,54.13018],[19.16199,54.12996],[19.16269,54.12951],[19.16323,54.12853]]}},{"type":"Feature","properties":{"numer":"201161G","klasa":"droga zbiorcza","kat":"powiatowa"},"geometry":{"type":"LineString","coordinates":[[19.05589,54.041],[19.05645,54.04101]]}},{"type":"Feature","properties":{"numer":"201161G","klasa":"droga zbiorcza","kat":"powiatowa"},"geometry":{"type":"LineString","coordinates":[[19.05645,54.04101],[19.0566,54.04102]]}},{"type":"Feature","properties":{"numer":"201078G","klasa":"droga zbiorcza","kat":"powiatowa"},"geometry":{"type":"LineString","coordinates":[[19.05662,54.04112],[19.0566,54.04102]]}},{"type":"Feature","properties":{"numer":"201161G","klasa":"droga zbiorcza","kat":"powiatowa"},"geometry":{"type":"LineString","coordinates":[[19.05331,54.04116],[19.05589,54.041]]}},{"type":"Feature","properties":{"numer":"201161G","klasa":"droga zbiorcza","kat":"powiatowa"},"geometry":{"type":"LineString","coordinates":[[19.05323,54.04117],[19.05331,54.04116]]}},{"type":"Feature","properties":{"numer":"201161G","klasa":"droga zbiorcza","kat":"powiatowa"},"geometry":{"type":"LineString","coordinates":[[19.05323,54.04117],[19.05258,54.0412]]}},{"type":"Feature","properties":{"numer":"201161G","klasa":"droga zbiorcza","kat":"powiatowa"},"geometry":{"type":"LineString","coordinates":[[19.05258,54.0412],[19.04894,54.04142]]}},{"type":"Feature","properties":{"numer":"201078G","klasa":"droga zbiorcza","kat":"powiatowa"},"geometry":{"type":"LineString","coordinates":[[19.05696,54.04161],[19.05662,54.04112]]}},{"type":"Feature","properties":{"numer":"201161G","klasa":"droga zbiorcza","kat":"powiatowa"},"geometry":{"type":"LineString","coordinates":[[19.04894,54.04142],[19.04883,54.04143]]}},{"type":"Feature","properties":{"numer":"201161G","klasa":"droga zbiorcza","kat":"powiatowa"},"geometry":{"type":"LineString","coordinates":[[19.04883,54.04143],[19.04714,54.04161]]}},{"type":"Feature","properties":{"numer":"201161G","klasa":"droga zbiorcza","kat":"powiatowa"},"geometry":{"type":"LineString","coordinates":[[19.04714,54.04161],[19.04554,54.04181]]}},{"type":"Feature","properties":{"numer":"201161G","klasa":"droga zbiorcza","kat":"powiatowa"},"geometry":{"type":"LineString","coordinates":[[19.04554,54.04181],[19.0455,54.04181]]}},{"type":"Feature","properties":{"numer":"201161G","klasa":"droga zbiorcza","kat":"powiatowa"},"geometry":{"type":"LineString","coordinates":[[19.0455,54.04181],[19.0449,54.04189]]}},{"type":"Feature","properties":{"numer":"201161G","klasa":"droga zbiorcza","kat":"powiatowa"},"geometry":{"type":"LineString","coordinates":[[19.0449,54.04189],[19.04472,54.04191]]}},{"type":"Feature","properties":{"numer":"201078G","klasa":"droga zbiorcza","kat":"powiatowa"},"geometry":{"type":"LineString","coordinates":[[19.05758,54.04225],[19.05696,54.04161]]}},{"type":"Feature","properties":{"numer":"201161G","klasa":"droga zbiorcza","kat":"powiatowa"},"geometry":{"type":"LineString","coordinates":[[19.04472,54.04191],[19.04387,54.04201]]}},{"type":"Feature","properties":{"numer":"201161G","klasa":"droga zbiorcza","kat":"powiatowa"},"geometry":{"type":"LineString","coordinates":[[19.04387,54.04201],[19.0436,54.04204]]}},{"type":"Feature","properties":{"numer":"201161G","klasa":"droga zbiorcza","kat":"powiatowa"},"geometry":{"type":"LineString","coordinates":[[19.0436,54.04204],[19.0433,54.04226],[19.04352,54.04268]]}},{"type":"Feature","properties":{"numer":"201167G","klasa":"droga zbiorcza","kat":"powiatowa"},"geometry":{"type":"LineString","coordinates":[[19.04952,54.04335],[19.04883,54.04143]]}},{"type":"Feature","properties":{"numer":"201078G","klasa":"droga zbiorcza","kat":"powiatowa"},"geometry":{"type":"LineString","coordinates":[[19.0584,54.04301],[19.05758,54.04225]]}},{"type":"Feature","properties":{"numer":"201078G","klasa":"droga zbiorcza","kat":"powiatowa"},"geometry":{"type":"LineString","coordinates":[[19.05942,54.04421],[19.05919,54.04376],[19.0584,54.04301]]}},{"type":"Feature","properties":{"numer":"201167G","klasa":"droga zbiorcza","kat":"powiatowa"},"geometry":{"type":"LineString","coordinates":[[19.0498,54.04409],[19.04952,54.04335]]}},{"type":"Feature","properties":{"numer":"201167G","klasa":"droga zbiorcza","kat":"powiatowa"},"geometry":{"type":"LineString","coordinates":[[19.0498,54.04409],[19.05007,54.0448]]}},{"type":"Feature","properties":{"numer":"55","klasa":"droga gĹ‚Ăłwna","kat":"krajowa"},"geometry":{"type":"LineString","coordinates":[[19.02788,54.04863],[19.03618,54.05701],[19.0431,54.06272],[19.0475,54.06563]]}},{"type":"Feature","properties":{"numer":"55","klasa":"droga gĹ‚Ăłwna","kat":"krajowa"},"geometry":{"type":"LineString","coordinates":[[19.0475,54.06563],[19.04813,54.06614],[19.04842,54.06655],[19.0486,54.06708],[19.04865,54.06785],[19.04871,54.07095],[19.04803,54.0747],[19.04802,54.07769]]}},{"type":"Feature","properties":{"numer":"55","klasa":"droga gĹ‚Ăłwna","kat":"krajowa"},"geometry":{"type":"LineString","coordinates":[[19.04802,54.07769],[19.04718,54.08003],[19.04708,54.08068],[19.04725,54.0812],[19.04827,54.08282],[19.04885,54.08493],[19.0491,54.08972],[19.04962,54.09094],[19.05361,54.09795],[19.05384,54.09845],[19.05386,54.09896],[19.0537,54.09928],[19.05335,54.09963],[19.04956,54.10229],[19.03912,54.11237]]}},{"type":"Feature","properties":{"numer":"55","klasa":"droga gĹ‚Ăłwna","kat":"krajowa"},"geometry":{"type":"LineString","coordinates":[[19.04004,54.12676],[19.03999,54.12625],[19.04017,54.12567],[19.04197,54.12306],[19.04217,54.12259],[19.04223,54.12196],[19.0419,54.12098],[19.04045,54.11795],[19.03923,54.11389],[19.03902,54.11273],[19.03912,54.11237]]}},{"type":"Feature","properties":{"numer":"192039G","klasa":"","kat":"powiatowa"},"geometry":{"type":"LineString","coordinates":[[19.03966,54.12679],[19.04004,54.12676]]}},{"type":"Feature","properties":{"numer":"192039G","klasa":"","kat":"powiatowa"},"geometry":{"type":"LineString","coordinates":[[19.03888,54.1271],[19.0392,54.12689],[19.03966,54.12679]]}},{"type":"Feature","properties":{"numer":"192039G","klasa":"droga lokalna","kat":"powiatowa"},"geometry":{"type":"LineString","coordinates":[[19.03857,54.12739],[19.03888,54.1271]]}},{"type":"Feature","properties":{"numer":"2929G","klasa":"droga zbiorcza","kat":"powiatowa"},"geometry":{"type":"LineString","coordinates":[[19.07938,54.08368],[19.07542,54.08821],[19.07525,54.08853],[19.07552,54.08901],[19.07476,54.08951]]}},{"type":"Feature","properties":{"numer":"2927G","klasa":"droga zbiorcza","kat":"powiatowa"},"geometry":{"type":"LineString","coordinates":[[19.07476,54.08951],[19.07695,54.09082],[19.07798,54.0925],[19.0793,54.09342],[19.08452,54.09508],[19.08541,54.09543],[19.09003,54.09867],[19.09081,54.09913],[19.09705,54.1019],[19.10022,54.10401],[19.10159,54.10525],[19.10235,54.1061]]}},{"type":"Feature","properties":{"numer":"2345G","klasa":"droga zbiorcza","kat":"powiatowa"},"geometry":{"type":"LineString","coordinates":[[19.07958,54.12845],[19.08134,54.12714],[19.08158,54.12686],[19.08208,54.12518],[19.0838,54.12194],[19.08409,54.12162],[19.08518,54.12148],[19.09851,54.12058]]}},{"type":"Feature","properties":{"numer":"2906G","klasa":"","kat":"powiatowa"},"geometry":{"type":"LineString","coordinates":[[19.07958,54.12845],[19.09345,54.13231]]}},{"type":"Feature","properties":{"numer":"2345G","klasa":"droga zbiorcza","kat":"powiatowa"},"geometry":{"type":"LineString","coordinates":[[19.0568,54.13399],[19.05735,54.13377],[19.06946,54.13192],[19.077,54.12998],[19.07801,54.12953],[19.07958,54.12845]]}},{"type":"Feature","properties":{"numer":"55","klasa":"droga gĹ‚Ăłwna","kat":"krajowa"},"geometry":{"type":"LineString","coordinates":[[19.06831,54.14475],[19.06564,54.14302],[19.06532,54.14272],[19.06414,54.13942],[19.06338,54.13852],[19.05859,54.13499],[19.0568,54.13399]]}},{"type":"Feature","properties":{"numer":"55","klasa":"droga gĹ‚Ăłwna","kat":"krajowa"},"geometry":{"type":"LineString","coordinates":[[19.06836505800464,54.14478670533643],[19.06831,54.14475]]}},{"type":"Feature","properties":{"numer":"192039G","klasa":"droga lokalna","kat":"powiatowa"},"geometry":{"type":"LineString","coordinates":[[19.03773,54.12806],[19.03857,54.12739]]}},{"type":"Feature","properties":{"numer":"192039G","klasa":"droga lokalna","kat":"powiatowa"},"geometry":{"type":"LineString","coordinates":[[19.03737,54.12835],[19.03773,54.12806]]}},{"type":"Feature","properties":{"numer":"192039G","klasa":"droga lokalna","kat":"powiatowa"},"geometry":{"type":"LineString","coordinates":[[19.03657,54.12895],[19.03737,54.12835]]}},{"type":"Feature","properties":{"numer":"192039G","klasa":"droga lokalna","kat":"powiatowa"},"geometry":{"type":"LineString","coordinates":[[19.03616,54.12923],[19.03657,54.12895]]}},{"type":"Feature","properties":{"numer":"192039G","klasa":"droga lokalna","kat":"powiatowa"},"geometry":{"type":"LineString","coordinates":[[19.03453,54.13017],[19.03616,54.12923]]}},{"type":"Feature","properties":{"numer":"55","klasa":"droga gĹ‚Ăłwna","kat":"krajowa"},"geometry":{"type":"LineString","coordinates":[[19.0568,54.13399],[19.04192,54.12858],[19.04106,54.12811],[19.04049,54.12766],[19.04004,54.12676]]}},{"type":"Feature","properties":{"numer":"2343G","klasa":"","kat":"powiatowa"},"geometry":{"type":"LineString","coordinates":[[19.04314,54.16465],[19.04316,54.16395]]}},{"type":"Feature","properties":{"numer":"2343G","klasa":"","kat":"powiatowa"},"geometry":{"type":"LineString","coordinates":[[19.047948064690125,54.17185454407568],[19.044821305003005,54.16770543098251]]}},{"type":"Feature","properties":{"numer":"2343G","klasa":"","kat":"powiatowa"},"geometry":{"type":"LineString","coordinates":[[19.043700142718134,54.166293243593906],[19.04332,54.16601],[19.04314,54.16465]]}},{"type":"Feature","properties":{"numer":"1118N","klasa":"","kat":"powiatowa"},"geometry":{"type":"LineString","coordinates":[[19.24205,54.1005],[19.24194,54.10045]]}},{"type":"Feature","properties":{"numer":"1118N","klasa":"","kat":"powiatowa"},"geometry":{"type":"LineString","coordinates":[[19.242150348087847,54.10054049355373],[19.24205,54.1005]]}},{"type":"Feature","properties":{"numer":"2935G","klasa":"","kat":"powiatowa"},"geometry":{"type":"LineString","coordinates":[[19.22665,54.11455],[19.22690609105737,54.11469774484079]]}},{"type":"Feature","properties":{"numer":"192027G","klasa":"","kat":"powiatowa"},"geometry":{"type":"LineString","coordinates":[[19.00441,54.13438],[19.00389,54.13433]]}},{"type":"Feature","properties":{"numer":"3074G","klasa":"droga gĹ‚Ăłwna","kat":"powiatowa"},"geometry":{"type":"LineString","coordinates":[[19.00396,54.13471],[19.00371,54.13443]]}},{"type":"Feature","properties":{"numer":"192040G","klasa":"droga lokalna","kat":"powiatowa"},"geometry":{"type":"LineString","coordinates":[[18.98909,54.13578],[18.99182,54.134]]}},{"type":"Feature","properties":{"numer":"192040G","klasa":"droga lokalna","kat":"powiatowa"},"geometry":{"type":"LineString","coordinates":[[18.98865,54.13607],[18.98909,54.13578]]}},{"type":"Feature","properties":{"numer":"192020G","klasa":"droga lokalna","kat":"powiatowa"},"geometry":{"type":"LineString","coordinates":[[19.0079,54.13655],[19.00781,54.13661]]}},{"type":"Feature","properties":{"numer":"192020G","klasa":"droga lokalna","kat":"powiatowa"},"geometry":{"type":"LineString","coordinates":[[19.00781,54.13661],[19.00689,54.13716]]}},{"type":"Feature","properties":{"numer":"3074G","klasa":"droga gĹ‚Ăłwna","kat":"powiatowa"},"geometry":{"type":"LineString","coordinates":[[19.00689,54.13716],[19.00885,54.139],[19.01013,54.14074],[19.01425,54.14306],[19.01483,54.14355],[19.01597,54.14521],[19.018,54.15088]]}},{"type":"Feature","properties":{"numer":"3074G","klasa":"droga gĹ‚Ăłwna","kat":"powiatowa"},"geometry":{"type":"LineString","coordinates":[[19.018,54.15088],[19.01832,54.15179]]}},{"type":"Feature","properties":{"numer":"2343G","klasa":"","kat":"powiatowa"},"geometry":{"type":"LineString","coordinates":[[19.04316,54.16395],[19.04256,54.16312],[19.04214,54.15791],[19.04171,54.15649],[19.04157,54.15632],[19.04004,54.15597],[19.0358,54.15444],[19.02588,54.15126],[19.02492,54.15115],[19.01952,54.15117],[19.018,54.15088]]}},{"type":"Feature","properties":{"numer":"2340G","klasa":"droga gĹ‚Ăłwna","kat":"powiatowa"},"geometry":{"type":"LineString","coordinates":[[19.01832,54.15179],[19.0205,54.15787],[19.0209,54.16904],[19.02106,54.16987],[19.02141,54.17074],[19.02207,54.17171],[19.02277,54.17241],[19.0289,54.1774],[19.029552119161806,54.17806539385212]]}},{"type":"Feature","properties":{"numer":"2337G","klasa":"droga gĹ‚Ăłwna","kat":"powiatowa"},"geometry":{"type":"LineString","coordinates":[[18.89689,54.16385],[18.896858114631385,54.163909478476064]]}}]}