{"type":"FeatureCollection","features":[{"type":"Feature","properties":{"numer":"2930S","klasa":"droga zbiorcza","kat":"powiatowa"},"geometry":{"type":"LineString","coordinates":[[18.61866,50.18944],[18.61719,50.18921],[18.61403,50.1877],[18.6135,50.18752],[18.60259,50.18659],[18.6019,50.18666],[18.60023,50.18707],[18.59883,50.18767],[18.59628,50.18823],[18.59494,50.1894],[18.59301,50.19023],[18.58789,50.19315],[18.58454,50.19475],[18.57946,50.19783]]}},{"type":"Feature","properties":{"numer":"78","klasa":"droga gĹ‚Ăłwna ruchu przyĹ›pieszonego","kat":"krajowa"},"geometry":{"type":"LineString","coordinates":[[18.57946,50.19783],[18.58102,50.19904],[18.6006,50.21542]]}},{"type":"Feature","properties":{"numer":"2931S","klasa":"","kat":"powiatowa"},"geometry":{"type":"LineString","coordinates":[[18.61443,50.21405],[18.6131,50.21156],[18.61254,50.20942]]}},{"type":"Feature","properties":{"numer":"921","klasa":"droga gĹ‚Ăłwna","kat":"wojewodzka"},"geometry":{"type":"LineString","coordinates":[[18.6006,50.21542],[18.60451,50.21591],[18.60571,50.21589],[18.60699,50.21567],[18.61152,50.21444],[18.61443,50.21405]]}},{"type":"Feature","properties":{"numer":"78","klasa":"droga gĹ‚Ăłwna ruchu przyĹ›pieszonego","kat":"krajowa"},"geometry":{"type":"LineString","coordinates":[[18.6006,50.21542],[18.60294,50.21735]]}},{"type":"Feature","properties":{"numer":"78","klasa":"droga gĹ‚Ăłwna ruchu przyĹ›pieszonego","kat":"krajowa"},"geometry":{"type":"LineString","coordinates":[[18.60294,50.21735],[18.60298,50.21739]]}},{"type":"Feature","properties":{"numer":"78","klasa":"droga gĹ‚Ăłwna ruchu przyĹ›pieszonego","kat":"krajowa"},"geometry":{"type":"LineString","coordinates":[[18.60298,50.21739],[18.60914,50.22249]]}},{"type":"Feature","properties":{"numer":"78","klasa":"droga gĹ‚Ăłwna ruchu przyĹ›pieszonego","kat":"krajowa"},"geometry":{"type":"LineString","coordinates":[[18.60914,50.22249],[18.60933,50.22264]]}},{"type":"Feature","properties":{"numer":"2930S","klasa":"droga zbiorcza","kat":"powiatowa"},"geometry":{"type":"LineString","coordinates":[[18.62276,50.18992],[18.62161,50.18971]]}},{"type":"Feature","properties":{"numer":"2931S","klasa":"droga zbiorcza","kat":"powiatowa"},"geometry":{"type":"LineString","coordinates":[[18.61844,50.19259],[18.61898,50.19187],[18.61914,50.19142],[18.61921,50.19084],[18.61908,50.19017],[18.61927,50.1895]]}},{"type":"Feature","properties":{"numer":"2980S","klasa":"droga zbiorcza","kat":"powiatowa"},"geometry":{"type":"LineString","coordinates":[[18.6363,50.194],[18.63316,50.19292],[18.62276,50.18992]]}},{"type":"Feature","properties":{"numer":"2931S","klasa":"droga zbiorcza","kat":"powiatowa"},"geometry":{"type":"LineString","coordinates":[[18.6184,50.19264],[18.61844,50.19259]]}},{"type":"Feature","properties":{"numer":"2980S","klasa":"droga zbiorcza","kat":"powiatowa"},"geometry":{"type":"LineString","coordinates":[[18.6363,50.194],[18.63673,50.19414]]}},{"type":"Feature","properties":{"numer":"2931S","klasa":"droga zbiorcza","kat":"powiatowa"},"geometry":{"type":"LineString","coordinates":[[18.61254,50.20942],[18.61189,50.20634],[18.61255,50.19891],[18.6184,50.19264]]}},{"type":"Feature","properties":{"numer":"924","klasa":"droga gĹ‚Ăłwna","kat":"wojewodzka"},"geometry":{"type":"LineString","coordinates":[[18.62616,50.21338],[18.62642,50.21294],[18.62916,50.21043],[18.63171,50.20899],[18.63306,50.20846],[18.63962,50.20618],[18.63999,50.20611]]}},{"type":"Feature","properties":{"numer":"921","klasa":"droga gĹ‚Ăłwna","kat":"wojewodzka"},"geometry":{"type":"LineString","coordinates":[[18.62616,50.21338],[18.62434,50.2137]]}},{"type":"Feature","properties":{"numer":"921","klasa":"droga gĹ‚Ăłwna","kat":"wojewodzka"},"geometry":{"type":"LineString","coordinates":[[18.62616,50.21338],[18.62841,50.21275],[18.63099,50.2127],[18.64744,50.21449]]}},{"type":"Feature","properties":{"numer":"2928S","klasa":"droga zbiorcza","kat":"powiatowa"},"geometry":{"type":"LineString","coordinates":[[18.62619,50.21389],[18.62616,50.21338]]}},{"type":"Feature","properties":{"numer":"924","klasa":"droga gĹ‚Ăłwna","kat":"wojewodzka"},"geometry":{"type":"LineString","coordinates":[[18.6472,50.19832],[18.64738,50.19782]]}},{"type":"Feature","properties":{"numer":"924","klasa":"droga gĹ‚Ăłwna","kat":"wojewodzka"},"geometry":{"type":"LineString","coordinates":[[18.63999,50.20611],[18.64081,50.20576],[18.64131,50.20542],[18.6472,50.19832]]}},{"type":"Feature","properties":{"numer":"2982S","klasa":"droga gĹ‚Ăłwna","kat":"powiatowa"},"geometry":{"type":"LineString","coordinates":[[18.63999,50.20611],[18.64011,50.20634],[18.64226,50.20868],[18.64586,50.21167],[18.64737,50.21354]]}},{"type":"Feature","properties":{"numer":"2982S","klasa":"droga gĹ‚Ăłwna","kat":"powiatowa"},"geometry":{"type":"LineString","coordinates":[[18.64779,50.21402],[18.64737,50.21354]]}},{"type":"Feature","properties":{"numer":"2982S","klasa":"droga gĹ‚Ăłwna","kat":"powiatowa"},"geometry":{"type":"LineString","coordinates":[[18.64815,50.21434],[18.64779,50.21402]]}},{"type":"Feature","properties":{"numer":"2982S","klasa":"droga gĹ‚Ăłwna","kat":"powiatowa"},"geometry":{"type":"LineString","coordinates":[[18.64779,50.21402],[18.64837,50.21421],[18.64875,50.21451],[18.64923,50.2147]]}},{"type":"Feature","properties":{"numer":"2982S","klasa":"droga gĹ‚Ăłwna","kat":"powiatowa"},"geometry":{"type":"LineString","coordinates":[[18.64829,50.21446],[18.64815,50.21434]]}},{"type":"Feature","properties":{"numer":"921","klasa":"droga gĹ‚Ăłwna","kat":"wojewodzka"},"geometry":{"type":"LineString","coordinates":[[18.64806,50.21449],[18.64829,50.21446]]}},{"type":"Feature","properties":{"numer":"921","klasa":"droga gĹ‚Ăłwna","kat":"wojewodzka"},"geometry":{"type":"LineString","coordinates":[[18.64744,50.21449],[18.64806,50.21449]]}},{"type":"Feature","properties":{"numer":"921","klasa":"droga gĹ‚Ăłwna","kat":"wojewodzka"},"geometry":{"type":"LineString","coordinates":[[18.64829,50.21446],[18.64848,50.21452]]}},{"type":"Feature","properties":{"numer":"2982S","klasa":"droga gĹ‚Ăłwna","kat":"powiatowa"},"geometry":{"type":"LineString","coordinates":[[18.64828,50.2146],[18.64829,50.21446]]}},{"type":"Feature","properties":{"numer":"921","klasa":"droga gĹ‚Ăłwna","kat":"wojewodzka"},"geometry":{"type":"LineString","coordinates":[[18.64848,50.21452],[18.64923,50.2147]]}},{"type":"Feature","properties":{"numer":"2982S","klasa":"droga gĹ‚Ăłwna","kat":"powiatowa"},"geometry":{"type":"LineString","coordinates":[[18.64835,50.21493],[18.64828,50.2146]]}},{"type":"Feature","properties":{"numer":"921","klasa":"droga gĹ‚Ăłwna","kat":"wojewodzka"},"geometry":{"type":"LineString","coordinates":[[18.64923,50.2147],[18.65489,50.21533]]}},{"type":"Feature","properties":{"numer":"921","klasa":"droga gĹ‚Ăłwna","kat":"wojewodzka"},"geometry":{"type":"LineString","coordinates":[[18.65489,50.21533],[18.65515,50.21538]]}},{"type":"Feature","properties":{"numer":"2982S","klasa":"droga gĹ‚Ăłwna","kat":"powiatowa"},"geometry":{"type":"LineString","coordinates":[[18.64835,50.21493],[18.64886,50.21571],[18.64959,50.21609]]}},{"type":"Feature","properties":{"numer":"2982S","klasa":"droga gĹ‚Ăłwna","kat":"powiatowa"},"geometry":{"type":"LineString","coordinates":[[18.64959,50.21609],[18.65001,50.21626]]}},{"type":"Feature","properties":{"numer":"921","klasa":"droga gĹ‚Ăłwna","kat":"wojewodzka"},"geometry":{"type":"LineString","coordinates":[[18.65515,50.21538],[18.65593,50.2157],[18.65754,50.21673],[18.66685,50.22053]]}},{"type":"Feature","properties":{"numer":"2982S","klasa":"droga gĹ‚Ăłwna","kat":"powiatowa"},"geometry":{"type":"LineString","coordinates":[[18.65001,50.21626],[18.65045,50.21642],[18.65142,50.21657],[18.65252,50.21687],[18.65474,50.21768],[18.65506,50.21788],[18.65731,50.21983],[18.66452,50.22277]]}},{"type":"Feature","properties":{"numer":"370033S","klasa":"droga lokalna","kat":"powiatowa"},"geometry":{"type":"LineString","coordinates":[[18.65491,50.22011],[18.6572,50.21987]]}},{"type":"Feature","properties":{"numer":"370033S","klasa":"droga lokalna","kat":"powiatowa"},"geometry":{"type":"LineString","coordinates":[[18.65452,50.22015],[18.65491,50.22011]]}},{"type":"Feature","properties":{"numer":"370033S","klasa":"droga lokalna","kat":"powiatowa"},"geometry":{"type":"LineString","coordinates":[[18.65362,50.22024],[18.65452,50.22015]]}},{"type":"Feature","properties":{"numer":"370033S","klasa":"droga lokalna","kat":"powiatowa"},"geometry":{"type":"LineString","coordinates":[[18.65295,50.22031],[18.65362,50.22024]]}},{"type":"Feature","properties":{"numer":"370033S","klasa":"droga lokalna","kat":"powiatowa"},"geometry":{"type":"LineString","coordinates":[[18.65229,50.22038],[18.65295,50.22031]]}},{"type":"Feature","properties":{"numer":"370033S","klasa":"droga lokalna","kat":"powiatowa"},"geometry":{"type":"LineString","coordinates":[[18.65184,50.22042],[18.65229,50.22038]]}},{"type":"Feature","properties":{"numer":"370033S","klasa":"droga lokalna","kat":"powiatowa"},"geometry":{"type":"LineString","coordinates":[[18.65113,50.22049],[18.65184,50.22042]]}},{"type":"Feature","properties":{"numer":"370033S","klasa":"droga lokalna","kat":"powiatowa"},"geometry":{"type":"LineString","coordinates":[[18.65069,50.22054],[18.65113,50.22049]]}},{"type":"Feature","properties":{"numer":"370033S","klasa":"droga lokalna","kat":"powiatowa"},"geometry":{"type":"LineString","coordinates":[[18.65007,50.2206],[18.65069,50.22054]]}},{"type":"Feature","properties":{"numer":"370033S","klasa":"droga lokalna","kat":"powiatowa"},"geometry":{"type":"LineString","coordinates":[[18.64999,50.22061],[18.65007,50.2206]]}},{"type":"Feature","properties":{"numer":"370033S","klasa":"droga lokalna","kat":"powiatowa"},"geometry":{"type":"LineString","coordinates":[[18.649,50.22071],[18.64999,50.22061]]}},{"type":"Feature","properties":{"numer":"370024S","klasa":"droga lokalna","kat":"powiatowa"},"geometry":{"type":"LineString","coordinates":[[18.67374,50.22118],[18.67396,50.22137]]}},{"type":"Feature","properties":{"numer":"921","klasa":"droga gĹ‚Ăłwna","kat":"wojewodzka"},"geometry":{"type":"LineString","coordinates":[[18.67133,50.22177],[18.67374,50.22118]]}},{"type":"Feature","properties":{"numer":"370024S","klasa":"droga lokalna","kat":"powiatowa"},"geometry":{"type":"LineString","coordinates":[[18.67396,50.22137],[18.67429,50.22167]]}},{"type":"Feature","properties":{"numer":"A1","klasa":"autostrada","kat":"krajowa"},"geometry":{"type":"LineString","coordinates":[[18.6915,50.21822],[18.69171,50.21992],[18.69224,50.22178],[18.69314,50.22366],[18.69386,50.22483]]}},{"type":"Feature","properties":{"numer":"921","klasa":"droga gĹ‚Ăłwna","kat":"wojewodzka"},"geometry":{"type":"LineString","coordinates":[[18.6695,50.22161],[18.66999,50.22177],[18.67047,50.22182]]}},{"type":"Feature","properties":{"numer":"921","klasa":"droga gĹ‚Ăłwna","kat":"wojewodzka"},"geometry":{"type":"LineString","coordinates":[[18.6709,50.22182],[18.67133,50.22177]]}},{"type":"Feature","properties":{"numer":"921","klasa":"droga gĹ‚Ăłwna","kat":"wojewodzka"},"geometry":{"type":"LineString","coordinates":[[18.67069,50.22182],[18.6709,50.22182]]}},{"type":"Feature","properties":{"numer":"921","klasa":"droga gĹ‚Ăłwna","kat":"wojewodzka"},"geometry":{"type":"LineString","coordinates":[[18.67047,50.22182],[18.67069,50.22182]]}},{"type":"Feature","properties":{"numer":"2981S","klasa":"droga gĹ‚Ăłwna","kat":"powiatowa"},"geometry":{"type":"LineString","coordinates":[[18.67068,50.22196],[18.67069,50.22182]]}},{"type":"Feature","properties":{"numer":"370024S","klasa":"droga lokalna","kat":"powiatowa"},"geometry":{"type":"LineString","coordinates":[[18.67429,50.22167],[18.67456,50.222],[18.67462,50.22258]]}},{"type":"Feature","properties":{"numer":"2981S","klasa":"droga gĹ‚Ăłwna","kat":"powiatowa"},"geometry":{"type":"LineString","coordinates":[[18.67074,50.22245],[18.67068,50.22196]]}},{"type":"Feature","properties":{"numer":"A1","klasa":"autostrada","kat":"krajowa"},"geometry":{"type":"LineString","coordinates":[[18.69386,50.22483],[18.69048,50.22578],[18.68947,50.22598],[18.68875,50.22601],[18.68806,50.22595],[18.68715,50.22568],[18.68633,50.22522],[18.6859,50.2247],[18.68564,50.22391],[18.68484,50.21872]]}},{"type":"Feature","properties":{"numer":"370024S","klasa":"droga lokalna","kat":"powiatowa"},"geometry":{"type":"LineString","coordinates":[[18.67462,50.22258],[18.6751,50.22289]]}},{"type":"Feature","properties":{"numer":"370024S","klasa":"droga lokalna","kat":"powiatowa"},"geometry":{"type":"LineString","coordinates":[[18.67714,50.22379],[18.6751,50.22289]]}},{"type":"Feature","properties":{"numer":"2981S","klasa":"droga gĹ‚Ăłwna","kat":"powiatowa"},"geometry":{"type":"LineString","coordinates":[[18.67074,50.22245],[18.67104,50.22338],[18.67104,50.22375],[18.67079,50.22419],[18.66983,50.22515]]}},{"type":"Feature","properties":{"numer":"370024S","klasa":"droga lokalna","kat":"powiatowa"},"geometry":{"type":"LineString","coordinates":[[18.67738,50.22389],[18.67802,50.22427]]}},{"type":"Feature","properties":{"numer":"370024S","klasa":"droga lokalna","kat":"powiatowa"},"geometry":{"type":"LineString","coordinates":[[18.67802,50.22427],[18.67839,50.22455]]}},{"type":"Feature","properties":{"numer":"370024S","klasa":"droga lokalna","kat":"powiatowa"},"geometry":{"type":"LineString","coordinates":[[18.67839,50.22455],[18.67853,50.22465]]}},{"type":"Feature","properties":{"numer":"370024S","klasa":"droga lokalna","kat":"powiatowa"},"geometry":{"type":"LineString","coordinates":[[18.67853,50.22465],[18.67894,50.22513]]}},{"type":"Feature","properties":{"numer":"370024S","klasa":"droga lokalna","kat":"powiatowa"},"geometry":{"type":"LineString","coordinates":[[18.67894,50.22513],[18.67927,50.22555]]}},{"type":"Feature","properties":{"numer":"370033S","klasa":"droga lokalna","kat":"powiatowa"},"geometry":{"type":"LineString","coordinates":[[18.64784,50.22083],[18.649,50.22071]]}},{"type":"Feature","properties":{"numer":"370033S","klasa":"droga lokalna","kat":"powiatowa"},"geometry":{"type":"LineString","coordinates":[[18.64725,50.22089],[18.64784,50.22083]]}},{"type":"Feature","properties":{"numer":"921","klasa":"droga gĹ‚Ăłwna","kat":"wojewodzka"},"geometry":{"type":"LineString","coordinates":[[18.66685,50.22053],[18.6695,50.22161]]}},{"type":"Feature","properties":{"numer":"370033S","klasa":"droga lokalna","kat":"powiatowa"},"geometry":{"type":"LineString","coordinates":[[18.6431,50.22131],[18.64725,50.22089]]}},{"type":"Feature","properties":{"numer":"370033S","klasa":"droga lokalna","kat":"powiatowa"},"geometry":{"type":"LineString","coordinates":[[18.64297,50.22132],[18.6431,50.22131]]}},{"type":"Feature","properties":{"numer":"2982S","klasa":"droga gĹ‚Ăłwna","kat":"powiatowa"},"geometry":{"type":"LineString","coordinates":[[18.66685,50.22053],[18.66452,50.22277]]}},{"type":"Feature","properties":{"numer":"2982S","klasa":"droga gĹ‚Ăłwna","kat":"powiatowa"},"geometry":{"type":"LineString","coordinates":[[18.66452,50.22277],[18.66983,50.22515]]}},{"type":"Feature","properties":{"numer":"2982S","klasa":"droga gĹ‚Ăłwna","kat":"powiatowa"},"geometry":{"type":"LineString","coordinates":[[18.65571,50.2279],[18.65988,50.22645],[18.66452,50.22277]]}},{"type":"Feature","properties":{"numer":"","klasa":"droga wewnÄ™trzna","kat":"gminna"},"geometry":{"type":"LineString","coordinates":[[18.6431,50.22131],[18.64316,50.22159],[18.64307,50.22189],[18.6406,50.22552],[18.6389,50.22956],[18.63874,50.23029],[18.63892,50.23117],[18.63948,50.23197],[18.64051,50.23274],[18.64319,50.23445]]}},{"type":"Feature","properties":{"numer":"2982S","klasa":"droga gĹ‚Ăłwna","kat":"powiatowa"},"geometry":{"type":"LineString","coordinates":[[18.65505,50.22829],[18.65571,50.2279]]}},{"type":"Feature","properties":{"numer":"2982S","klasa":"droga gĹ‚Ăłwna","kat":"powiatowa"},"geometry":{"type":"LineString","coordinates":[[18.65439,50.22842],[18.65505,50.22829]]}},{"type":"Feature","properties":{"numer":"370034S","klasa":"droga zbiorcza","kat":"powiatowa"},"geometry":{"type":"LineString","coordinates":[[18.65505,50.22829],[18.65537,50.22855]]}},{"type":"Feature","properties":{"numer":"2981S","klasa":"droga gĹ‚Ăłwna","kat":"powiatowa"},"geometry":{"type":"LineString","coordinates":[[18.66983,50.22515],[18.66239,50.23215],[18.6622,50.23241],[18.66215,50.23267]]}},{"type":"Feature","properties":{"numer":"370034S","klasa":"droga zbiorcza","kat":"powiatowa"},"geometry":{"type":"LineString","coordinates":[[18.65537,50.22855],[18.65631,50.22948]]}},{"type":"Feature","properties":{"numer":"2982S","klasa":"droga gĹ‚Ăłwna","kat":"powiatowa"},"geometry":{"type":"LineString","coordinates":[[18.6502,50.23045],[18.65191,50.2294],[18.65339,50.22875],[18.65439,50.22842]]}},{"type":"Feature","properties":{"numer":"370034S","klasa":"droga zbiorcza","kat":"powiatowa"},"geometry":{"type":"LineString","coordinates":[[18.65631,50.22948],[18.65679,50.22997]]}},{"type":"Feature","properties":{"numer":"370034S","klasa":"droga zbiorcza","kat":"powiatowa"},"geometry":{"type":"LineString","coordinates":[[18.65679,50.22997],[18.65744,50.23063]]}},{"type":"Feature","properties":{"numer":"370004S","klasa":"droga lokalna","kat":"powiatowa"},"geometry":{"type":"LineString","coordinates":[[18.6502,50.23045],[18.65097,50.23086]]}},{"type":"Feature","properties":{"numer":"370004S","klasa":"droga lokalna","kat":"powiatowa"},"geometry":{"type":"LineString","coordinates":[[18.65097,50.23086],[18.65118,50.23097]]}},{"type":"Feature","properties":{"numer":"370034S","klasa":"droga zbiorcza","kat":"powiatowa"},"geometry":{"type":"LineString","coordinates":[[18.65744,50.23063],[18.65826,50.23148]]}},{"type":"Feature","properties":{"numer":"370024S","klasa":"droga lokalna","kat":"powiatowa"},"geometry":{"type":"LineString","coordinates":[[18.68039,50.22788],[18.6804,50.22763]]}},{"type":"Feature","properties":{"numer":"370024S","klasa":"droga lokalna","kat":"powiatowa"},"geometry":{"type":"LineString","coordinates":[[18.68038,50.22808],[18.68039,50.22788]]}},{"type":"Feature","properties":{"numer":"370024S","klasa":"droga lokalna","kat":"powiatowa"},"geometry":{"type":"LineString","coordinates":[[18.68038,50.22829],[18.68038,50.22819]]}},{"type":"Feature","properties":{"numer":"370024S","klasa":"droga lokalna","kat":"powiatowa"},"geometry":{"type":"LineString","coordinates":[[18.68037,50.22862],[18.68038,50.22829]]}},{"type":"Feature","properties":{"numer":"370024S","klasa":"droga lokalna","kat":"powiatowa"},"geometry":{"type":"LineString","coordinates":[[18.68035,50.22937],[18.68037,50.22862]]}},{"type":"Feature","properties":{"numer":"370024S","klasa":"droga lokalna","kat":"powiatowa"},"geometry":{"type":"LineString","coordinates":[[18.68035,50.22945],[18.68035,50.22937]]}},{"type":"Feature","properties":{"numer":"370024S","klasa":"droga lokalna","kat":"powiatowa"},"geometry":{"type":"LineString","coordinates":[[18.68031,50.23019],[18.68035,50.22945]]}},{"type":"Feature","properties":{"numer":"370024S","klasa":"droga lokalna","kat":"powiatowa"},"geometry":{"type":"LineString","coordinates":[[18.68028,50.23099],[18.68031,50.23025]]}},{"type":"Feature","properties":{"numer":"370024S","klasa":"droga lokalna","kat":"powiatowa"},"geometry":{"type":"LineString","coordinates":[[18.68028,50.23112],[18.68028,50.23099]]}},{"type":"Feature","properties":{"numer":"370024S","klasa":"droga lokalna","kat":"powiatowa"},"geometry":{"type":"LineString","coordinates":[[18.68026,50.23158],[18.68028,50.23112]]}},{"type":"Feature","properties":{"numer":"A1","klasa":"autostrada","kat":"krajowa"},"geometry":{"type":"LineString","coordinates":[[18.70981357148838,50.182211914855316],[18.70865,50.1837],[18.70653,50.18671],[18.70463,50.19022],[18.70301,50.1943]]}},{"type":"Feature","properties":{"numer":"A1","klasa":"autostrada","kat":"krajowa"},"geometry":{"type":"LineString","coordinates":[[18.70301,50.1943],[18.70273,50.19465]]}},{"type":"Feature","properties":{"numer":"A1","klasa":"autostrada","kat":"krajowa"},"geometry":{"type":"LineString","coordinates":[[18.703,50.19469],[18.70301,50.1943]]}},{"type":"Feature","properties":{"numer":"A1","klasa":"autostrada","kat":"krajowa"},"geometry":{"type":"LineString","coordinates":[[18.70301,50.1943],[18.70152,50.19811]]}},{"type":"Feature","properties":{"numer":"A1","klasa":"autostrada","kat":"krajowa"},"geometry":{"type":"LineString","coordinates":[[18.70273,50.19465],[18.70221,50.1954],[18.70156,50.19572],[18.70138,50.19592],[18.70121,50.19653],[18.70157,50.19717],[18.7015,50.1978]]}},{"type":"Feature","properties":{"numer":"A1","klasa":"autostrada","kat":"krajowa"},"geometry":{"type":"LineString","coordinates":[[18.70177,50.19785],[18.70222,50.1973],[18.70288,50.19698],[18.70302,50.19681],[18.70324,50.19612],[18.70286,50.19549],[18.703,50.19469]]}},{"type":"Feature","properties":{"numer":"5621S","klasa":"","kat":"powiatowa"},"geometry":{"type":"LineString","coordinates":[[18.676537512293248,50.1746502097364],[18.67655,50.17478],[18.67662,50.17491],[18.67688,50.17495],[18.68382,50.17404],[18.68385304561274,50.17403344346122]]}},{"type":"Feature","properties":{"numer":"A1","klasa":"autostrada","kat":"krajowa"},"geometry":{"type":"LineString","coordinates":[[18.70152,50.19811],[18.70063,50.20004],[18.69929,50.2024],[18.69423,50.20965],[18.69263,50.21243],[18.69177,50.21489],[18.69156,50.21636],[18.6915,50.21822]]}},{"type":"Feature","properties":{"numer":"921","klasa":"droga gĹ‚Ăłwna","kat":"wojewodzka"},"geometry":{"type":"LineString","coordinates":[[18.6851,50.21851],[18.68615,50.21832],[18.68841,50.21815],[18.6915,50.21822]]}},{"type":"Feature","properties":{"numer":"921","klasa":"droga gĹ‚Ăłwna","kat":"wojewodzka"},"geometry":{"type":"LineString","coordinates":[[18.6915,50.21822],[18.70219,50.21847]]}},{"type":"Feature","properties":{"numer":"921","klasa":"droga gĹ‚Ăłwna","kat":"wojewodzka"},"geometry":{"type":"LineString","coordinates":[[18.68481,50.21856],[18.6851,50.21851]]}},{"type":"Feature","properties":{"numer":"921","klasa":"droga gĹ‚Ăłwna","kat":"wojewodzka"},"geometry":{"type":"LineString","coordinates":[[18.68456,50.2186],[18.68481,50.21856]]}},{"type":"Feature","properties":{"numer":"A1","klasa":"autostrada","kat":"krajowa"},"geometry":{"type":"LineString","coordinates":[[18.68484,50.21872],[18.68481,50.21856]]}},{"type":"Feature","properties":{"numer":"921","klasa":"droga gĹ‚Ăłwna","kat":"wojewodzka"},"geometry":{"type":"LineString","coordinates":[[18.67374,50.22118],[18.67554,50.22055],[18.67864,50.21979],[18.68054,50.21935],[18.68456,50.2186]]}},{"type":"Feature","properties":{"numer":"2909S","klasa":"droga zbiorcza","kat":"powiatowa"},"geometry":{"type":"LineString","coordinates":[[18.77737,50.21184],[18.77637,50.21138],[18.77574,50.21057],[18.77512,50.21011],[18.77047,50.20535],[18.76773,50.20311],[18.7651,50.20148],[18.76414,50.2011],[18.76190205792182,50.20055193255228]]}},{"type":"Feature","properties":{"numer":"2910S","klasa":"droga zbiorcza","kat":"powiatowa"},"geometry":{"type":"LineString","coordinates":[[18.786184886017324,50.200626361087416],[18.78721,50.2012],[18.78736,50.2015],[18.78731,50.20179],[18.78219,50.20582],[18.78082,50.20749],[18.7802,50.20879],[18.77784,50.21136]]}},{"type":"Feature","properties":{"numer":"A1","klasa":"autostrada","kat":"krajowa"},"geometry":{"type":"LineString","coordinates":[[18.70152,50.19811],[18.7015,50.1978]]}},{"type":"Feature","properties":{"numer":"A1","klasa":"autostrada","kat":"krajowa"},"geometry":{"type":"LineString","coordinates":[[18.70177,50.19785],[18.70152,50.19811]]}},{"type":"Feature","properties":{"numer":"370038S","klasa":"droga zbiorcza","kat":"powiatowa"},"geometry":{"type":"LineString","coordinates":[[18.70219,50.21847],[18.70223,50.21676]]}},{"type":"Feature","properties":{"numer":"2908S","klasa":"droga zbiorcza","kat":"powiatowa"},"geometry":{"type":"LineString","coordinates":[[18.73696,50.2181],[18.73699,50.21796]]}},{"type":"Feature","properties":{"numer":"2908S","klasa":"droga zbiorcza","kat":"powiatowa"},"geometry":{"type":"LineString","coordinates":[[18.7368,50.21867],[18.73696,50.2181]]}},{"type":"Feature","properties":{"numer":"2908S","klasa":"droga zbiorcza","kat":"powiatowa"},"geometry":{"type":"LineString","coordinates":[[18.73671,50.21897],[18.7368,50.21867]]}},{"type":"Feature","properties":{"numer":"921","klasa":"droga gĹ‚Ăłwna","kat":"wojewodzka"},"geometry":{"type":"LineString","coordinates":[[18.70219,50.21847],[18.70644,50.21851],[18.70816,50.21866],[18.70893,50.2188],[18.71355,50.22003],[18.71583,50.22104],[18.72265,50.22338],[18.72576,50.22393],[18.72723,50.22369],[18.72797,50.22368],[18.72849,50.22379],[18.72981,50.22434],[18.73046,50.22447],[18.73106,50.22447],[18.73321,50.22422],[18.73494,50.22432]]}},{"type":"Feature","properties":{"numer":"2908S","klasa":"droga zbiorcza","kat":"powiatowa"},"geometry":{"type":"LineString","coordinates":[[18.73494,50.22432],[18.73595,50.2229],[18.7363,50.22209],[18.73651,50.22135],[18.7365,50.22006],[18.73671,50.21897]]}},{"type":"Feature","properties":{"numer":"2908S,921","klasa":"droga gĹ‚Ăłwna","kat":"powiatowa"},"geometry":{"type":"LineString","coordinates":[[18.72968,50.2294],[18.73277,50.22674],[18.73412,50.22535],[18.73494,50.22432]]}},{"type":"Feature","properties":{"numer":"2908S","klasa":"droga zbiorcza","kat":"powiatowa"},"geometry":{"type":"LineString","coordinates":[[18.73699,50.21796],[18.73931,50.20975],[18.74026,50.20698],[18.74106,50.2053],[18.74179,50.2044],[18.742384184720642,50.203873546180155]]}},{"type":"Feature","properties":{"numer":"2910S","klasa":"droga zbiorcza","kat":"powiatowa"},"geometry":{"type":"LineString","coordinates":[[18.77784,50.21136],[18.77737,50.21184]]}},{"type":"Feature","properties":{"numer":"2909S","klasa":"droga zbiorcza","kat":"powiatowa"},"geometry":{"type":"LineString","coordinates":[[18.78673,50.21613],[18.78633,50.21569],[18.78574,50.21531],[18.78187,50.2136],[18.77784,50.21136]]}},{"type":"Feature","properties":{"numer":"2910S","klasa":"droga zbiorcza","kat":"powiatowa"},"geometry":{"type":"LineString","coordinates":[[18.77737,50.21184],[18.7765,50.21281],[18.77589,50.21408],[18.77568,50.21566],[18.77479,50.21835],[18.77008,50.22183],[18.76197,50.2276],[18.76017,50.22847],[18.75879,50.22962],[18.75779,50.23028]]}},{"type":"Feature","properties":{"numer":"2910S","klasa":"droga zbiorcza","kat":"powiatowa"},"geometry":{"type":"LineString","coordinates":[[18.75779,50.23028],[18.7577,50.23034]]}},{"type":"Feature","properties":{"numer":"2910S","klasa":"droga zbiorcza","kat":"powiatowa"},"geometry":{"type":"LineString","coordinates":[[18.74294,50.24334],[18.74326,50.24313],[18.74506,50.24253],[18.74533,50.24238],[18.74641,50.24098],[18.75132,50.23655],[18.75226,50.23545],[18.75433,50.2339],[18.75611,50.23241],[18.75695,50.23144],[18.75732,50.23063],[18.7577,50.23034]]}},{"type":"Feature","properties":{"numer":"44","klasa":"droga gĹ‚Ăłwna ruchu przyĹ›pieszonego","kat":"krajowa"},"geometry":{"type":"LineString","coordinates":[[18.75593,50.24405],[18.78941,50.23304]]}},{"type":"Feature","properties":{"numer":"44","klasa":"droga gĹ‚Ăłwna ruchu przyĹ›pieszonego","kat":"krajowa"},"geometry":{"type":"LineString","coordinates":[[18.75563,50.24416],[18.75593,50.24405]]}},{"type":"Feature","properties":{"numer":"921","klasa":"droga gĹ‚Ăłwna","kat":"wojewodzka"},"geometry":{"type":"LineString","coordinates":[[18.74294,50.24334],[18.74476,50.24635]]}},{"type":"Feature","properties":{"numer":"44","klasa":"droga gĹ‚Ăłwna ruchu przyĹ›pieszonego","kat":"krajowa"},"geometry":{"type":"LineString","coordinates":[[18.74851,50.24668],[18.75,50.24603],[18.75563,50.24416]]}},{"type":"Feature","properties":{"numer":"370024S","klasa":"droga lokalna","kat":"powiatowa"},"geometry":{"type":"LineString","coordinates":[[18.67927,50.22555],[18.67931,50.2256]]}},{"type":"Feature","properties":{"numer":"370024S","klasa":"droga lokalna","kat":"powiatowa"},"geometry":{"type":"LineString","coordinates":[[18.67931,50.2256],[18.67972,50.22612]]}},{"type":"Feature","properties":{"numer":"A1","klasa":"autostrada","kat":"krajowa"},"geometry":{"type":"LineString","coordinates":[[18.69386,50.22483],[18.69451,50.2257],[18.696139851178962,50.227525042936925]]}},{"type":"Feature","properties":{"numer":"370024S","klasa":"droga lokalna","kat":"powiatowa"},"geometry":{"type":"LineString","coordinates":[[18.67972,50.22612],[18.67991,50.22635]]}},{"type":"Feature","properties":{"numer":"370024S","klasa":"droga lokalna","kat":"powiatowa"},"geometry":{"type":"LineString","coordinates":[[18.67991,50.22635],[18.67998,50.22645]]}},{"type":"Feature","properties":{"numer":"370024S","klasa":"droga lokalna","kat":"powiatowa"},"geometry":{"type":"LineString","coordinates":[[18.67998,50.22645],[18.68012,50.22663]]}},{"type":"Feature","properties":{"numer":"370024S","klasa":"droga lokalna","kat":"powiatowa"},"geometry":{"type":"LineString","coordinates":[[18.68012,50.22663],[18.6802,50.22674]]}},{"type":"Feature","properties":{"numer":"370024S","klasa":"droga lokalna","kat":"powiatowa"},"geometry":{"type":"LineString","coordinates":[[18.6802,50.22674],[18.68023,50.22678]]}},{"type":"Feature","properties":{"numer":"370024S","klasa":"droga lokalna","kat":"powiatowa"},"geometry":{"type":"LineString","coordinates":[[18.68023,50.22678],[18.68043,50.22721]]}},{"type":"Feature","properties":{"numer":"370024S","klasa":"droga lokalna","kat":"powiatowa"},"geometry":{"type":"LineString","coordinates":[[18.6804,50.22763],[18.68043,50.22721]]}},{"type":"Feature","properties":{"numer":"2908S","klasa":"droga zbiorcza","kat":"powiatowa"},"geometry":{"type":"LineString","coordinates":[[18.72085,50.23503],[18.72382,50.23343],[18.7262,50.23234],[18.72968,50.2294]]}},{"type":"Feature","properties":{"numer":"921","klasa":"droga gĹ‚Ăłwna","kat":"wojewodzka"},"geometry":{"type":"LineString","coordinates":[[18.72968,50.2294],[18.74194,50.24187],[18.74294,50.24334]]}},{"type":"Feature","properties":{"numer":"7202S","klasa":"droga gĹ‚Ăłwna","kat":"powiatowa"},"geometry":{"type":"LineString","coordinates":[[18.720742079139924,50.235101984098264],[18.72085,50.23503]]}},{"type":"Feature","properties":{"numer":"44","klasa":"droga gĹ‚Ăłwna ruchu przyĹ›pieszonego","kat":"krajowa"},"geometry":{"type":"LineString","coordinates":[[18.73488,50.25445],[18.73954,50.25188]]}},{"type":"Feature","properties":{"numer":"370024S","klasa":"droga lokalna","kat":"powiatowa"},"geometry":{"type":"LineString","coordinates":[[18.68025,50.23208],[18.68026,50.23158]]}},{"type":"Feature","properties":{"numer":"370024S","klasa":"droga lokalna","kat":"powiatowa"},"geometry":{"type":"LineString","coordinates":[[18.68016,50.23344],[18.68025,50.23208]]}},{"type":"Feature","properties":{"numer":"370019S","klasa":"droga lokalna","kat":"powiatowa"},"geometry":{"type":"LineString","coordinates":[[18.66973,50.233],[18.67106,50.23306]]}},{"type":"Feature","properties":{"numer":"370019S","klasa":"droga lokalna","kat":"powiatowa"},"geometry":{"type":"LineString","coordinates":[[18.67106,50.23306],[18.67204,50.23313]]}},{"type":"Feature","properties":{"numer":"370019S","klasa":"droga lokalna","kat":"powiatowa"},"geometry":{"type":"LineString","coordinates":[[18.67204,50.23313],[18.672094911717416,50.23313499197431]]}},{"type":"Feature","properties":{"numer":"370019S","klasa":"droga lokalna","kat":"powiatowa"},"geometry":{"type":"LineString","coordinates":[[18.67524008666948,50.23328993809327],[18.67717,50.23337]]}},{"type":"Feature","properties":{"numer":"370019S","klasa":"droga lokalna","kat":"powiatowa"},"geometry":{"type":"LineString","coordinates":[[18.67717,50.23337],[18.679,50.23345]]}},{"type":"Feature","properties":{"numer":"370019S","klasa":"droga lokalna","kat":"powiatowa"},"geometry":{"type":"LineString","coordinates":[[18.679,50.23345],[18.68016,50.23344]]}},{"type":"Feature","properties":{"numer":"2911S","klasa":"droga zbiorcza","kat":"powiatowa"},"geometry":{"type":"LineString","coordinates":[[18.794959200895047,50.218521237521344],[18.79476,50.21864],[18.78758,50.2212]]}},{"type":"Feature","properties":{"numer":"2909S","klasa":"droga zbiorcza","kat":"powiatowa"},"geometry":{"type":"LineString","coordinates":[[18.78677,50.21619],[18.78673,50.21613]]}},{"type":"Feature","properties":{"numer":"2909S","klasa":"droga zbiorcza","kat":"powiatowa"},"geometry":{"type":"LineString","coordinates":[[18.78758,50.2212],[18.78707,50.21693],[18.78677,50.21619]]}},{"type":"Feature","properties":{"numer":"2909S","klasa":"droga zbiorcza","kat":"powiatowa"},"geometry":{"type":"LineString","coordinates":[[18.7892,50.22769],[18.78792,50.22458],[18.78758,50.2212]]}},{"type":"Feature","properties":{"numer":"2909S","klasa":"droga zbiorcza","kat":"powiatowa"},"geometry":{"type":"LineString","coordinates":[[18.78925,50.22783],[18.7892,50.22769]]}},{"type":"Feature","properties":{"numer":"44","klasa":"droga gĹ‚Ăłwna ruchu przyĹ›pieszonego","kat":"krajowa"},"geometry":{"type":"LineString","coordinates":[[18.80166,50.22901],[18.801704887218044,50.22899503759399]]}},{"type":"Feature","properties":{"numer":"921","klasa":"droga gĹ‚Ăłwna","kat":"wojewodzka"},"geometry":{"type":"LineString","coordinates":[[18.62434,50.2137],[18.62392,50.21377]]}},{"type":"Feature","properties":{"numer":"921","klasa":"droga gĹ‚Ăłwna","kat":"wojewodzka"},"geometry":{"type":"LineString","coordinates":[[18.61443,50.21405],[18.61716,50.21372],[18.61832,50.2139],[18.62289,50.21385],[18.62392,50.21377]]}},{"type":"Feature","properties":{"numer":"2928S","klasa":"droga zbiorcza","kat":"powiatowa"},"geometry":{"type":"LineString","coordinates":[[18.6262,50.21401],[18.62619,50.21389]]}},{"type":"Feature","properties":{"numer":"2928S","klasa":"droga zbiorcza","kat":"powiatowa"},"geometry":{"type":"LineString","coordinates":[[18.6262,50.21401],[18.62635,50.21624],[18.62443,50.21967],[18.6194,50.22274],[18.61638,50.22409],[18.6144,50.2245]]}},{"type":"Feature","properties":{"numer":"2927S","klasa":"droga zbiorcza","kat":"powiatowa"},"geometry":{"type":"LineString","coordinates":[[18.6144,50.2245],[18.61408,50.22468],[18.61415,50.22482],[18.61581,50.22611]]}},{"type":"Feature","properties":{"numer":"78","klasa":"droga gĹ‚Ăłwna ruchu przyĹ›pieszonego","kat":"krajowa"},"geometry":{"type":"LineString","coordinates":[[18.6144,50.2245],[18.61695,50.22622]]}},{"type":"Feature","properties":{"numer":"78","klasa":"droga gĹ‚Ăłwna ruchu przyĹ›pieszonego","kat":"krajowa"},"geometry":{"type":"LineString","coordinates":[[18.61695,50.22622],[18.6173,50.22646]]}},{"type":"Feature","properties":{"numer":"78","klasa":"droga gĹ‚Ăłwna ruchu przyĹ›pieszonego","kat":"krajowa"},"geometry":{"type":"LineString","coordinates":[[18.6173,50.22646],[18.61964,50.22793],[18.63007,50.23349],[18.633378861028472,50.23516648958776]]}},{"type":"Feature","properties":{"numer":"2927S","klasa":"droga zbiorcza","kat":"powiatowa"},"geometry":{"type":"LineString","coordinates":[[18.61581,50.22611],[18.61575,50.22687],[18.61589,50.22747],[18.61659,50.22856],[18.61714,50.22975],[18.61704,50.23043],[18.61712,50.23259],[18.61737,50.23481],[18.61795,50.23862],[18.61836,50.23947],[18.61855,50.2405],[18.61875,50.24092],[18.61866,50.24168],[18.61831,50.24226],[18.61792,50.24363],[18.61776,50.2453],[18.61899,50.24555],[18.61927,50.24572],[18.61936,50.24604],[18.6192,50.24718],[18.61929,50.24737],[18.62077,50.24767],[18.62142,50.2476]]}},{"type":"Feature","properties":{"numer":"2916S","klasa":"droga zbiorcza","kat":"powiatowa"},"geometry":{"type":"LineString","coordinates":[[18.61295,50.24692],[18.61523,50.24678],[18.6155,50.24681],[18.61575,50.24695]]}},{"type":"Feature","properties":{"numer":"370004S","klasa":"droga lokalna","kat":"powiatowa"},"geometry":{"type":"LineString","coordinates":[[18.65118,50.23097],[18.65156,50.23119]]}},{"type":"Feature","properties":{"numer":"370004S","klasa":"droga lokalna","kat":"powiatowa"},"geometry":{"type":"LineString","coordinates":[[18.65211,50.2315],[18.65156,50.23119]]}},{"type":"Feature","properties":{"numer":"370034S","klasa":"droga zbiorcza","kat":"powiatowa"},"geometry":{"type":"LineString","coordinates":[[18.65826,50.23148],[18.65848,50.2317]]}},{"type":"Feature","properties":{"numer":"370004S","klasa":"droga lokalna","kat":"powiatowa"},"geometry":{"type":"LineString","coordinates":[[18.65211,50.23217],[18.65211,50.2315]]}},{"type":"Feature","properties":{"numer":"370034S","klasa":"droga zbiorcza","kat":"powiatowa"},"geometry":{"type":"LineString","coordinates":[[18.65848,50.2317],[18.65909,50.23231]]}},{"type":"Feature","properties":{"numer":"370002S","klasa":"droga zbiorcza","kat":"powiatowa"},"geometry":{"type":"LineString","coordinates":[[18.64514,50.23372],[18.64613,50.23301],[18.64912,50.2312],[18.6502,50.23045]]}},{"type":"Feature","properties":{"numer":"370004S","klasa":"droga lokalna","kat":"powiatowa"},"geometry":{"type":"LineString","coordinates":[[18.65214,50.23223],[18.65211,50.23217]]}},{"type":"Feature","properties":{"numer":"370005S","klasa":"droga lokalna","kat":"powiatowa"},"geometry":{"type":"LineString","coordinates":[[18.65214,50.23223],[18.65223,50.23226]]}},{"type":"Feature","properties":{"numer":"370005S","klasa":"droga lokalna","kat":"powiatowa"},"geometry":{"type":"LineString","coordinates":[[18.65223,50.23226],[18.65312,50.23256]]}},{"type":"Feature","properties":{"numer":"370034S","klasa":"droga zbiorcza","kat":"powiatowa"},"geometry":{"type":"LineString","coordinates":[[18.65909,50.23231],[18.65935,50.23248],[18.65998,50.23256]]}},{"type":"Feature","properties":{"numer":"370034S","klasa":"droga zbiorcza","kat":"powiatowa"},"geometry":{"type":"LineString","coordinates":[[18.65998,50.23256],[18.66037,50.23258]]}},{"type":"Feature","properties":{"numer":"370034S","klasa":"droga zbiorcza","kat":"powiatowa"},"geometry":{"type":"LineString","coordinates":[[18.66037,50.23258],[18.66128,50.23263]]}},{"type":"Feature","properties":{"numer":"370034S","klasa":"droga zbiorcza","kat":"powiatowa"},"geometry":{"type":"LineString","coordinates":[[18.66128,50.23263],[18.66138,50.23263]]}},{"type":"Feature","properties":{"numer":"370034S","klasa":"droga zbiorcza","kat":"powiatowa"},"geometry":{"type":"LineString","coordinates":[[18.66138,50.23263],[18.66215,50.23267]]}},{"type":"Feature","properties":{"numer":"370019S","klasa":"droga lokalna","kat":"powiatowa"},"geometry":{"type":"LineString","coordinates":[[18.66215,50.23267],[18.66313,50.23269]]}},{"type":"Feature","properties":{"numer":"370019S","klasa":"droga lokalna","kat":"powiatowa"},"geometry":{"type":"LineString","coordinates":[[18.66313,50.23269],[18.66572,50.2328]]}},{"type":"Feature","properties":{"numer":"370005S","klasa":"droga lokalna","kat":"powiatowa"},"geometry":{"type":"LineString","coordinates":[[18.65312,50.23256],[18.65376,50.23307]]}},{"type":"Feature","properties":{"numer":"370019S","klasa":"droga lokalna","kat":"powiatowa"},"geometry":{"type":"LineString","coordinates":[[18.66572,50.2328],[18.66692,50.23288]]}},{"type":"Feature","properties":{"numer":"370019S","klasa":"droga lokalna","kat":"powiatowa"},"geometry":{"type":"LineString","coordinates":[[18.66692,50.23288],[18.66692688764798,50.23288039078854]]}},{"type":"Feature","properties":{"numer":"370019S","klasa":"droga lokalna","kat":"powiatowa"},"geometry":{"type":"LineString","coordinates":[[18.66883670050756,50.232974477157356],[18.66973,50.233]]}},{"type":"Feature","properties":{"numer":"370005S","klasa":"droga lokalna","kat":"powiatowa"},"geometry":{"type":"LineString","coordinates":[[18.65376,50.23307],[18.65495,50.23401],[18.65638,50.23445]]}},{"type":"Feature","properties":{"numer":"2981S","klasa":"droga gĹ‚Ăłwna","kat":"powiatowa"},"geometry":{"type":"LineString","coordinates":[[18.66215,50.23267],[18.66208,50.23342],[18.6614,50.23522]]}},{"type":"Feature","properties":{"numer":"370002S","klasa":"droga zbiorcza","kat":"powiatowa"},"geometry":{"type":"LineString","coordinates":[[18.6438,50.23462],[18.64514,50.23372]]}},{"type":"Feature","properties":{"numer":"370005S","klasa":"droga lokalna","kat":"powiatowa"},"geometry":{"type":"LineString","coordinates":[[18.65638,50.23445],[18.65682,50.23453]]}},{"type":"Feature","properties":{"numer":"","klasa":"droga wewnÄ™trzna","kat":"gminna"},"geometry":{"type":"LineString","coordinates":[[18.64319,50.23445],[18.64346,50.23462]]}},{"type":"Feature","properties":{"numer":"370005S","klasa":"droga lokalna","kat":"powiatowa"},"geometry":{"type":"LineString","coordinates":[[18.65682,50.23453],[18.65735,50.23464]]}},{"type":"Feature","properties":{"numer":"","klasa":"droga wewnÄ™trzna","kat":"gminna"},"geometry":{"type":"LineString","coordinates":[[18.64346,50.23462],[18.64363,50.23473]]}},{"type":"Feature","properties":{"numer":"370002S","klasa":"droga zbiorcza","kat":"powiatowa"},"geometry":{"type":"LineString","coordinates":[[18.6438,50.23462],[18.64363,50.23473]]}},{"type":"Feature","properties":{"numer":"370002S","klasa":"droga zbiorcza","kat":"powiatowa"},"geometry":{"type":"LineString","coordinates":[[18.64347,50.23484],[18.64363,50.23473]]}},{"type":"Feature","properties":{"numer":"370001S","klasa":"droga zbiorcza","kat":"powiatowa"},"geometry":{"type":"LineString","coordinates":[[18.64376,50.23485],[18.64363,50.23473]]}},{"type":"Feature","properties":{"numer":"370005S","klasa":"droga lokalna","kat":"powiatowa"},"geometry":{"type":"LineString","coordinates":[[18.65735,50.23464],[18.65914,50.23508]]}},{"type":"Feature","properties":{"numer":"370002S","klasa":"droga zbiorcza","kat":"powiatowa"},"geometry":{"type":"LineString","coordinates":[[18.64302,50.23514],[18.64347,50.23484]]}},{"type":"Feature","properties":{"numer":"370005S","klasa":"droga lokalna","kat":"powiatowa"},"geometry":{"type":"LineString","coordinates":[[18.65914,50.23508],[18.66051,50.23517]]}},{"type":"Feature","properties":{"numer":"370005S","klasa":"droga lokalna","kat":"powiatowa"},"geometry":{"type":"LineString","coordinates":[[18.66072,50.23514],[18.66081,50.23514]]}},{"type":"Feature","properties":{"numer":"370005S","klasa":"droga lokalna","kat":"powiatowa"},"geometry":{"type":"LineString","coordinates":[[18.66051,50.23517],[18.66072,50.23514]]}},{"type":"Feature","properties":{"numer":"370005S","klasa":"droga lokalna","kat":"powiatowa"},"geometry":{"type":"LineString","coordinates":[[18.66081,50.23514],[18.6614,50.23522]]}},{"type":"Feature","properties":{"numer":"370001S","klasa":"droga zbiorcza","kat":"powiatowa"},"geometry":{"type":"LineString","coordinates":[[18.64553,50.23595],[18.64376,50.23485]]}},{"type":"Feature","properties":{"numer":"370002S","klasa":"droga zbiorcza","kat":"powiatowa"},"geometry":{"type":"LineString","coordinates":[[18.6418,50.23597],[18.64302,50.23514]]}},{"type":"Feature","properties":{"numer":"370002S","klasa":"droga zbiorcza","kat":"powiatowa"},"geometry":{"type":"LineString","coordinates":[[18.6418,50.23597],[18.63984,50.23716]]}},{"type":"Feature","properties":{"numer":"370001S","klasa":"droga zbiorcza","kat":"powiatowa"},"geometry":{"type":"LineString","coordinates":[[18.64793,50.23749],[18.64553,50.23595]]}},{"type":"Feature","properties":{"numer":"","klasa":"droga zbiorcza","kat":"powiatowa"},"geometry":{"type":"LineString","coordinates":[[18.639684630541876,50.23726630541872],[18.63984,50.23716]]}},{"type":"Feature","properties":{"numer":"2981S","klasa":"droga gĹ‚Ăłwna","kat":"powiatowa"},"geometry":{"type":"LineString","coordinates":[[18.6614,50.23522],[18.66097,50.23614],[18.65959,50.23844],[18.65902,50.23958],[18.65874,50.24044]]}},{"type":"Feature","properties":{"numer":"370001S","klasa":"droga zbiorcza","kat":"powiatowa"},"geometry":{"type":"LineString","coordinates":[[18.65012,50.23871],[18.6491,50.23822],[18.64793,50.23749]]}},{"type":"Feature","properties":{"numer":"370001S","klasa":"droga zbiorcza","kat":"powiatowa"},"geometry":{"type":"LineString","coordinates":[[18.65341,50.23952],[18.65164,50.23919],[18.65012,50.23871]]}},{"type":"Feature","properties":{"numer":"370001S","klasa":"droga zbiorcza","kat":"powiatowa"},"geometry":{"type":"LineString","coordinates":[[18.65824,50.24036],[18.65341,50.23952]]}},{"type":"Feature","properties":{"numer":"370001S","klasa":"droga zbiorcza","kat":"powiatowa"},"geometry":{"type":"LineString","coordinates":[[18.65874,50.24044],[18.65824,50.24036]]}},{"type":"Feature","properties":{"numer":"7201S","klasa":"","kat":"powiatowa"},"geometry":{"type":"LineString","coordinates":[[18.65874,50.24044],[18.658723367817526,50.24050029166147]]}},{"type":"Feature","properties":{"numer":"2916S","klasa":"droga zbiorcza","kat":"powiatowa"},"geometry":{"type":"LineString","coordinates":[[18.61575,50.24695],[18.61579,50.24699]]}},{"type":"Feature","properties":{"numer":"2916S","klasa":"droga zbiorcza","kat":"powiatowa"},"geometry":{"type":"LineString","coordinates":[[18.61579,50.24699],[18.61634,50.24768],[18.61664,50.24792]]}},{"type":"Feature","properties":{"numer":"2927S","klasa":"droga zbiorcza","kat":"powiatowa"},"geometry":{"type":"LineString","coordinates":[[18.62142,50.2476],[18.6219,50.24773],[18.62195,50.24796]]}},{"type":"Feature","properties":{"numer":"2916S","klasa":"droga zbiorcza","kat":"powiatowa"},"geometry":{"type":"LineString","coordinates":[[18.61664,50.24792],[18.61757,50.24818],[18.61831,50.24829],[18.62064,50.24789],[18.62195,50.24796]]}},{"type":"Feature","properties":{"numer":"2916S","klasa":"droga zbiorcza","kat":"powiatowa"},"geometry":{"type":"LineString","coordinates":[[18.62195,50.24796],[18.6267,50.24871]]}},{"type":"Feature","properties":{"numer":"2916S","klasa":"droga zbiorcza","kat":"powiatowa"},"geometry":{"type":"LineString","coordinates":[[18.6267,50.24871],[18.62885,50.24911],[18.63089,50.24963],[18.63734,50.25171],[18.63869,50.25186],[18.64065758687259,50.25186]]}},{"type":"Feature","properties":{"numer":"A4,E40","klasa":"autostrada","kat":"krajowa"},"geometry":{"type":"LineString","coordinates":[[18.641823040216966,50.26107686767005],[18.63214,50.26207]]}},{"type":"Feature","properties":{"numer":"A4,E40","klasa":"autostrada","kat":"krajowa"},"geometry":{"type":"LineString","coordinates":[[18.63066,50.26221],[18.63214,50.26207]]}},{"type":"Feature","properties":{"numer":"A4,E40","klasa":"autostrada","kat":"krajowa"},"geometry":{"type":"LineString","coordinates":[[18.63066,50.26221],[18.62932,50.26235]]}},{"type":"Feature","properties":{"numer":"A4,E40","klasa":"autostrada","kat":"krajowa"},"geometry":{"type":"LineString","coordinates":[[18.62932,50.26235],[18.6116,50.26414]]}},{"type":"Feature","properties":{"numer":"2909S","klasa":"droga zbiorcza","kat":"powiatowa"},"geometry":{"type":"LineString","coordinates":[[18.78947,50.23246],[18.78987,50.22924],[18.78925,50.22783]]}},{"type":"Feature","properties":{"numer":"44","klasa":"droga gĹ‚Ăłwna ruchu przyĹ›pieszonego","kat":"krajowa"},"geometry":{"type":"LineString","coordinates":[[18.78941,50.23304],[18.80166,50.22901]]}},{"type":"Feature","properties":{"numer":"2909S","klasa":"droga zbiorcza","kat":"powiatowa"},"geometry":{"type":"LineString","coordinates":[[18.78941,50.23304],[18.78947,50.23246]]}},{"type":"Feature","properties":{"numer":"2909S","klasa":"droga zbiorcza","kat":"powiatowa"},"geometry":{"type":"LineString","coordinates":[[18.78932,50.23361],[18.78941,50.23304]]}},{"type":"Feature","properties":{"numer":"2909S","klasa":"droga zbiorcza","kat":"powiatowa"},"geometry":{"type":"LineString","coordinates":[[18.79092,50.24674],[18.78905,50.24346],[18.78832,50.24069],[18.78932,50.23361]]}},{"type":"Feature","properties":{"numer":"8210S","klasa":"droga zbiorcza","kat":"powiatowa"},"geometry":{"type":"LineString","coordinates":[[18.790971773306747,50.24682942662075],[18.79092,50.24674]]}},{"type":"Feature","properties":{"numer":"921","klasa":"droga gĹ‚Ăłwna","kat":"wojewodzka"},"geometry":{"type":"LineString","coordinates":[[18.74481,50.24643],[18.74476,50.24635]]}},{"type":"Feature","properties":{"numer":"921","klasa":"droga gĹ‚Ăłwna","kat":"wojewodzka"},"geometry":{"type":"LineString","coordinates":[[18.74481,50.24643],[18.74568,50.24757]]}},{"type":"Feature","properties":{"numer":"44","klasa":"droga gĹ‚Ăłwna ruchu przyĹ›pieszonego","kat":"krajowa"},"geometry":{"type":"LineString","coordinates":[[18.74604,50.24805],[18.74851,50.24668]]}},{"type":"Feature","properties":{"numer":"921","klasa":"droga gĹ‚Ăłwna","kat":"wojewodzka"},"geometry":{"type":"LineString","coordinates":[[18.74568,50.24757],[18.74604,50.24805]]}},{"type":"Feature","properties":{"numer":"921","klasa":"droga gĹ‚Ăłwna","kat":"wojewodzka"},"geometry":{"type":"LineString","coordinates":[[18.74604,50.24805],[18.74637,50.24838]]}},{"type":"Feature","properties":{"numer":"921","klasa":"droga gĹ‚Ăłwna","kat":"wojewodzka"},"geometry":{"type":"LineString","coordinates":[[18.74637,50.24838],[18.74636,50.24836]]}},{"type":"Feature","properties":{"numer":"44","klasa":"droga gĹ‚Ăłwna ruchu przyĹ›pieszonego","kat":"krajowa"},"geometry":{"type":"LineString","coordinates":[[18.74374,50.24941],[18.74604,50.24805]]}},{"type":"Feature","properties":{"numer":"921","klasa":"droga gĹ‚Ăłwna","kat":"wojewodzka"},"geometry":{"type":"LineString","coordinates":[[18.75073,50.25245],[18.74637,50.24838]]}},{"type":"Feature","properties":{"numer":"44","klasa":"droga gĹ‚Ăłwna ruchu przyĹ›pieszonego","kat":"krajowa"},"geometry":{"type":"LineString","coordinates":[[18.73954,50.25188],[18.74374,50.24941]]}},{"type":"Feature","properties":{"numer":"921","klasa":"droga gĹ‚Ăłwna","kat":"wojewodzka"},"geometry":{"type":"LineString","coordinates":[[18.75073,50.25245],[18.75079,50.25251]]}},{"type":"Feature","properties":{"numer":"44","klasa":"droga gĹ‚Ăłwna ruchu przyĹ›pieszonego","kat":"krajowa"},"geometry":{"type":"LineString","coordinates":[[18.72619,50.25942],[18.73488,50.25445]]}},{"type":"Feature","properties":{"numer":"621700S","klasa":"droga lokalna","kat":"powiatowa"},"geometry":{"type":"LineString","coordinates":[[18.725039440398593,50.25852598313525],[18.72518,50.25875]]}},{"type":"Feature","properties":{"numer":"621700S","klasa":"droga lokalna","kat":"powiatowa"},"geometry":{"type":"LineString","coordinates":[[18.72518,50.25875],[18.72571,50.25914]]}},{"type":"Feature","properties":{"numer":"621700S","klasa":"droga lokalna","kat":"powiatowa"},"geometry":{"type":"LineString","coordinates":[[18.72571,50.25914],[18.72613,50.25939]]}},{"type":"Feature","properties":{"numer":"621700S","klasa":"droga lokalna","kat":"powiatowa"},"geometry":{"type":"LineString","coordinates":[[18.72613,50.25939],[18.72619,50.25942]]}},{"type":"Feature","properties":{"numer":"44","klasa":"droga gĹ‚Ăłwna ruchu przyĹ›pieszonego","kat":"krajowa"},"geometry":{"type":"LineString","coordinates":[[18.72619,50.25942],[18.72568096047925,50.2597017897347]]}},{"type":"Feature","properties":{"numer":"921","klasa":"droga gĹ‚Ăłwna","kat":"wojewodzka"},"geometry":{"type":"LineString","coordinates":[[18.75079,50.25251],[18.75437,50.25583],[18.755427865856984,50.25707795112816]]}},{"type":"Feature","properties":{"numer":"A4,E40","klasa":"autostrada","kat":"krajowa"},"geometry":{"type":"LineString","coordinates":[[18.744122842336687,50.266658878768844],[18.74376,50.26658]]}},{"type":"Feature","properties":{"numer":"A4,E40","klasa":"autostrada","kat":"krajowa"},"geometry":{"type":"LineString","coordinates":[[18.72577,50.26229],[18.725662022073312,50.262264355242415]]}},{"type":"Feature","properties":{"numer":"A4,E40","klasa":"autostrada","kat":"krajowa"},"geometry":{"type":"LineString","coordinates":[[18.72577,50.26229],[18.74376,50.26658]]}},{"type":"Feature","properties":{"numer":"A1","klasa":"autostrada","kat":"krajowa"},"geometry":{"type":"LineString","coordinates":[[18.725552685606385,50.26570572053901],[18.72576,50.26589]]}},{"type":"Feature","properties":{"numer":"A1","klasa":"autostrada","kat":"krajowa"},"geometry":{"type":"LineString","coordinates":[[18.72576,50.26589],[18.72758,50.26781],[18.72853,50.26933],[18.72894,50.2702],[18.72927,50.27148],[18.729388350859622,50.27260433316641]]}},{"type":"Feature","properties":{"numer":"7212S","klasa":"droga gĹ‚Ăłwna","kat":"powiatowa"},"geometry":{"type":"LineString","coordinates":[[18.58791,50.31401],[18.587914075962576,50.314011075601236]]}},{"type":"Feature","properties":{"numer":"2980S","klasa":"droga zbiorcza","kat":"powiatowa"},"geometry":{"type":"LineString","coordinates":[[18.62197,50.18955],[18.61684,50.18182],[18.61639,50.18134],[18.612371252762088,50.177855765941516]]}},{"type":"Feature","properties":{"numer":"2930S","klasa":"droga zbiorcza","kat":"powiatowa"},"geometry":{"type":"LineString","coordinates":[[18.61875,50.18945],[18.61866,50.18944]]}},{"type":"Feature","properties":{"numer":"2930S","klasa":"droga zbiorcza","kat":"powiatowa"},"geometry":{"type":"LineString","coordinates":[[18.61927,50.1895],[18.61875,50.18945]]}},{"type":"Feature","properties":{"numer":"2930S","klasa":"droga zbiorcza","kat":"powiatowa"},"geometry":{"type":"LineString","coordinates":[[18.62161,50.18971],[18.61927,50.1895]]}},{"type":"Feature","properties":{"numer":"2980S","klasa":"droga zbiorcza","kat":"powiatowa"},"geometry":{"type":"LineString","coordinates":[[18.62161,50.18971],[18.62197,50.18955]]}},{"type":"Feature","properties":{"numer":"2980S","klasa":"droga zbiorcza","kat":"powiatowa"},"geometry":{"type":"LineString","coordinates":[[18.62276,50.18992],[18.62197,50.18955]]}},{"type":"Feature","properties":{"numer":"924","klasa":"droga gĹ‚Ăłwna","kat":"wojewodzka"},"geometry":{"type":"LineString","coordinates":[[18.64791,50.19755],[18.65019,50.19473],[18.65104,50.19349],[18.65115,50.19309],[18.65111,50.19265],[18.65069,50.19166],[18.65063,50.19114],[18.6511,50.18869],[18.65061,50.18684],[18.65068,50.18574],[18.65106,50.18383],[18.651,50.183],[18.651081706411368,50.18258563177093]]}},{"type":"Feature","properties":{"numer":"2980S","klasa":"droga zbiorcza","kat":"powiatowa"},"geometry":{"type":"LineString","coordinates":[[18.64673,50.19769],[18.64596,50.19764],[18.64506,50.19742],[18.63928,50.19504],[18.63673,50.19414]]}},{"type":"Feature","properties":{"numer":"924","klasa":"droga gĹ‚Ăłwna","kat":"wojewodzka"},"geometry":{"type":"LineString","coordinates":[[18.64738,50.19782],[18.64791,50.19755]]}},{"type":"Feature","properties":{"numer":"2980S","klasa":"droga zbiorcza","kat":"powiatowa"},"geometry":{"type":"LineString","coordinates":[[18.64738,50.19782],[18.64673,50.19769]]}},{"type":"Feature","properties":{"numer":"78","klasa":"droga gĹ‚Ăłwna","kat":"krajowa"},"geometry":{"type":"LineString","coordinates":[[18.55499,50.18181],[18.55486172649202,50.1817404079359]]}},{"type":"Feature","properties":{"numer":"78","klasa":"droga gĹ‚Ăłwna ruchu przyĹ›pieszonego","kat":"krajowa"},"geometry":{"type":"LineString","coordinates":[[18.55499,50.18181],[18.55594,50.18233],[18.56482,50.18835],[18.57946,50.19783]]}},{"type":"Feature","properties":{"numer":"2929S","klasa":"droga zbiorcza","kat":"powiatowa"},"geometry":{"type":"LineString","coordinates":[[18.57946,50.19783],[18.57398,50.20237],[18.57286,50.20355],[18.56697,50.20753],[18.5662,50.20876],[18.56499,50.21185],[18.56336,50.21407]]}},{"type":"Feature","properties":{"numer":"2975S","klasa":"droga zbiorcza","kat":"powiatowa"},"geometry":{"type":"LineString","coordinates":[[18.5567,50.21386],[18.55667,50.21362]]}},{"type":"Feature","properties":{"numer":"921","klasa":"droga gĹ‚Ăłwna","kat":"wojewodzka"},"geometry":{"type":"LineString","coordinates":[[18.55667,50.21362],[18.55877,50.21331],[18.55923,50.21331],[18.55957,50.21341],[18.56076,50.21408],[18.56246,50.21466]]}},{"type":"Feature","properties":{"numer":"921","klasa":"droga gĹ‚Ăłwna","kat":"wojewodzka"},"geometry":{"type":"LineString","coordinates":[[18.56246,50.21466],[18.5627,50.21459],[18.56336,50.21407]]}},{"type":"Feature","properties":{"numer":"921","klasa":"droga gĹ‚Ăłwna","kat":"wojewodzka"},"geometry":{"type":"LineString","coordinates":[[18.56336,50.21407],[18.56404,50.21404],[18.56473,50.21431],[18.56597,50.21505],[18.56828,50.21679],[18.56862,50.21694],[18.56945,50.21677],[18.57173,50.21575],[18.57292,50.21532],[18.57397,50.215],[18.57505,50.21478],[18.58642,50.21368],[18.58737,50.21372],[18.6006,50.21542]]}},{"type":"Feature","properties":{"numer":"2975S","klasa":"droga zbiorcza","kat":"powiatowa"},"geometry":{"type":"LineString","coordinates":[[18.55473,50.21683],[18.55533,50.2163],[18.5567,50.21386]]}},{"type":"Feature","properties":{"numer":"2975S","klasa":"droga zbiorcza","kat":"powiatowa"},"geometry":{"type":"LineString","coordinates":[[18.55428,50.21715],[18.55473,50.21683]]}},{"type":"Feature","properties":{"numer":"921","klasa":"droga gĹ‚Ăłwna","kat":"wojewodzka"},"geometry":{"type":"LineString","coordinates":[[18.47854970756952,50.20709723265386],[18.50374,50.20356],[18.5046,50.20359],[18.50524,50.20372],[18.51059,50.20529],[18.51227,50.20521],[18.51308,50.20506]]}},{"type":"Feature","properties":{"numer":"2935S","klasa":"droga zbiorcza","kat":"powiatowa"},"geometry":{"type":"LineString","coordinates":[[18.45785,50.25539],[18.44493,50.2566],[18.44309,50.25671],[18.44234,50.25692],[18.44157,50.25726],[18.43951,50.25868],[18.43852,50.25923],[18.43425,50.2603],[18.43289,50.26022],[18.42145,50.25887]]}},{"type":"Feature","properties":{"numer":"408","klasa":"droga gĹ‚Ăłwna","kat":"wojewodzka"},"geometry":{"type":"LineString","coordinates":[[18.427082323462415,50.26823293849658],[18.42716,50.26824]]}},{"type":"Feature","properties":{"numer":"921","klasa":"droga gĹ‚Ăłwna","kat":"wojewodzka"},"geometry":{"type":"LineString","coordinates":[[18.51308,50.20506],[18.51464,50.20472],[18.51503,50.20481],[18.51569,50.20515],[18.51613,50.20524],[18.52025,50.20546],[18.53401,50.20653],[18.55348,50.21345],[18.55414,50.21361],[18.555,50.21371],[18.55583,50.21372],[18.55667,50.21362]]}},{"type":"Feature","properties":{"numer":"2975S","klasa":"droga zbiorcza","kat":"powiatowa"},"geometry":{"type":"LineString","coordinates":[[18.53339,50.21932],[18.53089,50.21747],[18.52725,50.21511],[18.52723,50.21499]]}},{"type":"Feature","properties":{"numer":"2975S","klasa":"droga zbiorcza","kat":"powiatowa"},"geometry":{"type":"LineString","coordinates":[[18.55428,50.21715],[18.55167,50.21729],[18.53944,50.21912],[18.53819,50.21907],[18.53628,50.21912],[18.53339,50.21932]]}},{"type":"Feature","properties":{"numer":"919","klasa":"droga gĹ‚Ăłwna","kat":"wojewodzka"},"geometry":{"type":"LineString","coordinates":[[18.50113,50.24591],[18.50525,50.24823],[18.50584,50.24892],[18.50613,50.25],[18.50631,50.25029],[18.50885,50.25265],[18.51305,50.25499],[18.51473,50.25621],[18.51602,50.25759],[18.51684,50.25875],[18.5176,50.26014],[18.51835,50.26105],[18.5188,50.26148],[18.52156,50.26338],[18.52238,50.26406],[18.52305,50.26485],[18.52371,50.26671],[18.52578,50.26845],[18.52736,50.27022]]}},{"type":"Feature","properties":{"numer":"2936S","klasa":"droga zbiorcza","kat":"powiatowa"},"geometry":{"type":"LineString","coordinates":[[18.52338,50.27116],[18.5257,50.27045],[18.52736,50.27022]]}},{"type":"Feature","properties":{"numer":"919","klasa":"droga gĹ‚Ăłwna","kat":"wojewodzka"},"geometry":{"type":"LineString","coordinates":[[18.52736,50.27022],[18.52852,50.27178],[18.52913,50.27215],[18.5297,50.27229]]}},{"type":"Feature","properties":{"numer":"2924S","klasa":"","kat":"powiatowa"},"geometry":{"type":"LineString","coordinates":[[18.50641,50.21755],[18.50699,50.21448],[18.50649,50.21307],[18.50848,50.21177],[18.50897,50.21096],[18.51032,50.21074],[18.51104,50.21028],[18.51175,50.20999],[18.51233,50.20962],[18.5126,50.20796],[18.51301,50.20718],[18.51293,50.20609],[18.51312,50.20543],[18.51308,50.20506]]}},{"type":"Feature","properties":{"numer":"2924S","klasa":"","kat":"powiatowa"},"geometry":{"type":"LineString","coordinates":[[18.50666,50.22346],[18.50605,50.22195],[18.50595,50.22118],[18.50598,50.22008],[18.50641,50.21755]]}},{"type":"Feature","properties":{"numer":"2924S","klasa":"","kat":"powiatowa"},"geometry":{"type":"LineString","coordinates":[[18.50146,50.22494],[18.50234,50.22463],[18.50561,50.22397],[18.50666,50.22346]]}},{"type":"Feature","properties":{"numer":"919","klasa":"droga gĹ‚Ăłwna","kat":"wojewodzka"},"geometry":{"type":"LineString","coordinates":[[18.49444,50.24179],[18.48358,50.23378],[18.48219,50.23195],[18.48021,50.23038],[18.47662,50.22884],[18.47498,50.22802],[18.47101,50.2263],[18.47054,50.22603],[18.459312812538005,50.20985051904282]]}},{"type":"Feature","properties":{"numer":"2924S","klasa":"","kat":"powiatowa"},"geometry":{"type":"LineString","coordinates":[[18.49587,50.23431],[18.49484,50.23353],[18.49412,50.23254],[18.49321,50.23194],[18.49236,50.23086],[18.49293,50.23002],[18.49348,50.22966],[18.49432,50.22941],[18.49578,50.22935],[18.49683,50.22915],[18.49771,50.22876],[18.49932,50.22777],[18.49966,50.22752],[18.49993,50.22715],[18.49995,50.22652],[18.50005,50.22637],[18.50146,50.22494]]}},{"type":"Feature","properties":{"numer":"2924S","klasa":"","kat":"powiatowa"},"geometry":{"type":"LineString","coordinates":[[18.49444,50.24179],[18.49571,50.24134],[18.49612,50.24103],[18.49631,50.23919],[18.49686,50.23858],[18.49708,50.23769],[18.49749,50.23741],[18.49779,50.23691],[18.49781,50.2364],[18.49734,50.23526],[18.49587,50.23431]]}},{"type":"Feature","properties":{"numer":"919","klasa":"droga gĹ‚Ăłwna","kat":"wojewodzka"},"geometry":{"type":"LineString","coordinates":[[18.50087,50.24576],[18.49762,50.24398],[18.49444,50.24179]]}},{"type":"Feature","properties":{"numer":"919","klasa":"droga gĹ‚Ăłwna","kat":"wojewodzka"},"geometry":{"type":"LineString","coordinates":[[18.50113,50.24591],[18.50087,50.24576]]}},{"type":"Feature","properties":{"numer":"2935S","klasa":"droga zbiorcza","kat":"powiatowa"},"geometry":{"type":"LineString","coordinates":[[18.46665,50.25659],[18.46661,50.25623],[18.46639,50.25596],[18.4652,50.25539],[18.46397,50.25523],[18.46371,50.25492],[18.46356,50.25487],[18.46215,50.25475],[18.46155,50.25478],[18.45929,50.25523],[18.45785,50.25539]]}},{"type":"Feature","properties":{"numer":"2935S","klasa":"droga zbiorcza","kat":"powiatowa"},"geometry":{"type":"LineString","coordinates":[[18.46664,50.25682],[18.46665,50.25659]]}},{"type":"Feature","properties":{"numer":"2925S","klasa":"droga zbiorcza","kat":"powiatowa"},"geometry":{"type":"LineString","coordinates":[[18.56246,50.21466],[18.56132,50.21601],[18.56139,50.21616],[18.56201,50.21656],[18.56213,50.21677],[18.56016,50.21823],[18.56,50.2187],[18.56,50.21951],[18.55961,50.22013],[18.55886,50.22097],[18.55606,50.22325],[18.55451,50.22432],[18.55388,50.22492],[18.55318,50.22657],[18.55315,50.22722],[18.55285,50.2277],[18.55398,50.22864],[18.55455,50.2288]]}},{"type":"Feature","properties":{"numer":"2925S","klasa":"droga zbiorcza","kat":"powiatowa"},"geometry":{"type":"LineString","coordinates":[[18.55455,50.2288],[18.55488,50.22886]]}},{"type":"Feature","properties":{"numer":"2925S","klasa":"droga zbiorcza","kat":"powiatowa"},"geometry":{"type":"LineString","coordinates":[[18.55488,50.22886],[18.55623,50.22899],[18.55763,50.22897],[18.55836,50.22924],[18.55856,50.22956],[18.55843,50.23031],[18.55698,50.23356],[18.55714,50.23451],[18.55774,50.23587],[18.55641,50.23739],[18.55635,50.23754],[18.55645,50.23788],[18.55904,50.24154],[18.56035,50.24278],[18.56107,50.24378],[18.56181,50.2445],[18.56305,50.24713],[18.56646,50.25002],[18.56687,50.25043],[18.56708,50.25079]]}},{"type":"Feature","properties":{"numer":"2916S","klasa":"","kat":"powiatowa"},"geometry":{"type":"LineString","coordinates":[[18.56924,50.25063],[18.57301,50.2502],[18.57441,50.25019],[18.57717,50.25039],[18.57919,50.25029],[18.58035,50.25004],[18.58384,50.24876],[18.58557,50.24844],[18.58639,50.24844]]}},{"type":"Feature","properties":{"numer":"2916S","klasa":"","kat":"powiatowa"},"geometry":{"type":"LineString","coordinates":[[18.56708,50.25079],[18.56924,50.25063]]}},{"type":"Feature","properties":{"numer":"2937S","klasa":"droga zbiorcza","kat":"powiatowa"},"geometry":{"type":"LineString","coordinates":[[18.57432,50.2562],[18.57159,50.25336],[18.56924,50.25063]]}},{"type":"Feature","properties":{"numer":"","klasa":"droga zbiorcza","kat":"powiatowa"},"geometry":{"type":"LineString","coordinates":[[18.574324848484846,50.25620484848485],[18.57432,50.2562]]}},{"type":"Feature","properties":{"numer":"7202S","klasa":"","kat":"powiatowa"},"geometry":{"type":"LineString","coordinates":[[18.579371477801924,50.2616147004036],[18.57923,50.26135],[18.57775,50.25947],[18.57489242122725,50.25674689552244]]}},{"type":"Feature","properties":{"numer":"2916S","klasa":"","kat":"powiatowa"},"geometry":{"type":"LineString","coordinates":[[18.53516,50.27063],[18.53527,50.27038],[18.53655,50.26916],[18.53801,50.26683],[18.53892,50.26563],[18.54007,50.26446],[18.54314,50.26209],[18.54485,50.26125],[18.54659,50.25996],[18.54852,50.25798],[18.55071,50.25608],[18.55104,50.25593],[18.55222,50.25564],[18.55428,50.25497],[18.55551,50.25423],[18.55599,50.25406],[18.56014,50.25321],[18.56063,50.25287],[18.56101,50.25208],[18.56129,50.25185],[18.56441,50.25101],[18.56708,50.25079]]}},{"type":"Feature","properties":{"numer":"78","klasa":"droga gĹ‚Ăłwna ruchu przyĹ›pieszonego","kat":"krajowa"},"geometry":{"type":"LineString","coordinates":[[18.60933,50.22264],[18.61023,50.22327],[18.61126,50.22365]]}},{"type":"Feature","properties":{"numer":"78","klasa":"droga gĹ‚Ăłwna ruchu przyĹ›pieszonego","kat":"krajowa"},"geometry":{"type":"LineString","coordinates":[[18.61126,50.22365],[18.61339,50.22412],[18.6144,50.2245]]}},{"type":"Feature","properties":{"numer":"2926S","klasa":"droga zbiorcza","kat":"powiatowa"},"geometry":{"type":"LineString","coordinates":[[18.61126,50.22365],[18.61091,50.22492],[18.61057,50.22533],[18.61014,50.22634],[18.60943,50.22725],[18.60886,50.22864],[18.60849,50.22925],[18.60842,50.23001],[18.60802,50.23105],[18.60794,50.23158],[18.60744,50.23216],[18.60714,50.23275],[18.60719,50.2338],[18.60686,50.23491],[18.60789,50.23625],[18.61032,50.23841],[18.61166,50.24024],[18.61228,50.24184],[18.61228,50.24572],[18.61273,50.24624],[18.61295,50.24692]]}},{"type":"Feature","properties":{"numer":"2916S","klasa":"droga zbiorcza","kat":"powiatowa"},"geometry":{"type":"LineString","coordinates":[[18.58639,50.24844],[18.588,50.24879],[18.58905,50.24891],[18.59381,50.24858],[18.59856,50.24901],[18.60116,50.24897],[18.60257,50.24873],[18.60831,50.24699],[18.60969,50.24667],[18.6106,50.24661],[18.61295,50.24692]]}},{"type":"Feature","properties":{"numer":"A4,E40","klasa":"autostrada","kat":"krajowa"},"geometry":{"type":"LineString","coordinates":[[18.6116,50.26414],[18.609404488460846,50.264369096856264]]}},{"type":"Feature","properties":{"numer":"408","klasa":"droga gĹ‚Ăłwna","kat":"wojewodzka"},"geometry":{"type":"LineString","coordinates":[[18.567235795755188,50.27108550473279],[18.56716,50.27106],[18.5613,50.26943],[18.5602,50.26922],[18.5559,50.26914],[18.55094,50.26892],[18.5481,50.26892],[18.53516,50.27063]]}},{"type":"Feature","properties":{"numer":"2935S","klasa":"droga zbiorcza","kat":"powiatowa"},"geometry":{"type":"LineString","coordinates":[[18.47184,50.25987],[18.46974,50.25987],[18.46879,50.25935],[18.46798,50.25867],[18.46706,50.25825],[18.46668,50.25792],[18.46664,50.25682]]}},{"type":"Feature","properties":{"numer":"2935S","klasa":"droga zbiorcza","kat":"powiatowa"},"geometry":{"type":"LineString","coordinates":[[18.47184,50.25987],[18.47295,50.25983],[18.47975,50.25854],[18.48396,50.25811],[18.48826,50.25735],[18.4888,50.25734],[18.48986,50.25753],[18.50758,50.26303],[18.51239,50.26322],[18.51282,50.2633],[18.5161,50.26532],[18.51777,50.26583],[18.51848,50.26626],[18.51929,50.26704],[18.52211,50.2691],[18.52306,50.27034],[18.52338,50.27116]]}},{"type":"Feature","properties":{"numer":"2934S","klasa":"droga zbiorcza","kat":"powiatowa"},"geometry":{"type":"LineString","coordinates":[[18.47184,50.25987],[18.46944,50.26072],[18.46241,50.26387],[18.45488,50.26686],[18.45421,50.26745],[18.45209,50.27134],[18.45136,50.27201]]}},{"type":"Feature","properties":{"numer":"408","klasa":"droga gĹ‚Ăłwna","kat":"wojewodzka"},"geometry":{"type":"LineString","coordinates":[[18.47236,50.27899],[18.47065,50.27853],[18.45136,50.27201]]}},{"type":"Feature","properties":{"numer":"408","klasa":"droga gĹ‚Ăłwna","kat":"wojewodzka"},"geometry":{"type":"LineString","coordinates":[[18.50297,50.27943],[18.48737,50.27964],[18.47338,50.2791],[18.47236,50.27899]]}},{"type":"Feature","properties":{"numer":"2932S","klasa":"droga zbiorcza","kat":"powiatowa"},"geometry":{"type":"LineString","coordinates":[[18.47236,50.27899],[18.47088,50.28014],[18.47051,50.28025],[18.46966,50.28026],[18.46944,50.28037],[18.46927,50.28088],[18.46955,50.28166]]}},{"type":"Feature","properties":{"numer":"2932S","klasa":"droga zbiorcza","kat":"powiatowa"},"geometry":{"type":"LineString","coordinates":[[18.46955,50.28166],[18.46957,50.28171]]}},{"type":"Feature","properties":{"numer":"2932S","klasa":"droga zbiorcza","kat":"powiatowa"},"geometry":{"type":"LineString","coordinates":[[18.46957,50.28171],[18.47011,50.28201]]}},{"type":"Feature","properties":{"numer":"2967S","klasa":"","kat":"powiatowa"},"geometry":{"type":"LineString","coordinates":[[18.47011,50.28201],[18.4691,50.28319],[18.4686,50.28318],[18.46716,50.28466]]}},{"type":"Feature","properties":{"numer":"2918S","klasa":"droga gĹ‚Ăłwna","kat":"powiatowa"},"geometry":{"type":"LineString","coordinates":[[18.49787,50.29392],[18.49871,50.29335],[18.49928,50.29272],[18.49968,50.29153],[18.49989,50.29122],[18.50028,50.29094],[18.50233,50.28986],[18.50378,50.2888],[18.50397,50.28856],[18.50403,50.28812],[18.50297,50.27943]]}},{"type":"Feature","properties":{"numer":"408","klasa":"droga gĹ‚Ăłwna","kat":"wojewodzka"},"geometry":{"type":"LineString","coordinates":[[18.53516,50.27063],[18.53388,50.2709],[18.53228,50.27138],[18.53109,50.27161],[18.53021,50.27194],[18.52997,50.27217]]}},{"type":"Feature","properties":{"numer":"408","klasa":"droga gĹ‚Ăłwna","kat":"wojewodzka"},"geometry":{"type":"LineString","coordinates":[[18.52997,50.27217],[18.52987,50.27229]]}},{"type":"Feature","properties":{"numer":"919","klasa":"droga gĹ‚Ăłwna","kat":"wojewodzka"},"geometry":{"type":"LineString","coordinates":[[18.5297,50.27229],[18.52987,50.27229]]}},{"type":"Feature","properties":{"numer":"2991S","klasa":"droga gĹ‚Ăłwna","kat":"powiatowa"},"geometry":{"type":"LineString","coordinates":[[18.52987,50.27229],[18.53006,50.2723]]}},{"type":"Feature","properties":{"numer":"408","klasa":"droga gĹ‚Ăłwna","kat":"wojewodzka"},"geometry":{"type":"LineString","coordinates":[[18.52987,50.27229],[18.52981,50.2724]]}},{"type":"Feature","properties":{"numer":"2935S","klasa":"droga zbiorcza","kat":"powiatowa"},"geometry":{"type":"LineString","coordinates":[[18.52338,50.27116],[18.52346,50.27145],[18.52426,50.27246],[18.52493,50.27372],[18.52563,50.27462]]}},{"type":"Feature","properties":{"numer":"408","klasa":"droga gĹ‚Ăłwna","kat":"wojewodzka"},"geometry":{"type":"LineString","coordinates":[[18.52981,50.2724],[18.52957,50.27277],[18.52852,50.27369],[18.52563,50.27462]]}},{"type":"Feature","properties":{"numer":"408","klasa":"droga gĹ‚Ăłwna","kat":"wojewodzka"},"geometry":{"type":"LineString","coordinates":[[18.52563,50.27462],[18.51056,50.27914],[18.50901,50.27933],[18.50297,50.27943]]}},{"type":"Feature","properties":{"numer":"2991S","klasa":"droga gĹ‚Ăłwna","kat":"powiatowa"},"geometry":{"type":"LineString","coordinates":[[18.53006,50.2723],[18.53045,50.27235],[18.53075,50.27262],[18.53367,50.27644],[18.53581,50.27825],[18.53714,50.27964],[18.53775,50.28041],[18.53968,50.28185],[18.54101,50.28336],[18.54199,50.28474],[18.54277,50.28611],[18.54345,50.2879],[18.54547,50.29068]]}},{"type":"Feature","properties":{"numer":"2966S","klasa":"","kat":"powiatowa"},"geometry":{"type":"LineString","coordinates":[[18.49787,50.29392],[18.50238,50.29362],[18.50509,50.29363],[18.50736,50.29378],[18.51047,50.29418],[18.51136,50.29422],[18.53332,50.29324],[18.53759,50.29246],[18.54547,50.29068]]}},{"type":"Feature","properties":{"numer":"A4,E40","klasa":"autostrada","kat":"krajowa"},"geometry":{"type":"LineString","coordinates":[[18.56148,50.29234],[18.57116897843216,50.280260876021885]]}},{"type":"Feature","properties":{"numer":"2966S","klasa":"","kat":"powiatowa"},"geometry":{"type":"LineString","coordinates":[[18.55694,50.29053],[18.55363,50.28921],[18.55295,50.289],[18.54547,50.29068]]}},{"type":"Feature","properties":{"numer":"2966S","klasa":"","kat":"powiatowa"},"geometry":{"type":"LineString","coordinates":[[18.55912,50.2914],[18.55694,50.29053]]}},{"type":"Feature","properties":{"numer":"2966S","klasa":"","kat":"powiatowa"},"geometry":{"type":"LineString","coordinates":[[18.56111,50.29219],[18.55912,50.2914]]}},{"type":"Feature","properties":{"numer":"2966S","klasa":"","kat":"powiatowa"},"geometry":{"type":"LineString","coordinates":[[18.56148,50.29234],[18.56111,50.29219]]}},{"type":"Feature","properties":{"numer":"2966S","klasa":"","kat":"powiatowa"},"geometry":{"type":"LineString","coordinates":[[18.56148,50.29234],[18.56185,50.29249]]}},{"type":"Feature","properties":{"numer":"2966S","klasa":"","kat":"powiatowa"},"geometry":{"type":"LineString","coordinates":[[18.56185,50.29249],[18.56336,50.2931]]}},{"type":"Feature","properties":{"numer":"2966S","klasa":"","kat":"powiatowa"},"geometry":{"type":"LineString","coordinates":[[18.56336,50.2931],[18.56666,50.29438],[18.56724,50.29444],[18.57075,50.29447]]}},{"type":"Feature","properties":{"numer":"2991S","klasa":"droga gĹ‚Ăłwna","kat":"powiatowa"},"geometry":{"type":"LineString","coordinates":[[18.54547,50.29068],[18.55571,50.29922]]}},{"type":"Feature","properties":{"numer":"A4,E40","klasa":"autostrada","kat":"krajowa"},"geometry":{"type":"LineString","coordinates":[[18.55599,50.29945],[18.55828,50.29633],[18.56148,50.29234]]}},{"type":"Feature","properties":{"numer":"2991S","klasa":"droga gĹ‚Ăłwna","kat":"powiatowa"},"geometry":{"type":"LineString","coordinates":[[18.55571,50.29922],[18.55599,50.29945]]}},{"type":"Feature","properties":{"numer":"2991S","klasa":"droga gĹ‚Ăłwna","kat":"powiatowa"},"geometry":{"type":"LineString","coordinates":[[18.55599,50.29945],[18.55628,50.29969]]}},{"type":"Feature","properties":{"numer":"2991S","klasa":"droga gĹ‚Ăłwna","kat":"powiatowa"},"geometry":{"type":"LineString","coordinates":[[18.55628,50.29969],[18.558,50.30115],[18.55842,50.30192],[18.55922,50.304],[18.55894,50.30612],[18.55904,50.30637]]}},{"type":"Feature","properties":{"numer":"2933S","klasa":"droga zbiorcza","kat":"powiatowa"},"geometry":{"type":"LineString","coordinates":[[18.55695,50.3101],[18.55771,50.30958],[18.55822,50.30887],[18.55848,50.30816],[18.55875,50.30662],[18.55904,50.30637]]}},{"type":"Feature","properties":{"numer":"2933S","klasa":"droga zbiorcza","kat":"powiatowa"},"geometry":{"type":"LineString","coordinates":[[18.55693,50.31013],[18.55695,50.3101]]}},{"type":"Feature","properties":{"numer":"2991S","klasa":"droga gĹ‚Ăłwna","kat":"powiatowa"},"geometry":{"type":"LineString","coordinates":[[18.55904,50.30637],[18.56024,50.30671],[18.56194,50.30807],[18.56237,50.30818],[18.56446,50.30842],[18.56571,50.30936],[18.57049,50.31002],[18.58461,50.31292],[18.58547,50.31314],[18.58791,50.31401]]}},{"type":"Feature","properties":{"numer":"A4,E40","klasa":"autostrada","kat":"krajowa"},"geometry":{"type":"LineString","coordinates":[[18.54809,50.32266],[18.5518,50.30814],[18.55267,50.30575],[18.55353,50.30378],[18.55518,50.30066],[18.55599,50.29945]]}},{"type":"Feature","properties":{"numer":"2933S","klasa":"droga zbiorcza","kat":"powiatowa"},"geometry":{"type":"LineString","coordinates":[[18.56120686160327,50.32025984512452],[18.56078,50.31967],[18.55948,50.31724],[18.55784,50.31561],[18.55591,50.3125],[18.55591,50.31197],[18.55615,50.31149],[18.5567,50.31086],[18.55693,50.31013]]}},{"type":"Feature","properties":{"numer":"408","klasa":"droga gĹ‚Ăłwna","kat":"wojewodzka"},"geometry":{"type":"LineString","coordinates":[[18.43647,50.26932],[18.4327,50.26874],[18.42716,50.26824]]}},{"type":"Feature","properties":{"numer":"408","klasa":"droga gĹ‚Ăłwna","kat":"wojewodzka"},"geometry":{"type":"LineString","coordinates":[[18.43661,50.26934],[18.43647,50.26932]]}},{"type":"Feature","properties":{"numer":"408","klasa":"droga gĹ‚Ăłwna","kat":"wojewodzka"},"geometry":{"type":"LineString","coordinates":[[18.45136,50.27201],[18.44966,50.27156],[18.44639,50.27119],[18.44383,50.27051],[18.43661,50.26934]]}},{"type":"Feature","properties":{"numer":"2967S","klasa":"","kat":"powiatowa"},"geometry":{"type":"LineString","coordinates":[[18.46716,50.28466],[18.46073,50.29115],[18.45945,50.29215],[18.44376,50.30738],[18.44188,50.30881],[18.43894,50.31059],[18.43006,50.31746],[18.42985,50.31788],[18.42995,50.3185]]}},{"type":"Feature","properties":{"numer":"622107S","klasa":"droga lokalna","kat":"powiatowa"},"geometry":{"type":"LineString","coordinates":[[18.42995,50.3185],[18.43012,50.31915]]}},{"type":"Feature","properties":{"numer":"622107S","klasa":"droga lokalna","kat":"powiatowa"},"geometry":{"type":"LineString","coordinates":[[18.43012,50.31915],[18.43026,50.32003],[18.42972,50.32159]]}},{"type":"Feature","properties":{"numer":"2942S","klasa":"droga zbiorcza","kat":"powiatowa"},"geometry":{"type":"LineString","coordinates":[[18.4096,50.35338],[18.41099,50.35125],[18.41117,50.35049],[18.41073,50.34809],[18.40969,50.34528],[18.40953,50.34396],[18.40966,50.34115],[18.41025,50.34022],[18.40943,50.33785],[18.40984,50.33591],[18.40984,50.33535],[18.40964,50.33492],[18.40873,50.33441],[18.40869,50.3343],[18.40907,50.33405],[18.41126,50.33339],[18.4122,50.33292],[18.4143,50.3315],[18.41642,50.32983],[18.41848,50.32799],[18.42109,50.32719],[18.42642,50.3245],[18.42925,50.32235],[18.42953,50.32203],[18.42972,50.32159]]}},{"type":"Feature","properties":{"numer":"2918S","klasa":"droga gĹ‚Ăłwna","kat":"powiatowa"},"geometry":{"type":"LineString","coordinates":[[18.45426,50.34926],[18.45229,50.34904],[18.43847,50.34981],[18.42881,50.35154],[18.4096,50.35338]]}},{"type":"Feature","properties":{"numer":"2918S","klasa":"droga gĹ‚Ăłwna","kat":"powiatowa"},"geometry":{"type":"LineString","coordinates":[[18.4096,50.35338],[18.40928,50.35373],[18.40815,50.35656],[18.40706,50.35791],[18.40677,50.35844],[18.40631,50.36075],[18.40552,50.36302],[18.40567,50.36436]]}},{"type":"Feature","properties":{"numer":"2932S","klasa":"droga zbiorcza","kat":"powiatowa"},"geometry":{"type":"LineString","coordinates":[[18.47011,50.28201],[18.47129,50.28253],[18.47383,50.28384],[18.47814,50.28504],[18.47907,50.28541],[18.48112,50.28604],[18.4853,50.28802],[18.48673,50.28851],[18.48825,50.28965],[18.48905,50.29009],[18.49379,50.29368],[18.49488,50.29395],[18.49494,50.29412],[18.49473,50.29462]]}},{"type":"Feature","properties":{"numer":"2918S","klasa":"droga gĹ‚Ăłwna","kat":"powiatowa"},"geometry":{"type":"LineString","coordinates":[[18.49473,50.29462],[18.49491,50.29452],[18.49612,50.29442],[18.49709,50.29426],[18.49787,50.29392]]}},{"type":"Feature","properties":{"numer":"2918S","klasa":"droga gĹ‚Ăłwna","kat":"powiatowa"},"geometry":{"type":"LineString","coordinates":[[18.49695,50.32829],[18.49678,50.32727],[18.49944,50.31248],[18.49753,50.30538],[18.49714,50.30209],[18.4967,50.29994],[18.49645,50.29956],[18.49584,50.29918],[18.49573,50.29902],[18.49555,50.29805],[18.49522,50.29711],[18.49502,50.29584],[18.49471,50.29489],[18.49473,50.29462]]}},{"type":"Feature","properties":{"numer":"2942S","klasa":"droga zbiorcza","kat":"powiatowa"},"geometry":{"type":"LineString","coordinates":[[18.42972,50.32159],[18.44445,50.3222],[18.44904,50.32214],[18.45925,50.32254],[18.47725,50.32738],[18.48604,50.32997],[18.4884,50.33096],[18.48876,50.33101],[18.48958,50.33096]]}},{"type":"Feature","properties":{"numer":"2918S","klasa":"droga gĹ‚Ăłwna","kat":"powiatowa"},"geometry":{"type":"LineString","coordinates":[[18.49695,50.32833],[18.49695,50.32829]]}},{"type":"Feature","properties":{"numer":"2918S","klasa":"droga gĹ‚Ăłwna","kat":"powiatowa"},"geometry":{"type":"LineString","coordinates":[[18.49695,50.32833],[18.497,50.32877],[18.49678,50.32911],[18.49279,50.33173]]}},{"type":"Feature","properties":{"numer":"2942S","klasa":"droga zbiorcza","kat":"powiatowa"},"geometry":{"type":"LineString","coordinates":[[18.48965,50.33096],[18.48958,50.33096]]}},{"type":"Feature","properties":{"numer":"2942S","klasa":"droga zbiorcza","kat":"powiatowa"},"geometry":{"type":"LineString","coordinates":[[18.49279,50.33173],[18.48965,50.33096]]}},{"type":"Feature","properties":{"numer":"2918S","klasa":"droga gĹ‚Ăłwna","kat":"powiatowa"},"geometry":{"type":"LineString","coordinates":[[18.49279,50.33173],[18.48966,50.33376],[18.47784,50.33881],[18.47759,50.33892],[18.47749,50.33906]]}},{"type":"Feature","properties":{"numer":"2915S","klasa":"droga zbiorcza","kat":"powiatowa"},"geometry":{"type":"LineString","coordinates":[[18.52747,50.34773],[18.52377,50.34555],[18.52336,50.34537],[18.52263,50.3452],[18.50984,50.34366],[18.49409,50.34135],[18.4929,50.34112],[18.49036,50.34032],[18.47749,50.33906]]}},{"type":"Feature","properties":{"numer":"A4,E40","klasa":"autostrada","kat":"krajowa"},"geometry":{"type":"LineString","coordinates":[[18.548082220770738,50.32266777922926],[18.54809,50.32266]]}},{"type":"Feature","properties":{"numer":"A4,E40","klasa":"autostrada","kat":"krajowa"},"geometry":{"type":"LineString","coordinates":[[18.54794,50.32323],[18.547972229802514,50.3231064524237]]}},{"type":"Feature","properties":{"numer":"A4,E40","klasa":"autostrada","kat":"krajowa"},"geometry":{"type":"LineString","coordinates":[[18.5452511368875,50.33393638560488],[18.54794,50.32323]]}},{"type":"Feature","properties":{"numer":"88","klasa":"droga gĹ‚Ăłwna ruchu przyĹ›pieszonego","kat":"krajowa"},"geometry":{"type":"LineString","coordinates":[[18.591258069950868,50.33028436600979],[18.5863,50.33263],[18.58281,50.33412],[18.5821170140022,50.3343780575473]]}},{"type":"Feature","properties":{"numer":"7217S","klasa":"droga zbiorcza","kat":"powiatowa"},"geometry":{"type":"LineString","coordinates":[[18.58019,50.3355],[18.58015361445783,50.335409036144576]]}},{"type":"Feature","properties":{"numer":"2945S","klasa":"droga zbiorcza","kat":"powiatowa"},"geometry":{"type":"LineString","coordinates":[[18.58016,50.33617],[18.58019,50.3355]]}},{"type":"Feature","properties":{"numer":"","klasa":"droga zbiorcza","kat":"powiatowa"},"geometry":{"type":"LineString","coordinates":[[18.58,50.3369],[18.58016,50.33617]]}},{"type":"Feature","properties":{"numer":"2915S","klasa":"droga zbiorcza","kat":"powiatowa"},"geometry":{"type":"LineString","coordinates":[[18.545328826596247,50.33829617577358],[18.54452,50.33848]]}},{"type":"Feature","properties":{"numer":"A4,E40","klasa":"autostrada","kat":"krajowa"},"geometry":{"type":"LineString","coordinates":[[18.54432,50.33764],[18.54432513077982,50.33761959348935]]}},{"type":"Feature","properties":{"numer":"A4,E40","klasa":"autostrada","kat":"krajowa"},"geometry":{"type":"LineString","coordinates":[[18.54408,50.33858],[18.54432,50.33764]]}},{"type":"Feature","properties":{"numer":"2915S","klasa":"droga zbiorcza","kat":"powiatowa"},"geometry":{"type":"LineString","coordinates":[[18.54452,50.33848],[18.54408,50.33858]]}},{"type":"Feature","properties":{"numer":"2915S","klasa":"droga zbiorcza","kat":"powiatowa"},"geometry":{"type":"LineString","coordinates":[[18.54364,50.33868],[18.54408,50.33858]]}},{"type":"Feature","properties":{"numer":"A4,E40","klasa":"autostrada","kat":"krajowa"},"geometry":{"type":"LineString","coordinates":[[18.54088,50.34562],[18.54194,50.34451],[18.54292,50.34289],[18.54408,50.33858]]}},{"type":"Feature","properties":{"numer":"2915S","klasa":"droga zbiorcza","kat":"powiatowa"},"geometry":{"type":"LineString","coordinates":[[18.54364,50.33868],[18.54074,50.33934],[18.53982,50.33963],[18.53913,50.33997],[18.53511,50.34319],[18.53358,50.34426],[18.53189,50.34531],[18.52747,50.34773]]}},{"type":"Feature","properties":{"numer":"88","klasa":"droga gĹ‚Ăłwna ruchu przyĹ›pieszonego","kat":"krajowa"},"geometry":{"type":"LineString","coordinates":[[18.54088,50.34562],[18.54124,50.34577]]}},{"type":"Feature","properties":{"numer":"88","klasa":"droga gĹ‚Ăłwna ruchu przyĹ›pieszonego","kat":"krajowa"},"geometry":{"type":"LineString","coordinates":[[18.54124,50.34577],[18.54212,50.34617]]}},{"type":"Feature","properties":{"numer":"2913S","klasa":"droga gĹ‚Ăłwna","kat":"powiatowa"},"geometry":{"type":"LineString","coordinates":[[18.52712,50.34796],[18.52747,50.34773]]}},{"type":"Feature","properties":{"numer":"88,A4,E40","klasa":"autostrada","kat":"krajowa"},"geometry":{"type":"LineString","coordinates":[[18.52867,50.35096],[18.53071,50.35009],[18.53212,50.34958],[18.53647,50.34821],[18.53738,50.34784],[18.53929,50.34683],[18.54088,50.34562]]}},{"type":"Feature","properties":{"numer":"88","klasa":"droga gĹ‚Ăłwna ruchu przyĹ›pieszonego","kat":"krajowa"},"geometry":{"type":"LineString","coordinates":[[18.554416989138442,50.34287595636966],[18.54772,50.34485]]}},{"type":"Feature","properties":{"numer":"88","klasa":"droga gĹ‚Ăłwna ruchu przyĹ›pieszonego","kat":"krajowa"},"geometry":{"type":"LineString","coordinates":[[18.54212,50.34617],[18.54279,50.34637],[18.54353,50.34632],[18.54772,50.34485]]}},{"type":"Feature","properties":{"numer":"2945S","klasa":"droga zbiorcza","kat":"powiatowa"},"geometry":{"type":"LineString","coordinates":[[18.5623,50.35639],[18.5652,50.35646],[18.56658,50.35631],[18.57138,50.35521],[18.58018,50.35372],[18.5824,50.35317],[18.58475,50.35285],[18.58771,50.35185],[18.58742,50.35126],[18.58629,50.34967],[18.58431,50.3477],[18.58298,50.3461],[18.58131,50.34486],[18.58055,50.3438],[18.57991,50.34182],[18.58,50.3369]]}},{"type":"Feature","properties":{"numer":"2913S","klasa":"droga gĹ‚Ăłwna","kat":"powiatowa"},"geometry":{"type":"LineString","coordinates":[[18.52855,50.35072],[18.52713,50.34813],[18.52712,50.34796]]}},{"type":"Feature","properties":{"numer":"2913S","klasa":"droga gĹ‚Ăłwna","kat":"powiatowa"},"geometry":{"type":"LineString","coordinates":[[18.52867,50.35096],[18.52855,50.35072]]}},{"type":"Feature","properties":{"numer":"2913S","klasa":"droga gĹ‚Ăłwna","kat":"powiatowa"},"geometry":{"type":"LineString","coordinates":[[18.52881,50.35122],[18.52867,50.35096]]}},{"type":"Feature","properties":{"numer":"2943S","klasa":"droga zbiorcza","kat":"powiatowa"},"geometry":{"type":"LineString","coordinates":[[18.51511,50.36134],[18.5135,50.36054],[18.50955,50.35946],[18.50905,50.35918],[18.50937,50.35868],[18.50944,50.35777],[18.51013,50.35706],[18.5104,50.35593],[18.51137,50.35413],[18.51153,50.35396],[18.51214,50.35366],[18.52712,50.34796]]}},{"type":"Feature","properties":{"numer":"88,A4,E40","klasa":"autostrada","kat":"krajowa"},"geometry":{"type":"LineString","coordinates":[[18.51511,50.36134],[18.51696,50.35991],[18.52337,50.3542],[18.52541,50.35274],[18.52867,50.35096]]}},{"type":"Feature","properties":{"numer":"2913S","klasa":"droga gĹ‚Ăłwna","kat":"powiatowa"},"geometry":{"type":"LineString","coordinates":[[18.53078,50.36586],[18.5299,50.36369],[18.52985,50.36337],[18.53105,50.35928],[18.53124,50.35748],[18.53119,50.35637],[18.53102,50.35556],[18.53064,50.35458],[18.52881,50.35122]]}},{"type":"Feature","properties":{"numer":"2944S","klasa":"droga zbiorcza","kat":"powiatowa"},"geometry":{"type":"LineString","coordinates":[[18.532,50.36566],[18.5331,50.36551]]}},{"type":"Feature","properties":{"numer":"2944S","klasa":"droga zbiorcza","kat":"powiatowa"},"geometry":{"type":"LineString","coordinates":[[18.53208,50.3658],[18.5331,50.36551]]}},{"type":"Feature","properties":{"numer":"2944S","klasa":"droga zbiorcza","kat":"powiatowa"},"geometry":{"type":"LineString","coordinates":[[18.53208,50.3658],[18.532,50.36566]]}},{"type":"Feature","properties":{"numer":"2944S","klasa":"droga zbiorcza","kat":"powiatowa"},"geometry":{"type":"LineString","coordinates":[[18.53078,50.36586],[18.532,50.36566]]}},{"type":"Feature","properties":{"numer":"2918S","klasa":"droga gĹ‚Ăłwna","kat":"powiatowa"},"geometry":{"type":"LineString","coordinates":[[18.47749,50.33906],[18.47602,50.33897],[18.4747,50.33909],[18.47392,50.33928],[18.4725,50.33985],[18.45897,50.34962],[18.45849,50.34975],[18.45788,50.34976],[18.45437,50.34927]]}},{"type":"Feature","properties":{"numer":"2918S","klasa":"droga gĹ‚Ăłwna","kat":"powiatowa"},"geometry":{"type":"LineString","coordinates":[[18.45437,50.34927],[18.45426,50.34926]]}},{"type":"Feature","properties":{"numer":"88,A4,E40","klasa":"autostrada","kat":"krajowa"},"geometry":{"type":"LineString","coordinates":[[18.46691,50.3803],[18.46796,50.37983],[18.4724,50.37815],[18.50927,50.36445],[18.51081,50.3638],[18.51224,50.36308],[18.51511,50.36134]]}},{"type":"Feature","properties":{"numer":"2940S","klasa":"droga zbiorcza","kat":"powiatowa"},"geometry":{"type":"LineString","coordinates":[[18.47586,50.38441],[18.47725,50.38414],[18.47785,50.38409],[18.4784,50.38416],[18.48156,50.38352],[18.48307,50.38345],[18.48417,50.38312],[18.48472,50.38267],[18.48588,50.38202],[18.48735,50.38143],[18.48886,50.3803],[18.4891,50.37987],[18.4891,50.37816],[18.48945,50.37756],[18.4959,50.37376],[18.49781,50.37304],[18.506,50.37254],[18.50989,50.37257],[18.51087,50.3727],[18.51146,50.3729],[18.51192,50.3731],[18.51293,50.37378],[18.51339,50.37394],[18.51523,50.3745],[18.51598,50.3746],[18.52379,50.37315],[18.52439,50.37287],[18.52606,50.37179],[18.52641,50.37165],[18.52795,50.37144],[18.52869,50.37107],[18.52927,50.37089]]}},{"type":"Feature","properties":{"numer":"2940S","klasa":"droga zbiorcza","kat":"powiatowa"},"geometry":{"type":"LineString","coordinates":[[18.46691,50.3803],[18.46884,50.38202],[18.47112,50.3837],[18.4719,50.38394],[18.47273,50.38389],[18.47479,50.38404],[18.47586,50.38441]]}},{"type":"Feature","properties":{"numer":"2941S","klasa":"droga zbiorcza","kat":"powiatowa"},"geometry":{"type":"LineString","coordinates":[[18.47612,50.38583],[18.47586,50.38441]]}},{"type":"Feature","properties":{"numer":"2941S","klasa":"droga zbiorcza","kat":"powiatowa"},"geometry":{"type":"LineString","coordinates":[[18.47624,50.38621],[18.47612,50.38583]]}},{"type":"Feature","properties":{"numer":"2941S","klasa":"droga zbiorcza","kat":"powiatowa"},"geometry":{"type":"LineString","coordinates":[[18.4754,50.38688],[18.4761,50.38662],[18.47624,50.38621]]}},{"type":"Feature","properties":{"numer":"2941S","klasa":"droga zbiorcza","kat":"powiatowa"},"geometry":{"type":"LineString","coordinates":[[18.47512,50.38696],[18.4754,50.38688]]}},{"type":"Feature","properties":{"numer":"88,A4,E40","klasa":"autostrada","kat":"krajowa"},"geometry":{"type":"LineString","coordinates":[[18.44468,50.39361],[18.45117,50.39087],[18.45394,50.38935],[18.45613,50.38781],[18.4616,50.3834],[18.46279,50.38256],[18.46455,50.38147],[18.46691,50.3803]]}},{"type":"Feature","properties":{"numer":"2943S","klasa":"droga zbiorcza","kat":"powiatowa"},"geometry":{"type":"LineString","coordinates":[[18.51511,50.36134],[18.51871,50.36344],[18.52119,50.36392],[18.52237,50.36559],[18.52272,50.36593],[18.52927,50.37089]]}},{"type":"Feature","properties":{"numer":"2944S","klasa":"droga zbiorcza","kat":"powiatowa"},"geometry":{"type":"LineString","coordinates":[[18.53105,50.36654],[18.53155,50.36609],[18.53208,50.3658]]}},{"type":"Feature","properties":{"numer":"2913S","klasa":"droga gĹ‚Ăłwna","kat":"powiatowa"},"geometry":{"type":"LineString","coordinates":[[18.53105,50.36654],[18.53078,50.36586]]}},{"type":"Feature","properties":{"numer":"2913S","klasa":"droga gĹ‚Ăłwna","kat":"powiatowa"},"geometry":{"type":"LineString","coordinates":[[18.52927,50.37089],[18.53096,50.36733],[18.53105,50.36654]]}},{"type":"Feature","properties":{"numer":"2913S","klasa":"droga gĹ‚Ăłwna","kat":"powiatowa"},"geometry":{"type":"LineString","coordinates":[[18.52994,50.37335],[18.52947,50.37205],[18.52927,50.37089]]}},{"type":"Feature","properties":{"numer":"2913S","klasa":"droga gĹ‚Ăłwna","kat":"powiatowa"},"geometry":{"type":"LineString","coordinates":[[18.52984,50.37345],[18.52994,50.37335]]}},{"type":"Feature","properties":{"numer":"2913S","klasa":"droga gĹ‚Ăłwna","kat":"powiatowa"},"geometry":{"type":"LineString","coordinates":[[18.52739,50.37901],[18.52739,50.37783],[18.5286,50.375],[18.52889,50.3741],[18.52984,50.37345]]}},{"type":"Feature","properties":{"numer":"2913S","klasa":"droga gĹ‚Ăłwna","kat":"powiatowa"},"geometry":{"type":"LineString","coordinates":[[18.52718,50.37962],[18.52739,50.37901]]}},{"type":"Feature","properties":{"numer":"2913S","klasa":"droga gĹ‚Ăłwna","kat":"powiatowa"},"geometry":{"type":"LineString","coordinates":[[18.52672,50.38093],[18.52718,50.37962]]}},{"type":"Feature","properties":{"numer":"2913S","klasa":"droga gĹ‚Ăłwna","kat":"powiatowa"},"geometry":{"type":"LineString","coordinates":[[18.52668,50.38105],[18.52672,50.38093]]}},{"type":"Feature","properties":{"numer":"40","klasa":"droga gĹ‚Ăłwna","kat":"krajowa"},"geometry":{"type":"LineString","coordinates":[[18.59851,50.39236],[18.59888,50.3925]]}},{"type":"Feature","properties":{"numer":"40","klasa":"droga gĹ‚Ăłwna","kat":"krajowa"},"geometry":{"type":"LineString","coordinates":[[18.59888,50.3925],[18.60034,50.39303],[18.60269,50.39325],[18.60613,50.39462],[18.60826,50.39508],[18.61083,50.39546],[18.61451,50.39641],[18.6162,50.3966],[18.61772,50.39725]]}},{"type":"Feature","properties":{"numer":"94","klasa":"droga gĹ‚Ăłwna ruchu przyĹ›pieszonego","kat":"krajowa"},"geometry":{"type":"LineString","coordinates":[[18.60303,50.40274],[18.61335,50.40013],[18.61449,50.39971],[18.61549,50.39916]]}},{"type":"Feature","properties":{"numer":"94","klasa":"droga gĹ‚Ăłwna ruchu przyĹ›pieszonego","kat":"krajowa"},"geometry":{"type":"LineString","coordinates":[[18.60294,50.40276],[18.60303,50.40274]]}},{"type":"Feature","properties":{"numer":"94","klasa":"droga gĹ‚Ăłwna ruchu przyĹ›pieszonego","kat":"krajowa"},"geometry":{"type":"LineString","coordinates":[[18.60055,50.40337],[18.60294,50.40276]]}},{"type":"Feature","properties":{"numer":"94","klasa":"droga gĹ‚Ăłwna ruchu przyĹ›pieszonego","kat":"krajowa"},"geometry":{"type":"LineString","coordinates":[[18.60038,50.40341],[18.60055,50.40337]]}},{"type":"Feature","properties":{"numer":"94","klasa":"droga gĹ‚Ăłwna ruchu przyĹ›pieszonego","kat":"krajowa"},"geometry":{"type":"LineString","coordinates":[[18.59681,50.40502],[18.59918,50.40384],[18.60038,50.40341]]}},{"type":"Feature","properties":{"numer":"94","klasa":"droga gĹ‚Ăłwna ruchu przyĹ›pieszonego","kat":"krajowa"},"geometry":{"type":"LineString","coordinates":[[18.59658,50.40514],[18.59681,50.40502]]}},{"type":"Feature","properties":{"numer":"2918S","klasa":"droga gĹ‚Ăłwna","kat":"powiatowa"},"geometry":{"type":"LineString","coordinates":[[18.40568,50.36442],[18.40567,50.36436]]}},{"type":"Feature","properties":{"numer":"2918S","klasa":"droga gĹ‚Ăłwna","kat":"powiatowa"},"geometry":{"type":"LineString","coordinates":[[18.40577,50.36514],[18.40568,50.36442]]}},{"type":"Feature","properties":{"numer":"2918S","klasa":"droga gĹ‚Ăłwna","kat":"powiatowa"},"geometry":{"type":"LineString","coordinates":[[18.40578,50.36521],[18.40577,50.36514]]}},{"type":"Feature","properties":{"numer":"2918S","klasa":"droga gĹ‚Ăłwna","kat":"powiatowa"},"geometry":{"type":"LineString","coordinates":[[18.40535,50.36839],[18.40539,50.36762],[18.40566,50.36706],[18.40584,50.36629],[18.40578,50.36521]]}},{"type":"Feature","properties":{"numer":"2940S","klasa":"droga zbiorcza","kat":"powiatowa"},"geometry":{"type":"LineString","coordinates":[[18.40321,50.36925],[18.40405,50.36873],[18.40535,50.36839]]}},{"type":"Feature","properties":{"numer":"2940S","klasa":"droga zbiorcza","kat":"powiatowa"},"geometry":{"type":"LineString","coordinates":[[18.40321,50.36925],[18.40313,50.3693]]}},{"type":"Feature","properties":{"numer":"2940S","klasa":"droga zbiorcza","kat":"powiatowa"},"geometry":{"type":"LineString","coordinates":[[18.388220837290056,50.37449978013606],[18.39378,50.37304],[18.39597,50.37267],[18.40051,50.37105],[18.40133,50.37057],[18.40313,50.3693]]}},{"type":"Feature","properties":{"numer":"2918S","klasa":"droga gĹ‚Ăłwna","kat":"powiatowa"},"geometry":{"type":"LineString","coordinates":[[18.40548,50.37553],[18.40528,50.37074],[18.40535,50.36839]]}},{"type":"Feature","properties":{"numer":"2940S","klasa":"droga zbiorcza","kat":"powiatowa"},"geometry":{"type":"LineString","coordinates":[[18.40535,50.36839],[18.40778,50.36829],[18.4129,50.36831],[18.41627,50.36845],[18.42096,50.36784],[18.42274,50.36818],[18.42423,50.36892],[18.42735,50.37029],[18.42763,50.37055],[18.42762,50.37117],[18.42783,50.37135],[18.42926,50.3715],[18.43175,50.37226],[18.45322,50.36975],[18.45384,50.36974],[18.46453,50.37459],[18.46582,50.3791],[18.46607,50.37953],[18.46691,50.3803]]}},{"type":"Feature","properties":{"numer":"2918S","klasa":"droga gĹ‚Ăłwna","kat":"powiatowa"},"geometry":{"type":"LineString","coordinates":[[18.40555,50.37615],[18.40548,50.37553]]}},{"type":"Feature","properties":{"numer":"2940S","klasa":"droga zbiorcza","kat":"powiatowa"},"geometry":{"type":"LineString","coordinates":[[18.38808,50.37454],[18.388153303498775,50.37451905614321]]}},{"type":"Feature","properties":{"numer":"2940S","klasa":"droga zbiorcza","kat":"powiatowa"},"geometry":{"type":"LineString","coordinates":[[18.38793,50.37458],[18.38808,50.37454]]}},{"type":"Feature","properties":{"numer":"1457O","klasa":"droga zbiorcza","kat":"powiatowa"},"geometry":{"type":"LineString","coordinates":[[18.387616898762168,50.374591889920424],[18.38793,50.37458]]}},{"type":"Feature","properties":{"numer":"1457O","klasa":"droga zbiorcza","kat":"powiatowa"},"geometry":{"type":"LineString","coordinates":[[18.37655,50.3761],[18.37718534500503,50.376008300720926]]}},{"type":"Feature","properties":{"numer":"1457O","klasa":"droga zbiorcza","kat":"powiatowa"},"geometry":{"type":"LineString","coordinates":[[18.37651,50.37611],[18.37656,50.3761]]}},{"type":"Feature","properties":{"numer":"1457O","klasa":"droga zbiorcza","kat":"powiatowa"},"geometry":{"type":"LineString","coordinates":[[18.376498399246707,50.37611145009416],[18.37651,50.37611]]}},{"type":"Feature","properties":{"numer":"2918S","klasa":"droga gĹ‚Ăłwna","kat":"powiatowa"},"geometry":{"type":"LineString","coordinates":[[18.4056,50.37653],[18.40555,50.37615]]}},{"type":"Feature","properties":{"numer":"2918S","klasa":"droga gĹ‚Ăłwna","kat":"powiatowa"},"geometry":{"type":"LineString","coordinates":[[18.40564,50.377],[18.4056,50.37653]]}},{"type":"Feature","properties":{"numer":"2918S","klasa":"droga gĹ‚Ăłwna","kat":"powiatowa"},"geometry":{"type":"LineString","coordinates":[[18.40602,50.37832],[18.40564,50.377]]}},{"type":"Feature","properties":{"numer":"2918S","klasa":"droga gĹ‚Ăłwna","kat":"powiatowa"},"geometry":{"type":"LineString","coordinates":[[18.4061,50.37858],[18.40602,50.37832]]}},{"type":"Feature","properties":{"numer":"2918S","klasa":"droga gĹ‚Ăłwna","kat":"powiatowa"},"geometry":{"type":"LineString","coordinates":[[18.40534,50.38651],[18.40526,50.38412],[18.40624,50.3799],[18.40625,50.37935],[18.4061,50.37858]]}},{"type":"Feature","properties":{"numer":"40","klasa":"droga gĹ‚Ăłwna","kat":"krajowa"},"geometry":{"type":"LineString","coordinates":[[18.396130964188448,50.388427262712895],[18.40341,50.38661],[18.40534,50.38651]]}},{"type":"Feature","properties":{"numer":"40","klasa":"droga gĹ‚Ăłwna","kat":"krajowa"},"geometry":{"type":"LineString","coordinates":[[18.40534,50.38651],[18.41336,50.38616],[18.41459,50.38619],[18.42786,50.38802],[18.43259,50.38947],[18.43834,50.39154],[18.44162,50.3925]]}},{"type":"Feature","properties":{"numer":"2918S","klasa":"droga gĹ‚Ăłwna","kat":"powiatowa"},"geometry":{"type":"LineString","coordinates":[[18.4054,50.39431],[18.40522,50.3891],[18.4054,50.38806],[18.40534,50.38651]]}},{"type":"Feature","properties":{"numer":"2941S","klasa":"droga zbiorcza","kat":"powiatowa"},"geometry":{"type":"LineString","coordinates":[[18.4487,50.39504],[18.44889,50.39279],[18.44929,50.39215],[18.44964,50.39189],[18.45171,50.39093],[18.45479,50.38922],[18.45682,50.38776],[18.45747,50.38749],[18.45821,50.38733]]}},{"type":"Feature","properties":{"numer":"901","klasa":"droga gĹ‚Ăłwna","kat":"wojewodzka"},"geometry":{"type":"LineString","coordinates":[[18.63494518583097,50.37170851646584],[18.6348,50.37217],[18.63477,50.37351]]}},{"type":"Feature","properties":{"numer":"901","klasa":"droga gĹ‚Ăłwna","kat":"wojewodzka"},"geometry":{"type":"LineString","coordinates":[[18.63477,50.37394],[18.63477,50.37351]]}},{"type":"Feature","properties":{"numer":"901","klasa":"droga gĹ‚Ăłwna","kat":"wojewodzka"},"geometry":{"type":"LineString","coordinates":[[18.63477,50.37394],[18.63459,50.38901]]}},{"type":"Feature","properties":{"numer":"2985S","klasa":"droga gĹ‚Ăłwna","kat":"powiatowa"},"geometry":{"type":"LineString","coordinates":[[18.6306,50.39362],[18.63346,50.39116],[18.63419,50.39006],[18.63459,50.38901]]}},{"type":"Feature","properties":{"numer":"901","klasa":"droga gĹ‚Ăłwna","kat":"wojewodzka"},"geometry":{"type":"LineString","coordinates":[[18.63459,50.38901],[18.63453,50.39415]]}},{"type":"Feature","properties":{"numer":"94","klasa":"droga gĹ‚Ăłwna ruchu przyĹ›pieszonego","kat":"krajowa"},"geometry":{"type":"LineString","coordinates":[[18.65061,50.39498],[18.6515,50.39493],[18.65285,50.39461],[18.65349,50.39455],[18.656039668012937,50.3947919393005]]}},{"type":"Feature","properties":{"numer":"500001S","klasa":"droga zbiorcza","kat":"powiatowa"},"geometry":{"type":"LineString","coordinates":[[18.65072,50.39531],[18.65127,50.39507]]}},{"type":"Feature","properties":{"numer":"500001S","klasa":"droga zbiorcza","kat":"powiatowa"},"geometry":{"type":"LineString","coordinates":[[18.65045,50.39543],[18.65061,50.39498]]}},{"type":"Feature","properties":{"numer":"500001S","klasa":"droga zbiorcza","kat":"powiatowa"},"geometry":{"type":"LineString","coordinates":[[18.65045,50.39543],[18.65072,50.39531]]}},{"type":"Feature","properties":{"numer":"94","klasa":"droga gĹ‚Ăłwna ruchu przyĹ›pieszonego","kat":"krajowa"},"geometry":{"type":"LineString","coordinates":[[18.63451,50.39554],[18.6369,50.39584],[18.63888,50.3959],[18.64792,50.39504],[18.65061,50.39498]]}},{"type":"Feature","properties":{"numer":"500001S","klasa":"droga zbiorcza","kat":"powiatowa"},"geometry":{"type":"LineString","coordinates":[[18.65023,50.39555],[18.65045,50.39543]]}},{"type":"Feature","properties":{"numer":"500001S","klasa":"droga zbiorcza","kat":"powiatowa"},"geometry":{"type":"LineString","coordinates":[[18.64744,50.3966],[18.64864,50.39635],[18.65023,50.39555]]}},{"type":"Feature","properties":{"numer":"2985S","klasa":"droga gĹ‚Ăłwna","kat":"powiatowa"},"geometry":{"type":"LineString","coordinates":[[18.63023,50.39394],[18.6306,50.39362]]}},{"type":"Feature","properties":{"numer":"2985S","klasa":"droga gĹ‚Ăłwna","kat":"powiatowa"},"geometry":{"type":"LineString","coordinates":[[18.62954,50.3945],[18.63023,50.39394]]}},{"type":"Feature","properties":{"numer":"901","klasa":"droga gĹ‚Ăłwna","kat":"wojewodzka"},"geometry":{"type":"LineString","coordinates":[[18.63453,50.39415],[18.63453,50.3943]]}},{"type":"Feature","properties":{"numer":"901","klasa":"droga gĹ‚Ăłwna","kat":"wojewodzka"},"geometry":{"type":"LineString","coordinates":[[18.63453,50.3943],[18.63453,50.39459]]}},{"type":"Feature","properties":{"numer":"2985S","klasa":"droga gĹ‚Ăłwna","kat":"powiatowa"},"geometry":{"type":"LineString","coordinates":[[18.62941,50.3946],[18.62954,50.3945]]}},{"type":"Feature","properties":{"numer":"2985S","klasa":"droga gĹ‚Ăłwna","kat":"powiatowa"},"geometry":{"type":"LineString","coordinates":[[18.62918,50.39479],[18.62941,50.3946]]}},{"type":"Feature","properties":{"numer":"901","klasa":"droga gĹ‚Ăłwna","kat":"wojewodzka"},"geometry":{"type":"LineString","coordinates":[[18.63453,50.39459],[18.63451,50.39554]]}},{"type":"Feature","properties":{"numer":"901,94","klasa":"droga gĹ‚Ăłwna ruchu przyĹ›pieszonego","kat":"gminna"},"geometry":{"type":"LineString","coordinates":[[18.62918,50.39479],[18.63451,50.39554]]}},{"type":"Feature","properties":{"numer":"2985S","klasa":"droga gĹ‚Ăłwna","kat":"powiatowa"},"geometry":{"type":"LineString","coordinates":[[18.62781,50.39625],[18.62842,50.3955],[18.62918,50.39479]]}},{"type":"Feature","properties":{"numer":"2905S","klasa":"droga gĹ‚Ăłwna","kat":"powiatowa"},"geometry":{"type":"LineString","coordinates":[[18.63451,50.39607],[18.63451,50.39554]]}},{"type":"Feature","properties":{"numer":"901,94","klasa":"droga gĹ‚Ăłwna ruchu przyĹ›pieszonego","kat":"gminna"},"geometry":{"type":"LineString","coordinates":[[18.61772,50.39725],[18.61872,50.39646],[18.61988,50.39579],[18.62135,50.39519],[18.62287,50.39478],[18.62428,50.39457],[18.62599,50.39448],[18.62732,50.39456],[18.62918,50.39479]]}},{"type":"Feature","properties":{"numer":"2985S","klasa":"droga gĹ‚Ăłwna","kat":"powiatowa"},"geometry":{"type":"LineString","coordinates":[[18.62778,50.39633],[18.62781,50.39625]]}},{"type":"Feature","properties":{"numer":"2985S","klasa":"droga gĹ‚Ăłwna","kat":"powiatowa"},"geometry":{"type":"LineString","coordinates":[[18.62751,50.39717],[18.62778,50.39633]]}},{"type":"Feature","properties":{"numer":"2905S","klasa":"droga gĹ‚Ăłwna","kat":"powiatowa"},"geometry":{"type":"LineString","coordinates":[[18.63451,50.39607],[18.63449,50.39878]]}},{"type":"Feature","properties":{"numer":"2985S","klasa":"droga gĹ‚Ăłwna","kat":"powiatowa"},"geometry":{"type":"LineString","coordinates":[[18.62736,50.39769],[18.62751,50.39717]]}},{"type":"Feature","properties":{"numer":"500208S","klasa":"droga lokalna","kat":"powiatowa"},"geometry":{"type":"LineString","coordinates":[[18.6211,50.39818],[18.61907,50.39784],[18.61772,50.39725]]}},{"type":"Feature","properties":{"numer":"500206S","klasa":"droga dojazdowa","kat":"powiatowa"},"geometry":{"type":"LineString","coordinates":[[18.62751,50.39717],[18.62929,50.39759],[18.62955,50.39794],[18.62945,50.39836]]}},{"type":"Feature","properties":{"numer":"500002S","klasa":"droga dojazdowa","kat":"powiatowa"},"geometry":{"type":"LineString","coordinates":[[18.62843,50.39786],[18.62736,50.39769]]}},{"type":"Feature","properties":{"numer":"500003S","klasa":"droga lokalna","kat":"powiatowa"},"geometry":{"type":"LineString","coordinates":[[18.6236,50.39793],[18.62351,50.39793]]}},{"type":"Feature","properties":{"numer":"500003S","klasa":"droga lokalna","kat":"powiatowa"},"geometry":{"type":"LineString","coordinates":[[18.62351,50.39793],[18.6226,50.39796]]}},{"type":"Feature","properties":{"numer":"500002S","klasa":"droga dojazdowa","kat":"powiatowa"},"geometry":{"type":"LineString","coordinates":[[18.62736,50.39769],[18.62722,50.39825]]}},{"type":"Feature","properties":{"numer":"500003S","klasa":"droga lokalna","kat":"powiatowa"},"geometry":{"type":"LineString","coordinates":[[18.62505,50.39804],[18.6236,50.39793]]}},{"type":"Feature","properties":{"numer":"500003S","klasa":"droga lokalna","kat":"powiatowa"},"geometry":{"type":"LineString","coordinates":[[18.6226,50.39796],[18.62205,50.39803]]}},{"type":"Feature","properties":{"numer":"500003S","klasa":"droga lokalna","kat":"powiatowa"},"geometry":{"type":"LineString","coordinates":[[18.62574,50.39811],[18.62505,50.39804]]}},{"type":"Feature","properties":{"numer":"500003S","klasa":"droga lokalna","kat":"powiatowa"},"geometry":{"type":"LineString","coordinates":[[18.62205,50.39803],[18.6211,50.39818]]}},{"type":"Feature","properties":{"numer":"500003S","klasa":"droga lokalna","kat":"powiatowa"},"geometry":{"type":"LineString","coordinates":[[18.62574,50.39811],[18.62643,50.39818]]}},{"type":"Feature","properties":{"numer":"500002S","klasa":"droga dojazdowa","kat":"powiatowa"},"geometry":{"type":"LineString","coordinates":[[18.62821,50.39843],[18.62843,50.39786]]}},{"type":"Feature","properties":{"numer":"500010S","klasa":"droga zbiorcza","kat":"powiatowa"},"geometry":{"type":"LineString","coordinates":[[18.6236,50.39793],[18.62345,50.39845]]}},{"type":"Feature","properties":{"numer":"901,94","klasa":"droga gĹ‚Ăłwna ruchu przyĹ›pieszonego","kat":"gminna"},"geometry":{"type":"LineString","coordinates":[[18.61549,50.39916],[18.61772,50.39725]]}},{"type":"Feature","properties":{"numer":"500001S","klasa":"droga lokalna","kat":"powiatowa"},"geometry":{"type":"LineString","coordinates":[[18.62945,50.39836],[18.62917,50.39831]]}},{"type":"Feature","properties":{"numer":"500001S","klasa":"droga zbiorcza","kat":"powiatowa"},"geometry":{"type":"LineString","coordinates":[[18.63599,50.39865],[18.63943,50.39813]]}},{"type":"Feature","properties":{"numer":"500001S","klasa":"droga lokalna","kat":"powiatowa"},"geometry":{"type":"LineString","coordinates":[[18.62917,50.39831],[18.62902,50.39855]]}},{"type":"Feature","properties":{"numer":"500001S","klasa":"droga zbiorcza","kat":"powiatowa"},"geometry":{"type":"LineString","coordinates":[[18.62821,50.39843],[18.62838,50.39846]]}},{"type":"Feature","properties":{"numer":"500010S","klasa":"droga zbiorcza","kat":"powiatowa"},"geometry":{"type":"LineString","coordinates":[[18.62345,50.39845],[18.6234,50.39854]]}},{"type":"Feature","properties":{"numer":"500001S","klasa":"droga zbiorcza","kat":"powiatowa"},"geometry":{"type":"LineString","coordinates":[[18.62838,50.39846],[18.62902,50.39855]]}},{"type":"Feature","properties":{"numer":"500001S","klasa":"droga zbiorcza","kat":"powiatowa"},"geometry":{"type":"LineString","coordinates":[[18.62902,50.39855],[18.62928,50.39856]]}},{"type":"Feature","properties":{"numer":"500001S","klasa":"droga zbiorcza","kat":"powiatowa"},"geometry":{"type":"LineString","coordinates":[[18.62928,50.39856],[18.63009,50.39856]]}},{"type":"Feature","properties":{"numer":"500001S","klasa":"droga zbiorcza","kat":"powiatowa"},"geometry":{"type":"LineString","coordinates":[[18.63009,50.39856],[18.63026,50.39856]]}},{"type":"Feature","properties":{"numer":"500001S","klasa":"droga zbiorcza","kat":"powiatowa"},"geometry":{"type":"LineString","coordinates":[[18.63082,50.39864],[18.63026,50.39856]]}},{"type":"Feature","properties":{"numer":"500010S","klasa":"droga zbiorcza","kat":"powiatowa"},"geometry":{"type":"LineString","coordinates":[[18.6234,50.39854],[18.62335,50.39866]]}},{"type":"Feature","properties":{"numer":"500007S","klasa":"droga dojazdowa","kat":"powiatowa"},"geometry":{"type":"LineString","coordinates":[[18.62838,50.39846],[18.62823,50.39888]]}},{"type":"Feature","properties":{"numer":"500001S","klasa":"droga zbiorcza","kat":"powiatowa"},"geometry":{"type":"LineString","coordinates":[[18.63121,50.3987],[18.63082,50.39864]]}},{"type":"Feature","properties":{"numer":"500001S","klasa":"droga zbiorcza","kat":"powiatowa"},"geometry":{"type":"LineString","coordinates":[[18.63449,50.39878],[18.63599,50.39865]]}},{"type":"Feature","properties":{"numer":"500004S","klasa":"droga dojazdowa","kat":"powiatowa"},"geometry":{"type":"LineString","coordinates":[[18.62928,50.39856],[18.62912,50.39882],[18.62894,50.39892],[18.62823,50.39888]]}},{"type":"Feature","properties":{"numer":"500001S","klasa":"droga zbiorcza","kat":"powiatowa"},"geometry":{"type":"LineString","coordinates":[[18.63449,50.39878],[18.63253,50.39889],[18.63121,50.3987]]}},{"type":"Feature","properties":{"numer":"500010S","klasa":"droga zbiorcza","kat":"powiatowa"},"geometry":{"type":"LineString","coordinates":[[18.62335,50.39866],[18.62319,50.39909]]}},{"type":"Feature","properties":{"numer":"500010S","klasa":"droga zbiorcza","kat":"powiatowa"},"geometry":{"type":"LineString","coordinates":[[18.62319,50.39909],[18.62306,50.39946]]}},{"type":"Feature","properties":{"numer":"901","klasa":"droga gĹ‚Ăłwna","kat":"wojewodzka"},"geometry":{"type":"LineString","coordinates":[[18.6159,50.3995],[18.61549,50.39916]]}},{"type":"Feature","properties":{"numer":"500010S","klasa":"droga zbiorcza","kat":"powiatowa"},"geometry":{"type":"LineString","coordinates":[[18.62306,50.39946],[18.62283,50.40002]]}},{"type":"Feature","properties":{"numer":"500010S","klasa":"droga zbiorcza","kat":"powiatowa"},"geometry":{"type":"LineString","coordinates":[[18.62278,50.40028],[18.62283,50.40002]]}},{"type":"Feature","properties":{"numer":"500010S","klasa":"droga zbiorcza","kat":"powiatowa"},"geometry":{"type":"LineString","coordinates":[[18.62272,50.4009],[18.62278,50.40028]]}},{"type":"Feature","properties":{"numer":"2905S","klasa":"droga gĹ‚Ăłwna","kat":"powiatowa"},"geometry":{"type":"LineString","coordinates":[[18.63449,50.39878],[18.63453,50.40005],[18.63501,50.40138],[18.6349,50.40255]]}},{"type":"Feature","properties":{"numer":"500010S","klasa":"droga zbiorcza","kat":"powiatowa"},"geometry":{"type":"LineString","coordinates":[[18.6227,50.40113],[18.62272,50.4009]]}},{"type":"Feature","properties":{"numer":"500010S","klasa":"droga zbiorcza","kat":"powiatowa"},"geometry":{"type":"LineString","coordinates":[[18.62261,50.40173],[18.6227,50.40113]]}},{"type":"Feature","properties":{"numer":"500045S","klasa":"droga zbiorcza","kat":"powiatowa"},"geometry":{"type":"LineString","coordinates":[[18.61876,50.40184],[18.61975,50.40189]]}},{"type":"Feature","properties":{"numer":"500010S","klasa":"droga zbiorcza","kat":"powiatowa"},"geometry":{"type":"LineString","coordinates":[[18.62256,50.40205],[18.62261,50.40173]]}},{"type":"Feature","properties":{"numer":"500045S","klasa":"droga zbiorcza","kat":"powiatowa"},"geometry":{"type":"LineString","coordinates":[[18.61975,50.40189],[18.62097,50.40195]]}},{"type":"Feature","properties":{"numer":"500045S","klasa":"droga zbiorcza","kat":"powiatowa"},"geometry":{"type":"LineString","coordinates":[[18.62097,50.40195],[18.62256,50.40205]]}},{"type":"Feature","properties":{"numer":"500045S","klasa":"droga zbiorcza","kat":"powiatowa"},"geometry":{"type":"LineString","coordinates":[[18.62256,50.40205],[18.62593,50.4024]]}},{"type":"Feature","properties":{"numer":"500045S","klasa":"droga zbiorcza","kat":"powiatowa"},"geometry":{"type":"LineString","coordinates":[[18.62593,50.4024],[18.62598,50.4024]]}},{"type":"Feature","properties":{"numer":"500045S","klasa":"droga zbiorcza","kat":"powiatowa"},"geometry":{"type":"LineString","coordinates":[[18.62598,50.4024],[18.62605,50.40241]]}},{"type":"Feature","properties":{"numer":"500045S","klasa":"droga zbiorcza","kat":"powiatowa"},"geometry":{"type":"LineString","coordinates":[[18.62605,50.40241],[18.62706,50.40252]]}},{"type":"Feature","properties":{"numer":"500010S","klasa":"droga zbiorcza","kat":"powiatowa"},"geometry":{"type":"LineString","coordinates":[[18.62245,50.40291],[18.62256,50.40205]]}},{"type":"Feature","properties":{"numer":"500045S","klasa":"droga zbiorcza","kat":"powiatowa"},"geometry":{"type":"LineString","coordinates":[[18.63398,50.40252],[18.6349,50.40255]]}},{"type":"Feature","properties":{"numer":"500045S","klasa":"droga zbiorcza","kat":"powiatowa"},"geometry":{"type":"LineString","coordinates":[[18.62706,50.40252],[18.62811,50.40263]]}},{"type":"Feature","properties":{"numer":"500045S","klasa":"droga zbiorcza","kat":"powiatowa"},"geometry":{"type":"LineString","coordinates":[[18.63304,50.40266],[18.63398,50.40252]]}},{"type":"Feature","properties":{"numer":"500045S","klasa":"droga zbiorcza","kat":"powiatowa"},"geometry":{"type":"LineString","coordinates":[[18.62811,50.40263],[18.62921,50.40275]]}},{"type":"Feature","properties":{"numer":"500045S","klasa":"droga zbiorcza","kat":"powiatowa"},"geometry":{"type":"LineString","coordinates":[[18.63189,50.40281],[18.63304,50.40266]]}},{"type":"Feature","properties":{"numer":"500045S","klasa":"droga zbiorcza","kat":"powiatowa"},"geometry":{"type":"LineString","coordinates":[[18.62921,50.40275],[18.6306,50.40286],[18.63189,50.40281]]}},{"type":"Feature","properties":{"numer":"500037S","klasa":"droga zbiorcza","kat":"powiatowa"},"geometry":{"type":"LineString","coordinates":[[18.62415,50.40451],[18.62444,50.40382],[18.62553,50.40303],[18.62593,50.4024]]}},{"type":"Feature","properties":{"numer":"500037S","klasa":"droga zbiorcza","kat":"powiatowa"},"geometry":{"type":"LineString","coordinates":[[18.62605,50.40241],[18.62571,50.40301],[18.62474,50.40366],[18.62444,50.40396],[18.62426,50.40443],[18.62419,50.40501]]}},{"type":"Feature","properties":{"numer":"500010S","klasa":"droga zbiorcza","kat":"powiatowa"},"geometry":{"type":"LineString","coordinates":[[18.62313,50.40455],[18.62271,50.40417],[18.62242,50.40367],[18.62245,50.40291]]}},{"type":"Feature","properties":{"numer":"500011S","klasa":"droga zbiorcza","kat":"powiatowa"},"geometry":{"type":"LineString","coordinates":[[18.62415,50.40451],[18.62313,50.40455]]}},{"type":"Feature","properties":{"numer":"901","klasa":"droga gĹ‚Ăłwna","kat":"wojewodzka"},"geometry":{"type":"LineString","coordinates":[[18.61631,50.4099],[18.61758,50.40234],[18.61746,50.40159],[18.61699,50.4006],[18.6159,50.3995]]}},{"type":"Feature","properties":{"numer":"500010S","klasa":"droga zbiorcza","kat":"powiatowa"},"geometry":{"type":"LineString","coordinates":[[18.62385,50.40518],[18.62313,50.40455]]}},{"type":"Feature","properties":{"numer":"500037S","klasa":"droga zbiorcza","kat":"powiatowa"},"geometry":{"type":"LineString","coordinates":[[18.62402,50.40531],[18.62415,50.40451]]}},{"type":"Feature","properties":{"numer":"500037S","klasa":"droga zbiorcza","kat":"powiatowa"},"geometry":{"type":"LineString","coordinates":[[18.62419,50.40501],[18.62415,50.40532]]}},{"type":"Feature","properties":{"numer":"500010S","klasa":"droga zbiorcza","kat":"powiatowa"},"geometry":{"type":"LineString","coordinates":[[18.62402,50.40531],[18.62385,50.40518]]}},{"type":"Feature","properties":{"numer":"500010S","klasa":"droga zbiorcza","kat":"powiatowa"},"geometry":{"type":"LineString","coordinates":[[18.62415,50.40532],[18.62402,50.40531]]}},{"type":"Feature","properties":{"numer":"500037S","klasa":"droga zbiorcza","kat":"powiatowa"},"geometry":{"type":"LineString","coordinates":[[18.62397,50.40582],[18.62402,50.40531]]}},{"type":"Feature","properties":{"numer":"40","klasa":"droga gĹ‚Ăłwna","kat":"krajowa"},"geometry":{"type":"LineString","coordinates":[[18.44162,50.3925],[18.44468,50.39361]]}},{"type":"Feature","properties":{"numer":"40","klasa":"droga gĹ‚Ăłwna","kat":"krajowa"},"geometry":{"type":"LineString","coordinates":[[18.44468,50.39361],[18.44643,50.39431]]}},{"type":"Feature","properties":{"numer":"2918S","klasa":"droga gĹ‚Ăłwna","kat":"powiatowa"},"geometry":{"type":"LineString","coordinates":[[18.4054,50.39437],[18.4054,50.39431]]}},{"type":"Feature","properties":{"numer":"40","klasa":"droga gĹ‚Ăłwna","kat":"krajowa"},"geometry":{"type":"LineString","coordinates":[[18.44643,50.39431],[18.44771,50.39478],[18.4487,50.39504]]}},{"type":"Feature","properties":{"numer":"2918S","klasa":"droga gĹ‚Ăłwna","kat":"powiatowa"},"geometry":{"type":"LineString","coordinates":[[18.40613,50.40761],[18.40565,50.40301],[18.4054,50.39437]]}},{"type":"Feature","properties":{"numer":"88,A4,E40","klasa":"autostrada","kat":"krajowa"},"geometry":{"type":"LineString","coordinates":[[18.40886,50.41234],[18.41958,50.40475],[18.42196,50.40325],[18.42473,50.40191],[18.44468,50.39361]]}},{"type":"Feature","properties":{"numer":"2968S","klasa":"droga zbiorcza","kat":"powiatowa"},"geometry":{"type":"LineString","coordinates":[[18.40323,50.40722],[18.39103,50.40496]]}},{"type":"Feature","properties":{"numer":"2968S","klasa":"droga zbiorcza","kat":"powiatowa"},"geometry":{"type":"LineString","coordinates":[[18.40613,50.40761],[18.40563,50.4076],[18.40323,50.40722]]}},{"type":"Feature","properties":{"numer":"2918S","klasa":"droga gĹ‚Ăłwna","kat":"powiatowa"},"geometry":{"type":"LineString","coordinates":[[18.40663,50.40872],[18.40613,50.40761]]}},{"type":"Feature","properties":{"numer":"2918S","klasa":"droga gĹ‚Ăłwna","kat":"powiatowa"},"geometry":{"type":"LineString","coordinates":[[18.40697,50.40935],[18.40663,50.40872]]}},{"type":"Feature","properties":{"numer":"2918S","klasa":"droga gĹ‚Ăłwna","kat":"powiatowa"},"geometry":{"type":"LineString","coordinates":[[18.40702,50.40943],[18.40697,50.40935]]}},{"type":"Feature","properties":{"numer":"2918S","klasa":"droga gĹ‚Ăłwna","kat":"powiatowa"},"geometry":{"type":"LineString","coordinates":[[18.40837,50.4117],[18.40771,50.41084],[18.40702,50.40943]]}},{"type":"Feature","properties":{"numer":"2939S","klasa":"droga zbiorcza","kat":"powiatowa"},"geometry":{"type":"LineString","coordinates":[[18.43055,50.41265],[18.43127,50.41268],[18.43186,50.41258],[18.43626,50.41125],[18.43698,50.41111],[18.43877,50.41113],[18.44118,50.41104],[18.44273,50.4113],[18.44362,50.41134],[18.44841,50.41085],[18.45313,50.41057],[18.455,50.41029],[18.45564,50.41012],[18.45758,50.4091],[18.45864,50.40875],[18.45932,50.4088],[18.46026,50.40939],[18.46092,50.40955],[18.4627,50.4094],[18.46458,50.40898]]}},{"type":"Feature","properties":{"numer":"2969S","klasa":"droga zbiorcza","kat":"powiatowa"},"geometry":{"type":"LineString","coordinates":[[18.40663,50.40872],[18.40548,50.40922],[18.4053,50.40986],[18.40463,50.41073],[18.40378,50.41095],[18.40255,50.41191],[18.40119,50.41223],[18.40022,50.41223],[18.39796,50.41297]]}},{"type":"Feature","properties":{"numer":"2918S","klasa":"droga gĹ‚Ăłwna","kat":"powiatowa"},"geometry":{"type":"LineString","coordinates":[[18.40886,50.41234],[18.40837,50.4117]]}},{"type":"Feature","properties":{"numer":"2918S","klasa":"droga gĹ‚Ăłwna","kat":"powiatowa"},"geometry":{"type":"LineString","coordinates":[[18.40908,50.41274],[18.40886,50.41234]]}},{"type":"Feature","properties":{"numer":"2939S","klasa":"droga zbiorcza","kat":"powiatowa"},"geometry":{"type":"LineString","coordinates":[[18.43055,50.41265],[18.42838,50.41253],[18.42736,50.41257],[18.42614,50.41273]]}},{"type":"Feature","properties":{"numer":"2939S","klasa":"droga zbiorcza","kat":"powiatowa"},"geometry":{"type":"LineString","coordinates":[[18.42614,50.41273],[18.42522,50.4129],[18.42383,50.41351],[18.42351,50.41357],[18.42056,50.41321],[18.41829,50.41325]]}},{"type":"Feature","properties":{"numer":"2918S","klasa":"droga gĹ‚Ăłwna","kat":"powiatowa"},"geometry":{"type":"LineString","coordinates":[[18.40945,50.41358],[18.40908,50.41274]]}},{"type":"Feature","properties":{"numer":"2939S","klasa":"droga zbiorcza","kat":"powiatowa"},"geometry":{"type":"LineString","coordinates":[[18.41829,50.41325],[18.41822,50.41325]]}},{"type":"Feature","properties":{"numer":"2968S","klasa":"droga zbiorcza","kat":"powiatowa"},"geometry":{"type":"LineString","coordinates":[[18.39094,50.40494],[18.39042,50.40478],[18.38764,50.4032],[18.38648,50.40288],[18.38562,50.40282],[18.385455837320592,50.40277727272728]]}},{"type":"Feature","properties":{"numer":"2968S","klasa":"droga zbiorcza","kat":"powiatowa"},"geometry":{"type":"LineString","coordinates":[[18.39103,50.40496],[18.39094,50.40494]]}},{"type":"Feature","properties":{"numer":"2969S","klasa":"droga zbiorcza","kat":"powiatowa"},"geometry":{"type":"LineString","coordinates":[[18.39796,50.41297],[18.39592,50.41397],[18.39444,50.41485],[18.39407,50.41517],[18.3934,50.41612],[18.39282,50.41652],[18.39248,50.41661],[18.39091,50.41679],[18.38758,50.41753],[18.38551,50.41838],[18.38346,50.42031],[18.37989,50.42815]]}},{"type":"Feature","properties":{"numer":"A4,E40","klasa":"autostrada","kat":"krajowa"},"geometry":{"type":"LineString","coordinates":[[18.38023,50.42871],[18.38026,50.4287]]}},{"type":"Feature","properties":{"numer":"88,A4,E40","klasa":"autostrada","kat":"krajowa"},"geometry":{"type":"LineString","coordinates":[[18.380093731265564,50.428756556712706],[18.38023,50.42871]]}},{"type":"Feature","properties":{"numer":"2944S","klasa":"droga zbiorcza","kat":"powiatowa"},"geometry":{"type":"LineString","coordinates":[[18.5623,50.35639],[18.56212,50.35519],[18.56214,50.3542],[18.56173,50.35332],[18.55929,50.34981],[18.55694,50.34788],[18.55658,50.34754],[18.55638,50.34719],[18.55646,50.34579],[18.55687,50.34474],[18.55704,50.34443],[18.5579,50.34371],[18.558306213375793,50.3430560955414]]}},{"type":"Feature","properties":{"numer":"2944S","klasa":"droga zbiorcza","kat":"powiatowa"},"geometry":{"type":"LineString","coordinates":[[18.5331,50.36551],[18.53977,50.36486],[18.54356,50.36324],[18.55095,50.36074],[18.55204,50.36007],[18.55322,50.35874],[18.55467,50.35742],[18.55536,50.35725],[18.5564,50.35736],[18.55662,50.35732],[18.55675,50.3572],[18.55672,50.35693],[18.55684,50.35666],[18.55747,50.35604],[18.55793,50.35601],[18.55905,50.35624],[18.56084,50.35637],[18.5623,50.35639]]}},{"type":"Feature","properties":{"numer":"40","klasa":"droga gĹ‚Ăłwna","kat":"krajowa"},"geometry":{"type":"LineString","coordinates":[[18.55,50.38606],[18.54967,50.38597]]}},{"type":"Feature","properties":{"numer":"40","klasa":"droga gĹ‚Ăłwna","kat":"krajowa"},"geometry":{"type":"LineString","coordinates":[[18.59851,50.39236],[18.5968,50.39171],[18.59507,50.39132],[18.59002,50.39093],[18.58755,50.39099],[18.58328,50.3915],[18.58086,50.39154],[18.5641,50.39046],[18.56316,50.3903],[18.56206,50.39001],[18.55671,50.38804],[18.5537,50.38743],[18.55,50.38606]]}},{"type":"Feature","properties":{"numer":"2913S","klasa":"droga gĹ‚Ăłwna","kat":"powiatowa"},"geometry":{"type":"LineString","coordinates":[[18.55653,50.4064],[18.55214,50.40471],[18.54819,50.40182],[18.54553,50.4005],[18.53697,50.39536]]}},{"type":"Feature","properties":{"numer":"2913S","klasa":"droga gĹ‚Ăłwna","kat":"powiatowa"},"geometry":{"type":"LineString","coordinates":[[18.55663,50.40644],[18.55653,50.4064]]}},{"type":"Feature","properties":{"numer":"2913S","klasa":"droga gĹ‚Ăłwna","kat":"powiatowa"},"geometry":{"type":"LineString","coordinates":[[18.56554,50.41163],[18.56447,50.41089],[18.56287,50.41019],[18.56204,50.40969],[18.55975,50.40763],[18.55663,50.40644]]}},{"type":"Feature","properties":{"numer":"2913S","klasa":"droga gĹ‚Ăłwna","kat":"powiatowa"},"geometry":{"type":"LineString","coordinates":[[18.56558,50.41165],[18.56554,50.41163]]}},{"type":"Feature","properties":{"numer":"2913S","klasa":"droga gĹ‚Ăłwna","kat":"powiatowa"},"geometry":{"type":"LineString","coordinates":[[18.56558,50.41165],[18.56625,50.41192],[18.56905,50.41241],[18.5775,50.41464]]}},{"type":"Feature","properties":{"numer":"94","klasa":"droga gĹ‚Ăłwna ruchu przyĹ›pieszonego","kat":"krajowa"},"geometry":{"type":"LineString","coordinates":[[18.53441,50.43587],[18.54476,50.42867],[18.54579,50.42804],[18.56741,50.41931],[18.5775,50.41464]]}},{"type":"Feature","properties":{"numer":"2941S","klasa":"droga zbiorcza","kat":"powiatowa"},"geometry":{"type":"LineString","coordinates":[[18.45848,50.38727],[18.46137,50.38669],[18.46205,50.38663],[18.46757,50.38694],[18.47034,50.387],[18.47361,50.38734],[18.47402,50.38729],[18.47512,50.38696]]}},{"type":"Feature","properties":{"numer":"2941S","klasa":"droga zbiorcza","kat":"powiatowa"},"geometry":{"type":"LineString","coordinates":[[18.45821,50.38733],[18.45848,50.38727]]}},{"type":"Feature","properties":{"numer":"40","klasa":"droga gĹ‚Ăłwna","kat":"krajowa"},"geometry":{"type":"LineString","coordinates":[[18.4487,50.39504],[18.45279,50.39603],[18.45571,50.39644],[18.46062,50.39666],[18.46476,50.39642],[18.46613,50.39649],[18.46845,50.39677],[18.47204,50.3974],[18.47734,50.39909]]}},{"type":"Feature","properties":{"numer":"40","klasa":"droga gĹ‚Ăłwna","kat":"krajowa"},"geometry":{"type":"LineString","coordinates":[[18.47734,50.39909],[18.4791,50.39914],[18.48113,50.3991],[18.48385,50.39947]]}},{"type":"Feature","properties":{"numer":"40","klasa":"droga gĹ‚Ăłwna","kat":"krajowa"},"geometry":{"type":"LineString","coordinates":[[18.48385,50.39947],[18.48416,50.39947]]}},{"type":"Feature","properties":{"numer":"40","klasa":"droga gĹ‚Ăłwna","kat":"krajowa"},"geometry":{"type":"LineString","coordinates":[[18.48416,50.39947],[18.48618,50.39954],[18.49023,50.40005],[18.4917,50.40014]]}},{"type":"Feature","properties":{"numer":"2939S","klasa":"droga zbiorcza","kat":"powiatowa"},"geometry":{"type":"LineString","coordinates":[[18.46994,50.40721],[18.47029,50.40689],[18.47087,50.40582],[18.47275,50.40485],[18.47504,50.40325],[18.47653,50.40203],[18.47734,50.39909]]}},{"type":"Feature","properties":{"numer":"907","klasa":"droga zbiorcza","kat":"wojewodzka"},"geometry":{"type":"LineString","coordinates":[[18.49826,50.4147],[18.49829,50.4117],[18.49737,50.40941],[18.49684,50.4084],[18.4917,50.40014]]}},{"type":"Feature","properties":{"numer":"2939S","klasa":"droga zbiorcza","kat":"powiatowa"},"geometry":{"type":"LineString","coordinates":[[18.46458,50.40898],[18.46527,50.40877],[18.46661,50.40855],[18.46709,50.40841],[18.46857,50.4079],[18.46994,50.40721]]}},{"type":"Feature","properties":{"numer":"2938S","klasa":"droga zbiorcza","kat":"powiatowa"},"geometry":{"type":"LineString","coordinates":[[18.46994,50.40721],[18.47066,50.4074],[18.47189,50.40791],[18.47306,50.40879],[18.47385,50.40989],[18.47461,50.41065],[18.47502,50.41094],[18.4755,50.41113],[18.47659,50.41131],[18.47746,50.41157],[18.47886,50.41229],[18.48124,50.41336],[18.48176,50.41367],[18.48317,50.41473],[18.48471,50.41602]]}},{"type":"Feature","properties":{"numer":"2913S","klasa":"droga gĹ‚Ăłwna","kat":"powiatowa"},"geometry":{"type":"LineString","coordinates":[[18.5259,50.38325],[18.52668,50.38105]]}},{"type":"Feature","properties":{"numer":"2913S","klasa":"droga gĹ‚Ăłwna","kat":"powiatowa"},"geometry":{"type":"LineString","coordinates":[[18.52588,50.38332],[18.5259,50.38325]]}},{"type":"Feature","properties":{"numer":"2913S","klasa":"droga gĹ‚Ăłwna","kat":"powiatowa"},"geometry":{"type":"LineString","coordinates":[[18.52971,50.39015],[18.52873,50.38928],[18.52691,50.38856],[18.5264,50.38812],[18.52594,50.38705],[18.52537,50.38507],[18.52588,50.38332]]}},{"type":"Feature","properties":{"numer":"40","klasa":"droga gĹ‚Ăłwna","kat":"krajowa"},"geometry":{"type":"LineString","coordinates":[[18.52971,50.39015],[18.53103,50.3897],[18.5329,50.38928],[18.54239,50.38576],[18.54394,50.38562],[18.54709,50.38559],[18.54844,50.38569],[18.54967,50.38597]]}},{"type":"Feature","properties":{"numer":"2913S","klasa":"droga gĹ‚Ăłwna","kat":"powiatowa"},"geometry":{"type":"LineString","coordinates":[[18.53697,50.39536],[18.53666,50.39521],[18.53635,50.39518],[18.53431,50.39556],[18.53403,50.39547],[18.53316,50.39488],[18.53254,50.39417],[18.53129,50.39183],[18.53064,50.391],[18.52971,50.39015]]}},{"type":"Feature","properties":{"numer":"40","klasa":"droga gĹ‚Ăłwna","kat":"krajowa"},"geometry":{"type":"LineString","coordinates":[[18.4917,50.40014],[18.4963,50.4001],[18.49714,50.40003],[18.5054,50.39859],[18.50854,50.39785],[18.51236,50.39676],[18.51783,50.39616],[18.51877,50.39598],[18.51975,50.39564],[18.5207,50.39515],[18.52757,50.39098],[18.52971,50.39015]]}},{"type":"Feature","properties":{"numer":"2971S","klasa":"","kat":"powiatowa"},"geometry":{"type":"LineString","coordinates":[[18.53697,50.39536],[18.53803,50.39752],[18.54093,50.40196],[18.54151,50.40396],[18.54157,50.40454],[18.54127,50.4049],[18.5401,50.40567],[18.53556,50.409],[18.53446,50.40961],[18.53239,50.41047],[18.53064,50.41132],[18.52778,50.41289],[18.5272,50.41331],[18.52705,50.41616],[18.5273,50.42254],[18.52678,50.42437],[18.52712,50.42616],[18.52706,50.42703]]}},{"type":"Feature","properties":{"numer":"2971S","klasa":"","kat":"powiatowa"},"geometry":{"type":"LineString","coordinates":[[18.52706,50.42703],[18.52685,50.42712],[18.52645,50.42782],[18.5261,50.42918]]}},{"type":"Feature","properties":{"numer":"2973S","klasa":"","kat":"powiatowa"},"geometry":{"type":"LineString","coordinates":[[18.50879,50.43106],[18.50993,50.43089],[18.51059,50.43017],[18.51119,50.42995],[18.51247,50.42967],[18.51298,50.42967],[18.51585,50.43001],[18.51725,50.43008],[18.51731,50.42935],[18.5175,50.42906],[18.51892,50.42906],[18.5198,50.42914],[18.52349,50.42911],[18.5261,50.42918]]}},{"type":"Feature","properties":{"numer":"2971S","klasa":"droga zbiorcza","kat":"powiatowa"},"geometry":{"type":"LineString","coordinates":[[18.5261,50.42918],[18.52592,50.43026],[18.52605,50.43185],[18.52658,50.4335],[18.52785,50.43647],[18.52829,50.43817],[18.52992,50.43941],[18.53081,50.43996]]}},{"type":"Feature","properties":{"numer":"907","klasa":"droga zbiorcza","kat":"wojewodzka"},"geometry":{"type":"LineString","coordinates":[[18.49827,50.41477],[18.49826,50.4147]]}},{"type":"Feature","properties":{"numer":"907","klasa":"droga zbiorcza","kat":"wojewodzka"},"geometry":{"type":"LineString","coordinates":[[18.49833,50.41557],[18.49827,50.41477]]}},{"type":"Feature","properties":{"numer":"907","klasa":"droga zbiorcza","kat":"wojewodzka"},"geometry":{"type":"LineString","coordinates":[[18.49833,50.41561],[18.49833,50.41557]]}},{"type":"Feature","properties":{"numer":"2938S","klasa":"droga zbiorcza","kat":"powiatowa"},"geometry":{"type":"LineString","coordinates":[[18.48471,50.41602],[18.48477,50.41605]]}},{"type":"Feature","properties":{"numer":"907","klasa":"droga zbiorcza","kat":"wojewodzka"},"geometry":{"type":"LineString","coordinates":[[18.49534,50.41662],[18.49562,50.41651],[18.49796,50.41607],[18.49822,50.41589],[18.49833,50.41561]]}},{"type":"Feature","properties":{"numer":"2938S","klasa":"droga zbiorcza","kat":"powiatowa"},"geometry":{"type":"LineString","coordinates":[[18.48477,50.41605],[18.4857,50.41651],[18.48851,50.41762],[18.48904,50.4176]]}},{"type":"Feature","properties":{"numer":"2938S","klasa":"","kat":"powiatowa"},"geometry":{"type":"LineString","coordinates":[[18.49534,50.41662],[18.49436,50.41653],[18.49344,50.41664],[18.48989,50.41728],[18.48904,50.4176]]}},{"type":"Feature","properties":{"numer":"907","klasa":"droga zbiorcza","kat":"wojewodzka"},"geometry":{"type":"LineString","coordinates":[[18.49534,50.41662],[18.49523,50.41686],[18.49639,50.42002],[18.50514,50.43233]]}},{"type":"Feature","properties":{"numer":"2949S","klasa":"droga zbiorcza","kat":"powiatowa"},"geometry":{"type":"LineString","coordinates":[[18.46458,50.40898],[18.46369,50.40958],[18.46327,50.41009],[18.46262,50.41063],[18.4634,50.41199],[18.46192,50.41233],[18.46072,50.41312],[18.45748,50.41621],[18.45709,50.41685],[18.45608,50.42222],[18.45639,50.42452],[18.45691,50.42724],[18.45879,50.42939],[18.45915,50.42958],[18.45996,50.42982],[18.46061,50.43038],[18.46178,50.43189],[18.46235,50.43241],[18.46263,50.43294],[18.46248,50.43308],[18.46052,50.43357],[18.45812,50.43429],[18.45761,50.43451],[18.45857,50.43824],[18.45857,50.4389],[18.45842,50.43935],[18.45783,50.4401],[18.45402,50.4432],[18.45372,50.44378],[18.45372,50.44412],[18.45387,50.44445],[18.45535,50.44638]]}},{"type":"Feature","properties":{"numer":"2973S","klasa":"","kat":"powiatowa"},"geometry":{"type":"LineString","coordinates":[[18.50869,50.43107],[18.50879,50.43106]]}},{"type":"Feature","properties":{"numer":"94","klasa":"droga gĹ‚Ăłwna ruchu przyĹ›pieszonego","kat":"krajowa"},"geometry":{"type":"LineString","coordinates":[[18.53081,50.43996],[18.53158,50.43836],[18.532,50.43774],[18.5327,50.43708],[18.53441,50.43587]]}},{"type":"Feature","properties":{"numer":"2970S","klasa":"droga zbiorcza","kat":"powiatowa"},"geometry":{"type":"LineString","coordinates":[[18.54269,50.45105],[18.54384,50.44985],[18.5453,50.44807],[18.54566,50.4465],[18.54561,50.44559],[18.54451,50.44467],[18.54436,50.4438],[18.54403,50.44309],[18.54236,50.44279],[18.54015,50.44179],[18.5393,50.4411],[18.53807,50.43984],[18.53721,50.43937],[18.53711,50.43901],[18.53648,50.43806],[18.5351,50.43698],[18.53482,50.43663],[18.53466,50.43612],[18.53441,50.43587]]}},{"type":"Feature","properties":{"numer":"907","klasa":"droga zbiorcza","kat":"wojewodzka"},"geometry":{"type":"LineString","coordinates":[[18.50985,50.43816],[18.5106,50.43906],[18.51073,50.43941],[18.51039,50.44178],[18.50999,50.44223],[18.50997,50.44243],[18.51024,50.44277],[18.51133,50.44323],[18.51146,50.44419],[18.51188,50.44488],[18.51661,50.44963],[18.51667,50.45301],[18.51725,50.45413]]}},{"type":"Feature","properties":{"numer":"94","klasa":"droga gĹ‚Ăłwna ruchu przyĹ›pieszonego","kat":"krajowa"},"geometry":{"type":"LineString","coordinates":[[18.52191,50.45442],[18.52244,50.45397],[18.52462,50.45153],[18.52595,50.4498],[18.5266,50.44864],[18.53081,50.43996]]}},{"type":"Feature","properties":{"numer":"2950S","klasa":"droga zbiorcza","kat":"powiatowa"},"geometry":{"type":"LineString","coordinates":[[18.5431,50.45098],[18.54349,50.45091]]}},{"type":"Feature","properties":{"numer":"2950S","klasa":"droga zbiorcza","kat":"powiatowa"},"geometry":{"type":"LineString","coordinates":[[18.54269,50.45105],[18.5431,50.45098]]}},{"type":"Feature","properties":{"numer":"2950S","klasa":"droga zbiorcza","kat":"powiatowa"},"geometry":{"type":"LineString","coordinates":[[18.52463,50.45474],[18.52857,50.45412],[18.53186,50.4534],[18.53728,50.45198],[18.54269,50.45105]]}},{"type":"Feature","properties":{"numer":"907,94","klasa":"droga gĹ‚Ăłwna ruchu przyĹ›pieszonego","kat":"gminna"},"geometry":{"type":"LineString","coordinates":[[18.51725,50.45413],[18.51828,50.45392],[18.51899,50.45388],[18.51935,50.45396],[18.52055,50.45458],[18.52103,50.45457],[18.52191,50.45442]]}},{"type":"Feature","properties":{"numer":"907","klasa":"droga zbiorcza","kat":"wojewodzka"},"geometry":{"type":"LineString","coordinates":[[18.52191,50.45442],[18.52227,50.45448]]}},{"type":"Feature","properties":{"numer":"907","klasa":"droga zbiorcza","kat":"wojewodzka"},"geometry":{"type":"LineString","coordinates":[[18.52227,50.45448],[18.52339,50.45449],[18.52463,50.45474]]}},{"type":"Feature","properties":{"numer":"620280S","klasa":"droga lokalna","kat":"powiatowa"},"geometry":{"type":"LineString","coordinates":[[18.59424,50.43239],[18.59481,50.43164]]}},{"type":"Feature","properties":{"numer":"901","klasa":"droga gĹ‚Ăłwna","kat":"wojewodzka"},"geometry":{"type":"LineString","coordinates":[[18.61063,50.45138],[18.61159,50.44942],[18.61357,50.44621],[18.6137,50.44575],[18.61154,50.44069],[18.61047,50.4369],[18.6104,50.43555],[18.60997,50.43228],[18.61374,50.42262],[18.61424,50.42114],[18.61449,50.41965]]}},{"type":"Feature","properties":{"numer":"2950S","klasa":"droga zbiorcza","kat":"powiatowa"},"geometry":{"type":"LineString","coordinates":[[18.61063,50.45138],[18.60682,50.45103],[18.60608,50.45108],[18.60423,50.45141],[18.60317,50.45136],[18.60242,50.45114],[18.59526,50.44818],[18.58827,50.44799],[18.58627,50.4476],[18.58572,50.44765],[18.58443,50.44795],[18.58228,50.44918],[18.57952,50.45043],[18.57892,50.45057],[18.57586,50.45077],[18.57383,50.4503],[18.57075,50.44999],[18.5689,50.44962],[18.56691,50.44957]]}},{"type":"Feature","properties":{"numer":"901","klasa":"droga gĹ‚Ăłwna","kat":"wojewodzka"},"geometry":{"type":"LineString","coordinates":[[18.60825,50.47588],[18.60829,50.47545],[18.61046,50.46946],[18.611,50.46581],[18.61023,50.45247],[18.6103,50.45208],[18.61063,50.45138]]}},{"type":"Feature","properties":{"numer":"673025S","klasa":"droga lokalna","kat":"powiatowa"},"geometry":{"type":"LineString","coordinates":[[18.5991,50.47302],[18.59905,50.47306]]}},{"type":"Feature","properties":{"numer":"673024S","klasa":"droga lokalna","kat":"powiatowa"},"geometry":{"type":"LineString","coordinates":[[18.60057,50.47352],[18.5991,50.47302]]}},{"type":"Feature","properties":{"numer":"673024S","klasa":"droga lokalna","kat":"powiatowa"},"geometry":{"type":"LineString","coordinates":[[18.60193,50.4742],[18.60057,50.47352]]}},{"type":"Feature","properties":{"numer":"673024S","klasa":"droga lokalna","kat":"powiatowa"},"geometry":{"type":"LineString","coordinates":[[18.60228,50.47435],[18.60193,50.4742]]}},{"type":"Feature","properties":{"numer":"673024S","klasa":"droga lokalna","kat":"powiatowa"},"geometry":{"type":"LineString","coordinates":[[18.60309,50.47468],[18.60228,50.47435]]}},{"type":"Feature","properties":{"numer":"673024S","klasa":"droga lokalna","kat":"powiatowa"},"geometry":{"type":"LineString","coordinates":[[18.60415,50.47502],[18.60309,50.47468]]}},{"type":"Feature","properties":{"numer":"2973S","klasa":"","kat":"powiatowa"},"geometry":{"type":"LineString","coordinates":[[18.5078,50.43132],[18.50869,50.43107]]}},{"type":"Feature","properties":{"numer":"2973S","klasa":"","kat":"powiatowa"},"geometry":{"type":"LineString","coordinates":[[18.50514,50.43233],[18.50715,50.43182],[18.5078,50.43132]]}},{"type":"Feature","properties":{"numer":"907","klasa":"droga zbiorcza","kat":"wojewodzka"},"geometry":{"type":"LineString","coordinates":[[18.50514,50.43233],[18.50689,50.43474],[18.5098,50.43809]]}},{"type":"Feature","properties":{"numer":"907","klasa":"droga zbiorcza","kat":"wojewodzka"},"geometry":{"type":"LineString","coordinates":[[18.5098,50.43809],[18.50985,50.43816]]}},{"type":"Feature","properties":{"numer":"2949S","klasa":"droga zbiorcza","kat":"powiatowa"},"geometry":{"type":"LineString","coordinates":[[18.45535,50.44638],[18.45536,50.44643]]}},{"type":"Feature","properties":{"numer":"2949S","klasa":"droga zbiorcza","kat":"powiatowa"},"geometry":{"type":"LineString","coordinates":[[18.45536,50.44643],[18.45539,50.44674],[18.45508,50.44794],[18.45518,50.4484],[18.45543,50.44878],[18.45636,50.44979],[18.45915,50.45141]]}},{"type":"Feature","properties":{"numer":"2949S","klasa":"droga zbiorcza","kat":"powiatowa"},"geometry":{"type":"LineString","coordinates":[[18.45915,50.45141],[18.45983,50.45148],[18.46176,50.4513],[18.46649,50.45144],[18.47193,50.45247],[18.49293,50.45373],[18.49686,50.45372],[18.4973,50.4538],[18.49902,50.45448],[18.49972,50.45459]]}},{"type":"Feature","properties":{"numer":"2949S","klasa":"droga zbiorcza","kat":"powiatowa"},"geometry":{"type":"LineString","coordinates":[[18.49972,50.45459],[18.49983,50.45459]]}},{"type":"Feature","properties":{"numer":"2949S","klasa":"droga zbiorcza","kat":"powiatowa"},"geometry":{"type":"LineString","coordinates":[[18.49983,50.45459],[18.50077,50.45451],[18.50245,50.45386],[18.50314,50.45372],[18.50487,50.45352],[18.5067,50.45357],[18.50812,50.45395],[18.50894,50.45437],[18.51072,50.45605]]}},{"type":"Feature","properties":{"numer":"94","klasa":"droga gĹ‚Ăłwna ruchu przyĹ›pieszonego","kat":"krajowa"},"geometry":{"type":"LineString","coordinates":[[18.4832,50.46653],[18.49449,50.46373],[18.49569,50.46337],[18.49657,50.46298],[18.50018,50.46093],[18.50458,50.45938],[18.50582,50.45885],[18.50946,50.45694],[18.51072,50.45605]]}},{"type":"Feature","properties":{"numer":"2972S","klasa":"","kat":"powiatowa"},"geometry":{"type":"LineString","coordinates":[[18.56691,50.44957],[18.56837,50.44337],[18.56864,50.4426],[18.56905,50.44218],[18.57051,50.44128],[18.57146,50.44016],[18.5755,50.43735],[18.57649,50.43686],[18.57881,50.43601],[18.58331,50.4348],[18.58381,50.4346],[18.58813,50.43338],[18.58975,50.4332],[18.59104,50.43278],[18.59311,50.4324],[18.59383,50.43234],[18.59424,50.43239]]}},{"type":"Feature","properties":{"numer":"2950S","klasa":"droga zbiorcza","kat":"powiatowa"},"geometry":{"type":"LineString","coordinates":[[18.56691,50.44957],[18.56431,50.44961],[18.56044,50.44897],[18.55899,50.44892],[18.54792,50.45015],[18.54349,50.45091]]}},{"type":"Feature","properties":{"numer":"2964S","klasa":"","kat":"powiatowa"},"geometry":{"type":"LineString","coordinates":[[18.55914,50.46893],[18.55816,50.46896],[18.55629,50.46932]]}},{"type":"Feature","properties":{"numer":"620142S","klasa":"droga lokalna","kat":"powiatowa"},"geometry":{"type":"LineString","coordinates":[[18.55629,50.46932],[18.55611,50.46934]]}},{"type":"Feature","properties":{"numer":"620142S","klasa":"droga lokalna","kat":"powiatowa"},"geometry":{"type":"LineString","coordinates":[[18.55611,50.46934],[18.55588,50.46936]]}},{"type":"Feature","properties":{"numer":"620142S","klasa":"droga lokalna","kat":"powiatowa"},"geometry":{"type":"LineString","coordinates":[[18.55588,50.46936],[18.55529,50.46944]]}},{"type":"Feature","properties":{"numer":"620142S","klasa":"droga lokalna","kat":"powiatowa"},"geometry":{"type":"LineString","coordinates":[[18.55529,50.46944],[18.55434,50.4698]]}},{"type":"Feature","properties":{"numer":"620142S","klasa":"droga lokalna","kat":"powiatowa"},"geometry":{"type":"LineString","coordinates":[[18.55322,50.47024],[18.55434,50.4698]]}},{"type":"Feature","properties":{"numer":"620142S","klasa":"droga lokalna","kat":"powiatowa"},"geometry":{"type":"LineString","coordinates":[[18.55322,50.47024],[18.55215,50.4707],[18.55083,50.47157]]}},{"type":"Feature","properties":{"numer":"2964S","klasa":"","kat":"powiatowa"},"geometry":{"type":"LineString","coordinates":[[18.59905,50.47306],[18.59749,50.4726],[18.59662,50.47259],[18.59434,50.47316],[18.59285,50.47408],[18.59247,50.47417],[18.58622,50.47362],[18.58591,50.47354],[18.5854,50.47313],[18.58484,50.47284],[18.58126,50.47159],[18.57733,50.47079],[18.57437,50.46978],[18.57381,50.46976],[18.57183,50.46936],[18.57047,50.46873],[18.56922,50.46832],[18.5683,50.46812],[18.56519,50.46792],[18.56432,50.46806],[18.56138,50.46876],[18.5602,50.46894],[18.55914,50.46893]]}},{"type":"Feature","properties":{"numer":"94","klasa":"droga gĹ‚Ăłwna ruchu przyĹ›pieszonego","kat":"krajowa"},"geometry":{"type":"LineString","coordinates":[[18.51218,50.45526],[18.51359,50.45532],[18.51471,50.45513],[18.5156,50.45489],[18.51665,50.45433],[18.51725,50.45413]]}},{"type":"Feature","properties":{"numer":"94","klasa":"droga gĹ‚Ăłwna ruchu przyĹ›pieszonego","kat":"krajowa"},"geometry":{"type":"LineString","coordinates":[[18.51206,50.45528],[18.51218,50.45526]]}},{"type":"Feature","properties":{"numer":"94","klasa":"droga gĹ‚Ăłwna ruchu przyĹ›pieszonego","kat":"krajowa"},"geometry":{"type":"LineString","coordinates":[[18.51072,50.45605],[18.51125,50.4556],[18.51206,50.45528]]}},{"type":"Feature","properties":{"numer":"2989S","klasa":"droga zbiorcza","kat":"powiatowa"},"geometry":{"type":"LineString","coordinates":[[18.52468,50.45865],[18.5251,50.45803],[18.52426,50.45736],[18.52313,50.45687],[18.52281,50.45619],[18.52227,50.45448]]}},{"type":"Feature","properties":{"numer":"2912S","klasa":"droga zbiorcza","kat":"powiatowa"},"geometry":{"type":"LineString","coordinates":[[18.51127,50.45766],[18.51121,50.45697],[18.51072,50.45605]]}},{"type":"Feature","properties":{"numer":"2989S","klasa":"droga zbiorcza","kat":"powiatowa"},"geometry":{"type":"LineString","coordinates":[[18.52464,50.4587],[18.52468,50.45865]]}},{"type":"Feature","properties":{"numer":"2989S","klasa":"droga zbiorcza","kat":"powiatowa"},"geometry":{"type":"LineString","coordinates":[[18.52464,50.4587],[18.52401,50.45964],[18.52369,50.46044],[18.52351,50.46054],[18.52327,50.46055],[18.51882,50.45999],[18.51594,50.45946],[18.51301,50.45862],[18.51127,50.45766]]}},{"type":"Feature","properties":{"numer":"907","klasa":"droga zbiorcza","kat":"wojewodzka"},"geometry":{"type":"LineString","coordinates":[[18.54611,50.47461],[18.54086,50.46384],[18.53979,50.4619],[18.5393,50.46125],[18.53679,50.45886],[18.53593,50.45825],[18.53455,50.45771],[18.53017,50.45638],[18.526,50.45538],[18.52463,50.45474]]}},{"type":"Feature","properties":{"numer":"2960S","klasa":"droga zbiorcza","kat":"powiatowa"},"geometry":{"type":"LineString","coordinates":[[18.53489,50.50927],[18.53512,50.5062],[18.52466,50.49417],[18.52398,50.4936],[18.52226,50.49274],[18.52167,50.49233],[18.52018,50.49045],[18.51807,50.48814],[18.51378,50.48489],[18.51284,50.48429],[18.51229,50.48406]]}},{"type":"Feature","properties":{"numer":"2954S","klasa":"droga zbiorcza","kat":"powiatowa"},"geometry":{"type":"LineString","coordinates":[[18.49213,50.50229],[18.50351,50.50287],[18.5055,50.50326],[18.50741,50.50385],[18.50891,50.50414],[18.5116,50.50486],[18.51552,50.50577],[18.52095,50.50654],[18.52304,50.50677],[18.52753,50.50783],[18.53336,50.50877],[18.53489,50.50927]]}},{"type":"Feature","properties":{"numer":"620142S","klasa":"droga lokalna","kat":"powiatowa"},"geometry":{"type":"LineString","coordinates":[[18.55083,50.47157],[18.55081,50.47162]]}},{"type":"Feature","properties":{"numer":"620142S","klasa":"droga lokalna","kat":"powiatowa"},"geometry":{"type":"LineString","coordinates":[[18.55081,50.47162],[18.55045,50.47234],[18.54942,50.4729]]}},{"type":"Feature","properties":{"numer":"620142S","klasa":"droga lokalna","kat":"powiatowa"},"geometry":{"type":"LineString","coordinates":[[18.54942,50.4729],[18.54631,50.47453]]}},{"type":"Feature","properties":{"numer":"620142S","klasa":"droga lokalna","kat":"powiatowa"},"geometry":{"type":"LineString","coordinates":[[18.54611,50.47461],[18.54631,50.47453]]}},{"type":"Feature","properties":{"numer":"907","klasa":"droga zbiorcza","kat":"wojewodzka"},"geometry":{"type":"LineString","coordinates":[[18.56102,50.48501],[18.55734,50.48301],[18.54789,50.47689],[18.54714,50.47621],[18.54611,50.47461]]}},{"type":"Feature","properties":{"numer":"2958S","klasa":"droga zbiorcza","kat":"powiatowa"},"geometry":{"type":"LineString","coordinates":[[18.56415,50.49242],[18.56253,50.4894],[18.56096,50.48521],[18.56102,50.48501]]}},{"type":"Feature","properties":{"numer":"907","klasa":"droga zbiorcza","kat":"wojewodzka"},"geometry":{"type":"LineString","coordinates":[[18.5786,50.49246],[18.57521,50.49163],[18.57471,50.49134],[18.57271,50.48973],[18.57195,50.48924],[18.56102,50.48501]]}},{"type":"Feature","properties":{"numer":"2958S,673034S","klasa":"droga zbiorcza","kat":"powiatowa"},"geometry":{"type":"LineString","coordinates":[[18.56418,50.49248],[18.56415,50.49242]]}},{"type":"Feature","properties":{"numer":"2958S","klasa":"droga zbiorcza","kat":"powiatowa"},"geometry":{"type":"LineString","coordinates":[[18.56498,50.49416],[18.56494,50.4938],[18.56418,50.49248]]}},{"type":"Feature","properties":{"numer":"2959S","klasa":"droga zbiorcza","kat":"powiatowa"},"geometry":{"type":"LineString","coordinates":[[18.5786,50.49246],[18.56579,50.49415],[18.56519,50.4942],[18.56498,50.49416]]}},{"type":"Feature","properties":{"numer":"2939S","klasa":"droga zbiorcza","kat":"powiatowa"},"geometry":{"type":"LineString","coordinates":[[18.41822,50.41325],[18.40982,50.41354]]}},{"type":"Feature","properties":{"numer":"2939S","klasa":"droga zbiorcza","kat":"powiatowa"},"geometry":{"type":"LineString","coordinates":[[18.40982,50.41354],[18.40945,50.41358]]}},{"type":"Feature","properties":{"numer":"2918S","klasa":"droga gĹ‚Ăłwna","kat":"powiatowa"},"geometry":{"type":"LineString","coordinates":[[18.40953,50.41375],[18.40945,50.41358]]}},{"type":"Feature","properties":{"numer":"88,A4,E40","klasa":"autostrada","kat":"krajowa"},"geometry":{"type":"LineString","coordinates":[[18.38026,50.4287],[18.38825,50.42591],[18.39065,50.42491],[18.39385,50.42334],[18.39595,50.42212],[18.39779,50.42089],[18.40586,50.41451],[18.40886,50.41234]]}},{"type":"Feature","properties":{"numer":"2918S","klasa":"droga gĹ‚Ăłwna","kat":"powiatowa"},"geometry":{"type":"LineString","coordinates":[[18.41511,50.45673],[18.41399,50.45373],[18.41417,50.44725],[18.41375,50.44003],[18.41318,50.43296],[18.41348,50.4271],[18.41329,50.42092],[18.41292,50.42006],[18.4101,50.41504],[18.40953,50.41375]]}},{"type":"Feature","properties":{"numer":"2948S","klasa":"droga zbiorcza","kat":"powiatowa"},"geometry":{"type":"LineString","coordinates":[[18.4169,50.46191],[18.41726,50.4618],[18.42017,50.46032],[18.42485,50.45776],[18.42532,50.45758],[18.43094,50.45654],[18.43338,50.45636],[18.4375,50.45592],[18.43979,50.45552],[18.44656,50.45541],[18.44889,50.45515],[18.45628,50.45292],[18.45801,50.45212],[18.45915,50.45141]]}},{"type":"Feature","properties":{"numer":"2918S","klasa":"droga gĹ‚Ăłwna","kat":"powiatowa"},"geometry":{"type":"LineString","coordinates":[[18.41512,50.45677],[18.41511,50.45673]]}},{"type":"Feature","properties":{"numer":"2918S","klasa":"droga gĹ‚Ăłwna","kat":"powiatowa"},"geometry":{"type":"LineString","coordinates":[[18.4169,50.46191],[18.41656,50.46044],[18.41512,50.45677]]}},{"type":"Feature","properties":{"numer":"2918S","klasa":"droga gĹ‚Ăłwna","kat":"powiatowa"},"geometry":{"type":"LineString","coordinates":[[18.41516,50.46546],[18.41689,50.46384],[18.41703,50.46296],[18.4169,50.46191]]}},{"type":"Feature","properties":{"numer":"2918S","klasa":"droga gĹ‚Ăłwna","kat":"powiatowa"},"geometry":{"type":"LineString","coordinates":[[18.40565,50.47522],[18.40983,50.47186],[18.41264,50.46772],[18.41516,50.46546]]}},{"type":"Feature","properties":{"numer":"2946S","klasa":"droga zbiorcza","kat":"powiatowa"},"geometry":{"type":"LineString","coordinates":[[18.38303420135691,50.46854851970331],[18.39652,50.47816],[18.3972,50.47861],[18.397395928334156,50.478667625980634]]}},{"type":"Feature","properties":{"numer":"2947S","klasa":"droga zbiorcza","kat":"powiatowa"},"geometry":{"type":"LineString","coordinates":[[18.45,50.47774],[18.44893,50.47621],[18.44861,50.47591],[18.4367,50.46952],[18.43542,50.46843],[18.41516,50.46546]]}},{"type":"Feature","properties":{"numer":"94","klasa":"droga gĹ‚Ăłwna ruchu przyĹ›pieszonego","kat":"krajowa"},"geometry":{"type":"LineString","coordinates":[[18.45,50.47774],[18.4527,50.47693]]}},{"type":"Feature","properties":{"numer":"1802O","klasa":"droga zbiorcza","kat":"powiatowa"},"geometry":{"type":"LineString","coordinates":[[18.40565,50.47522],[18.405643465883415,50.47522521915951]]}},{"type":"Feature","properties":{"numer":"2947S","klasa":"droga zbiorcza","kat":"powiatowa"},"geometry":{"type":"LineString","coordinates":[[18.45,50.47774042654029],[18.45,50.47774]]}},{"type":"Feature","properties":{"numer":"94","klasa":"droga gĹ‚Ăłwna ruchu przyĹ›pieszonego","kat":"krajowa"},"geometry":{"type":"LineString","coordinates":[[18.449943387096372,50.47775741935496],[18.45,50.47774]]}},{"type":"Feature","properties":{"numer":"94","klasa":"droga gĹ‚Ăłwna ruchu przyĹ›pieszonego","kat":"krajowa"},"geometry":{"type":"LineString","coordinates":[[18.44004,50.48073],[18.44127,50.48036]]}},{"type":"Feature","properties":{"numer":"94","klasa":"droga gĹ‚Ăłwna ruchu przyĹ›pieszonego","kat":"krajowa"},"geometry":{"type":"LineString","coordinates":[[18.483199546514697,50.4665301123146],[18.4832,50.46653]]}},{"type":"Feature","properties":{"numer":"2912S","klasa":"droga zbiorcza","kat":"powiatowa"},"geometry":{"type":"LineString","coordinates":[[18.51229,50.48406],[18.51188,50.48358],[18.50965,50.48213],[18.50874,50.48122],[18.50794,50.47972],[18.50653,50.47826],[18.5059,50.47709],[18.50641,50.47407],[18.50725,50.47213],[18.51021,50.46273],[18.51109,50.46086],[18.51127,50.45766]]}},{"type":"Feature","properties":{"numer":"2912S","klasa":"droga zbiorcza","kat":"powiatowa"},"geometry":{"type":"LineString","coordinates":[[18.49213,50.50229],[18.50871,50.4886],[18.51134,50.48561],[18.51223,50.48433],[18.51229,50.48406]]}},{"type":"Feature","properties":{"numer":"2912S","klasa":"droga zbiorcza","kat":"powiatowa"},"geometry":{"type":"LineString","coordinates":[[18.47403,50.51563],[18.47536,50.51499],[18.47928,50.51255],[18.48084,50.51187],[18.48598,50.50728],[18.49213,50.50229]]}},{"type":"Feature","properties":{"numer":"2912S","klasa":"droga zbiorcza","kat":"powiatowa"},"geometry":{"type":"LineString","coordinates":[[18.46525,50.52379],[18.47403,50.51563]]}},{"type":"Feature","properties":{"numer":"2912S","klasa":"droga zbiorcza","kat":"powiatowa"},"geometry":{"type":"LineString","coordinates":[[18.43968,50.54674],[18.44139,50.54559],[18.44372,50.54469],[18.44379,50.54459],[18.4437,50.54401],[18.44466,50.54305],[18.4451,50.54248],[18.46525,50.52379]]}},{"type":"Feature","properties":{"numer":"2912S","klasa":"droga zbiorcza","kat":"powiatowa"},"geometry":{"type":"LineString","coordinates":[[18.43968,50.54674],[18.43966,50.54677]]}},{"type":"Feature","properties":{"numer":"500037S","klasa":"droga zbiorcza","kat":"powiatowa"},"geometry":{"type":"LineString","coordinates":[[18.62415,50.40532],[18.62407,50.40583]]}},{"type":"Feature","properties":{"numer":"2905S","klasa":"droga gĹ‚Ăłwna","kat":"powiatowa"},"geometry":{"type":"LineString","coordinates":[[18.6349,50.40255],[18.63436,50.4054],[18.63432,50.40631],[18.63437,50.40745],[18.63491,50.40961]]}},{"type":"Feature","properties":{"numer":"500314S","klasa":"droga zbiorcza","kat":"powiatowa"},"geometry":{"type":"LineString","coordinates":[[18.63278,50.40968],[18.63491,50.40961]]}},{"type":"Feature","properties":{"numer":"500314S","klasa":"droga zbiorcza","kat":"powiatowa"},"geometry":{"type":"LineString","coordinates":[[18.63098,50.40968],[18.6301,50.40968]]}},{"type":"Feature","properties":{"numer":"500314S","klasa":"droga zbiorcza","kat":"powiatowa"},"geometry":{"type":"LineString","coordinates":[[18.63189,50.40968],[18.63123,50.40969]]}},{"type":"Feature","properties":{"numer":"500314S","klasa":"droga zbiorcza","kat":"powiatowa"},"geometry":{"type":"LineString","coordinates":[[18.6301,50.40968],[18.62905,50.40969]]}},{"type":"Feature","properties":{"numer":"500314S","klasa":"droga zbiorcza","kat":"powiatowa"},"geometry":{"type":"LineString","coordinates":[[18.63189,50.40968],[18.63245,50.40969]]}},{"type":"Feature","properties":{"numer":"500314S","klasa":"droga zbiorcza","kat":"powiatowa"},"geometry":{"type":"LineString","coordinates":[[18.63245,50.40969],[18.63278,50.40968]]}},{"type":"Feature","properties":{"numer":"500314S","klasa":"droga zbiorcza","kat":"powiatowa"},"geometry":{"type":"LineString","coordinates":[[18.63123,50.40969],[18.63098,50.40968]]}},{"type":"Feature","properties":{"numer":"500314S","klasa":"droga zbiorcza","kat":"powiatowa"},"geometry":{"type":"LineString","coordinates":[[18.62905,50.40969],[18.62893,50.40969]]}},{"type":"Feature","properties":{"numer":"94","klasa":"droga gĹ‚Ăłwna ruchu przyĹ›pieszonego","kat":"krajowa"},"geometry":{"type":"LineString","coordinates":[[18.5775,50.41464],[18.58061,50.41318],[18.59658,50.40514]]}},{"type":"Feature","properties":{"numer":"2913S","klasa":"droga gĹ‚Ăłwna","kat":"powiatowa"},"geometry":{"type":"LineString","coordinates":[[18.5775,50.41464],[18.58049,50.41542],[18.59005,50.41816],[18.5948,50.41852],[18.59596,50.41946],[18.59692,50.42055],[18.59906,50.42201],[18.59957,50.42277]]}},{"type":"Feature","properties":{"numer":"2913S","klasa":"droga gĹ‚Ăłwna","kat":"powiatowa"},"geometry":{"type":"LineString","coordinates":[[18.60198,50.42259],[18.60381,50.42235],[18.61309,50.41969],[18.61351,50.41963],[18.61449,50.41965]]}},{"type":"Feature","properties":{"numer":"2913S","klasa":"droga gĹ‚Ăłwna","kat":"powiatowa"},"geometry":{"type":"LineString","coordinates":[[18.6018,50.42261],[18.60198,50.42259]]}},{"type":"Feature","properties":{"numer":"2913S","klasa":"droga gĹ‚Ăłwna","kat":"powiatowa"},"geometry":{"type":"LineString","coordinates":[[18.59957,50.42277],[18.59983,50.42282],[18.6018,50.42261]]}},{"type":"Feature","properties":{"numer":"620280S","klasa":"droga lokalna","kat":"powiatowa"},"geometry":{"type":"LineString","coordinates":[[18.60003,50.42524],[18.60005,50.4247],[18.59969,50.42459],[18.59931,50.42343],[18.5994,50.42293],[18.59957,50.42277]]}},{"type":"Feature","properties":{"numer":"620280S","klasa":"droga lokalna","kat":"powiatowa"},"geometry":{"type":"LineString","coordinates":[[18.59933,50.42592],[18.59987,50.4256],[18.60003,50.42524]]}},{"type":"Feature","properties":{"numer":"620280S","klasa":"droga lokalna","kat":"powiatowa"},"geometry":{"type":"LineString","coordinates":[[18.59608,50.43026],[18.59651,50.42947],[18.59747,50.42863],[18.59811,50.42761],[18.59887,50.42682],[18.59933,50.42592]]}},{"type":"Feature","properties":{"numer":"620280S","klasa":"droga lokalna","kat":"powiatowa"},"geometry":{"type":"LineString","coordinates":[[18.59583,50.43057],[18.59608,50.43026]]}},{"type":"Feature","properties":{"numer":"620280S","klasa":"droga lokalna","kat":"powiatowa"},"geometry":{"type":"LineString","coordinates":[[18.59481,50.43164],[18.59583,50.43057]]}},{"type":"Feature","properties":{"numer":"500001S","klasa":"droga zbiorcza","kat":"powiatowa"},"geometry":{"type":"LineString","coordinates":[[18.64542,50.39725],[18.64744,50.3966]]}},{"type":"Feature","properties":{"numer":"500001S","klasa":"droga zbiorcza","kat":"powiatowa"},"geometry":{"type":"LineString","coordinates":[[18.6441,50.39764],[18.64542,50.39725]]}},{"type":"Feature","properties":{"numer":"500001S","klasa":"droga zbiorcza","kat":"powiatowa"},"geometry":{"type":"LineString","coordinates":[[18.64404,50.39764],[18.6441,50.39764]]}},{"type":"Feature","properties":{"numer":"500001S","klasa":"droga zbiorcza","kat":"powiatowa"},"geometry":{"type":"LineString","coordinates":[[18.64053,50.39794],[18.6419,50.39773],[18.64404,50.39764]]}},{"type":"Feature","properties":{"numer":"500001S","klasa":"droga zbiorcza","kat":"powiatowa"},"geometry":{"type":"LineString","coordinates":[[18.64042,50.39796],[18.64053,50.39794]]}},{"type":"Feature","properties":{"numer":"500001S","klasa":"droga zbiorcza","kat":"powiatowa"},"geometry":{"type":"LineString","coordinates":[[18.63943,50.39813],[18.64042,50.39796]]}},{"type":"Feature","properties":{"numer":"500314S","klasa":"droga zbiorcza","kat":"powiatowa"},"geometry":{"type":"LineString","coordinates":[[18.62893,50.40969],[18.62791,50.40969]]}},{"type":"Feature","properties":{"numer":"901","klasa":"droga gĹ‚Ăłwna","kat":"wojewodzka"},"geometry":{"type":"LineString","coordinates":[[18.6163,50.40997],[18.61631,50.4099]]}},{"type":"Feature","properties":{"numer":"901","klasa":"droga gĹ‚Ăłwna","kat":"wojewodzka"},"geometry":{"type":"LineString","coordinates":[[18.61586,50.41295],[18.6163,50.40997]]}},{"type":"Feature","properties":{"numer":"901","klasa":"droga gĹ‚Ăłwna","kat":"wojewodzka"},"geometry":{"type":"LineString","coordinates":[[18.61565,50.41425],[18.61586,50.41295]]}},{"type":"Feature","properties":{"numer":"2905S","klasa":"droga gĹ‚Ăłwna","kat":"powiatowa"},"geometry":{"type":"LineString","coordinates":[[18.63491,50.40961],[18.63578,50.41303],[18.6366,50.41468],[18.63841,50.41716],[18.641531771814766,50.42024250424477]]}},{"type":"Feature","properties":{"numer":"901","klasa":"droga gĹ‚Ăłwna","kat":"wojewodzka"},"geometry":{"type":"LineString","coordinates":[[18.61449,50.41965],[18.61565,50.41425]]}},{"type":"Feature","properties":{"numer":"2904S","klasa":"droga zbiorcza","kat":"powiatowa"},"geometry":{"type":"LineString","coordinates":[[18.622846191304347,50.452712382608695],[18.61574,50.45209],[18.61063,50.45138]]}},{"type":"Feature","properties":{"numer":"2903S","klasa":"droga zbiorcza","kat":"powiatowa"},"geometry":{"type":"LineString","coordinates":[[18.60691,50.49128],[18.61041,50.49097],[18.61514,50.48998],[18.61834,50.48942],[18.62111,50.48879],[18.623120579619787,50.4882696741185]]}},{"type":"Feature","properties":{"numer":"2902S","klasa":"droga zbiorcza","kat":"powiatowa"},"geometry":{"type":"LineString","coordinates":[[18.64426,50.4942],[18.64252,50.49472],[18.63896,50.4964],[18.63591,50.49877],[18.63414,50.49952],[18.6317,50.50085],[18.63004,50.50138],[18.62929,50.50171],[18.62733,50.50318],[18.62299,50.50592],[18.62141,50.50661],[18.61929,50.50815],[18.61889,50.5083],[18.61777,50.50849],[18.61662,50.50934],[18.61614,50.50959]]}},{"type":"Feature","properties":{"numer":"2901S","klasa":"droga zbiorcza","kat":"powiatowa"},"geometry":{"type":"LineString","coordinates":[[18.61614,50.50959],[18.61649,50.50983],[18.61887,50.51072],[18.62044,50.51124],[18.62115,50.51138]]}},{"type":"Feature","properties":{"numer":"673024S","klasa":"droga lokalna","kat":"powiatowa"},"geometry":{"type":"LineString","coordinates":[[18.60485,50.47524],[18.60415,50.47502]]}},{"type":"Feature","properties":{"numer":"673024S","klasa":"droga lokalna","kat":"powiatowa"},"geometry":{"type":"LineString","coordinates":[[18.60622,50.47562],[18.60485,50.47524]]}},{"type":"Feature","properties":{"numer":"673024S","klasa":"droga lokalna","kat":"powiatowa"},"geometry":{"type":"LineString","coordinates":[[18.60825,50.47588],[18.60717,50.47584],[18.60622,50.47562]]}},{"type":"Feature","properties":{"numer":"901","klasa":"droga gĹ‚Ăłwna","kat":"wojewodzka"},"geometry":{"type":"LineString","coordinates":[[18.60691,50.49128],[18.60464,50.48576],[18.60457,50.48529],[18.60485,50.48459],[18.60677,50.48126],[18.60865,50.47735],[18.60867,50.47677],[18.60825,50.47588]]}},{"type":"Feature","properties":{"numer":"2903S","klasa":"droga zbiorcza","kat":"powiatowa"},"geometry":{"type":"LineString","coordinates":[[18.60691,50.49128],[18.6047,50.4915]]}},{"type":"Feature","properties":{"numer":"2903S","klasa":"droga zbiorcza","kat":"powiatowa"},"geometry":{"type":"LineString","coordinates":[[18.6047,50.4915],[18.59967,50.49196],[18.59767,50.4918],[18.59456,50.49218],[18.59341,50.49245]]}},{"type":"Feature","properties":{"numer":"2903S","klasa":"droga zbiorcza","kat":"powiatowa"},"geometry":{"type":"LineString","coordinates":[[18.59341,50.49245],[18.5902,50.4934]]}},{"type":"Feature","properties":{"numer":"2903S,673041S","klasa":"droga zbiorcza","kat":"powiatowa"},"geometry":{"type":"LineString","coordinates":[[18.5902,50.4934],[18.58938,50.49367],[18.58899,50.49372]]}},{"type":"Feature","properties":{"numer":"2903S","klasa":"droga zbiorcza","kat":"powiatowa"},"geometry":{"type":"LineString","coordinates":[[18.58899,50.49372],[18.58866,50.49376],[18.58721,50.49432]]}},{"type":"Feature","properties":{"numer":"907","klasa":"droga zbiorcza","kat":"wojewodzka"},"geometry":{"type":"LineString","coordinates":[[18.5899,50.49504],[18.58935,50.49471],[18.58872,50.4945],[18.58721,50.49432]]}},{"type":"Feature","properties":{"numer":"2902S","klasa":"droga gĹ‚Ăłwna","kat":"powiatowa"},"geometry":{"type":"LineString","coordinates":[[18.64426,50.4942],[18.64724,50.49371],[18.64791,50.49351],[18.64802904271868,50.493449705635996]]}},{"type":"Feature","properties":{"numer":"2901S","klasa":"droga zbiorcza","kat":"powiatowa"},"geometry":{"type":"LineString","coordinates":[[18.62115,50.51138],[18.62303,50.51146],[18.62486,50.51174],[18.62551,50.51191],[18.62715,50.51258],[18.62974,50.51322],[18.63252,50.51378],[18.643361270826166,50.515710637270416]]}},{"type":"Feature","properties":{"numer":"2957S","klasa":"droga zbiorcza","kat":"powiatowa"},"geometry":{"type":"LineString","coordinates":[[18.62115,50.51138],[18.62178,50.512],[18.63123,50.51985],[18.639081006192864,50.525740657033325]]}},{"type":"Feature","properties":{"numer":"2957S","klasa":"droga zbiorcza","kat":"powiatowa"},"geometry":{"type":"LineString","coordinates":[[18.64010429956417,50.527234147469535],[18.64054,50.52801]]}},{"type":"Feature","properties":{"numer":"907","klasa":"droga zbiorcza","kat":"wojewodzka"},"geometry":{"type":"LineString","coordinates":[[18.60806,50.52636],[18.63796,50.52789]]}},{"type":"Feature","properties":{"numer":"907","klasa":"droga zbiorcza","kat":"wojewodzka"},"geometry":{"type":"LineString","coordinates":[[18.63796,50.52789],[18.63806,50.52789]]}},{"type":"Feature","properties":{"numer":"907","klasa":"droga zbiorcza","kat":"wojewodzka"},"geometry":{"type":"LineString","coordinates":[[18.63806,50.52789],[18.64054,50.52801]]}},{"type":"Feature","properties":{"numer":"2900S","klasa":"","kat":"powiatowa"},"geometry":{"type":"LineString","coordinates":[[18.635445690522243,50.548793900193424],[18.63544,50.54877]]}},{"type":"Feature","properties":{"numer":"3211S","klasa":"","kat":"powiatowa"},"geometry":{"type":"LineString","coordinates":[[18.64612854136407,50.525708380048826],[18.644,50.52762],[18.64358,50.52816]]}},{"type":"Feature","properties":{"numer":"907","klasa":"droga zbiorcza","kat":"wojewodzka"},"geometry":{"type":"LineString","coordinates":[[18.64054,50.52801],[18.64358,50.52816]]}},{"type":"Feature","properties":{"numer":"907","klasa":"droga zbiorcza","kat":"wojewodzka"},"geometry":{"type":"LineString","coordinates":[[18.64358,50.52816],[18.64811,50.52838]]}},{"type":"Feature","properties":{"numer":"907","klasa":"droga zbiorcza","kat":"wojewodzka"},"geometry":{"type":"LineString","coordinates":[[18.64811,50.52838],[18.64823,50.52838]]}},{"type":"Feature","properties":{"numer":"2900S","klasa":"droga zbiorcza","kat":"powiatowa"},"geometry":{"type":"LineString","coordinates":[[18.63544,50.54877],[18.63757,50.54806],[18.63879,50.54743],[18.64043,50.54694],[18.64139,50.53874],[18.64542,50.53381],[18.64483,50.53345],[18.64508,50.53277],[18.64501,50.53249],[18.64398,50.53197],[18.64189,50.53034],[18.64054,50.52801]]}},{"type":"Feature","properties":{"numer":"907","klasa":"droga zbiorcza","kat":"wojewodzka"},"geometry":{"type":"LineString","coordinates":[[18.60802,50.52636],[18.60806,50.52636]]}},{"type":"Feature","properties":{"numer":"901","klasa":"droga gĹ‚Ăłwna","kat":"wojewodzka"},"geometry":{"type":"LineString","coordinates":[[18.60517,50.52605],[18.6048,50.52692],[18.60432,50.52766],[18.60307,50.52894],[18.60182,50.52982],[18.59828,50.53182]]}},{"type":"Feature","properties":{"numer":"901","klasa":"droga gĹ‚Ăłwna","kat":"wojewodzka"},"geometry":{"type":"LineString","coordinates":[[18.59828,50.53182],[18.59797,50.53199]]}},{"type":"Feature","properties":{"numer":"2951S","klasa":"droga zbiorcza","kat":"powiatowa"},"geometry":{"type":"LineString","coordinates":[[18.60806,50.52636],[18.60685,50.53036],[18.6054,50.53238],[18.6046,50.5343],[18.60462,50.53526],[18.60418,50.53624],[18.60477,50.53699],[18.6049,50.53927],[18.60466,50.53949],[18.59951,50.54254],[18.59918,50.54269],[18.59872,50.54272],[18.5877,50.54296],[18.58742,50.54284],[18.58436,50.53962]]}},{"type":"Feature","properties":{"numer":"901","klasa":"droga gĹ‚Ăłwna","kat":"wojewodzka"},"geometry":{"type":"LineString","coordinates":[[18.59797,50.53199],[18.58436,50.53962]]}},{"type":"Feature","properties":{"numer":"1812O","klasa":"","kat":"powiatowa"},"geometry":{"type":"LineString","coordinates":[[18.43960970773005,50.546912704315986],[18.43966,50.54677]]}},{"type":"Feature","properties":{"numer":"673038S,907","klasa":"droga zbiorcza","kat":"powiatowa"},"geometry":{"type":"LineString","coordinates":[[18.58999,50.4951],[18.5899,50.49504]]}},{"type":"Feature","properties":{"numer":"901","klasa":"droga gĹ‚Ăłwna","kat":"wojewodzka"},"geometry":{"type":"LineString","coordinates":[[18.60467,50.50372],[18.60741,50.49428],[18.60741,50.4929],[18.60691,50.49128]]}},{"type":"Feature","properties":{"numer":"907","klasa":"droga zbiorcza","kat":"wojewodzka"},"geometry":{"type":"LineString","coordinates":[[18.60375,50.50314],[18.59594,50.49774],[18.59507,50.49734],[18.59171,50.49611],[18.58999,50.4951]]}},{"type":"Feature","properties":{"numer":"907","klasa":"droga zbiorcza","kat":"wojewodzka"},"geometry":{"type":"LineString","coordinates":[[18.60384,50.5032],[18.60375,50.50314]]}},{"type":"Feature","properties":{"numer":"907","klasa":"droga zbiorcza","kat":"wojewodzka"},"geometry":{"type":"LineString","coordinates":[[18.60467,50.50372],[18.60384,50.5032]]}},{"type":"Feature","properties":{"numer":"673001S","klasa":"","kat":"powiatowa"},"geometry":{"type":"LineString","coordinates":[[18.60467,50.50372],[18.60558,50.50444]]}},{"type":"Feature","properties":{"numer":"2955S","klasa":"droga zbiorcza","kat":"powiatowa"},"geometry":{"type":"LineString","coordinates":[[18.57382,50.50865],[18.57689,50.50805],[18.5962,50.50582],[18.60332,50.5048],[18.60347,50.50467],[18.60339,50.50408],[18.60345,50.50351],[18.60375,50.50314]]}},{"type":"Feature","properties":{"numer":"901,907","klasa":"droga gĹ‚Ăłwna","kat":"gminna"},"geometry":{"type":"LineString","coordinates":[[18.60467,50.50372],[18.60451,50.50472],[18.60454,50.50606],[18.60542,50.52444],[18.60538,50.5252],[18.60517,50.52605]]}},{"type":"Feature","properties":{"numer":"2902S","klasa":"droga zbiorcza","kat":"powiatowa"},"geometry":{"type":"LineString","coordinates":[[18.61614,50.50959],[18.61478,50.51173],[18.60802,50.52636]]}},{"type":"Feature","properties":{"numer":"907","klasa":"droga zbiorcza","kat":"wojewodzka"},"geometry":{"type":"LineString","coordinates":[[18.60517,50.52605],[18.60802,50.52636]]}},{"type":"Feature","properties":{"numer":"907","klasa":"droga zbiorcza","kat":"wojewodzka"},"geometry":{"type":"LineString","coordinates":[[18.58721,50.49432],[18.5858,50.49415],[18.5786,50.49246]]}},{"type":"Feature","properties":{"numer":"2956S","klasa":"droga zbiorcza","kat":"powiatowa"},"geometry":{"type":"LineString","coordinates":[[18.56498,50.49416],[18.5652,50.49434],[18.56561,50.49535]]}},{"type":"Feature","properties":{"numer":"2958S","klasa":"droga zbiorcza","kat":"powiatowa"},"geometry":{"type":"LineString","coordinates":[[18.54279,50.50501],[18.54489,50.50131],[18.54552,50.50052],[18.55147,50.49594],[18.55415,50.49517],[18.55649,50.49471],[18.55748,50.49426],[18.56292,50.49418],[18.56429,50.49428],[18.56498,50.49416]]}},{"type":"Feature","properties":{"numer":"2956S","klasa":"droga zbiorcza","kat":"powiatowa"},"geometry":{"type":"LineString","coordinates":[[18.57382,50.50865],[18.5693,50.50461],[18.56881,50.50407],[18.56708,50.50018],[18.56561,50.49535]]}},{"type":"Feature","properties":{"numer":"2955S","klasa":"droga zbiorcza","kat":"powiatowa"},"geometry":{"type":"LineString","coordinates":[[18.53925,50.51141],[18.54369,50.51158],[18.55894,50.51175],[18.57382,50.50865]]}},{"type":"Feature","properties":{"numer":"2956S","klasa":"droga zbiorcza","kat":"powiatowa"},"geometry":{"type":"LineString","coordinates":[[18.58073,50.52193],[18.57916,50.51808],[18.57858,50.51552],[18.57641,50.51103],[18.57382,50.50865]]}},{"type":"Feature","properties":{"numer":"2953S","klasa":"droga zbiorcza","kat":"powiatowa"},"geometry":{"type":"LineString","coordinates":[[18.53925,50.51141],[18.55715,50.51991],[18.56365,50.52342],[18.56991,50.52647],[18.57142,50.52737]]}},{"type":"Feature","properties":{"numer":"2956S","klasa":"droga zbiorcza","kat":"powiatowa"},"geometry":{"type":"LineString","coordinates":[[18.58073,50.52193],[18.5819,50.52377]]}},{"type":"Feature","properties":{"numer":"2956S","klasa":"droga zbiorcza","kat":"powiatowa"},"geometry":{"type":"LineString","coordinates":[[18.5817,50.52386],[18.5819,50.52377]]}},{"type":"Feature","properties":{"numer":"2956S","klasa":"droga zbiorcza","kat":"powiatowa"},"geometry":{"type":"LineString","coordinates":[[18.57279,50.52761],[18.57525,50.52664],[18.57752,50.52518],[18.57874,50.52491],[18.5817,50.52386]]}},{"type":"Feature","properties":{"numer":"2958S","klasa":"droga zbiorcza","kat":"powiatowa"},"geometry":{"type":"LineString","coordinates":[[18.53686,50.51075],[18.53696,50.51046],[18.53737,50.51004],[18.54035,50.50735],[18.54191,50.50615],[18.54279,50.50501]]}},{"type":"Feature","properties":{"numer":"2954S","klasa":"droga zbiorcza","kat":"powiatowa"},"geometry":{"type":"LineString","coordinates":[[18.53489,50.50927],[18.53643,50.50995],[18.53665,50.51051],[18.53686,50.51075]]}},{"type":"Feature","properties":{"numer":"2953S","klasa":"droga zbiorcza","kat":"powiatowa"},"geometry":{"type":"LineString","coordinates":[[18.53686,50.51075],[18.53763,50.51081],[18.53809,50.51093]]}},{"type":"Feature","properties":{"numer":"2953S","klasa":"droga zbiorcza","kat":"powiatowa"},"geometry":{"type":"LineString","coordinates":[[18.53809,50.51093],[18.53925,50.51141]]}},{"type":"Feature","properties":{"numer":"2953S","klasa":"droga zbiorcza","kat":"powiatowa"},"geometry":{"type":"LineString","coordinates":[[18.57142,50.52737],[18.57196,50.5276],[18.57279,50.52761]]}},{"type":"Feature","properties":{"numer":"2953S","klasa":"droga zbiorcza","kat":"powiatowa"},"geometry":{"type":"LineString","coordinates":[[18.57279,50.52761],[18.57332,50.52785]]}},{"type":"Feature","properties":{"numer":"2953S","klasa":"droga zbiorcza","kat":"powiatowa"},"geometry":{"type":"LineString","coordinates":[[18.57332,50.52785],[18.57857,50.53244],[18.57997,50.53382],[18.5832,50.53754],[18.58436,50.53962]]}},{"type":"Feature","properties":{"numer":"901","klasa":"droga gĹ‚Ăłwna","kat":"wojewodzka"},"geometry":{"type":"LineString","coordinates":[[18.58436,50.53962],[18.57083,50.54716]]}},{"type":"Feature","properties":{"numer":"901","klasa":"droga gĹ‚Ăłwna","kat":"wojewodzka"},"geometry":{"type":"LineString","coordinates":[[18.570817516265823,50.547166956266246],[18.57083,50.54716]]}},{"type":"Feature","properties":{"numer":"907","klasa":"droga zbiorcza","kat":"wojewodzka"},"geometry":{"type":"LineString","coordinates":[[18.65532995035947,50.52872400688274],[18.64823,50.52838]]}}]}