{"type":"FeatureCollection","features":[{"type":"Feature","properties":{"numer":"6402S","klasa":"droga zbiorcza","kat":"powiatowa"},"geometry":{"type":"LineString","coordinates":[[18.9734,50.18011],[18.97398,50.18078],[18.97464,50.18112]]}},{"type":"Feature","properties":{"numer":"8006S","klasa":"droga zbiorcza","kat":"powiatowa"},"geometry":{"type":"LineString","coordinates":[[18.968236591554813,50.161356035073965],[18.96824,50.16136]]}},{"type":"Feature","properties":{"numer":"8006S","klasa":"","kat":"powiatowa"},"geometry":{"type":"LineString","coordinates":[[18.96824,50.16136],[18.96917,50.16238]]}},{"type":"Feature","properties":{"numer":"6486S","klasa":"","kat":"powiatowa"},"geometry":{"type":"LineString","coordinates":[[18.97099,50.16394],[18.97035,50.16324],[18.96917,50.16238]]}},{"type":"Feature","properties":{"numer":"6486S","klasa":"","kat":"powiatowa"},"geometry":{"type":"LineString","coordinates":[[18.97142,50.16445],[18.97099,50.16394]]}},{"type":"Feature","properties":{"numer":"6486S","klasa":"","kat":"powiatowa"},"geometry":{"type":"LineString","coordinates":[[18.97142,50.16445],[18.97205,50.1651],[18.97208,50.16732],[18.97185,50.16797],[18.97159,50.1685],[18.97085,50.16937],[18.96972,50.17046],[18.96887,50.17111],[18.97,50.17308],[18.97055,50.17355],[18.97079,50.17395],[18.97103,50.17399]]}},{"type":"Feature","properties":{"numer":"6486S","klasa":"","kat":"powiatowa"},"geometry":{"type":"LineString","coordinates":[[18.97103,50.17399],[18.97112,50.17398]]}},{"type":"Feature","properties":{"numer":"6557S","klasa":"droga zbiorcza","kat":"powiatowa"},"geometry":{"type":"LineString","coordinates":[[18.97115,50.17403],[18.97112,50.17398]]}},{"type":"Feature","properties":{"numer":"6557S","klasa":"droga zbiorcza","kat":"powiatowa"},"geometry":{"type":"LineString","coordinates":[[18.97111,50.17454],[18.97115,50.17403]]}},{"type":"Feature","properties":{"numer":"6557S","klasa":"droga zbiorcza","kat":"powiatowa"},"geometry":{"type":"LineString","coordinates":[[18.97109,50.17463],[18.97111,50.17454]]}},{"type":"Feature","properties":{"numer":"6557S","klasa":"droga zbiorcza","kat":"powiatowa"},"geometry":{"type":"LineString","coordinates":[[18.97087,50.17525],[18.97109,50.17463]]}},{"type":"Feature","properties":{"numer":"6557S","klasa":"droga zbiorcza","kat":"powiatowa"},"geometry":{"type":"LineString","coordinates":[[18.97067,50.17602],[18.97087,50.17525]]}},{"type":"Feature","properties":{"numer":"6541S","klasa":"droga zbiorcza","kat":"powiatowa"},"geometry":{"type":"LineString","coordinates":[[18.97067,50.17602],[18.97003,50.1761],[18.969,50.17651],[18.96848,50.17661]]}},{"type":"Feature","properties":{"numer":"6541S","klasa":"droga zbiorcza","kat":"powiatowa"},"geometry":{"type":"LineString","coordinates":[[18.96848,50.17661],[18.96779,50.1768]]}},{"type":"Feature","properties":{"numer":"6402S","klasa":"droga zbiorcza","kat":"powiatowa"},"geometry":{"type":"LineString","coordinates":[[18.97067,50.17602],[18.97089,50.17612],[18.97154,50.1768],[18.97235,50.17841]]}},{"type":"Feature","properties":{"numer":"6541S","klasa":"droga zbiorcza","kat":"powiatowa"},"geometry":{"type":"LineString","coordinates":[[18.96779,50.1768],[18.96553,50.17781]]}},{"type":"Feature","properties":{"numer":"6541S","klasa":"droga zbiorcza","kat":"powiatowa"},"geometry":{"type":"LineString","coordinates":[[18.96553,50.17781],[18.96532,50.17819],[18.96369,50.17927]]}},{"type":"Feature","properties":{"numer":"6402S","klasa":"droga zbiorcza","kat":"powiatowa"},"geometry":{"type":"LineString","coordinates":[[18.97235,50.17841],[18.97276,50.17922],[18.9734,50.18011]]}},{"type":"Feature","properties":{"numer":"6541S","klasa":"droga zbiorcza","kat":"powiatowa"},"geometry":{"type":"LineString","coordinates":[[18.96369,50.17927],[18.96283,50.1798]]}},{"type":"Feature","properties":{"numer":"6541S","klasa":"droga zbiorcza","kat":"powiatowa"},"geometry":{"type":"LineString","coordinates":[[18.96283,50.1798],[18.96081,50.1811],[18.95991,50.18194],[18.95969,50.18232],[18.95962,50.18292],[18.95992,50.18454],[18.95987,50.18483],[18.95966,50.18512],[18.95922,50.18548],[18.95871,50.18571],[18.95827,50.18577]]}},{"type":"Feature","properties":{"numer":"6437S","klasa":"droga zbiorcza","kat":"powiatowa"},"geometry":{"type":"LineString","coordinates":[[18.94116,50.18246],[18.94613,50.18263],[18.94776,50.18295],[18.94898,50.18333]]}},{"type":"Feature","properties":{"numer":"6437S","klasa":"droga zbiorcza","kat":"powiatowa"},"geometry":{"type":"LineString","coordinates":[[18.94898,50.18333],[18.94957,50.18352]]}},{"type":"Feature","properties":{"numer":"6437S","klasa":"droga zbiorcza","kat":"powiatowa"},"geometry":{"type":"LineString","coordinates":[[18.94957,50.18352],[18.95247,50.18445]]}},{"type":"Feature","properties":{"numer":"6437S","klasa":"droga zbiorcza","kat":"powiatowa"},"geometry":{"type":"LineString","coordinates":[[18.95247,50.18445],[18.95306,50.18448]]}},{"type":"Feature","properties":{"numer":"6437S","klasa":"droga zbiorcza","kat":"powiatowa"},"geometry":{"type":"LineString","coordinates":[[18.95306,50.18448],[18.95487,50.18443],[18.95507,50.18451],[18.95522,50.18488]]}},{"type":"Feature","properties":{"numer":"6437S","klasa":"droga zbiorcza","kat":"powiatowa"},"geometry":{"type":"LineString","coordinates":[[18.95522,50.18488],[18.95577,50.18536]]}},{"type":"Feature","properties":{"numer":"6437S","klasa":"droga zbiorcza","kat":"powiatowa"},"geometry":{"type":"LineString","coordinates":[[18.95577,50.18536],[18.95649,50.1856],[18.95827,50.18577]]}},{"type":"Feature","properties":{"numer":"E462,E75,S1","klasa":"droga ekspresowa","kat":"krajowa"},"geometry":{"type":"LineString","coordinates":[[19.056415351914694,50.139719315559866],[19.05706,50.13981]]}},{"type":"Feature","properties":{"numer":"E462,E75,S1","klasa":"droga ekspresowa","kat":"krajowa"},"geometry":{"type":"LineString","coordinates":[[19.05706,50.13981],[19.059028006712392,50.13999871297242]]}},{"type":"Feature","properties":{"numer":"6406S","klasa":"droga zbiorcza","kat":"powiatowa"},"geometry":{"type":"LineString","coordinates":[[19.023969185185184,50.16944788624338],[19.02531,50.1694],[19.02623,50.1695],[19.05344,50.17404]]}},{"type":"Feature","properties":{"numer":"5928S","klasa":"droga zbiorcza","kat":"powiatowa"},"geometry":{"type":"LineString","coordinates":[[19.09887578368742,50.14230979349279],[19.09887,50.14232]]}},{"type":"Feature","properties":{"numer":"E462,E75,S1","klasa":"droga ekspresowa","kat":"krajowa"},"geometry":{"type":"LineString","coordinates":[[19.09823,50.14267],[19.09904,50.14284]]}},{"type":"Feature","properties":{"numer":"E462,E75,S1","klasa":"droga ekspresowa","kat":"krajowa"},"geometry":{"type":"LineString","coordinates":[[19.09934,50.14292],[19.09904,50.14284]]}},{"type":"Feature","properties":{"numer":"E462,E75,S1","klasa":"droga ekspresowa","kat":"krajowa"},"geometry":{"type":"LineString","coordinates":[[19.1001,50.14313],[19.09934,50.14292]]}},{"type":"Feature","properties":{"numer":"E462,E75,S1","klasa":"droga ekspresowa","kat":"krajowa"},"geometry":{"type":"LineString","coordinates":[[19.100333071120687,50.14321401400862],[19.1001,50.14313]]}},{"type":"Feature","properties":{"numer":"6406S","klasa":"droga zbiorcza","kat":"powiatowa"},"geometry":{"type":"LineString","coordinates":[[19.09174,50.18187],[19.09629,50.1819]]}},{"type":"Feature","properties":{"numer":"E462,E75,S1","klasa":"droga ekspresowa","kat":"krajowa"},"geometry":{"type":"LineString","coordinates":[[19.06101735344763,50.140131685143096],[19.079593180839694,50.14130555556682]]}},{"type":"Feature","properties":{"numer":"E462,E75,S1","klasa":"droga ekspresowa","kat":"krajowa"},"geometry":{"type":"LineString","coordinates":[[19.09823,50.14267],[19.098227729450787,50.14266963509031]]}},{"type":"Feature","properties":{"numer":"6406S","klasa":"droga zbiorcza","kat":"powiatowa"},"geometry":{"type":"LineString","coordinates":[[19.0587,50.17489],[19.07609,50.17767],[19.08069,50.1785],[19.08206,50.17908],[19.08551,50.18107],[19.08659,50.1815],[19.08757,50.18173],[19.08841,50.18183],[19.09174,50.18187]]}},{"type":"Feature","properties":{"numer":"6454S","klasa":"droga zbiorcza","kat":"powiatowa"},"geometry":{"type":"LineString","coordinates":[[19.05505,50.19948],[19.05564,50.19973],[19.05651,50.19993],[19.06207,50.20061],[19.06456,50.2011],[19.071585344862143,50.2035504850116]]}},{"type":"Feature","properties":{"numer":"6406S","klasa":"droga zbiorcza","kat":"powiatowa"},"geometry":{"type":"LineString","coordinates":[[19.05344,50.17404],[19.0587,50.17489]]}},{"type":"Feature","properties":{"numer":"86","klasa":"droga gĹ‚Ăłwna","kat":"krajowa"},"geometry":{"type":"LineString","coordinates":[[19.03765,50.18693],[19.03707,50.18639]]}},{"type":"Feature","properties":{"numer":"86","klasa":"droga gĹ‚Ăłwna","kat":"krajowa"},"geometry":{"type":"LineString","coordinates":[[19.04048,50.19007],[19.03765,50.18693]]}},{"type":"Feature","properties":{"numer":"86","klasa":"droga gĹ‚Ăłwna","kat":"krajowa"},"geometry":{"type":"LineString","coordinates":[[19.04589,50.19537],[19.04528,50.19506],[19.04429,50.19432],[19.04048,50.19007]]}},{"type":"Feature","properties":{"numer":"6528S","klasa":"droga zbiorcza","kat":"powiatowa"},"geometry":{"type":"LineString","coordinates":[[19.03417,50.19362],[19.03376,50.19372]]}},{"type":"Feature","properties":{"numer":"6454S","klasa":"droga zbiorcza","kat":"powiatowa"},"geometry":{"type":"LineString","coordinates":[[19.04058,50.19478],[19.03768,50.19329],[19.03585,50.1926],[19.03545,50.19265],[19.03417,50.19362]]}},{"type":"Feature","properties":{"numer":"100672S","klasa":"droga dojazdowa","kat":"powiatowa"},"geometry":{"type":"LineString","coordinates":[[19.03417,50.19362],[19.03386,50.19385]]}},{"type":"Feature","properties":{"numer":"100672S","klasa":"droga dojazdowa","kat":"powiatowa"},"geometry":{"type":"LineString","coordinates":[[19.03386,50.19385],[19.03376,50.19372]]}},{"type":"Feature","properties":{"numer":"100672S","klasa":"droga dojazdowa","kat":"powiatowa"},"geometry":{"type":"LineString","coordinates":[[19.03386,50.19385],[19.03283,50.19512]]}},{"type":"Feature","properties":{"numer":"6520S","klasa":"droga zbiorcza","kat":"powiatowa"},"geometry":{"type":"LineString","coordinates":[[19.05926,50.19003],[19.05719,50.19511],[19.05724,50.19561],[19.05687,50.19594],[19.05568,50.19888],[19.05505,50.19948]]}},{"type":"Feature","properties":{"numer":"6406S","klasa":"droga zbiorcza","kat":"powiatowa"},"geometry":{"type":"LineString","coordinates":[[19.09629,50.1819],[19.09742,50.18192],[19.09865,50.18208],[19.09967,50.18235],[19.10021,50.18259]]}},{"type":"Feature","properties":{"numer":"8801S","klasa":"droga zbiorcza","kat":"powiatowa"},"geometry":{"type":"LineString","coordinates":[[19.100395240972713,50.182691744295454],[19.10021,50.18259]]}},{"type":"Feature","properties":{"numer":"6454S","klasa":"droga zbiorcza","kat":"powiatowa"},"geometry":{"type":"LineString","coordinates":[[19.04235,50.19565],[19.04058,50.19478]]}},{"type":"Feature","properties":{"numer":"6407S","klasa":"","kat":"powiatowa"},"geometry":{"type":"LineString","coordinates":[[19.04589,50.19537],[19.04584,50.19542]]}},{"type":"Feature","properties":{"numer":"6454S","klasa":"droga zbiorcza","kat":"powiatowa"},"geometry":{"type":"LineString","coordinates":[[19.04412,50.19606],[19.04235,50.19565]]}},{"type":"Feature","properties":{"numer":"6407S","klasa":"","kat":"powiatowa"},"geometry":{"type":"LineString","coordinates":[[19.04584,50.19542],[19.04565,50.19564],[19.04561,50.19596],[19.04589,50.19637]]}},{"type":"Feature","properties":{"numer":"86","klasa":"droga gĹ‚Ăłwna","kat":"krajowa"},"geometry":{"type":"LineString","coordinates":[[19.04955,50.1968],[19.04909,50.19656],[19.04589,50.19537]]}},{"type":"Feature","properties":{"numer":"6454S","klasa":"droga zbiorcza","kat":"powiatowa"},"geometry":{"type":"LineString","coordinates":[[19.04412,50.19606],[19.04511,50.19622]]}},{"type":"Feature","properties":{"numer":"6454S","klasa":"droga zbiorcza","kat":"powiatowa"},"geometry":{"type":"LineString","coordinates":[[19.04511,50.19622],[19.04589,50.19637]]}},{"type":"Feature","properties":{"numer":"6454S","klasa":"droga zbiorcza","kat":"powiatowa"},"geometry":{"type":"LineString","coordinates":[[19.04589,50.19637],[19.04796,50.19677],[19.04955,50.1968]]}},{"type":"Feature","properties":{"numer":"6407S","klasa":"","kat":"powiatowa"},"geometry":{"type":"LineString","coordinates":[[19.04589,50.19637],[19.04582,50.19694]]}},{"type":"Feature","properties":{"numer":"86","klasa":"droga gĹ‚Ăłwna","kat":"krajowa"},"geometry":{"type":"LineString","coordinates":[[19.05072,50.19757],[19.04955,50.1968]]}},{"type":"Feature","properties":{"numer":"6454S","klasa":"droga zbiorcza","kat":"powiatowa"},"geometry":{"type":"LineString","coordinates":[[19.04955,50.1968],[19.05077,50.19681],[19.05149,50.1969],[19.05243,50.1972],[19.05326,50.19771]]}},{"type":"Feature","properties":{"numer":"6407S","klasa":"","kat":"powiatowa"},"geometry":{"type":"LineString","coordinates":[[19.04582,50.19694],[19.04518,50.19855]]}},{"type":"Feature","properties":{"numer":"6454S","klasa":"droga zbiorcza","kat":"powiatowa"},"geometry":{"type":"LineString","coordinates":[[19.05326,50.19771],[19.05395,50.19855]]}},{"type":"Feature","properties":{"numer":"86","klasa":"droga gĹ‚Ăłwna","kat":"krajowa"},"geometry":{"type":"LineString","coordinates":[[19.05072,50.19757],[19.05107,50.19787],[19.0517,50.19871]]}},{"type":"Feature","properties":{"numer":"6520S","klasa":"droga zbiorcza","kat":"powiatowa"},"geometry":{"type":"LineString","coordinates":[[19.04518,50.19855],[19.04658,50.19876]]}},{"type":"Feature","properties":{"numer":"6520S","klasa":"droga zbiorcza","kat":"powiatowa"},"geometry":{"type":"LineString","coordinates":[[19.04658,50.19876],[19.04718,50.19883]]}},{"type":"Feature","properties":{"numer":"86","klasa":"droga gĹ‚Ăłwna","kat":"krajowa"},"geometry":{"type":"LineString","coordinates":[[19.05186,50.199],[19.0517,50.19871]]}},{"type":"Feature","properties":{"numer":"6520S","klasa":"droga zbiorcza","kat":"powiatowa"},"geometry":{"type":"LineString","coordinates":[[19.04718,50.19883],[19.04799,50.19892]]}},{"type":"Feature","properties":{"numer":"6454S","klasa":"droga zbiorcza","kat":"powiatowa"},"geometry":{"type":"LineString","coordinates":[[19.05395,50.19855],[19.05458,50.19919],[19.05505,50.19948]]}},{"type":"Feature","properties":{"numer":"6520S","klasa":"droga zbiorcza","kat":"powiatowa"},"geometry":{"type":"LineString","coordinates":[[19.04799,50.19892],[19.05031,50.19921]]}},{"type":"Feature","properties":{"numer":"6411S","klasa":"droga zbiorcza","kat":"powiatowa"},"geometry":{"type":"LineString","coordinates":[[19.0012,50.18122],[19.00139,50.18105]]}},{"type":"Feature","properties":{"numer":"6402S","klasa":"droga zbiorcza","kat":"powiatowa"},"geometry":{"type":"LineString","coordinates":[[18.97464,50.18112],[18.97506,50.1813]]}},{"type":"Feature","properties":{"numer":"6411S","klasa":"droga zbiorcza","kat":"powiatowa"},"geometry":{"type":"LineString","coordinates":[[19.00091,50.18164],[19.0012,50.18122]]}},{"type":"Feature","properties":{"numer":"6402S","klasa":"droga zbiorcza","kat":"powiatowa"},"geometry":{"type":"LineString","coordinates":[[18.97506,50.1813],[18.97744,50.18229]]}},{"type":"Feature","properties":{"numer":"6411S","klasa":"droga zbiorcza","kat":"powiatowa"},"geometry":{"type":"LineString","coordinates":[[18.99949,50.18282],[19.00026,50.18253],[19.00091,50.18164]]}},{"type":"Feature","properties":{"numer":"6402S","klasa":"droga zbiorcza","kat":"powiatowa"},"geometry":{"type":"LineString","coordinates":[[18.97744,50.18229],[18.9778,50.18253]]}},{"type":"Feature","properties":{"numer":"6402S","klasa":"droga zbiorcza","kat":"powiatowa"},"geometry":{"type":"LineString","coordinates":[[18.9778,50.18253],[18.97867,50.18321]]}},{"type":"Feature","properties":{"numer":"6411S","klasa":"droga zbiorcza","kat":"powiatowa"},"geometry":{"type":"LineString","coordinates":[[18.99687,50.18468],[18.99839,50.18322],[18.99874,50.18304],[18.99949,50.18282]]}},{"type":"Feature","properties":{"numer":"6402S","klasa":"droga zbiorcza","kat":"powiatowa"},"geometry":{"type":"LineString","coordinates":[[18.97867,50.18321],[18.97993,50.18474]]}},{"type":"Feature","properties":{"numer":"6411S","klasa":"droga zbiorcza","kat":"powiatowa"},"geometry":{"type":"LineString","coordinates":[[18.9964,50.18515],[18.99687,50.18468]]}},{"type":"Feature","properties":{"numer":"86","klasa":"droga gĹ‚Ăłwna ruchu przyĹ›pieszonego","kat":"krajowa"},"geometry":{"type":"LineString","coordinates":[[19.02294,50.17452],[19.02293591065998,50.174514878770445]]}},{"type":"Feature","properties":{"numer":"6411S","klasa":"droga zbiorcza","kat":"powiatowa"},"geometry":{"type":"LineString","coordinates":[[19.01516,50.17619],[19.01650493002633,50.17487430758294]]}},{"type":"Feature","properties":{"numer":"6411S","klasa":"droga zbiorcza","kat":"powiatowa"},"geometry":{"type":"LineString","coordinates":[[19.01492,50.17643],[19.01516,50.17619]]}},{"type":"Feature","properties":{"numer":"6411S","klasa":"droga zbiorcza","kat":"powiatowa"},"geometry":{"type":"LineString","coordinates":[[19.0135,50.17723],[19.01436,50.17694],[19.01492,50.17643]]}},{"type":"Feature","properties":{"numer":"6411S","klasa":"droga zbiorcza","kat":"powiatowa"},"geometry":{"type":"LineString","coordinates":[[19.00139,50.18105],[19.00237,50.18066],[19.0135,50.17723]]}},{"type":"Feature","properties":{"numer":"86","klasa":"droga gĹ‚Ăłwna","kat":"krajowa"},"geometry":{"type":"LineString","coordinates":[[19.03707,50.18639],[19.03145,50.18246],[19.02757,50.17928],[19.02515,50.17719],[19.02294,50.17452]]}},{"type":"Feature","properties":{"numer":"6528S","klasa":"droga zbiorcza","kat":"powiatowa"},"geometry":{"type":"LineString","coordinates":[[19.02869,50.19468],[19.02749,50.1949],[19.02667,50.19525],[19.02617,50.19531],[19.0253,50.1953],[19.02249,50.19476],[19.02159,50.19466],[19.01629,50.19491],[19.01304,50.19492],[19.00377,50.19222]]}},{"type":"Feature","properties":{"numer":"6411S","klasa":"droga zbiorcza","kat":"powiatowa"},"geometry":{"type":"LineString","coordinates":[[18.99604,50.18527],[18.9964,50.18515]]}},{"type":"Feature","properties":{"numer":"6411S","klasa":"droga zbiorcza","kat":"powiatowa"},"geometry":{"type":"LineString","coordinates":[[18.99414,50.18535],[18.99604,50.18527]]}},{"type":"Feature","properties":{"numer":"6411S","klasa":"droga zbiorcza","kat":"powiatowa"},"geometry":{"type":"LineString","coordinates":[[18.9931,50.18546],[18.9933,50.18539],[18.99414,50.18535]]}},{"type":"Feature","properties":{"numer":"6402S","klasa":"droga zbiorcza","kat":"powiatowa"},"geometry":{"type":"LineString","coordinates":[[18.97993,50.18474],[18.98099,50.18621],[18.98136,50.18735]]}},{"type":"Feature","properties":{"numer":"6411S","klasa":"droga zbiorcza","kat":"powiatowa"},"geometry":{"type":"LineString","coordinates":[[18.99189,50.18703],[18.99198,50.18666],[18.99263,50.18621],[18.99293,50.18559],[18.9931,50.18546]]}},{"type":"Feature","properties":{"numer":"6411S","klasa":"droga zbiorcza","kat":"powiatowa"},"geometry":{"type":"LineString","coordinates":[[18.9919,50.18713],[18.99189,50.18703]]}},{"type":"Feature","properties":{"numer":"6402S","klasa":"droga zbiorcza","kat":"powiatowa"},"geometry":{"type":"LineString","coordinates":[[18.98136,50.18735],[18.9814,50.18744]]}},{"type":"Feature","properties":{"numer":"6411S","klasa":"droga zbiorcza","kat":"powiatowa"},"geometry":{"type":"LineString","coordinates":[[18.99198,50.18798],[18.9919,50.18713]]}},{"type":"Feature","properties":{"numer":"6411S","klasa":"droga zbiorcza","kat":"powiatowa"},"geometry":{"type":"LineString","coordinates":[[18.99198,50.18804],[18.99198,50.18798]]}},{"type":"Feature","properties":{"numer":"6402S","klasa":"droga zbiorcza","kat":"powiatowa"},"geometry":{"type":"LineString","coordinates":[[18.9814,50.18744],[18.98201,50.18831],[18.98233,50.19025]]}},{"type":"Feature","properties":{"numer":"6517S","klasa":"droga zbiorcza","kat":"powiatowa"},"geometry":{"type":"LineString","coordinates":[[18.95827,50.18577],[18.95858,50.18636]]}},{"type":"Feature","properties":{"numer":"6517S","klasa":"droga zbiorcza","kat":"powiatowa"},"geometry":{"type":"LineString","coordinates":[[18.95858,50.18636],[18.9591,50.18713],[18.96015,50.18791],[18.96059,50.18811]]}},{"type":"Feature","properties":{"numer":"6517S","klasa":"droga zbiorcza","kat":"powiatowa"},"geometry":{"type":"LineString","coordinates":[[18.96059,50.18811],[18.96231,50.18895]]}},{"type":"Feature","properties":{"numer":"6444S","klasa":"","kat":"powiatowa"},"geometry":{"type":"LineString","coordinates":[[18.94572,50.19264],[18.94748,50.19132],[18.95155,50.18879],[18.95311,50.18772],[18.95469,50.18639],[18.95554,50.18586],[18.95577,50.18536]]}},{"type":"Feature","properties":{"numer":"6517S","klasa":"droga zbiorcza","kat":"powiatowa"},"geometry":{"type":"LineString","coordinates":[[18.96231,50.18895],[18.9641,50.18975],[18.96499,50.19025],[18.96657,50.1916],[18.96719,50.19202]]}},{"type":"Feature","properties":{"numer":"100852S","klasa":"droga dojazdowa","kat":"powiatowa"},"geometry":{"type":"LineString","coordinates":[[18.96719,50.19202],[18.9672,50.19214]]}},{"type":"Feature","properties":{"numer":"6525S","klasa":"","kat":"powiatowa"},"geometry":{"type":"LineString","coordinates":[[18.96719,50.19202],[18.96904,50.19216]]}},{"type":"Feature","properties":{"numer":"6525S","klasa":"","kat":"powiatowa"},"geometry":{"type":"LineString","coordinates":[[18.96904,50.19216],[18.97289,50.19233]]}},{"type":"Feature","properties":{"numer":"6414S","klasa":"droga zbiorcza","kat":"powiatowa"},"geometry":{"type":"LineString","coordinates":[[18.96846,50.19375],[18.9672,50.19214]]}},{"type":"Feature","properties":{"numer":"6414S","klasa":"droga zbiorcza","kat":"powiatowa"},"geometry":{"type":"LineString","coordinates":[[18.96865,50.19405],[18.96846,50.19375]]}},{"type":"Feature","properties":{"numer":"6411S","klasa":"droga zbiorcza","kat":"powiatowa"},"geometry":{"type":"LineString","coordinates":[[18.99187,50.19336],[18.99196,50.1915],[18.99225,50.19001],[18.99198,50.18804]]}},{"type":"Feature","properties":{"numer":"6402S","klasa":"droga zbiorcza","kat":"powiatowa"},"geometry":{"type":"LineString","coordinates":[[18.98233,50.19025],[18.98233,50.19132]]}},{"type":"Feature","properties":{"numer":"6402S","klasa":"droga zbiorcza","kat":"powiatowa"},"geometry":{"type":"LineString","coordinates":[[18.98233,50.19132],[18.98231,50.19167],[18.98204,50.19224]]}},{"type":"Feature","properties":{"numer":"6528S","klasa":"droga zbiorcza","kat":"powiatowa"},"geometry":{"type":"LineString","coordinates":[[19.00341,50.1921],[19.00198,50.19212]]}},{"type":"Feature","properties":{"numer":"6528S","klasa":"droga zbiorcza","kat":"powiatowa"},"geometry":{"type":"LineString","coordinates":[[19.00198,50.19212],[19.00126,50.19216]]}},{"type":"Feature","properties":{"numer":"6528S","klasa":"droga zbiorcza","kat":"powiatowa"},"geometry":{"type":"LineString","coordinates":[[19.00377,50.19222],[19.00341,50.1921]]}},{"type":"Feature","properties":{"numer":"6528S","klasa":"droga zbiorcza","kat":"powiatowa"},"geometry":{"type":"LineString","coordinates":[[19.00126,50.19216],[19.00003,50.19223]]}},{"type":"Feature","properties":{"numer":"6528S","klasa":"droga zbiorcza","kat":"powiatowa"},"geometry":{"type":"LineString","coordinates":[[19.00003,50.19223],[18.99947,50.19227]]}},{"type":"Feature","properties":{"numer":"6525S","klasa":"","kat":"powiatowa"},"geometry":{"type":"LineString","coordinates":[[18.97289,50.19233],[18.97355,50.19235]]}},{"type":"Feature","properties":{"numer":"6525S","klasa":"","kat":"powiatowa"},"geometry":{"type":"LineString","coordinates":[[18.97355,50.19235],[18.97465,50.19239]]}},{"type":"Feature","properties":{"numer":"6525S","klasa":"","kat":"powiatowa"},"geometry":{"type":"LineString","coordinates":[[18.97465,50.19239],[18.97597,50.1924],[18.97762,50.19257]]}},{"type":"Feature","properties":{"numer":"6528S","klasa":"droga zbiorcza","kat":"powiatowa"},"geometry":{"type":"LineString","coordinates":[[18.99947,50.19227],[18.99782,50.19269],[18.99612,50.19291]]}},{"type":"Feature","properties":{"numer":"6402S","klasa":"droga zbiorcza","kat":"powiatowa"},"geometry":{"type":"LineString","coordinates":[[18.98204,50.19224],[18.98199,50.1931]]}},{"type":"Feature","properties":{"numer":"6525S","klasa":"","kat":"powiatowa"},"geometry":{"type":"LineString","coordinates":[[18.97762,50.19257],[18.97862,50.19253],[18.97979,50.19272],[18.9809,50.19274],[18.98199,50.1931]]}},{"type":"Feature","properties":{"numer":"6528S","klasa":"droga zbiorcza","kat":"powiatowa"},"geometry":{"type":"LineString","coordinates":[[18.99612,50.19291],[18.99377,50.19322]]}},{"type":"Feature","properties":{"numer":"6528S","klasa":"droga zbiorcza","kat":"powiatowa"},"geometry":{"type":"LineString","coordinates":[[18.99377,50.19322],[18.99187,50.19336]]}},{"type":"Feature","properties":{"numer":"6402S","klasa":"droga zbiorcza","kat":"powiatowa"},"geometry":{"type":"LineString","coordinates":[[18.98199,50.1931],[18.98181,50.19353]]}},{"type":"Feature","properties":{"numer":"6528S","klasa":"droga zbiorcza","kat":"powiatowa"},"geometry":{"type":"LineString","coordinates":[[18.98686,50.19376],[18.98378,50.19367],[18.98321,50.19356],[18.98199,50.1931]]}},{"type":"Feature","properties":{"numer":"6528S","klasa":"droga zbiorcza","kat":"powiatowa"},"geometry":{"type":"LineString","coordinates":[[18.99187,50.19336],[18.99034,50.19357]]}},{"type":"Feature","properties":{"numer":"6528S","klasa":"droga zbiorcza","kat":"powiatowa"},"geometry":{"type":"LineString","coordinates":[[18.99034,50.19357],[18.98877,50.19377],[18.98686,50.19376]]}},{"type":"Feature","properties":{"numer":"100611S","klasa":"droga lokalna","kat":"powiatowa"},"geometry":{"type":"LineString","coordinates":[[18.94005,50.19288],[18.94228,50.19304]]}},{"type":"Feature","properties":{"numer":"6506S","klasa":"droga zbiorcza","kat":"powiatowa"},"geometry":{"type":"LineString","coordinates":[[18.93648,50.1947],[18.93737,50.19423],[18.93888,50.19376],[18.94062,50.19351],[18.94228,50.19304]]}},{"type":"Feature","properties":{"numer":"380220S","klasa":"droga dojazdowa","kat":"powiatowa"},"geometry":{"type":"LineString","coordinates":[[18.93503457395499,50.194756101286174],[18.93534,50.19481]]}},{"type":"Feature","properties":{"numer":"6506S","klasa":"droga zbiorcza","kat":"powiatowa"},"geometry":{"type":"LineString","coordinates":[[18.93594,50.19493],[18.93648,50.1947]]}},{"type":"Feature","properties":{"numer":"380220S","klasa":"droga lokalna","kat":"powiatowa"},"geometry":{"type":"LineString","coordinates":[[18.93534,50.19481],[18.93594,50.19493]]}},{"type":"Feature","properties":{"numer":"6506S","klasa":"droga zbiorcza","kat":"powiatowa"},"geometry":{"type":"LineString","coordinates":[[18.93553,50.19549],[18.93594,50.19493]]}},{"type":"Feature","properties":{"numer":"81","klasa":"droga gĹ‚Ăłwna ruchu przyĹ›pieszonego","kat":"krajowa"},"geometry":{"type":"LineString","coordinates":[[18.92946298830834,50.194711829050796],[18.93178,50.19613]]}},{"type":"Feature","properties":{"numer":"6506S","klasa":"droga zbiorcza","kat":"powiatowa"},"geometry":{"type":"LineString","coordinates":[[18.93369,50.19562],[18.93511,50.19565],[18.93553,50.19549]]}},{"type":"Feature","properties":{"numer":"6506S","klasa":"droga zbiorcza","kat":"powiatowa"},"geometry":{"type":"LineString","coordinates":[[18.93211,50.19601],[18.93261,50.19597],[18.93369,50.19562]]}},{"type":"Feature","properties":{"numer":"6402S","klasa":"droga zbiorcza","kat":"powiatowa"},"geometry":{"type":"LineString","coordinates":[[18.98181,50.19353],[18.9808,50.19463]]}},{"type":"Feature","properties":{"numer":"6402S","klasa":"droga zbiorcza","kat":"powiatowa"},"geometry":{"type":"LineString","coordinates":[[18.97896,50.19664],[18.9808,50.19463]]}},{"type":"Feature","properties":{"numer":"6402S","klasa":"droga zbiorcza","kat":"powiatowa"},"geometry":{"type":"LineString","coordinates":[[18.97896,50.19664],[18.97761,50.19815],[18.97699,50.19905]]}},{"type":"Feature","properties":{"numer":"100309S","klasa":"droga dojazdowa","kat":"powiatowa"},"geometry":{"type":"LineString","coordinates":[[18.97663,50.20008],[18.97773,50.20009]]}},{"type":"Feature","properties":{"numer":"100309S","klasa":"droga dojazdowa","kat":"powiatowa"},"geometry":{"type":"LineString","coordinates":[[18.97773,50.20009],[18.97934,50.20019]]}},{"type":"Feature","properties":{"numer":"100309S","klasa":"droga dojazdowa","kat":"powiatowa"},"geometry":{"type":"LineString","coordinates":[[18.97934,50.20019],[18.97965,50.20021]]}},{"type":"Feature","properties":{"numer":"100309S","klasa":"droga dojazdowa","kat":"powiatowa"},"geometry":{"type":"LineString","coordinates":[[18.97965,50.20021],[18.9813,50.2003]]}},{"type":"Feature","properties":{"numer":"100309S","klasa":"droga dojazdowa","kat":"powiatowa"},"geometry":{"type":"LineString","coordinates":[[18.9813,50.2003],[18.98176,50.20033]]}},{"type":"Feature","properties":{"numer":"100309S","klasa":"droga dojazdowa","kat":"powiatowa"},"geometry":{"type":"LineString","coordinates":[[18.98176,50.20033],[18.98222,50.20036]]}},{"type":"Feature","properties":{"numer":"100309S","klasa":"droga dojazdowa","kat":"powiatowa"},"geometry":{"type":"LineString","coordinates":[[18.98222,50.20036],[18.98419,50.20048],[18.98633,50.20047]]}},{"type":"Feature","properties":{"numer":"6414S","klasa":"droga zbiorcza","kat":"powiatowa"},"geometry":{"type":"LineString","coordinates":[[18.96887,50.19437],[18.96865,50.19405]]}},{"type":"Feature","properties":{"numer":"6414S","klasa":"droga zbiorcza","kat":"powiatowa"},"geometry":{"type":"LineString","coordinates":[[18.96907,50.1947],[18.96887,50.19437]]}},{"type":"Feature","properties":{"numer":"6414S","klasa":"droga zbiorcza","kat":"powiatowa"},"geometry":{"type":"LineString","coordinates":[[18.97072,50.19886],[18.97033,50.19672],[18.96907,50.1947]]}},{"type":"Feature","properties":{"numer":"6545S","klasa":"droga zbiorcza","kat":"powiatowa"},"geometry":{"type":"LineString","coordinates":[[18.97072,50.19886],[18.9709,50.19907]]}},{"type":"Feature","properties":{"numer":"6545S","klasa":"droga zbiorcza","kat":"powiatowa"},"geometry":{"type":"LineString","coordinates":[[18.9709,50.19907],[18.97149,50.1998]]}},{"type":"Feature","properties":{"numer":"6545S","klasa":"droga zbiorcza","kat":"powiatowa"},"geometry":{"type":"LineString","coordinates":[[18.97149,50.1998],[18.97156,50.20011]]}},{"type":"Feature","properties":{"numer":"6545S","klasa":"droga zbiorcza","kat":"powiatowa"},"geometry":{"type":"LineString","coordinates":[[18.97156,50.20011],[18.97159,50.20246]]}},{"type":"Feature","properties":{"numer":"81","klasa":"droga gĹ‚Ăłwna","kat":"krajowa"},"geometry":{"type":"LineString","coordinates":[[18.94722,50.20306],[18.9483,50.2035]]}},{"type":"Feature","properties":{"numer":"6442S","klasa":"droga zbiorcza","kat":"powiatowa"},"geometry":{"type":"LineString","coordinates":[[18.94842,50.20348],[18.9483,50.2035]]}},{"type":"Feature","properties":{"numer":"6545S","klasa":"droga zbiorcza","kat":"powiatowa"},"geometry":{"type":"LineString","coordinates":[[18.97159,50.20246],[18.97154,50.20469]]}},{"type":"Feature","properties":{"numer":"100309S","klasa":"droga dojazdowa","kat":"powiatowa"},"geometry":{"type":"LineString","coordinates":[[18.98678,50.20047],[18.98776,50.20046]]}},{"type":"Feature","properties":{"numer":"100309S","klasa":"droga dojazdowa","kat":"powiatowa"},"geometry":{"type":"LineString","coordinates":[[18.98633,50.20047],[18.98678,50.20047]]}},{"type":"Feature","properties":{"numer":"","klasa":"droga wewnÄ™trzna","kat":"gminna"},"geometry":{"type":"LineString","coordinates":[[18.98855,50.20052],[18.98776,50.20046]]}},{"type":"Feature","properties":{"numer":"","klasa":"droga wewnÄ™trzna","kat":"gminna"},"geometry":{"type":"LineString","coordinates":[[18.98943,50.20059],[18.98855,50.20052]]}},{"type":"Feature","properties":{"numer":"","klasa":"droga wewnÄ™trzna","kat":"gminna"},"geometry":{"type":"LineString","coordinates":[[18.99023,50.20066],[18.98943,50.20059]]}},{"type":"Feature","properties":{"numer":"","klasa":"droga wewnÄ™trzna","kat":"gminna"},"geometry":{"type":"LineString","coordinates":[[18.99122,50.20074],[18.99023,50.20066]]}},{"type":"Feature","properties":{"numer":"6511S","klasa":"droga zbiorcza","kat":"powiatowa"},"geometry":{"type":"LineString","coordinates":[[18.99032,50.20142],[18.99081,50.20157]]}},{"type":"Feature","properties":{"numer":"6511S","klasa":"droga zbiorcza","kat":"powiatowa"},"geometry":{"type":"LineString","coordinates":[[18.99081,50.20157],[18.99092,50.20165]]}},{"type":"Feature","properties":{"numer":"6511S","klasa":"droga zbiorcza","kat":"powiatowa"},"geometry":{"type":"LineString","coordinates":[[18.98688,50.20195],[18.98885,50.20128],[18.99032,50.20142]]}},{"type":"Feature","properties":{"numer":"6511S","klasa":"droga zbiorcza","kat":"powiatowa"},"geometry":{"type":"LineString","coordinates":[[18.99092,50.20165],[18.99132,50.20204]]}},{"type":"Feature","properties":{"numer":"6528S","klasa":"droga zbiorcza","kat":"powiatowa"},"geometry":{"type":"LineString","coordinates":[[19.03376,50.19372],[19.02869,50.19468]]}},{"type":"Feature","properties":{"numer":"100672S","klasa":"droga dojazdowa","kat":"powiatowa"},"geometry":{"type":"LineString","coordinates":[[19.03283,50.19512],[19.03216,50.19557]]}},{"type":"Feature","properties":{"numer":"100672S","klasa":"droga dojazdowa","kat":"powiatowa"},"geometry":{"type":"LineString","coordinates":[[19.03216,50.19557],[19.03163,50.19593],[19.03002,50.19816]]}},{"type":"Feature","properties":{"numer":"100672S","klasa":"droga dojazdowa","kat":"powiatowa"},"geometry":{"type":"LineString","coordinates":[[19.03002,50.19816],[19.02863,50.19943]]}},{"type":"Feature","properties":{"numer":"100672S","klasa":"droga dojazdowa","kat":"powiatowa"},"geometry":{"type":"LineString","coordinates":[[19.02863,50.19943],[19.02773,50.20009],[19.02637,50.20088]]}},{"type":"Feature","properties":{"numer":"100047S","klasa":"droga dojazdowa","kat":"powiatowa"},"geometry":{"type":"LineString","coordinates":[[19.02595,50.20064],[19.02563,50.20062]]}},{"type":"Feature","properties":{"numer":"100047S","klasa":"droga dojazdowa","kat":"powiatowa"},"geometry":{"type":"LineString","coordinates":[[19.02637,50.20088],[19.02595,50.20064]]}},{"type":"Feature","properties":{"numer":"100047S","klasa":"droga dojazdowa","kat":"powiatowa"},"geometry":{"type":"LineString","coordinates":[[19.02563,50.20062],[19.01982,50.20362]]}},{"type":"Feature","properties":{"numer":"100047S","klasa":"droga dojazdowa","kat":"powiatowa"},"geometry":{"type":"LineString","coordinates":[[19.01982,50.20362],[19.01848,50.20433]]}},{"type":"Feature","properties":{"numer":"100047S","klasa":"droga dojazdowa","kat":"powiatowa"},"geometry":{"type":"LineString","coordinates":[[19.01848,50.20433],[19.01762,50.20478]]}},{"type":"Feature","properties":{"numer":"100034S","klasa":"droga dojazdowa","kat":"powiatowa"},"geometry":{"type":"LineString","coordinates":[[19.07617,50.20642422413793],[19.07617,50.20702]]}},{"type":"Feature","properties":{"numer":"100034S","klasa":"droga dojazdowa","kat":"powiatowa"},"geometry":{"type":"LineString","coordinates":[[19.07617,50.20702],[19.07607,50.2075],[19.07593,50.20756],[19.07546,50.20756],[19.07533,50.20763],[19.07421,50.21088]]}},{"type":"Feature","properties":{"numer":"100034S","klasa":"droga dojazdowa","kat":"powiatowa"},"geometry":{"type":"LineString","coordinates":[[19.07421,50.21088],[19.07362,50.21251]]}},{"type":"Feature","properties":{"numer":"100034S","klasa":"droga dojazdowa","kat":"powiatowa"},"geometry":{"type":"LineString","coordinates":[[19.07362,50.21251],[19.07234,50.2162]]}},{"type":"Feature","properties":{"numer":"6407S","klasa":"","kat":"powiatowa"},"geometry":{"type":"LineString","coordinates":[[19.04518,50.19855],[19.04473,50.19966]]}},{"type":"Feature","properties":{"numer":"6520S","klasa":"droga zbiorcza","kat":"powiatowa"},"geometry":{"type":"LineString","coordinates":[[19.05031,50.19921],[19.05172,50.19935]]}},{"type":"Feature","properties":{"numer":"6520S","klasa":"droga zbiorcza","kat":"powiatowa"},"geometry":{"type":"LineString","coordinates":[[19.05505,50.19948],[19.05462,50.19971],[19.05251,50.19946]]}},{"type":"Feature","properties":{"numer":"86","klasa":"droga gĹ‚Ăłwna","kat":"krajowa"},"geometry":{"type":"LineString","coordinates":[[19.05057,50.20603],[19.0505,50.20537],[19.05061,50.20458],[19.05195,50.20133],[19.05211,50.20063],[19.05209,50.19981],[19.05186,50.199]]}},{"type":"Feature","properties":{"numer":"6407S","klasa":"","kat":"powiatowa"},"geometry":{"type":"LineString","coordinates":[[19.04473,50.19966],[19.04464,50.20039],[19.045,50.20105],[19.04914,50.20537],[19.05045,50.20597]]}},{"type":"Feature","properties":{"numer":"6407S","klasa":"","kat":"powiatowa"},"geometry":{"type":"LineString","coordinates":[[19.05045,50.20597],[19.05057,50.20603]]}},{"type":"Feature","properties":{"numer":"86","klasa":"droga gĹ‚Ăłwna","kat":"krajowa"},"geometry":{"type":"LineString","coordinates":[[19.05318,50.20948],[19.05102,50.20713],[19.05057,50.20603]]}},{"type":"Feature","properties":{"numer":"86","klasa":"droga gĹ‚Ăłwna","kat":"krajowa"},"geometry":{"type":"LineString","coordinates":[[19.05986,50.21679],[19.05912,50.2157],[19.05318,50.20948]]}},{"type":"Feature","properties":{"numer":"6435S","klasa":"","kat":"powiatowa"},"geometry":{"type":"LineString","coordinates":[[19.06015,50.21756],[19.057,50.2171]]}},{"type":"Feature","properties":{"numer":"86","klasa":"droga gĹ‚Ăłwna","kat":"krajowa"},"geometry":{"type":"LineString","coordinates":[[19.05776,50.22541],[19.06016,50.21927],[19.06026,50.21853],[19.06015,50.21756]]}},{"type":"Feature","properties":{"numer":"100034S","klasa":"droga dojazdowa","kat":"powiatowa"},"geometry":{"type":"LineString","coordinates":[[19.07234,50.2162],[19.07225,50.21648]]}},{"type":"Feature","properties":{"numer":"100034S","klasa":"droga dojazdowa","kat":"powiatowa"},"geometry":{"type":"LineString","coordinates":[[19.07307,50.21659],[19.07225,50.21648]]}},{"type":"Feature","properties":{"numer":"100034S","klasa":"droga dojazdowa","kat":"powiatowa"},"geometry":{"type":"LineString","coordinates":[[19.07225,50.21648],[19.07221,50.21662]]}},{"type":"Feature","properties":{"numer":"100034S","klasa":"droga dojazdowa","kat":"powiatowa"},"geometry":{"type":"LineString","coordinates":[[19.07301,50.21675],[19.07307,50.21659]]}},{"type":"Feature","properties":{"numer":"100034S","klasa":"droga dojazdowa","kat":"powiatowa"},"geometry":{"type":"LineString","coordinates":[[19.07221,50.21662],[19.07301,50.21675]]}},{"type":"Feature","properties":{"numer":"100034S","klasa":"droga dojazdowa","kat":"powiatowa"},"geometry":{"type":"LineString","coordinates":[[19.07301,50.21675],[19.07277,50.21749]]}},{"type":"Feature","properties":{"numer":"86","klasa":"droga gĹ‚Ăłwna","kat":"krajowa"},"geometry":{"type":"LineString","coordinates":[[19.06015,50.21756],[19.05986,50.21679]]}},{"type":"Feature","properties":{"numer":"6435S","klasa":"","kat":"powiatowa"},"geometry":{"type":"LineString","coordinates":[[19.06015,50.21756],[19.06025,50.21759]]}},{"type":"Feature","properties":{"numer":"100034S","klasa":"droga dojazdowa","kat":"powiatowa"},"geometry":{"type":"LineString","coordinates":[[19.07277,50.21749],[19.07269,50.21768]]}},{"type":"Feature","properties":{"numer":"6435S","klasa":"","kat":"powiatowa"},"geometry":{"type":"LineString","coordinates":[[19.06025,50.21759],[19.06104,50.21768]]}},{"type":"Feature","properties":{"numer":"100034S","klasa":"droga dojazdowa","kat":"powiatowa"},"geometry":{"type":"LineString","coordinates":[[19.07269,50.21768],[19.07267,50.21772]]}},{"type":"Feature","properties":{"numer":"100034S","klasa":"droga dojazdowa","kat":"powiatowa"},"geometry":{"type":"LineString","coordinates":[[19.07267,50.21772],[19.07256,50.218]]}},{"type":"Feature","properties":{"numer":"100034S","klasa":"droga dojazdowa","kat":"powiatowa"},"geometry":{"type":"LineString","coordinates":[[19.07256,50.218],[19.07247,50.21827]]}},{"type":"Feature","properties":{"numer":"6435S","klasa":"","kat":"powiatowa"},"geometry":{"type":"LineString","coordinates":[[19.06104,50.21768],[19.06851,50.21874]]}},{"type":"Feature","properties":{"numer":"100034S","klasa":"droga dojazdowa","kat":"powiatowa"},"geometry":{"type":"LineString","coordinates":[[19.07247,50.21827],[19.07241,50.21846]]}},{"type":"Feature","properties":{"numer":"100034S","klasa":"droga dojazdowa","kat":"powiatowa"},"geometry":{"type":"LineString","coordinates":[[19.07241,50.21846],[19.07238,50.21854]]}},{"type":"Feature","properties":{"numer":"100034S","klasa":"droga dojazdowa","kat":"powiatowa"},"geometry":{"type":"LineString","coordinates":[[19.07238,50.21854],[19.07229,50.2188]]}},{"type":"Feature","properties":{"numer":"6435S","klasa":"","kat":"powiatowa"},"geometry":{"type":"LineString","coordinates":[[19.06851,50.21874],[19.07213,50.21929]]}},{"type":"Feature","properties":{"numer":"100034S","klasa":"droga dojazdowa","kat":"powiatowa"},"geometry":{"type":"LineString","coordinates":[[19.07229,50.2188],[19.07213,50.21929]]}},{"type":"Feature","properties":{"numer":"6435S","klasa":"","kat":"powiatowa"},"geometry":{"type":"LineString","coordinates":[[19.07213,50.21929],[19.07484,50.21967]]}},{"type":"Feature","properties":{"numer":"A4,E40","klasa":"autostrada","kat":"krajowa"},"geometry":{"type":"LineString","coordinates":[[19.09607,50.22177],[19.09612827270806,50.22175251818758]]}},{"type":"Feature","properties":{"numer":"A4,E40","klasa":"autostrada","kat":"krajowa"},"geometry":{"type":"LineString","coordinates":[[19.08549,50.22513],[19.09607,50.22177]]}},{"type":"Feature","properties":{"numer":"6485S","klasa":"droga zbiorcza","kat":"powiatowa"},"geometry":{"type":"LineString","coordinates":[[19.0844,50.2282],[19.09689,50.23008]]}},{"type":"Feature","properties":{"numer":"6435S","klasa":"","kat":"powiatowa"},"geometry":{"type":"LineString","coordinates":[[19.07484,50.21967],[19.0765,50.21991]]}},{"type":"Feature","properties":{"numer":"6457S","klasa":"","kat":"powiatowa"},"geometry":{"type":"LineString","coordinates":[[19.0765,50.21991],[19.07633,50.2204]]}},{"type":"Feature","properties":{"numer":"6435S","klasa":"","kat":"powiatowa"},"geometry":{"type":"LineString","coordinates":[[19.0765,50.21991],[19.0868,50.22144]]}},{"type":"Feature","properties":{"numer":"6505S","klasa":"","kat":"powiatowa"},"geometry":{"type":"LineString","coordinates":[[19.06945,50.22371],[19.07025,50.2221],[19.07094,50.21988],[19.07213,50.21929]]}},{"type":"Feature","properties":{"numer":"6457S","klasa":"","kat":"powiatowa"},"geometry":{"type":"LineString","coordinates":[[19.07633,50.2204],[19.07492,50.22435]]}},{"type":"Feature","properties":{"numer":"100241S","klasa":"droga dojazdowa","kat":"powiatowa"},"geometry":{"type":"LineString","coordinates":[[19.06432,50.22317],[19.06458,50.2231],[19.06673,50.22331]]}},{"type":"Feature","properties":{"numer":"6417S","klasa":"","kat":"powiatowa"},"geometry":{"type":"LineString","coordinates":[[19.0868,50.22144],[19.08549,50.22513]]}},{"type":"Feature","properties":{"numer":"100241S","klasa":"droga dojazdowa","kat":"powiatowa"},"geometry":{"type":"LineString","coordinates":[[19.06673,50.22331],[19.06753,50.22341]]}},{"type":"Feature","properties":{"numer":"100241S","klasa":"droga dojazdowa","kat":"powiatowa"},"geometry":{"type":"LineString","coordinates":[[19.06753,50.22341],[19.06945,50.22371]]}},{"type":"Feature","properties":{"numer":"100072S","klasa":"droga dojazdowa","kat":"powiatowa"},"geometry":{"type":"LineString","coordinates":[[19.06432,50.22317],[19.06354,50.22402]]}},{"type":"Feature","properties":{"numer":"81","klasa":"droga gĹ‚Ăłwna","kat":"krajowa"},"geometry":{"type":"LineString","coordinates":[[18.97717,50.21373],[18.97654,50.21333]]}},{"type":"Feature","properties":{"numer":"81","klasa":"droga gĹ‚Ăłwna","kat":"krajowa"},"geometry":{"type":"LineString","coordinates":[[18.97808,50.21441],[18.97717,50.21373]]}},{"type":"Feature","properties":{"numer":"81","klasa":"droga gĹ‚Ăłwna","kat":"krajowa"},"geometry":{"type":"LineString","coordinates":[[18.97828,50.21456],[18.97808,50.21441]]}},{"type":"Feature","properties":{"numer":"81","klasa":"droga gĹ‚Ăłwna","kat":"krajowa"},"geometry":{"type":"LineString","coordinates":[[18.9801,50.21586],[18.97828,50.21456]]}},{"type":"Feature","properties":{"numer":"6442S","klasa":"droga zbiorcza","kat":"powiatowa"},"geometry":{"type":"LineString","coordinates":[[18.98977,50.21996],[18.98995,50.21489],[18.98965,50.21416],[18.98857,50.21303]]}},{"type":"Feature","properties":{"numer":"81","klasa":"droga gĹ‚Ăłwna","kat":"krajowa"},"geometry":{"type":"LineString","coordinates":[[18.98323,50.2183],[18.98205,50.21724],[18.9801,50.21586]]}},{"type":"Feature","properties":{"numer":"81","klasa":"droga gĹ‚Ăłwna","kat":"krajowa"},"geometry":{"type":"LineString","coordinates":[[18.98422,50.21923],[18.98323,50.2183]]}},{"type":"Feature","properties":{"numer":"81","klasa":"droga gĹ‚Ăłwna","kat":"krajowa"},"geometry":{"type":"LineString","coordinates":[[18.98449,50.21949],[18.98422,50.21923]]}},{"type":"Feature","properties":{"numer":"81","klasa":"droga gĹ‚Ăłwna","kat":"krajowa"},"geometry":{"type":"LineString","coordinates":[[18.98534,50.22027],[18.98449,50.21949]]}},{"type":"Feature","properties":{"numer":"6442S","klasa":"droga zbiorcza","kat":"powiatowa"},"geometry":{"type":"LineString","coordinates":[[18.98977,50.22029],[18.98977,50.21996]]}},{"type":"Feature","properties":{"numer":"6402S","klasa":"droga zbiorcza","kat":"powiatowa"},"geometry":{"type":"LineString","coordinates":[[18.97043,50.21727],[18.96949,50.21788]]}},{"type":"Feature","properties":{"numer":"6536S","klasa":"droga zbiorcza","kat":"powiatowa"},"geometry":{"type":"LineString","coordinates":[[18.95859,50.21863],[18.95747,50.21725]]}},{"type":"Feature","properties":{"numer":"6402S","klasa":"droga zbiorcza","kat":"powiatowa"},"geometry":{"type":"LineString","coordinates":[[18.96949,50.21788],[18.96923,50.21804]]}},{"type":"Feature","properties":{"numer":"6402S","klasa":"droga zbiorcza","kat":"powiatowa"},"geometry":{"type":"LineString","coordinates":[[18.96923,50.21804],[18.96887,50.21826]]}},{"type":"Feature","properties":{"numer":"6402S","klasa":"droga zbiorcza","kat":"powiatowa"},"geometry":{"type":"LineString","coordinates":[[18.96887,50.21826],[18.96832,50.21865]]}},{"type":"Feature","properties":{"numer":"100330S","klasa":"droga dojazdowa","kat":"powiatowa"},"geometry":{"type":"LineString","coordinates":[[18.97004,50.21921],[18.97015,50.21846],[18.96984,50.2181],[18.96949,50.21788]]}},{"type":"Feature","properties":{"numer":"6402S","klasa":"droga zbiorcza","kat":"powiatowa"},"geometry":{"type":"LineString","coordinates":[[18.96832,50.21865],[18.96818,50.21888]]}},{"type":"Feature","properties":{"numer":"6402S","klasa":"droga zbiorcza","kat":"powiatowa"},"geometry":{"type":"LineString","coordinates":[[18.96818,50.21888],[18.96817,50.21917]]}},{"type":"Feature","properties":{"numer":"6402S","klasa":"droga zbiorcza","kat":"powiatowa"},"geometry":{"type":"LineString","coordinates":[[18.96817,50.21917],[18.96824,50.21932]]}},{"type":"Feature","properties":{"numer":"6536S","klasa":"droga zbiorcza","kat":"powiatowa"},"geometry":{"type":"LineString","coordinates":[[18.95972,50.22002],[18.95859,50.21863]]}},{"type":"Feature","properties":{"numer":"100047S","klasa":"droga dojazdowa","kat":"powiatowa"},"geometry":{"type":"LineString","coordinates":[[19.01762,50.20478],[19.01709,50.20515]]}},{"type":"Feature","properties":{"numer":"100047S","klasa":"droga dojazdowa","kat":"powiatowa"},"geometry":{"type":"LineString","coordinates":[[19.01709,50.20515],[19.01401,50.20671]]}},{"type":"Feature","properties":{"numer":"100047S","klasa":"droga dojazdowa","kat":"powiatowa"},"geometry":{"type":"LineString","coordinates":[[19.01401,50.20671],[19.01313,50.20728],[19.01009,50.20887]]}},{"type":"Feature","properties":{"numer":"100047S","klasa":"droga dojazdowa","kat":"powiatowa"},"geometry":{"type":"LineString","coordinates":[[19.01009,50.20887],[19.00966,50.20909],[19.00774,50.20971]]}},{"type":"Feature","properties":{"numer":"100047S","klasa":"droga dojazdowa","kat":"powiatowa"},"geometry":{"type":"LineString","coordinates":[[19.00774,50.20971],[19.00655,50.21007],[19.0061,50.21007]]}},{"type":"Feature","properties":{"numer":"100047S","klasa":"droga dojazdowa","kat":"powiatowa"},"geometry":{"type":"LineString","coordinates":[[19.0061,50.21007],[19.00454,50.20984]]}},{"type":"Feature","properties":{"numer":"81","klasa":"droga gĹ‚Ăłwna","kat":"krajowa"},"geometry":{"type":"LineString","coordinates":[[19.00179,50.22226],[19.00507,50.22327],[19.02993,50.22742]]}},{"type":"Feature","properties":{"numer":"6428S","klasa":"droga zbiorcza","kat":"powiatowa"},"geometry":{"type":"LineString","coordinates":[[19.02625,50.23012],[19.02621,50.22998]]}},{"type":"Feature","properties":{"numer":"6428S","klasa":"droga zbiorcza","kat":"powiatowa"},"geometry":{"type":"LineString","coordinates":[[19.02577,50.23188],[19.02625,50.23012]]}},{"type":"Feature","properties":{"numer":"6558S","klasa":"","kat":"powiatowa"},"geometry":{"type":"LineString","coordinates":[[19.01192,50.23417],[19.01223,50.23311],[19.01245,50.23175],[19.01237,50.23168]]}},{"type":"Feature","properties":{"numer":"100649S","klasa":"droga dojazdowa","kat":"powiatowa"},"geometry":{"type":"LineString","coordinates":[[18.96842,50.21964],[18.97002,50.21932],[18.97004,50.21921]]}},{"type":"Feature","properties":{"numer":"6402S","klasa":"droga zbiorcza","kat":"powiatowa"},"geometry":{"type":"LineString","coordinates":[[18.96824,50.21932],[18.96842,50.21964]]}},{"type":"Feature","properties":{"numer":"6497S","klasa":"droga zbiorcza","kat":"powiatowa"},"geometry":{"type":"LineString","coordinates":[[18.96842,50.21964],[18.96892,50.22009]]}},{"type":"Feature","properties":{"numer":"6536S","klasa":"droga zbiorcza","kat":"powiatowa"},"geometry":{"type":"LineString","coordinates":[[18.95983,50.22014],[18.95972,50.22002]]}},{"type":"Feature","properties":{"numer":"6536S","klasa":"droga zbiorcza","kat":"powiatowa"},"geometry":{"type":"LineString","coordinates":[[18.95991,50.22024],[18.95983,50.22014]]}},{"type":"Feature","properties":{"numer":"6536S","klasa":"droga zbiorcza","kat":"powiatowa"},"geometry":{"type":"LineString","coordinates":[[18.96032,50.22061],[18.95991,50.22024]]}},{"type":"Feature","properties":{"numer":"6497S","klasa":"droga zbiorcza","kat":"powiatowa"},"geometry":{"type":"LineString","coordinates":[[18.96892,50.22009],[18.96936,50.22054],[18.96945,50.22091]]}},{"type":"Feature","properties":{"numer":"6536S","klasa":"droga zbiorcza","kat":"powiatowa"},"geometry":{"type":"LineString","coordinates":[[18.96053,50.22072],[18.96032,50.22061]]}},{"type":"Feature","properties":{"numer":"6536S","klasa":"droga zbiorcza","kat":"powiatowa"},"geometry":{"type":"LineString","coordinates":[[18.96184,50.2211],[18.96119,50.22097],[18.96053,50.22072]]}},{"type":"Feature","properties":{"numer":"6536S","klasa":"droga zbiorcza","kat":"powiatowa"},"geometry":{"type":"LineString","coordinates":[[18.96945,50.22091],[18.96592,50.22095],[18.9645,50.22115]]}},{"type":"Feature","properties":{"numer":"6442S","klasa":"droga zbiorcza","kat":"powiatowa"},"geometry":{"type":"LineString","coordinates":[[18.9897,50.22084],[18.98977,50.22029]]}},{"type":"Feature","properties":{"numer":"81","klasa":"droga gĹ‚Ăłwna","kat":"krajowa"},"geometry":{"type":"LineString","coordinates":[[18.99268,50.22117],[18.99507,50.22052],[18.99552,50.22046],[18.99625,50.22052],[18.99781,50.221]]}},{"type":"Feature","properties":{"numer":"81","klasa":"droga gĹ‚Ăłwna","kat":"krajowa"},"geometry":{"type":"LineString","coordinates":[[18.98692,50.22153],[18.98534,50.22027]]}},{"type":"Feature","properties":{"numer":"81","klasa":"droga gĹ‚Ăłwna","kat":"krajowa"},"geometry":{"type":"LineString","coordinates":[[18.99137,50.22153],[18.99268,50.22117]]}},{"type":"Feature","properties":{"numer":"6442S","klasa":"droga zbiorcza","kat":"powiatowa"},"geometry":{"type":"LineString","coordinates":[[18.98938,50.22209],[18.9897,50.22084]]}},{"type":"Feature","properties":{"numer":"81","klasa":"droga gĹ‚Ăłwna","kat":"krajowa"},"geometry":{"type":"LineString","coordinates":[[18.99112,50.2216],[18.99137,50.22153]]}},{"type":"Feature","properties":{"numer":"81","klasa":"droga gĹ‚Ăłwna","kat":"krajowa"},"geometry":{"type":"LineString","coordinates":[[18.99781,50.221],[19.00179,50.22226]]}},{"type":"Feature","properties":{"numer":"81","klasa":"droga gĹ‚Ăłwna","kat":"krajowa"},"geometry":{"type":"LineString","coordinates":[[18.98938,50.22209],[18.99112,50.2216]]}},{"type":"Feature","properties":{"numer":"81","klasa":"droga gĹ‚Ăłwna","kat":"krajowa"},"geometry":{"type":"LineString","coordinates":[[18.9878,50.2222],[18.98692,50.22153]]}},{"type":"Feature","properties":{"numer":"81","klasa":"droga gĹ‚Ăłwna","kat":"krajowa"},"geometry":{"type":"LineString","coordinates":[[18.9881,50.22244],[18.98938,50.22209]]}},{"type":"Feature","properties":{"numer":"6576S","klasa":"droga zbiorcza","kat":"powiatowa"},"geometry":{"type":"LineString","coordinates":[[18.99435,50.22338],[18.9934,50.22223],[18.99268,50.22117]]}},{"type":"Feature","properties":{"numer":"81","klasa":"droga gĹ‚Ăłwna","kat":"krajowa"},"geometry":{"type":"LineString","coordinates":[[18.9881,50.22244],[18.9878,50.2222]]}},{"type":"Feature","properties":{"numer":"6458S","klasa":"droga zbiorcza","kat":"powiatowa"},"geometry":{"type":"LineString","coordinates":[[18.98838,50.22266],[18.9881,50.22244]]}},{"type":"Feature","properties":{"numer":"6452S","klasa":"droga zbiorcza","kat":"powiatowa"},"geometry":{"type":"LineString","coordinates":[[18.98666,50.22284],[18.9881,50.22244]]}},{"type":"Feature","properties":{"numer":"6452S","klasa":"droga zbiorcza","kat":"powiatowa"},"geometry":{"type":"LineString","coordinates":[[18.98666,50.22284],[18.9862,50.22295]]}},{"type":"Feature","properties":{"numer":"6452S","klasa":"droga zbiorcza","kat":"powiatowa"},"geometry":{"type":"LineString","coordinates":[[18.9862,50.22295],[18.98555,50.22312]]}},{"type":"Feature","properties":{"numer":"6458S","klasa":"droga zbiorcza","kat":"powiatowa"},"geometry":{"type":"LineString","coordinates":[[18.98961,50.2236],[18.98838,50.22266]]}},{"type":"Feature","properties":{"numer":"6452S","klasa":"droga zbiorcza","kat":"powiatowa"},"geometry":{"type":"LineString","coordinates":[[18.98555,50.22312],[18.98464,50.22334]]}},{"type":"Feature","properties":{"numer":"6576S","klasa":"droga zbiorcza","kat":"powiatowa"},"geometry":{"type":"LineString","coordinates":[[18.99448,50.22354],[18.99435,50.22338]]}},{"type":"Feature","properties":{"numer":"6452S","klasa":"droga zbiorcza","kat":"powiatowa"},"geometry":{"type":"LineString","coordinates":[[18.98464,50.22334],[18.98444,50.22341],[18.98423,50.22363]]}},{"type":"Feature","properties":{"numer":"6536S","klasa":"droga zbiorcza","kat":"powiatowa"},"geometry":{"type":"LineString","coordinates":[[18.9645,50.22115],[18.96184,50.2211]]}},{"type":"Feature","properties":{"numer":"6475S","klasa":"droga zbiorcza","kat":"powiatowa"},"geometry":{"type":"LineString","coordinates":[[18.95889,50.22185],[18.95917,50.22138],[18.96032,50.22061]]}},{"type":"Feature","properties":{"numer":"6497S","klasa":"droga zbiorcza","kat":"powiatowa"},"geometry":{"type":"LineString","coordinates":[[18.96945,50.22091],[18.96952,50.22164]]}},{"type":"Feature","properties":{"numer":"6497S","klasa":"droga zbiorcza","kat":"powiatowa"},"geometry":{"type":"LineString","coordinates":[[18.96952,50.22164],[18.96959,50.22237]]}},{"type":"Feature","properties":{"numer":"6497S","klasa":"droga zbiorcza","kat":"powiatowa"},"geometry":{"type":"LineString","coordinates":[[18.96959,50.22237],[18.96967,50.22325]]}},{"type":"Feature","properties":{"numer":"6475S","klasa":"droga zbiorcza","kat":"powiatowa"},"geometry":{"type":"LineString","coordinates":[[18.95784,50.22392],[18.95889,50.22185]]}},{"type":"Feature","properties":{"numer":"6497S","klasa":"droga zbiorcza","kat":"powiatowa"},"geometry":{"type":"LineString","coordinates":[[18.96967,50.22325],[18.96974,50.224]]}},{"type":"Feature","properties":{"numer":"6475S","klasa":"droga zbiorcza","kat":"powiatowa"},"geometry":{"type":"LineString","coordinates":[[18.95782,50.22402],[18.95784,50.22392]]}},{"type":"Feature","properties":{"numer":"6475S","klasa":"droga zbiorcza","kat":"powiatowa"},"geometry":{"type":"LineString","coordinates":[[18.95777,50.22455],[18.95782,50.22402]]}},{"type":"Feature","properties":{"numer":"6497S","klasa":"droga zbiorcza","kat":"powiatowa"},"geometry":{"type":"LineString","coordinates":[[18.96974,50.224],[18.96988,50.22531]]}},{"type":"Feature","properties":{"numer":"6452S","klasa":"droga zbiorcza","kat":"powiatowa"},"geometry":{"type":"LineString","coordinates":[[18.98389,50.2238],[18.98414,50.22379]]}},{"type":"Feature","properties":{"numer":"6452S","klasa":"droga zbiorcza","kat":"powiatowa"},"geometry":{"type":"LineString","coordinates":[[18.98347,50.22385],[18.98389,50.2238]]}},{"type":"Feature","properties":{"numer":"6458S","klasa":"droga zbiorcza","kat":"powiatowa"},"geometry":{"type":"LineString","coordinates":[[18.98961,50.2236],[18.99052,50.22425]]}},{"type":"Feature","properties":{"numer":"6576S","klasa":"droga zbiorcza","kat":"powiatowa"},"geometry":{"type":"LineString","coordinates":[[18.99524,50.22452],[18.99448,50.22354]]}},{"type":"Feature","properties":{"numer":"6442S","klasa":"droga zbiorcza","kat":"powiatowa"},"geometry":{"type":"LineString","coordinates":[[18.99425,50.22642],[18.99297,50.22515],[18.9916,50.22448],[18.9908,50.22392],[18.98992,50.22303],[18.98955,50.22252],[18.98938,50.22209]]}},{"type":"Feature","properties":{"numer":"6458S","klasa":"droga zbiorcza","kat":"powiatowa"},"geometry":{"type":"LineString","coordinates":[[18.99052,50.22425],[18.99095,50.22456]]}},{"type":"Feature","properties":{"numer":"6576S","klasa":"droga zbiorcza","kat":"powiatowa"},"geometry":{"type":"LineString","coordinates":[[18.99548,50.22518],[18.99524,50.22452]]}},{"type":"Feature","properties":{"numer":"6458S","klasa":"droga zbiorcza","kat":"powiatowa"},"geometry":{"type":"LineString","coordinates":[[18.99095,50.22456],[18.99285,50.22606],[18.99335,50.22657]]}},{"type":"Feature","properties":{"numer":"6576S","klasa":"droga zbiorcza","kat":"powiatowa"},"geometry":{"type":"LineString","coordinates":[[18.99425,50.22642],[18.99475,50.22621],[18.9952,50.22585],[18.99548,50.22518]]}},{"type":"Feature","properties":{"numer":"6452S","klasa":"droga zbiorcza","kat":"powiatowa"},"geometry":{"type":"LineString","coordinates":[[18.97815,50.22775],[18.97961,50.22587],[18.97998,50.22559],[18.98137,50.22479],[18.98347,50.22385]]}},{"type":"Feature","properties":{"numer":"6475S","klasa":"droga zbiorcza","kat":"powiatowa"},"geometry":{"type":"LineString","coordinates":[[18.9578,50.225],[18.95777,50.22455]]}},{"type":"Feature","properties":{"numer":"6494S","klasa":"droga zbiorcza","kat":"powiatowa"},"geometry":{"type":"LineString","coordinates":[[18.96616,50.22495],[18.9653,50.22515]]}},{"type":"Feature","properties":{"numer":"6494S","klasa":"droga zbiorcza","kat":"powiatowa"},"geometry":{"type":"LineString","coordinates":[[18.9683,50.22549],[18.96616,50.22495]]}},{"type":"Feature","properties":{"numer":"6494S","klasa":"droga zbiorcza","kat":"powiatowa"},"geometry":{"type":"LineString","coordinates":[[18.9653,50.22515],[18.96422,50.22542]]}},{"type":"Feature","properties":{"numer":"6494S","klasa":"droga zbiorcza","kat":"powiatowa"},"geometry":{"type":"LineString","coordinates":[[18.96897,50.22572],[18.9683,50.22549]]}},{"type":"Feature","properties":{"numer":"6497S","klasa":"droga zbiorcza","kat":"powiatowa"},"geometry":{"type":"LineString","coordinates":[[18.96988,50.22531],[18.96994,50.22609]]}},{"type":"Feature","properties":{"numer":"6494S","klasa":"droga zbiorcza","kat":"powiatowa"},"geometry":{"type":"LineString","coordinates":[[18.96994,50.22609],[18.96897,50.22572]]}},{"type":"Feature","properties":{"numer":"6494S","klasa":"droga zbiorcza","kat":"powiatowa"},"geometry":{"type":"LineString","coordinates":[[18.96422,50.22542],[18.96316,50.22574],[18.96196,50.22621],[18.96123,50.22666]]}},{"type":"Feature","properties":{"numer":"6494S","klasa":"droga zbiorcza","kat":"powiatowa"},"geometry":{"type":"LineString","coordinates":[[18.97473,50.2261],[18.97287,50.22615],[18.96994,50.22609]]}},{"type":"Feature","properties":{"numer":"6475S","klasa":"droga zbiorcza","kat":"powiatowa"},"geometry":{"type":"LineString","coordinates":[[18.95956,50.22753],[18.95833,50.22625],[18.95786,50.22539],[18.9578,50.225]]}},{"type":"Feature","properties":{"numer":"6494S","klasa":"droga zbiorcza","kat":"powiatowa"},"geometry":{"type":"LineString","coordinates":[[18.97532,50.22609],[18.97473,50.2261]]}},{"type":"Feature","properties":{"numer":"6494S","klasa":"droga zbiorcza","kat":"powiatowa"},"geometry":{"type":"LineString","coordinates":[[18.97587,50.22614],[18.97532,50.22609]]}},{"type":"Feature","properties":{"numer":"6494S","klasa":"droga zbiorcza","kat":"powiatowa"},"geometry":{"type":"LineString","coordinates":[[18.97613,50.22621],[18.97587,50.22614]]}},{"type":"Feature","properties":{"numer":"6494S","klasa":"droga zbiorcza","kat":"powiatowa"},"geometry":{"type":"LineString","coordinates":[[18.97613,50.22621],[18.97674,50.22637]]}},{"type":"Feature","properties":{"numer":"6494S","klasa":"droga zbiorcza","kat":"powiatowa"},"geometry":{"type":"LineString","coordinates":[[18.97691,50.22647],[18.97689,50.22638],[18.97674,50.22637]]}},{"type":"Feature","properties":{"numer":"6576S","klasa":"droga zbiorcza","kat":"powiatowa"},"geometry":{"type":"LineString","coordinates":[[18.99335,50.22657],[18.99425,50.22642]]}},{"type":"Feature","properties":{"numer":"6494S","klasa":"","kat":"powiatowa"},"geometry":{"type":"LineString","coordinates":[[18.97697,50.22665],[18.97691,50.22647]]}},{"type":"Feature","properties":{"numer":"6449S","klasa":"","kat":"powiatowa"},"geometry":{"type":"LineString","coordinates":[[18.99257,50.22661],[18.99335,50.22657]]}},{"type":"Feature","properties":{"numer":"6449S","klasa":"","kat":"powiatowa"},"geometry":{"type":"LineString","coordinates":[[18.99121,50.22667],[18.99257,50.22661]]}},{"type":"Feature","properties":{"numer":"100485S","klasa":"","kat":"powiatowa"},"geometry":{"type":"LineString","coordinates":[[18.99257,50.22661],[18.99288,50.22697]]}},{"type":"Feature","properties":{"numer":"100072S","klasa":"droga dojazdowa","kat":"powiatowa"},"geometry":{"type":"LineString","coordinates":[[19.06354,50.22402],[19.06344,50.22436]]}},{"type":"Feature","properties":{"numer":"6505S","klasa":"","kat":"powiatowa"},"geometry":{"type":"LineString","coordinates":[[19.06929,50.2247],[19.06945,50.22371]]}},{"type":"Feature","properties":{"numer":"100072S","klasa":"droga dojazdowa","kat":"powiatowa"},"geometry":{"type":"LineString","coordinates":[[19.06344,50.22436],[19.06345,50.2244]]}},{"type":"Feature","properties":{"numer":"100072S","klasa":"droga dojazdowa","kat":"powiatowa"},"geometry":{"type":"LineString","coordinates":[[19.06345,50.2244],[19.06351,50.2247]]}},{"type":"Feature","properties":{"numer":"6485S","klasa":"droga zbiorcza","kat":"powiatowa"},"geometry":{"type":"LineString","coordinates":[[19.05931,50.2244],[19.05947,50.22448],[19.06197,50.22486],[19.06218,50.22498]]}},{"type":"Feature","properties":{"numer":"6505S","klasa":"","kat":"powiatowa"},"geometry":{"type":"LineString","coordinates":[[19.06924,50.22487],[19.06929,50.2247]]}},{"type":"Feature","properties":{"numer":"6485S","klasa":"droga zbiorcza","kat":"powiatowa"},"geometry":{"type":"LineString","coordinates":[[19.06218,50.22498],[19.06277,50.22499]]}},{"type":"Feature","properties":{"numer":"6485S","klasa":"droga zbiorcza","kat":"powiatowa"},"geometry":{"type":"LineString","coordinates":[[19.06277,50.22499],[19.06337,50.22508]]}},{"type":"Feature","properties":{"numer":"100817S","klasa":"droga dojazdowa","kat":"powiatowa"},"geometry":{"type":"LineString","coordinates":[[19.06184,50.22514],[19.06218,50.22498]]}},{"type":"Feature","properties":{"numer":"6505S","klasa":"","kat":"powiatowa"},"geometry":{"type":"LineString","coordinates":[[19.069,50.22564],[19.06924,50.22487]]}},{"type":"Feature","properties":{"numer":"6457S","klasa":"","kat":"powiatowa"},"geometry":{"type":"LineString","coordinates":[[19.07492,50.22435],[19.07425,50.22625]]}},{"type":"Feature","properties":{"numer":"6485S","klasa":"droga zbiorcza","kat":"powiatowa"},"geometry":{"type":"LineString","coordinates":[[19.06337,50.22508],[19.06697,50.22559]]}},{"type":"Feature","properties":{"numer":"100817S","klasa":"droga dojazdowa","kat":"powiatowa"},"geometry":{"type":"LineString","coordinates":[[19.06095,50.22577],[19.06184,50.22514]]}},{"type":"Feature","properties":{"numer":"6417S","klasa":"","kat":"powiatowa"},"geometry":{"type":"LineString","coordinates":[[19.08549,50.22513],[19.08524,50.22584]]}},{"type":"Feature","properties":{"numer":"6485S","klasa":"droga zbiorcza","kat":"powiatowa"},"geometry":{"type":"LineString","coordinates":[[19.06697,50.22559],[19.06888,50.22589]]}},{"type":"Feature","properties":{"numer":"6505S","klasa":"","kat":"powiatowa"},"geometry":{"type":"LineString","coordinates":[[19.06888,50.22589],[19.069,50.22564]]}},{"type":"Feature","properties":{"numer":"100817S","klasa":"","kat":"powiatowa"},"geometry":{"type":"LineString","coordinates":[[19.06095,50.22577],[19.06041,50.22606]]}},{"type":"Feature","properties":{"numer":"6485S","klasa":"droga zbiorcza","kat":"powiatowa"},"geometry":{"type":"LineString","coordinates":[[19.06888,50.22589],[19.07242,50.22642]]}},{"type":"Feature","properties":{"numer":"A4,E40","klasa":"autostrada","kat":"krajowa"},"geometry":{"type":"LineString","coordinates":[[19.07852,50.2273],[19.08549,50.22513]]}},{"type":"Feature","properties":{"numer":"6417S","klasa":"","kat":"powiatowa"},"geometry":{"type":"LineString","coordinates":[[19.08524,50.22584],[19.08495,50.22666]]}},{"type":"Feature","properties":{"numer":"86","klasa":"droga gĹ‚Ăłwna","kat":"krajowa"},"geometry":{"type":"LineString","coordinates":[[19.05776,50.22541],[19.05765,50.22576]]}},{"type":"Feature","properties":{"numer":"81","klasa":"droga gĹ‚Ăłwna","kat":"krajowa"},"geometry":{"type":"LineString","coordinates":[[19.0565,50.22599],[19.05655,50.22583],[19.05672,50.22574],[19.05714,50.2257],[19.05765,50.22576]]}},{"type":"Feature","properties":{"numer":"81","klasa":"droga gĹ‚Ăłwna","kat":"krajowa"},"geometry":{"type":"LineString","coordinates":[[19.05652,50.22626],[19.0565,50.22599]]}},{"type":"Feature","properties":{"numer":"86","klasa":"droga gĹ‚Ăłwna","kat":"krajowa"},"geometry":{"type":"LineString","coordinates":[[19.05765,50.22576],[19.05742,50.22653]]}},{"type":"Feature","properties":{"numer":"100817S","klasa":"","kat":"powiatowa"},"geometry":{"type":"LineString","coordinates":[[19.06041,50.22606],[19.05843,50.22658]]}},{"type":"Feature","properties":{"numer":"100817S","klasa":"","kat":"powiatowa"},"geometry":{"type":"LineString","coordinates":[[19.05843,50.22658],[19.05811,50.22661],[19.05742,50.22653]]}},{"type":"Feature","properties":{"numer":"81","klasa":"droga gĹ‚Ăłwna","kat":"krajowa"},"geometry":{"type":"LineString","coordinates":[[19.05632,50.22721],[19.05652,50.22626]]}},{"type":"Feature","properties":{"numer":"100817S","klasa":"","kat":"powiatowa"},"geometry":{"type":"LineString","coordinates":[[19.05843,50.22704],[19.05851,50.22677],[19.05843,50.22658]]}},{"type":"Feature","properties":{"numer":"86","klasa":"droga gĹ‚Ăłwna","kat":"krajowa"},"geometry":{"type":"LineString","coordinates":[[19.05742,50.22653],[19.05711,50.22738]]}},{"type":"Feature","properties":{"numer":"100817S","klasa":"droga dojazdowa","kat":"powiatowa"},"geometry":{"type":"LineString","coordinates":[[19.05823,50.22723],[19.05843,50.22704]]}},{"type":"Feature","properties":{"numer":"6457S","klasa":"","kat":"powiatowa"},"geometry":{"type":"LineString","coordinates":[[19.07425,50.22625],[19.07411,50.22666]]}},{"type":"Feature","properties":{"numer":"6485S","klasa":"droga zbiorcza","kat":"powiatowa"},"geometry":{"type":"LineString","coordinates":[[19.07242,50.22642],[19.07411,50.22666]]}},{"type":"Feature","properties":{"numer":"6534S","klasa":"droga zbiorcza","kat":"powiatowa"},"geometry":{"type":"LineString","coordinates":[[19.06888,50.22589],[19.06839,50.22719]]}},{"type":"Feature","properties":{"numer":"6485S","klasa":"droga zbiorcza","kat":"powiatowa"},"geometry":{"type":"LineString","coordinates":[[19.07411,50.22666],[19.07448,50.22671]]}},{"type":"Feature","properties":{"numer":"6485S","klasa":"droga zbiorcza","kat":"powiatowa"},"geometry":{"type":"LineString","coordinates":[[19.07448,50.22671],[19.07576,50.2269]]}},{"type":"Feature","properties":{"numer":"6485S","klasa":"droga zbiorcza","kat":"powiatowa"},"geometry":{"type":"LineString","coordinates":[[19.07576,50.2269],[19.07767,50.22717]]}},{"type":"Feature","properties":{"numer":"6485S","klasa":"droga zbiorcza","kat":"powiatowa"},"geometry":{"type":"LineString","coordinates":[[19.07767,50.22717],[19.07852,50.2273]]}},{"type":"Feature","properties":{"numer":"6485S","klasa":"droga zbiorcza","kat":"powiatowa"},"geometry":{"type":"LineString","coordinates":[[19.07852,50.2273],[19.07941,50.22744]]}},{"type":"Feature","properties":{"numer":"6417S","klasa":"","kat":"powiatowa"},"geometry":{"type":"LineString","coordinates":[[19.08495,50.22666],[19.0844,50.2282]]}},{"type":"Feature","properties":{"numer":"6534S","klasa":"droga zbiorcza","kat":"powiatowa"},"geometry":{"type":"LineString","coordinates":[[19.06813,50.2279],[19.06839,50.22719]]}},{"type":"Feature","properties":{"numer":"100817S","klasa":"droga dojazdowa","kat":"powiatowa"},"geometry":{"type":"LineString","coordinates":[[19.05632,50.22721],[19.0564,50.22722]]}},{"type":"Feature","properties":{"numer":"100817S","klasa":"droga dojazdowa","kat":"powiatowa"},"geometry":{"type":"LineString","coordinates":[[19.0564,50.22722],[19.05687,50.22733]]}},{"type":"Feature","properties":{"numer":"100817S","klasa":"droga dojazdowa","kat":"powiatowa"},"geometry":{"type":"LineString","coordinates":[[19.05759,50.22742],[19.05823,50.22723]]}},{"type":"Feature","properties":{"numer":"100817S","klasa":"droga dojazdowa","kat":"powiatowa"},"geometry":{"type":"LineString","coordinates":[[19.05687,50.22733],[19.05711,50.22738]]}},{"type":"Feature","properties":{"numer":"100817S","klasa":"droga dojazdowa","kat":"powiatowa"},"geometry":{"type":"LineString","coordinates":[[19.05711,50.22738],[19.05759,50.22742]]}},{"type":"Feature","properties":{"numer":"81","klasa":"droga gĹ‚Ăłwna","kat":"krajowa"},"geometry":{"type":"LineString","coordinates":[[19.05599,50.2282],[19.05632,50.22721]]}},{"type":"Feature","properties":{"numer":"81","klasa":"droga gĹ‚Ăłwna","kat":"krajowa"},"geometry":{"type":"LineString","coordinates":[[19.02993,50.22742],[19.04151,50.22908]]}},{"type":"Feature","properties":{"numer":"81","klasa":"droga gĹ‚Ăłwna","kat":"krajowa"},"geometry":{"type":"LineString","coordinates":[[19.05553,50.22959],[19.05599,50.2282]]}},{"type":"Feature","properties":{"numer":"86","klasa":"droga gĹ‚Ăłwna","kat":"krajowa"},"geometry":{"type":"LineString","coordinates":[[19.05711,50.22738],[19.05601,50.23055]]}},{"type":"Feature","properties":{"numer":"81","klasa":"droga gĹ‚Ăłwna","kat":"krajowa"},"geometry":{"type":"LineString","coordinates":[[19.04151,50.22908],[19.04263,50.22924]]}},{"type":"Feature","properties":{"numer":"6485S","klasa":"droga zbiorcza","kat":"powiatowa"},"geometry":{"type":"LineString","coordinates":[[19.09689,50.23008],[19.09913,50.23041]]}},{"type":"Feature","properties":{"numer":"6485S","klasa":"droga zbiorcza","kat":"powiatowa"},"geometry":{"type":"LineString","coordinates":[[19.09913,50.23041],[19.09934,50.23046]]}},{"type":"Feature","properties":{"numer":"8804S","klasa":"droga gĹ‚Ăłwna","kat":"powiatowa"},"geometry":{"type":"LineString","coordinates":[[19.09934,50.23046],[19.099481251366868,50.23049852310005]]}},{"type":"Feature","properties":{"numer":"6485S","klasa":"droga zbiorcza","kat":"powiatowa"},"geometry":{"type":"LineString","coordinates":[[19.07941,50.22744],[19.0844,50.2282]]}},{"type":"Feature","properties":{"numer":"6534S","klasa":"droga zbiorcza","kat":"powiatowa"},"geometry":{"type":"LineString","coordinates":[[19.06805,50.22812],[19.06813,50.2279]]}},{"type":"Feature","properties":{"numer":"A4,E40","klasa":"autostrada","kat":"krajowa"},"geometry":{"type":"LineString","coordinates":[[19.06832,50.23054],[19.07852,50.2273]]}},{"type":"Feature","properties":{"numer":"6534S","klasa":"droga zbiorcza","kat":"powiatowa"},"geometry":{"type":"LineString","coordinates":[[19.06805,50.22812],[19.06786,50.22898],[19.06832,50.23011]]}},{"type":"Feature","properties":{"numer":"6534S","klasa":"droga zbiorcza","kat":"powiatowa"},"geometry":{"type":"LineString","coordinates":[[19.06832,50.23011],[19.06832,50.23054]]}},{"type":"Feature","properties":{"numer":"6534S","klasa":"droga zbiorcza","kat":"powiatowa"},"geometry":{"type":"LineString","coordinates":[[19.06832,50.23054],[19.06803,50.23105]]}},{"type":"Feature","properties":{"numer":"6534S","klasa":"droga zbiorcza","kat":"powiatowa"},"geometry":{"type":"LineString","coordinates":[[19.06803,50.23105],[19.06693,50.23178],[19.06666,50.23209]]}},{"type":"Feature","properties":{"numer":"6534S","klasa":"droga zbiorcza","kat":"powiatowa"},"geometry":{"type":"LineString","coordinates":[[19.06666,50.23209],[19.06641,50.23274],[19.06659,50.23304],[19.07186,50.2348],[19.07524,50.23776],[19.07758,50.23914],[19.07793,50.23948]]}},{"type":"Feature","properties":{"numer":"A4,E40","klasa":"autostrada","kat":"krajowa"},"geometry":{"type":"LineString","coordinates":[[19.05214,50.2416],[19.05357,50.24125],[19.0554,50.24062],[19.05779,50.23936],[19.05909,50.23834],[19.05996,50.23743],[19.06246,50.23411],[19.06345,50.23315],[19.06486,50.2321],[19.06555,50.2317],[19.06708,50.23099],[19.06832,50.23054]]}},{"type":"Feature","properties":{"numer":"6534S","klasa":"droga zbiorcza","kat":"powiatowa"},"geometry":{"type":"LineString","coordinates":[[19.07793,50.23948],[19.07798,50.23958]]}},{"type":"Feature","properties":{"numer":"81","klasa":"droga gĹ‚Ăłwna","kat":"krajowa"},"geometry":{"type":"LineString","coordinates":[[19.04263,50.22924],[19.04684,50.2298],[19.0497,50.23007]]}},{"type":"Feature","properties":{"numer":"81","klasa":"droga gĹ‚Ăłwna","kat":"krajowa"},"geometry":{"type":"LineString","coordinates":[[19.05547,50.22973],[19.05553,50.22959]]}},{"type":"Feature","properties":{"numer":"81","klasa":"droga gĹ‚Ăłwna","kat":"krajowa"},"geometry":{"type":"LineString","coordinates":[[19.05473,50.23035],[19.05515,50.23008],[19.05547,50.22973]]}},{"type":"Feature","properties":{"numer":"81","klasa":"droga gĹ‚Ăłwna","kat":"krajowa"},"geometry":{"type":"LineString","coordinates":[[19.0497,50.23007],[19.05045,50.23015]]}},{"type":"Feature","properties":{"numer":"81","klasa":"droga gĹ‚Ăłwna","kat":"krajowa"},"geometry":{"type":"LineString","coordinates":[[19.05045,50.23015],[19.05262,50.23059],[19.05369,50.23057],[19.05473,50.23035]]}},{"type":"Feature","properties":{"numer":"81","klasa":"droga gĹ‚Ăłwna","kat":"krajowa"},"geometry":{"type":"LineString","coordinates":[[19.05601,50.23055],[19.05326,50.23079],[19.0526,50.23079],[19.0516,50.23059],[19.05057,50.23025],[19.0497,50.23007]]}},{"type":"Feature","properties":{"numer":"86","klasa":"droga gĹ‚Ăłwna","kat":"krajowa"},"geometry":{"type":"LineString","coordinates":[[19.05514,50.23332],[19.05601,50.23055]]}},{"type":"Feature","properties":{"numer":"86","klasa":"droga gĹ‚Ăłwna","kat":"krajowa"},"geometry":{"type":"LineString","coordinates":[[19.05429,50.23565],[19.05514,50.23332]]}},{"type":"Feature","properties":{"numer":"86","klasa":"droga gĹ‚Ăłwna","kat":"krajowa"},"geometry":{"type":"LineString","coordinates":[[19.05214,50.2416],[19.05429,50.23565]]}},{"type":"Feature","properties":{"numer":"6467S","klasa":"droga zbiorcza","kat":"powiatowa"},"geometry":{"type":"LineString","coordinates":[[19.03283,50.24146],[19.03456,50.2417]]}},{"type":"Feature","properties":{"numer":"6490S","klasa":"droga gĹ‚Ăłwna ruchu przyĹ›pieszonego","kat":"powiatowa"},"geometry":{"type":"LineString","coordinates":[[19.1026,50.23921],[19.102789675541537,50.23912831082872]]}},{"type":"Feature","properties":{"numer":"240038S","klasa":"","kat":"powiatowa"},"geometry":{"type":"LineString","coordinates":[[19.1026,50.23921],[19.102863532332,50.2393209609819]]}},{"type":"Feature","properties":{"numer":"6490S","klasa":"droga gĹ‚Ăłwna ruchu przyĹ›pieszonego","kat":"powiatowa"},"geometry":{"type":"LineString","coordinates":[[19.10174,50.23965],[19.1026,50.23921]]}},{"type":"Feature","properties":{"numer":"6467S","klasa":"droga zbiorcza","kat":"powiatowa"},"geometry":{"type":"LineString","coordinates":[[19.03456,50.2417],[19.0396,50.24244]]}},{"type":"Feature","properties":{"numer":"6467S","klasa":"droga zbiorcza","kat":"powiatowa"},"geometry":{"type":"LineString","coordinates":[[19.0396,50.24244],[19.0406,50.24261]]}},{"type":"Feature","properties":{"numer":"6467S","klasa":"droga zbiorcza","kat":"powiatowa"},"geometry":{"type":"LineString","coordinates":[[19.0406,50.24261],[19.04259,50.2429]]}},{"type":"Feature","properties":{"numer":"A4,E40","klasa":"autostrada","kat":"krajowa"},"geometry":{"type":"LineString","coordinates":[[19.03994,50.24412],[19.05214,50.2416]]}},{"type":"Feature","properties":{"numer":"6508S","klasa":"droga zbiorcza","kat":"powiatowa"},"geometry":{"type":"LineString","coordinates":[[19.0396,50.24244],[19.03979,50.24345]]}},{"type":"Feature","properties":{"numer":"6433S","klasa":"droga zbiorcza","kat":"powiatowa"},"geometry":{"type":"LineString","coordinates":[[19.06417,50.23907],[19.06279,50.24292],[19.06154,50.24602],[19.06132,50.24609],[19.06099,50.24599],[19.06001,50.24544],[19.05293,50.24441],[19.05237,50.24442],[19.05168,50.24464],[19.05137,50.24491],[19.05055,50.24703]]}},{"type":"Feature","properties":{"numer":"6508S","klasa":"droga zbiorcza","kat":"powiatowa"},"geometry":{"type":"LineString","coordinates":[[19.03979,50.24345],[19.03984,50.24369]]}},{"type":"Feature","properties":{"numer":"6508S","klasa":"droga zbiorcza","kat":"powiatowa"},"geometry":{"type":"LineString","coordinates":[[19.03984,50.24369],[19.03994,50.24412]]}},{"type":"Feature","properties":{"numer":"6489S","klasa":"","kat":"powiatowa"},"geometry":{"type":"LineString","coordinates":[[19.03598,50.24498],[19.03645,50.24503]]}},{"type":"Feature","properties":{"numer":"A4,E40","klasa":"autostrada","kat":"krajowa"},"geometry":{"type":"LineString","coordinates":[[19.02824,50.24594],[19.03037,50.24577],[19.03342,50.24536],[19.03994,50.24412]]}},{"type":"Feature","properties":{"numer":"6490S","klasa":"droga zbiorcza","kat":"powiatowa"},"geometry":{"type":"LineString","coordinates":[[19.10174,50.23965],[19.10104,50.2403],[19.10058,50.24109],[19.10033,50.2433],[19.10046,50.24384]]}},{"type":"Feature","properties":{"numer":"8807S","klasa":"droga zbiorcza","kat":"powiatowa"},"geometry":{"type":"LineString","coordinates":[[19.1019803271028,50.2429620293725],[19.10171,50.24341]]}},{"type":"Feature","properties":{"numer":"6437S","klasa":"droga zbiorcza","kat":"powiatowa"},"geometry":{"type":"LineString","coordinates":[[18.935249815490366,50.18153486990865],[18.93641,50.18182]]}},{"type":"Feature","properties":{"numer":"6437S","klasa":"droga zbiorcza","kat":"powiatowa"},"geometry":{"type":"LineString","coordinates":[[18.93641,50.18182],[18.93802,50.18222]]}},{"type":"Feature","properties":{"numer":"6437S","klasa":"droga zbiorcza","kat":"powiatowa"},"geometry":{"type":"LineString","coordinates":[[18.93802,50.18222],[18.93926,50.1824],[18.94061,50.18245]]}},{"type":"Feature","properties":{"numer":"6437S","klasa":"droga zbiorcza","kat":"powiatowa"},"geometry":{"type":"LineString","coordinates":[[18.94061,50.18245],[18.94116,50.18246]]}},{"type":"Feature","properties":{"numer":"100611S","klasa":"droga lokalna","kat":"powiatowa"},"geometry":{"type":"LineString","coordinates":[[18.936027359387378,50.192525716266175],[18.93618,50.19255]]}},{"type":"Feature","properties":{"numer":"100611S","klasa":"droga lokalna","kat":"powiatowa"},"geometry":{"type":"LineString","coordinates":[[18.93618,50.19255],[18.93696,50.19265]]}},{"type":"Feature","properties":{"numer":"100611S","klasa":"droga lokalna","kat":"powiatowa"},"geometry":{"type":"LineString","coordinates":[[18.93696,50.19265],[18.93738,50.1927]]}},{"type":"Feature","properties":{"numer":"100611S","klasa":"droga lokalna","kat":"powiatowa"},"geometry":{"type":"LineString","coordinates":[[18.93738,50.1927],[18.93811,50.19277]]}},{"type":"Feature","properties":{"numer":"100611S","klasa":"droga lokalna","kat":"powiatowa"},"geometry":{"type":"LineString","coordinates":[[18.93811,50.19277],[18.93905,50.19286]]}},{"type":"Feature","properties":{"numer":"6513S","klasa":"","kat":"powiatowa"},"geometry":{"type":"LineString","coordinates":[[18.94228,50.19304],[18.94474,50.19286],[18.94572,50.19264]]}},{"type":"Feature","properties":{"numer":"100611S","klasa":"droga lokalna","kat":"powiatowa"},"geometry":{"type":"LineString","coordinates":[[18.93905,50.19286],[18.94005,50.19288]]}},{"type":"Feature","properties":{"numer":"6494S","klasa":"droga zbiorcza","kat":"powiatowa"},"geometry":{"type":"LineString","coordinates":[[18.91786,50.22808],[18.91721,50.22807]]}},{"type":"Feature","properties":{"numer":"6494S","klasa":"droga zbiorcza","kat":"powiatowa"},"geometry":{"type":"LineString","coordinates":[[18.9195,50.22829],[18.91786,50.22808]]}},{"type":"Feature","properties":{"numer":"6494S","klasa":"droga zbiorcza","kat":"powiatowa"},"geometry":{"type":"LineString","coordinates":[[18.91721,50.22807],[18.91701,50.22826],[18.91661,50.22915]]}},{"type":"Feature","properties":{"numer":"6491S","klasa":"droga zbiorcza","kat":"powiatowa"},"geometry":{"type":"LineString","coordinates":[[18.92623,50.2221],[18.92574,50.22314]]}},{"type":"Feature","properties":{"numer":"6491S","klasa":"droga zbiorcza","kat":"powiatowa"},"geometry":{"type":"LineString","coordinates":[[18.92574,50.22314],[18.92381,50.22703]]}},{"type":"Feature","properties":{"numer":"6491S","klasa":"droga zbiorcza","kat":"powiatowa"},"geometry":{"type":"LineString","coordinates":[[18.92381,50.22703],[18.92326,50.2278]]}},{"type":"Feature","properties":{"numer":"6491S","klasa":"droga zbiorcza","kat":"powiatowa"},"geometry":{"type":"LineString","coordinates":[[18.92381,50.22703],[18.92269,50.22806]]}},{"type":"Feature","properties":{"numer":"6491S","klasa":"droga zbiorcza","kat":"powiatowa"},"geometry":{"type":"LineString","coordinates":[[18.92326,50.2278],[18.9232,50.2279]]}},{"type":"Feature","properties":{"numer":"6494S","klasa":"droga zbiorcza","kat":"powiatowa"},"geometry":{"type":"LineString","coordinates":[[18.92867,50.22794],[18.92805,50.22786]]}},{"type":"Feature","properties":{"numer":"6494S","klasa":"droga zbiorcza","kat":"powiatowa"},"geometry":{"type":"LineString","coordinates":[[18.92305,50.22796],[18.9232,50.2279]]}},{"type":"Feature","properties":{"numer":"6494S","klasa":"droga zbiorcza","kat":"powiatowa"},"geometry":{"type":"LineString","coordinates":[[18.9232,50.2279],[18.92331,50.22799]]}},{"type":"Feature","properties":{"numer":"6494S","klasa":"droga zbiorcza","kat":"powiatowa"},"geometry":{"type":"LineString","coordinates":[[18.92805,50.22786],[18.92584,50.22822]]}},{"type":"Feature","properties":{"numer":"6494S","klasa":"droga zbiorcza","kat":"powiatowa"},"geometry":{"type":"LineString","coordinates":[[18.9225,50.22818],[18.92305,50.22796]]}},{"type":"Feature","properties":{"numer":"6494S","klasa":"droga zbiorcza","kat":"powiatowa"},"geometry":{"type":"LineString","coordinates":[[18.93055,50.22829],[18.92867,50.22794]]}},{"type":"Feature","properties":{"numer":"6494S","klasa":"droga zbiorcza","kat":"powiatowa"},"geometry":{"type":"LineString","coordinates":[[18.92331,50.22799],[18.92355,50.22816],[18.92389,50.22825]]}},{"type":"Feature","properties":{"numer":"6494S","klasa":"droga zbiorcza","kat":"powiatowa"},"geometry":{"type":"LineString","coordinates":[[18.9225,50.22818],[18.92269,50.22806]]}},{"type":"Feature","properties":{"numer":"6494S","klasa":"droga zbiorcza","kat":"powiatowa"},"geometry":{"type":"LineString","coordinates":[[18.92389,50.22825],[18.9225,50.22818]]}},{"type":"Feature","properties":{"numer":"6494S","klasa":"droga zbiorcza","kat":"powiatowa"},"geometry":{"type":"LineString","coordinates":[[18.9243,50.22826],[18.92389,50.22825]]}},{"type":"Feature","properties":{"numer":"6494S","klasa":"droga zbiorcza","kat":"powiatowa"},"geometry":{"type":"LineString","coordinates":[[18.92584,50.22822],[18.92518,50.2283],[18.92441,50.22827]]}},{"type":"Feature","properties":{"numer":"6494S","klasa":"droga zbiorcza","kat":"powiatowa"},"geometry":{"type":"LineString","coordinates":[[18.92441,50.22827],[18.9243,50.22826]]}},{"type":"Feature","properties":{"numer":"6494S","klasa":"droga zbiorcza","kat":"powiatowa"},"geometry":{"type":"LineString","coordinates":[[18.9225,50.22818],[18.92157,50.22852],[18.92107,50.2285]]}},{"type":"Feature","properties":{"numer":"6494S","klasa":"droga zbiorcza","kat":"powiatowa"},"geometry":{"type":"LineString","coordinates":[[18.92107,50.2285],[18.9195,50.22829]]}},{"type":"Feature","properties":{"numer":"","klasa":"droga wewnÄ™trzna","kat":"gminna"},"geometry":{"type":"LineString","coordinates":[[18.92584,50.22822],[18.92579,50.22872]]}},{"type":"Feature","properties":{"numer":"6494S","klasa":"droga zbiorcza","kat":"powiatowa"},"geometry":{"type":"LineString","coordinates":[[18.93243,50.22877],[18.93055,50.22829]]}},{"type":"Feature","properties":{"numer":"","klasa":"droga wewnÄ™trzna","kat":"gminna"},"geometry":{"type":"LineString","coordinates":[[18.92579,50.22872],[18.92577,50.22887]]}},{"type":"Feature","properties":{"numer":"6494S","klasa":"droga zbiorcza","kat":"powiatowa"},"geometry":{"type":"LineString","coordinates":[[18.93546,50.22933],[18.93243,50.22877]]}},{"type":"Feature","properties":{"numer":"","klasa":"droga wewnÄ™trzna","kat":"gminna"},"geometry":{"type":"LineString","coordinates":[[18.92577,50.22887],[18.92568,50.22924]]}},{"type":"Feature","properties":{"numer":"","klasa":"droga wewnÄ™trzna","kat":"gminna"},"geometry":{"type":"LineString","coordinates":[[18.92568,50.22924],[18.92566,50.22936]]}},{"type":"Feature","properties":{"numer":"6494S","klasa":"droga zbiorcza","kat":"powiatowa"},"geometry":{"type":"LineString","coordinates":[[18.93656,50.22952],[18.93546,50.22933]]}},{"type":"Feature","properties":{"numer":"6494S","klasa":"droga zbiorcza","kat":"powiatowa"},"geometry":{"type":"LineString","coordinates":[[18.93712,50.22961],[18.93656,50.22952]]}},{"type":"Feature","properties":{"numer":"6494S","klasa":"droga zbiorcza","kat":"powiatowa"},"geometry":{"type":"LineString","coordinates":[[18.93766,50.22961],[18.93875,50.22958]]}},{"type":"Feature","properties":{"numer":"6494S","klasa":"droga zbiorcza","kat":"powiatowa"},"geometry":{"type":"LineString","coordinates":[[18.93875,50.22958],[18.93988,50.22961]]}},{"type":"Feature","properties":{"numer":"6494S","klasa":"droga zbiorcza","kat":"powiatowa"},"geometry":{"type":"LineString","coordinates":[[18.93766,50.22961],[18.93712,50.22961]]}},{"type":"Feature","properties":{"numer":"6402S","klasa":"droga zbiorcza","kat":"powiatowa"},"geometry":{"type":"LineString","coordinates":[[18.97699,50.19905],[18.97665,50.19961],[18.97663,50.20008],[18.97643,50.20044],[18.97621,50.20128],[18.97602,50.20462],[18.97578,50.2053]]}},{"type":"Feature","properties":{"numer":"6511S","klasa":"droga zbiorcza","kat":"powiatowa"},"geometry":{"type":"LineString","coordinates":[[18.98477,50.20273],[18.98688,50.20195]]}},{"type":"Feature","properties":{"numer":"6511S","klasa":"droga zbiorcza","kat":"powiatowa"},"geometry":{"type":"LineString","coordinates":[[18.99132,50.20204],[18.99168,50.20246],[18.99174,50.20279]]}},{"type":"Feature","properties":{"numer":"6511S","klasa":"droga zbiorcza","kat":"powiatowa"},"geometry":{"type":"LineString","coordinates":[[18.99174,50.20279],[18.99142,50.20328]]}},{"type":"Feature","properties":{"numer":"6511S","klasa":"droga zbiorcza","kat":"powiatowa"},"geometry":{"type":"LineString","coordinates":[[18.98283,50.20469],[18.98265,50.20396],[18.9829,50.20348],[18.9832,50.20331],[18.98477,50.20273]]}},{"type":"Feature","properties":{"numer":"6511S","klasa":"droga zbiorcza","kat":"powiatowa"},"geometry":{"type":"LineString","coordinates":[[18.99142,50.20328],[18.99045,50.20467]]}},{"type":"Feature","properties":{"numer":"6511S","klasa":"droga zbiorcza","kat":"powiatowa"},"geometry":{"type":"LineString","coordinates":[[18.99045,50.20467],[18.99018,50.20508]]}},{"type":"Feature","properties":{"numer":"6511S","klasa":"droga zbiorcza","kat":"powiatowa"},"geometry":{"type":"LineString","coordinates":[[18.98304,50.20531],[18.98283,50.20469]]}},{"type":"Feature","properties":{"numer":"6511S","klasa":"droga zbiorcza","kat":"powiatowa"},"geometry":{"type":"LineString","coordinates":[[18.99018,50.20508],[18.98982,50.2056],[18.98956,50.20652]]}},{"type":"Feature","properties":{"numer":"6402S","klasa":"droga zbiorcza","kat":"powiatowa"},"geometry":{"type":"LineString","coordinates":[[18.97578,50.2053],[18.97463,50.20688]]}},{"type":"Feature","properties":{"numer":"6442S","klasa":"droga zbiorcza","kat":"powiatowa"},"geometry":{"type":"LineString","coordinates":[[18.94977,50.20368],[18.94842,50.20348]]}},{"type":"Feature","properties":{"numer":"6442S","klasa":"droga zbiorcza","kat":"powiatowa"},"geometry":{"type":"LineString","coordinates":[[18.95195,50.20411],[18.94977,50.20368]]}},{"type":"Feature","properties":{"numer":"6442S","klasa":"droga zbiorcza","kat":"powiatowa"},"geometry":{"type":"LineString","coordinates":[[18.95807,50.20529],[18.95195,50.20411]]}},{"type":"Feature","properties":{"numer":"81","klasa":"droga gĹ‚Ăłwna","kat":"krajowa"},"geometry":{"type":"LineString","coordinates":[[18.9483,50.2035],[18.95785,50.2068]]}},{"type":"Feature","properties":{"numer":"6545S","klasa":"droga zbiorcza","kat":"powiatowa"},"geometry":{"type":"LineString","coordinates":[[18.97154,50.20469],[18.97167,50.20604]]}},{"type":"Feature","properties":{"numer":"6442S","klasa":"droga zbiorcza","kat":"powiatowa"},"geometry":{"type":"LineString","coordinates":[[18.95897,50.20547],[18.95807,50.20529]]}},{"type":"Feature","properties":{"numer":"6442S","klasa":"droga zbiorcza","kat":"powiatowa"},"geometry":{"type":"LineString","coordinates":[[18.96193,50.20609],[18.95897,50.20547]]}},{"type":"Feature","properties":{"numer":"6545S","klasa":"droga zbiorcza","kat":"powiatowa"},"geometry":{"type":"LineString","coordinates":[[18.97167,50.20604],[18.97169,50.20634]]}},{"type":"Feature","properties":{"numer":"6545S","klasa":"droga zbiorcza","kat":"powiatowa"},"geometry":{"type":"LineString","coordinates":[[18.97169,50.20634],[18.97168,50.20639]]}},{"type":"Feature","properties":{"numer":"6442S","klasa":"droga zbiorcza","kat":"powiatowa"},"geometry":{"type":"LineString","coordinates":[[18.96465,50.20664],[18.96193,50.20609]]}},{"type":"Feature","properties":{"numer":"6511S","klasa":"droga zbiorcza","kat":"powiatowa"},"geometry":{"type":"LineString","coordinates":[[18.98363,50.20722],[18.98304,50.20531]]}},{"type":"Feature","properties":{"numer":"6402S","klasa":"droga zbiorcza","kat":"powiatowa"},"geometry":{"type":"LineString","coordinates":[[18.97463,50.20688],[18.97457,50.20697]]}},{"type":"Feature","properties":{"numer":"6511S","klasa":"droga zbiorcza","kat":"powiatowa"},"geometry":{"type":"LineString","coordinates":[[18.98956,50.20652],[18.98957,50.20738]]}},{"type":"Feature","properties":{"numer":"6402S","klasa":"droga zbiorcza","kat":"powiatowa"},"geometry":{"type":"LineString","coordinates":[[18.97457,50.20697],[18.97434,50.20753]]}},{"type":"Feature","properties":{"numer":"6523S","klasa":"","kat":"powiatowa"},"geometry":{"type":"LineString","coordinates":[[18.98363,50.20722],[18.9868,50.20778]]}},{"type":"Feature","properties":{"numer":"6511S","klasa":"droga zbiorcza","kat":"powiatowa"},"geometry":{"type":"LineString","coordinates":[[18.98957,50.20738],[18.98946,50.20783]]}},{"type":"Feature","properties":{"numer":"6523S","klasa":"","kat":"powiatowa"},"geometry":{"type":"LineString","coordinates":[[18.9868,50.20778],[18.98887,50.20816]]}},{"type":"Feature","properties":{"numer":"6402S","klasa":"droga zbiorcza","kat":"powiatowa"},"geometry":{"type":"LineString","coordinates":[[18.97434,50.20753],[18.97426,50.20843]]}},{"type":"Feature","properties":{"numer":"6511S","klasa":"droga zbiorcza","kat":"powiatowa"},"geometry":{"type":"LineString","coordinates":[[18.98946,50.20783],[18.98941,50.20827]]}},{"type":"Feature","properties":{"numer":"6523S","klasa":"","kat":"powiatowa"},"geometry":{"type":"LineString","coordinates":[[18.98887,50.20816],[18.98941,50.20827]]}},{"type":"Feature","properties":{"numer":"6532S","klasa":"droga zbiorcza","kat":"powiatowa"},"geometry":{"type":"LineString","coordinates":[[18.98105,50.20953],[18.98302,50.20717],[18.98363,50.20722]]}},{"type":"Feature","properties":{"numer":"6442S","klasa":"droga zbiorcza","kat":"powiatowa"},"geometry":{"type":"LineString","coordinates":[[18.97704,50.20881],[18.97426,50.20843]]}},{"type":"Feature","properties":{"numer":"","klasa":"droga wewnÄ™trzna","kat":"gminna"},"geometry":{"type":"LineString","coordinates":[[18.98941,50.20827],[18.98954,50.20942]]}},{"type":"Feature","properties":{"numer":"6402S","klasa":"droga zbiorcza","kat":"powiatowa"},"geometry":{"type":"LineString","coordinates":[[18.97426,50.20843],[18.97405,50.20938]]}},{"type":"Feature","properties":{"numer":"6442S","klasa":"droga zbiorcza","kat":"powiatowa"},"geometry":{"type":"LineString","coordinates":[[18.97929,50.20915],[18.97704,50.20881]]}},{"type":"Feature","properties":{"numer":"6442S","klasa":"droga zbiorcza","kat":"powiatowa"},"geometry":{"type":"LineString","coordinates":[[18.98032,50.20932],[18.97929,50.20915]]}},{"type":"Feature","properties":{"numer":"6442S","klasa":"droga zbiorcza","kat":"powiatowa"},"geometry":{"type":"LineString","coordinates":[[18.98105,50.20953],[18.98032,50.20932]]}},{"type":"Feature","properties":{"numer":"100047S","klasa":"droga dojazdowa","kat":"powiatowa"},"geometry":{"type":"LineString","coordinates":[[19.00103,50.20946],[19.00081,50.20952]]}},{"type":"Feature","properties":{"numer":"6402S","klasa":"droga zbiorcza","kat":"powiatowa"},"geometry":{"type":"LineString","coordinates":[[18.97405,50.20938],[18.97402,50.20967]]}},{"type":"Feature","properties":{"numer":"100047S","klasa":"droga dojazdowa","kat":"powiatowa"},"geometry":{"type":"LineString","coordinates":[[19.00081,50.20952],[19.00019,50.20967]]}},{"type":"Feature","properties":{"numer":"6545S","klasa":"droga zbiorcza","kat":"powiatowa"},"geometry":{"type":"LineString","coordinates":[[18.97168,50.20639],[18.97172,50.20714]]}},{"type":"Feature","properties":{"numer":"6442S","klasa":"droga zbiorcza","kat":"powiatowa"},"geometry":{"type":"LineString","coordinates":[[18.96805,50.20735],[18.96465,50.20664]]}},{"type":"Feature","properties":{"numer":"6442S","klasa":"droga zbiorcza","kat":"powiatowa"},"geometry":{"type":"LineString","coordinates":[[18.96994,50.20774],[18.96805,50.20735]]}},{"type":"Feature","properties":{"numer":"81","klasa":"droga gĹ‚Ăłwna","kat":"krajowa"},"geometry":{"type":"LineString","coordinates":[[18.96216,50.20829],[18.95785,50.2068]]}},{"type":"Feature","properties":{"numer":"6545S","klasa":"droga zbiorcza","kat":"powiatowa"},"geometry":{"type":"LineString","coordinates":[[18.97172,50.20714],[18.97142,50.20805]]}},{"type":"Feature","properties":{"numer":"6442S","klasa":"droga zbiorcza","kat":"powiatowa"},"geometry":{"type":"LineString","coordinates":[[18.97142,50.20805],[18.96994,50.20774]]}},{"type":"Feature","properties":{"numer":"6442S","klasa":"droga zbiorcza","kat":"powiatowa"},"geometry":{"type":"LineString","coordinates":[[18.97426,50.20843],[18.97142,50.20805]]}},{"type":"Feature","properties":{"numer":"81","klasa":"droga gĹ‚Ăłwna","kat":"krajowa"},"geometry":{"type":"LineString","coordinates":[[18.96311,50.20862],[18.96216,50.20829]]}},{"type":"Feature","properties":{"numer":"81","klasa":"droga gĹ‚Ăłwna","kat":"krajowa"},"geometry":{"type":"LineString","coordinates":[[18.96403,50.20894],[18.96311,50.20862]]}},{"type":"Feature","properties":{"numer":"81","klasa":"droga gĹ‚Ăłwna","kat":"krajowa"},"geometry":{"type":"LineString","coordinates":[[18.96854,50.2105],[18.96403,50.20894]]}},{"type":"Feature","properties":{"numer":"6506S","klasa":"droga zbiorcza","kat":"powiatowa"},"geometry":{"type":"LineString","coordinates":[[18.93183,50.19609],[18.93211,50.19601]]}},{"type":"Feature","properties":{"numer":"6506S","klasa":"droga zbiorcza","kat":"powiatowa"},"geometry":{"type":"LineString","coordinates":[[18.93183,50.19609],[18.93178,50.19613]]}},{"type":"Feature","properties":{"numer":"6492S","klasa":"droga zbiorcza","kat":"powiatowa"},"geometry":{"type":"LineString","coordinates":[[18.93174,50.19616],[18.93178,50.19613]]}},{"type":"Feature","properties":{"numer":"6492S","klasa":"droga zbiorcza","kat":"powiatowa"},"geometry":{"type":"LineString","coordinates":[[18.9315,50.19639],[18.93174,50.19616]]}},{"type":"Feature","properties":{"numer":"6492S","klasa":"droga zbiorcza","kat":"powiatowa"},"geometry":{"type":"LineString","coordinates":[[18.930799150427877,50.19752517888442],[18.9315,50.19639]]}},{"type":"Feature","properties":{"numer":"81","klasa":"droga gĹ‚Ăłwna","kat":"krajowa"},"geometry":{"type":"LineString","coordinates":[[18.93178,50.19613],[18.93328,50.19702],[18.93571,50.19825],[18.94722,50.20306]]}},{"type":"Feature","properties":{"numer":"6491S","klasa":"droga zbiorcza","kat":"powiatowa"},"geometry":{"type":"LineString","coordinates":[[18.922608093248297,50.209482944798765],[18.92258,50.2096],[18.92289,50.21057],[18.92252,50.21195],[18.92256,50.21236],[18.92597,50.2168],[18.92647,50.21758],[18.92623,50.2221]]}},{"type":"Feature","properties":{"numer":"100047S","klasa":"droga dojazdowa","kat":"powiatowa"},"geometry":{"type":"LineString","coordinates":[[19.00454,50.20984],[19.00154,50.20941],[19.00103,50.20946]]}},{"type":"Feature","properties":{"numer":"6442S","klasa":"droga zbiorcza","kat":"powiatowa"},"geometry":{"type":"LineString","coordinates":[[18.98165,50.20988],[18.98105,50.20953]]}},{"type":"Feature","properties":{"numer":"100047S","klasa":"droga dojazdowa","kat":"powiatowa"},"geometry":{"type":"LineString","coordinates":[[19.00019,50.20967],[18.99941,50.20985]]}},{"type":"Feature","properties":{"numer":"","klasa":"droga wewnÄ™trzna","kat":"gminna"},"geometry":{"type":"LineString","coordinates":[[18.98939,50.21021],[18.98954,50.20942]]}},{"type":"Feature","properties":{"numer":"100047S","klasa":"droga dojazdowa","kat":"powiatowa"},"geometry":{"type":"LineString","coordinates":[[18.99941,50.20985],[18.99916,50.20991]]}},{"type":"Feature","properties":{"numer":"100047S","klasa":"droga dojazdowa","kat":"powiatowa"},"geometry":{"type":"LineString","coordinates":[[18.99916,50.20991],[18.99839,50.21008]]}},{"type":"Feature","properties":{"numer":"100047S","klasa":"droga dojazdowa","kat":"powiatowa"},"geometry":{"type":"LineString","coordinates":[[18.99839,50.21008],[18.99726,50.21035]]}},{"type":"Feature","properties":{"numer":"6442S","klasa":"droga zbiorcza","kat":"powiatowa"},"geometry":{"type":"LineString","coordinates":[[18.98333,50.21087],[18.98165,50.20988]]}},{"type":"Feature","properties":{"numer":"100047S","klasa":"droga dojazdowa","kat":"powiatowa"},"geometry":{"type":"LineString","coordinates":[[18.99726,50.21035],[18.99716,50.21041]]}},{"type":"Feature","properties":{"numer":"","klasa":"droga wewnÄ™trzna","kat":"gminna"},"geometry":{"type":"LineString","coordinates":[[18.98913,50.2108],[18.98939,50.21021]]}},{"type":"Feature","properties":{"numer":"100047S","klasa":"droga dojazdowa","kat":"powiatowa"},"geometry":{"type":"LineString","coordinates":[[18.99716,50.21041],[18.99691,50.21079]]}},{"type":"Feature","properties":{"numer":"6402S","klasa":"droga zbiorcza","kat":"powiatowa"},"geometry":{"type":"LineString","coordinates":[[18.97402,50.20967],[18.97353,50.21165]]}},{"type":"Feature","properties":{"numer":"100047S","klasa":"droga dojazdowa","kat":"powiatowa"},"geometry":{"type":"LineString","coordinates":[[18.99691,50.21079],[18.99679,50.21103]]}},{"type":"Feature","properties":{"numer":"100047S","klasa":"droga dojazdowa","kat":"powiatowa"},"geometry":{"type":"LineString","coordinates":[[18.99679,50.21103],[18.99669,50.21125]]}},{"type":"Feature","properties":{"numer":"6442S","klasa":"droga zbiorcza","kat":"powiatowa"},"geometry":{"type":"LineString","coordinates":[[18.98461,50.21162],[18.98333,50.21087]]}},{"type":"Feature","properties":{"numer":"6559S","klasa":"droga zbiorcza","kat":"powiatowa"},"geometry":{"type":"LineString","coordinates":[[18.99592,50.2113],[18.9955,50.21122]]}},{"type":"Feature","properties":{"numer":"100047S","klasa":"droga dojazdowa","kat":"powiatowa"},"geometry":{"type":"LineString","coordinates":[[18.99669,50.21125],[18.9966,50.21143]]}},{"type":"Feature","properties":{"numer":"6559S","klasa":"droga zbiorcza","kat":"powiatowa"},"geometry":{"type":"LineString","coordinates":[[18.9966,50.21143],[18.99592,50.2113]]}},{"type":"Feature","properties":{"numer":"6559S","klasa":"droga zbiorcza","kat":"powiatowa"},"geometry":{"type":"LineString","coordinates":[[18.99804,50.21173],[18.9966,50.21143]]}},{"type":"Feature","properties":{"numer":"6559S","klasa":"droga zbiorcza","kat":"powiatowa"},"geometry":{"type":"LineString","coordinates":[[18.99862,50.21185],[18.99804,50.21173]]}},{"type":"Feature","properties":{"numer":"6442S","klasa":"droga zbiorcza","kat":"powiatowa"},"geometry":{"type":"LineString","coordinates":[[18.98561,50.21208],[18.98461,50.21162]]}},{"type":"Feature","properties":{"numer":"6402S","klasa":"droga zbiorcza","kat":"powiatowa"},"geometry":{"type":"LineString","coordinates":[[18.97353,50.21165],[18.97342,50.21207]]}},{"type":"Feature","properties":{"numer":"6559S","klasa":"droga zbiorcza","kat":"powiatowa"},"geometry":{"type":"LineString","coordinates":[[18.9955,50.21122],[18.99463,50.21106],[18.99285,50.2111],[18.99107,50.2121],[18.98857,50.21303]]}},{"type":"Feature","properties":{"numer":"6559S","klasa":"droga zbiorcza","kat":"powiatowa"},"geometry":{"type":"LineString","coordinates":[[18.99862,50.21185],[18.99977,50.21212],[18.9999,50.21226],[18.99987,50.21237],[18.99971,50.21245],[18.99948,50.21244],[18.99862,50.21185]]}},{"type":"Feature","properties":{"numer":"6402S","klasa":"droga zbiorcza","kat":"powiatowa"},"geometry":{"type":"LineString","coordinates":[[18.97342,50.21207],[18.97321,50.21249]]}},{"type":"Feature","properties":{"numer":"6442S","klasa":"droga zbiorcza","kat":"powiatowa"},"geometry":{"type":"LineString","coordinates":[[18.98804,50.21268],[18.98561,50.21208]]}},{"type":"Feature","properties":{"numer":"81","klasa":"droga gĹ‚Ăłwna","kat":"krajowa"},"geometry":{"type":"LineString","coordinates":[[18.97654,50.21333],[18.97537,50.21273],[18.97342,50.21207]]}},{"type":"Feature","properties":{"numer":"6402S","klasa":"droga zbiorcza","kat":"powiatowa"},"geometry":{"type":"LineString","coordinates":[[18.97304,50.21296],[18.97321,50.21249]]}},{"type":"Feature","properties":{"numer":"6442S","klasa":"droga zbiorcza","kat":"powiatowa"},"geometry":{"type":"LineString","coordinates":[[18.98826,50.2128],[18.98804,50.21268]]}},{"type":"Feature","properties":{"numer":"6442S","klasa":"droga zbiorcza","kat":"powiatowa"},"geometry":{"type":"LineString","coordinates":[[18.98857,50.21303],[18.98826,50.2128]]}},{"type":"Feature","properties":{"numer":"81","klasa":"droga gĹ‚Ăłwna","kat":"krajowa"},"geometry":{"type":"LineString","coordinates":[[18.97004,50.211],[18.96854,50.2105]]}},{"type":"Feature","properties":{"numer":"81","klasa":"droga gĹ‚Ăłwna","kat":"krajowa"},"geometry":{"type":"LineString","coordinates":[[18.97342,50.21207],[18.97004,50.211]]}},{"type":"Feature","properties":{"numer":"6402S","klasa":"droga zbiorcza","kat":"powiatowa"},"geometry":{"type":"LineString","coordinates":[[18.97295,50.21325],[18.97304,50.21296]]}},{"type":"Feature","properties":{"numer":"6402S","klasa":"droga zbiorcza","kat":"powiatowa"},"geometry":{"type":"LineString","coordinates":[[18.97295,50.21325],[18.97289,50.21333]]}},{"type":"Feature","properties":{"numer":"6402S","klasa":"droga zbiorcza","kat":"powiatowa"},"geometry":{"type":"LineString","coordinates":[[18.97289,50.21333],[18.97272,50.21375]]}},{"type":"Feature","properties":{"numer":"6402S","klasa":"droga zbiorcza","kat":"powiatowa"},"geometry":{"type":"LineString","coordinates":[[18.97272,50.21375],[18.97241,50.21459]]}},{"type":"Feature","properties":{"numer":"6402S","klasa":"droga zbiorcza","kat":"powiatowa"},"geometry":{"type":"LineString","coordinates":[[18.97241,50.21459],[18.97216,50.21515]]}},{"type":"Feature","properties":{"numer":"6402S","klasa":"droga zbiorcza","kat":"powiatowa"},"geometry":{"type":"LineString","coordinates":[[18.97216,50.21515],[18.97203,50.21542]]}},{"type":"Feature","properties":{"numer":"6402S","klasa":"droga zbiorcza","kat":"powiatowa"},"geometry":{"type":"LineString","coordinates":[[18.97203,50.21542],[18.97181,50.21573]]}},{"type":"Feature","properties":{"numer":"6402S","klasa":"droga zbiorcza","kat":"powiatowa"},"geometry":{"type":"LineString","coordinates":[[18.97181,50.21573],[18.97123,50.21652],[18.97043,50.21727]]}},{"type":"Feature","properties":{"numer":"6497S","klasa":"droga zbiorcza","kat":"powiatowa"},"geometry":{"type":"LineString","coordinates":[[18.96994,50.22609],[18.97002,50.22705],[18.96991,50.22794]]}},{"type":"Feature","properties":{"numer":"6494S","klasa":"droga zbiorcza","kat":"powiatowa"},"geometry":{"type":"LineString","coordinates":[[18.96123,50.22666],[18.96062,50.22709],[18.95956,50.22753]]}},{"type":"Feature","properties":{"numer":"6494S","klasa":"droga zbiorcza","kat":"powiatowa"},"geometry":{"type":"LineString","coordinates":[[18.95956,50.22753],[18.95877,50.22784]]}},{"type":"Feature","properties":{"numer":"6447S","klasa":"droga zbiorcza","kat":"powiatowa"},"geometry":{"type":"LineString","coordinates":[[18.95956,50.22753],[18.9602,50.22821]]}},{"type":"Feature","properties":{"numer":"6494S","klasa":"droga zbiorcza","kat":"powiatowa"},"geometry":{"type":"LineString","coordinates":[[18.95877,50.22784],[18.95799,50.22829]]}},{"type":"Feature","properties":{"numer":"6497S","klasa":"droga zbiorcza","kat":"powiatowa"},"geometry":{"type":"LineString","coordinates":[[18.96991,50.22794],[18.96985,50.2284]]}},{"type":"Feature","properties":{"numer":"6447S","klasa":"droga zbiorcza","kat":"powiatowa"},"geometry":{"type":"LineString","coordinates":[[18.9602,50.22821],[18.96027,50.22831]]}},{"type":"Feature","properties":{"numer":"6497S","klasa":"droga zbiorcza","kat":"powiatowa"},"geometry":{"type":"LineString","coordinates":[[18.96985,50.2284],[18.97012,50.22887]]}},{"type":"Feature","properties":{"numer":"6494S","klasa":"droga zbiorcza","kat":"powiatowa"},"geometry":{"type":"LineString","coordinates":[[18.95799,50.22829],[18.95641,50.22911]]}},{"type":"Feature","properties":{"numer":"6497S","klasa":"droga zbiorcza","kat":"powiatowa"},"geometry":{"type":"LineString","coordinates":[[18.97012,50.22887],[18.97022,50.22898]]}},{"type":"Feature","properties":{"numer":"6494S","klasa":"","kat":"powiatowa"},"geometry":{"type":"LineString","coordinates":[[18.97687,50.22731],[18.97697,50.22665]]}},{"type":"Feature","properties":{"numer":"6442S","klasa":"droga zbiorcza","kat":"powiatowa"},"geometry":{"type":"LineString","coordinates":[[18.99425,50.22642],[18.99457,50.22726],[18.99469,50.22802]]}},{"type":"Feature","properties":{"numer":"6449S","klasa":"","kat":"powiatowa"},"geometry":{"type":"LineString","coordinates":[[18.99121,50.22667],[18.97855,50.22783],[18.97815,50.22775]]}},{"type":"Feature","properties":{"numer":"100485S","klasa":"droga dojazdowa","kat":"powiatowa"},"geometry":{"type":"LineString","coordinates":[[18.99288,50.22697],[18.99337,50.22755]]}},{"type":"Feature","properties":{"numer":"6458S","klasa":"droga zbiorcza","kat":"powiatowa"},"geometry":{"type":"LineString","coordinates":[[18.99335,50.22657],[18.99472,50.22829]]}},{"type":"Feature","properties":{"numer":"100485S","klasa":"droga dojazdowa","kat":"powiatowa"},"geometry":{"type":"LineString","coordinates":[[18.99337,50.22755],[18.99356,50.22766]]}},{"type":"Feature","properties":{"numer":"100485S","klasa":"droga dojazdowa","kat":"powiatowa"},"geometry":{"type":"LineString","coordinates":[[18.99356,50.22766],[18.99384,50.22773]]}},{"type":"Feature","properties":{"numer":"6442S","klasa":"droga zbiorcza","kat":"powiatowa"},"geometry":{"type":"LineString","coordinates":[[18.99469,50.22802],[18.99472,50.22829]]}},{"type":"Feature","properties":{"numer":"6458S","klasa":"droga zbiorcza","kat":"powiatowa"},"geometry":{"type":"LineString","coordinates":[[18.99472,50.22829],[18.9954,50.22944]]}},{"type":"Feature","properties":{"numer":"6458S","klasa":"droga zbiorcza","kat":"powiatowa"},"geometry":{"type":"LineString","coordinates":[[18.9954,50.22944],[18.99549,50.22946]]}},{"type":"Feature","properties":{"numer":"6497S","klasa":"droga zbiorcza","kat":"powiatowa"},"geometry":{"type":"LineString","coordinates":[[18.97022,50.22898],[18.97073,50.2295]]}},{"type":"Feature","properties":{"numer":"6494S","klasa":"droga zbiorcza","kat":"powiatowa"},"geometry":{"type":"LineString","coordinates":[[18.95641,50.22911],[18.9545,50.2298],[18.95346,50.23037]]}},{"type":"Feature","properties":{"numer":"6494S","klasa":"droga zbiorcza","kat":"powiatowa"},"geometry":{"type":"LineString","coordinates":[[18.94486,50.22975],[18.9438,50.22974]]}},{"type":"Feature","properties":{"numer":"6494S","klasa":"droga zbiorcza","kat":"powiatowa"},"geometry":{"type":"LineString","coordinates":[[18.94549,50.22975],[18.94558,50.22975]]}},{"type":"Feature","properties":{"numer":"6494S","klasa":"droga zbiorcza","kat":"powiatowa"},"geometry":{"type":"LineString","coordinates":[[18.94486,50.22975],[18.94549,50.22975]]}},{"type":"Feature","properties":{"numer":"6497S","klasa":"droga zbiorcza","kat":"powiatowa"},"geometry":{"type":"LineString","coordinates":[[18.97073,50.2295],[18.97148,50.23016]]}},{"type":"Feature","properties":{"numer":"6494S","klasa":"droga zbiorcza","kat":"powiatowa"},"geometry":{"type":"LineString","coordinates":[[18.94801,50.23],[18.94705,50.22976],[18.94558,50.22975]]}},{"type":"Feature","properties":{"numer":"6494S","klasa":"droga zbiorcza","kat":"powiatowa"},"geometry":{"type":"LineString","coordinates":[[18.94835,50.23011],[18.94801,50.23]]}},{"type":"Feature","properties":{"numer":"6497S","klasa":"droga zbiorcza","kat":"powiatowa"},"geometry":{"type":"LineString","coordinates":[[18.97148,50.23016],[18.97156,50.23023]]}},{"type":"Feature","properties":{"numer":"6494S","klasa":"droga zbiorcza","kat":"powiatowa"},"geometry":{"type":"LineString","coordinates":[[18.95028,50.23069],[18.94835,50.23011]]}},{"type":"Feature","properties":{"numer":"6458S","klasa":"droga zbiorcza","kat":"powiatowa"},"geometry":{"type":"LineString","coordinates":[[18.99549,50.22946],[18.99646,50.23079]]}},{"type":"Feature","properties":{"numer":"6458S","klasa":"droga zbiorcza","kat":"powiatowa"},"geometry":{"type":"LineString","coordinates":[[18.9954,50.22944],[18.99563,50.23093]]}},{"type":"Feature","properties":{"numer":"6458S","klasa":"droga zbiorcza","kat":"powiatowa"},"geometry":{"type":"LineString","coordinates":[[18.99646,50.23079],[18.99664,50.23096]]}},{"type":"Feature","properties":{"numer":"6512S","klasa":"","kat":"powiatowa"},"geometry":{"type":"LineString","coordinates":[[18.99414,50.23097],[18.99563,50.23093]]}},{"type":"Feature","properties":{"numer":"6458S","klasa":"droga zbiorcza","kat":"powiatowa"},"geometry":{"type":"LineString","coordinates":[[18.99563,50.23093],[18.99643,50.23097]]}},{"type":"Feature","properties":{"numer":"6458S","klasa":"droga zbiorcza","kat":"powiatowa"},"geometry":{"type":"LineString","coordinates":[[18.99656,50.23097],[18.99664,50.23096]]}},{"type":"Feature","properties":{"numer":"6458S","klasa":"droga zbiorcza","kat":"powiatowa"},"geometry":{"type":"LineString","coordinates":[[18.99656,50.23097],[18.99643,50.23097]]}},{"type":"Feature","properties":{"numer":"6458S","klasa":"droga zbiorcza","kat":"powiatowa"},"geometry":{"type":"LineString","coordinates":[[18.99664,50.23096],[18.99694,50.23119]]}},{"type":"Feature","properties":{"numer":"6453S","klasa":"droga zbiorcza","kat":"powiatowa"},"geometry":{"type":"LineString","coordinates":[[18.99563,50.23093],[18.99563,50.23156]]}},{"type":"Feature","properties":{"numer":"6458S","klasa":"droga zbiorcza","kat":"powiatowa"},"geometry":{"type":"LineString","coordinates":[[18.99694,50.23119],[18.9971,50.2314]]}},{"type":"Feature","properties":{"numer":"6497S","klasa":"droga zbiorcza","kat":"powiatowa"},"geometry":{"type":"LineString","coordinates":[[18.97156,50.23023],[18.97203,50.23079]]}},{"type":"Feature","properties":{"numer":"6494S","klasa":"droga zbiorcza","kat":"powiatowa"},"geometry":{"type":"LineString","coordinates":[[18.95346,50.23037],[18.9525,50.23092]]}},{"type":"Feature","properties":{"numer":"6494S","klasa":"droga zbiorcza","kat":"powiatowa"},"geometry":{"type":"LineString","coordinates":[[18.95193,50.23102],[18.95096,50.23088],[18.95028,50.23069]]}},{"type":"Feature","properties":{"numer":"6447S","klasa":"droga zbiorcza","kat":"powiatowa"},"geometry":{"type":"LineString","coordinates":[[18.96027,50.22831],[18.9607,50.22945],[18.962,50.23128],[18.96306,50.23255],[18.96343,50.23346]]}},{"type":"Feature","properties":{"numer":"6494S","klasa":"droga zbiorcza","kat":"powiatowa"},"geometry":{"type":"LineString","coordinates":[[18.9525,50.23092],[18.95193,50.23102]]}},{"type":"Feature","properties":{"numer":"6461S","klasa":"droga zbiorcza","kat":"powiatowa"},"geometry":{"type":"LineString","coordinates":[[18.95275,50.23114],[18.9525,50.23092]]}},{"type":"Feature","properties":{"numer":"6497S","klasa":"droga zbiorcza","kat":"powiatowa"},"geometry":{"type":"LineString","coordinates":[[18.97203,50.23079],[18.97246,50.23148],[18.97292,50.2318]]}},{"type":"Feature","properties":{"numer":"6465S","klasa":"droga zbiorcza","kat":"powiatowa"},"geometry":{"type":"LineString","coordinates":[[18.97292,50.2318],[18.97306,50.23184]]}},{"type":"Feature","properties":{"numer":"6461S","klasa":"droga zbiorcza","kat":"powiatowa"},"geometry":{"type":"LineString","coordinates":[[18.95397,50.2327],[18.95363,50.2319],[18.95275,50.23114]]}},{"type":"Feature","properties":{"numer":"6461S","klasa":"droga zbiorcza","kat":"powiatowa"},"geometry":{"type":"LineString","coordinates":[[18.95418,50.2337],[18.95397,50.2327]]}},{"type":"Feature","properties":{"numer":"6494S","klasa":"droga zbiorcza","kat":"powiatowa"},"geometry":{"type":"LineString","coordinates":[[18.93988,50.22961],[18.94043,50.22968]]}},{"type":"Feature","properties":{"numer":"6494S","klasa":"droga zbiorcza","kat":"powiatowa"},"geometry":{"type":"LineString","coordinates":[[18.94165,50.22974],[18.94043,50.22968]]}},{"type":"Feature","properties":{"numer":"6494S","klasa":"droga zbiorcza","kat":"powiatowa"},"geometry":{"type":"LineString","coordinates":[[18.9438,50.22974],[18.9433,50.22974]]}},{"type":"Feature","properties":{"numer":"6494S","klasa":"droga zbiorcza","kat":"powiatowa"},"geometry":{"type":"LineString","coordinates":[[18.94212,50.22974],[18.94165,50.22974]]}},{"type":"Feature","properties":{"numer":"6494S","klasa":"droga zbiorcza","kat":"powiatowa"},"geometry":{"type":"LineString","coordinates":[[18.9433,50.22974],[18.94281,50.22974]]}},{"type":"Feature","properties":{"numer":"6494S","klasa":"droga zbiorcza","kat":"powiatowa"},"geometry":{"type":"LineString","coordinates":[[18.94281,50.22974],[18.94212,50.22974]]}},{"type":"Feature","properties":{"numer":"","klasa":"droga wewnÄ™trzna","kat":"gminna"},"geometry":{"type":"LineString","coordinates":[[18.92566,50.22936],[18.926094999040455,50.22942199511265]]}},{"type":"Feature","properties":{"numer":"6512S","klasa":"","kat":"powiatowa"},"geometry":{"type":"LineString","coordinates":[[18.99414,50.23097],[18.98814,50.2314],[18.98051,50.23154],[18.9768,50.23184],[18.97662,50.23193]]}},{"type":"Feature","properties":{"numer":"6465S","klasa":"droga zbiorcza","kat":"powiatowa"},"geometry":{"type":"LineString","coordinates":[[18.97306,50.23184],[18.97387,50.23204]]}},{"type":"Feature","properties":{"numer":"6453S","klasa":"droga zbiorcza","kat":"powiatowa"},"geometry":{"type":"LineString","coordinates":[[18.99566,50.23277],[18.99563,50.23156]]}},{"type":"Feature","properties":{"numer":"6465S","klasa":"droga zbiorcza","kat":"powiatowa"},"geometry":{"type":"LineString","coordinates":[[18.97387,50.23204],[18.97445,50.23228],[18.97582,50.23328]]}},{"type":"Feature","properties":{"numer":"6458S","klasa":"droga zbiorcza","kat":"powiatowa"},"geometry":{"type":"LineString","coordinates":[[18.9971,50.2314],[18.99953,50.23431]]}},{"type":"Feature","properties":{"numer":"6439S","klasa":"","kat":"powiatowa"},"geometry":{"type":"LineString","coordinates":[[18.9767,50.23389],[18.97702,50.23364],[18.97662,50.23193]]}},{"type":"Feature","properties":{"numer":"6465S","klasa":"droga zbiorcza","kat":"powiatowa"},"geometry":{"type":"LineString","coordinates":[[18.97582,50.23328],[18.9767,50.23389]]}},{"type":"Feature","properties":{"numer":"6453S","klasa":"droga zbiorcza","kat":"powiatowa"},"geometry":{"type":"LineString","coordinates":[[18.99587,50.23445],[18.99566,50.23277]]}},{"type":"Feature","properties":{"numer":"6465S","klasa":"droga zbiorcza","kat":"powiatowa"},"geometry":{"type":"LineString","coordinates":[[18.9767,50.23389],[18.97811,50.2353]]}},{"type":"Feature","properties":{"numer":"6453S","klasa":"droga zbiorcza","kat":"powiatowa"},"geometry":{"type":"LineString","coordinates":[[18.99483,50.23615],[18.99495,50.23576],[18.99587,50.23445]]}},{"type":"Feature","properties":{"numer":"6447S","klasa":"droga zbiorcza","kat":"powiatowa"},"geometry":{"type":"LineString","coordinates":[[18.96343,50.23346],[18.96353,50.23375]]}},{"type":"Feature","properties":{"numer":"6461S","klasa":"droga zbiorcza","kat":"powiatowa"},"geometry":{"type":"LineString","coordinates":[[18.95527,50.23452],[18.95418,50.2337]]}},{"type":"Feature","properties":{"numer":"6447S","klasa":"droga zbiorcza","kat":"powiatowa"},"geometry":{"type":"LineString","coordinates":[[18.96353,50.23375],[18.96382,50.23457]]}},{"type":"Feature","properties":{"numer":"","klasa":"droga wewnÄ™trzna","kat":"gminna"},"geometry":{"type":"LineString","coordinates":[[18.9718,50.23472],[18.97283,50.23394]]}},{"type":"Feature","properties":{"numer":"6461S","klasa":"droga zbiorcza","kat":"powiatowa"},"geometry":{"type":"LineString","coordinates":[[18.95556,50.23479],[18.95527,50.23452]]}},{"type":"Feature","properties":{"numer":"","klasa":"droga wewnÄ™trzna","kat":"gminna"},"geometry":{"type":"LineString","coordinates":[[18.96382,50.23457],[18.9681,50.23528]]}},{"type":"Feature","properties":{"numer":"6447S","klasa":"droga zbiorcza","kat":"powiatowa"},"geometry":{"type":"LineString","coordinates":[[18.96382,50.23457],[18.96417,50.23536]]}},{"type":"Feature","properties":{"numer":"","klasa":"droga wewnÄ™trzna","kat":"gminna"},"geometry":{"type":"LineString","coordinates":[[18.97134,50.2354],[18.9718,50.23472]]}},{"type":"Feature","properties":{"numer":"6461S","klasa":"droga zbiorcza","kat":"powiatowa"},"geometry":{"type":"LineString","coordinates":[[18.9565,50.23549],[18.95617,50.23534],[18.95556,50.23479]]}},{"type":"Feature","properties":{"numer":"","klasa":"droga wewnÄ™trzna","kat":"gminna"},"geometry":{"type":"LineString","coordinates":[[18.9681,50.23528],[18.96941,50.23551],[18.97024,50.23552]]}},{"type":"Feature","properties":{"numer":"6465S","klasa":"droga zbiorcza","kat":"powiatowa"},"geometry":{"type":"LineString","coordinates":[[18.97811,50.2353],[18.9782,50.23543]]}},{"type":"Feature","properties":{"numer":"6458S","klasa":"droga zbiorcza","kat":"powiatowa"},"geometry":{"type":"LineString","coordinates":[[18.99953,50.23431],[19.00137,50.23655]]}},{"type":"Feature","properties":{"numer":"6465S","klasa":"droga zbiorcza","kat":"powiatowa"},"geometry":{"type":"LineString","coordinates":[[18.97811,50.2353],[18.97906,50.23559]]}},{"type":"Feature","properties":{"numer":"6465S","klasa":"droga zbiorcza","kat":"powiatowa"},"geometry":{"type":"LineString","coordinates":[[18.9782,50.23543],[18.97831,50.23561]]}},{"type":"Feature","properties":{"numer":"6465S","klasa":"droga zbiorcza","kat":"powiatowa"},"geometry":{"type":"LineString","coordinates":[[18.97831,50.23561],[18.97906,50.23559]]}},{"type":"Feature","properties":{"numer":"6465S","klasa":"droga zbiorcza","kat":"powiatowa"},"geometry":{"type":"LineString","coordinates":[[18.97906,50.23559],[18.97967,50.23567],[18.98339,50.23665]]}},{"type":"Feature","properties":{"numer":"6554S","klasa":"droga zbiorcza","kat":"powiatowa"},"geometry":{"type":"LineString","coordinates":[[18.97877,50.23671],[18.97831,50.23561]]}},{"type":"Feature","properties":{"numer":"6453S","klasa":"droga zbiorcza","kat":"powiatowa"},"geometry":{"type":"LineString","coordinates":[[18.99468,50.2371],[18.99483,50.23615]]}},{"type":"Feature","properties":{"numer":"6458S","klasa":"droga zbiorcza","kat":"powiatowa"},"geometry":{"type":"LineString","coordinates":[[19.00137,50.23655],[19.00158,50.23678]]}},{"type":"Feature","properties":{"numer":"6465S","klasa":"droga zbiorcza","kat":"powiatowa"},"geometry":{"type":"LineString","coordinates":[[18.98339,50.23665],[18.98439,50.23709]]}},{"type":"Feature","properties":{"numer":"6558S","klasa":"","kat":"powiatowa"},"geometry":{"type":"LineString","coordinates":[[19.01192,50.23417],[19.01107,50.23658]]}},{"type":"Feature","properties":{"numer":"6428S","klasa":"droga zbiorcza","kat":"powiatowa"},"geometry":{"type":"LineString","coordinates":[[19.02494,50.24037],[19.0248,50.24024],[19.02468,50.23949],[19.02616,50.23631],[19.02629,50.23582],[19.02622,50.23487],[19.02562,50.2338],[19.02551,50.23343],[19.02577,50.23188]]}},{"type":"Feature","properties":{"numer":"6430S","klasa":"droga zbiorcza","kat":"powiatowa"},"geometry":{"type":"LineString","coordinates":[[19.01107,50.23658],[19.01091,50.23677],[19.01069,50.23684]]}},{"type":"Feature","properties":{"numer":"6430S","klasa":"droga zbiorcza","kat":"powiatowa"},"geometry":{"type":"LineString","coordinates":[[19.01024,50.23682],[19.01005,50.23682]]}},{"type":"Feature","properties":{"numer":"6430S","klasa":"droga zbiorcza","kat":"powiatowa"},"geometry":{"type":"LineString","coordinates":[[19.01069,50.23684],[19.01024,50.23682]]}},{"type":"Feature","properties":{"numer":"6430S","klasa":"droga zbiorcza","kat":"powiatowa"},"geometry":{"type":"LineString","coordinates":[[19.01005,50.23682],[19.00856,50.23686]]}},{"type":"Feature","properties":{"numer":"6430S","klasa":"droga zbiorcza","kat":"powiatowa"},"geometry":{"type":"LineString","coordinates":[[19.01078,50.23688],[19.01069,50.23684]]}},{"type":"Feature","properties":{"numer":"6430S","klasa":"droga zbiorcza","kat":"powiatowa"},"geometry":{"type":"LineString","coordinates":[[19.00856,50.23686],[19.00741,50.23688]]}},{"type":"Feature","properties":{"numer":"6430S","klasa":"droga zbiorcza","kat":"powiatowa"},"geometry":{"type":"LineString","coordinates":[[19.01024,50.23682],[19.01059,50.23696]]}},{"type":"Feature","properties":{"numer":"6430S","klasa":"droga zbiorcza","kat":"powiatowa"},"geometry":{"type":"LineString","coordinates":[[19.00741,50.23688],[19.00634,50.23692]]}},{"type":"Feature","properties":{"numer":"6494S","klasa":"droga zbiorcza","kat":"powiatowa"},"geometry":{"type":"LineString","coordinates":[[18.91661,50.22915],[18.91658,50.22922]]}},{"type":"Feature","properties":{"numer":"8403S","klasa":"droga zbiorcza","kat":"powiatowa"},"geometry":{"type":"LineString","coordinates":[[18.91658,50.22922],[18.91656,50.22927]]}},{"type":"Feature","properties":{"numer":"8403S","klasa":"droga zbiorcza","kat":"powiatowa"},"geometry":{"type":"LineString","coordinates":[[18.91653302188493,50.22933012265644],[18.91656,50.22927]]}},{"type":"Feature","properties":{"numer":"","klasa":"droga wewnÄ™trzna","kat":"gminna"},"geometry":{"type":"LineString","coordinates":[[18.97024,50.23552],[18.97106,50.2355],[18.97134,50.2354]]}},{"type":"Feature","properties":{"numer":"6461S","klasa":"droga zbiorcza","kat":"powiatowa"},"geometry":{"type":"LineString","coordinates":[[18.95717,50.2356],[18.9565,50.23549]]}},{"type":"Feature","properties":{"numer":"6461S","klasa":"droga zbiorcza","kat":"powiatowa"},"geometry":{"type":"LineString","coordinates":[[18.95779,50.23572],[18.95717,50.2356]]}},{"type":"Feature","properties":{"numer":"6461S","klasa":"droga zbiorcza","kat":"powiatowa"},"geometry":{"type":"LineString","coordinates":[[18.95901,50.23603],[18.95779,50.23572]]}},{"type":"Feature","properties":{"numer":"6461S","klasa":"droga zbiorcza","kat":"powiatowa"},"geometry":{"type":"LineString","coordinates":[[18.96012,50.23631],[18.95901,50.23603]]}},{"type":"Feature","properties":{"numer":"6447S","klasa":"droga zbiorcza","kat":"powiatowa"},"geometry":{"type":"LineString","coordinates":[[18.96417,50.23536],[18.96447,50.2358],[18.96619,50.23757]]}},{"type":"Feature","properties":{"numer":"100242S","klasa":"droga dojazdowa","kat":"powiatowa"},"geometry":{"type":"LineString","coordinates":[[18.95857,50.23732],[18.95856,50.23703],[18.95901,50.23603]]}},{"type":"Feature","properties":{"numer":"6461S","klasa":"droga zbiorcza","kat":"powiatowa"},"geometry":{"type":"LineString","coordinates":[[18.96098,50.23752],[18.96076,50.2369],[18.96052,50.23659],[18.96012,50.23631]]}},{"type":"Feature","properties":{"numer":"6447S","klasa":"droga zbiorcza","kat":"powiatowa"},"geometry":{"type":"LineString","coordinates":[[18.96619,50.23757],[18.96626,50.23787]]}},{"type":"Feature","properties":{"numer":"100242S","klasa":"droga dojazdowa","kat":"powiatowa"},"geometry":{"type":"LineString","coordinates":[[18.95904,50.23833],[18.95886,50.23828],[18.95857,50.23732]]}},{"type":"Feature","properties":{"numer":"6558S","klasa":"","kat":"powiatowa"},"geometry":{"type":"LineString","coordinates":[[19.01059,50.23696],[19.01062,50.23708]]}},{"type":"Feature","properties":{"numer":"6430S","klasa":"droga zbiorcza","kat":"powiatowa"},"geometry":{"type":"LineString","coordinates":[[19.00634,50.23692],[19.00532,50.23706],[19.00471,50.23725]]}},{"type":"Feature","properties":{"numer":"6558S","klasa":"","kat":"powiatowa"},"geometry":{"type":"LineString","coordinates":[[19.01107,50.23658],[19.01075,50.23777]]}},{"type":"Feature","properties":{"numer":"6558S","klasa":"","kat":"powiatowa"},"geometry":{"type":"LineString","coordinates":[[19.01062,50.23708],[19.01075,50.23777]]}},{"type":"Feature","properties":{"numer":"6558S","klasa":"","kat":"powiatowa"},"geometry":{"type":"LineString","coordinates":[[19.01075,50.23777],[19.0109,50.2382]]}},{"type":"Feature","properties":{"numer":"6558S","klasa":"","kat":"powiatowa"},"geometry":{"type":"LineString","coordinates":[[19.0109,50.2382],[19.01107,50.23845]]}},{"type":"Feature","properties":{"numer":"6558S","klasa":"droga zbiorcza","kat":"powiatowa"},"geometry":{"type":"LineString","coordinates":[[19.0109,50.2382],[19.01091,50.23842],[19.01075,50.23857]]}},{"type":"Feature","properties":{"numer":"6558S","klasa":"","kat":"powiatowa"},"geometry":{"type":"LineString","coordinates":[[19.01107,50.23845],[19.01075,50.23857]]}},{"type":"Feature","properties":{"numer":"6476S","klasa":"droga zbiorcza","kat":"powiatowa"},"geometry":{"type":"LineString","coordinates":[[19.01107,50.23845],[19.01223,50.23933]]}},{"type":"Feature","properties":{"numer":"6558S","klasa":"","kat":"powiatowa"},"geometry":{"type":"LineString","coordinates":[[19.01075,50.23857],[19.0087,50.23934]]}},{"type":"Feature","properties":{"numer":"6554S","klasa":"droga zbiorcza","kat":"powiatowa"},"geometry":{"type":"LineString","coordinates":[[18.97918,50.23754],[18.97877,50.23671]]}},{"type":"Feature","properties":{"numer":"6465S","klasa":"droga zbiorcza","kat":"powiatowa"},"geometry":{"type":"LineString","coordinates":[[18.98439,50.23709],[18.98456,50.23717]]}},{"type":"Feature","properties":{"numer":"6453S","klasa":"droga zbiorcza","kat":"powiatowa"},"geometry":{"type":"LineString","coordinates":[[18.99461,50.23748],[18.99468,50.2371]]}},{"type":"Feature","properties":{"numer":"6458S","klasa":"droga zbiorcza","kat":"powiatowa"},"geometry":{"type":"LineString","coordinates":[[19.00158,50.23678],[19.00265,50.23795]]}},{"type":"Feature","properties":{"numer":"6430S","klasa":"droga zbiorcza","kat":"powiatowa"},"geometry":{"type":"LineString","coordinates":[[19.00471,50.23725],[19.00265,50.23795]]}},{"type":"Feature","properties":{"numer":"6453S","klasa":"droga zbiorcza","kat":"powiatowa"},"geometry":{"type":"LineString","coordinates":[[18.99453,50.23797],[18.99461,50.23748]]}},{"type":"Feature","properties":{"numer":"6554S","klasa":"droga zbiorcza","kat":"powiatowa"},"geometry":{"type":"LineString","coordinates":[[18.98024,50.23933],[18.97918,50.23754]]}},{"type":"Feature","properties":{"numer":"6458S","klasa":"droga zbiorcza","kat":"powiatowa"},"geometry":{"type":"LineString","coordinates":[[19.00265,50.23795],[19.00424,50.23975]]}},{"type":"Feature","properties":{"numer":"6465S","klasa":"droga zbiorcza","kat":"powiatowa"},"geometry":{"type":"LineString","coordinates":[[18.98456,50.23717],[18.98661,50.23856],[18.99061,50.24054]]}},{"type":"Feature","properties":{"numer":"6453S","klasa":"droga zbiorcza","kat":"powiatowa"},"geometry":{"type":"LineString","coordinates":[[18.99455,50.23975],[18.99453,50.23797]]}},{"type":"Feature","properties":{"numer":"6476S","klasa":"droga zbiorcza","kat":"powiatowa"},"geometry":{"type":"LineString","coordinates":[[19.01223,50.23933],[19.01281,50.23977]]}},{"type":"Feature","properties":{"numer":"6476S","klasa":"droga zbiorcza","kat":"powiatowa"},"geometry":{"type":"LineString","coordinates":[[19.01281,50.23977],[19.01318,50.24004]]}},{"type":"Feature","properties":{"numer":"6558S","klasa":"","kat":"powiatowa"},"geometry":{"type":"LineString","coordinates":[[19.0087,50.23934],[19.00678,50.24023],[19.00522,50.2408]]}},{"type":"Feature","properties":{"numer":"6476S","klasa":"droga zbiorcza","kat":"powiatowa"},"geometry":{"type":"LineString","coordinates":[[19.01318,50.24004],[19.01354,50.24028],[19.01482,50.24056]]}},{"type":"Feature","properties":{"numer":"6476S","klasa":"droga zbiorcza","kat":"powiatowa"},"geometry":{"type":"LineString","coordinates":[[19.01482,50.24056],[19.01654,50.24094]]}},{"type":"Feature","properties":{"numer":"6467S","klasa":"droga zbiorcza","kat":"powiatowa"},"geometry":{"type":"LineString","coordinates":[[19.02494,50.24037],[19.02513,50.24034],[19.03076,50.24116]]}},{"type":"Feature","properties":{"numer":"6428S","klasa":"droga zbiorcza","kat":"powiatowa"},"geometry":{"type":"LineString","coordinates":[[19.02509,50.24168],[19.0251,50.24135],[19.02486,50.24045],[19.02494,50.24037]]}},{"type":"Feature","properties":{"numer":"6476S","klasa":"droga zbiorcza","kat":"powiatowa"},"geometry":{"type":"LineString","coordinates":[[19.01654,50.24094],[19.01709,50.24118],[19.01754,50.24152]]}},{"type":"Feature","properties":{"numer":"6467S","klasa":"droga zbiorcza","kat":"powiatowa"},"geometry":{"type":"LineString","coordinates":[[19.03076,50.24116],[19.03283,50.24146]]}},{"type":"Feature","properties":{"numer":"6476S","klasa":"droga zbiorcza","kat":"powiatowa"},"geometry":{"type":"LineString","coordinates":[[19.01754,50.24152],[19.01866,50.24246]]}},{"type":"Feature","properties":{"numer":"6554S","klasa":"droga zbiorcza","kat":"powiatowa"},"geometry":{"type":"LineString","coordinates":[[18.98034,50.23952],[18.98024,50.23933]]}},{"type":"Feature","properties":{"numer":"6554S","klasa":"droga zbiorcza","kat":"powiatowa"},"geometry":{"type":"LineString","coordinates":[[18.98075,50.24019],[18.98034,50.23952]]}},{"type":"Feature","properties":{"numer":"6458S","klasa":"droga zbiorcza","kat":"powiatowa"},"geometry":{"type":"LineString","coordinates":[[19.00424,50.23975],[19.00522,50.2408]]}},{"type":"Feature","properties":{"numer":"6554S","klasa":"droga zbiorcza","kat":"powiatowa"},"geometry":{"type":"LineString","coordinates":[[18.98108,50.24074],[18.98075,50.24019]]}},{"type":"Feature","properties":{"numer":"6453S","klasa":"droga zbiorcza","kat":"powiatowa"},"geometry":{"type":"LineString","coordinates":[[18.99455,50.23975],[18.99512,50.24117],[18.99516,50.2425]]}},{"type":"Feature","properties":{"numer":"6465S","klasa":"droga zbiorcza","kat":"powiatowa"},"geometry":{"type":"LineString","coordinates":[[18.99061,50.24054],[18.99387,50.24216]]}},{"type":"Feature","properties":{"numer":"6554S","klasa":"droga zbiorcza","kat":"powiatowa"},"geometry":{"type":"LineString","coordinates":[[18.98233,50.24259],[18.98108,50.24074]]}},{"type":"Feature","properties":{"numer":"6465S","klasa":"droga zbiorcza","kat":"powiatowa"},"geometry":{"type":"LineString","coordinates":[[18.99387,50.24216],[18.99411,50.24227]]}},{"type":"Feature","properties":{"numer":"6465S","klasa":"droga zbiorcza","kat":"powiatowa"},"geometry":{"type":"LineString","coordinates":[[18.99411,50.24227],[18.99462,50.24249],[18.99516,50.2425]]}},{"type":"Feature","properties":{"numer":"6554S","klasa":"droga zbiorcza","kat":"powiatowa"},"geometry":{"type":"LineString","coordinates":[[18.98302,50.24368],[18.98233,50.24259]]}},{"type":"Feature","properties":{"numer":"6428S","klasa":"droga zbiorcza","kat":"powiatowa"},"geometry":{"type":"LineString","coordinates":[[19.02448,50.24298],[19.02498,50.24238],[19.02509,50.24168]]}},{"type":"Feature","properties":{"numer":"6458S","klasa":"droga zbiorcza","kat":"powiatowa"},"geometry":{"type":"LineString","coordinates":[[19.00522,50.2408],[19.00862,50.2446]]}},{"type":"Feature","properties":{"numer":"6416S","klasa":"droga zbiorcza","kat":"powiatowa"},"geometry":{"type":"LineString","coordinates":[[19.01866,50.24246],[19.01774,50.24284],[19.01357,50.24363]]}},{"type":"Feature","properties":{"numer":"6416S","klasa":"droga zbiorcza","kat":"powiatowa"},"geometry":{"type":"LineString","coordinates":[[19.02106,50.24375],[19.02054,50.24374],[19.02007,50.24357],[19.01866,50.24246]]}},{"type":"Feature","properties":{"numer":"6428S","klasa":"droga zbiorcza","kat":"powiatowa"},"geometry":{"type":"LineString","coordinates":[[19.02415,50.2435],[19.02448,50.24298]]}},{"type":"Feature","properties":{"numer":"6416S","klasa":"droga zbiorcza","kat":"powiatowa"},"geometry":{"type":"LineString","coordinates":[[19.02415,50.2435],[19.02318,50.24357]]}},{"type":"Feature","properties":{"numer":"6416S","klasa":"droga zbiorcza","kat":"powiatowa"},"geometry":{"type":"LineString","coordinates":[[19.02318,50.24357],[19.02106,50.24375]]}},{"type":"Feature","properties":{"numer":"6416S","klasa":"droga zbiorcza","kat":"powiatowa"},"geometry":{"type":"LineString","coordinates":[[19.01357,50.24363],[19.01148,50.24374]]}},{"type":"Feature","properties":{"numer":"6428S","klasa":"droga zbiorcza","kat":"powiatowa"},"geometry":{"type":"LineString","coordinates":[[19.02456,50.24417],[19.02415,50.2435]]}},{"type":"Feature","properties":{"numer":"6416S","klasa":"droga zbiorcza","kat":"powiatowa"},"geometry":{"type":"LineString","coordinates":[[19.01148,50.24374],[19.01042,50.24392],[19.00862,50.2446]]}},{"type":"Feature","properties":{"numer":"6479S","klasa":"droga zbiorcza","kat":"powiatowa"},"geometry":{"type":"LineString","coordinates":[[18.99516,50.2425],[18.9959,50.2434],[18.99651,50.24438]]}},{"type":"Feature","properties":{"numer":"6422S","klasa":"","kat":"powiatowa"},"geometry":{"type":"LineString","coordinates":[[18.98278,50.24375],[18.98302,50.24368]]}},{"type":"Feature","properties":{"numer":"6422S","klasa":"","kat":"powiatowa"},"geometry":{"type":"LineString","coordinates":[[18.98264,50.24378],[18.98278,50.24375]]}},{"type":"Feature","properties":{"numer":"6422S","klasa":"","kat":"powiatowa"},"geometry":{"type":"LineString","coordinates":[[18.98154,50.24413],[18.98264,50.24378]]}},{"type":"Feature","properties":{"numer":"6422S","klasa":"","kat":"powiatowa"},"geometry":{"type":"LineString","coordinates":[[18.98077,50.24475],[18.98089,50.24455],[18.98154,50.24413]]}},{"type":"Feature","properties":{"numer":"6422S","klasa":"","kat":"powiatowa"},"geometry":{"type":"LineString","coordinates":[[18.98138,50.24491],[18.98077,50.24475]]}},{"type":"Feature","properties":{"numer":"100056S","klasa":"droga dojazdowa","kat":"powiatowa"},"geometry":{"type":"LineString","coordinates":[[18.98659,50.24614],[18.98546,50.24528],[18.98302,50.24368]]}},{"type":"Feature","properties":{"numer":"6422S","klasa":"","kat":"powiatowa"},"geometry":{"type":"LineString","coordinates":[[18.98138,50.24491],[18.98163,50.24503]]}},{"type":"Feature","properties":{"numer":"6479S","klasa":"droga zbiorcza","kat":"powiatowa"},"geometry":{"type":"LineString","coordinates":[[18.99651,50.24438],[18.99723,50.24558]]}},{"type":"Feature","properties":{"numer":"6422S","klasa":"","kat":"powiatowa"},"geometry":{"type":"LineString","coordinates":[[18.98174,50.24501],[18.98163,50.24503]]}},{"type":"Feature","properties":{"numer":"6428S","klasa":"droga zbiorcza","kat":"powiatowa"},"geometry":{"type":"LineString","coordinates":[[19.02505,50.24506],[19.02456,50.24417]]}},{"type":"Feature","properties":{"numer":"6527S","klasa":"droga zbiorcza","kat":"powiatowa"},"geometry":{"type":"LineString","coordinates":[[19.01357,50.24363],[19.01587,50.24578]]}},{"type":"Feature","properties":{"numer":"6428S","klasa":"droga zbiorcza","kat":"powiatowa"},"geometry":{"type":"LineString","coordinates":[[19.0255,50.24613],[19.02505,50.24506]]}},{"type":"Feature","properties":{"numer":"6428S","klasa":"droga zbiorcza","kat":"powiatowa"},"geometry":{"type":"LineString","coordinates":[[19.02505,50.24506],[19.02486,50.24501],[19.02449,50.24508],[19.02398,50.24536],[19.02299,50.24601],[19.02293,50.24631]]}},{"type":"Feature","properties":{"numer":"6458S","klasa":"droga zbiorcza","kat":"powiatowa"},"geometry":{"type":"LineString","coordinates":[[19.00862,50.2446],[19.01059,50.24681]]}},{"type":"Feature","properties":{"numer":"6527S","klasa":"droga zbiorcza","kat":"powiatowa"},"geometry":{"type":"LineString","coordinates":[[19.01587,50.24578],[19.01613,50.24614]]}},{"type":"Feature","properties":{"numer":"A4,E40","klasa":"autostrada","kat":"krajowa"},"geometry":{"type":"LineString","coordinates":[[19.0255,50.24613],[19.02824,50.24594]]}},{"type":"Feature","properties":{"numer":"6527S","klasa":"droga zbiorcza","kat":"powiatowa"},"geometry":{"type":"LineString","coordinates":[[19.01613,50.24614],[19.01616,50.24621]]}},{"type":"Feature","properties":{"numer":"A4,E40","klasa":"autostrada","kat":"krajowa"},"geometry":{"type":"LineString","coordinates":[[19.02293,50.24631],[19.0255,50.24613]]}},{"type":"Feature","properties":{"numer":"6527S","klasa":"droga zbiorcza","kat":"powiatowa"},"geometry":{"type":"LineString","coordinates":[[19.01616,50.24621],[19.01621,50.24631]]}},{"type":"Feature","properties":{"numer":"6461S","klasa":"droga zbiorcza","kat":"powiatowa"},"geometry":{"type":"LineString","coordinates":[[18.9613,50.23855],[18.96098,50.23752]]}},{"type":"Feature","properties":{"numer":"6553S","klasa":"droga zbiorcza","kat":"powiatowa"},"geometry":{"type":"LineString","coordinates":[[18.96189,50.23849],[18.96606,50.23795],[18.96626,50.23787]]}},{"type":"Feature","properties":{"numer":"100661S","klasa":"droga dojazdowa","kat":"powiatowa"},"geometry":{"type":"LineString","coordinates":[[18.95904,50.23833],[18.95995,50.23859]]}},{"type":"Feature","properties":{"numer":"6553S","klasa":"droga zbiorcza","kat":"powiatowa"},"geometry":{"type":"LineString","coordinates":[[18.9613,50.23855],[18.96189,50.23849]]}},{"type":"Feature","properties":{"numer":"100661S","klasa":"droga dojazdowa","kat":"powiatowa"},"geometry":{"type":"LineString","coordinates":[[18.95995,50.23859],[18.9613,50.23855]]}},{"type":"Feature","properties":{"numer":"A4,E40","klasa":"droga zbiorcza","kat":"krajowa"},"geometry":{"type":"LineString","coordinates":[[18.97808,50.25386],[18.97081,50.25514],[18.96784,50.25555]]}},{"type":"Feature","properties":{"numer":"6434S","klasa":"","kat":"powiatowa"},"geometry":{"type":"LineString","coordinates":[[19.06417,50.23907],[19.07126,50.24009]]}},{"type":"Feature","properties":{"numer":"6534S","klasa":"droga zbiorcza","kat":"powiatowa"},"geometry":{"type":"LineString","coordinates":[[19.07798,50.23958],[19.0785,50.24119]]}},{"type":"Feature","properties":{"numer":"6434S","klasa":"","kat":"powiatowa"},"geometry":{"type":"LineString","coordinates":[[19.07126,50.24009],[19.07584,50.24078]]}},{"type":"Feature","properties":{"numer":"6434S","klasa":"","kat":"powiatowa"},"geometry":{"type":"LineString","coordinates":[[19.07584,50.24078],[19.0785,50.24119]]}},{"type":"Feature","properties":{"numer":"6534S","klasa":"droga zbiorcza","kat":"powiatowa"},"geometry":{"type":"LineString","coordinates":[[19.0785,50.24119],[19.07974,50.24513]]}},{"type":"Feature","properties":{"numer":"6534S","klasa":"droga zbiorcza","kat":"powiatowa"},"geometry":{"type":"LineString","coordinates":[[19.07974,50.24513],[19.08009,50.24624]]}},{"type":"Feature","properties":{"numer":"","klasa":"droga wewnÄ™trzna","kat":"gminna"},"geometry":{"type":"LineString","coordinates":[[19.06149,50.24614],[19.06689,50.2467]]}},{"type":"Feature","properties":{"numer":"6490S","klasa":"droga zbiorcza","kat":"powiatowa"},"geometry":{"type":"LineString","coordinates":[[19.08981,50.24679],[19.09061,50.24636]]}},{"type":"Feature","properties":{"numer":"","klasa":"droga wewnÄ™trzna","kat":"gminna"},"geometry":{"type":"LineString","coordinates":[[19.06689,50.2467],[19.07086,50.24713]]}},{"type":"Feature","properties":{"numer":"6490S","klasa":"droga zbiorcza","kat":"powiatowa"},"geometry":{"type":"LineString","coordinates":[[19.08981,50.24679],[19.0895,50.24709],[19.08946,50.2473]]}},{"type":"Feature","properties":{"numer":"6490S","klasa":"droga gĹ‚Ăłwna","kat":"powiatowa"},"geometry":{"type":"LineString","coordinates":[[19.10167,50.24345],[19.101577089947096,50.24347986394558]]}},{"type":"Feature","properties":{"numer":"6490S","klasa":"droga gĹ‚Ăłwna","kat":"powiatowa"},"geometry":{"type":"LineString","coordinates":[[19.10137196128213,50.24354579815932],[19.10111,50.24363]]}},{"type":"Feature","properties":{"numer":"6490S","klasa":"droga gĹ‚Ăłwna","kat":"powiatowa"},"geometry":{"type":"LineString","coordinates":[[19.10046,50.24384],[19.10111,50.24363]]}},{"type":"Feature","properties":{"numer":"6490S","klasa":"droga zbiorcza","kat":"powiatowa"},"geometry":{"type":"LineString","coordinates":[[19.10025,50.24391],[19.10046,50.24384]]}},{"type":"Feature","properties":{"numer":"6490S","klasa":"droga zbiorcza","kat":"powiatowa"},"geometry":{"type":"LineString","coordinates":[[19.09949,50.24417],[19.10025,50.24391]]}},{"type":"Feature","properties":{"numer":"6490S","klasa":"droga zbiorcza","kat":"powiatowa"},"geometry":{"type":"LineString","coordinates":[[19.09738,50.2445],[19.09767,50.24426],[19.09791,50.24377],[19.09858,50.24366],[19.0989,50.24374],[19.09921,50.24426]]}},{"type":"Feature","properties":{"numer":"6490S","klasa":"droga zbiorcza","kat":"powiatowa"},"geometry":{"type":"LineString","coordinates":[[19.09927,50.24424],[19.09949,50.24417]]}},{"type":"Feature","properties":{"numer":"6490S","klasa":"droga zbiorcza","kat":"powiatowa"},"geometry":{"type":"LineString","coordinates":[[19.09921,50.24426],[19.09927,50.24424]]}},{"type":"Feature","properties":{"numer":"6490S","klasa":"droga zbiorcza","kat":"powiatowa"},"geometry":{"type":"LineString","coordinates":[[19.09456,50.24439],[19.09493,50.24427],[19.09549,50.2442],[19.09738,50.2445]]}},{"type":"Feature","properties":{"numer":"6490S","klasa":"droga zbiorcza","kat":"powiatowa"},"geometry":{"type":"LineString","coordinates":[[19.09921,50.24426],[19.09857,50.24444],[19.09738,50.2445]]}},{"type":"Feature","properties":{"numer":"6490S","klasa":"droga gĹ‚Ăłwna","kat":"powiatowa"},"geometry":{"type":"LineString","coordinates":[[19.10167,50.24345],[19.10198974409447,50.24345864173229]]}},{"type":"Feature","properties":{"numer":"6490S","klasa":"droga zbiorcza","kat":"powiatowa"},"geometry":{"type":"LineString","coordinates":[[19.09442,50.24445],[19.09456,50.24439]]}},{"type":"Feature","properties":{"numer":"6490S","klasa":"droga zbiorcza","kat":"powiatowa"},"geometry":{"type":"LineString","coordinates":[[19.09101,50.24619],[19.09442,50.24445]]}},{"type":"Feature","properties":{"numer":"6490S","klasa":"droga zbiorcza","kat":"powiatowa"},"geometry":{"type":"LineString","coordinates":[[19.09061,50.24636],[19.09101,50.24619]]}},{"type":"Feature","properties":{"numer":"6508S","klasa":"droga zbiorcza","kat":"powiatowa"},"geometry":{"type":"LineString","coordinates":[[19.03994,50.24412],[19.04029,50.24571],[19.04029,50.24584],[19.04013,50.246]]}},{"type":"Feature","properties":{"numer":"86","klasa":"droga gĹ‚Ăłwna","kat":"krajowa"},"geometry":{"type":"LineString","coordinates":[[19.04957,50.2486],[19.05214,50.2416]]}},{"type":"Feature","properties":{"numer":"6489S","klasa":"","kat":"powiatowa"},"geometry":{"type":"LineString","coordinates":[[19.03645,50.24503],[19.03672,50.24525],[19.03696,50.24613]]}},{"type":"Feature","properties":{"numer":"6522S","klasa":"droga zbiorcza","kat":"powiatowa"},"geometry":{"type":"LineString","coordinates":[[19.03696,50.24613],[19.03688,50.24617],[19.03543,50.24589],[19.03472,50.24585],[19.03146,50.24619]]}},{"type":"Feature","properties":{"numer":"6436S","klasa":"droga zbiorcza","kat":"powiatowa"},"geometry":{"type":"LineString","coordinates":[[19.0384,50.24624],[19.04013,50.246]]}},{"type":"Feature","properties":{"numer":"6436S","klasa":"droga zbiorcza","kat":"powiatowa"},"geometry":{"type":"LineString","coordinates":[[19.03709,50.24669],[19.03766,50.24644],[19.0384,50.24624]]}},{"type":"Feature","properties":{"numer":"6436S","klasa":"droga zbiorcza","kat":"powiatowa"},"geometry":{"type":"LineString","coordinates":[[19.03709,50.24669],[19.03705,50.2468]]}},{"type":"Feature","properties":{"numer":"6436S","klasa":"droga zbiorcza","kat":"powiatowa"},"geometry":{"type":"LineString","coordinates":[[19.03575,50.24757],[19.03709,50.24669]]}},{"type":"Feature","properties":{"numer":"6436S","klasa":"droga zbiorcza","kat":"powiatowa"},"geometry":{"type":"LineString","coordinates":[[19.03474,50.24823],[19.03575,50.24757]]}},{"type":"Feature","properties":{"numer":"6433S","klasa":"droga zbiorcza","kat":"powiatowa"},"geometry":{"type":"LineString","coordinates":[[19.05055,50.24703],[19.05037,50.24773],[19.05084,50.24841],[19.05077,50.24881]]}},{"type":"Feature","properties":{"numer":"","klasa":"droga wewnÄ™trzna","kat":"gminna"},"geometry":{"type":"LineString","coordinates":[[19.07151,50.24723],[19.07086,50.24713]]}},{"type":"Feature","properties":{"numer":"","klasa":"droga wewnÄ™trzna","kat":"gminna"},"geometry":{"type":"LineString","coordinates":[[19.07233,50.24739],[19.07151,50.24723]]}},{"type":"Feature","properties":{"numer":"6490S","klasa":"droga zbiorcza","kat":"powiatowa"},"geometry":{"type":"LineString","coordinates":[[19.08946,50.2473],[19.08873,50.24747],[19.08842,50.24763]]}},{"type":"Feature","properties":{"numer":"","klasa":"droga wewnÄ™trzna","kat":"gminna"},"geometry":{"type":"LineString","coordinates":[[19.07233,50.24739],[19.07507,50.24777]]}},{"type":"Feature","properties":{"numer":"","klasa":"droga wewnÄ™trzna","kat":"gminna"},"geometry":{"type":"LineString","coordinates":[[19.07961,50.2479],[19.08006,50.24772],[19.08054,50.24765]]}},{"type":"Feature","properties":{"numer":"6490S","klasa":"droga zbiorcza","kat":"powiatowa"},"geometry":{"type":"LineString","coordinates":[[19.08766,50.24808],[19.08842,50.24763]]}},{"type":"Feature","properties":{"numer":"","klasa":"droga wewnÄ™trzna","kat":"gminna"},"geometry":{"type":"LineString","coordinates":[[19.07761,50.24817],[19.07507,50.24777]]}},{"type":"Feature","properties":{"numer":"","klasa":"droga wewnÄ™trzna","kat":"gminna"},"geometry":{"type":"LineString","coordinates":[[19.07893,50.24813],[19.07961,50.2479]]}},{"type":"Feature","properties":{"numer":"","klasa":"droga wewnÄ™trzna","kat":"gminna"},"geometry":{"type":"LineString","coordinates":[[19.07843,50.2482],[19.07893,50.24813]]}},{"type":"Feature","properties":{"numer":"","klasa":"droga wewnÄ™trzna","kat":"gminna"},"geometry":{"type":"LineString","coordinates":[[19.07843,50.2482],[19.07761,50.24817]]}},{"type":"Feature","properties":{"numer":"6469S","klasa":"droga zbiorcza","kat":"powiatowa"},"geometry":{"type":"LineString","coordinates":[[19.08946,50.2473],[19.0905,50.25033],[19.09216,50.25315]]}},{"type":"Feature","properties":{"numer":"79","klasa":"droga gĹ‚Ăłwna ruchu przyĹ›pieszonego","kat":"krajowa"},"geometry":{"type":"LineString","coordinates":[[19.11066,50.25064],[19.11069651792229,50.25063147026632]]}},{"type":"Feature","properties":{"numer":"79","klasa":"droga gĹ‚Ăłwna","kat":"krajowa"},"geometry":{"type":"LineString","coordinates":[[19.11056,50.25066],[19.11066,50.25064]]}},{"type":"Feature","properties":{"numer":"79","klasa":"droga gĹ‚Ăłwna","kat":"krajowa"},"geometry":{"type":"LineString","coordinates":[[19.11056,50.25066],[19.10697,50.25151]]}},{"type":"Feature","properties":{"numer":"6527S","klasa":"droga zbiorcza","kat":"powiatowa"},"geometry":{"type":"LineString","coordinates":[[19.01748,50.24917],[19.01713,50.24839]]}},{"type":"Feature","properties":{"numer":"6522S","klasa":"droga zbiorcza","kat":"powiatowa"},"geometry":{"type":"LineString","coordinates":[[19.02869,50.24833],[19.03001,50.24941],[19.0313,50.24943]]}},{"type":"Feature","properties":{"numer":"6428S","klasa":"droga zbiorcza","kat":"powiatowa"},"geometry":{"type":"LineString","coordinates":[[19.0262,50.24947],[19.02608,50.24878]]}},{"type":"Feature","properties":{"numer":"6458S","klasa":"droga zbiorcza","kat":"powiatowa"},"geometry":{"type":"LineString","coordinates":[[19.01253,50.24895],[19.01311,50.2496]]}},{"type":"Feature","properties":{"numer":"6419S","klasa":"","kat":"powiatowa"},"geometry":{"type":"LineString","coordinates":[[19.02934,50.25025],[19.02896,50.24928],[19.0283,50.24874]]}},{"type":"Feature","properties":{"numer":"6527S","klasa":"droga zbiorcza","kat":"powiatowa"},"geometry":{"type":"LineString","coordinates":[[19.01748,50.24917],[19.01786,50.24988]]}},{"type":"Feature","properties":{"numer":"6522S","klasa":"droga zbiorcza","kat":"powiatowa"},"geometry":{"type":"LineString","coordinates":[[19.0313,50.24943],[19.03166,50.24944],[19.03239,50.24959],[19.03262,50.24975]]}},{"type":"Feature","properties":{"numer":"6436S","klasa":"droga zbiorcza","kat":"powiatowa"},"geometry":{"type":"LineString","coordinates":[[19.03262,50.24975],[19.03282,50.24958]]}},{"type":"Feature","properties":{"numer":"6530S","klasa":"droga zbiorcza","kat":"powiatowa"},"geometry":{"type":"LineString","coordinates":[[19.01613,50.25005],[19.01765,50.24982],[19.01786,50.24988]]}},{"type":"Feature","properties":{"numer":"6458S","klasa":"droga zbiorcza","kat":"powiatowa"},"geometry":{"type":"LineString","coordinates":[[19.01311,50.2496],[19.01376,50.25035]]}},{"type":"Feature","properties":{"numer":"6490S","klasa":"droga zbiorcza","kat":"powiatowa"},"geometry":{"type":"LineString","coordinates":[[19.08719,50.24835],[19.08766,50.24808]]}},{"type":"Feature","properties":{"numer":"6534S","klasa":"droga zbiorcza","kat":"powiatowa"},"geometry":{"type":"LineString","coordinates":[[19.08009,50.24624],[19.08092,50.24882],[19.08226,50.25034]]}},{"type":"Feature","properties":{"numer":"6490S","klasa":"droga zbiorcza","kat":"powiatowa"},"geometry":{"type":"LineString","coordinates":[[19.08392,50.25005],[19.08719,50.24835]]}},{"type":"Feature","properties":{"numer":"6490S","klasa":"droga zbiorcza","kat":"powiatowa"},"geometry":{"type":"LineString","coordinates":[[19.08265,50.25077],[19.08392,50.25005]]}},{"type":"Feature","properties":{"numer":"6534S","klasa":"droga zbiorcza","kat":"powiatowa"},"geometry":{"type":"LineString","coordinates":[[19.08226,50.25034],[19.08265,50.25077]]}},{"type":"Feature","properties":{"numer":"6534S","klasa":"droga zbiorcza","kat":"powiatowa"},"geometry":{"type":"LineString","coordinates":[[19.08265,50.25077],[19.08268,50.2508]]}},{"type":"Feature","properties":{"numer":"6534S","klasa":"droga zbiorcza","kat":"powiatowa"},"geometry":{"type":"LineString","coordinates":[[19.08268,50.2508],[19.08542,50.25379]]}},{"type":"Feature","properties":{"numer":"79","klasa":"droga gĹ‚Ăłwna","kat":"krajowa"},"geometry":{"type":"LineString","coordinates":[[19.09216,50.25315],[19.08643,50.25487]]}},{"type":"Feature","properties":{"numer":"6534S","klasa":"droga zbiorcza","kat":"powiatowa"},"geometry":{"type":"LineString","coordinates":[[19.08542,50.25379],[19.08622,50.25465]]}},{"type":"Feature","properties":{"numer":"6534S","klasa":"droga zbiorcza","kat":"powiatowa"},"geometry":{"type":"LineString","coordinates":[[19.08622,50.25465],[19.08643,50.25487]]}},{"type":"Feature","properties":{"numer":"6436S","klasa":"droga zbiorcza","kat":"powiatowa"},"geometry":{"type":"LineString","coordinates":[[19.03384,50.24883],[19.03474,50.24823]]}},{"type":"Feature","properties":{"numer":"6433S","klasa":"droga zbiorcza","kat":"powiatowa"},"geometry":{"type":"LineString","coordinates":[[19.04957,50.2486],[19.04968,50.24861]]}},{"type":"Feature","properties":{"numer":"6433S","klasa":"droga zbiorcza","kat":"powiatowa"},"geometry":{"type":"LineString","coordinates":[[19.04968,50.24861],[19.05077,50.24881]]}},{"type":"Feature","properties":{"numer":"6436S","klasa":"droga zbiorcza","kat":"powiatowa"},"geometry":{"type":"LineString","coordinates":[[19.03282,50.24958],[19.03384,50.24883]]}},{"type":"Feature","properties":{"numer":"6433S","klasa":"droga zbiorcza","kat":"powiatowa"},"geometry":{"type":"LineString","coordinates":[[19.05077,50.24881],[19.0499,50.25036]]}},{"type":"Feature","properties":{"numer":"6433S","klasa":"droga zbiorcza","kat":"powiatowa"},"geometry":{"type":"LineString","coordinates":[[19.0499,50.25036],[19.04974,50.25065]]}},{"type":"Feature","properties":{"numer":"86","klasa":"droga gĹ‚Ăłwna","kat":"krajowa"},"geometry":{"type":"LineString","coordinates":[[19.0482,50.25242],[19.04957,50.2486]]}},{"type":"Feature","properties":{"numer":"6436S","klasa":"droga zbiorcza","kat":"powiatowa"},"geometry":{"type":"LineString","coordinates":[[19.03319,50.25112],[19.03306,50.25067]]}},{"type":"Feature","properties":{"numer":"6436S","klasa":"droga zbiorcza","kat":"powiatowa"},"geometry":{"type":"LineString","coordinates":[[19.03322,50.25121],[19.03319,50.25112]]}},{"type":"Feature","properties":{"numer":"6436S","klasa":"droga zbiorcza","kat":"powiatowa"},"geometry":{"type":"LineString","coordinates":[[19.03409,50.25291],[19.03351,50.25215],[19.03322,50.25121]]}},{"type":"Feature","properties":{"numer":"79","klasa":"droga gĹ‚Ăłwna","kat":"krajowa"},"geometry":{"type":"LineString","coordinates":[[19.10697,50.25151],[19.10526,50.25192]]}},{"type":"Feature","properties":{"numer":"79","klasa":"droga gĹ‚Ăłwna","kat":"krajowa"},"geometry":{"type":"LineString","coordinates":[[19.10494,50.25199],[19.10526,50.25192]]}},{"type":"Feature","properties":{"numer":"79","klasa":"droga gĹ‚Ăłwna","kat":"krajowa"},"geometry":{"type":"LineString","coordinates":[[19.10424,50.25215],[19.10494,50.25199]]}},{"type":"Feature","properties":{"numer":"79","klasa":"droga gĹ‚Ăłwna","kat":"krajowa"},"geometry":{"type":"LineString","coordinates":[[19.10424,50.25215],[19.10265,50.25231]]}},{"type":"Feature","properties":{"numer":"79","klasa":"droga gĹ‚Ăłwna","kat":"krajowa"},"geometry":{"type":"LineString","coordinates":[[19.10265,50.25231],[19.09954,50.25241]]}},{"type":"Feature","properties":{"numer":"100703S","klasa":"droga dojazdowa","kat":"powiatowa"},"geometry":{"type":"LineString","coordinates":[[19.10097,50.25292],[19.10219,50.25263]]}},{"type":"Feature","properties":{"numer":"79","klasa":"droga gĹ‚Ăłwna","kat":"krajowa"},"geometry":{"type":"LineString","coordinates":[[19.09954,50.25241],[19.09494,50.2525],[19.09387,50.25264],[19.09216,50.25315]]}},{"type":"Feature","properties":{"numer":"100703S","klasa":"droga dojazdowa","kat":"powiatowa"},"geometry":{"type":"LineString","coordinates":[[19.10077,50.25297],[19.10097,50.25292]]}},{"type":"Feature","properties":{"numer":"100703S","klasa":"droga dojazdowa","kat":"powiatowa"},"geometry":{"type":"LineString","coordinates":[[19.09994,50.25317],[19.10077,50.25297]]}},{"type":"Feature","properties":{"numer":"100703S","klasa":"droga dojazdowa","kat":"powiatowa"},"geometry":{"type":"LineString","coordinates":[[19.09662,50.25396],[19.09994,50.25317]]}},{"type":"Feature","properties":{"numer":"6527S","klasa":"droga zbiorcza","kat":"powiatowa"},"geometry":{"type":"LineString","coordinates":[[19.01616,50.24621],[19.01744,50.24615],[19.01837,50.2464]]}},{"type":"Feature","properties":{"numer":"6527S","klasa":"droga zbiorcza","kat":"powiatowa"},"geometry":{"type":"LineString","coordinates":[[19.01621,50.24631],[19.01628,50.24645]]}},{"type":"Feature","properties":{"numer":"A4,E40","klasa":"autostrada","kat":"krajowa"},"geometry":{"type":"LineString","coordinates":[[19.01641,50.24675],[19.02293,50.24631]]}},{"type":"Feature","properties":{"numer":"6527S","klasa":"droga zbiorcza","kat":"powiatowa"},"geometry":{"type":"LineString","coordinates":[[19.01628,50.24645],[19.01641,50.24675]]}},{"type":"Feature","properties":{"numer":"6428S","klasa":"droga zbiorcza","kat":"powiatowa"},"geometry":{"type":"LineString","coordinates":[[19.02293,50.24631],[19.02356,50.24694]]}},{"type":"Feature","properties":{"numer":"6527S","klasa":"droga zbiorcza","kat":"powiatowa"},"geometry":{"type":"LineString","coordinates":[[19.01641,50.24675],[19.01648,50.24691]]}},{"type":"Feature","properties":{"numer":"6527S","klasa":"droga zbiorcza","kat":"powiatowa"},"geometry":{"type":"LineString","coordinates":[[19.01648,50.24691],[19.01697,50.2469]]}},{"type":"Feature","properties":{"numer":"6527S","klasa":"droga zbiorcza","kat":"powiatowa"},"geometry":{"type":"LineString","coordinates":[[19.01481,50.24692],[19.01648,50.24691]]}},{"type":"Feature","properties":{"numer":"6527S","klasa":"droga zbiorcza","kat":"powiatowa"},"geometry":{"type":"LineString","coordinates":[[19.01717,50.24694],[19.01697,50.2469]]}},{"type":"Feature","properties":{"numer":"A4,E40","klasa":"autostrada","kat":"krajowa"},"geometry":{"type":"LineString","coordinates":[[19.01088,50.24712],[19.01641,50.24675]]}},{"type":"Feature","properties":{"numer":"6422S","klasa":"","kat":"powiatowa"},"geometry":{"type":"LineString","coordinates":[[18.98163,50.24503],[18.98156,50.24513]]}},{"type":"Feature","properties":{"numer":"6422S","klasa":"","kat":"powiatowa"},"geometry":{"type":"LineString","coordinates":[[18.98192,50.24541],[18.98203,50.24533],[18.98199,50.24523],[18.98174,50.24501]]}},{"type":"Feature","properties":{"numer":"6422S","klasa":"","kat":"powiatowa"},"geometry":{"type":"LineString","coordinates":[[18.98169,50.24535],[18.98156,50.24513]]}},{"type":"Feature","properties":{"numer":"6422S","klasa":"","kat":"powiatowa"},"geometry":{"type":"LineString","coordinates":[[18.98169,50.24535],[18.98181,50.24539]]}},{"type":"Feature","properties":{"numer":"6422S","klasa":"","kat":"powiatowa"},"geometry":{"type":"LineString","coordinates":[[18.98181,50.24539],[18.98192,50.24541]]}},{"type":"Feature","properties":{"numer":"6422S","klasa":"","kat":"powiatowa"},"geometry":{"type":"LineString","coordinates":[[18.98169,50.24557],[18.98181,50.24539]]}},{"type":"Feature","properties":{"numer":"6422S","klasa":"","kat":"powiatowa"},"geometry":{"type":"LineString","coordinates":[[18.9815,50.24625],[18.98149,50.24577],[18.98169,50.24557]]}},{"type":"Feature","properties":{"numer":"6479S","klasa":"droga zbiorcza","kat":"powiatowa"},"geometry":{"type":"LineString","coordinates":[[18.99723,50.24558],[18.99785,50.24665]]}},{"type":"Feature","properties":{"numer":"6422S","klasa":"","kat":"powiatowa"},"geometry":{"type":"LineString","coordinates":[[18.98181,50.24697],[18.9815,50.24625]]}},{"type":"Feature","properties":{"numer":"6422S","klasa":"","kat":"powiatowa"},"geometry":{"type":"LineString","coordinates":[[18.98263,50.24848],[18.98181,50.24697]]}},{"type":"Feature","properties":{"numer":"6527S","klasa":"droga zbiorcza","kat":"powiatowa"},"geometry":{"type":"LineString","coordinates":[[19.01648,50.24691],[19.01652,50.247]]}},{"type":"Feature","properties":{"numer":"6428S","klasa":"droga zbiorcza","kat":"powiatowa"},"geometry":{"type":"LineString","coordinates":[[19.02344,50.24699],[19.02356,50.24694]]}},{"type":"Feature","properties":{"numer":"6458S","klasa":"droga zbiorcza","kat":"powiatowa"},"geometry":{"type":"LineString","coordinates":[[19.01059,50.24681],[19.01088,50.24712]]}},{"type":"Feature","properties":{"numer":"6428S","klasa":"droga zbiorcza","kat":"powiatowa"},"geometry":{"type":"LineString","coordinates":[[19.0259,50.24794],[19.0255,50.24613]]}},{"type":"Feature","properties":{"numer":"A4,E40","klasa":"autostrada","kat":"krajowa"},"geometry":{"type":"LineString","coordinates":[[19.00721,50.24733],[19.01088,50.24712]]}},{"type":"Feature","properties":{"numer":"6522S","klasa":"droga zbiorcza","kat":"powiatowa"},"geometry":{"type":"LineString","coordinates":[[19.03146,50.24619],[19.02886,50.24645],[19.02824,50.2464],[19.02817,50.24652],[19.02862,50.24805],[19.02848,50.24818],[19.02869,50.24833]]}},{"type":"Feature","properties":{"numer":"6458S","klasa":"droga zbiorcza","kat":"powiatowa"},"geometry":{"type":"LineString","coordinates":[[19.01088,50.24712],[19.01117,50.24743]]}},{"type":"Feature","properties":{"numer":"6428S","klasa":"droga zbiorcza","kat":"powiatowa"},"geometry":{"type":"LineString","coordinates":[[19.02356,50.24694],[19.02505,50.24761]]}},{"type":"Feature","properties":{"numer":"A4,E40","klasa":"droga gĹ‚Ăłwna","kat":"krajowa"},"geometry":{"type":"LineString","coordinates":[[19.00643,50.24768],[19.0081,50.24741],[19.01088,50.24712]]}},{"type":"Feature","properties":{"numer":"6458S","klasa":"droga zbiorcza","kat":"powiatowa"},"geometry":{"type":"LineString","coordinates":[[19.01117,50.24743],[19.01146,50.24777]]}},{"type":"Feature","properties":{"numer":"6527S","klasa":"droga zbiorcza","kat":"powiatowa"},"geometry":{"type":"LineString","coordinates":[[19.01717,50.24694],[19.01731,50.24705],[19.01734,50.2473],[19.01725,50.24826],[19.01713,50.24839]]}},{"type":"Feature","properties":{"numer":"6527S","klasa":"droga zbiorcza","kat":"powiatowa"},"geometry":{"type":"LineString","coordinates":[[19.01713,50.24839],[19.01652,50.247]]}},{"type":"Feature","properties":{"numer":"6428S","klasa":"droga zbiorcza","kat":"powiatowa"},"geometry":{"type":"LineString","coordinates":[[19.02505,50.24761],[19.0257,50.24792],[19.0259,50.24794]]}},{"type":"Feature","properties":{"numer":"6419S","klasa":"","kat":"powiatowa"},"geometry":{"type":"LineString","coordinates":[[19.0259,50.24794],[19.02644,50.24798],[19.0271,50.24814]]}},{"type":"Feature","properties":{"numer":"6428S","klasa":"droga zbiorcza","kat":"powiatowa"},"geometry":{"type":"LineString","coordinates":[[19.02603,50.24847],[19.0259,50.24794]]}},{"type":"Feature","properties":{"numer":"6419S","klasa":"","kat":"powiatowa"},"geometry":{"type":"LineString","coordinates":[[19.0271,50.24814],[19.02786,50.2485]]}},{"type":"Feature","properties":{"numer":"6458S","klasa":"droga zbiorcza","kat":"powiatowa"},"geometry":{"type":"LineString","coordinates":[[19.01146,50.24777],[19.01253,50.24895]]}},{"type":"Feature","properties":{"numer":"6428S","klasa":"droga zbiorcza","kat":"powiatowa"},"geometry":{"type":"LineString","coordinates":[[19.02605,50.2486],[19.02603,50.24847]]}},{"type":"Feature","properties":{"numer":"6419S","klasa":"","kat":"powiatowa"},"geometry":{"type":"LineString","coordinates":[[19.02786,50.2485],[19.0283,50.24874]]}},{"type":"Feature","properties":{"numer":"6428S","klasa":"droga zbiorcza","kat":"powiatowa"},"geometry":{"type":"LineString","coordinates":[[19.02605,50.2486],[19.02608,50.24878]]}},{"type":"Feature","properties":{"numer":"A4,E40","klasa":"droga gĹ‚Ăłwna","kat":"krajowa"},"geometry":{"type":"LineString","coordinates":[[19.00211,50.24848],[19.0033,50.24792],[19.00482,50.24748],[19.00604,50.24729],[19.00721,50.24733]]}},{"type":"Feature","properties":{"numer":"6479S","klasa":"droga zbiorcza","kat":"powiatowa"},"geometry":{"type":"LineString","coordinates":[[18.99785,50.24665],[18.99871,50.24857],[18.99905,50.24907],[18.99962,50.24961]]}},{"type":"Feature","properties":{"numer":"100056S","klasa":"droga dojazdowa","kat":"powiatowa"},"geometry":{"type":"LineString","coordinates":[[18.99498,50.25088],[18.99491,50.25078],[18.99382,50.25087],[18.99331,50.25067],[18.99159,50.24962],[18.99083,50.24899],[18.9897,50.24835],[18.98704,50.24653],[18.98659,50.24614]]}},{"type":"Feature","properties":{"numer":"6479S","klasa":"droga zbiorcza","kat":"powiatowa"},"geometry":{"type":"LineString","coordinates":[[19.00643,50.24768],[19.00483,50.2481],[19.00377,50.24849],[19.0029,50.24895],[19.00255,50.24944]]}},{"type":"Feature","properties":{"numer":"A4,E40","klasa":"autostrada","kat":"krajowa"},"geometry":{"type":"LineString","coordinates":[[18.99991,50.24981],[19.00379,50.24801],[19.00555,50.24754],[19.00721,50.24733]]}},{"type":"Feature","properties":{"numer":"6422S","klasa":"","kat":"powiatowa"},"geometry":{"type":"LineString","coordinates":[[18.98287,50.24881],[18.98263,50.24848]]}},{"type":"Feature","properties":{"numer":"A4,E40","klasa":"droga gĹ‚Ăłwna","kat":"krajowa"},"geometry":{"type":"LineString","coordinates":[[19.00643,50.24768],[19.00454,50.24802],[19.00351,50.24836],[19.00022,50.24999]]}},{"type":"Feature","properties":{"numer":"A4,E40","klasa":"droga zbiorcza","kat":"krajowa"},"geometry":{"type":"LineString","coordinates":[[18.99962,50.24961],[19.00211,50.24848]]}},{"type":"Feature","properties":{"numer":"6422S","klasa":"","kat":"powiatowa"},"geometry":{"type":"LineString","coordinates":[[18.98384,50.24993],[18.98287,50.24881]]}},{"type":"Feature","properties":{"numer":"6555S","klasa":"droga zbiorcza","kat":"powiatowa"},"geometry":{"type":"LineString","coordinates":[[18.98949,50.24969],[18.9891,50.24966],[18.98871,50.24975]]}},{"type":"Feature","properties":{"numer":"6479S","klasa":"droga zbiorcza","kat":"powiatowa"},"geometry":{"type":"LineString","coordinates":[[18.99962,50.24961],[18.99991,50.24981]]}},{"type":"Feature","properties":{"numer":"6479S","klasa":"droga zbiorcza","kat":"powiatowa"},"geometry":{"type":"LineString","coordinates":[[18.99991,50.24981],[19.00022,50.24999]]}},{"type":"Feature","properties":{"numer":"6555S","klasa":"droga zbiorcza","kat":"powiatowa"},"geometry":{"type":"LineString","coordinates":[[18.98871,50.24975],[18.986,50.2502]]}},{"type":"Feature","properties":{"numer":"6422S","klasa":"","kat":"powiatowa"},"geometry":{"type":"LineString","coordinates":[[18.98404,50.25024],[18.98384,50.24993]]}},{"type":"Feature","properties":{"numer":"6504S","klasa":"droga zbiorcza","kat":"powiatowa"},"geometry":{"type":"LineString","coordinates":[[18.98949,50.24969],[18.98967,50.25075]]}},{"type":"Feature","properties":{"numer":"6555S","klasa":"droga zbiorcza","kat":"powiatowa"},"geometry":{"type":"LineString","coordinates":[[18.986,50.2502],[18.98404,50.25024]]}},{"type":"Feature","properties":{"numer":"6479S","klasa":"droga zbiorcza","kat":"powiatowa"},"geometry":{"type":"LineString","coordinates":[[19.00255,50.24944],[19.00265,50.25046],[19.00301,50.2508],[19.00344,50.251]]}},{"type":"Feature","properties":{"numer":"A4,E40","klasa":"droga zbiorcza","kat":"krajowa"},"geometry":{"type":"LineString","coordinates":[[18.99498,50.25088],[18.99732,50.25043],[18.9987,50.25001],[18.99962,50.24961]]}},{"type":"Feature","properties":{"numer":"6555S","klasa":"droga zbiorcza","kat":"powiatowa"},"geometry":{"type":"LineString","coordinates":[[18.98404,50.25024],[18.9814,50.25039]]}},{"type":"Feature","properties":{"numer":"A4,E40","klasa":"droga gĹ‚Ăłwna","kat":"krajowa"},"geometry":{"type":"LineString","coordinates":[[19.00022,50.24999],[18.99836,50.25074]]}},{"type":"Feature","properties":{"numer":"6428S","klasa":"droga zbiorcza","kat":"powiatowa"},"geometry":{"type":"LineString","coordinates":[[19.0262,50.24947],[19.02646,50.25076]]}},{"type":"Feature","properties":{"numer":"6530S","klasa":"droga zbiorcza","kat":"powiatowa"},"geometry":{"type":"LineString","coordinates":[[19.01376,50.25035],[19.0143,50.25033],[19.01613,50.25005]]}},{"type":"Feature","properties":{"numer":"6436S","klasa":"droga zbiorcza","kat":"powiatowa"},"geometry":{"type":"LineString","coordinates":[[19.03306,50.25067],[19.03262,50.24975]]}},{"type":"Feature","properties":{"numer":"6527S","klasa":"droga zbiorcza","kat":"powiatowa"},"geometry":{"type":"LineString","coordinates":[[19.01786,50.24988],[19.01814,50.25085]]}},{"type":"Feature","properties":{"numer":"6458S","klasa":"droga zbiorcza","kat":"powiatowa"},"geometry":{"type":"LineString","coordinates":[[19.01376,50.25035],[19.01379,50.25039]]}},{"type":"Feature","properties":{"numer":"6502S","klasa":"droga zbiorcza","kat":"powiatowa"},"geometry":{"type":"LineString","coordinates":[[19.01332,50.25055],[19.01379,50.25039]]}},{"type":"Feature","properties":{"numer":"6502S","klasa":"droga zbiorcza","kat":"powiatowa"},"geometry":{"type":"LineString","coordinates":[[19.01332,50.25055],[19.01092,50.25099]]}},{"type":"Feature","properties":{"numer":"6419S","klasa":"","kat":"powiatowa"},"geometry":{"type":"LineString","coordinates":[[19.02968,50.25153],[19.02934,50.25025]]}},{"type":"Feature","properties":{"numer":"6458S","klasa":"droga zbiorcza","kat":"powiatowa"},"geometry":{"type":"LineString","coordinates":[[19.01379,50.25039],[19.01477,50.25151]]}},{"type":"Feature","properties":{"numer":"6502S","klasa":"droga zbiorcza","kat":"powiatowa"},"geometry":{"type":"LineString","coordinates":[[19.01092,50.25099],[19.00951,50.25129]]}},{"type":"Feature","properties":{"numer":"6479S","klasa":"droga zbiorcza","kat":"powiatowa"},"geometry":{"type":"LineString","coordinates":[[19.00022,50.24999],[19.00122,50.25047],[19.0028,50.25087]]}},{"type":"Feature","properties":{"numer":"6408S","klasa":"droga zbiorcza","kat":"powiatowa"},"geometry":{"type":"LineString","coordinates":[[18.9814,50.25039],[18.98138,50.25066]]}},{"type":"Feature","properties":{"numer":"6479S","klasa":"droga zbiorcza","kat":"powiatowa"},"geometry":{"type":"LineString","coordinates":[[18.99836,50.25074],[18.99961,50.25065],[19.00078,50.25068]]}},{"type":"Feature","properties":{"numer":"6479S","klasa":"droga zbiorcza","kat":"powiatowa"},"geometry":{"type":"LineString","coordinates":[[19.00078,50.25068],[19.0028,50.25087]]}},{"type":"Feature","properties":{"numer":"A4,E40","klasa":"autostrada","kat":"krajowa"},"geometry":{"type":"LineString","coordinates":[[18.9908,50.25185],[18.99634,50.25087],[18.99794,50.25049],[18.99991,50.24981]]}},{"type":"Feature","properties":{"numer":"6479S","klasa":"droga zbiorcza","kat":"powiatowa"},"geometry":{"type":"LineString","coordinates":[[19.0028,50.25087],[19.00344,50.251]]}},{"type":"Feature","properties":{"numer":"A4,E40","klasa":"droga zbiorcza","kat":"krajowa"},"geometry":{"type":"LineString","coordinates":[[18.99391,50.25106],[18.99498,50.25088]]}},{"type":"Feature","properties":{"numer":"6479S","klasa":"droga zbiorcza","kat":"powiatowa"},"geometry":{"type":"LineString","coordinates":[[19.00344,50.251],[19.0037,50.251]]}},{"type":"Feature","properties":{"numer":"6400S","klasa":"","kat":"powiatowa"},"geometry":{"type":"LineString","coordinates":[[19.00078,50.25068],[19.00118,50.25133]]}},{"type":"Feature","properties":{"numer":"A4,E40","klasa":"droga zbiorcza","kat":"krajowa"},"geometry":{"type":"LineString","coordinates":[[18.99451,50.25143],[18.99836,50.25074]]}},{"type":"Feature","properties":{"numer":"6408S","klasa":"droga zbiorcza","kat":"powiatowa"},"geometry":{"type":"LineString","coordinates":[[18.98138,50.25066],[18.9818,50.25152]]}},{"type":"Feature","properties":{"numer":"A4,E40","klasa":"droga zbiorcza","kat":"krajowa"},"geometry":{"type":"LineString","coordinates":[[18.99338,50.25116],[18.99391,50.25106]]}},{"type":"Feature","properties":{"numer":"6504S","klasa":"droga zbiorcza","kat":"powiatowa"},"geometry":{"type":"LineString","coordinates":[[18.98967,50.25075],[18.99023,50.25154]]}},{"type":"Feature","properties":{"numer":"6479S","klasa":"droga zbiorcza","kat":"powiatowa"},"geometry":{"type":"LineString","coordinates":[[19.00543,50.25145],[19.00344,50.251]]}},{"type":"Feature","properties":{"numer":"A4,E40","klasa":"droga zbiorcza","kat":"krajowa"},"geometry":{"type":"LineString","coordinates":[[18.9919,50.25143],[18.99338,50.25116]]}},{"type":"Feature","properties":{"numer":"A4,E40","klasa":"droga zbiorcza","kat":"krajowa"},"geometry":{"type":"LineString","coordinates":[[18.99399,50.25153],[18.99451,50.25143]]}},{"type":"Feature","properties":{"numer":"A4,E40","klasa":"droga zbiorcza","kat":"krajowa"},"geometry":{"type":"LineString","coordinates":[[18.99046,50.25168],[18.9919,50.25143]]}},{"type":"Feature","properties":{"numer":"A4,E40","klasa":"droga zbiorcza","kat":"krajowa"},"geometry":{"type":"LineString","coordinates":[[18.9919,50.25143],[18.99105,50.25172]]}},{"type":"Feature","properties":{"numer":"6504S","klasa":"droga zbiorcza","kat":"powiatowa"},"geometry":{"type":"LineString","coordinates":[[18.99023,50.25154],[18.99033,50.2517]]}},{"type":"Feature","properties":{"numer":"A4,E40","klasa":"droga zbiorcza","kat":"krajowa"},"geometry":{"type":"LineString","coordinates":[[18.99033,50.2517],[18.99046,50.25168]]}},{"type":"Feature","properties":{"numer":"6428S","klasa":"droga zbiorcza","kat":"powiatowa"},"geometry":{"type":"LineString","coordinates":[[19.02646,50.25076],[19.02663,50.2517]]}},{"type":"Feature","properties":{"numer":"6503S","klasa":"droga zbiorcza","kat":"powiatowa"},"geometry":{"type":"LineString","coordinates":[[19.03224,50.25131],[19.03322,50.25121]]}},{"type":"Feature","properties":{"numer":"6503S","klasa":"droga zbiorcza","kat":"powiatowa"},"geometry":{"type":"LineString","coordinates":[[19.02968,50.25153],[19.03224,50.25131]]}},{"type":"Feature","properties":{"numer":"6479S","klasa":"droga zbiorcza","kat":"powiatowa"},"geometry":{"type":"LineString","coordinates":[[19.00543,50.25145],[19.0057,50.25151]]}},{"type":"Feature","properties":{"numer":"6502S","klasa":"droga zbiorcza","kat":"powiatowa"},"geometry":{"type":"LineString","coordinates":[[19.00951,50.25129],[19.00832,50.2517]]}},{"type":"Feature","properties":{"numer":"6527S","klasa":"droga zbiorcza","kat":"powiatowa"},"geometry":{"type":"LineString","coordinates":[[19.01814,50.25085],[19.01857,50.25233]]}},{"type":"Feature","properties":{"numer":"6503S","klasa":"droga zbiorcza","kat":"powiatowa"},"geometry":{"type":"LineString","coordinates":[[19.02821,50.25167],[19.02968,50.25153]]}},{"type":"Feature","properties":{"numer":"6479S","klasa":"droga zbiorcza","kat":"powiatowa"},"geometry":{"type":"LineString","coordinates":[[19.0057,50.25151],[19.00647,50.25169]]}},{"type":"Feature","properties":{"numer":"6503S","klasa":"droga zbiorcza","kat":"powiatowa"},"geometry":{"type":"LineString","coordinates":[[19.02701,50.25176],[19.02821,50.25167]]}},{"type":"Feature","properties":{"numer":"6503S","klasa":"droga zbiorcza","kat":"powiatowa"},"geometry":{"type":"LineString","coordinates":[[19.02701,50.25176],[19.02663,50.2517]]}},{"type":"Feature","properties":{"numer":"6521S","klasa":"droga zbiorcza","kat":"powiatowa"},"geometry":{"type":"LineString","coordinates":[[19.11227,50.27091],[19.11217,50.27079]]}},{"type":"Feature","properties":{"numer":"6521S","klasa":"droga zbiorcza","kat":"powiatowa"},"geometry":{"type":"LineString","coordinates":[[19.11257072083079,50.27139503359805],[19.11227,50.27091]]}},{"type":"Feature","properties":{"numer":"A4,E40","klasa":"droga zbiorcza","kat":"krajowa"},"geometry":{"type":"LineString","coordinates":[[18.99018,50.25172],[18.99033,50.2517]]}},{"type":"Feature","properties":{"numer":"6400S","klasa":"","kat":"powiatowa"},"geometry":{"type":"LineString","coordinates":[[19.00118,50.25133],[19.00169,50.25216]]}},{"type":"Feature","properties":{"numer":"A4,E40","klasa":"droga zbiorcza","kat":"krajowa"},"geometry":{"type":"LineString","coordinates":[[18.99105,50.25172],[18.9908,50.25185]]}},{"type":"Feature","properties":{"numer":"A4,E40","klasa":"droga zbiorcza","kat":"krajowa"},"geometry":{"type":"LineString","coordinates":[[18.99064,50.25209],[18.99399,50.25153]]}},{"type":"Feature","properties":{"numer":"6408S","klasa":"droga zbiorcza","kat":"powiatowa"},"geometry":{"type":"LineString","coordinates":[[18.9818,50.25152],[18.98214,50.2522]]}},{"type":"Feature","properties":{"numer":"A4,E40","klasa":"droga zbiorcza","kat":"krajowa"},"geometry":{"type":"LineString","coordinates":[[18.98667,50.25235],[18.99018,50.25172]]}},{"type":"Feature","properties":{"numer":"6408S","klasa":"droga zbiorcza","kat":"powiatowa"},"geometry":{"type":"LineString","coordinates":[[18.98214,50.2522],[18.98444,50.25175],[18.98498,50.25172],[18.9854,50.25187],[18.98578,50.25251]]}},{"type":"Feature","properties":{"numer":"6400S","klasa":"","kat":"powiatowa"},"geometry":{"type":"LineString","coordinates":[[19.00169,50.25216],[19.00195,50.25249]]}},{"type":"Feature","properties":{"numer":"A4,E40","klasa":"droga zbiorcza","kat":"krajowa"},"geometry":{"type":"LineString","coordinates":[[18.98699,50.25274],[18.99064,50.25209]]}},{"type":"Feature","properties":{"numer":"A4,E40","klasa":"droga zbiorcza","kat":"krajowa"},"geometry":{"type":"LineString","coordinates":[[18.98578,50.25251],[18.98667,50.25235]]}},{"type":"Feature","properties":{"numer":"6503S","klasa":"droga zbiorcza","kat":"powiatowa"},"geometry":{"type":"LineString","coordinates":[[19.02663,50.2517],[19.0256,50.25177]]}},{"type":"Feature","properties":{"numer":"6428S","klasa":"droga zbiorcza","kat":"powiatowa"},"geometry":{"type":"LineString","coordinates":[[19.02663,50.2517],[19.02669,50.25188]]}},{"type":"Feature","properties":{"numer":"6503S","klasa":"droga zbiorcza","kat":"powiatowa"},"geometry":{"type":"LineString","coordinates":[[19.0256,50.25177],[19.02487,50.25183]]}},{"type":"Feature","properties":{"numer":"6503S","klasa":"droga zbiorcza","kat":"powiatowa"},"geometry":{"type":"LineString","coordinates":[[19.02669,50.25188],[19.02701,50.25176]]}},{"type":"Feature","properties":{"numer":"6479S","klasa":"droga zbiorcza","kat":"powiatowa"},"geometry":{"type":"LineString","coordinates":[[19.00647,50.25169],[19.00792,50.25206]]}},{"type":"Feature","properties":{"numer":"6502S","klasa":"droga zbiorcza","kat":"powiatowa"},"geometry":{"type":"LineString","coordinates":[[19.00832,50.2517],[19.00792,50.25206]]}},{"type":"Feature","properties":{"numer":"6503S","klasa":"droga zbiorcza","kat":"powiatowa"},"geometry":{"type":"LineString","coordinates":[[19.02487,50.25183],[19.02,50.25222]]}},{"type":"Feature","properties":{"numer":"6458S","klasa":"droga zbiorcza","kat":"powiatowa"},"geometry":{"type":"LineString","coordinates":[[19.01477,50.25151],[19.01572,50.25257]]}},{"type":"Feature","properties":{"numer":"6503S","klasa":"droga zbiorcza","kat":"powiatowa"},"geometry":{"type":"LineString","coordinates":[[19.02,50.25222],[19.01857,50.25233]]}},{"type":"Feature","properties":{"numer":"6428S","klasa":"droga zbiorcza","kat":"powiatowa"},"geometry":{"type":"LineString","coordinates":[[19.02669,50.25188],[19.02687,50.25281]]}},{"type":"Feature","properties":{"numer":"A4,E40","klasa":"autostrada","kat":"krajowa"},"geometry":{"type":"LineString","coordinates":[[18.98286,50.25323],[18.9908,50.25185]]}},{"type":"Feature","properties":{"numer":"6408S","klasa":"droga zbiorcza","kat":"powiatowa"},"geometry":{"type":"LineString","coordinates":[[18.98214,50.2522],[18.98273,50.25305]]}},{"type":"Feature","properties":{"numer":"A4,E40","klasa":"droga zbiorcza","kat":"krajowa"},"geometry":{"type":"LineString","coordinates":[[18.98273,50.25305],[18.98578,50.25251]]}},{"type":"Feature","properties":{"numer":"A4,E40","klasa":"droga zbiorcza","kat":"krajowa"},"geometry":{"type":"LineString","coordinates":[[18.98605,50.2529],[18.98699,50.25274]]}},{"type":"Feature","properties":{"numer":"6561S","klasa":"droga zbiorcza","kat":"powiatowa"},"geometry":{"type":"LineString","coordinates":[[18.99164,50.25363],[18.99064,50.25209]]}},{"type":"Feature","properties":{"numer":"6400S","klasa":"","kat":"powiatowa"},"geometry":{"type":"LineString","coordinates":[[19.00195,50.25249],[19.00258,50.25307],[19.00368,50.25375]]}},{"type":"Feature","properties":{"numer":"6408S","klasa":"droga zbiorcza","kat":"powiatowa"},"geometry":{"type":"LineString","coordinates":[[18.98273,50.25305],[18.98286,50.25323]]}},{"type":"Feature","properties":{"numer":"A4,E40","klasa":"droga zbiorcza","kat":"krajowa"},"geometry":{"type":"LineString","coordinates":[[18.98299,50.25343],[18.98605,50.2529]]}},{"type":"Feature","properties":{"numer":"6408S","klasa":"droga zbiorcza","kat":"powiatowa"},"geometry":{"type":"LineString","coordinates":[[18.98286,50.25323],[18.98299,50.25343]]}},{"type":"Feature","properties":{"numer":"A4,E40","klasa":"droga zbiorcza","kat":"krajowa"},"geometry":{"type":"LineString","coordinates":[[18.97808,50.25386],[18.98273,50.25305]]}},{"type":"Feature","properties":{"numer":"6503S","klasa":"droga zbiorcza","kat":"powiatowa"},"geometry":{"type":"LineString","coordinates":[[19.01857,50.25233],[19.01771,50.25238]]}},{"type":"Feature","properties":{"numer":"6503S","klasa":"droga zbiorcza","kat":"powiatowa"},"geometry":{"type":"LineString","coordinates":[[19.01771,50.25238],[19.01572,50.25257]]}},{"type":"Feature","properties":{"numer":"6479S","klasa":"droga zbiorcza","kat":"powiatowa"},"geometry":{"type":"LineString","coordinates":[[19.00792,50.25206],[19.00819,50.2522],[19.00922,50.25326]]}},{"type":"Feature","properties":{"numer":"6527S","klasa":"droga zbiorcza","kat":"powiatowa"},"geometry":{"type":"LineString","coordinates":[[19.01857,50.25233],[19.01869,50.25343]]}},{"type":"Feature","properties":{"numer":"6458S","klasa":"droga zbiorcza","kat":"powiatowa"},"geometry":{"type":"LineString","coordinates":[[19.01572,50.25257],[19.01633,50.25326]]}},{"type":"Feature","properties":{"numer":"6419S","klasa":"","kat":"powiatowa"},"geometry":{"type":"LineString","coordinates":[[19.03048,50.2545],[19.02968,50.25153]]}},{"type":"Feature","properties":{"numer":"6428S","klasa":"droga zbiorcza","kat":"powiatowa"},"geometry":{"type":"LineString","coordinates":[[19.02687,50.25281],[19.02712,50.25386]]}},{"type":"Feature","properties":{"numer":"6458S","klasa":"droga zbiorcza","kat":"powiatowa"},"geometry":{"type":"LineString","coordinates":[[19.01633,50.25326],[19.01665,50.25362]]}},{"type":"Feature","properties":{"numer":"6479S","klasa":"droga zbiorcza","kat":"powiatowa"},"geometry":{"type":"LineString","coordinates":[[19.00922,50.25326],[19.01035,50.25442]]}},{"type":"Feature","properties":{"numer":"6527S","klasa":"droga zbiorcza","kat":"powiatowa"},"geometry":{"type":"LineString","coordinates":[[19.01869,50.25343],[19.01891,50.25426]]}},{"type":"Feature","properties":{"numer":"A4,E40","klasa":"autostrada","kat":"krajowa"},"geometry":{"type":"LineString","coordinates":[[18.9799,50.25375],[18.98286,50.25323]]}},{"type":"Feature","properties":{"numer":"A4,E40","klasa":"droga zbiorcza","kat":"krajowa"},"geometry":{"type":"LineString","coordinates":[[18.98111,50.25379],[18.98299,50.25343]]}},{"type":"Feature","properties":{"numer":"6408S","klasa":"droga zbiorcza","kat":"powiatowa"},"geometry":{"type":"LineString","coordinates":[[18.98605,50.2529],[18.98625,50.25352],[18.98611,50.25381],[18.98575,50.25397],[18.98358,50.25434]]}},{"type":"Feature","properties":{"numer":"A4,E40","klasa":"droga zbiorcza","kat":"krajowa"},"geometry":{"type":"LineString","coordinates":[[18.97808,50.25386],[18.97889,50.25386],[18.9799,50.25375]]}},{"type":"Feature","properties":{"numer":"6408S","klasa":"droga zbiorcza","kat":"powiatowa"},"geometry":{"type":"LineString","coordinates":[[18.98299,50.25343],[18.98358,50.25434]]}},{"type":"Feature","properties":{"numer":"6561S","klasa":"droga zbiorcza","kat":"powiatowa"},"geometry":{"type":"LineString","coordinates":[[18.99215,50.25448],[18.99164,50.25363]]}},{"type":"Feature","properties":{"numer":"A4,E40","klasa":"droga zbiorcza","kat":"krajowa"},"geometry":{"type":"LineString","coordinates":[[18.97764,50.25437],[18.98111,50.25379]]}},{"type":"Feature","properties":{"numer":"6400S","klasa":"","kat":"powiatowa"},"geometry":{"type":"LineString","coordinates":[[19.00368,50.25375],[19.00506,50.25455]]}},{"type":"Feature","properties":{"numer":"A4,E40","klasa":"autostrada","kat":"krajowa"},"geometry":{"type":"LineString","coordinates":[[18.9731,50.25495],[18.9799,50.25375]]}},{"type":"Feature","properties":{"numer":"A4,E40","klasa":"droga zbiorcza","kat":"krajowa"},"geometry":{"type":"LineString","coordinates":[[18.97743,50.25441],[18.97764,50.25437]]}},{"type":"Feature","properties":{"numer":"6428S","klasa":"droga zbiorcza","kat":"powiatowa"},"geometry":{"type":"LineString","coordinates":[[19.02712,50.25386],[19.02719,50.25423]]}},{"type":"Feature","properties":{"numer":"6441S","klasa":"droga zbiorcza","kat":"powiatowa"},"geometry":{"type":"LineString","coordinates":[[19.0212,50.25432],[19.02712,50.25386]]}},{"type":"Feature","properties":{"numer":"6527S","klasa":"droga zbiorcza","kat":"powiatowa"},"geometry":{"type":"LineString","coordinates":[[19.01891,50.25426],[19.01898,50.25434]]}},{"type":"Feature","properties":{"numer":"6441S","klasa":"droga zbiorcza","kat":"powiatowa"},"geometry":{"type":"LineString","coordinates":[[19.02066,50.25436],[19.0212,50.25432]]}},{"type":"Feature","properties":{"numer":"6450S","klasa":"droga zbiorcza","kat":"powiatowa"},"geometry":{"type":"LineString","coordinates":[[19.01898,50.25434],[19.01907,50.2545]]}},{"type":"Feature","properties":{"numer":"6441S","klasa":"droga zbiorcza","kat":"powiatowa"},"geometry":{"type":"LineString","coordinates":[[19.01907,50.2545],[19.02066,50.25436]]}},{"type":"Feature","properties":{"numer":"6479S","klasa":"droga zbiorcza","kat":"powiatowa"},"geometry":{"type":"LineString","coordinates":[[19.01035,50.25442],[19.01069,50.25477]]}},{"type":"Feature","properties":{"numer":"6400S","klasa":"","kat":"powiatowa"},"geometry":{"type":"LineString","coordinates":[[19.00506,50.25455],[19.00512,50.25467]]}},{"type":"Feature","properties":{"numer":"6510S","klasa":"droga zbiorcza","kat":"powiatowa"},"geometry":{"type":"LineString","coordinates":[[19.00496,50.25466],[19.00512,50.25467]]}},{"type":"Feature","properties":{"numer":"6510S","klasa":"droga zbiorcza","kat":"powiatowa"},"geometry":{"type":"LineString","coordinates":[[19.00512,50.25467],[19.006,50.25472]]}},{"type":"Feature","properties":{"numer":"6510S","klasa":"droga zbiorcza","kat":"powiatowa"},"geometry":{"type":"LineString","coordinates":[[19.006,50.25472],[19.0067,50.25476]]}},{"type":"Feature","properties":{"numer":"6510S","klasa":"droga zbiorcza","kat":"powiatowa"},"geometry":{"type":"LineString","coordinates":[[19.0067,50.25476],[19.00871,50.25483]]}},{"type":"Feature","properties":{"numer":"6458S","klasa":"droga zbiorcza","kat":"powiatowa"},"geometry":{"type":"LineString","coordinates":[[19.01665,50.25362],[19.01879,50.25602]]}},{"type":"Feature","properties":{"numer":"6479S","klasa":"droga zbiorcza","kat":"powiatowa"},"geometry":{"type":"LineString","coordinates":[[19.01069,50.25477],[19.01083,50.25491]]}},{"type":"Feature","properties":{"numer":"6510S","klasa":"droga zbiorcza","kat":"powiatowa"},"geometry":{"type":"LineString","coordinates":[[19.00871,50.25483],[19.00997,50.25488]]}},{"type":"Feature","properties":{"numer":"6510S","klasa":"droga zbiorcza","kat":"powiatowa"},"geometry":{"type":"LineString","coordinates":[[19.00997,50.25488],[19.01083,50.25491]]}},{"type":"Feature","properties":{"numer":"6479S","klasa":"droga zbiorcza","kat":"powiatowa"},"geometry":{"type":"LineString","coordinates":[[19.01083,50.25491],[19.01099,50.25506]]}},{"type":"Feature","properties":{"numer":"6428S","klasa":"droga zbiorcza","kat":"powiatowa"},"geometry":{"type":"LineString","coordinates":[[19.02719,50.25423],[19.02764,50.25581]]}},{"type":"Feature","properties":{"numer":"6419S","klasa":"","kat":"powiatowa"},"geometry":{"type":"LineString","coordinates":[[19.03078,50.25555],[19.03048,50.2545]]}},{"type":"Feature","properties":{"numer":"6479S","klasa":"droga zbiorcza","kat":"powiatowa"},"geometry":{"type":"LineString","coordinates":[[19.01099,50.25506],[19.01127,50.25536]]}},{"type":"Feature","properties":{"numer":"A4,E40","klasa":"droga zbiorcza","kat":"krajowa"},"geometry":{"type":"LineString","coordinates":[[18.97717,50.25445],[18.97743,50.25441]]}},{"type":"Feature","properties":{"numer":"6510S","klasa":"droga zbiorcza","kat":"powiatowa"},"geometry":{"type":"LineString","coordinates":[[18.99905,50.25449],[18.99924,50.25443],[19.00286,50.25457]]}},{"type":"Feature","properties":{"numer":"6510S","klasa":"droga zbiorcza","kat":"powiatowa"},"geometry":{"type":"LineString","coordinates":[[19.00286,50.25457],[19.00363,50.25461]]}},{"type":"Feature","properties":{"numer":"6510S","klasa":"droga zbiorcza","kat":"powiatowa"},"geometry":{"type":"LineString","coordinates":[[19.00363,50.25461],[19.00496,50.25466]]}},{"type":"Feature","properties":{"numer":"A4,E40","klasa":"droga zbiorcza","kat":"krajowa"},"geometry":{"type":"LineString","coordinates":[[18.97481,50.25488],[18.97717,50.25445]]}},{"type":"Feature","properties":{"numer":"6408S","klasa":"droga zbiorcza","kat":"powiatowa"},"geometry":{"type":"LineString","coordinates":[[18.98358,50.25434],[18.98406,50.25529]]}},{"type":"Feature","properties":{"numer":"A4,E40","klasa":"droga zbiorcza","kat":"krajowa"},"geometry":{"type":"LineString","coordinates":[[18.97481,50.25488],[18.97404,50.25486]]}},{"type":"Feature","properties":{"numer":"6561S","klasa":"droga zbiorcza","kat":"powiatowa"},"geometry":{"type":"LineString","coordinates":[[18.99257,50.25532],[18.99215,50.25448]]}},{"type":"Feature","properties":{"numer":"A4,E40","klasa":"droga zbiorcza","kat":"krajowa"},"geometry":{"type":"LineString","coordinates":[[18.97404,50.25486],[18.9731,50.25495]]}},{"type":"Feature","properties":{"numer":"6574S","klasa":"droga zbiorcza","kat":"powiatowa"},"geometry":{"type":"LineString","coordinates":[[18.97743,50.25441],[18.97781,50.25573]]}},{"type":"Feature","properties":{"numer":"A4,E40","klasa":"autostrada","kat":"krajowa"},"geometry":{"type":"LineString","coordinates":[[18.96397,50.25595],[18.9657,50.25592],[18.96773,50.25578],[18.96976,50.25552],[18.9731,50.25495]]}},{"type":"Feature","properties":{"numer":"A4,E40","klasa":"droga zbiorcza","kat":"krajowa"},"geometry":{"type":"LineString","coordinates":[[18.95692283204093,50.255310208238306],[18.96168,50.25566],[18.9637,50.25573]]}},{"type":"Feature","properties":{"numer":"A4,E40","klasa":"droga zbiorcza","kat":"krajowa"},"geometry":{"type":"LineString","coordinates":[[18.96784,50.25555],[18.96528,50.25573]]}},{"type":"Feature","properties":{"numer":"6548S","klasa":"","kat":"powiatowa"},"geometry":{"type":"LineString","coordinates":[[18.97118,50.25593],[18.97138,50.2556],[18.97166,50.25543]]}},{"type":"Feature","properties":{"numer":"A4,E40","klasa":"droga zbiorcza","kat":"krajowa"},"geometry":{"type":"LineString","coordinates":[[18.9637,50.25573],[18.96435,50.25573]]}},{"type":"Feature","properties":{"numer":"A4,E40","klasa":"droga zbiorcza","kat":"krajowa"},"geometry":{"type":"LineString","coordinates":[[18.96435,50.25573],[18.96528,50.25573]]}},{"type":"Feature","properties":{"numer":"A4,E40","klasa":"autostrada","kat":"krajowa"},"geometry":{"type":"LineString","coordinates":[[18.956837577806695,50.2555305247361],[18.96174,50.25587],[18.96397,50.25595]]}},{"type":"Feature","properties":{"numer":"A4,E40","klasa":"droga zbiorcza","kat":"krajowa"},"geometry":{"type":"LineString","coordinates":[[18.96425,50.25616],[18.96754,50.25602],[18.97166,50.25543]]}},{"type":"Feature","properties":{"numer":"A4,E40","klasa":"droga zbiorcza","kat":"krajowa"},"geometry":{"type":"LineString","coordinates":[[18.956764133199655,50.2557203224482],[18.96099,50.25605],[18.9636,50.25615]]}},{"type":"Feature","properties":{"numer":"A4,E40","klasa":"droga zbiorcza","kat":"krajowa"},"geometry":{"type":"LineString","coordinates":[[18.97166,50.25543],[18.97481,50.25488]]}},{"type":"Feature","properties":{"numer":"6408S","klasa":"droga zbiorcza","kat":"powiatowa"},"geometry":{"type":"LineString","coordinates":[[18.98406,50.25529],[18.98425,50.25584]]}},{"type":"Feature","properties":{"numer":"6561S","klasa":"droga zbiorcza","kat":"powiatowa"},"geometry":{"type":"LineString","coordinates":[[18.99343,50.25707],[18.99257,50.25532]]}},{"type":"Feature","properties":{"numer":"6408S","klasa":"droga zbiorcza","kat":"powiatowa"},"geometry":{"type":"LineString","coordinates":[[18.98425,50.25584],[18.98453,50.25667]]}},{"type":"Feature","properties":{"numer":"6574S","klasa":"droga zbiorcza","kat":"powiatowa"},"geometry":{"type":"LineString","coordinates":[[18.97781,50.25573],[18.97822,50.25702]]}},{"type":"Feature","properties":{"numer":"6408S","klasa":"droga zbiorcza","kat":"powiatowa"},"geometry":{"type":"LineString","coordinates":[[18.98453,50.25667],[18.98482,50.25757]]}},{"type":"Feature","properties":{"numer":"6561S","klasa":"droga zbiorcza","kat":"powiatowa"},"geometry":{"type":"LineString","coordinates":[[18.99485,50.25839],[18.99441,50.25782],[18.99343,50.25707]]}},{"type":"Feature","properties":{"numer":"6408S","klasa":"droga zbiorcza","kat":"powiatowa"},"geometry":{"type":"LineString","coordinates":[[18.98482,50.25757],[18.98511,50.25836]]}},{"type":"Feature","properties":{"numer":"6574S","klasa":"droga zbiorcza","kat":"powiatowa"},"geometry":{"type":"LineString","coordinates":[[18.97822,50.25702],[18.97867,50.25819],[18.97923,50.25915]]}},{"type":"Feature","properties":{"numer":"6561S","klasa":"droga zbiorcza","kat":"powiatowa"},"geometry":{"type":"LineString","coordinates":[[18.99571,50.25956],[18.99485,50.25839]]}},{"type":"Feature","properties":{"numer":"6469S","klasa":"droga zbiorcza","kat":"powiatowa"},"geometry":{"type":"LineString","coordinates":[[19.09216,50.25315],[19.09307,50.25484]]}},{"type":"Feature","properties":{"numer":"100703S","klasa":"droga dojazdowa","kat":"powiatowa"},"geometry":{"type":"LineString","coordinates":[[19.09618,50.25407],[19.09662,50.25396]]}},{"type":"Feature","properties":{"numer":"100703S","klasa":"droga dojazdowa","kat":"powiatowa"},"geometry":{"type":"LineString","coordinates":[[19.09556,50.25422],[19.09618,50.25407]]}},{"type":"Feature","properties":{"numer":"100703S","klasa":"droga dojazdowa","kat":"powiatowa"},"geometry":{"type":"LineString","coordinates":[[19.09479,50.25442],[19.09556,50.25422]]}},{"type":"Feature","properties":{"numer":"100703S","klasa":"droga dojazdowa","kat":"powiatowa"},"geometry":{"type":"LineString","coordinates":[[19.09454,50.25448],[19.09479,50.25442]]}},{"type":"Feature","properties":{"numer":"100703S","klasa":"droga dojazdowa","kat":"powiatowa"},"geometry":{"type":"LineString","coordinates":[[19.09398,50.25462],[19.09454,50.25448]]}},{"type":"Feature","properties":{"numer":"100703S","klasa":"droga dojazdowa","kat":"powiatowa"},"geometry":{"type":"LineString","coordinates":[[19.09321,50.25479],[19.09398,50.25462]]}},{"type":"Feature","properties":{"numer":"100703S","klasa":"droga dojazdowa","kat":"powiatowa"},"geometry":{"type":"LineString","coordinates":[[19.09307,50.25484],[19.09321,50.25479]]}},{"type":"Feature","properties":{"numer":"100703S","klasa":"droga dojazdowa","kat":"powiatowa"},"geometry":{"type":"LineString","coordinates":[[19.09296,50.25487],[19.09307,50.25484]]}},{"type":"Feature","properties":{"numer":"6433S","klasa":"droga zbiorcza","kat":"powiatowa"},"geometry":{"type":"LineString","coordinates":[[19.04808,50.25242],[19.0482,50.25242]]}},{"type":"Feature","properties":{"numer":"6436S","klasa":"droga zbiorcza","kat":"powiatowa"},"geometry":{"type":"LineString","coordinates":[[19.03417,50.25301],[19.03409,50.25291]]}},{"type":"Feature","properties":{"numer":"6436S","klasa":"droga zbiorcza","kat":"powiatowa"},"geometry":{"type":"LineString","coordinates":[[19.03417,50.25301],[19.03464,50.25401]]}},{"type":"Feature","properties":{"numer":"6436S","klasa":"droga zbiorcza","kat":"powiatowa"},"geometry":{"type":"LineString","coordinates":[[19.03464,50.25401],[19.0347,50.25416]]}},{"type":"Feature","properties":{"numer":"6436S","klasa":"droga zbiorcza","kat":"powiatowa"},"geometry":{"type":"LineString","coordinates":[[19.0347,50.25416],[19.03509,50.2552]]}},{"type":"Feature","properties":{"numer":"86","klasa":"droga gĹ‚Ăłwna","kat":"krajowa"},"geometry":{"type":"LineString","coordinates":[[19.04812,50.25818],[19.04828,50.25742],[19.04826,50.25662],[19.04781,50.25384],[19.0482,50.25242]]}},{"type":"Feature","properties":{"numer":"6460S","klasa":"","kat":"powiatowa"},"geometry":{"type":"LineString","coordinates":[[19.03509,50.2552],[19.03215,50.25538],[19.03078,50.25555]]}},{"type":"Feature","properties":{"numer":"6436S","klasa":"droga zbiorcza","kat":"powiatowa"},"geometry":{"type":"LineString","coordinates":[[19.03509,50.2552],[19.03557,50.25647]]}},{"type":"Feature","properties":{"numer":"6436S","klasa":"droga zbiorcza","kat":"powiatowa"},"geometry":{"type":"LineString","coordinates":[[19.03557,50.25647],[19.03584,50.25724],[19.0358,50.25752]]}},{"type":"Feature","properties":{"numer":"6543S","klasa":"droga zbiorcza","kat":"powiatowa"},"geometry":{"type":"LineString","coordinates":[[19.03408,50.25736],[19.03482,50.25741]]}},{"type":"Feature","properties":{"numer":"100703S","klasa":"","kat":"powiatowa"},"geometry":{"type":"LineString","coordinates":[[19.09267,50.25494],[19.09296,50.25487]]}},{"type":"Feature","properties":{"numer":"100703S","klasa":"","kat":"powiatowa"},"geometry":{"type":"LineString","coordinates":[[19.09163,50.25519],[19.09267,50.25494]]}},{"type":"Feature","properties":{"numer":"6469S","klasa":"droga zbiorcza","kat":"powiatowa"},"geometry":{"type":"LineString","coordinates":[[19.09307,50.25484],[19.09337,50.25558]]}},{"type":"Feature","properties":{"numer":"100703S","klasa":"droga dojazdowa","kat":"powiatowa"},"geometry":{"type":"LineString","coordinates":[[19.09163,50.25519],[19.09067,50.25533]]}},{"type":"Feature","properties":{"numer":"6469S","klasa":"droga zbiorcza","kat":"powiatowa"},"geometry":{"type":"LineString","coordinates":[[19.09337,50.25558],[19.09348,50.25606]]}},{"type":"Feature","properties":{"numer":"6469S","klasa":"droga zbiorcza","kat":"powiatowa"},"geometry":{"type":"LineString","coordinates":[[19.09348,50.25606],[19.09381,50.25731]]}},{"type":"Feature","properties":{"numer":"8806S","klasa":"droga zbiorcza","kat":"powiatowa"},"geometry":{"type":"LineString","coordinates":[[19.116124864864855,50.25717756756757],[19.11536,50.25756]]}},{"type":"Feature","properties":{"numer":"6469S","klasa":"droga zbiorcza","kat":"powiatowa"},"geometry":{"type":"LineString","coordinates":[[19.09381,50.25731],[19.09388,50.25764]]}},{"type":"Feature","properties":{"numer":"6546S","klasa":"droga zbiorcza","kat":"powiatowa"},"geometry":{"type":"LineString","coordinates":[[19.11536,50.25756],[19.11529,50.2576]]}},{"type":"Feature","properties":{"numer":"6419S","klasa":"","kat":"powiatowa"},"geometry":{"type":"LineString","coordinates":[[19.03109,50.25666],[19.03078,50.25555]]}},{"type":"Feature","properties":{"numer":"6479S","klasa":"droga zbiorcza","kat":"powiatowa"},"geometry":{"type":"LineString","coordinates":[[19.01127,50.25536],[19.01283,50.25671],[19.01359,50.25713]]}},{"type":"Feature","properties":{"numer":"6458S","klasa":"droga zbiorcza","kat":"powiatowa"},"geometry":{"type":"LineString","coordinates":[[19.01879,50.25602],[19.0194,50.25662],[19.0197,50.25666],[19.02037,50.25656]]}},{"type":"Feature","properties":{"numer":"6428S","klasa":"droga zbiorcza","kat":"powiatowa"},"geometry":{"type":"LineString","coordinates":[[19.02764,50.25581],[19.02806,50.25689]]}},{"type":"Feature","properties":{"numer":"6458S","klasa":"droga zbiorcza","kat":"powiatowa"},"geometry":{"type":"LineString","coordinates":[[19.02072,50.25652],[19.02037,50.25656]]}},{"type":"Feature","properties":{"numer":"6458S","klasa":"droga zbiorcza","kat":"powiatowa"},"geometry":{"type":"LineString","coordinates":[[19.0209,50.25684],[19.02072,50.25652]]}},{"type":"Feature","properties":{"numer":"6428S","klasa":"droga zbiorcza","kat":"powiatowa"},"geometry":{"type":"LineString","coordinates":[[19.02806,50.25689],[19.0281,50.25702]]}},{"type":"Feature","properties":{"numer":"6458S","klasa":"droga zbiorcza","kat":"powiatowa"},"geometry":{"type":"LineString","coordinates":[[19.02122,50.25746],[19.0209,50.25684]]}},{"type":"Feature","properties":{"numer":"6428S","klasa":"droga zbiorcza","kat":"powiatowa"},"geometry":{"type":"LineString","coordinates":[[19.0281,50.25702],[19.0282,50.25731]]}},{"type":"Feature","properties":{"numer":"6419S","klasa":"","kat":"powiatowa"},"geometry":{"type":"LineString","coordinates":[[19.03141,50.25773],[19.03109,50.25666]]}},{"type":"Feature","properties":{"numer":"6534S","klasa":"droga zbiorcza","kat":"powiatowa"},"geometry":{"type":"LineString","coordinates":[[19.08643,50.25487],[19.08664,50.2551]]}},{"type":"Feature","properties":{"numer":"6534S","klasa":"droga zbiorcza","kat":"powiatowa"},"geometry":{"type":"LineString","coordinates":[[19.08664,50.2551],[19.08704,50.25535],[19.08761,50.2555],[19.08948,50.25548]]}},{"type":"Feature","properties":{"numer":"100703S","klasa":"droga dojazdowa","kat":"powiatowa"},"geometry":{"type":"LineString","coordinates":[[19.08967,50.25546],[19.08948,50.25548]]}},{"type":"Feature","properties":{"numer":"100703S","klasa":"droga dojazdowa","kat":"powiatowa"},"geometry":{"type":"LineString","coordinates":[[19.08967,50.25546],[19.08971,50.25558]]}},{"type":"Feature","properties":{"numer":"100703S","klasa":"droga dojazdowa","kat":"powiatowa"},"geometry":{"type":"LineString","coordinates":[[19.08948,50.25548],[19.08952,50.25562]]}},{"type":"Feature","properties":{"numer":"100703S","klasa":"droga dojazdowa","kat":"powiatowa"},"geometry":{"type":"LineString","coordinates":[[19.08952,50.25563],[19.08959,50.25566],[19.08971,50.25558]]}},{"type":"Feature","properties":{"numer":"100703S","klasa":"droga dojazdowa","kat":"powiatowa"},"geometry":{"type":"LineString","coordinates":[[19.08952,50.25562],[19.08952,50.25563]]}},{"type":"Feature","properties":{"numer":"79","klasa":"droga gĹ‚Ăłwna","kat":"krajowa"},"geometry":{"type":"LineString","coordinates":[[19.08643,50.25487],[19.08281,50.25596],[19.07845,50.25768]]}},{"type":"Feature","properties":{"numer":"100705S","klasa":"droga dojazdowa","kat":"powiatowa"},"geometry":{"type":"LineString","coordinates":[[19.07799,50.25791],[19.07845,50.25768]]}},{"type":"Feature","properties":{"numer":"100705S","klasa":"droga dojazdowa","kat":"powiatowa"},"geometry":{"type":"LineString","coordinates":[[19.07588,50.25876],[19.07799,50.25791]]}},{"type":"Feature","properties":{"numer":"6424S","klasa":"","kat":"powiatowa"},"geometry":{"type":"LineString","coordinates":[[19.02114,50.25755],[19.02122,50.25746]]}},{"type":"Feature","properties":{"numer":"6428S","klasa":"droga zbiorcza","kat":"powiatowa"},"geometry":{"type":"LineString","coordinates":[[19.0282,50.25731],[19.02836,50.25771]]}},{"type":"Feature","properties":{"numer":"6424S","klasa":"","kat":"powiatowa"},"geometry":{"type":"LineString","coordinates":[[19.02114,50.25755],[19.02073,50.25764]]}},{"type":"Feature","properties":{"numer":"6424S","klasa":"","kat":"powiatowa"},"geometry":{"type":"LineString","coordinates":[[19.02045,50.25756],[19.02073,50.25764]]}},{"type":"Feature","properties":{"numer":"6543S","klasa":"droga zbiorcza","kat":"powiatowa"},"geometry":{"type":"LineString","coordinates":[[19.03144,50.2578],[19.03298,50.25751]]}},{"type":"Feature","properties":{"numer":"6479S","klasa":"droga zbiorcza","kat":"powiatowa"},"geometry":{"type":"LineString","coordinates":[[19.01409,50.25822],[19.01395,50.25737],[19.01359,50.25713]]}},{"type":"Feature","properties":{"numer":"6479S","klasa":"droga zbiorcza","kat":"powiatowa"},"geometry":{"type":"LineString","coordinates":[[19.01359,50.25713],[19.01388,50.25748],[19.01398,50.25807],[19.01392,50.25824]]}},{"type":"Feature","properties":{"numer":"6419S","klasa":"","kat":"powiatowa"},"geometry":{"type":"LineString","coordinates":[[19.03141,50.25773],[19.03144,50.2578]]}},{"type":"Feature","properties":{"numer":"6424S","klasa":"","kat":"powiatowa"},"geometry":{"type":"LineString","coordinates":[[19.02045,50.25756],[19.01912,50.25801],[19.01541,50.25824]]}},{"type":"Feature","properties":{"numer":"6428S","klasa":"droga zbiorcza","kat":"powiatowa"},"geometry":{"type":"LineString","coordinates":[[19.02836,50.25771],[19.02858,50.25826]]}},{"type":"Feature","properties":{"numer":"6543S","klasa":"droga zbiorcza","kat":"powiatowa"},"geometry":{"type":"LineString","coordinates":[[19.02874,50.25829],[19.03144,50.2578]]}},{"type":"Feature","properties":{"numer":"6514S","klasa":"","kat":"powiatowa"},"geometry":{"type":"LineString","coordinates":[[19.01392,50.25824],[19.01409,50.25822]]}},{"type":"Feature","properties":{"numer":"6514S","klasa":"","kat":"powiatowa"},"geometry":{"type":"LineString","coordinates":[[19.01231,50.25831],[19.01392,50.25824]]}},{"type":"Feature","properties":{"numer":"6428S","klasa":"droga zbiorcza","kat":"powiatowa"},"geometry":{"type":"LineString","coordinates":[[19.02858,50.25826],[19.02849,50.25833]]}},{"type":"Feature","properties":{"numer":"6543S","klasa":"droga zbiorcza","kat":"powiatowa"},"geometry":{"type":"LineString","coordinates":[[19.02849,50.25833],[19.02874,50.25829]]}},{"type":"Feature","properties":{"numer":"6570S","klasa":"droga zbiorcza","kat":"powiatowa"},"geometry":{"type":"LineString","coordinates":[[19.01183,50.2584],[19.01231,50.25831]]}},{"type":"Feature","properties":{"numer":"6428S","klasa":"droga zbiorcza","kat":"powiatowa"},"geometry":{"type":"LineString","coordinates":[[19.02849,50.25833],[19.02849,50.2584]]}},{"type":"Feature","properties":{"numer":"6543S","klasa":"droga zbiorcza","kat":"powiatowa"},"geometry":{"type":"LineString","coordinates":[[19.02792,50.25844],[19.02849,50.25833]]}},{"type":"Feature","properties":{"numer":"6570S","klasa":"droga zbiorcza","kat":"powiatowa"},"geometry":{"type":"LineString","coordinates":[[19.0115,50.25849],[19.01183,50.2584]]}},{"type":"Feature","properties":{"numer":"6543S","klasa":"droga zbiorcza","kat":"powiatowa"},"geometry":{"type":"LineString","coordinates":[[19.02726,50.25857],[19.02792,50.25844]]}},{"type":"Feature","properties":{"numer":"6543S","klasa":"droga zbiorcza","kat":"powiatowa"},"geometry":{"type":"LineString","coordinates":[[19.03298,50.25751],[19.03408,50.25736]]}},{"type":"Feature","properties":{"numer":"6543S","klasa":"droga zbiorcza","kat":"powiatowa"},"geometry":{"type":"LineString","coordinates":[[19.03482,50.25741],[19.0358,50.25752]]}},{"type":"Feature","properties":{"numer":"6470S","klasa":"droga zbiorcza","kat":"powiatowa"},"geometry":{"type":"LineString","coordinates":[[19.0358,50.25752],[19.03607,50.25755]]}},{"type":"Feature","properties":{"numer":"6470S","klasa":"droga zbiorcza","kat":"powiatowa"},"geometry":{"type":"LineString","coordinates":[[19.03607,50.25755],[19.03947,50.25796]]}},{"type":"Feature","properties":{"numer":"6470S","klasa":"droga zbiorcza","kat":"powiatowa"},"geometry":{"type":"LineString","coordinates":[[19.03947,50.25796],[19.0402,50.25805]]}},{"type":"Feature","properties":{"numer":"6470S","klasa":"droga zbiorcza","kat":"powiatowa"},"geometry":{"type":"LineString","coordinates":[[19.0402,50.25805],[19.04136,50.25819]]}},{"type":"Feature","properties":{"numer":"6470S","klasa":"droga zbiorcza","kat":"powiatowa"},"geometry":{"type":"LineString","coordinates":[[19.04136,50.25819],[19.04425,50.25855]]}},{"type":"Feature","properties":{"numer":"6470S","klasa":"droga zbiorcza","kat":"powiatowa"},"geometry":{"type":"LineString","coordinates":[[19.04496,50.25864],[19.04607,50.25854],[19.04743,50.2582],[19.04812,50.25818]]}},{"type":"Feature","properties":{"numer":"6566S","klasa":"droga zbiorcza","kat":"powiatowa"},"geometry":{"type":"LineString","coordinates":[[19.03556,50.25963],[19.03599,50.25873],[19.03607,50.25755]]}},{"type":"Feature","properties":{"numer":"6470S","klasa":"droga zbiorcza","kat":"powiatowa"},"geometry":{"type":"LineString","coordinates":[[19.04425,50.25855],[19.04496,50.25864]]}},{"type":"Feature","properties":{"numer":"6470S","klasa":"droga zbiorcza","kat":"powiatowa"},"geometry":{"type":"LineString","coordinates":[[19.04812,50.25818],[19.04908,50.25839],[19.05006,50.25889],[19.0507,50.25911],[19.05339,50.25927]]}},{"type":"Feature","properties":{"numer":"6409S","klasa":"","kat":"powiatowa"},"geometry":{"type":"LineString","coordinates":[[19.04389,50.25981],[19.04425,50.25855]]}},{"type":"Feature","properties":{"numer":"6410S","klasa":"droga gĹ‚Ăłwna","kat":"powiatowa"},"geometry":{"type":"LineString","coordinates":[[19.05338,50.25932],[19.05339,50.25927]]}},{"type":"Feature","properties":{"numer":"6470S","klasa":"droga zbiorcza","kat":"powiatowa"},"geometry":{"type":"LineString","coordinates":[[19.05339,50.25927],[19.05685,50.25941]]}},{"type":"Feature","properties":{"numer":"6470S","klasa":"droga zbiorcza","kat":"powiatowa"},"geometry":{"type":"LineString","coordinates":[[19.05685,50.25941],[19.05794,50.25945]]}},{"type":"Feature","properties":{"numer":"6470S","klasa":"droga zbiorcza","kat":"powiatowa"},"geometry":{"type":"LineString","coordinates":[[19.05794,50.25945],[19.05915,50.25949]]}},{"type":"Feature","properties":{"numer":"6566S","klasa":"droga zbiorcza","kat":"powiatowa"},"geometry":{"type":"LineString","coordinates":[[19.03549,50.25976],[19.03556,50.25963]]}},{"type":"Feature","properties":{"numer":"6410S","klasa":"droga gĹ‚Ăłwna","kat":"powiatowa"},"geometry":{"type":"LineString","coordinates":[[19.05326,50.26025],[19.05338,50.25932]]}},{"type":"Feature","properties":{"numer":"6566S","klasa":"droga zbiorcza","kat":"powiatowa"},"geometry":{"type":"LineString","coordinates":[[19.03541,50.25992],[19.03549,50.25976]]}},{"type":"Feature","properties":{"numer":"6409S","klasa":"","kat":"powiatowa"},"geometry":{"type":"LineString","coordinates":[[19.04382,50.26003],[19.04389,50.25981]]}},{"type":"Feature","properties":{"numer":"6469S","klasa":"droga zbiorcza","kat":"powiatowa"},"geometry":{"type":"LineString","coordinates":[[19.09388,50.25764],[19.09408,50.25861]]}},{"type":"Feature","properties":{"numer":"6469S","klasa":"droga zbiorcza","kat":"powiatowa"},"geometry":{"type":"LineString","coordinates":[[19.09408,50.25861],[19.09409,50.25867]]}},{"type":"Feature","properties":{"numer":"6546S","klasa":"droga zbiorcza","kat":"powiatowa"},"geometry":{"type":"LineString","coordinates":[[19.11529,50.2576],[19.11314,50.25848],[19.11218,50.25924],[19.11022,50.26036],[19.10873,50.26085]]}},{"type":"Feature","properties":{"numer":"6469S","klasa":"droga zbiorcza","kat":"powiatowa"},"geometry":{"type":"LineString","coordinates":[[19.09409,50.25867],[19.09437,50.25989]]}},{"type":"Feature","properties":{"numer":"6469S","klasa":"droga zbiorcza","kat":"powiatowa"},"geometry":{"type":"LineString","coordinates":[[19.09437,50.25989],[19.09485,50.26148]]}},{"type":"Feature","properties":{"numer":"6546S","klasa":"droga zbiorcza","kat":"powiatowa"},"geometry":{"type":"LineString","coordinates":[[19.10873,50.26085],[19.10745,50.26107]]}},{"type":"Feature","properties":{"numer":"6546S","klasa":"droga zbiorcza","kat":"powiatowa"},"geometry":{"type":"LineString","coordinates":[[19.10745,50.26107],[19.10481,50.26152],[19.10433,50.26179],[19.10386,50.26178]]}},{"type":"Feature","properties":{"numer":"6546S","klasa":"droga zbiorcza","kat":"powiatowa"},"geometry":{"type":"LineString","coordinates":[[19.10386,50.26178],[19.10305,50.26175],[19.10064,50.26213],[19.09951,50.26223]]}},{"type":"Feature","properties":{"numer":"6469S","klasa":"droga zbiorcza","kat":"powiatowa"},"geometry":{"type":"LineString","coordinates":[[19.09485,50.26148],[19.09496,50.26213],[19.09482,50.26264]]}},{"type":"Feature","properties":{"numer":"100058S","klasa":"droga dojazdowa","kat":"powiatowa"},"geometry":{"type":"LineString","coordinates":[[19.10386,50.26178],[19.10405,50.26261]]}},{"type":"Feature","properties":{"numer":"6548S","klasa":"","kat":"powiatowa"},"geometry":{"type":"LineString","coordinates":[[18.97138,50.25616],[18.97118,50.25593]]}},{"type":"Feature","properties":{"numer":"A4,E40","klasa":"droga zbiorcza","kat":"krajowa"},"geometry":{"type":"LineString","coordinates":[[18.9636,50.25615],[18.96425,50.25616]]}},{"type":"Feature","properties":{"numer":"6548S","klasa":"","kat":"powiatowa"},"geometry":{"type":"LineString","coordinates":[[18.97124,50.25881],[18.97191,50.25859],[18.97232,50.25833],[18.9725,50.25809],[18.97259,50.25766],[18.97256,50.25727],[18.9724,50.25698],[18.97138,50.25616]]}},{"type":"Feature","properties":{"numer":"6548S","klasa":"","kat":"powiatowa"},"geometry":{"type":"LineString","coordinates":[[18.97074,50.25896],[18.97124,50.25881]]}},{"type":"Feature","properties":{"numer":"6548S","klasa":"","kat":"powiatowa"},"geometry":{"type":"LineString","coordinates":[[18.96974,50.26012],[18.96977,50.25969],[18.96998,50.25926],[18.97074,50.25896]]}},{"type":"Feature","properties":{"numer":"6548S","klasa":"","kat":"powiatowa"},"geometry":{"type":"LineString","coordinates":[[18.96974,50.26012],[18.96984,50.26035]]}},{"type":"Feature","properties":{"numer":"6548S","klasa":"","kat":"powiatowa"},"geometry":{"type":"LineString","coordinates":[[18.96984,50.26035],[18.97029,50.26105]]}},{"type":"Feature","properties":{"numer":"6514S","klasa":"","kat":"powiatowa"},"geometry":{"type":"LineString","coordinates":[[19.01173,50.25872],[19.01183,50.2584]]}},{"type":"Feature","properties":{"numer":"6473S","klasa":"droga zbiorcza","kat":"powiatowa"},"geometry":{"type":"LineString","coordinates":[[19.01409,50.25822],[19.01417,50.25872],[19.01407,50.25907]]}},{"type":"Feature","properties":{"numer":"6543S","klasa":"droga zbiorcza","kat":"powiatowa"},"geometry":{"type":"LineString","coordinates":[[19.0258,50.25883],[19.02726,50.25857]]}},{"type":"Feature","properties":{"numer":"6533S","klasa":"","kat":"powiatowa"},"geometry":{"type":"LineString","coordinates":[[19.0258,50.25883],[19.02582,50.25888]]}},{"type":"Feature","properties":{"numer":"6514S","klasa":"","kat":"powiatowa"},"geometry":{"type":"LineString","coordinates":[[19.01173,50.25872],[19.01115,50.25907]]}},{"type":"Feature","properties":{"numer":"6543S","klasa":"droga zbiorcza","kat":"powiatowa"},"geometry":{"type":"LineString","coordinates":[[19.02384,50.25917],[19.0258,50.25883]]}},{"type":"Feature","properties":{"numer":"6570S","klasa":"droga zbiorcza","kat":"powiatowa"},"geometry":{"type":"LineString","coordinates":[[19.00874,50.25968],[19.00928,50.25926],[19.00983,50.25897],[19.0115,50.25849]]}},{"type":"Feature","properties":{"numer":"6514S","klasa":"","kat":"powiatowa"},"geometry":{"type":"LineString","coordinates":[[19.01099,50.25916],[19.01115,50.25907]]}},{"type":"Feature","properties":{"numer":"6514S","klasa":"","kat":"powiatowa"},"geometry":{"type":"LineString","coordinates":[[19.01091,50.25924],[19.01099,50.25916]]}},{"type":"Feature","properties":{"numer":"6543S","klasa":"droga zbiorcza","kat":"powiatowa"},"geometry":{"type":"LineString","coordinates":[[19.02384,50.25917],[19.02253,50.25943]]}},{"type":"Feature","properties":{"numer":"6473S","klasa":"droga zbiorcza","kat":"powiatowa"},"geometry":{"type":"LineString","coordinates":[[19.01407,50.25907],[19.01375,50.25942],[19.01322,50.25979]]}},{"type":"Feature","properties":{"numer":"6514S,6550S","klasa":"","kat":"powiatowa"},"geometry":{"type":"LineString","coordinates":[[19.01099,50.25916],[19.0122,50.25957],[19.01228,50.25971],[19.01322,50.25979]]}},{"type":"Feature","properties":{"numer":"6533S","klasa":"","kat":"powiatowa"},"geometry":{"type":"LineString","coordinates":[[19.02582,50.25888],[19.02636,50.26016]]}},{"type":"Feature","properties":{"numer":"6514S","klasa":"","kat":"powiatowa"},"geometry":{"type":"LineString","coordinates":[[19.00977,50.26008],[19.01006,50.25979],[19.01091,50.25924]]}},{"type":"Feature","properties":{"numer":"6570S","klasa":"droga zbiorcza","kat":"powiatowa"},"geometry":{"type":"LineString","coordinates":[[19.00857,50.25987],[19.00874,50.25968]]}},{"type":"Feature","properties":{"numer":"6570S","klasa":"droga zbiorcza","kat":"powiatowa"},"geometry":{"type":"LineString","coordinates":[[19.00825,50.26049],[19.00857,50.25987]]}},{"type":"Feature","properties":{"numer":"6533S","klasa":"","kat":"powiatowa"},"geometry":{"type":"LineString","coordinates":[[19.02636,50.26016],[19.02643,50.2603]]}},{"type":"Feature","properties":{"numer":"6533S","klasa":"","kat":"powiatowa"},"geometry":{"type":"LineString","coordinates":[[19.02643,50.2603],[19.02642,50.2603]]}},{"type":"Feature","properties":{"numer":"6514S","klasa":"","kat":"powiatowa"},"geometry":{"type":"LineString","coordinates":[[19.00939,50.26055],[19.00977,50.26008]]}},{"type":"Feature","properties":{"numer":"6483S","klasa":"","kat":"powiatowa"},"geometry":{"type":"LineString","coordinates":[[19.02524,50.26051],[19.02642,50.2603]]}},{"type":"Feature","properties":{"numer":"100362S","klasa":"droga lokalna","kat":"powiatowa"},"geometry":{"type":"LineString","coordinates":[[19.00859,50.26055],[19.00825,50.26049]]}},{"type":"Feature","properties":{"numer":"100362S","klasa":"droga lokalna","kat":"powiatowa"},"geometry":{"type":"LineString","coordinates":[[19.00876,50.26058],[19.00859,50.26055]]}},{"type":"Feature","properties":{"numer":"6483S","klasa":"","kat":"powiatowa"},"geometry":{"type":"LineString","coordinates":[[19.02416,50.26066],[19.02524,50.26051]]}},{"type":"Feature","properties":{"numer":"6514S","klasa":"","kat":"powiatowa"},"geometry":{"type":"LineString","coordinates":[[19.00939,50.26055],[19.00936,50.26068]]}},{"type":"Feature","properties":{"numer":"100362S","klasa":"droga lokalna","kat":"powiatowa"},"geometry":{"type":"LineString","coordinates":[[19.00919,50.26067],[19.00876,50.26058]]}},{"type":"Feature","properties":{"numer":"6431S","klasa":"droga zbiorcza","kat":"powiatowa"},"geometry":{"type":"LineString","coordinates":[[19.00907,50.26155],[19.01322,50.25979]]}},{"type":"Feature","properties":{"numer":"100362S","klasa":"droga lokalna","kat":"powiatowa"},"geometry":{"type":"LineString","coordinates":[[19.00936,50.26068],[19.00919,50.26067]]}},{"type":"Feature","properties":{"numer":"6570S","klasa":"droga zbiorcza","kat":"powiatowa"},"geometry":{"type":"LineString","coordinates":[[19.00805,50.26118],[19.00825,50.26049]]}},{"type":"Feature","properties":{"numer":"100261S","klasa":"droga dojazdowa","kat":"powiatowa"},"geometry":{"type":"LineString","coordinates":[[19.0225,50.26088],[19.02276,50.26084]]}},{"type":"Feature","properties":{"numer":"6519S","klasa":"droga zbiorcza","kat":"powiatowa"},"geometry":{"type":"LineString","coordinates":[[19.01322,50.25979],[19.014,50.26042],[19.01587,50.26226]]}},{"type":"Feature","properties":{"numer":"6408S","klasa":"droga zbiorcza","kat":"powiatowa"},"geometry":{"type":"LineString","coordinates":[[18.98511,50.25836],[18.98578,50.26021]]}},{"type":"Feature","properties":{"numer":"6574S","klasa":"droga zbiorcza","kat":"powiatowa"},"geometry":{"type":"LineString","coordinates":[[18.97923,50.25915],[18.9799,50.26005]]}},{"type":"Feature","properties":{"numer":"6561S","klasa":"droga zbiorcza","kat":"powiatowa"},"geometry":{"type":"LineString","coordinates":[[18.99699,50.26127],[18.99571,50.25956]]}},{"type":"Feature","properties":{"numer":"6574S","klasa":"droga zbiorcza","kat":"powiatowa"},"geometry":{"type":"LineString","coordinates":[[18.9799,50.26005],[18.98053,50.26106],[18.98063,50.26188]]}},{"type":"Feature","properties":{"numer":"6408S","klasa":"droga zbiorcza","kat":"powiatowa"},"geometry":{"type":"LineString","coordinates":[[18.98578,50.26021],[18.98683,50.26232],[18.98744,50.26391],[18.9877,50.26429]]}},{"type":"Feature","properties":{"numer":"6507S","klasa":"droga zbiorcza","kat":"powiatowa"},"geometry":{"type":"LineString","coordinates":[[18.99699,50.26127],[18.99254,50.26285],[18.98877,50.26395]]}},{"type":"Feature","properties":{"numer":"6507S","klasa":"droga zbiorcza","kat":"powiatowa"},"geometry":{"type":"LineString","coordinates":[[18.98726,50.26322],[18.98795,50.26315]]}},{"type":"Feature","properties":{"numer":"6507S","klasa":"droga zbiorcza","kat":"powiatowa"},"geometry":{"type":"LineString","coordinates":[[18.98795,50.26315],[18.98828,50.26328],[18.98866,50.26379]]}},{"type":"Feature","properties":{"numer":"6580S","klasa":"droga zbiorcza","kat":"powiatowa"},"geometry":{"type":"LineString","coordinates":[[19.00412,50.26344],[19.00511,50.26368]]}},{"type":"Feature","properties":{"numer":"6431S","klasa":"droga zbiorcza","kat":"powiatowa"},"geometry":{"type":"LineString","coordinates":[[19.00412,50.26344],[19.00355,50.26378]]}},{"type":"Feature","properties":{"numer":"6456S","klasa":"droga zbiorcza","kat":"powiatowa"},"geometry":{"type":"LineString","coordinates":[[19.02253,50.26133],[19.0225,50.26088]]}},{"type":"Feature","properties":{"numer":"6570S","klasa":"droga zbiorcza","kat":"powiatowa"},"geometry":{"type":"LineString","coordinates":[[19.00797,50.26159],[19.00805,50.26118]]}},{"type":"Feature","properties":{"numer":"6431S","klasa":"droga zbiorcza","kat":"powiatowa"},"geometry":{"type":"LineString","coordinates":[[19.00907,50.26155],[19.00839,50.26231]]}},{"type":"Feature","properties":{"numer":"6570S","klasa":"droga zbiorcza","kat":"powiatowa"},"geometry":{"type":"LineString","coordinates":[[19.00792,50.26246],[19.00797,50.26159]]}},{"type":"Feature","properties":{"numer":"6431S","klasa":"droga zbiorcza","kat":"powiatowa"},"geometry":{"type":"LineString","coordinates":[[19.00945,50.26191],[19.00839,50.26231]]}},{"type":"Feature","properties":{"numer":"6456S","klasa":"droga zbiorcza","kat":"powiatowa"},"geometry":{"type":"LineString","coordinates":[[19.02308,50.26296],[19.02253,50.26133]]}},{"type":"Feature","properties":{"numer":"6431S","klasa":"droga zbiorcza","kat":"powiatowa"},"geometry":{"type":"LineString","coordinates":[[19.00839,50.26231],[19.00792,50.26246]]}},{"type":"Feature","properties":{"numer":"6431S","klasa":"droga zbiorcza","kat":"powiatowa"},"geometry":{"type":"LineString","coordinates":[[19.00792,50.26246],[19.00786,50.26247]]}},{"type":"Feature","properties":{"numer":"6519S","klasa":"droga zbiorcza","kat":"powiatowa"},"geometry":{"type":"LineString","coordinates":[[19.01587,50.26226],[19.01643,50.26276]]}},{"type":"Feature","properties":{"numer":"79","klasa":"droga gĹ‚Ăłwna","kat":"krajowa"},"geometry":{"type":"LineString","coordinates":[[19.03079,50.26252],[19.03052,50.26264]]}},{"type":"Feature","properties":{"numer":"6548S","klasa":"","kat":"powiatowa"},"geometry":{"type":"LineString","coordinates":[[18.97029,50.26105],[18.9711,50.26236]]}},{"type":"Feature","properties":{"numer":"6548S","klasa":"","kat":"powiatowa"},"geometry":{"type":"LineString","coordinates":[[18.9711,50.26236],[18.9712,50.26259]]}},{"type":"Feature","properties":{"numer":"6548S","klasa":"","kat":"powiatowa"},"geometry":{"type":"LineString","coordinates":[[18.9712,50.26259],[18.97131,50.26278]]}},{"type":"Feature","properties":{"numer":"6548S","klasa":"","kat":"powiatowa"},"geometry":{"type":"LineString","coordinates":[[18.97153,50.26314],[18.97131,50.26278]]}},{"type":"Feature","properties":{"numer":"6548S","klasa":"","kat":"powiatowa"},"geometry":{"type":"LineString","coordinates":[[18.97165,50.26332],[18.97153,50.26314]]}},{"type":"Feature","properties":{"numer":"6431S","klasa":"droga zbiorcza","kat":"powiatowa"},"geometry":{"type":"LineString","coordinates":[[19.00786,50.26247],[19.00455,50.26324],[19.00412,50.26344]]}},{"type":"Feature","properties":{"numer":"79","klasa":"droga gĹ‚Ăłwna","kat":"krajowa"},"geometry":{"type":"LineString","coordinates":[[19.0306,50.2627],[19.02732,50.26348]]}},{"type":"Feature","properties":{"numer":"6519S","klasa":"droga zbiorcza","kat":"powiatowa"},"geometry":{"type":"LineString","coordinates":[[19.01643,50.26276],[19.01784,50.26397]]}},{"type":"Feature","properties":{"numer":"6456S","klasa":"droga zbiorcza","kat":"powiatowa"},"geometry":{"type":"LineString","coordinates":[[19.0234,50.26387],[19.02308,50.26296]]}},{"type":"Feature","properties":{"numer":"79","klasa":"droga gĹ‚Ăłwna","kat":"krajowa"},"geometry":{"type":"LineString","coordinates":[[19.02732,50.26348],[19.02684,50.26359]]}},{"type":"Feature","properties":{"numer":"79","klasa":"droga gĹ‚Ăłwna","kat":"krajowa"},"geometry":{"type":"LineString","coordinates":[[19.02677,50.26361],[19.02684,50.26359]]}},{"type":"Feature","properties":{"numer":"6580S","klasa":"droga zbiorcza","kat":"powiatowa"},"geometry":{"type":"LineString","coordinates":[[19.00511,50.26368],[19.00543,50.26383],[19.00564,50.26408]]}},{"type":"Feature","properties":{"numer":"79","klasa":"droga gĹ‚Ăłwna","kat":"krajowa"},"geometry":{"type":"LineString","coordinates":[[19.02355,50.26436],[19.02677,50.26361]]}},{"type":"Feature","properties":{"numer":"6519S","klasa":"droga zbiorcza","kat":"powiatowa"},"geometry":{"type":"LineString","coordinates":[[19.01784,50.26397],[19.01798,50.2641]]}},{"type":"Feature","properties":{"numer":"6456S","klasa":"droga zbiorcza","kat":"powiatowa"},"geometry":{"type":"LineString","coordinates":[[19.02355,50.26436],[19.0234,50.26387]]}},{"type":"Feature","properties":{"numer":"6574S","klasa":"droga zbiorcza","kat":"powiatowa"},"geometry":{"type":"LineString","coordinates":[[18.98063,50.26188],[18.98072,50.26256],[18.98268,50.26564]]}},{"type":"Feature","properties":{"numer":"6507S","klasa":"droga zbiorcza","kat":"powiatowa"},"geometry":{"type":"LineString","coordinates":[[18.98866,50.26379],[18.98877,50.26395]]}},{"type":"Feature","properties":{"numer":"6431S","klasa":"droga zbiorcza","kat":"powiatowa"},"geometry":{"type":"LineString","coordinates":[[19.00355,50.26378],[19.0028,50.26416],[19.00177,50.26436],[19.00101,50.26436]]}},{"type":"Feature","properties":{"numer":"6507S","klasa":"droga zbiorcza","kat":"powiatowa"},"geometry":{"type":"LineString","coordinates":[[18.98877,50.26395],[18.98794,50.26422]]}},{"type":"Feature","properties":{"numer":"6507S","klasa":"droga zbiorcza","kat":"powiatowa"},"geometry":{"type":"LineString","coordinates":[[18.98794,50.26422],[18.9877,50.26429]]}},{"type":"Feature","properties":{"numer":"6431S","klasa":"droga zbiorcza","kat":"powiatowa"},"geometry":{"type":"LineString","coordinates":[[19.00101,50.26436],[19.00025,50.26422]]}},{"type":"Feature","properties":{"numer":"6507S","klasa":"droga zbiorcza","kat":"powiatowa"},"geometry":{"type":"LineString","coordinates":[[18.9877,50.26429],[18.98745,50.26437]]}},{"type":"Feature","properties":{"numer":"6431S","klasa":"droga zbiorcza","kat":"powiatowa"},"geometry":{"type":"LineString","coordinates":[[19.00025,50.26422],[18.99954,50.26429],[18.99788,50.26493]]}},{"type":"Feature","properties":{"numer":"6408S","klasa":"droga zbiorcza","kat":"powiatowa"},"geometry":{"type":"LineString","coordinates":[[18.9877,50.26429],[18.98817,50.26495]]}},{"type":"Feature","properties":{"numer":"6507S","klasa":"droga zbiorcza","kat":"powiatowa"},"geometry":{"type":"LineString","coordinates":[[18.98745,50.26437],[18.98549,50.26488]]}},{"type":"Feature","properties":{"numer":"79","klasa":"droga gĹ‚Ăłwna","kat":"krajowa"},"geometry":{"type":"LineString","coordinates":[[19.07845,50.25768],[19.07668,50.25826],[19.07506,50.25863],[19.07327,50.25884],[19.071,50.25899]]}},{"type":"Feature","properties":{"numer":"100705S","klasa":"droga dojazdowa","kat":"powiatowa"},"geometry":{"type":"LineString","coordinates":[[19.07476,50.25914],[19.07588,50.25876]]}},{"type":"Feature","properties":{"numer":"79","klasa":"droga gĹ‚Ăłwna","kat":"krajowa"},"geometry":{"type":"LineString","coordinates":[[19.071,50.25899],[19.06873,50.25917]]}},{"type":"Feature","properties":{"numer":"6470S","klasa":"droga zbiorcza","kat":"powiatowa"},"geometry":{"type":"LineString","coordinates":[[19.05915,50.25949],[19.06388,50.2596],[19.06873,50.25917]]}},{"type":"Feature","properties":{"numer":"100705S","klasa":"droga dojazdowa","kat":"powiatowa"},"geometry":{"type":"LineString","coordinates":[[19.07222,50.25974],[19.07476,50.25914]]}},{"type":"Feature","properties":{"numer":"6487S","klasa":"droga zbiorcza","kat":"powiatowa"},"geometry":{"type":"LineString","coordinates":[[19.07128,50.25996],[19.07124,50.25955],[19.071,50.25899]]}},{"type":"Feature","properties":{"numer":"100705S","klasa":"","kat":"powiatowa"},"geometry":{"type":"LineString","coordinates":[[19.07222,50.25974],[19.07128,50.25996]]}},{"type":"Feature","properties":{"numer":"6487S","klasa":"droga zbiorcza","kat":"powiatowa"},"geometry":{"type":"LineString","coordinates":[[19.07131,50.26036],[19.07128,50.25996]]}},{"type":"Feature","properties":{"numer":"6487S","klasa":"droga zbiorcza","kat":"powiatowa"},"geometry":{"type":"LineString","coordinates":[[19.07135,50.26054],[19.07131,50.26036]]}},{"type":"Feature","properties":{"numer":"79","klasa":"droga gĹ‚Ăłwna","kat":"krajowa"},"geometry":{"type":"LineString","coordinates":[[19.06873,50.25917],[19.06704,50.25958],[19.06615,50.25993],[19.06202,50.26208],[19.06072,50.26262],[19.0591,50.26299],[19.05692,50.26313]]}},{"type":"Feature","properties":{"numer":"6566S","klasa":"droga zbiorcza","kat":"powiatowa"},"geometry":{"type":"LineString","coordinates":[[19.03529,50.26021],[19.03541,50.25992]]}},{"type":"Feature","properties":{"numer":"86","klasa":"droga gĹ‚Ăłwna","kat":"krajowa"},"geometry":{"type":"LineString","coordinates":[[19.04639,50.26251],[19.04632,50.26195],[19.0464,50.26138],[19.04788,50.25886],[19.04812,50.25818]]}},{"type":"Feature","properties":{"numer":"6410S","klasa":"droga gĹ‚Ăłwna","kat":"powiatowa"},"geometry":{"type":"LineString","coordinates":[[19.05324,50.26049],[19.05326,50.26025]]}},{"type":"Feature","properties":{"numer":"6410S","klasa":"droga gĹ‚Ăłwna","kat":"powiatowa"},"geometry":{"type":"LineString","coordinates":[[19.05316,50.26049],[19.05324,50.26049]]}},{"type":"Feature","properties":{"numer":"6410S","klasa":"droga gĹ‚Ăłwna","kat":"powiatowa"},"geometry":{"type":"LineString","coordinates":[[19.05323,50.26058],[19.05324,50.26049]]}},{"type":"Feature","properties":{"numer":"6409S","klasa":"","kat":"powiatowa"},"geometry":{"type":"LineString","coordinates":[[19.0434,50.26159],[19.04382,50.26003]]}},{"type":"Feature","properties":{"numer":"6566S","klasa":"droga zbiorcza","kat":"powiatowa"},"geometry":{"type":"LineString","coordinates":[[19.03529,50.26021],[19.03512,50.26108],[19.03535,50.26199]]}},{"type":"Feature","properties":{"numer":"6410S","klasa":"droga gĹ‚Ăłwna","kat":"powiatowa"},"geometry":{"type":"LineString","coordinates":[[19.05302,50.26299],[19.05323,50.26058]]}},{"type":"Feature","properties":{"numer":"79","klasa":"droga gĹ‚Ăłwna","kat":"krajowa"},"geometry":{"type":"LineString","coordinates":[[19.03535,50.26199],[19.03519,50.26201]]}},{"type":"Feature","properties":{"numer":"79","klasa":"droga gĹ‚Ăłwna","kat":"krajowa"},"geometry":{"type":"LineString","coordinates":[[19.04354,50.26204],[19.04328,50.26201]]}},{"type":"Feature","properties":{"numer":"79","klasa":"droga gĹ‚Ăłwna","kat":"krajowa"},"geometry":{"type":"LineString","coordinates":[[19.04328,50.26201],[19.04103,50.26196],[19.03545,50.26226]]}},{"type":"Feature","properties":{"numer":"6566S","klasa":"droga zbiorcza","kat":"powiatowa"},"geometry":{"type":"LineString","coordinates":[[19.03535,50.26199],[19.03545,50.26226]]}},{"type":"Feature","properties":{"numer":"79","klasa":"droga gĹ‚Ăłwna","kat":"krajowa"},"geometry":{"type":"LineString","coordinates":[[19.03519,50.26201],[19.03181,50.26223],[19.03132,50.26231],[19.03079,50.26252]]}},{"type":"Feature","properties":{"numer":"79","klasa":"droga gĹ‚Ăłwna","kat":"krajowa"},"geometry":{"type":"LineString","coordinates":[[19.04639,50.26251],[19.04354,50.26204]]}},{"type":"Feature","properties":{"numer":"79","klasa":"droga gĹ‚Ăłwna","kat":"krajowa"},"geometry":{"type":"LineString","coordinates":[[19.03545,50.26226],[19.03249,50.26242],[19.03132,50.26254],[19.0306,50.2627]]}},{"type":"Feature","properties":{"numer":"79","klasa":"droga gĹ‚Ăłwna","kat":"krajowa"},"geometry":{"type":"LineString","coordinates":[[19.05302,50.26299],[19.04865,50.26287],[19.04639,50.26251]]}},{"type":"Feature","properties":{"numer":"79","klasa":"droga gĹ‚Ăłwna","kat":"krajowa"},"geometry":{"type":"LineString","coordinates":[[19.05692,50.26313],[19.05465,50.2631],[19.05302,50.26299]]}},{"type":"Feature","properties":{"numer":"100323S","klasa":"droga dojazdowa","kat":"powiatowa"},"geometry":{"type":"LineString","coordinates":[[19.05692,50.26313],[19.05633,50.26318]]}},{"type":"Feature","properties":{"numer":"6410S","klasa":"droga gĹ‚Ăłwna","kat":"powiatowa"},"geometry":{"type":"LineString","coordinates":[[19.05297,50.26348],[19.05302,50.26299]]}},{"type":"Feature","properties":{"numer":"100323S","klasa":"droga dojazdowa","kat":"powiatowa"},"geometry":{"type":"LineString","coordinates":[[19.05633,50.26318],[19.05572,50.26332],[19.05556,50.26347]]}},{"type":"Feature","properties":{"numer":"6546S","klasa":"droga zbiorcza","kat":"powiatowa"},"geometry":{"type":"LineString","coordinates":[[19.09951,50.26223],[19.09772,50.26244]]}},{"type":"Feature","properties":{"numer":"6546S","klasa":"droga zbiorcza","kat":"powiatowa"},"geometry":{"type":"LineString","coordinates":[[19.09772,50.26244],[19.09655,50.26256]]}},{"type":"Feature","properties":{"numer":"6469S","klasa":"droga zbiorcza","kat":"powiatowa"},"geometry":{"type":"LineString","coordinates":[[19.09655,50.26256],[19.09529,50.2627],[19.09482,50.26264]]}},{"type":"Feature","properties":{"numer":"6405S","klasa":"","kat":"powiatowa"},"geometry":{"type":"LineString","coordinates":[[19.09482,50.26264],[19.0945,50.2628]]}},{"type":"Feature","properties":{"numer":"100058S","klasa":"droga dojazdowa","kat":"powiatowa"},"geometry":{"type":"LineString","coordinates":[[19.10405,50.26261],[19.10409,50.26296]]}},{"type":"Feature","properties":{"numer":"6487S","klasa":"droga zbiorcza","kat":"powiatowa"},"geometry":{"type":"LineString","coordinates":[[19.09482,50.26264],[19.09482,50.26275],[19.09459,50.26292],[19.09464,50.26324]]}},{"type":"Feature","properties":{"numer":"100058S","klasa":"droga dojazdowa","kat":"powiatowa"},"geometry":{"type":"LineString","coordinates":[[19.10409,50.26296],[19.10427,50.26331]]}},{"type":"Feature","properties":{"numer":"100058S","klasa":"droga dojazdowa","kat":"powiatowa"},"geometry":{"type":"LineString","coordinates":[[19.10435,50.26344],[19.10427,50.26331]]}},{"type":"Feature","properties":{"numer":"6405S","klasa":"","kat":"powiatowa"},"geometry":{"type":"LineString","coordinates":[[19.0945,50.2628],[19.08694,50.26399]]}},{"type":"Feature","properties":{"numer":"100058S","klasa":"droga dojazdowa","kat":"powiatowa"},"geometry":{"type":"LineString","coordinates":[[19.10435,50.26344],[19.10446,50.26358]]}},{"type":"Feature","properties":{"numer":"6487S","klasa":"droga zbiorcza","kat":"powiatowa"},"geometry":{"type":"LineString","coordinates":[[19.07194,50.26309],[19.07135,50.26054]]}},{"type":"Feature","properties":{"numer":"6487S","klasa":"droga zbiorcza","kat":"powiatowa"},"geometry":{"type":"LineString","coordinates":[[19.072,50.26337],[19.07194,50.26309]]}},{"type":"Feature","properties":{"numer":"6405S","klasa":"","kat":"powiatowa"},"geometry":{"type":"LineString","coordinates":[[19.08694,50.26399],[19.08636,50.26416]]}},{"type":"Feature","properties":{"numer":"6405S","klasa":"","kat":"powiatowa"},"geometry":{"type":"LineString","coordinates":[[19.08636,50.26416],[19.08661,50.26451]]}},{"type":"Feature","properties":{"numer":"6487S","klasa":"droga zbiorcza","kat":"powiatowa"},"geometry":{"type":"LineString","coordinates":[[19.07394,50.26602],[19.07322,50.26558],[19.07248,50.26478],[19.07225,50.26437],[19.072,50.26337]]}},{"type":"Feature","properties":{"numer":"6487S","klasa":"droga zbiorcza","kat":"powiatowa"},"geometry":{"type":"LineString","coordinates":[[19.08948,50.26483],[19.09117,50.26456]]}},{"type":"Feature","properties":{"numer":"6487S","klasa":"droga zbiorcza","kat":"powiatowa"},"geometry":{"type":"LineString","coordinates":[[19.08755,50.2652],[19.08797,50.26507],[19.08948,50.26483]]}},{"type":"Feature","properties":{"numer":"6487S","klasa":"droga zbiorcza","kat":"powiatowa"},"geometry":{"type":"LineString","coordinates":[[19.08711,50.26546],[19.08755,50.2652]]}},{"type":"Feature","properties":{"numer":"6487S","klasa":"droga zbiorcza","kat":"powiatowa"},"geometry":{"type":"LineString","coordinates":[[19.08711,50.26546],[19.08701,50.26565]]}},{"type":"Feature","properties":{"numer":"6487S","klasa":"droga zbiorcza","kat":"powiatowa"},"geometry":{"type":"LineString","coordinates":[[19.08701,50.26565],[19.0869,50.26602]]}},{"type":"Feature","properties":{"numer":"100323S","klasa":"droga dojazdowa","kat":"powiatowa"},"geometry":{"type":"LineString","coordinates":[[19.05556,50.26347],[19.05545,50.26352]]}},{"type":"Feature","properties":{"numer":"100323S","klasa":"droga dojazdowa","kat":"powiatowa"},"geometry":{"type":"LineString","coordinates":[[19.05528,50.26357],[19.05545,50.26352]]}},{"type":"Feature","properties":{"numer":"86","klasa":"droga gĹ‚Ăłwna","kat":"krajowa"},"geometry":{"type":"LineString","coordinates":[[19.04856,50.26462],[19.04792,50.2643],[19.04715,50.26371],[19.04663,50.2631],[19.04639,50.26251]]}},{"type":"Feature","properties":{"numer":"100323S","klasa":"droga dojazdowa","kat":"powiatowa"},"geometry":{"type":"LineString","coordinates":[[19.05412,50.26354],[19.05479,50.26359]]}},{"type":"Feature","properties":{"numer":"100323S","klasa":"","kat":"powiatowa"},"geometry":{"type":"LineString","coordinates":[[19.05479,50.26359],[19.05528,50.26357]]}},{"type":"Feature","properties":{"numer":"6410S","klasa":"droga gĹ‚Ăłwna","kat":"powiatowa"},"geometry":{"type":"LineString","coordinates":[[19.05293,50.26388],[19.05297,50.26348]]}},{"type":"Feature","properties":{"numer":"","klasa":"droga wewnÄ™trzna","kat":"gminna"},"geometry":{"type":"LineString","coordinates":[[19.03553,50.26248],[19.03603,50.26394],[19.03593,50.26539]]}},{"type":"Feature","properties":{"numer":"6410S","klasa":"droga gĹ‚Ăłwna","kat":"powiatowa"},"geometry":{"type":"LineString","coordinates":[[19.05287,50.26418],[19.05293,50.26388]]}},{"type":"Feature","properties":{"numer":"6410S","klasa":"droga gĹ‚Ăłwna","kat":"powiatowa"},"geometry":{"type":"LineString","coordinates":[[19.05201,50.26608],[19.05287,50.26418]]}},{"type":"Feature","properties":{"numer":"S86","klasa":"droga ekspresowa","kat":"krajowa"},"geometry":{"type":"LineString","coordinates":[[19.05158,50.2659],[19.04856,50.26462]]}},{"type":"Feature","properties":{"numer":"","klasa":"droga wewnÄ™trzna","kat":"gminna"},"geometry":{"type":"LineString","coordinates":[[19.03593,50.26539],[19.0358,50.26637]]}},{"type":"Feature","properties":{"numer":"S86","klasa":"droga ekspresowa","kat":"krajowa"},"geometry":{"type":"LineString","coordinates":[[19.05201,50.26608],[19.05158,50.2659]]}},{"type":"Feature","properties":{"numer":"6551S","klasa":"","kat":"powiatowa"},"geometry":{"type":"LineString","coordinates":[[19.04929,50.26651],[19.04853,50.26625],[19.04795,50.26627]]}},{"type":"Feature","properties":{"numer":"6551S","klasa":"","kat":"powiatowa"},"geometry":{"type":"LineString","coordinates":[[19.04387,50.26661],[19.04266,50.26631]]}},{"type":"Feature","properties":{"numer":"S86","klasa":"droga ekspresowa","kat":"krajowa"},"geometry":{"type":"LineString","coordinates":[[19.05423,50.26707],[19.05201,50.26608]]}},{"type":"Feature","properties":{"numer":"6551S","klasa":"","kat":"powiatowa"},"geometry":{"type":"LineString","coordinates":[[19.04795,50.26627],[19.04603,50.26681],[19.04541,50.26691],[19.04452,50.26683],[19.04387,50.26661]]}},{"type":"Feature","properties":{"numer":"6410S","klasa":"droga gĹ‚Ăłwna","kat":"powiatowa"},"geometry":{"type":"LineString","coordinates":[[19.0514,50.26722],[19.05201,50.26608]]}},{"type":"Feature","properties":{"numer":"6551S","klasa":"","kat":"powiatowa"},"geometry":{"type":"LineString","coordinates":[[19.0514,50.26722],[19.04929,50.26651]]}},{"type":"Feature","properties":{"numer":"","klasa":"droga wewnÄ™trzna","kat":"gminna"},"geometry":{"type":"LineString","coordinates":[[19.0358,50.26637],[19.03561,50.2672],[19.03527,50.26796]]}},{"type":"Feature","properties":{"numer":"S86","klasa":"droga ekspresowa","kat":"krajowa"},"geometry":{"type":"LineString","coordinates":[[19.05732,50.26846],[19.05423,50.26707]]}},{"type":"Feature","properties":{"numer":"6487S","klasa":"droga zbiorcza","kat":"powiatowa"},"geometry":{"type":"LineString","coordinates":[[19.09425,50.26409],[19.09472,50.26366],[19.09464,50.26324]]}},{"type":"Feature","properties":{"numer":"100058S","klasa":"droga dojazdowa","kat":"powiatowa"},"geometry":{"type":"LineString","coordinates":[[19.10446,50.26358],[19.10459,50.26379]]}},{"type":"Feature","properties":{"numer":"100058S","klasa":"droga dojazdowa","kat":"powiatowa"},"geometry":{"type":"LineString","coordinates":[[19.10459,50.26379],[19.105,50.26436]]}},{"type":"Feature","properties":{"numer":"6521S","klasa":"droga zbiorcza","kat":"powiatowa"},"geometry":{"type":"LineString","coordinates":[[19.10761,50.26449],[19.10729,50.26401],[19.1067,50.26407]]}},{"type":"Feature","properties":{"numer":"6487S","klasa":"droga zbiorcza","kat":"powiatowa"},"geometry":{"type":"LineString","coordinates":[[19.09117,50.26456],[19.09425,50.26409]]}},{"type":"Feature","properties":{"numer":"6521S","klasa":"droga zbiorcza","kat":"powiatowa"},"geometry":{"type":"LineString","coordinates":[[19.11148,50.26985],[19.10877,50.26629],[19.10761,50.26449]]}},{"type":"Feature","properties":{"numer":"6521S","klasa":"droga zbiorcza","kat":"powiatowa"},"geometry":{"type":"LineString","coordinates":[[19.11155,50.26994],[19.11148,50.26985]]}},{"type":"Feature","properties":{"numer":"6521S","klasa":"droga zbiorcza","kat":"powiatowa"},"geometry":{"type":"LineString","coordinates":[[19.11168,50.27013],[19.11155,50.26994]]}},{"type":"Feature","properties":{"numer":"6521S","klasa":"droga zbiorcza","kat":"powiatowa"},"geometry":{"type":"LineString","coordinates":[[19.1121,50.27069],[19.11168,50.27013]]}},{"type":"Feature","properties":{"numer":"6521S","klasa":"droga zbiorcza","kat":"powiatowa"},"geometry":{"type":"LineString","coordinates":[[19.11217,50.27079],[19.1121,50.27069]]}},{"type":"Feature","properties":{"numer":"6487S","klasa":"droga zbiorcza","kat":"powiatowa"},"geometry":{"type":"LineString","coordinates":[[19.07648,50.26719],[19.07394,50.26602]]}},{"type":"Feature","properties":{"numer":"6487S","klasa":"droga zbiorcza","kat":"powiatowa"},"geometry":{"type":"LineString","coordinates":[[19.0869,50.26602],[19.08659,50.26682],[19.0862,50.26715],[19.08582,50.26728],[19.08362,50.26771]]}},{"type":"Feature","properties":{"numer":"6487S","klasa":"droga zbiorcza","kat":"powiatowa"},"geometry":{"type":"LineString","coordinates":[[19.08362,50.26771],[19.08347,50.26772]]}},{"type":"Feature","properties":{"numer":"6487S","klasa":"droga zbiorcza","kat":"powiatowa"},"geometry":{"type":"LineString","coordinates":[[19.07851,50.26825],[19.07801,50.26813],[19.07736,50.26761],[19.07648,50.26719]]}},{"type":"Feature","properties":{"numer":"6487S","klasa":"droga zbiorcza","kat":"powiatowa"},"geometry":{"type":"LineString","coordinates":[[19.08347,50.26772],[19.08247,50.26812]]}},{"type":"Feature","properties":{"numer":"6487S","klasa":"droga zbiorcza","kat":"powiatowa"},"geometry":{"type":"LineString","coordinates":[[19.08247,50.26812],[19.08223,50.2682]]}},{"type":"Feature","properties":{"numer":"6487S","klasa":"droga zbiorcza","kat":"powiatowa"},"geometry":{"type":"LineString","coordinates":[[19.08223,50.2682],[19.08127,50.26832]]}},{"type":"Feature","properties":{"numer":"6487S","klasa":"droga zbiorcza","kat":"powiatowa"},"geometry":{"type":"LineString","coordinates":[[19.08127,50.26832],[19.08038,50.2684],[19.07851,50.26825]]}},{"type":"Feature","properties":{"numer":"6438S","klasa":"droga zbiorcza","kat":"powiatowa"},"geometry":{"type":"LineString","coordinates":[[19.0812,50.26853],[19.08127,50.26832]]}},{"type":"Feature","properties":{"numer":"6438S","klasa":"droga zbiorcza","kat":"powiatowa"},"geometry":{"type":"LineString","coordinates":[[19.0812,50.26853],[19.07975,50.26937]]}},{"type":"Feature","properties":{"numer":"6410S","klasa":"droga gĹ‚Ăłwna","kat":"powiatowa"},"geometry":{"type":"LineString","coordinates":[[19.05034,50.26929],[19.0514,50.26722]]}},{"type":"Feature","properties":{"numer":"100197S","klasa":"droga dojazdowa","kat":"powiatowa"},"geometry":{"type":"LineString","coordinates":[[19.04063,50.26849],[19.03948,50.2681]]}},{"type":"Feature","properties":{"numer":"","klasa":"droga wewnÄ™trzna","kat":"gminna"},"geometry":{"type":"LineString","coordinates":[[19.03478,50.26893],[19.03527,50.26796]]}},{"type":"Feature","properties":{"numer":"100197S","klasa":"droga dojazdowa","kat":"powiatowa"},"geometry":{"type":"LineString","coordinates":[[19.04096,50.26859],[19.04063,50.26849]]}},{"type":"Feature","properties":{"numer":"6446S","klasa":"droga zbiorcza","kat":"powiatowa"},"geometry":{"type":"LineString","coordinates":[[19.03311,50.2687],[19.03348,50.26871]]}},{"type":"Feature","properties":{"numer":"6446S","klasa":"droga zbiorcza","kat":"powiatowa"},"geometry":{"type":"LineString","coordinates":[[19.03478,50.26893],[19.03348,50.26871]]}},{"type":"Feature","properties":{"numer":"S86","klasa":"droga ekspresowa","kat":"krajowa"},"geometry":{"type":"LineString","coordinates":[[19.05908,50.26925],[19.05732,50.26846]]}},{"type":"Feature","properties":{"numer":"","klasa":"droga wewnÄ™trzna","kat":"gminna"},"geometry":{"type":"LineString","coordinates":[[19.0347,50.26897],[19.03478,50.26893]]}},{"type":"Feature","properties":{"numer":"6500S","klasa":"","kat":"powiatowa"},"geometry":{"type":"LineString","coordinates":[[19.04096,50.26859],[19.04249,50.269],[19.04333,50.26943]]}},{"type":"Feature","properties":{"numer":"6446S","klasa":"droga zbiorcza","kat":"powiatowa"},"geometry":{"type":"LineString","coordinates":[[19.03512,50.26912],[19.03478,50.26893]]}},{"type":"Feature","properties":{"numer":"6580S","klasa":"droga zbiorcza","kat":"powiatowa"},"geometry":{"type":"LineString","coordinates":[[19.00564,50.26408],[19.00573,50.26416]]}},{"type":"Feature","properties":{"numer":"6580S","klasa":"droga zbiorcza","kat":"powiatowa"},"geometry":{"type":"LineString","coordinates":[[19.00573,50.26416],[19.00589,50.26427]]}},{"type":"Feature","properties":{"numer":"79","klasa":"droga gĹ‚Ăłwna","kat":"krajowa"},"geometry":{"type":"LineString","coordinates":[[19.02281,50.26418],[19.02237,50.26441],[19.02117,50.2646],[19.02003,50.26488]]}},{"type":"Feature","properties":{"numer":"6456S","klasa":"droga zbiorcza","kat":"powiatowa"},"geometry":{"type":"LineString","coordinates":[[19.02374,50.26488],[19.02355,50.26436]]}},{"type":"Feature","properties":{"numer":"6519S","klasa":"droga zbiorcza","kat":"powiatowa"},"geometry":{"type":"LineString","coordinates":[[19.01798,50.2641],[19.01832,50.26442],[19.01874,50.26515]]}},{"type":"Feature","properties":{"numer":"6568S","klasa":"droga zbiorcza","kat":"powiatowa"},"geometry":{"type":"LineString","coordinates":[[19.01214,50.26703],[19.00838,50.26367],[19.00805,50.2631],[19.00792,50.26246]]}},{"type":"Feature","properties":{"numer":"79","klasa":"droga gĹ‚Ăłwna","kat":"krajowa"},"geometry":{"type":"LineString","coordinates":[[19.0189,50.26544],[19.02355,50.26436]]}},{"type":"Feature","properties":{"numer":"79","klasa":"droga gĹ‚Ăłwna","kat":"krajowa"},"geometry":{"type":"LineString","coordinates":[[19.02003,50.26488],[19.01916,50.26515]]}},{"type":"Feature","properties":{"numer":"6580S","klasa":"droga zbiorcza","kat":"powiatowa"},"geometry":{"type":"LineString","coordinates":[[19.00589,50.26427],[19.00732,50.26579]]}},{"type":"Feature","properties":{"numer":"6519S","klasa":"droga zbiorcza","kat":"powiatowa"},"geometry":{"type":"LineString","coordinates":[[19.0188,50.26526],[19.01874,50.26515]]}},{"type":"Feature","properties":{"numer":"6431S","klasa":"droga zbiorcza","kat":"powiatowa"},"geometry":{"type":"LineString","coordinates":[[18.99788,50.26493],[18.99783,50.26497]]}},{"type":"Feature","properties":{"numer":"6507S","klasa":"droga zbiorcza","kat":"powiatowa"},"geometry":{"type":"LineString","coordinates":[[18.98549,50.26488],[18.98382,50.26532]]}},{"type":"Feature","properties":{"numer":"6507S","klasa":"droga zbiorcza","kat":"powiatowa"},"geometry":{"type":"LineString","coordinates":[[18.98382,50.26532],[18.98268,50.26564]]}},{"type":"Feature","properties":{"numer":"6431S","klasa":"droga zbiorcza","kat":"powiatowa"},"geometry":{"type":"LineString","coordinates":[[18.99783,50.26497],[18.99721,50.26544],[18.99648,50.26582],[18.99495,50.26629],[18.99439,50.26635]]}},{"type":"Feature","properties":{"numer":"6408S","klasa":"droga zbiorcza","kat":"powiatowa"},"geometry":{"type":"LineString","coordinates":[[18.98817,50.26495],[18.98972,50.26743]]}},{"type":"Feature","properties":{"numer":"6507S","klasa":"droga zbiorcza","kat":"powiatowa"},"geometry":{"type":"LineString","coordinates":[[18.98268,50.26564],[18.9781,50.26689]]}},{"type":"Feature","properties":{"numer":"6431S","klasa":"droga zbiorcza","kat":"powiatowa"},"geometry":{"type":"LineString","coordinates":[[18.99439,50.26635],[18.99365,50.26642],[18.99302,50.26658]]}},{"type":"Feature","properties":{"numer":"6431S","klasa":"droga zbiorcza","kat":"powiatowa"},"geometry":{"type":"LineString","coordinates":[[18.99302,50.26658],[18.99082,50.26715]]}},{"type":"Feature","properties":{"numer":"100721S","klasa":"droga dojazdowa","kat":"powiatowa"},"geometry":{"type":"LineString","coordinates":[[18.97787,50.26692],[18.9781,50.26689]]}},{"type":"Feature","properties":{"numer":"100721S","klasa":"droga dojazdowa","kat":"powiatowa"},"geometry":{"type":"LineString","coordinates":[[18.97666,50.26696],[18.97787,50.26692]]}},{"type":"Feature","properties":{"numer":"79","klasa":"droga gĹ‚Ăłwna","kat":"krajowa"},"geometry":{"type":"LineString","coordinates":[[19.01916,50.26515],[19.0188,50.26526]]}},{"type":"Feature","properties":{"numer":"6519S","klasa":"droga zbiorcza","kat":"powiatowa"},"geometry":{"type":"LineString","coordinates":[[19.0189,50.26544],[19.0188,50.26526]]}},{"type":"Feature","properties":{"numer":"6519S","klasa":"droga zbiorcza","kat":"powiatowa"},"geometry":{"type":"LineString","coordinates":[[19.01901,50.26564],[19.0189,50.26544]]}},{"type":"Feature","properties":{"numer":"6519S","klasa":"droga zbiorcza","kat":"powiatowa"},"geometry":{"type":"LineString","coordinates":[[19.01908,50.26576],[19.01901,50.26564]]}},{"type":"Feature","properties":{"numer":"6580S","klasa":"droga zbiorcza","kat":"powiatowa"},"geometry":{"type":"LineString","coordinates":[[19.00732,50.26579],[19.00738,50.26585]]}},{"type":"Feature","properties":{"numer":"6519S","klasa":"droga zbiorcza","kat":"powiatowa"},"geometry":{"type":"LineString","coordinates":[[19.01908,50.26576],[19.01924,50.26604]]}},{"type":"Feature","properties":{"numer":"6580S","klasa":"droga zbiorcza","kat":"powiatowa"},"geometry":{"type":"LineString","coordinates":[[19.00738,50.26585],[19.00747,50.26595]]}},{"type":"Feature","properties":{"numer":"6580S","klasa":"droga zbiorcza","kat":"powiatowa"},"geometry":{"type":"LineString","coordinates":[[19.00747,50.26595],[19.00779,50.26624]]}},{"type":"Feature","properties":{"numer":"79","klasa":"droga gĹ‚Ăłwna","kat":"krajowa"},"geometry":{"type":"LineString","coordinates":[[19.01214,50.26703],[19.0189,50.26544]]}},{"type":"Feature","properties":{"numer":"6456S","klasa":"droga zbiorcza","kat":"powiatowa"},"geometry":{"type":"LineString","coordinates":[[19.02418,50.2677],[19.02374,50.26488]]}},{"type":"Feature","properties":{"numer":"100721S","klasa":"droga dojazdowa","kat":"powiatowa"},"geometry":{"type":"LineString","coordinates":[[18.97519,50.26699],[18.97666,50.26696]]}},{"type":"Feature","properties":{"numer":"100721S","klasa":"droga dojazdowa","kat":"powiatowa"},"geometry":{"type":"LineString","coordinates":[[18.97428,50.26701],[18.97519,50.26699]]}},{"type":"Feature","properties":{"numer":"100721S","klasa":"droga dojazdowa","kat":"powiatowa"},"geometry":{"type":"LineString","coordinates":[[18.97398,50.26703],[18.97428,50.26701]]}},{"type":"Feature","properties":{"numer":"6564S","klasa":"droga zbiorcza","kat":"powiatowa"},"geometry":{"type":"LineString","coordinates":[[18.99795,50.2673],[18.99789,50.2672]]}},{"type":"Feature","properties":{"numer":"6431S","klasa":"droga zbiorcza","kat":"powiatowa"},"geometry":{"type":"LineString","coordinates":[[18.99082,50.26715],[18.9898,50.26741]]}},{"type":"Feature","properties":{"numer":"6431S","klasa":"droga zbiorcza","kat":"powiatowa"},"geometry":{"type":"LineString","coordinates":[[18.98964,50.26744],[18.98905,50.26747],[18.98754,50.26721],[18.98692,50.26717],[18.98614,50.26729],[18.98568,50.26746]]}},{"type":"Feature","properties":{"numer":"6564S","klasa":"droga zbiorcza","kat":"powiatowa"},"geometry":{"type":"LineString","coordinates":[[18.99803,50.26744],[18.99795,50.2673]]}},{"type":"Feature","properties":{"numer":"6431S","klasa":"droga zbiorcza","kat":"powiatowa"},"geometry":{"type":"LineString","coordinates":[[18.9898,50.26741],[18.98972,50.26743]]}},{"type":"Feature","properties":{"numer":"6431S","klasa":"droga zbiorcza","kat":"powiatowa"},"geometry":{"type":"LineString","coordinates":[[18.98972,50.26743],[18.98964,50.26744]]}},{"type":"Feature","properties":{"numer":"6564S","klasa":"droga zbiorcza","kat":"powiatowa"},"geometry":{"type":"LineString","coordinates":[[18.99805,50.26746],[18.99803,50.26744]]}},{"type":"Feature","properties":{"numer":"6519S","klasa":"droga zbiorcza","kat":"powiatowa"},"geometry":{"type":"LineString","coordinates":[[19.01924,50.26604],[19.01959,50.26667]]}},{"type":"Feature","properties":{"numer":"6580S","klasa":"droga zbiorcza","kat":"powiatowa"},"geometry":{"type":"LineString","coordinates":[[19.00779,50.26624],[19.00853,50.26692],[19.00893,50.26759]]}},{"type":"Feature","properties":{"numer":"6519S","klasa":"droga zbiorcza","kat":"powiatowa"},"geometry":{"type":"LineString","coordinates":[[19.01959,50.26667],[19.02012,50.26762]]}},{"type":"Feature","properties":{"numer":"79","klasa":"droga gĹ‚Ăłwna","kat":"krajowa"},"geometry":{"type":"LineString","coordinates":[[19.00791,50.26805],[19.01214,50.26703]]}},{"type":"Feature","properties":{"numer":"6535S","klasa":"droga zbiorcza","kat":"powiatowa"},"geometry":{"type":"LineString","coordinates":[[19.00791,50.26805],[19.00813,50.26838]]}},{"type":"Feature","properties":{"numer":"6519S","klasa":"droga zbiorcza","kat":"powiatowa"},"geometry":{"type":"LineString","coordinates":[[19.02012,50.26762],[19.02051,50.26828],[19.02062,50.26896]]}},{"type":"Feature","properties":{"numer":"79","klasa":"droga gĹ‚Ăłwna","kat":"krajowa"},"geometry":{"type":"LineString","coordinates":[[19.00468,50.2688],[19.00791,50.26805]]}},{"type":"Feature","properties":{"numer":"6578S","klasa":"droga gĹ‚Ăłwna","kat":"powiatowa"},"geometry":{"type":"LineString","coordinates":[[19.01516,50.27003],[19.01214,50.26703]]}},{"type":"Feature","properties":{"numer":"6446S","klasa":"droga zbiorcza","kat":"powiatowa"},"geometry":{"type":"LineString","coordinates":[[19.03311,50.2687],[19.03183,50.26872]]}},{"type":"Feature","properties":{"numer":"6456S","klasa":"droga zbiorcza","kat":"powiatowa"},"geometry":{"type":"LineString","coordinates":[[19.02452,50.27032],[19.02418,50.2677]]}},{"type":"Feature","properties":{"numer":"6431S","klasa":"droga zbiorcza","kat":"powiatowa"},"geometry":{"type":"LineString","coordinates":[[18.98568,50.26746],[18.98495,50.26797]]}},{"type":"Feature","properties":{"numer":"6412S","klasa":"droga gĹ‚Ăłwna","kat":"powiatowa"},"geometry":{"type":"LineString","coordinates":[[18.98972,50.26743],[18.99008,50.26817]]}},{"type":"Feature","properties":{"numer":"6431S","klasa":"droga zbiorcza","kat":"powiatowa"},"geometry":{"type":"LineString","coordinates":[[18.98495,50.26797],[18.98442,50.26817],[18.98359,50.26824]]}},{"type":"Feature","properties":{"numer":"6564S","klasa":"droga zbiorcza","kat":"powiatowa"},"geometry":{"type":"LineString","coordinates":[[18.99964,50.2692],[18.99921,50.26914],[18.99899,50.26902],[18.99805,50.26746]]}},{"type":"Feature","properties":{"numer":"6431S","klasa":"droga zbiorcza","kat":"powiatowa"},"geometry":{"type":"LineString","coordinates":[[18.98359,50.26824],[18.98273,50.26826],[18.98087,50.26867]]}},{"type":"Feature","properties":{"numer":"902","klasa":"droga zbiorcza","kat":"wojewodzka"},"geometry":{"type":"LineString","coordinates":[[18.98702,50.26881],[18.99008,50.26817]]}},{"type":"Feature","properties":{"numer":"6412S","klasa":"droga gĹ‚Ăłwna","kat":"powiatowa"},"geometry":{"type":"LineString","coordinates":[[18.99008,50.26817],[18.9906,50.26926]]}},{"type":"Feature","properties":{"numer":"6431S","klasa":"droga zbiorcza","kat":"powiatowa"},"geometry":{"type":"LineString","coordinates":[[18.98087,50.26867],[18.97964,50.26893]]}},{"type":"Feature","properties":{"numer":"6431S","klasa":"droga zbiorcza","kat":"powiatowa"},"geometry":{"type":"LineString","coordinates":[[18.97964,50.26893],[18.97949,50.26897]]}},{"type":"Feature","properties":{"numer":"6431S","klasa":"droga zbiorcza","kat":"powiatowa"},"geometry":{"type":"LineString","coordinates":[[18.97949,50.26897],[18.97793,50.26934]]}},{"type":"Feature","properties":{"numer":"6431S","klasa":"droga zbiorcza","kat":"powiatowa"},"geometry":{"type":"LineString","coordinates":[[18.97443,50.27014],[18.97025,50.27118]]}},{"type":"Feature","properties":{"numer":"6431S","klasa":"droga zbiorcza","kat":"powiatowa"},"geometry":{"type":"LineString","coordinates":[[18.97025,50.27118],[18.96843,50.27163]]}},{"type":"Feature","properties":{"numer":"6431S","klasa":"droga zbiorcza","kat":"powiatowa"},"geometry":{"type":"LineString","coordinates":[[18.96843,50.27163],[18.96752,50.27186]]}},{"type":"Feature","properties":{"numer":"6431S","klasa":"droga zbiorcza","kat":"powiatowa"},"geometry":{"type":"LineString","coordinates":[[18.96752,50.27186],[18.96586,50.27227]]}},{"type":"Feature","properties":{"numer":"6446S","klasa":"droga zbiorcza","kat":"powiatowa"},"geometry":{"type":"LineString","coordinates":[[19.03183,50.26872],[19.02851,50.26946]]}},{"type":"Feature","properties":{"numer":"6519S","klasa":"droga zbiorcza","kat":"powiatowa"},"geometry":{"type":"LineString","coordinates":[[19.02062,50.26896],[19.02068,50.26934]]}},{"type":"Feature","properties":{"numer":"6535S","klasa":"droga zbiorcza","kat":"powiatowa"},"geometry":{"type":"LineString","coordinates":[[19.00813,50.26838],[19.0091,50.26968],[19.00929,50.27031]]}},{"type":"Feature","properties":{"numer":"6446S","klasa":"droga zbiorcza","kat":"powiatowa"},"geometry":{"type":"LineString","coordinates":[[19.02851,50.26946],[19.02746,50.26969]]}},{"type":"Feature","properties":{"numer":"6519S","klasa":"droga zbiorcza","kat":"powiatowa"},"geometry":{"type":"LineString","coordinates":[[19.02075,50.26993],[19.02068,50.26934]]}},{"type":"Feature","properties":{"numer":"100257S","klasa":"droga dojazdowa","kat":"powiatowa"},"geometry":{"type":"LineString","coordinates":[[19.02026,50.26996],[19.02075,50.26993]]}},{"type":"Feature","properties":{"numer":"100257S","klasa":"droga dojazdowa","kat":"powiatowa"},"geometry":{"type":"LineString","coordinates":[[19.02006,50.26997],[19.02026,50.26996]]}},{"type":"Feature","properties":{"numer":"6446S","klasa":"droga zbiorcza","kat":"powiatowa"},"geometry":{"type":"LineString","coordinates":[[19.02746,50.26969],[19.02464,50.2703]]}},{"type":"Feature","properties":{"numer":"100257S","klasa":"droga dojazdowa","kat":"powiatowa"},"geometry":{"type":"LineString","coordinates":[[19.01929,50.27004],[19.02006,50.26997]]}},{"type":"Feature","properties":{"numer":"100257S","klasa":"droga dojazdowa","kat":"powiatowa"},"geometry":{"type":"LineString","coordinates":[[19.01856,50.2701],[19.01929,50.27004]]}},{"type":"Feature","properties":{"numer":"79","klasa":"droga gĹ‚Ăłwna","kat":"krajowa"},"geometry":{"type":"LineString","coordinates":[[19.00047,50.26982],[19.00468,50.2688]]}},{"type":"Feature","properties":{"numer":"6412S","klasa":"droga gĹ‚Ăłwna","kat":"powiatowa"},"geometry":{"type":"LineString","coordinates":[[18.9906,50.26926],[18.99076,50.26955]]}},{"type":"Feature","properties":{"numer":"902","klasa":"droga gĹ‚Ăłwna ruchu przyĹ›pieszonego","kat":"wojewodzka"},"geometry":{"type":"LineString","coordinates":[[18.98702,50.26881],[18.98791,50.26895],[18.98854,50.26913],[18.99119,50.2702]]}},{"type":"Feature","properties":{"numer":"6564S","klasa":"droga zbiorcza","kat":"powiatowa"},"geometry":{"type":"LineString","coordinates":[[19.00029,50.26987],[18.99992,50.26934],[18.99964,50.2692]]}},{"type":"Feature","properties":{"numer":"6412S","klasa":"droga gĹ‚Ăłwna","kat":"powiatowa"},"geometry":{"type":"LineString","coordinates":[[18.99076,50.26955],[18.99078,50.26959]]}},{"type":"Feature","properties":{"numer":"902","klasa":"droga gĹ‚Ăłwna ruchu przyĹ›pieszonego","kat":"wojewodzka"},"geometry":{"type":"LineString","coordinates":[[18.97943,50.27047],[18.98538,50.2689],[18.98702,50.26881]]}},{"type":"Feature","properties":{"numer":"6431S","klasa":"droga zbiorcza","kat":"powiatowa"},"geometry":{"type":"LineString","coordinates":[[18.97793,50.26934],[18.97455,50.27011]]}},{"type":"Feature","properties":{"numer":"6412S","klasa":"droga gĹ‚Ăłwna","kat":"powiatowa"},"geometry":{"type":"LineString","coordinates":[[18.99078,50.26959],[18.99105,50.26998]]}},{"type":"Feature","properties":{"numer":"79","klasa":"droga gĹ‚Ăłwna","kat":"krajowa"},"geometry":{"type":"LineString","coordinates":[[19.00029,50.26987],[19.00047,50.26982]]}},{"type":"Feature","properties":{"numer":"79","klasa":"droga gĹ‚Ăłwna","kat":"krajowa"},"geometry":{"type":"LineString","coordinates":[[19.00006,50.26992],[19.00029,50.26987]]}},{"type":"Feature","properties":{"numer":"100257S","klasa":"droga dojazdowa","kat":"powiatowa"},"geometry":{"type":"LineString","coordinates":[[19.0185,50.2701],[19.01856,50.2701]]}},{"type":"Feature","properties":{"numer":"100257S","klasa":"droga dojazdowa","kat":"powiatowa"},"geometry":{"type":"LineString","coordinates":[[19.01819,50.27034],[19.0185,50.2701]]}},{"type":"Feature","properties":{"numer":"6446S","klasa":"droga zbiorcza","kat":"powiatowa"},"geometry":{"type":"LineString","coordinates":[[19.02464,50.2703],[19.02452,50.27032]]}},{"type":"Feature","properties":{"numer":"6535S","klasa":"droga zbiorcza","kat":"powiatowa"},"geometry":{"type":"LineString","coordinates":[[19.00929,50.27031],[19.00929,50.27034]]}},{"type":"Feature","properties":{"numer":"6482S","klasa":"droga zbiorcza","kat":"powiatowa"},"geometry":{"type":"LineString","coordinates":[[19.02452,50.27032],[19.02437,50.27034]]}},{"type":"Feature","properties":{"numer":"6578S","klasa":"droga gĹ‚Ăłwna","kat":"powiatowa"},"geometry":{"type":"LineString","coordinates":[[19.01516,50.27003],[19.01571,50.27079]]}},{"type":"Feature","properties":{"numer":"100259S","klasa":"droga dojazdowa","kat":"powiatowa"},"geometry":{"type":"LineString","coordinates":[[19.01806,50.27063],[19.01799,50.27049],[19.01819,50.27034]]}},{"type":"Feature","properties":{"numer":"6519S","klasa":"droga zbiorcza","kat":"powiatowa"},"geometry":{"type":"LineString","coordinates":[[19.02075,50.26993],[19.02099,50.27105]]}},{"type":"Feature","properties":{"numer":"6482S","klasa":"droga zbiorcza","kat":"powiatowa"},"geometry":{"type":"LineString","coordinates":[[19.02437,50.27034],[19.022,50.27091]]}},{"type":"Feature","properties":{"numer":"100259S","klasa":"droga dojazdowa","kat":"powiatowa"},"geometry":{"type":"LineString","coordinates":[[19.01815,50.27077],[19.01806,50.27063]]}},{"type":"Feature","properties":{"numer":"6412S","klasa":"droga gĹ‚Ăłwna","kat":"powiatowa"},"geometry":{"type":"LineString","coordinates":[[18.99105,50.26998],[18.99119,50.2702]]}},{"type":"Feature","properties":{"numer":"6431S","klasa":"droga zbiorcza","kat":"powiatowa"},"geometry":{"type":"LineString","coordinates":[[18.97455,50.27011],[18.97449,50.27012]]}},{"type":"Feature","properties":{"numer":"6431S","klasa":"droga zbiorcza","kat":"powiatowa"},"geometry":{"type":"LineString","coordinates":[[18.97449,50.27012],[18.97443,50.27014]]}},{"type":"Feature","properties":{"numer":"79","klasa":"droga gĹ‚Ăłwna","kat":"krajowa"},"geometry":{"type":"LineString","coordinates":[[18.99709,50.27066],[19.00006,50.26992]]}},{"type":"Feature","properties":{"numer":"6412S","klasa":"droga gĹ‚Ăłwna","kat":"powiatowa"},"geometry":{"type":"LineString","coordinates":[[18.99119,50.2702],[18.99137,50.27054]]}},{"type":"Feature","properties":{"numer":"902","klasa":"droga gĹ‚Ăłwna ruchu przyĹ›pieszonego","kat":"wojewodzka"},"geometry":{"type":"LineString","coordinates":[[18.99119,50.2702],[18.99275,50.27081],[18.99347,50.27098],[18.99465,50.27106],[18.99607,50.2709]]}},{"type":"Feature","properties":{"numer":"79","klasa":"droga gĹ‚Ăłwna","kat":"krajowa"},"geometry":{"type":"LineString","coordinates":[[18.99652,50.2708],[18.99709,50.27066]]}},{"type":"Feature","properties":{"numer":"6412S","klasa":"droga gĹ‚Ăłwna","kat":"powiatowa"},"geometry":{"type":"LineString","coordinates":[[18.99137,50.27054],[18.99163,50.27107]]}},{"type":"Feature","properties":{"numer":"902","klasa":"droga gĹ‚Ăłwna ruchu przyĹ›pieszonego","kat":"wojewodzka"},"geometry":{"type":"LineString","coordinates":[[18.99607,50.2709],[18.99652,50.2708]]}},{"type":"Feature","properties":{"numer":"6564S","klasa":"droga zbiorcza","kat":"powiatowa"},"geometry":{"type":"LineString","coordinates":[[19.00156,50.27194],[19.00029,50.26987]]}},{"type":"Feature","properties":{"numer":"6564S","klasa":"droga zbiorcza","kat":"powiatowa"},"geometry":{"type":"LineString","coordinates":[[19.00801,50.2714],[19.00856,50.2713],[19.00877,50.27117],[19.0089,50.27073],[19.00886,50.27033]]}},{"type":"Feature","properties":{"numer":"6578S","klasa":"droga gĹ‚Ăłwna","kat":"powiatowa"},"geometry":{"type":"LineString","coordinates":[[19.01571,50.27079],[19.01593,50.2711]]}},{"type":"Feature","properties":{"numer":"6482S","klasa":"droga zbiorcza","kat":"powiatowa"},"geometry":{"type":"LineString","coordinates":[[19.022,50.27091],[19.02099,50.27105]]}},{"type":"Feature","properties":{"numer":"6482S","klasa":"droga zbiorcza","kat":"powiatowa"},"geometry":{"type":"LineString","coordinates":[[19.02061,50.27122],[19.02099,50.27105]]}},{"type":"Feature","properties":{"numer":"6456S","klasa":"droga zbiorcza","kat":"powiatowa"},"geometry":{"type":"LineString","coordinates":[[19.02472,50.27198],[19.02452,50.27032]]}},{"type":"Feature","properties":{"numer":"100259S","klasa":"droga dojazdowa","kat":"powiatowa"},"geometry":{"type":"LineString","coordinates":[[19.01861,50.2716],[19.01815,50.27077]]}},{"type":"Feature","properties":{"numer":"6578S","klasa":"droga gĹ‚Ăłwna","kat":"powiatowa"},"geometry":{"type":"LineString","coordinates":[[19.01593,50.2711],[19.0161,50.27134]]}},{"type":"Feature","properties":{"numer":"6535S","klasa":"droga zbiorcza","kat":"powiatowa"},"geometry":{"type":"LineString","coordinates":[[19.00929,50.27034],[19.00876,50.27232]]}},{"type":"Feature","properties":{"numer":"6482S","klasa":"droga zbiorcza","kat":"powiatowa"},"geometry":{"type":"LineString","coordinates":[[19.01934,50.27152],[19.02061,50.27122]]}},{"type":"Feature","properties":{"numer":"6564S","klasa":"droga zbiorcza","kat":"powiatowa"},"geometry":{"type":"LineString","coordinates":[[19.0078,50.27165],[19.00787,50.27146],[19.00801,50.2714]]}},{"type":"Feature","properties":{"numer":"6572S","klasa":"droga zbiorcza","kat":"powiatowa"},"geometry":{"type":"LineString","coordinates":[[18.97449,50.27012],[18.97498,50.2717]]}},{"type":"Feature","properties":{"numer":"902","klasa":"droga gĹ‚Ăłwna ruchu przyĹ›pieszonego","kat":"wojewodzka"},"geometry":{"type":"LineString","coordinates":[[18.97498,50.2717],[18.97943,50.27047]]}},{"type":"Feature","properties":{"numer":"902","klasa":"droga gĹ‚Ăłwna ruchu przyĹ›pieszonego","kat":"wojewodzka"},"geometry":{"type":"LineString","coordinates":[[18.97512,50.27206],[18.97899,50.27072],[18.97943,50.27047]]}},{"type":"Feature","properties":{"numer":"79","klasa":"droga gĹ‚Ăłwna","kat":"krajowa"},"geometry":{"type":"LineString","coordinates":[[18.99207,50.27195],[18.99273,50.27157],[18.99344,50.27134],[18.99607,50.2709]]}},{"type":"Feature","properties":{"numer":"6412S","klasa":"droga gĹ‚Ăłwna","kat":"powiatowa"},"geometry":{"type":"LineString","coordinates":[[18.99163,50.27107],[18.99207,50.27195]]}},{"type":"Feature","properties":{"numer":"902","klasa":"droga gĹ‚Ăłwna ruchu przyĹ›pieszonego","kat":"wojewodzka"},"geometry":{"type":"LineString","coordinates":[[18.97439,50.27186],[18.97498,50.2717]]}},{"type":"Feature","properties":{"numer":"6572S","klasa":"droga zbiorcza","kat":"powiatowa"},"geometry":{"type":"LineString","coordinates":[[18.97498,50.2717],[18.97512,50.27206]]}},{"type":"Feature","properties":{"numer":"79","klasa":"droga gĹ‚Ăłwna","kat":"krajowa"},"geometry":{"type":"LineString","coordinates":[[18.99148,50.27231],[18.99207,50.27195]]}},{"type":"Feature","properties":{"numer":"6496S","klasa":"","kat":"powiatowa"},"geometry":{"type":"LineString","coordinates":[[18.98435,50.27221],[18.98503,50.2722]]}},{"type":"Feature","properties":{"numer":"902","klasa":"droga gĹ‚Ăłwna ruchu przyĹ›pieszonego","kat":"wojewodzka"},"geometry":{"type":"LineString","coordinates":[[18.9727,50.27259],[18.97439,50.27186]]}},{"type":"Feature","properties":{"numer":"6482S","klasa":"droga zbiorcza","kat":"powiatowa"},"geometry":{"type":"LineString","coordinates":[[19.01915,50.27157],[19.01934,50.27152]]}},{"type":"Feature","properties":{"numer":"6482S","klasa":"droga zbiorcza","kat":"powiatowa"},"geometry":{"type":"LineString","coordinates":[[19.01866,50.27169],[19.01915,50.27157]]}},{"type":"Feature","properties":{"numer":"100259S","klasa":"droga dojazdowa","kat":"powiatowa"},"geometry":{"type":"LineString","coordinates":[[19.01866,50.27169],[19.01861,50.2716]]}},{"type":"Feature","properties":{"numer":"6578S","klasa":"droga gĹ‚Ăłwna","kat":"powiatowa"},"geometry":{"type":"LineString","coordinates":[[19.0161,50.27134],[19.01654,50.27195],[19.01686,50.27209],[19.01757,50.27198],[19.01866,50.27169]]}},{"type":"Feature","properties":{"numer":"6564S","klasa":"droga zbiorcza","kat":"powiatowa"},"geometry":{"type":"LineString","coordinates":[[19.0077,50.27212],[19.0078,50.27165]]}},{"type":"Feature","properties":{"numer":"6564S","klasa":"droga zbiorcza","kat":"powiatowa"},"geometry":{"type":"LineString","coordinates":[[19.0069,50.27225],[19.0077,50.27212]]}},{"type":"Feature","properties":{"numer":"6564S","klasa":"droga zbiorcza","kat":"powiatowa"},"geometry":{"type":"LineString","coordinates":[[19.00876,50.27232],[19.0077,50.27212]]}},{"type":"Feature","properties":{"numer":"6564S","klasa":"droga zbiorcza","kat":"powiatowa"},"geometry":{"type":"LineString","coordinates":[[19.00764,50.27233],[19.0077,50.27212]]}},{"type":"Feature","properties":{"numer":"6535S","klasa":"droga zbiorcza","kat":"powiatowa"},"geometry":{"type":"LineString","coordinates":[[19.00876,50.27232],[19.00863,50.27266]]}},{"type":"Feature","properties":{"numer":"6564S","klasa":"droga zbiorcza","kat":"powiatowa"},"geometry":{"type":"LineString","coordinates":[[19.00764,50.27233],[19.00781,50.2726],[19.00807,50.27273]]}},{"type":"Feature","properties":{"numer":"902","klasa":"droga gĹ‚Ăłwna ruchu przyĹ›pieszonego","kat":"wojewodzka"},"geometry":{"type":"LineString","coordinates":[[18.97333,50.27243],[18.97512,50.27206]]}},{"type":"Feature","properties":{"numer":"6496S","klasa":"","kat":"powiatowa"},"geometry":{"type":"LineString","coordinates":[[18.98503,50.2722],[18.98574,50.27232]]}},{"type":"Feature","properties":{"numer":"6421S","klasa":"","kat":"powiatowa"},"geometry":{"type":"LineString","coordinates":[[18.9967,50.27124],[18.99714,50.27206],[18.99843,50.2729],[18.9991,50.27355]]}},{"type":"Feature","properties":{"numer":"6572S","klasa":"droga zbiorcza","kat":"powiatowa"},"geometry":{"type":"LineString","coordinates":[[18.97512,50.27206],[18.97556,50.27302]]}},{"type":"Feature","properties":{"numer":"6496S","klasa":"","kat":"powiatowa"},"geometry":{"type":"LineString","coordinates":[[18.98574,50.27232],[18.98614,50.27254],[18.98637,50.2728]]}},{"type":"Feature","properties":{"numer":"6564S","klasa":"droga zbiorcza","kat":"powiatowa"},"geometry":{"type":"LineString","coordinates":[[19.00254,50.27327],[19.00156,50.27194]]}},{"type":"Feature","properties":{"numer":"6560S","klasa":"droga zbiorcza","kat":"powiatowa"},"geometry":{"type":"LineString","coordinates":[[18.99207,50.27195],[18.99227,50.27217],[18.99466,50.27362]]}},{"type":"Feature","properties":{"numer":"6496S","klasa":"","kat":"powiatowa"},"geometry":{"type":"LineString","coordinates":[[18.98103,50.27379],[18.98171,50.27309],[18.9822,50.27281],[18.98327,50.27239],[18.98435,50.27221]]}},{"type":"Feature","properties":{"numer":"6564S","klasa":"droga zbiorcza","kat":"powiatowa"},"geometry":{"type":"LineString","coordinates":[[19.0036,50.27305],[19.00254,50.27327]]}},{"type":"Feature","properties":{"numer":"6572S","klasa":"droga zbiorcza","kat":"powiatowa"},"geometry":{"type":"LineString","coordinates":[[18.97556,50.27302],[18.97597,50.27375]]}},{"type":"Feature","properties":{"numer":"6431S","klasa":"droga zbiorcza","kat":"powiatowa"},"geometry":{"type":"LineString","coordinates":[[18.96586,50.27227],[18.96432,50.27265]]}},{"type":"Feature","properties":{"numer":"902","klasa":"droga gĹ‚Ăłwna ruchu przyĹ›pieszonego","kat":"wojewodzka"},"geometry":{"type":"LineString","coordinates":[[18.97333,50.27243],[18.9727,50.27259]]}},{"type":"Feature","properties":{"numer":"902","klasa":"droga gĹ‚Ăłwna ruchu przyĹ›pieszonego","kat":"wojewodzka"},"geometry":{"type":"LineString","coordinates":[[18.96767,50.27345],[18.97053,50.27291],[18.97439,50.27186]]}},{"type":"Feature","properties":{"numer":"6431S","klasa":"droga zbiorcza","kat":"powiatowa"},"geometry":{"type":"LineString","coordinates":[[18.96432,50.27265],[18.96349,50.27285]]}},{"type":"Feature","properties":{"numer":"902","klasa":"droga gĹ‚Ăłwna ruchu przyĹ›pieszonego","kat":"wojewodzka"},"geometry":{"type":"LineString","coordinates":[[18.9727,50.27259],[18.97045,50.27321],[18.96878,50.27352]]}},{"type":"Feature","properties":{"numer":"6431S","klasa":"droga zbiorcza","kat":"powiatowa"},"geometry":{"type":"LineString","coordinates":[[18.96207,50.27328],[18.96349,50.27285]]}},{"type":"Feature","properties":{"numer":"6431S","klasa":"droga zbiorcza","kat":"powiatowa"},"geometry":{"type":"LineString","coordinates":[[18.96073,50.27356],[18.96207,50.27328]]}},{"type":"Feature","properties":{"numer":"9424S","klasa":"droga zbiorcza","kat":"powiatowa"},"geometry":{"type":"LineString","coordinates":[[18.960738748308525,50.27362123815968],[18.96073,50.27356]]}},{"type":"Feature","properties":{"numer":"","klasa":"droga zbiorcza","kat":"powiatowa"},"geometry":{"type":"LineString","coordinates":[[18.96207,50.27328],[18.96269,50.27392]]}},{"type":"Feature","properties":{"numer":"6564S","klasa":"droga zbiorcza","kat":"powiatowa"},"geometry":{"type":"LineString","coordinates":[[19.0069,50.27225],[19.0036,50.27305]]}},{"type":"Feature","properties":{"numer":"6564S","klasa":"droga zbiorcza","kat":"powiatowa"},"geometry":{"type":"LineString","coordinates":[[19.00817,50.27283],[19.00807,50.27273]]}},{"type":"Feature","properties":{"numer":"6456S","klasa":"droga zbiorcza","kat":"powiatowa"},"geometry":{"type":"LineString","coordinates":[[19.02484,50.27359],[19.02472,50.27198]]}},{"type":"Feature","properties":{"numer":"6535S","klasa":"droga zbiorcza","kat":"powiatowa"},"geometry":{"type":"LineString","coordinates":[[19.00863,50.27266],[19.00837,50.27335]]}},{"type":"Feature","properties":{"numer":"6535S","klasa":"droga zbiorcza","kat":"powiatowa"},"geometry":{"type":"LineString","coordinates":[[19.00837,50.27335],[19.00836,50.27349]]}},{"type":"Feature","properties":{"numer":"6535S","klasa":"droga zbiorcza","kat":"powiatowa"},"geometry":{"type":"LineString","coordinates":[[19.00836,50.27349],[19.00834,50.27371]]}},{"type":"Feature","properties":{"numer":"6451S","klasa":"droga zbiorcza","kat":"powiatowa"},"geometry":{"type":"LineString","coordinates":[[19.00588,50.27408],[19.00764,50.27353],[19.00836,50.27349]]}},{"type":"Feature","properties":{"numer":"6456S","klasa":"droga zbiorcza","kat":"powiatowa"},"geometry":{"type":"LineString","coordinates":[[19.02402,50.27413],[19.02484,50.27359]]}},{"type":"Feature","properties":{"numer":"6456S","klasa":"droga zbiorcza","kat":"powiatowa"},"geometry":{"type":"LineString","coordinates":[[19.02484,50.27359],[19.02609,50.27418]]}},{"type":"Feature","properties":{"numer":"6535S","klasa":"droga zbiorcza","kat":"powiatowa"},"geometry":{"type":"LineString","coordinates":[[19.00834,50.27371],[19.00837,50.27464]]}},{"type":"Feature","properties":{"numer":"79","klasa":"droga gĹ‚Ăłwna","kat":"krajowa"},"geometry":{"type":"LineString","coordinates":[[18.98777,50.27464],[18.99148,50.27231]]}},{"type":"Feature","properties":{"numer":"6496S","klasa":"","kat":"powiatowa"},"geometry":{"type":"LineString","coordinates":[[18.98637,50.2728],[18.98646,50.27343],[18.98628,50.27381],[18.98584,50.2743]]}},{"type":"Feature","properties":{"numer":"6451S","klasa":"droga zbiorcza","kat":"powiatowa"},"geometry":{"type":"LineString","coordinates":[[19.00254,50.27327],[19.00285,50.27425]]}},{"type":"Feature","properties":{"numer":"6560S","klasa":"droga zbiorcza","kat":"powiatowa"},"geometry":{"type":"LineString","coordinates":[[18.99466,50.27362],[18.99544,50.27411]]}},{"type":"Feature","properties":{"numer":"6496S","klasa":"","kat":"powiatowa"},"geometry":{"type":"LineString","coordinates":[[18.9808,50.27397],[18.98103,50.27379]]}},{"type":"Feature","properties":{"numer":"6421S","klasa":"","kat":"powiatowa"},"geometry":{"type":"LineString","coordinates":[[18.9991,50.27355],[18.99972,50.27427]]}},{"type":"Feature","properties":{"numer":"6496S","klasa":"","kat":"powiatowa"},"geometry":{"type":"LineString","coordinates":[[18.9808,50.27397],[18.98027,50.27414],[18.97917,50.27416],[18.9779,50.27389],[18.97597,50.27375]]}},{"type":"Feature","properties":{"numer":"6451S","klasa":"droga zbiorcza","kat":"powiatowa"},"geometry":{"type":"LineString","coordinates":[[19.00285,50.27425],[19.00301,50.27455],[19.00328,50.27466],[19.00451,50.27446],[19.00588,50.27408]]}},{"type":"Feature","properties":{"numer":"6560S","klasa":"droga zbiorcza","kat":"powiatowa"},"geometry":{"type":"LineString","coordinates":[[18.99544,50.27411],[18.99671,50.27491]]}},{"type":"Feature","properties":{"numer":"6421S","klasa":"","kat":"powiatowa"},"geometry":{"type":"LineString","coordinates":[[18.99972,50.27427],[19.00026,50.27494]]}},{"type":"Feature","properties":{"numer":"6535S","klasa":"droga zbiorcza","kat":"powiatowa"},"geometry":{"type":"LineString","coordinates":[[19.00855,50.27781],[19.0085,50.27804]]}},{"type":"Feature","properties":{"numer":"6456S","klasa":"droga zbiorcza","kat":"powiatowa"},"geometry":{"type":"LineString","coordinates":[[19.02122,50.27795],[19.02095,50.27832],[19.0209,50.27909]]}},{"type":"Feature","properties":{"numer":"6456S","klasa":"droga zbiorcza","kat":"powiatowa"},"geometry":{"type":"LineString","coordinates":[[19.0209,50.27909],[19.02089,50.27972]]}},{"type":"Feature","properties":{"numer":"6401S","klasa":"","kat":"powiatowa"},"geometry":{"type":"LineString","coordinates":[[19.00641,50.2811],[19.00598,50.28004],[19.00483,50.27884],[19.00446,50.27831]]}},{"type":"Feature","properties":{"numer":"6456S","klasa":"droga zbiorcza","kat":"powiatowa"},"geometry":{"type":"LineString","coordinates":[[19.02089,50.27972],[19.02089,50.27995]]}},{"type":"Feature","properties":{"numer":"6443S","klasa":"","kat":"powiatowa"},"geometry":{"type":"LineString","coordinates":[[19.01564,50.2807],[19.01545,50.28027],[19.01559,50.27982]]}},{"type":"Feature","properties":{"numer":"6456S","klasa":"droga zbiorcza","kat":"powiatowa"},"geometry":{"type":"LineString","coordinates":[[19.02089,50.27995],[19.02084,50.28049],[19.02045,50.28117]]}},{"type":"Feature","properties":{"numer":"6443S","klasa":"","kat":"powiatowa"},"geometry":{"type":"LineString","coordinates":[[19.01523,50.28231],[19.01575,50.28137],[19.01564,50.2807]]}},{"type":"Feature","properties":{"numer":"6415S","klasa":"droga zbiorcza","kat":"powiatowa"},"geometry":{"type":"LineString","coordinates":[[19.00641,50.2811],[19.00679,50.28214]]}},{"type":"Feature","properties":{"numer":"6456S","klasa":"droga zbiorcza","kat":"powiatowa"},"geometry":{"type":"LineString","coordinates":[[19.02045,50.28117],[19.01952,50.28275]]}},{"type":"Feature","properties":{"numer":"6538S","klasa":"","kat":"powiatowa"},"geometry":{"type":"LineString","coordinates":[[18.96462,50.28094],[18.96492,50.2807],[18.96546,50.28046],[18.9674,50.28008],[18.96795,50.2799]]}},{"type":"Feature","properties":{"numer":"6538S","klasa":"","kat":"powiatowa"},"geometry":{"type":"LineString","coordinates":[[18.96462,50.28094],[18.96439,50.28116]]}},{"type":"Feature","properties":{"numer":"6418S","klasa":"","kat":"powiatowa"},"geometry":{"type":"LineString","coordinates":[[18.97095,50.28082],[18.97151,50.28116],[18.97166,50.28156]]}},{"type":"Feature","properties":{"numer":"6538S","klasa":"","kat":"powiatowa"},"geometry":{"type":"LineString","coordinates":[[18.96346,50.28201],[18.96439,50.28116]]}},{"type":"Feature","properties":{"numer":"6418S","klasa":"","kat":"powiatowa"},"geometry":{"type":"LineString","coordinates":[[18.97166,50.28156],[18.97176,50.28194],[18.97256,50.28255]]}},{"type":"Feature","properties":{"numer":"6538S","klasa":"","kat":"powiatowa"},"geometry":{"type":"LineString","coordinates":[[18.96346,50.28201],[18.96401,50.2825]]}},{"type":"Feature","properties":{"numer":"6538S","klasa":"","kat":"powiatowa"},"geometry":{"type":"LineString","coordinates":[[18.96408,50.28257],[18.96401,50.2825]]}},{"type":"Feature","properties":{"numer":"6418S","klasa":"","kat":"powiatowa"},"geometry":{"type":"LineString","coordinates":[[18.97256,50.28255],[18.97249,50.28268]]}},{"type":"Feature","properties":{"numer":"6540S","klasa":"","kat":"powiatowa"},"geometry":{"type":"LineString","coordinates":[[18.96432,50.28322],[18.96408,50.28257]]}},{"type":"Feature","properties":{"numer":"6418S","klasa":"","kat":"powiatowa"},"geometry":{"type":"LineString","coordinates":[[18.97249,50.28268],[18.97226,50.28343]]}},{"type":"Feature","properties":{"numer":"6540S","klasa":"","kat":"powiatowa"},"geometry":{"type":"LineString","coordinates":[[18.96433,50.28334],[18.96432,50.28322]]}},{"type":"Feature","properties":{"numer":"6540S","klasa":"","kat":"powiatowa"},"geometry":{"type":"LineString","coordinates":[[18.964400949523473,50.28396080833039],[18.96433,50.28334]]}},{"type":"Feature","properties":{"numer":"6540S","klasa":"","kat":"powiatowa"},"geometry":{"type":"LineString","coordinates":[[18.97315,50.28396],[18.97226,50.28343]]}},{"type":"Feature","properties":{"numer":"6540S","klasa":"","kat":"powiatowa"},"geometry":{"type":"LineString","coordinates":[[18.97226,50.28343],[18.96988,50.28492]]}},{"type":"Feature","properties":{"numer":"6540S","klasa":"","kat":"powiatowa"},"geometry":{"type":"LineString","coordinates":[[18.96988,50.28492],[18.96974,50.28501]]}},{"type":"Feature","properties":{"numer":"6540S","klasa":"","kat":"powiatowa"},"geometry":{"type":"LineString","coordinates":[[18.96974,50.28501],[18.96922,50.28535]]}},{"type":"Feature","properties":{"numer":"6456S","klasa":"droga zbiorcza","kat":"powiatowa"},"geometry":{"type":"LineString","coordinates":[[19.01952,50.28275],[19.0193,50.28314]]}},{"type":"Feature","properties":{"numer":"6415S","klasa":"droga zbiorcza","kat":"powiatowa"},"geometry":{"type":"LineString","coordinates":[[19.00679,50.28214],[19.00692,50.28406],[19.00681,50.28563]]}},{"type":"Feature","properties":{"numer":"100096S","klasa":"droga dojazdowa","kat":"powiatowa"},"geometry":{"type":"LineString","coordinates":[[19.03184,50.284],[19.03166,50.28394]]}},{"type":"Feature","properties":{"numer":"100096S","klasa":"droga dojazdowa","kat":"powiatowa"},"geometry":{"type":"LineString","coordinates":[[19.031858987551868,50.28400345228216],[19.03184,50.284]]}},{"type":"Feature","properties":{"numer":"9651S","klasa":"","kat":"powiatowa"},"geometry":{"type":"LineString","coordinates":[[19.0315,50.2842],[19.03166,50.28394]]}},{"type":"Feature","properties":{"numer":"6456S","klasa":"droga zbiorcza","kat":"powiatowa"},"geometry":{"type":"LineString","coordinates":[[19.0193,50.28314],[19.01815,50.28509]]}},{"type":"Feature","properties":{"numer":"250101S,9651S","klasa":"","kat":"powiatowa"},"geometry":{"type":"LineString","coordinates":[[19.031656135770234,50.284583833768494],[19.0315,50.2842]]}},{"type":"Feature","properties":{"numer":"6443S","klasa":"","kat":"powiatowa"},"geometry":{"type":"LineString","coordinates":[[19.00643,50.28761],[19.00822,50.2873],[19.01193,50.28588],[19.01271,50.28549],[19.01364,50.28408],[19.01523,50.28231]]}},{"type":"Feature","properties":{"numer":"6415S","klasa":"droga zbiorcza","kat":"powiatowa"},"geometry":{"type":"LineString","coordinates":[[19.00681,50.28563],[19.00682,50.28615]]}},{"type":"Feature","properties":{"numer":"6456S","klasa":"droga zbiorcza","kat":"powiatowa"},"geometry":{"type":"LineString","coordinates":[[19.01815,50.28509],[19.01625,50.28837]]}},{"type":"Feature","properties":{"numer":"6540S","klasa":"","kat":"powiatowa"},"geometry":{"type":"LineString","coordinates":[[18.96922,50.28535],[18.96864,50.28566]]}},{"type":"Feature","properties":{"numer":"6540S","klasa":"","kat":"powiatowa"},"geometry":{"type":"LineString","coordinates":[[18.96864,50.28566],[18.96804,50.28571],[18.96646,50.28558],[18.966218138440862,50.2855336155914]]}},{"type":"Feature","properties":{"numer":"79","klasa":"droga gĹ‚Ăłwna","kat":"krajowa"},"geometry":{"type":"LineString","coordinates":[[18.96783454319546,50.287318898454686],[18.97315,50.28396]]}},{"type":"Feature","properties":{"numer":"79","klasa":"droga gĹ‚Ăłwna","kat":"krajowa"},"geometry":{"type":"LineString","coordinates":[[18.97315,50.28396],[18.97593,50.28217]]}},{"type":"Feature","properties":{"numer":"9422S","klasa":"droga zbiorcza","kat":"powiatowa"},"geometry":{"type":"LineString","coordinates":[[19.00449,50.29544],[19.002003270350734,50.29603077002717]]}},{"type":"Feature","properties":{"numer":"9600S","klasa":"droga zbiorcza","kat":"powiatowa"},"geometry":{"type":"LineString","coordinates":[[19.00449,50.29544],[19.004470388733885,50.295503918200666]]}},{"type":"Feature","properties":{"numer":"6415S","klasa":"droga zbiorcza","kat":"powiatowa"},"geometry":{"type":"LineString","coordinates":[[19.00682,50.28615],[19.00681,50.28665],[19.00643,50.28761]]}},{"type":"Feature","properties":{"numer":"6415S","klasa":"droga zbiorcza","kat":"powiatowa"},"geometry":{"type":"LineString","coordinates":[[19.00643,50.28761],[19.00573,50.29034]]}},{"type":"Feature","properties":{"numer":"6456S","klasa":"droga zbiorcza","kat":"powiatowa"},"geometry":{"type":"LineString","coordinates":[[19.01625,50.28837],[19.01372,50.29271]]}},{"type":"Feature","properties":{"numer":"6415S","klasa":"droga zbiorcza","kat":"powiatowa"},"geometry":{"type":"LineString","coordinates":[[19.00573,50.29034],[19.00519,50.29251]]}},{"type":"Feature","properties":{"numer":"6537S","klasa":"droga zbiorcza","kat":"powiatowa"},"geometry":{"type":"LineString","coordinates":[[19.018387505468105,50.29165231775969],[19.01695,50.29231],[19.014533612151364,50.292992892218095]]}},{"type":"Feature","properties":{"numer":"6456S","klasa":"droga zbiorcza","kat":"powiatowa"},"geometry":{"type":"LineString","coordinates":[[19.01372,50.29271],[19.01361,50.29297],[19.013718603488453,50.29319625726761]]}},{"type":"Feature","properties":{"numer":"6415S","klasa":"droga zbiorcza","kat":"powiatowa"},"geometry":{"type":"LineString","coordinates":[[19.00519,50.29251],[19.00449,50.29544]]}},{"type":"Feature","properties":{"numer":"6537S","klasa":"droga zbiorcza","kat":"powiatowa"},"geometry":{"type":"LineString","coordinates":[[19.009368160909215,50.29428180152107],[19.00604,50.29508]]}},{"type":"Feature","properties":{"numer":"6537S","klasa":"droga zbiorcza","kat":"powiatowa"},"geometry":{"type":"LineString","coordinates":[[19.00604,50.29508],[19.00449,50.29544]]}},{"type":"Feature","properties":{"numer":"6446S","klasa":"droga zbiorcza","kat":"powiatowa"},"geometry":{"type":"LineString","coordinates":[[19.03577,50.26931],[19.03512,50.26912]]}},{"type":"Feature","properties":{"numer":"6446S","klasa":"droga zbiorcza","kat":"powiatowa"},"geometry":{"type":"LineString","coordinates":[[19.03684,50.26948],[19.03577,50.26931]]}},{"type":"Feature","properties":{"numer":"6446S","klasa":"droga zbiorcza","kat":"powiatowa"},"geometry":{"type":"LineString","coordinates":[[19.03799,50.26962],[19.03684,50.26948]]}},{"type":"Feature","properties":{"numer":"6446S","klasa":"droga zbiorcza","kat":"powiatowa"},"geometry":{"type":"LineString","coordinates":[[19.04017,50.26998],[19.03799,50.26962]]}},{"type":"Feature","properties":{"numer":"6464S","klasa":"droga zbiorcza","kat":"powiatowa"},"geometry":{"type":"LineString","coordinates":[[19.04042,50.27002],[19.04017,50.26998]]}},{"type":"Feature","properties":{"numer":"6500S","klasa":"","kat":"powiatowa"},"geometry":{"type":"LineString","coordinates":[[19.04333,50.26943],[19.04389,50.26969],[19.04693,50.27067]]}},{"type":"Feature","properties":{"numer":"6410S","klasa":"droga gĹ‚Ăłwna","kat":"powiatowa"},"geometry":{"type":"LineString","coordinates":[[19.04927,50.27131],[19.05034,50.26929]]}},{"type":"Feature","properties":{"numer":"6464S","klasa":"droga zbiorcza","kat":"powiatowa"},"geometry":{"type":"LineString","coordinates":[[19.04463,50.27135],[19.04042,50.27002]]}},{"type":"Feature","properties":{"numer":"6500S","klasa":"","kat":"powiatowa"},"geometry":{"type":"LineString","coordinates":[[19.04693,50.27067],[19.04743,50.27084]]}},{"type":"Feature","properties":{"numer":"6500S","klasa":"","kat":"powiatowa"},"geometry":{"type":"LineString","coordinates":[[19.04743,50.27084],[19.04927,50.27131]]}},{"type":"Feature","properties":{"numer":"100954S","klasa":"droga lokalna","kat":"powiatowa"},"geometry":{"type":"LineString","coordinates":[[19.06145,50.26997],[19.05908,50.26925]]}},{"type":"Feature","properties":{"numer":"6438S","klasa":"droga zbiorcza","kat":"powiatowa"},"geometry":{"type":"LineString","coordinates":[[19.07975,50.26937],[19.07894,50.26978],[19.07844,50.26989]]}},{"type":"Feature","properties":{"numer":"100954S","klasa":"droga lokalna","kat":"powiatowa"},"geometry":{"type":"LineString","coordinates":[[19.06226,50.27031],[19.06145,50.26997]]}},{"type":"Feature","properties":{"numer":"6438S","klasa":"droga zbiorcza","kat":"powiatowa"},"geometry":{"type":"LineString","coordinates":[[19.07844,50.26989],[19.07639,50.27042]]}},{"type":"Feature","properties":{"numer":"100954S","klasa":"droga lokalna","kat":"powiatowa"},"geometry":{"type":"LineString","coordinates":[[19.06226,50.27031],[19.0627,50.27051]]}},{"type":"Feature","properties":{"numer":"100954S","klasa":"droga lokalna","kat":"powiatowa"},"geometry":{"type":"LineString","coordinates":[[19.0627,50.27051],[19.06287,50.27059]]}},{"type":"Feature","properties":{"numer":"100954S","klasa":"droga lokalna","kat":"powiatowa"},"geometry":{"type":"LineString","coordinates":[[19.06303,50.27065],[19.06287,50.27059]]}},{"type":"Feature","properties":{"numer":"6455S","klasa":"","kat":"powiatowa"},"geometry":{"type":"LineString","coordinates":[[19.08362,50.26771],[19.08473,50.26988],[19.0867,50.27207],[19.08779,50.27362]]}},{"type":"Feature","properties":{"numer":"100954S","klasa":"droga lokalna","kat":"powiatowa"},"geometry":{"type":"LineString","coordinates":[[19.0633,50.27077],[19.06303,50.27065]]}},{"type":"Feature","properties":{"numer":"100954S","klasa":"droga lokalna","kat":"powiatowa"},"geometry":{"type":"LineString","coordinates":[[19.0633,50.27077],[19.06338,50.2708]]}},{"type":"Feature","properties":{"numer":"100954S","klasa":"droga lokalna","kat":"powiatowa"},"geometry":{"type":"LineString","coordinates":[[19.06338,50.2708],[19.06383,50.27099]]}},{"type":"Feature","properties":{"numer":"100954S","klasa":"droga lokalna","kat":"powiatowa"},"geometry":{"type":"LineString","coordinates":[[19.06383,50.27099],[19.06408,50.27109]]}},{"type":"Feature","properties":{"numer":"S86","klasa":"droga ekspresowa","kat":"krajowa"},"geometry":{"type":"LineString","coordinates":[[19.06756,50.27296],[19.05908,50.26925]]}},{"type":"Feature","properties":{"numer":"6438S","klasa":"droga zbiorcza","kat":"powiatowa"},"geometry":{"type":"LineString","coordinates":[[19.07639,50.27042],[19.07515,50.27111],[19.07409,50.27201]]}},{"type":"Feature","properties":{"numer":"100954S","klasa":"droga lokalna","kat":"powiatowa"},"geometry":{"type":"LineString","coordinates":[[19.06408,50.27109],[19.06468,50.27137]]}},{"type":"Feature","properties":{"numer":"100106S","klasa":"droga dojazdowa","kat":"powiatowa"},"geometry":{"type":"LineString","coordinates":[[19.06585,50.27173],[19.06468,50.27137]]}},{"type":"Feature","properties":{"numer":"100106S","klasa":"droga dojazdowa","kat":"powiatowa"},"geometry":{"type":"LineString","coordinates":[[19.06585,50.27173],[19.06613,50.27187]]}},{"type":"Feature","properties":{"numer":"100106S","klasa":"droga dojazdowa","kat":"powiatowa"},"geometry":{"type":"LineString","coordinates":[[19.06613,50.27187],[19.06739,50.27232]]}},{"type":"Feature","properties":{"numer":"6438S","klasa":"droga zbiorcza","kat":"powiatowa"},"geometry":{"type":"LineString","coordinates":[[19.07409,50.27201],[19.07336,50.27266]]}},{"type":"Feature","properties":{"numer":"100106S","klasa":"droga dojazdowa","kat":"powiatowa"},"geometry":{"type":"LineString","coordinates":[[19.06739,50.27232],[19.06773,50.27248],[19.06769,50.27276]]}},{"type":"Feature","properties":{"numer":"6464S","klasa":"droga zbiorcza","kat":"powiatowa"},"geometry":{"type":"LineString","coordinates":[[19.04564,50.2717],[19.04463,50.27135]]}},{"type":"Feature","properties":{"numer":"6410S","klasa":"droga gĹ‚Ăłwna","kat":"powiatowa"},"geometry":{"type":"LineString","coordinates":[[19.04927,50.27131],[19.04813,50.2726]]}},{"type":"Feature","properties":{"numer":"6464S","klasa":"droga zbiorcza","kat":"powiatowa"},"geometry":{"type":"LineString","coordinates":[[19.04564,50.2717],[19.0467,50.27217],[19.04808,50.27264]]}},{"type":"Feature","properties":{"numer":"6410S","klasa":"droga zbiorcza","kat":"powiatowa"},"geometry":{"type":"LineString","coordinates":[[19.04808,50.27264],[19.04813,50.2726]]}},{"type":"Feature","properties":{"numer":"6464S","klasa":"droga zbiorcza","kat":"powiatowa"},"geometry":{"type":"LineString","coordinates":[[19.04808,50.27264],[19.05197,50.27402]]}},{"type":"Feature","properties":{"numer":"6463S","klasa":"droga zbiorcza","kat":"powiatowa"},"geometry":{"type":"LineString","coordinates":[[19.05484,50.27396],[19.0534,50.2738],[19.05263,50.27395]]}},{"type":"Feature","properties":{"numer":"6463S","klasa":"droga zbiorcza","kat":"powiatowa"},"geometry":{"type":"LineString","coordinates":[[19.05263,50.27395],[19.05197,50.27402]]}},{"type":"Feature","properties":{"numer":"6463S","klasa":"droga zbiorcza","kat":"powiatowa"},"geometry":{"type":"LineString","coordinates":[[19.05582,50.27409],[19.05484,50.27396]]}},{"type":"Feature","properties":{"numer":"6463S","klasa":"droga zbiorcza","kat":"powiatowa"},"geometry":{"type":"LineString","coordinates":[[19.05662,50.27429],[19.05582,50.27409]]}},{"type":"Feature","properties":{"numer":"6463S","klasa":"droga zbiorcza","kat":"powiatowa"},"geometry":{"type":"LineString","coordinates":[[19.05793,50.27465],[19.05662,50.27429]]}},{"type":"Feature","properties":{"numer":"6438S","klasa":"droga zbiorcza","kat":"powiatowa"},"geometry":{"type":"LineString","coordinates":[[19.07336,50.27266],[19.07303,50.27294]]}},{"type":"Feature","properties":{"numer":"100106S","klasa":"","kat":"powiatowa"},"geometry":{"type":"LineString","coordinates":[[19.06769,50.27276],[19.06756,50.27296]]}},{"type":"Feature","properties":{"numer":"100106S","klasa":"","kat":"powiatowa"},"geometry":{"type":"LineString","coordinates":[[19.06756,50.27296],[19.06706,50.2736]]}},{"type":"Feature","properties":{"numer":"6438S","klasa":"droga zbiorcza","kat":"powiatowa"},"geometry":{"type":"LineString","coordinates":[[19.07303,50.27294],[19.07133,50.27458]]}},{"type":"Feature","properties":{"numer":"S86","klasa":"droga ekspresowa","kat":"krajowa"},"geometry":{"type":"LineString","coordinates":[[19.07133,50.27458],[19.06756,50.27296]]}},{"type":"Feature","properties":{"numer":"100106S","klasa":"","kat":"powiatowa"},"geometry":{"type":"LineString","coordinates":[[19.06706,50.2736],[19.06662,50.27419]]}},{"type":"Feature","properties":{"numer":"6455S","klasa":"","kat":"powiatowa"},"geometry":{"type":"LineString","coordinates":[[19.08779,50.27362],[19.08849,50.27504]]}},{"type":"Feature","properties":{"numer":"6438S","klasa":"droga zbiorcza","kat":"powiatowa"},"geometry":{"type":"LineString","coordinates":[[19.07133,50.27458],[19.07076,50.27477]]}},{"type":"Feature","properties":{"numer":"6438S","klasa":"droga zbiorcza","kat":"powiatowa"},"geometry":{"type":"LineString","coordinates":[[19.07076,50.27477],[19.07047,50.27492]]}},{"type":"Feature","properties":{"numer":"6438S","klasa":"droga zbiorcza","kat":"powiatowa"},"geometry":{"type":"LineString","coordinates":[[19.07019,50.27513],[19.07047,50.27492]]}},{"type":"Feature","properties":{"numer":"6438S","klasa":"droga zbiorcza","kat":"powiatowa"},"geometry":{"type":"LineString","coordinates":[[19.07008,50.2752],[19.07019,50.27513]]}},{"type":"Feature","properties":{"numer":"6841S","klasa":"droga zbiorcza","kat":"powiatowa"},"geometry":{"type":"LineString","coordinates":[[19.07034,50.27523],[19.07019,50.27513]]}},{"type":"Feature","properties":{"numer":"6841S","klasa":"droga zbiorcza","kat":"powiatowa"},"geometry":{"type":"LineString","coordinates":[[19.07064,50.27542],[19.07034,50.27523]]}},{"type":"Feature","properties":{"numer":"6438S","klasa":"droga zbiorcza","kat":"powiatowa"},"geometry":{"type":"LineString","coordinates":[[19.06905,50.27577],[19.06937,50.27569],[19.07008,50.2752]]}},{"type":"Feature","properties":{"numer":"100717S","klasa":"droga dojazdowa","kat":"powiatowa"},"geometry":{"type":"LineString","coordinates":[[19.06769,50.27583],[19.06905,50.27577]]}},{"type":"Feature","properties":{"numer":"100717S","klasa":"droga dojazdowa","kat":"powiatowa"},"geometry":{"type":"LineString","coordinates":[[19.06764,50.27591],[19.06769,50.27583]]}},{"type":"Feature","properties":{"numer":"6463S","klasa":"droga zbiorcza","kat":"powiatowa"},"geometry":{"type":"LineString","coordinates":[[19.06596,50.27674],[19.06481,50.27657],[19.06356,50.2761],[19.0596,50.2751]]}},{"type":"Feature","properties":{"numer":"S86","klasa":"droga ekspresowa","kat":"krajowa"},"geometry":{"type":"LineString","coordinates":[[19.07788,50.27729],[19.0747,50.27603],[19.07133,50.27458]]}},{"type":"Feature","properties":{"numer":"6526S","klasa":"droga zbiorcza","kat":"powiatowa"},"geometry":{"type":"LineString","coordinates":[[19.06905,50.27577],[19.06983,50.27707]]}},{"type":"Feature","properties":{"numer":"100735S","klasa":"droga dojazdowa","kat":"powiatowa"},"geometry":{"type":"LineString","coordinates":[[19.06764,50.27591],[19.06753,50.27649],[19.06773,50.27696]]}},{"type":"Feature","properties":{"numer":"6463S","klasa":"droga zbiorcza","kat":"powiatowa"},"geometry":{"type":"LineString","coordinates":[[19.0666,50.27682],[19.06596,50.27674]]}},{"type":"Feature","properties":{"numer":"6463S","klasa":"droga zbiorcza","kat":"powiatowa"},"geometry":{"type":"LineString","coordinates":[[19.06773,50.27696],[19.0666,50.27682]]}},{"type":"Feature","properties":{"numer":"6841S","klasa":"droga zbiorcza","kat":"powiatowa"},"geometry":{"type":"LineString","coordinates":[[19.07203,50.27851],[19.07185,50.27661],[19.07121,50.27584],[19.07064,50.27542]]}},{"type":"Feature","properties":{"numer":"6463S","klasa":"droga zbiorcza","kat":"powiatowa"},"geometry":{"type":"LineString","coordinates":[[19.06869,50.27707],[19.06773,50.27696]]}},{"type":"Feature","properties":{"numer":"6463S","klasa":"droga zbiorcza","kat":"powiatowa"},"geometry":{"type":"LineString","coordinates":[[19.06983,50.27707],[19.06869,50.27707]]}},{"type":"Feature","properties":{"numer":"6455S","klasa":"","kat":"powiatowa"},"geometry":{"type":"LineString","coordinates":[[19.08849,50.27504],[19.09003,50.27928]]}},{"type":"Feature","properties":{"numer":"","klasa":"droga wewnÄ™trzna","kat":"gminna"},"geometry":{"type":"LineString","coordinates":[[19.08017,50.27798],[19.07788,50.27729]]}},{"type":"Feature","properties":{"numer":"","klasa":"droga wewnÄ™trzna","kat":"gminna"},"geometry":{"type":"LineString","coordinates":[[19.08268,50.27801],[19.0818,50.27768],[19.08066,50.27794]]}},{"type":"Feature","properties":{"numer":"6526S","klasa":"droga zbiorcza","kat":"powiatowa"},"geometry":{"type":"LineString","coordinates":[[19.06945,50.27866],[19.06969,50.27834],[19.06994,50.27763],[19.06995,50.27728],[19.06983,50.27707]]}},{"type":"Feature","properties":{"numer":"","klasa":"droga wewnÄ™trzna","kat":"gminna"},"geometry":{"type":"LineString","coordinates":[[19.08066,50.27794],[19.08049,50.27798]]}},{"type":"Feature","properties":{"numer":"S86","klasa":"droga ekspresowa","kat":"krajowa"},"geometry":{"type":"LineString","coordinates":[[19.090687544483995,50.2818106405694],[19.0906,50.28178]]}},{"type":"Feature","properties":{"numer":"","klasa":"droga wewnÄ™trzna","kat":"gminna"},"geometry":{"type":"LineString","coordinates":[[19.08049,50.27798],[19.08017,50.27798]]}},{"type":"Feature","properties":{"numer":"","klasa":"droga wewnÄ™trzna","kat":"gminna"},"geometry":{"type":"LineString","coordinates":[[19.08288,50.27811],[19.08268,50.27801]]}},{"type":"Feature","properties":{"numer":"","klasa":"droga wewnÄ™trzna","kat":"gminna"},"geometry":{"type":"LineString","coordinates":[[19.08288,50.27811],[19.08294,50.27822]]}},{"type":"Feature","properties":{"numer":"S86","klasa":"droga ekspresowa","kat":"krajowa"},"geometry":{"type":"LineString","coordinates":[[19.08338,50.27933],[19.07788,50.27729]]}},{"type":"Feature","properties":{"numer":"6499S","klasa":"droga zbiorcza","kat":"powiatowa"},"geometry":{"type":"LineString","coordinates":[[19.07203,50.27851],[19.07288,50.27853]]}},{"type":"Feature","properties":{"numer":"6499S","klasa":"droga zbiorcza","kat":"powiatowa"},"geometry":{"type":"LineString","coordinates":[[19.06987,50.27871],[19.07203,50.27851]]}},{"type":"Feature","properties":{"numer":"","klasa":"droga wewnÄ™trzna","kat":"gminna"},"geometry":{"type":"LineString","coordinates":[[19.08354,50.27906],[19.08351,50.27858],[19.08318,50.2783],[19.08294,50.27822]]}},{"type":"Feature","properties":{"numer":"6499S","klasa":"droga zbiorcza","kat":"powiatowa"},"geometry":{"type":"LineString","coordinates":[[19.06945,50.27866],[19.06987,50.27871]]}},{"type":"Feature","properties":{"numer":"6499S","klasa":"droga zbiorcza","kat":"powiatowa"},"geometry":{"type":"LineString","coordinates":[[19.07288,50.27853],[19.07337,50.27861],[19.07425,50.2789]]}},{"type":"Feature","properties":{"numer":"","klasa":"droga wewnÄ™trzna","kat":"gminna"},"geometry":{"type":"LineString","coordinates":[[19.08338,50.27933],[19.08354,50.27906]]}},{"type":"Feature","properties":{"numer":"6463S","klasa":"droga zbiorcza","kat":"powiatowa"},"geometry":{"type":"LineString","coordinates":[[19.0596,50.2751],[19.05793,50.27465]]}},{"type":"Feature","properties":{"numer":"9643S","klasa":"","kat":"powiatowa"},"geometry":{"type":"LineString","coordinates":[[19.051,50.27513],[19.05089,50.27523]]}},{"type":"Feature","properties":{"numer":"9643S","klasa":"","kat":"powiatowa"},"geometry":{"type":"LineString","coordinates":[[19.05089,50.27523],[19.050762241956317,50.27532652829967]]}},{"type":"Feature","properties":{"numer":"","klasa":"droga zbiorcza","kat":"powiatowa"},"geometry":{"type":"LineString","coordinates":[[18.96767,50.27345],[18.96521,50.27346],[18.9638,50.27364],[18.96269,50.27392]]}},{"type":"Feature","properties":{"numer":"902","klasa":"droga gĹ‚Ăłwna ruchu przyĹ›pieszonego","kat":"wojewodzka"},"geometry":{"type":"LineString","coordinates":[[18.96878,50.27352],[18.96727,50.27374],[18.965,50.27395]]}},{"type":"Feature","properties":{"numer":"6431S","klasa":"droga zbiorcza","kat":"powiatowa"},"geometry":{"type":"LineString","coordinates":[[18.95875,50.27396],[18.96073,50.27356]]}},{"type":"Feature","properties":{"numer":"902","klasa":"droga gĹ‚Ăłwna ruchu przyĹ›pieszonego","kat":"wojewodzka"},"geometry":{"type":"LineString","coordinates":[[18.96217,50.27435],[18.96283,50.27411],[18.96401,50.27384],[18.96767,50.27345]]}},{"type":"Feature","properties":{"numer":"9400S","klasa":"droga zbiorcza","kat":"powiatowa"},"geometry":{"type":"LineString","coordinates":[[18.958728834874083,50.27396345553076],[18.95875,50.27396]]}},{"type":"Feature","properties":{"numer":"","klasa":"droga zbiorcza","kat":"powiatowa"},"geometry":{"type":"LineString","coordinates":[[18.96269,50.27392],[18.96182,50.2743]]}},{"type":"Feature","properties":{"numer":"902","klasa":"droga gĹ‚Ăłwna ruchu przyĹ›pieszonego","kat":"wojewodzka"},"geometry":{"type":"LineString","coordinates":[[18.965,50.27395],[18.96217,50.27435]]}},{"type":"Feature","properties":{"numer":"","klasa":"droga zbiorcza","kat":"powiatowa"},"geometry":{"type":"LineString","coordinates":[[18.960974716649122,50.27484751307954],[18.96182,50.2743]]}},{"type":"Feature","properties":{"numer":"6456S","klasa":"droga zbiorcza","kat":"powiatowa"},"geometry":{"type":"LineString","coordinates":[[19.02609,50.27418],[19.02696,50.275],[19.0271,50.27503]]}},{"type":"Feature","properties":{"numer":"6456S","klasa":"droga zbiorcza","kat":"powiatowa"},"geometry":{"type":"LineString","coordinates":[[19.0234,50.27532],[19.02402,50.27413]]}},{"type":"Feature","properties":{"numer":"6535S","klasa":"droga zbiorcza","kat":"powiatowa"},"geometry":{"type":"LineString","coordinates":[[19.00837,50.27464],[19.00839,50.27488]]}},{"type":"Feature","properties":{"numer":"6516S","klasa":"","kat":"powiatowa"},"geometry":{"type":"LineString","coordinates":[[19.0091,50.27484],[19.00937,50.2748]]}},{"type":"Feature","properties":{"numer":"6516S","klasa":"","kat":"powiatowa"},"geometry":{"type":"LineString","coordinates":[[19.00839,50.27488],[19.0091,50.27484]]}},{"type":"Feature","properties":{"numer":"100377S","klasa":"droga dojazdowa","kat":"powiatowa"},"geometry":{"type":"LineString","coordinates":[[19.00783,50.27497],[19.00787,50.27489],[19.00839,50.27488]]}},{"type":"Feature","properties":{"numer":"100091S","klasa":"droga dojazdowa","kat":"powiatowa"},"geometry":{"type":"LineString","coordinates":[[19.02676,50.2754],[19.02699,50.27527],[19.0271,50.27503]]}},{"type":"Feature","properties":{"numer":"6516S","klasa":"","kat":"powiatowa"},"geometry":{"type":"LineString","coordinates":[[19.00937,50.2748],[19.01039,50.27467],[19.01096,50.27479],[19.01167,50.27517],[19.01199,50.27576]]}},{"type":"Feature","properties":{"numer":"100306S","klasa":"droga dojazdowa","kat":"powiatowa"},"geometry":{"type":"LineString","coordinates":[[19.00744,50.27585],[19.00783,50.27497]]}},{"type":"Feature","properties":{"numer":"100091S","klasa":"droga dojazdowa","kat":"powiatowa"},"geometry":{"type":"LineString","coordinates":[[19.02662,50.27546],[19.02676,50.2754]]}},{"type":"Feature","properties":{"numer":"6496S","klasa":"","kat":"powiatowa"},"geometry":{"type":"LineString","coordinates":[[18.98584,50.2743],[18.98507,50.27505],[18.98437,50.27558]]}},{"type":"Feature","properties":{"numer":"100379S,6421S","klasa":"","kat":"powiatowa"},"geometry":{"type":"LineString","coordinates":[[19.00031,50.275],[19.00026,50.27494]]}},{"type":"Feature","properties":{"numer":"79","klasa":"droga gĹ‚Ăłwna","kat":"krajowa"},"geometry":{"type":"LineString","coordinates":[[18.98777,50.27464],[18.9862,50.27565]]}},{"type":"Feature","properties":{"numer":"6496S","klasa":"","kat":"powiatowa"},"geometry":{"type":"LineString","coordinates":[[18.98437,50.27558],[18.98397,50.27585]]}},{"type":"Feature","properties":{"numer":"6496S,6538S","klasa":"","kat":"powiatowa"},"geometry":{"type":"LineString","coordinates":[[18.98362,50.27576],[18.98315,50.27582]]}},{"type":"Feature","properties":{"numer":"6496S,6538S","klasa":"","kat":"powiatowa"},"geometry":{"type":"LineString","coordinates":[[18.98397,50.27585],[18.98362,50.27576]]}},{"type":"Feature","properties":{"numer":"6496S,6538S","klasa":"","kat":"powiatowa"},"geometry":{"type":"LineString","coordinates":[[18.98315,50.27582],[18.98297,50.27601]]}},{"type":"Feature","properties":{"numer":"6496S,6538S","klasa":"","kat":"powiatowa"},"geometry":{"type":"LineString","coordinates":[[18.98408,50.27601],[18.98397,50.27585]]}},{"type":"Feature","properties":{"numer":"6496S,6538S","klasa":"","kat":"powiatowa"},"geometry":{"type":"LineString","coordinates":[[18.98407,50.27607],[18.98408,50.27601]]}},{"type":"Feature","properties":{"numer":"6496S,6538S","klasa":"","kat":"powiatowa"},"geometry":{"type":"LineString","coordinates":[[18.98297,50.27601],[18.98303,50.27617]]}},{"type":"Feature","properties":{"numer":"902","klasa":"droga gĹ‚Ăłwna ruchu przyĹ›pieszonego","kat":"wojewodzka"},"geometry":{"type":"LineString","coordinates":[[18.960978920345024,50.2748864404553],[18.96217,50.27435]]}},{"type":"Feature","properties":{"numer":"6516S","klasa":"","kat":"powiatowa"},"geometry":{"type":"LineString","coordinates":[[19.01878,50.27573],[19.02077,50.27526],[19.02222,50.2755]]}},{"type":"Feature","properties":{"numer":"6456S","klasa":"droga zbiorcza","kat":"powiatowa"},"geometry":{"type":"LineString","coordinates":[[19.0232,50.27568],[19.0234,50.27532]]}},{"type":"Feature","properties":{"numer":"6535S","klasa":"droga zbiorcza","kat":"powiatowa"},"geometry":{"type":"LineString","coordinates":[[19.00839,50.27488],[19.00847,50.27615]]}},{"type":"Feature","properties":{"numer":"6516S","klasa":"","kat":"powiatowa"},"geometry":{"type":"LineString","coordinates":[[19.02222,50.2755],[19.0232,50.27568]]}},{"type":"Feature","properties":{"numer":"100091S","klasa":"droga dojazdowa","kat":"powiatowa"},"geometry":{"type":"LineString","coordinates":[[19.02581,50.27584],[19.02662,50.27546]]}},{"type":"Feature","properties":{"numer":"6456S","klasa":"droga zbiorcza","kat":"powiatowa"},"geometry":{"type":"LineString","coordinates":[[19.0232,50.27568],[19.02315,50.27578]]}},{"type":"Feature","properties":{"numer":"100223S","klasa":"droga dojazdowa","kat":"powiatowa"},"geometry":{"type":"LineString","coordinates":[[19.02315,50.27578],[19.02336,50.27582]]}},{"type":"Feature","properties":{"numer":"6516S","klasa":"","kat":"powiatowa"},"geometry":{"type":"LineString","coordinates":[[19.01199,50.27576],[19.01204,50.2759]]}},{"type":"Feature","properties":{"numer":"6516S","klasa":"","kat":"powiatowa"},"geometry":{"type":"LineString","coordinates":[[19.01804,50.27598],[19.01878,50.27573]]}},{"type":"Feature","properties":{"numer":"100091S","klasa":"droga dojazdowa","kat":"powiatowa"},"geometry":{"type":"LineString","coordinates":[[19.02559,50.27593],[19.02581,50.27584]]}},{"type":"Feature","properties":{"numer":"100223S","klasa":"droga dojazdowa","kat":"powiatowa"},"geometry":{"type":"LineString","coordinates":[[19.02336,50.27582],[19.02397,50.27599]]}},{"type":"Feature","properties":{"numer":"100306S","klasa":"droga dojazdowa","kat":"powiatowa"},"geometry":{"type":"LineString","coordinates":[[19.00746,50.27614],[19.00744,50.27585]]}},{"type":"Feature","properties":{"numer":"100223S","klasa":"droga dojazdowa","kat":"powiatowa"},"geometry":{"type":"LineString","coordinates":[[19.02397,50.27599],[19.02454,50.27614]]}},{"type":"Feature","properties":{"numer":"100091S","klasa":"droga dojazdowa","kat":"powiatowa"},"geometry":{"type":"LineString","coordinates":[[19.02501,50.2763],[19.02559,50.27593]]}},{"type":"Feature","properties":{"numer":"6516S","klasa":"","kat":"powiatowa"},"geometry":{"type":"LineString","coordinates":[[19.01703,50.2763],[19.01804,50.27598]]}},{"type":"Feature","properties":{"numer":"100306S","klasa":"droga dojazdowa","kat":"powiatowa"},"geometry":{"type":"LineString","coordinates":[[19.00762,50.27623],[19.00746,50.27614]]}},{"type":"Feature","properties":{"numer":"100223S","klasa":"droga dojazdowa","kat":"powiatowa"},"geometry":{"type":"LineString","coordinates":[[19.02454,50.27614],[19.02487,50.27624]]}},{"type":"Feature","properties":{"numer":"6516S","klasa":"","kat":"powiatowa"},"geometry":{"type":"LineString","coordinates":[[19.01204,50.2759],[19.01221,50.27619],[19.01244,50.27636],[19.01281,50.27648],[19.01323,50.27648]]}},{"type":"Feature","properties":{"numer":"6535S","klasa":"droga zbiorcza","kat":"powiatowa"},"geometry":{"type":"LineString","coordinates":[[19.00847,50.27615],[19.00848,50.27632]]}},{"type":"Feature","properties":{"numer":"100223S","klasa":"droga dojazdowa","kat":"powiatowa"},"geometry":{"type":"LineString","coordinates":[[19.02487,50.27624],[19.02501,50.2763]]}},{"type":"Feature","properties":{"numer":"6516S","klasa":"","kat":"powiatowa"},"geometry":{"type":"LineString","coordinates":[[19.0169,50.27626],[19.01703,50.2763]]}},{"type":"Feature","properties":{"numer":"100224S","klasa":"droga dojazdowa","kat":"powiatowa"},"geometry":{"type":"LineString","coordinates":[[19.00762,50.27623],[19.00782,50.27634]]}},{"type":"Feature","properties":{"numer":"6516S","klasa":"","kat":"powiatowa"},"geometry":{"type":"LineString","coordinates":[[19.0153,50.27635],[19.0169,50.27626]]}},{"type":"Feature","properties":{"numer":"100224S","klasa":"droga dojazdowa","kat":"powiatowa"},"geometry":{"type":"LineString","coordinates":[[19.00782,50.27634],[19.00848,50.27632]]}},{"type":"Feature","properties":{"numer":"6516S","klasa":"","kat":"powiatowa"},"geometry":{"type":"LineString","coordinates":[[19.01323,50.27648],[19.0153,50.27635]]}},{"type":"Feature","properties":{"numer":"6456S","klasa":"droga zbiorcza","kat":"powiatowa"},"geometry":{"type":"LineString","coordinates":[[19.02315,50.27578],[19.02251,50.27726]]}},{"type":"Feature","properties":{"numer":"6535S","klasa":"droga zbiorcza","kat":"powiatowa"},"geometry":{"type":"LineString","coordinates":[[19.00848,50.27632],[19.00854,50.27768]]}},{"type":"Feature","properties":{"numer":"6456S","klasa":"droga zbiorcza","kat":"powiatowa"},"geometry":{"type":"LineString","coordinates":[[19.02251,50.27726],[19.0223,50.27751],[19.02184,50.27768]]}},{"type":"Feature","properties":{"numer":"6535S","klasa":"droga zbiorcza","kat":"powiatowa"},"geometry":{"type":"LineString","coordinates":[[19.00854,50.27768],[19.00855,50.27781]]}},{"type":"Feature","properties":{"numer":"6456S","klasa":"droga zbiorcza","kat":"powiatowa"},"geometry":{"type":"LineString","coordinates":[[19.02184,50.27768],[19.02122,50.27795]]}},{"type":"Feature","properties":{"numer":"79","klasa":"droga gĹ‚Ăłwna","kat":"krajowa"},"geometry":{"type":"LineString","coordinates":[[18.9847,50.27654],[18.9862,50.27565]]}},{"type":"Feature","properties":{"numer":"6496S,6538S","klasa":"","kat":"powiatowa"},"geometry":{"type":"LineString","coordinates":[[18.98401,50.27617],[18.98407,50.27607]]}},{"type":"Feature","properties":{"numer":"6538S","klasa":"","kat":"powiatowa"},"geometry":{"type":"LineString","coordinates":[[18.98198,50.2764],[18.98236,50.27615],[18.98297,50.27601]]}},{"type":"Feature","properties":{"numer":"6496S,6538S","klasa":"","kat":"powiatowa"},"geometry":{"type":"LineString","coordinates":[[18.98384,50.27627],[18.98401,50.27617]]}},{"type":"Feature","properties":{"numer":"6496S,6538S","klasa":"","kat":"powiatowa"},"geometry":{"type":"LineString","coordinates":[[18.98303,50.27617],[18.98332,50.27631],[18.98384,50.27627]]}},{"type":"Feature","properties":{"numer":"6538S","klasa":"","kat":"powiatowa"},"geometry":{"type":"LineString","coordinates":[[18.98401,50.27617],[18.98446,50.27648],[18.9847,50.27654]]}},{"type":"Feature","properties":{"numer":"6421S","klasa":"","kat":"powiatowa"},"geometry":{"type":"LineString","coordinates":[[19.00446,50.27831],[19.00297,50.27704],[19.00226,50.27622],[19.00092,50.27569],[19.00031,50.275]]}},{"type":"Feature","properties":{"numer":"6538S","klasa":"","kat":"powiatowa"},"geometry":{"type":"LineString","coordinates":[[18.97601,50.27665],[18.97688,50.27688]]}},{"type":"Feature","properties":{"numer":"6560S","klasa":"droga zbiorcza","kat":"powiatowa"},"geometry":{"type":"LineString","coordinates":[[18.99671,50.27491],[19.00298,50.27883]]}},{"type":"Feature","properties":{"numer":"6538S","klasa":"","kat":"powiatowa"},"geometry":{"type":"LineString","coordinates":[[18.97601,50.27665],[18.97511,50.2767],[18.97413,50.27712]]}},{"type":"Feature","properties":{"numer":"6538S","klasa":"","kat":"powiatowa"},"geometry":{"type":"LineString","coordinates":[[18.97308,50.27869],[18.97263,50.27893]]}},{"type":"Feature","properties":{"numer":"6538S","klasa":"","kat":"powiatowa"},"geometry":{"type":"LineString","coordinates":[[18.96795,50.2799],[18.96938,50.27898],[18.96982,50.27883],[18.97073,50.27869],[18.97121,50.27869],[18.97263,50.27893]]}},{"type":"Feature","properties":{"numer":"6418S","klasa":"","kat":"powiatowa"},"geometry":{"type":"LineString","coordinates":[[18.96795,50.2799],[18.96884,50.28054],[18.97019,50.28066],[18.97095,50.28082]]}},{"type":"Feature","properties":{"numer":"6538S","klasa":"","kat":"powiatowa"},"geometry":{"type":"LineString","coordinates":[[18.98051,50.2774],[18.98105,50.27713],[18.98198,50.2764]]}},{"type":"Feature","properties":{"numer":"6538S","klasa":"","kat":"powiatowa"},"geometry":{"type":"LineString","coordinates":[[18.97688,50.27688],[18.97762,50.27726],[18.97868,50.27755],[18.97965,50.27757],[18.98051,50.2774]]}},{"type":"Feature","properties":{"numer":"6538S","klasa":"","kat":"powiatowa"},"geometry":{"type":"LineString","coordinates":[[18.97413,50.27712],[18.97391,50.27808],[18.97351,50.27847],[18.97308,50.27869]]}},{"type":"Feature","properties":{"numer":"6413S","klasa":"","kat":"powiatowa"},"geometry":{"type":"LineString","coordinates":[[19.00298,50.27883],[19.00446,50.27831]]}},{"type":"Feature","properties":{"numer":"79","klasa":"droga gĹ‚Ăłwna","kat":"krajowa"},"geometry":{"type":"LineString","coordinates":[[18.97593,50.28217],[18.9847,50.27654]]}},{"type":"Feature","properties":{"numer":"6418S","klasa":"","kat":"powiatowa"},"geometry":{"type":"LineString","coordinates":[[18.97399,50.28056],[18.97347,50.28024],[18.97306,50.27982],[18.97263,50.27893]]}},{"type":"Feature","properties":{"numer":"6418S","klasa":"","kat":"powiatowa"},"geometry":{"type":"LineString","coordinates":[[18.97368,50.28085],[18.97399,50.28056]]}},{"type":"Feature","properties":{"numer":"6418S","klasa":"","kat":"powiatowa"},"geometry":{"type":"LineString","coordinates":[[18.97389,50.28155],[18.97368,50.28085]]}},{"type":"Feature","properties":{"numer":"6418S","klasa":"","kat":"powiatowa"},"geometry":{"type":"LineString","coordinates":[[18.97593,50.28217],[18.97532,50.28177],[18.97479,50.28094],[18.97399,50.28056]]}},{"type":"Feature","properties":{"numer":"6418S","klasa":"","kat":"powiatowa"},"geometry":{"type":"LineString","coordinates":[[18.97389,50.28155],[18.97388,50.28191],[18.97348,50.2823],[18.97256,50.28255]]}},{"type":"Feature","properties":{"numer":"6499S","klasa":"droga zbiorcza","kat":"powiatowa"},"geometry":{"type":"LineString","coordinates":[[19.07425,50.2789],[19.07598,50.27949],[19.07663,50.27952],[19.07715,50.27941]]}},{"type":"Feature","properties":{"numer":"100109S","klasa":"droga dojazdowa","kat":"powiatowa"},"geometry":{"type":"LineString","coordinates":[[19.09003,50.27928],[19.0897,50.27931]]}},{"type":"Feature","properties":{"numer":"100109S","klasa":"droga dojazdowa","kat":"powiatowa"},"geometry":{"type":"LineString","coordinates":[[19.0897,50.27931],[19.0891,50.27937]]}},{"type":"Feature","properties":{"numer":"6499S","klasa":"droga zbiorcza","kat":"powiatowa"},"geometry":{"type":"LineString","coordinates":[[19.07715,50.27941],[19.07759,50.27933]]}},{"type":"Feature","properties":{"numer":"100109S","klasa":"droga dojazdowa","kat":"powiatowa"},"geometry":{"type":"LineString","coordinates":[[19.0891,50.27937],[19.08872,50.2794]]}},{"type":"Feature","properties":{"numer":"100109S","klasa":"droga dojazdowa","kat":"powiatowa"},"geometry":{"type":"LineString","coordinates":[[19.08872,50.2794],[19.08545,50.27972],[19.08354,50.27906]]}},{"type":"Feature","properties":{"numer":"","klasa":"droga wewnÄ™trzna","kat":"gminna"},"geometry":{"type":"LineString","coordinates":[[19.08324,50.27949],[19.08338,50.27933]]}},{"type":"Feature","properties":{"numer":"6526S","klasa":"droga zbiorcza","kat":"powiatowa"},"geometry":{"type":"LineString","coordinates":[[19.06945,50.27866],[19.06805,50.27971],[19.0668,50.28044]]}},{"type":"Feature","properties":{"numer":"6499S","klasa":"droga zbiorcza","kat":"powiatowa"},"geometry":{"type":"LineString","coordinates":[[19.07759,50.27933],[19.07812,50.27935],[19.07963,50.27977],[19.08059,50.27996],[19.08227,50.27998]]}},{"type":"Feature","properties":{"numer":"6499S","klasa":"droga zbiorcza","kat":"powiatowa"},"geometry":{"type":"LineString","coordinates":[[19.08227,50.27998],[19.08242,50.27998]]}},{"type":"Feature","properties":{"numer":"6499S","klasa":"droga zbiorcza","kat":"powiatowa"},"geometry":{"type":"LineString","coordinates":[[19.08242,50.27998],[19.08413,50.27992],[19.08507,50.28007]]}},{"type":"Feature","properties":{"numer":"6481S","klasa":"droga zbiorcza","kat":"powiatowa"},"geometry":{"type":"LineString","coordinates":[[19.07203,50.27851],[19.07209,50.2796],[19.0715,50.28037],[19.07099,50.28157]]}},{"type":"Feature","properties":{"numer":"6526S","klasa":"droga zbiorcza","kat":"powiatowa"},"geometry":{"type":"LineString","coordinates":[[19.0668,50.28044],[19.06667,50.28052]]}},{"type":"Feature","properties":{"numer":"S86","klasa":"droga ekspresowa","kat":"krajowa"},"geometry":{"type":"LineString","coordinates":[[19.0906,50.28178],[19.08338,50.27933]]}},{"type":"Feature","properties":{"numer":"6526S","klasa":"droga zbiorcza","kat":"powiatowa"},"geometry":{"type":"LineString","coordinates":[[19.06667,50.28052],[19.06638,50.28072]]}},{"type":"Feature","properties":{"numer":"6526S","klasa":"droga zbiorcza","kat":"powiatowa"},"geometry":{"type":"LineString","coordinates":[[19.06638,50.28072],[19.06396,50.28241]]}},{"type":"Feature","properties":{"numer":"6481S","klasa":"droga zbiorcza","kat":"powiatowa"},"geometry":{"type":"LineString","coordinates":[[19.07099,50.28157],[19.07089,50.28194],[19.07097,50.28228]]}},{"type":"Feature","properties":{"numer":"6481S","klasa":"droga zbiorcza","kat":"powiatowa"},"geometry":{"type":"LineString","coordinates":[[19.07097,50.28228],[19.07104,50.2824]]}},{"type":"Feature","properties":{"numer":"6526S","klasa":"droga zbiorcza","kat":"powiatowa"},"geometry":{"type":"LineString","coordinates":[[19.06396,50.28241],[19.0637,50.28261]]}},{"type":"Feature","properties":{"numer":"6481S","klasa":"droga zbiorcza","kat":"powiatowa"},"geometry":{"type":"LineString","coordinates":[[19.07104,50.2824],[19.0715,50.28316],[19.07162,50.28443]]}},{"type":"Feature","properties":{"numer":"6526S","klasa":"droga zbiorcza","kat":"powiatowa"},"geometry":{"type":"LineString","coordinates":[[19.0637,50.28261],[19.0616,50.28445]]}},{"type":"Feature","properties":{"numer":"6526S","klasa":"droga zbiorcza","kat":"powiatowa"},"geometry":{"type":"LineString","coordinates":[[19.0616,50.28445],[19.06092,50.28502]]}},{"type":"Feature","properties":{"numer":"6526S","klasa":"droga zbiorcza","kat":"powiatowa"},"geometry":{"type":"LineString","coordinates":[[19.06092,50.28502],[19.06012,50.28567],[19.05913,50.28626]]}},{"type":"Feature","properties":{"numer":"6481S","klasa":"droga zbiorcza","kat":"powiatowa"},"geometry":{"type":"LineString","coordinates":[[19.07162,50.28443],[19.07161,50.2852],[19.07046,50.29102],[19.07055,50.2912],[19.07093,50.29144],[19.07167667762077,50.29151658232008]]}},{"type":"Feature","properties":{"numer":"6526S","klasa":"droga zbiorcza","kat":"powiatowa"},"geometry":{"type":"LineString","coordinates":[[19.05913,50.28626],[19.05533,50.28836]]}},{"type":"Feature","properties":{"numer":"6526S","klasa":"droga zbiorcza","kat":"powiatowa"},"geometry":{"type":"LineString","coordinates":[[19.05533,50.28836],[19.055317045454544,50.28836690909091]]}}]}