{"type":"FeatureCollection","features":[{"type":"Feature","properties":{"numer":"188014N","klasa":"droga lokalna","kat":"powiatowa"},"geometry":{"type":"LineString","coordinates":[[20.25821,53.14435],[20.25639,53.14427]]}},{"type":"Feature","properties":{"numer":"1367N","klasa":"","kat":"powiatowa"},"geometry":{"type":"LineString","coordinates":[[20.15643,53.16605],[20.15749,53.16548],[20.15843,53.16473],[20.15914,53.16397],[20.165735884120412,53.15578510743239]]}},{"type":"Feature","properties":{"numer":"1365N","klasa":"droga zbiorcza","kat":"powiatowa"},"geometry":{"type":"LineString","coordinates":[[20.15643,53.16605],[20.15628,53.1659],[20.15555,53.16558],[20.1469,53.16265],[20.13868,53.15835],[20.13816,53.15833],[20.13689,53.15876]]}},{"type":"Feature","properties":{"numer":"1365N","klasa":"droga zbiorcza","kat":"powiatowa"},"geometry":{"type":"LineString","coordinates":[[20.17273,53.18319],[20.16878,53.17887],[20.16493,53.17646],[20.15624,53.16913],[20.1553,53.16734],[20.15569,53.16656],[20.15643,53.16605]]}},{"type":"Feature","properties":{"numer":"1304N","klasa":"droga zbiorcza","kat":"powiatowa"},"geometry":{"type":"LineString","coordinates":[[20.14052,53.18036],[20.14614,53.18344],[20.14631,53.18377],[20.14642,53.18555],[20.14659,53.1859],[20.14772,53.18678],[20.14836,53.18717],[20.14965,53.18761],[20.15037,53.18776],[20.15218,53.18774],[20.15384,53.18761],[20.15745,53.18696],[20.16242,53.18383],[20.16415,53.18338],[20.16507,53.18325],[20.16644,53.18318],[20.16691,53.18324],[20.16796,53.18355],[20.16835,53.18357],[20.17273,53.18319]]}},{"type":"Feature","properties":{"numer":"1365N","klasa":"droga zbiorcza","kat":"powiatowa"},"geometry":{"type":"LineString","coordinates":[[20.19179,53.22985],[20.19058,53.22954],[20.1901,53.22923],[20.18983,53.22882],[20.18916,53.22698],[20.18989,53.22341],[20.18984,53.22277],[20.18911,53.22025],[20.1891,53.21976],[20.18938,53.21848],[20.18894,53.21632],[20.18722,53.2137],[20.18336,53.20697],[20.18255,53.2057],[20.18122,53.20393],[20.17636,53.19517],[20.17576,53.19375],[20.17487,53.19107],[20.17486,53.19044],[20.17513,53.18955],[20.17518,53.18895],[20.17484,53.18562],[20.17456,53.18515],[20.17273,53.18319]]}},{"type":"Feature","properties":{"numer":"1363N","klasa":"droga zbiorcza","kat":"powiatowa"},"geometry":{"type":"LineString","coordinates":[[20.14823,53.21403],[20.14817,53.21405]]}},{"type":"Feature","properties":{"numer":"1363N","klasa":"droga zbiorcza","kat":"powiatowa"},"geometry":{"type":"LineString","coordinates":[[20.17372,53.23122],[20.17043,53.22854],[20.1578,53.21931],[20.15357,53.21635],[20.15076,53.21465],[20.15033,53.21428],[20.14986,53.21367],[20.14959,53.21367],[20.14823,53.21403]]}},{"type":"Feature","properties":{"numer":"544","klasa":"droga gĹ‚Ăłwna","kat":"wojewodzka"},"geometry":{"type":"LineString","coordinates":[[20.191,53.23051],[20.19179,53.22985]]}},{"type":"Feature","properties":{"numer":"544","klasa":"droga gĹ‚Ăłwna","kat":"wojewodzka"},"geometry":{"type":"LineString","coordinates":[[20.19074,53.23074],[20.191,53.23051]]}},{"type":"Feature","properties":{"numer":"188014N","klasa":"droga lokalna","kat":"powiatowa"},"geometry":{"type":"LineString","coordinates":[[20.26843,53.146],[20.26516,53.14534]]}},{"type":"Feature","properties":{"numer":"1595N","klasa":"","kat":"powiatowa"},"geometry":{"type":"LineString","coordinates":[[20.27242,53.14558],[20.27171,53.14587],[20.27144,53.14623],[20.27106,53.14646]]}},{"type":"Feature","properties":{"numer":"188014N","klasa":"droga lokalna","kat":"powiatowa"},"geometry":{"type":"LineString","coordinates":[[20.27106,53.14646],[20.27079,53.14646],[20.26843,53.146]]}},{"type":"Feature","properties":{"numer":"4606W","klasa":"droga zbiorcza","kat":"powiatowa"},"geometry":{"type":"LineString","coordinates":[[20.01395,53.15164],[20.013927009494907,53.15159102022828]]}},{"type":"Feature","properties":{"numer":"4602W","klasa":"droga zbiorcza","kat":"powiatowa"},"geometry":{"type":"LineString","coordinates":[[20.0562,53.15656],[20.05623022116461,53.15651288353864]]}},{"type":"Feature","properties":{"numer":"1361N","klasa":"","kat":"powiatowa"},"geometry":{"type":"LineString","coordinates":[[20.0471,53.16904],[20.05263,53.16203],[20.0562,53.15656]]}},{"type":"Feature","properties":{"numer":"1302N","klasa":"","kat":"powiatowa"},"geometry":{"type":"LineString","coordinates":[[20.01498,53.15726],[20.01611,53.15662],[20.034287001000795,53.147626431610384]]}},{"type":"Feature","properties":{"numer":"1359N","klasa":"droga zbiorcza","kat":"powiatowa"},"geometry":{"type":"LineString","coordinates":[[20.01395,53.15164],[20.01411,53.15261],[20.01427,53.15675],[20.01446,53.15701],[20.01498,53.15726]]}},{"type":"Feature","properties":{"numer":"1359N","klasa":"droga zbiorcza","kat":"powiatowa"},"geometry":{"type":"LineString","coordinates":[[20.01498,53.15726],[20.0133,53.15864],[20.01288,53.15957]]}},{"type":"Feature","properties":{"numer":"1359N","klasa":"droga zbiorcza","kat":"powiatowa"},"geometry":{"type":"LineString","coordinates":[[20.01288,53.15957],[20.0126,53.16062],[20.01239,53.16257],[20.01299,53.16457],[20.01267,53.16746],[20.01031,53.17307],[20.00837,53.17686],[20.00632,53.18207],[20.00567,53.18307]]}},{"type":"Feature","properties":{"numer":"1294N","klasa":"droga zbiorcza","kat":"powiatowa"},"geometry":{"type":"LineString","coordinates":[[19.9798,53.18149],[19.98336,53.1799],[19.98384,53.17986],[19.99373,53.18136],[20.00327,53.18157],[20.00364,53.18167],[20.00398,53.18189],[20.00537,53.18311]]}},{"type":"Feature","properties":{"numer":"1294N","klasa":"droga zbiorcza","kat":"powiatowa"},"geometry":{"type":"LineString","coordinates":[[19.9797,53.18154],[19.9798,53.18149]]}},{"type":"Feature","properties":{"numer":"1359N","klasa":"droga zbiorcza","kat":"powiatowa"},"geometry":{"type":"LineString","coordinates":[[20.00567,53.18307],[20.00537,53.18311]]}},{"type":"Feature","properties":{"numer":"1359N","klasa":"droga zbiorcza","kat":"powiatowa"},"geometry":{"type":"LineString","coordinates":[[20.00553,53.18327],[20.00567,53.18307]]}},{"type":"Feature","properties":{"numer":"1294N","klasa":"droga zbiorcza","kat":"powiatowa"},"geometry":{"type":"LineString","coordinates":[[20.00537,53.18311],[20.00553,53.18327]]}},{"type":"Feature","properties":{"numer":"1294N","klasa":"droga zbiorcza","kat":"powiatowa"},"geometry":{"type":"LineString","coordinates":[[20.00553,53.18327],[20.00682,53.18433],[20.01016,53.1867],[20.01112,53.18727],[20.01174,53.18751],[20.01222,53.18759],[20.01366,53.18748],[20.01414,53.18736],[20.01442,53.1872]]}},{"type":"Feature","properties":{"numer":"1365N","klasa":"droga zbiorcza","kat":"powiatowa"},"geometry":{"type":"LineString","coordinates":[[20.13689,53.15876],[20.13486,53.15758],[20.13284,53.15697],[20.12658,53.15473],[20.12577,53.15456],[20.123903487290285,53.154430932631776]]}},{"type":"Feature","properties":{"numer":"1363N","klasa":"droga zbiorcza","kat":"powiatowa"},"geometry":{"type":"LineString","coordinates":[[20.1014,53.17564],[20.10137,53.17263],[20.10166,53.1723],[20.12416,53.1641],[20.12747,53.16221],[20.1302,53.16177],[20.13226,53.1612],[20.13329,53.16053],[20.1345,53.15957],[20.13689,53.15876]]}},{"type":"Feature","properties":{"numer":"1304N","klasa":"droga zbiorcza","kat":"powiatowa"},"geometry":{"type":"LineString","coordinates":[[20.04715,53.17444],[20.04756,53.17453],[20.0513,53.17443],[20.06495,53.17449],[20.07217,53.17459],[20.09962,53.17653]]}},{"type":"Feature","properties":{"numer":"1363N","klasa":"droga zbiorcza","kat":"powiatowa"},"geometry":{"type":"LineString","coordinates":[[20.10135,53.1764],[20.1014,53.17564]]}},{"type":"Feature","properties":{"numer":"1304N,1363N","klasa":"droga zbiorcza","kat":"powiatowa"},"geometry":{"type":"LineString","coordinates":[[20.09962,53.17653],[20.10097,53.17654],[20.10135,53.1764]]}},{"type":"Feature","properties":{"numer":"1304N","klasa":"","kat":"powiatowa"},"geometry":{"type":"LineString","coordinates":[[20.1014,53.17564],[20.11694,53.17623],[20.11735,53.17634],[20.1181,53.17675],[20.1186,53.17689],[20.12175,53.1772],[20.12316,53.17718],[20.13664,53.17849],[20.13709,53.17861],[20.14052,53.18036]]}},{"type":"Feature","properties":{"numer":"1363N","klasa":"droga zbiorcza","kat":"powiatowa"},"geometry":{"type":"LineString","coordinates":[[20.09414,53.19543],[20.09345,53.19477],[20.0933,53.19447],[20.09342,53.19047],[20.0956,53.18691],[20.09724,53.18532],[20.09864,53.18225],[20.09919,53.18095],[20.09962,53.17653]]}},{"type":"Feature","properties":{"numer":"1363N","klasa":"droga zbiorcza","kat":"powiatowa"},"geometry":{"type":"LineString","coordinates":[[20.09433,53.19562],[20.09414,53.19543]]}},{"type":"Feature","properties":{"numer":"1294N","klasa":"droga zbiorcza","kat":"powiatowa"},"geometry":{"type":"LineString","coordinates":[[19.95117,53.19046],[19.9515,53.19029],[19.95278,53.19006],[19.95377,53.18964],[19.95784,53.18845],[19.95818,53.18814],[19.95821,53.1873],[19.95861,53.187],[19.96677,53.18547],[19.97474,53.1837],[19.97541,53.18347],[19.9797,53.18154]]}},{"type":"Feature","properties":{"numer":"1298N,184059N","klasa":"","kat":"powiatowa"},"geometry":{"type":"LineString","coordinates":[[19.95117,53.19046],[19.95072,53.1903]]}},{"type":"Feature","properties":{"numer":"1294N,184059N","klasa":"droga zbiorcza","kat":"powiatowa"},"geometry":{"type":"LineString","coordinates":[[19.95103,53.19054],[19.95117,53.19046]]}},{"type":"Feature","properties":{"numer":"544","klasa":"droga gĹ‚Ăłwna","kat":"wojewodzka"},"geometry":{"type":"LineString","coordinates":[[19.99944,53.23108],[19.99768,53.23052],[19.99482,53.22986],[19.99322,53.22955],[19.99184,53.22947],[19.97764,53.23059],[19.96845,53.23061],[19.96395,53.23083],[19.96239,53.23097],[19.96146,53.23113],[19.95191,53.2334],[19.9465,53.2343],[19.94562,53.23452]]}},{"type":"Feature","properties":{"numer":"1288N","klasa":"droga zbiorcza","kat":"powiatowa"},"geometry":{"type":"LineString","coordinates":[[19.94562,53.23452],[19.94606,53.23575],[19.94641,53.23614],[19.95984,53.24538],[19.96322,53.24756],[19.97027,53.25235],[19.97367,53.2552],[19.97403,53.25534],[19.97683,53.25591],[19.98037,53.25683],[19.98071,53.25709],[19.98157,53.2583],[19.98196,53.25867],[19.98468,53.26012],[19.98836,53.26287],[19.98886,53.26303],[19.99163,53.26355],[19.99457,53.26495],[19.99762,53.26653],[20.0053,53.2715],[20.00585,53.27174],[20.00682,53.27195]]}},{"type":"Feature","properties":{"numer":"1286N","klasa":"","kat":"powiatowa"},"geometry":{"type":"LineString","coordinates":[[19.98638,53.27431],[19.98459,53.27465],[19.98271,53.27474],[19.98023,53.27504],[19.97417,53.27553],[19.96507,53.27662],[19.95803,53.27567],[19.9561,53.27564],[19.95467,53.27544],[19.95359,53.27515],[19.9515,53.2741]]}},{"type":"Feature","properties":{"numer":"1255N","klasa":"droga zbiorcza","kat":"powiatowa"},"geometry":{"type":"LineString","coordinates":[[19.98433,53.30484],[19.98056,53.30925],[19.98019,53.30989],[19.97947,53.31891],[19.97933,53.31944],[19.97893,53.32015],[19.97764,53.3217],[19.9769,53.32226],[19.97634,53.32248],[19.97339,53.32315],[19.97235,53.32349],[19.97128,53.32401],[19.96965,53.325],[19.96768,53.32702],[19.96738,53.32745]]}},{"type":"Feature","properties":{"numer":"1300N","klasa":"","kat":"powiatowa"},"geometry":{"type":"LineString","coordinates":[[20.04662,53.16941],[20.04643,53.16888],[20.04552,53.16813],[20.04471,53.16781],[20.03812,53.16581],[20.03207,53.1617],[20.02782,53.15994],[20.02699,53.1598],[20.02636,53.1598],[20.01836,53.16038],[20.01687,53.16044],[20.01499,53.16021],[20.01387,53.15976],[20.01288,53.15957]]}},{"type":"Feature","properties":{"numer":"1361N","klasa":"","kat":"powiatowa"},"geometry":{"type":"LineString","coordinates":[[20.04662,53.16941],[20.0471,53.16904]]}},{"type":"Feature","properties":{"numer":"1361N","klasa":"","kat":"powiatowa"},"geometry":{"type":"LineString","coordinates":[[20.04715,53.17444],[20.04724,53.17396],[20.04706,53.1729],[20.04641,53.17071],[20.04662,53.16941]]}},{"type":"Feature","properties":{"numer":"1304N","klasa":"droga zbiorcza","kat":"powiatowa"},"geometry":{"type":"LineString","coordinates":[[20.01442,53.1872],[20.02674,53.17945],[20.02946,53.1775],[20.03048,53.17698],[20.03195,53.17657],[20.03686,53.17589],[20.04073,53.17527],[20.04715,53.17444]]}},{"type":"Feature","properties":{"numer":"1361N","klasa":"","kat":"powiatowa"},"geometry":{"type":"LineString","coordinates":[[20.04624,53.21021],[20.04605,53.2096],[20.04634,53.20609],[20.04632,53.20524],[20.04617,53.20466],[20.04628,53.20283],[20.04703,53.19941],[20.04767,53.19767],[20.04788,53.19269],[20.04754,53.18784],[20.04667,53.18438],[20.04503,53.17658],[20.04525,53.17609],[20.04686,53.17495],[20.04715,53.17444]]}},{"type":"Feature","properties":{"numer":"1361N","klasa":"","kat":"powiatowa"},"geometry":{"type":"LineString","coordinates":[[20.04631,53.21048],[20.04624,53.21021]]}},{"type":"Feature","properties":{"numer":"1361N","klasa":"","kat":"powiatowa"},"geometry":{"type":"LineString","coordinates":[[20.03465,53.22614],[20.0347,53.22516],[20.03485,53.22497],[20.03512,53.22485],[20.04386,53.22335],[20.04378,53.22177],[20.04416,53.21969],[20.04432,53.21942],[20.04528,53.21847],[20.04548,53.2181],[20.04653,53.21268],[20.04664,53.21168],[20.04631,53.21048]]}},{"type":"Feature","properties":{"numer":"1361N","klasa":"","kat":"powiatowa"},"geometry":{"type":"LineString","coordinates":[[20.03241,53.22683],[20.03248,53.22657],[20.03283,53.2264],[20.03465,53.22614]]}},{"type":"Feature","properties":{"numer":"1361N","klasa":"","kat":"powiatowa"},"geometry":{"type":"LineString","coordinates":[[20.03243,53.22704],[20.03241,53.22683]]}},{"type":"Feature","properties":{"numer":"1361N","klasa":"","kat":"powiatowa"},"geometry":{"type":"LineString","coordinates":[[20.03443,53.2333],[20.03411,53.2311],[20.03243,53.22704]]}},{"type":"Feature","properties":{"numer":"1298N","klasa":"","kat":"powiatowa"},"geometry":{"type":"LineString","coordinates":[[19.95072,53.1903],[19.93506,53.18519],[19.92328,53.1812],[19.9185,53.17982],[19.90972,53.17674]]}},{"type":"Feature","properties":{"numer":"1294N","klasa":"droga zbiorcza","kat":"powiatowa"},"geometry":{"type":"LineString","coordinates":[[19.91789,53.21179],[19.91788,53.20954],[19.91827,53.20793],[19.91835,53.20707],[19.9188,53.20694],[19.92858,53.20562],[19.92943,53.20539],[19.93623,53.20103],[19.94935,53.19164],[19.95103,53.19054]]}},{"type":"Feature","properties":{"numer":"4610W","klasa":"droga zbiorcza","kat":"powiatowa"},"geometry":{"type":"LineString","coordinates":[[19.90964705569803,53.176717719406014],[19.90971,53.17674]]}},{"type":"Feature","properties":{"numer":"1298N","klasa":"","kat":"powiatowa"},"geometry":{"type":"LineString","coordinates":[[19.90972,53.17674],[19.90971,53.17674]]}},{"type":"Feature","properties":{"numer":"541","klasa":"droga gĹ‚Ăłwna","kat":"wojewodzka"},"geometry":{"type":"LineString","coordinates":[[19.84702,53.19218],[19.84702164541518,53.1921739737318]]}},{"type":"Feature","properties":{"numer":"184035N","klasa":"droga dojazdowa","kat":"powiatowa"},"geometry":{"type":"LineString","coordinates":[[19.83812,53.18745],[19.83687,53.1877],[19.83551,53.18781]]}},{"type":"Feature","properties":{"numer":"184035N","klasa":"droga dojazdowa","kat":"powiatowa"},"geometry":{"type":"LineString","coordinates":[[19.83551,53.18781],[19.83482,53.18781]]}},{"type":"Feature","properties":{"numer":"184035N","klasa":"droga dojazdowa","kat":"powiatowa"},"geometry":{"type":"LineString","coordinates":[[19.83482,53.18781],[19.83269,53.18783]]}},{"type":"Feature","properties":{"numer":"184035N","klasa":"droga dojazdowa","kat":"powiatowa"},"geometry":{"type":"LineString","coordinates":[[19.83269,53.18783],[19.83242,53.18785]]}},{"type":"Feature","properties":{"numer":"184035N","klasa":"droga dojazdowa","kat":"powiatowa"},"geometry":{"type":"LineString","coordinates":[[19.83242,53.18785],[19.82468,53.18793]]}},{"type":"Feature","properties":{"numer":"184035N","klasa":"droga dojazdowa","kat":"powiatowa"},"geometry":{"type":"LineString","coordinates":[[19.82468,53.18793],[19.81736,53.18801]]}},{"type":"Feature","properties":{"numer":"184035N","klasa":"droga dojazdowa","kat":"powiatowa"},"geometry":{"type":"LineString","coordinates":[[19.81736,53.18801],[19.81627,53.18802]]}},{"type":"Feature","properties":{"numer":"184035N","klasa":"droga dojazdowa","kat":"powiatowa"},"geometry":{"type":"LineString","coordinates":[[19.81627,53.18802],[19.80733,53.18811]]}},{"type":"Feature","properties":{"numer":"184036N","klasa":"droga dojazdowa","kat":"powiatowa"},"geometry":{"type":"LineString","coordinates":[[19.84013,53.18873],[19.83812,53.18745]]}},{"type":"Feature","properties":{"numer":"184036N","klasa":"droga dojazdowa","kat":"powiatowa"},"geometry":{"type":"LineString","coordinates":[[19.8445,53.19152],[19.84013,53.18873]]}},{"type":"Feature","properties":{"numer":"184036N","klasa":"droga dojazdowa","kat":"powiatowa"},"geometry":{"type":"LineString","coordinates":[[19.84682,53.19289],[19.8445,53.19152]]}},{"type":"Feature","properties":{"numer":"541","klasa":"droga zbiorcza","kat":"wojewodzka"},"geometry":{"type":"LineString","coordinates":[[19.82178,53.25451],[19.82723,53.23725],[19.82778,53.23646],[19.83202,53.2323],[19.8325,53.23172],[19.84292,53.20818],[19.84594,53.19533],[19.84702,53.19218]]}},{"type":"Feature","properties":{"numer":"1292N","klasa":"","kat":"powiatowa"},"geometry":{"type":"LineString","coordinates":[[19.82178,53.25451],[19.82219,53.2545],[19.82278,53.25394],[19.8242,53.25295],[19.82786,53.25071],[19.83084,53.24808],[19.8322,53.24792],[19.83395,53.24754],[19.83881,53.2458],[19.85238,53.24304],[19.85304,53.24274],[19.85574,53.24086],[19.85613,53.24069],[19.86221,53.24081],[19.86569,53.24054],[19.86599,53.24044],[19.8678,53.23915],[19.86812,53.23903],[19.86968,53.23993],[19.87132,53.24041],[19.87233,53.24079],[19.87333,53.24087],[19.87687,53.2408],[19.87793,53.2409],[19.88683,53.24297]]}},{"type":"Feature","properties":{"numer":"1296N","klasa":"","kat":"powiatowa"},"geometry":{"type":"LineString","coordinates":[[19.91789,53.21179],[19.91345,53.21149],[19.9126219971368,53.211375604867584]]}},{"type":"Feature","properties":{"numer":"1294N","klasa":"droga zbiorcza","kat":"powiatowa"},"geometry":{"type":"LineString","coordinates":[[19.9067,53.21967],[19.90699,53.21898],[19.9088,53.21726],[19.90944,53.21681],[19.9121,53.21604],[19.91413,53.21511],[19.91684,53.2152],[19.9173,53.21509],[19.91748,53.21484],[19.91775,53.21346],[19.91789,53.21179]]}},{"type":"Feature","properties":{"numer":"1294N","klasa":"droga zbiorcza","kat":"powiatowa"},"geometry":{"type":"LineString","coordinates":[[19.90659,53.21998],[19.9067,53.21967]]}},{"type":"Feature","properties":{"numer":"1294N","klasa":"droga zbiorcza","kat":"powiatowa"},"geometry":{"type":"LineString","coordinates":[[19.88683,53.24297],[19.88765,53.242],[19.8919,53.23825],[19.8954,53.23578],[19.8959,53.23526],[19.89913,53.22668],[19.899,53.22635],[19.89763,53.22559],[19.89758,53.22535],[19.89831,53.22494],[19.89946,53.22455],[19.90217,53.22307],[19.90284,53.22257],[19.90603,53.22084],[19.90634,53.22052],[19.90659,53.21998]]}},{"type":"Feature","properties":{"numer":"544","klasa":"droga gĹ‚Ăłwna","kat":"wojewodzka"},"geometry":{"type":"LineString","coordinates":[[19.94562,53.23452],[19.9433,53.23487],[19.9373,53.23658],[19.92917,53.24068],[19.922,53.24492],[19.90188,53.2537],[19.89996,53.25443],[19.89848,53.25484],[19.89696,53.25516],[19.88374,53.25702],[19.87396,53.25731]]}},{"type":"Feature","properties":{"numer":"1294N","klasa":"droga zbiorcza","kat":"powiatowa"},"geometry":{"type":"LineString","coordinates":[[19.8711,53.25738],[19.87292,53.25339],[19.87437,53.2522],[19.87563,53.25046],[19.87741,53.24951],[19.88097,53.24809],[19.88351,53.2469],[19.88683,53.24297]]}},{"type":"Feature","properties":{"numer":"544","klasa":"droga gĹ‚Ăłwna","kat":"wojewodzka"},"geometry":{"type":"LineString","coordinates":[[19.87396,53.25731],[19.87222,53.25735]]}},{"type":"Feature","properties":{"numer":"544","klasa":"droga gĹ‚Ăłwna","kat":"wojewodzka"},"geometry":{"type":"LineString","coordinates":[[19.87222,53.25735],[19.8711,53.25738]]}},{"type":"Feature","properties":{"numer":"544","klasa":"droga gĹ‚Ăłwna","kat":"wojewodzka"},"geometry":{"type":"LineString","coordinates":[[19.690160179003193,53.24231571293217],[19.69753,53.24376],[19.69822,53.24398],[19.70266,53.24599],[19.70479,53.24742],[19.70697,53.24824],[19.70932,53.24961],[19.71676,53.25277],[19.71806,53.253],[19.72,53.25302],[19.72089,53.2531],[19.7259,53.25435],[19.73192,53.25484],[19.73313,53.25504],[19.74316,53.25861],[19.74459,53.25901],[19.74521,53.25908],[19.74601,53.25907],[19.7489,53.2587],[19.7495,53.2587],[19.75035,53.25884],[19.76156,53.26211],[19.77522,53.2662]]}},{"type":"Feature","properties":{"numer":"1808C","klasa":"","kat":"powiatowa"},"geometry":{"type":"LineString","coordinates":[[19.712635352619852,53.28976858820432],[19.71265,53.28977]]}},{"type":"Feature","properties":{"numer":"184035N","klasa":"droga dojazdowa","kat":"powiatowa"},"geometry":{"type":"LineString","coordinates":[[19.78638,53.18838],[19.78353,53.1884]]}},{"type":"Feature","properties":{"numer":"184035N","klasa":"droga dojazdowa","kat":"powiatowa"},"geometry":{"type":"LineString","coordinates":[[19.78353,53.1884],[19.78048,53.18845]]}},{"type":"Feature","properties":{"numer":"184035N","klasa":"droga dojazdowa","kat":"powiatowa"},"geometry":{"type":"LineString","coordinates":[[19.78048,53.18845],[19.77814,53.18849]]}},{"type":"Feature","properties":{"numer":"184035N","klasa":"droga dojazdowa","kat":"powiatowa"},"geometry":{"type":"LineString","coordinates":[[19.77814,53.18849],[19.77674,53.18852]]}},{"type":"Feature","properties":{"numer":"1353N","klasa":"","kat":"powiatowa"},"geometry":{"type":"LineString","coordinates":[[19.77674,53.18852],[19.77667,53.18869],[19.77786,53.19167]]}},{"type":"Feature","properties":{"numer":"1353N","klasa":"","kat":"powiatowa"},"geometry":{"type":"LineString","coordinates":[[19.82134,53.2554],[19.8208,53.25517],[19.81996,53.25464],[19.81959,53.25459],[19.81816,53.25463],[19.81749,53.25438],[19.81697,53.25401],[19.81649,53.25355],[19.81283,53.24842],[19.81162,53.24703],[19.81007,53.24593],[19.80683,53.24408],[19.80557,53.24308],[19.80395,53.24224],[19.80334,53.24167],[19.80405,53.2411],[19.80409,53.2409],[19.80286,53.24025],[19.80073,53.23855],[19.79767,53.23635],[19.79734,53.23585],[19.79659,53.23416],[19.79645,53.23331],[19.79642,53.23151],[19.79602,53.2304],[19.79577,53.23013],[19.79271,53.22779],[19.78996,53.22531],[19.78863,53.22373],[19.78725,53.22087],[19.78611,53.21899],[19.78522,53.21803],[19.78404,53.2161],[19.78395,53.21556],[19.78403,53.215],[19.78578,53.2126],[19.78596,53.21212],[19.77786,53.19167]]}},{"type":"Feature","properties":{"numer":"544","klasa":"droga gĹ‚Ăłwna","kat":"wojewodzka"},"geometry":{"type":"LineString","coordinates":[[19.77522,53.2662],[19.7911,53.27094],[19.79229,53.27122],[19.79323,53.27131],[19.80313,53.27119],[19.8092,53.27078],[19.81087,53.27049],[19.81701,53.2686],[19.81831,53.26836]]}},{"type":"Feature","properties":{"numer":"1335N","klasa":"droga zbiorcza","kat":"powiatowa"},"geometry":{"type":"LineString","coordinates":[[19.76075,53.29524],[19.76096,53.29474],[19.76159,53.29409],[19.76449,53.28879],[19.76848,53.28202],[19.76888,53.27985],[19.76848,53.27346],[19.76854,53.27307],[19.77058,53.27106],[19.77178,53.26965],[19.77522,53.2662]]}},{"type":"Feature","properties":{"numer":"1351N","klasa":"","kat":"powiatowa"},"geometry":{"type":"LineString","coordinates":[[19.81272,53.30493],[19.81211,53.30494],[19.81121,53.30523],[19.79495,53.31125],[19.79389,53.31223],[19.79207,53.31319],[19.79181,53.3134],[19.79083,53.31508],[19.79106,53.3162],[19.79082,53.31726],[19.78983,53.31756],[19.78943,53.31808],[19.78898,53.31814],[19.78855,53.31801],[19.78814,53.31758],[19.78793,53.31706],[19.78746,53.31679]]}},{"type":"Feature","properties":{"numer":"1351N","klasa":"","kat":"powiatowa"},"geometry":{"type":"LineString","coordinates":[[19.78718,53.3167],[19.78746,53.31679]]}},{"type":"Feature","properties":{"numer":"541","klasa":"droga zbiorcza","kat":"wojewodzka"},"geometry":{"type":"LineString","coordinates":[[19.82585,53.26248],[19.82562,53.26247]]}},{"type":"Feature","properties":{"numer":"541","klasa":"droga zbiorcza","kat":"wojewodzka"},"geometry":{"type":"LineString","coordinates":[[19.82642,53.26253],[19.82585,53.26248]]}},{"type":"Feature","properties":{"numer":"541","klasa":"droga gĹ‚Ăłwna","kat":"wojewodzka"},"geometry":{"type":"LineString","coordinates":[[19.82782,53.26261],[19.82642,53.26253]]}},{"type":"Feature","properties":{"numer":"184558N","klasa":"droga dojazdowa","kat":"powiatowa"},"geometry":{"type":"LineString","coordinates":[[19.82361,53.26245],[19.82271,53.26275]]}},{"type":"Feature","properties":{"numer":"184557N","klasa":"droga dojazdowa","kat":"powiatowa"},"geometry":{"type":"LineString","coordinates":[[19.82271,53.26275],[19.82256,53.26297]]}},{"type":"Feature","properties":{"numer":"184557N","klasa":"droga dojazdowa","kat":"powiatowa"},"geometry":{"type":"LineString","coordinates":[[19.82142,53.2632],[19.82256,53.26297]]}},{"type":"Feature","properties":{"numer":"184559N","klasa":"droga dojazdowa","kat":"powiatowa"},"geometry":{"type":"LineString","coordinates":[[19.82133,53.26322],[19.82142,53.2632]]}},{"type":"Feature","properties":{"numer":"184559N","klasa":"droga dojazdowa","kat":"powiatowa"},"geometry":{"type":"LineString","coordinates":[[19.82083,53.26341],[19.82133,53.26322]]}},{"type":"Feature","properties":{"numer":"184561N","klasa":"droga dojazdowa","kat":"powiatowa"},"geometry":{"type":"LineString","coordinates":[[19.82095,53.26393],[19.82083,53.26341]]}},{"type":"Feature","properties":{"numer":"184561N","klasa":"droga dojazdowa","kat":"powiatowa"},"geometry":{"type":"LineString","coordinates":[[19.82102,53.26422],[19.82095,53.26393]]}},{"type":"Feature","properties":{"numer":"184580N","klasa":"droga dojazdowa","kat":"powiatowa"},"geometry":{"type":"LineString","coordinates":[[19.81885,53.26729],[19.81875,53.26739]]}},{"type":"Feature","properties":{"numer":"1280N","klasa":"droga zbiorcza","kat":"powiatowa"},"geometry":{"type":"LineString","coordinates":[[19.82927,53.26751],[19.82897,53.26725]]}},{"type":"Feature","properties":{"numer":"541,544","klasa":"droga gĹ‚Ăłwna","kat":"gminna"},"geometry":{"type":"LineString","coordinates":[[19.83008,53.26746],[19.8296,53.26757]]}},{"type":"Feature","properties":{"numer":"1280N","klasa":"droga zbiorcza","kat":"powiatowa"},"geometry":{"type":"LineString","coordinates":[[19.82927,53.26751],[19.82941,53.26762]]}},{"type":"Feature","properties":{"numer":"184580N","klasa":"droga dojazdowa","kat":"powiatowa"},"geometry":{"type":"LineString","coordinates":[[19.81875,53.26739],[19.81842,53.26775]]}},{"type":"Feature","properties":{"numer":"541,544","klasa":"droga gĹ‚Ăłwna","kat":"gminna"},"geometry":{"type":"LineString","coordinates":[[19.8296,53.26757],[19.82941,53.26762]]}},{"type":"Feature","properties":{"numer":"541,544","klasa":"droga gĹ‚Ăłwna","kat":"gminna"},"geometry":{"type":"LineString","coordinates":[[19.82941,53.26762],[19.82921,53.26767]]}},{"type":"Feature","properties":{"numer":"1280N","klasa":"droga zbiorcza","kat":"powiatowa"},"geometry":{"type":"LineString","coordinates":[[19.82941,53.26762],[19.82946,53.26774]]}},{"type":"Feature","properties":{"numer":"541,544","klasa":"droga gĹ‚Ăłwna","kat":"gminna"},"geometry":{"type":"LineString","coordinates":[[19.82921,53.26767],[19.82872,53.26778]]}},{"type":"Feature","properties":{"numer":"184580N","klasa":"droga dojazdowa","kat":"powiatowa"},"geometry":{"type":"LineString","coordinates":[[19.81842,53.26775],[19.81832,53.26784]]}},{"type":"Feature","properties":{"numer":"1278N","klasa":"","kat":"powiatowa"},"geometry":{"type":"LineString","coordinates":[[19.71265,53.28977],[19.71833,53.28967],[19.71882,53.28973],[19.72152,53.2905],[19.72316,53.29082],[19.72761,53.29199],[19.73008,53.29293],[19.73253,53.2933],[19.73325,53.29337],[19.73443,53.29322],[19.73884,53.29296],[19.74176,53.29243],[19.74276,53.2924],[19.75634,53.29477],[19.7586,53.29485],[19.76075,53.29524]]}},{"type":"Feature","properties":{"numer":"1335N","klasa":"droga zbiorcza","kat":"powiatowa"},"geometry":{"type":"LineString","coordinates":[[19.7439843730524,53.30880192258517],[19.7556,53.30174],[19.75621,53.30126],[19.76029,53.29718],[19.76075,53.29524]]}},{"type":"Feature","properties":{"numer":"1351N","klasa":"","kat":"powiatowa"},"geometry":{"type":"LineString","coordinates":[[19.78718,53.3167],[19.78621,53.31701],[19.78545,53.31692]]}},{"type":"Feature","properties":{"numer":"184035N","klasa":"droga dojazdowa","kat":"powiatowa"},"geometry":{"type":"LineString","coordinates":[[19.80733,53.18811],[19.80703,53.18811]]}},{"type":"Feature","properties":{"numer":"184035N","klasa":"droga dojazdowa","kat":"powiatowa"},"geometry":{"type":"LineString","coordinates":[[19.80703,53.18811],[19.80235,53.18818]]}},{"type":"Feature","properties":{"numer":"184035N","klasa":"droga dojazdowa","kat":"powiatowa"},"geometry":{"type":"LineString","coordinates":[[19.80235,53.18818],[19.79132,53.18831]]}},{"type":"Feature","properties":{"numer":"184035N","klasa":"droga dojazdowa","kat":"powiatowa"},"geometry":{"type":"LineString","coordinates":[[19.79132,53.18831],[19.78908,53.18834]]}},{"type":"Feature","properties":{"numer":"184035N","klasa":"droga dojazdowa","kat":"powiatowa"},"geometry":{"type":"LineString","coordinates":[[19.78908,53.18834],[19.78638,53.18838]]}},{"type":"Feature","properties":{"numer":"544","klasa":"droga gĹ‚Ăłwna","kat":"wojewodzka"},"geometry":{"type":"LineString","coordinates":[[20.33851016603371,53.146162756347884],[20.3385,53.14618]]}},{"type":"Feature","properties":{"numer":"544","klasa":"droga gĹ‚Ăłwna","kat":"wojewodzka"},"geometry":{"type":"LineString","coordinates":[[20.3385,53.14618],[20.33829,53.14653],[20.33786,53.14704],[20.33742,53.14727],[20.33525,53.14781]]}},{"type":"Feature","properties":{"numer":"544","klasa":"droga gĹ‚Ăłwna","kat":"wojewodzka"},"geometry":{"type":"LineString","coordinates":[[20.29741,53.16256],[20.29998,53.16149],[20.30191,53.1611],[20.30734,53.15928],[20.30829,53.15856],[20.30865,53.15839],[20.31107,53.15796],[20.31307,53.15707],[20.31479,53.15652],[20.31639,53.15574],[20.31821,53.15425],[20.32267,53.1524],[20.32524,53.15106],[20.32631,53.1507],[20.32956,53.15],[20.33315,53.14833],[20.3351,53.14784]]}},{"type":"Feature","properties":{"numer":"1595N","klasa":"","kat":"powiatowa"},"geometry":{"type":"LineString","coordinates":[[20.29151,53.16585],[20.28388,53.16177],[20.28141,53.16111],[20.28104,53.16088],[20.28038,53.15951],[20.27949,53.157],[20.27826,53.15569],[20.27694,53.1546],[20.27686,53.15443],[20.27723,53.15247],[20.27689,53.15001],[20.27582,53.14655],[20.27554,53.14629],[20.27372,53.14565],[20.27322,53.14557],[20.27242,53.14558]]}},{"type":"Feature","properties":{"numer":"544","klasa":"droga gĹ‚Ăłwna","kat":"wojewodzka"},"geometry":{"type":"LineString","coordinates":[[20.29574,53.16377],[20.29658,53.16308],[20.29741,53.16256]]}},{"type":"Feature","properties":{"numer":"188212N","klasa":"","kat":"powiatowa"},"geometry":{"type":"LineString","coordinates":[[20.29511,53.16373],[20.29533,53.16369],[20.29574,53.16377]]}},{"type":"Feature","properties":{"numer":"188212N","klasa":"droga lokalna","kat":"powiatowa"},"geometry":{"type":"LineString","coordinates":[[20.29473,53.16388],[20.29511,53.16373]]}},{"type":"Feature","properties":{"numer":"188212N","klasa":"droga lokalna","kat":"powiatowa"},"geometry":{"type":"LineString","coordinates":[[20.29373,53.16431],[20.29473,53.16388]]}},{"type":"Feature","properties":{"numer":"544","klasa":"droga gĹ‚Ăłwna","kat":"wojewodzka"},"geometry":{"type":"LineString","coordinates":[[20.29465,53.16444],[20.29574,53.16377]]}},{"type":"Feature","properties":{"numer":"188198N","klasa":"droga lokalna","kat":"powiatowa"},"geometry":{"type":"LineString","coordinates":[[20.28968,53.16409],[20.28905,53.16453]]}},{"type":"Feature","properties":{"numer":"188179N","klasa":"droga lokalna","kat":"powiatowa"},"geometry":{"type":"LineString","coordinates":[[20.29135,53.16497],[20.28968,53.16409]]}},{"type":"Feature","properties":{"numer":"188212N","klasa":"droga lokalna","kat":"powiatowa"},"geometry":{"type":"LineString","coordinates":[[20.29217,53.16497],[20.29373,53.16431]]}},{"type":"Feature","properties":{"numer":"544","klasa":"droga gĹ‚Ăłwna","kat":"wojewodzka"},"geometry":{"type":"LineString","coordinates":[[20.3351,53.14784],[20.33525,53.14781]]}},{"type":"Feature","properties":{"numer":"188014N","klasa":"droga lokalna","kat":"powiatowa"},"geometry":{"type":"LineString","coordinates":[[20.25639,53.14427],[20.25275,53.1441],[20.25171,53.14413],[20.24993,53.14441],[20.24705,53.14514]]}},{"type":"Feature","properties":{"numer":"188014N","klasa":"droga lokalna","kat":"powiatowa"},"geometry":{"type":"LineString","coordinates":[[20.26516,53.14534],[20.26028,53.14445],[20.25821,53.14435]]}},{"type":"Feature","properties":{"numer":"188014N","klasa":"droga lokalna","kat":"powiatowa"},"geometry":{"type":"LineString","coordinates":[[20.24705,53.14514],[20.243899158909716,53.145715693951665]]}},{"type":"Feature","properties":{"numer":"188014N","klasa":"droga lokalna","kat":"powiatowa"},"geometry":{"type":"LineString","coordinates":[[20.237394131196513,53.14774000648844],[20.23682,53.14795]]}},{"type":"Feature","properties":{"numer":"188014N","klasa":"droga lokalna","kat":"powiatowa"},"geometry":{"type":"LineString","coordinates":[[20.23682,53.14795],[20.236490650218443,53.147969760986896]]}},{"type":"Feature","properties":{"numer":"1304N","klasa":"droga zbiorcza","kat":"powiatowa"},"geometry":{"type":"LineString","coordinates":[[20.17273,53.18319],[20.17692,53.18247],[20.20538,53.1785],[20.20645,53.17848],[20.20922,53.17859],[20.21078,53.17856],[20.21904,53.17798],[20.22038,53.17794],[20.22106,53.17807],[20.22383,53.17897],[20.23564,53.18314],[20.2408,53.1844],[20.24368,53.18487],[20.25076,53.18535],[20.25505,53.18525],[20.25749,53.18483],[20.25831,53.18476],[20.25878,53.18503],[20.26037,53.1864]]}},{"type":"Feature","properties":{"numer":"544","klasa":"droga gĹ‚Ăłwna","kat":"wojewodzka"},"geometry":{"type":"LineString","coordinates":[[20.19179,53.22985],[20.19363,53.22842],[20.1971,53.2269],[20.19981,53.22583],[20.20809,53.22122],[20.20907,53.22077],[20.21091,53.2201],[20.21357,53.21864],[20.21924,53.21585],[20.23004,53.21011],[20.23552,53.20672],[20.23729,53.20599],[20.23862,53.2052],[20.24278,53.20244],[20.25345,53.19646],[20.25422,53.19624],[20.25624,53.19598],[20.25976,53.1957],[20.26261,53.19533],[20.26919,53.19465],[20.27018,53.19436]]}},{"type":"Feature","properties":{"numer":"544","klasa":"droga gĹ‚Ăłwna","kat":"wojewodzka"},"geometry":{"type":"LineString","coordinates":[[20.29293,53.1656],[20.29336,53.16511],[20.29465,53.16444]]}},{"type":"Feature","properties":{"numer":"188179N","klasa":"droga lokalna","kat":"powiatowa"},"geometry":{"type":"LineString","coordinates":[[20.2919,53.16521],[20.29135,53.16497]]}},{"type":"Feature","properties":{"numer":"188212N","klasa":"droga lokalna","kat":"powiatowa"},"geometry":{"type":"LineString","coordinates":[[20.29151,53.16585],[20.2919,53.16521]]}},{"type":"Feature","properties":{"numer":"544","klasa":"droga gĹ‚Ăłwna","kat":"wojewodzka"},"geometry":{"type":"LineString","coordinates":[[20.2927,53.16676],[20.29293,53.1656]]}},{"type":"Feature","properties":{"numer":"544","klasa":"droga gĹ‚Ăłwna","kat":"wojewodzka"},"geometry":{"type":"LineString","coordinates":[[20.29665,53.1764],[20.29773,53.17455],[20.29779,53.17423],[20.29294,53.16758],[20.29268,53.16707],[20.2927,53.16676]]}},{"type":"Feature","properties":{"numer":"1554N","klasa":"droga zbiorcza","kat":"powiatowa"},"geometry":{"type":"LineString","coordinates":[[20.29665,53.1764],[20.29942,53.17655],[20.30283,53.1771]]}},{"type":"Feature","properties":{"numer":"1554N","klasa":"droga zbiorcza","kat":"powiatowa"},"geometry":{"type":"LineString","coordinates":[[20.30283,53.1771],[20.30458,53.17742],[20.30906,53.17852],[20.31459,53.18029]]}},{"type":"Feature","properties":{"numer":"544","klasa":"droga gĹ‚Ăłwna","kat":"wojewodzka"},"geometry":{"type":"LineString","coordinates":[[20.27018,53.19436],[20.27165,53.19356],[20.27307,53.19248],[20.29185,53.18186],[20.29582,53.17755],[20.29665,53.1764]]}},{"type":"Feature","properties":{"numer":"1304N","klasa":"droga zbiorcza","kat":"powiatowa"},"geometry":{"type":"LineString","coordinates":[[20.26112,53.18704],[20.27018,53.19436]]}},{"type":"Feature","properties":{"numer":"1591N","klasa":"","kat":"powiatowa"},"geometry":{"type":"LineString","coordinates":[[20.30283,53.1771],[20.30394,53.17881],[20.3021,53.18278],[20.30169,53.18442],[20.30156,53.18566],[20.30193,53.18988],[20.30506,53.19529],[20.30788,53.19989],[20.30904,53.20124],[20.31232,53.2056],[20.31515,53.21024],[20.31799,53.2126]]}},{"type":"Feature","properties":{"numer":"203057N","klasa":"droga dojazdowa","kat":"powiatowa"},"geometry":{"type":"LineString","coordinates":[[20.17906,53.23163],[20.18,53.23144]]}},{"type":"Feature","properties":{"numer":"203057N","klasa":"droga dojazdowa","kat":"powiatowa"},"geometry":{"type":"LineString","coordinates":[[20.18,53.23144],[20.18072,53.23165]]}},{"type":"Feature","properties":{"numer":"203181N","klasa":"droga zbiorcza","kat":"powiatowa"},"geometry":{"type":"LineString","coordinates":[[20.15319,53.23093],[20.15417,53.23248]]}},{"type":"Feature","properties":{"numer":"203057N","klasa":"droga dojazdowa","kat":"powiatowa"},"geometry":{"type":"LineString","coordinates":[[20.1785,53.2318],[20.17906,53.23163]]}},{"type":"Feature","properties":{"numer":"203051N","klasa":"droga dojazdowa","kat":"powiatowa"},"geometry":{"type":"LineString","coordinates":[[20.17844,53.23173],[20.1785,53.2318]]}},{"type":"Feature","properties":{"numer":"203102N","klasa":"droga dojazdowa","kat":"powiatowa"},"geometry":{"type":"LineString","coordinates":[[20.18142,53.23217],[20.18072,53.23165]]}},{"type":"Feature","properties":{"numer":"203143N","klasa":"droga lokalna","kat":"powiatowa"},"geometry":{"type":"LineString","coordinates":[[20.17844,53.23173],[20.17683,53.23217]]}},{"type":"Feature","properties":{"numer":"1363N","klasa":"droga zbiorcza","kat":"powiatowa"},"geometry":{"type":"LineString","coordinates":[[20.17547,53.23263],[20.17386,53.23132]]}},{"type":"Feature","properties":{"numer":"203143N","klasa":"droga lokalna","kat":"powiatowa"},"geometry":{"type":"LineString","coordinates":[[20.17683,53.23217],[20.17608,53.23242]]}},{"type":"Feature","properties":{"numer":"203102N","klasa":"droga dojazdowa","kat":"powiatowa"},"geometry":{"type":"LineString","coordinates":[[20.18179,53.23248],[20.18142,53.23217]]}},{"type":"Feature","properties":{"numer":"203143N","klasa":"droga lokalna","kat":"powiatowa"},"geometry":{"type":"LineString","coordinates":[[20.17608,53.23242],[20.17547,53.23263]]}},{"type":"Feature","properties":{"numer":"203023N","klasa":"droga dojazdowa","kat":"powiatowa"},"geometry":{"type":"LineString","coordinates":[[20.18179,53.23248],[20.1814,53.23266]]}},{"type":"Feature","properties":{"numer":"544","klasa":"droga gĹ‚Ăłwna","kat":"wojewodzka"},"geometry":{"type":"LineString","coordinates":[[20.18338,53.2345],[20.18916,53.23192],[20.18988,53.23146],[20.19074,53.23074]]}},{"type":"Feature","properties":{"numer":"203143N","klasa":"droga lokalna","kat":"powiatowa"},"geometry":{"type":"LineString","coordinates":[[20.17547,53.23263],[20.1751,53.23277]]}},{"type":"Feature","properties":{"numer":"203023N","klasa":"droga dojazdowa","kat":"powiatowa"},"geometry":{"type":"LineString","coordinates":[[20.1814,53.23266],[20.18095,53.23286]]}},{"type":"Feature","properties":{"numer":"203143N,1363N","klasa":"","kat":"powiatowa"},"geometry":{"type":"LineString","coordinates":[[20.17547,53.23263],[20.17387,53.23326]]}},{"type":"Feature","properties":{"numer":"203061N","klasa":"droga lokalna","kat":"powiatowa"},"geometry":{"type":"LineString","coordinates":[[20.18136,53.23319],[20.18095,53.23286]]}},{"type":"Feature","properties":{"numer":"203119N","klasa":"droga lokalna","kat":"powiatowa"},"geometry":{"type":"LineString","coordinates":[[20.18177,53.23339],[20.18136,53.23319]]}},{"type":"Feature","properties":{"numer":"203143N","klasa":"droga lokalna","kat":"powiatowa"},"geometry":{"type":"LineString","coordinates":[[20.17387,53.23326],[20.17314,53.23353]]}},{"type":"Feature","properties":{"numer":"203119N","klasa":"droga lokalna","kat":"powiatowa"},"geometry":{"type":"LineString","coordinates":[[20.18183,53.23342],[20.18177,53.23339]]}},{"type":"Feature","properties":{"numer":"203119N","klasa":"droga lokalna","kat":"powiatowa"},"geometry":{"type":"LineString","coordinates":[[20.18194,53.23347],[20.18183,53.23342]]}},{"type":"Feature","properties":{"numer":"203143N","klasa":"droga lokalna","kat":"powiatowa"},"geometry":{"type":"LineString","coordinates":[[20.17314,53.23353],[20.17235,53.23382]]}},{"type":"Feature","properties":{"numer":"544","klasa":"droga gĹ‚Ăłwna","kat":"wojewodzka"},"geometry":{"type":"LineString","coordinates":[[20.14004,53.23494],[20.14305,53.23443],[20.14752,53.23328],[20.14887,53.23302],[20.15042,53.23282],[20.15701,53.23227],[20.15794,53.23239],[20.15951,53.23278],[20.16784,53.23525]]}},{"type":"Feature","properties":{"numer":"203025N,1363N","klasa":"","kat":"powiatowa"},"geometry":{"type":"LineString","coordinates":[[20.17548,53.23462],[20.17387,53.23326]]}},{"type":"Feature","properties":{"numer":"203143N","klasa":"droga lokalna","kat":"powiatowa"},"geometry":{"type":"LineString","coordinates":[[20.17235,53.23382],[20.1715,53.23412]]}},{"type":"Feature","properties":{"numer":"203143N","klasa":"droga lokalna","kat":"powiatowa"},"geometry":{"type":"LineString","coordinates":[[20.1715,53.23412],[20.17093,53.23435],[20.17065,53.2347]]}},{"type":"Feature","properties":{"numer":"544","klasa":"droga gĹ‚Ăłwna","kat":"wojewodzka"},"geometry":{"type":"LineString","coordinates":[[20.18329,53.23453],[20.18338,53.2345]]}},{"type":"Feature","properties":{"numer":"203025N","klasa":"droga lokalna","kat":"powiatowa"},"geometry":{"type":"LineString","coordinates":[[20.17585,53.23495],[20.17548,53.23462]]}},{"type":"Feature","properties":{"numer":"203143N","klasa":"droga lokalna","kat":"powiatowa"},"geometry":{"type":"LineString","coordinates":[[20.17065,53.2347],[20.17051,53.23488]]}},{"type":"Feature","properties":{"numer":"544","klasa":"droga gĹ‚Ăłwna","kat":"wojewodzka"},"geometry":{"type":"LineString","coordinates":[[20.14004,53.23494],[20.13995,53.23495]]}},{"type":"Feature","properties":{"numer":"203143N","klasa":"droga lokalna","kat":"powiatowa"},"geometry":{"type":"LineString","coordinates":[[20.17051,53.23488],[20.17028,53.23518]]}},{"type":"Feature","properties":{"numer":"203025N","klasa":"droga lokalna","kat":"powiatowa"},"geometry":{"type":"LineString","coordinates":[[20.17663,53.23559],[20.17585,53.23495]]}},{"type":"Feature","properties":{"numer":"203026N","klasa":"droga lokalna","kat":"powiatowa"},"geometry":{"type":"LineString","coordinates":[[20.1738,53.23537],[20.17391,53.23532]]}},{"type":"Feature","properties":{"numer":"544","klasa":"droga gĹ‚Ăłwna","kat":"wojewodzka"},"geometry":{"type":"LineString","coordinates":[[20.17835,53.2363],[20.18329,53.23453]]}},{"type":"Feature","properties":{"numer":"203143N","klasa":"droga lokalna","kat":"powiatowa"},"geometry":{"type":"LineString","coordinates":[[20.17028,53.23518],[20.16976,53.23582]]}},{"type":"Feature","properties":{"numer":"203119N","klasa":"droga lokalna","kat":"powiatowa"},"geometry":{"type":"LineString","coordinates":[[20.18453,53.23559],[20.18448,53.23551]]}},{"type":"Feature","properties":{"numer":"544","klasa":"droga gĹ‚Ăłwna","kat":"wojewodzka"},"geometry":{"type":"LineString","coordinates":[[20.16784,53.23525],[20.17031,53.23598]]}},{"type":"Feature","properties":{"numer":"203119N","klasa":"droga lokalna","kat":"powiatowa"},"geometry":{"type":"LineString","coordinates":[[20.18456,53.23565],[20.18453,53.23559]]}},{"type":"Feature","properties":{"numer":"203026N","klasa":"droga lokalna","kat":"powiatowa"},"geometry":{"type":"LineString","coordinates":[[20.17247,53.23598],[20.1738,53.23537]]}},{"type":"Feature","properties":{"numer":"203119N","klasa":"droga lokalna","kat":"powiatowa"},"geometry":{"type":"LineString","coordinates":[[20.1847,53.23592],[20.18456,53.23565]]}},{"type":"Feature","properties":{"numer":"203025N","klasa":"droga lokalna","kat":"powiatowa"},"geometry":{"type":"LineString","coordinates":[[20.17747,53.23624],[20.17663,53.23559]]}},{"type":"Feature","properties":{"numer":"203119N","klasa":"droga lokalna","kat":"powiatowa"},"geometry":{"type":"LineString","coordinates":[[20.18479,53.23609],[20.1847,53.23592]]}},{"type":"Feature","properties":{"numer":"203026N","klasa":"droga lokalna","kat":"powiatowa"},"geometry":{"type":"LineString","coordinates":[[20.17191,53.23623],[20.17247,53.23598]]}},{"type":"Feature","properties":{"numer":"544","klasa":"droga gĹ‚Ăłwna","kat":"wojewodzka"},"geometry":{"type":"LineString","coordinates":[[20.17031,53.23598],[20.17099,53.23627]]}},{"type":"Feature","properties":{"numer":"203026N","klasa":"","kat":"powiatowa"},"geometry":{"type":"LineString","coordinates":[[20.17162,53.23638],[20.17191,53.23623]]}},{"type":"Feature","properties":{"numer":"203025N","klasa":"","kat":"powiatowa"},"geometry":{"type":"LineString","coordinates":[[20.17763,53.2364],[20.17747,53.23624]]}},{"type":"Feature","properties":{"numer":"203119N","klasa":"droga lokalna","kat":"powiatowa"},"geometry":{"type":"LineString","coordinates":[[20.18508,53.23659],[20.18479,53.23609]]}},{"type":"Feature","properties":{"numer":"544","klasa":"droga gĹ‚Ăłwna","kat":"wojewodzka"},"geometry":{"type":"LineString","coordinates":[[20.17793,53.23644],[20.17835,53.2363]]}},{"type":"Feature","properties":{"numer":"203025N","klasa":"droga lokalna","kat":"powiatowa"},"geometry":{"type":"LineString","coordinates":[[20.17774,53.23651],[20.17763,53.2364]]}},{"type":"Feature","properties":{"numer":"544","klasa":"droga gĹ‚Ăłwna","kat":"wojewodzka"},"geometry":{"type":"LineString","coordinates":[[20.17755,53.23658],[20.17793,53.23644]]}},{"type":"Feature","properties":{"numer":"545","klasa":"droga gĹ‚Ăłwna","kat":"wojewodzka"},"geometry":{"type":"LineString","coordinates":[[20.17099,53.23627],[20.17144,53.23648],[20.17187,53.23696]]}},{"type":"Feature","properties":{"numer":"203119N","klasa":"droga lokalna","kat":"powiatowa"},"geometry":{"type":"LineString","coordinates":[[20.18537,53.23694],[20.18508,53.23659]]}},{"type":"Feature","properties":{"numer":"203139N","klasa":"droga gĹ‚Ăłwna","kat":"powiatowa"},"geometry":{"type":"LineString","coordinates":[[20.1714,53.23662],[20.17129,53.23691]]}},{"type":"Feature","properties":{"numer":"203139N","klasa":"droga gĹ‚Ăłwna","kat":"powiatowa"},"geometry":{"type":"LineString","coordinates":[[20.17129,53.23691],[20.17105,53.2375]]}},{"type":"Feature","properties":{"numer":"544","klasa":"droga gĹ‚Ăłwna","kat":"wojewodzka"},"geometry":{"type":"LineString","coordinates":[[20.17187,53.23696],[20.17282,53.23773]]}},{"type":"Feature","properties":{"numer":"544","klasa":"droga gĹ‚Ăłwna","kat":"wojewodzka"},"geometry":{"type":"LineString","coordinates":[[20.17407,53.23843],[20.1755,53.23751],[20.17755,53.23658]]}},{"type":"Feature","properties":{"numer":"203139N","klasa":"droga gĹ‚Ăłwna","kat":"powiatowa"},"geometry":{"type":"LineString","coordinates":[[20.17105,53.2375],[20.17074,53.23824]]}},{"type":"Feature","properties":{"numer":"544","klasa":"droga gĹ‚Ăłwna","kat":"wojewodzka"},"geometry":{"type":"LineString","coordinates":[[20.17282,53.23773],[20.17407,53.23843]]}},{"type":"Feature","properties":{"numer":"203025N","klasa":"droga lokalna","kat":"powiatowa"},"geometry":{"type":"LineString","coordinates":[[20.17998,53.23859],[20.17977,53.23851],[20.17955,53.23824]]}},{"type":"Feature","properties":{"numer":"203140N","klasa":"droga zbiorcza","kat":"powiatowa"},"geometry":{"type":"LineString","coordinates":[[20.18572,53.23854],[20.18621,53.23851]]}},{"type":"Feature","properties":{"numer":"203140N","klasa":"droga zbiorcza","kat":"powiatowa"},"geometry":{"type":"LineString","coordinates":[[20.18538,53.23856],[20.18572,53.23854]]}},{"type":"Feature","properties":{"numer":"203140N","klasa":"droga zbiorcza","kat":"powiatowa"},"geometry":{"type":"LineString","coordinates":[[20.18499,53.23855],[20.18538,53.23856]]}},{"type":"Feature","properties":{"numer":"203140N","klasa":"droga zbiorcza","kat":"powiatowa"},"geometry":{"type":"LineString","coordinates":[[20.18399,53.23857],[20.18499,53.23855]]}},{"type":"Feature","properties":{"numer":"203139N","klasa":"droga gĹ‚Ăłwna","kat":"powiatowa"},"geometry":{"type":"LineString","coordinates":[[20.17074,53.23824],[20.17045,53.23888]]}},{"type":"Feature","properties":{"numer":"203140N","klasa":"droga zbiorcza","kat":"powiatowa"},"geometry":{"type":"LineString","coordinates":[[20.1824,53.23859],[20.18399,53.23857]]}},{"type":"Feature","properties":{"numer":"203140N","klasa":"droga zbiorcza","kat":"powiatowa"},"geometry":{"type":"LineString","coordinates":[[20.17998,53.23859],[20.1824,53.23859]]}},{"type":"Feature","properties":{"numer":"203064N","klasa":"droga zbiorcza","kat":"powiatowa"},"geometry":{"type":"LineString","coordinates":[[20.18626,53.23869],[20.18621,53.23851]]}},{"type":"Feature","properties":{"numer":"545","klasa":"droga gĹ‚Ăłwna","kat":"wojewodzka"},"geometry":{"type":"LineString","coordinates":[[20.17539,53.2392],[20.17407,53.23843]]}},{"type":"Feature","properties":{"numer":"542","klasa":"droga gĹ‚Ăłwna","kat":"wojewodzka"},"geometry":{"type":"LineString","coordinates":[[20.1726,53.23955],[20.17407,53.23843]]}},{"type":"Feature","properties":{"numer":"203139N","klasa":"droga gĹ‚Ăłwna","kat":"powiatowa"},"geometry":{"type":"LineString","coordinates":[[20.17045,53.23888],[20.17031,53.23918]]}},{"type":"Feature","properties":{"numer":"203064N","klasa":"droga zbiorcza","kat":"powiatowa"},"geometry":{"type":"LineString","coordinates":[[20.18626,53.23869],[20.18669,53.23971]]}},{"type":"Feature","properties":{"numer":"203118N,1587N","klasa":"","kat":"powiatowa"},"geometry":{"type":"LineString","coordinates":[[20.18664,53.23859],[20.19025,53.24077]]}},{"type":"Feature","properties":{"numer":"203139N","klasa":"droga gĹ‚Ăłwna","kat":"powiatowa"},"geometry":{"type":"LineString","coordinates":[[20.17031,53.23918],[20.16966,53.24061]]}},{"type":"Feature","properties":{"numer":"203064N","klasa":"droga zbiorcza","kat":"powiatowa"},"geometry":{"type":"LineString","coordinates":[[20.18669,53.23971],[20.18718,53.24086]]}},{"type":"Feature","properties":{"numer":"542","klasa":"droga gĹ‚Ăłwna","kat":"wojewodzka"},"geometry":{"type":"LineString","coordinates":[[20.1726,53.23955],[20.1696,53.24182]]}},{"type":"Feature","properties":{"numer":"203118N,1587N","klasa":"","kat":"powiatowa"},"geometry":{"type":"LineString","coordinates":[[20.19025,53.24077],[20.19064,53.24086]]}},{"type":"Feature","properties":{"numer":"203118N","klasa":"droga dojazdowa","kat":"powiatowa"},"geometry":{"type":"LineString","coordinates":[[20.19064,53.24086],[20.19082,53.24089]]}},{"type":"Feature","properties":{"numer":"1587N","klasa":"","kat":"powiatowa"},"geometry":{"type":"LineString","coordinates":[[20.19153,53.24089],[20.19101,53.24088]]}},{"type":"Feature","properties":{"numer":"1587N","klasa":"","kat":"powiatowa"},"geometry":{"type":"LineString","coordinates":[[20.19082,53.24089],[20.19101,53.24088]]}},{"type":"Feature","properties":{"numer":"203155N","klasa":"droga lokalna","kat":"powiatowa"},"geometry":{"type":"LineString","coordinates":[[20.19069,53.24098],[20.19082,53.24089]]}},{"type":"Feature","properties":{"numer":"1556N","klasa":"","kat":"powiatowa"},"geometry":{"type":"LineString","coordinates":[[20.31459,53.18029],[20.31893,53.18155],[20.31983,53.18162],[20.32102,53.18135],[20.32312,53.18068],[20.32547,53.18023],[20.32843,53.17948],[20.33444,53.17883],[20.33658,53.1789],[20.33694,53.17903],[20.3372,53.17939],[20.33741,53.18055],[20.33772,53.18062],[20.33962,53.18073],[20.34094,53.18093],[20.34603,53.18106],[20.35609,53.18093],[20.35741,53.18104],[20.36314,53.18189],[20.36846,53.18251],[20.37082,53.18254],[20.3726,53.18238],[20.37516,53.18237],[20.37575,53.18254],[20.37614,53.1829],[20.3777,53.18521],[20.3783,53.18532],[20.38076448713983,53.1847378376835]]}},{"type":"Feature","properties":{"numer":"1554N","klasa":"droga zbiorcza","kat":"powiatowa"},"geometry":{"type":"LineString","coordinates":[[20.31459,53.18029],[20.31469,53.18063],[20.31422,53.18249],[20.31426,53.18269],[20.31449,53.18292],[20.33067,53.18973]]}},{"type":"Feature","properties":{"numer":"1593N","klasa":"","kat":"powiatowa"},"geometry":{"type":"LineString","coordinates":[[20.33067,53.18973],[20.32887,53.1944],[20.31761,53.20981],[20.31741,53.21093],[20.31799,53.2126]]}},{"type":"Feature","properties":{"numer":"1554N","klasa":"droga zbiorcza","kat":"powiatowa"},"geometry":{"type":"LineString","coordinates":[[20.33067,53.18973],[20.34391,53.1907],[20.36803,53.19719],[20.3685,53.19741],[20.36911,53.19787],[20.37889,53.20564],[20.39341,53.21011],[20.3955,53.21327],[20.3982,53.21391],[20.40062,53.21423],[20.40347,53.21505],[20.40416,53.21541],[20.40771478077847,53.218025233815226]]}},{"type":"Feature","properties":{"numer":"1591N","klasa":"","kat":"powiatowa"},"geometry":{"type":"LineString","coordinates":[[20.31799,53.2126],[20.32004,53.21493],[20.32204,53.21628],[20.32508,53.21804],[20.32545,53.2184],[20.32546,53.21866],[20.32517,53.2192],[20.32431,53.22017],[20.32419,53.22079],[20.32373,53.2212],[20.323,53.22163]]}},{"type":"Feature","properties":{"numer":"1304N","klasa":"droga zbiorcza","kat":"powiatowa"},"geometry":{"type":"LineString","coordinates":[[20.323,53.22163],[20.32467,53.2219],[20.32707,53.22275]]}},{"type":"Feature","properties":{"numer":"1304N","klasa":"","kat":"powiatowa"},"geometry":{"type":"LineString","coordinates":[[20.32706,53.22277],[20.327061219647824,53.22277050046339]]}},{"type":"Feature","properties":{"numer":"1304N","klasa":"droga zbiorcza","kat":"powiatowa"},"geometry":{"type":"LineString","coordinates":[[20.27018,53.19436],[20.27047,53.1947],[20.27116,53.19649],[20.27214,53.2037],[20.27353,53.20855],[20.27327,53.20888],[20.26988,53.21182],[20.2698,53.21196],[20.26991,53.21222],[20.26991,53.213],[20.27339,53.2131],[20.27632,53.21297],[20.27979,53.21364],[20.28375,53.21474],[20.29163,53.2181],[20.29536,53.21917],[20.29823,53.22019],[20.30097,53.22083],[20.30392,53.22213],[20.30519,53.2224],[20.30934,53.22353],[20.30999,53.22357],[20.31053,53.22347],[20.31235,53.22282],[20.31333,53.22221],[20.31476,53.22189],[20.32054,53.22142],[20.323,53.22163]]}},{"type":"Feature","properties":{"numer":"1265N","klasa":"","kat":"powiatowa"},"geometry":{"type":"LineString","coordinates":[[20.1611,53.35769],[20.16522,53.36143],[20.16676,53.36246],[20.16944,53.36471],[20.16941,53.36502],[20.16629,53.37266],[20.16667,53.37514],[20.16637,53.37585],[20.16639,53.3774],[20.16618,53.37909]]}},{"type":"Feature","properties":{"numer":"1284N","klasa":"","kat":"powiatowa"},"geometry":{"type":"LineString","coordinates":[[20.16618,53.37909],[20.17026,53.37704],[20.17129,53.37662],[20.18976,53.37265],[20.19085,53.37265],[20.19739424732828,53.373131300297466]]}},{"type":"Feature","properties":{"numer":"1265N,1284N","klasa":"","kat":"powiatowa"},"geometry":{"type":"LineString","coordinates":[[20.16618,53.37909],[20.16461,53.37988],[20.16427,53.38016],[20.1633,53.38266],[20.1628,53.38286],[20.15849,53.3841]]}},{"type":"Feature","properties":{"numer":"1284N","klasa":"","kat":"powiatowa"},"geometry":{"type":"LineString","coordinates":[[20.13353,53.39121],[20.13477,53.39163],[20.13554,53.39167],[20.13855,53.39107],[20.14566,53.38944],[20.15009,53.38763],[20.15439,53.38575],[20.15849,53.3841]]}},{"type":"Feature","properties":{"numer":"1265N","klasa":"","kat":"powiatowa"},"geometry":{"type":"LineString","coordinates":[[20.17833,53.40354],[20.17891,53.40274],[20.17902,53.4024],[20.17897,53.402],[20.17712,53.39969],[20.1758,53.39833],[20.17569,53.39808],[20.17582,53.39776],[20.17724,53.39643],[20.17443,53.39497],[20.17249,53.39468],[20.17062,53.39352],[20.16804,53.39138],[20.16697,53.39087],[20.16676,53.39056],[20.16656,53.38973],[20.16418,53.3869],[20.16376,53.38669],[20.16162,53.38597],[20.15849,53.3841]]}},{"type":"Feature","properties":{"numer":"1265N","klasa":"droga zbiorcza","kat":"powiatowa"},"geometry":{"type":"LineString","coordinates":[[20.17833,53.40354],[20.178327491383175,53.403562263974315]]}},{"type":"Feature","properties":{"numer":"1264N","klasa":"","kat":"powiatowa"},"geometry":{"type":"LineString","coordinates":[[20.151864844204823,53.414733228128306],[20.15175,53.41472]]}},{"type":"Feature","properties":{"numer":"1264N","klasa":"droga zbiorcza","kat":"powiatowa"},"geometry":{"type":"LineString","coordinates":[[20.15175,53.41472],[20.14778,53.41442],[20.14228,53.41369],[20.14092,53.41342],[20.13863,53.41327],[20.13804,53.41328],[20.13722,53.4135],[20.13071,53.41645],[20.12972,53.41656],[20.12834,53.41661],[20.12704,53.41705],[20.12572,53.41722],[20.12531,53.41719],[20.12484,53.41702],[20.12154,53.41453]]}},{"type":"Feature","properties":{"numer":"203155N","klasa":"","kat":"powiatowa"},"geometry":{"type":"LineString","coordinates":[[20.19069,53.24098],[20.19042,53.24113]]}},{"type":"Feature","properties":{"numer":"203139N","klasa":"droga gĹ‚Ăłwna","kat":"powiatowa"},"geometry":{"type":"LineString","coordinates":[[20.16966,53.24061],[20.16932,53.2414],[20.16935,53.24159]]}},{"type":"Feature","properties":{"numer":"203064N","klasa":"droga zbiorcza","kat":"powiatowa"},"geometry":{"type":"LineString","coordinates":[[20.18755,53.24177],[20.18718,53.24086]]}},{"type":"Feature","properties":{"numer":"203155N","klasa":"droga lokalna","kat":"powiatowa"},"geometry":{"type":"LineString","coordinates":[[20.19042,53.24113],[20.18809,53.24188]]}},{"type":"Feature","properties":{"numer":"203139N","klasa":"droga gĹ‚Ăłwna","kat":"powiatowa"},"geometry":{"type":"LineString","coordinates":[[20.16935,53.24159],[20.1696,53.24182]]}},{"type":"Feature","properties":{"numer":"203064N","klasa":"droga zbiorcza","kat":"powiatowa"},"geometry":{"type":"LineString","coordinates":[[20.18775,53.24198],[20.18755,53.24177]]}},{"type":"Feature","properties":{"numer":"203155N","klasa":"","kat":"powiatowa"},"geometry":{"type":"LineString","coordinates":[[20.18809,53.24188],[20.18775,53.24198]]}},{"type":"Feature","properties":{"numer":"203064N","klasa":"droga zbiorcza","kat":"powiatowa"},"geometry":{"type":"LineString","coordinates":[[20.18773,53.24221],[20.18775,53.24198]]}},{"type":"Feature","properties":{"numer":"203064N","klasa":"droga zbiorcza","kat":"powiatowa"},"geometry":{"type":"LineString","coordinates":[[20.18773,53.24221],[20.18796,53.24277]]}},{"type":"Feature","properties":{"numer":"203064N","klasa":"droga zbiorcza","kat":"powiatowa"},"geometry":{"type":"LineString","coordinates":[[20.18796,53.24277],[20.18826,53.24348]]}},{"type":"Feature","properties":{"numer":"1587N","klasa":"","kat":"powiatowa"},"geometry":{"type":"LineString","coordinates":[[20.23608,53.24833],[20.23537,53.24794],[20.2343,53.24764],[20.23309,53.24689],[20.23267,53.24678],[20.23122,53.24661],[20.2288,53.24581],[20.22707,53.24513],[20.22597,53.24449],[20.22479,53.24336],[20.22413,53.24309],[20.19153,53.24089]]}},{"type":"Feature","properties":{"numer":"1587N","klasa":"","kat":"powiatowa"},"geometry":{"type":"LineString","coordinates":[[20.24442,53.251],[20.24363,53.25075],[20.24084,53.25036],[20.24004,53.25018],[20.23729,53.24914],[20.23608,53.24833]]}},{"type":"Feature","properties":{"numer":"1587N","klasa":"","kat":"powiatowa"},"geometry":{"type":"LineString","coordinates":[[20.24442185367224,53.25100067406263],[20.24442,53.251]]}},{"type":"Feature","properties":{"numer":"1904N","klasa":"","kat":"powiatowa"},"geometry":{"type":"LineString","coordinates":[[20.246340603448274,53.26886103448276],[20.24626,53.26888]]}},{"type":"Feature","properties":{"numer":"545","klasa":"droga gĹ‚Ăłwna","kat":"wojewodzka"},"geometry":{"type":"LineString","coordinates":[[20.23681,53.27872],[20.23093,53.27726],[20.22989,53.27688],[20.20486,53.26322]]}},{"type":"Feature","properties":{"numer":"1904N","klasa":"","kat":"powiatowa"},"geometry":{"type":"LineString","coordinates":[[20.24626,53.26888],[20.24556,53.26906],[20.24381,53.26915],[20.24327,53.26941],[20.24176,53.27124],[20.24118,53.27366],[20.2409,53.2743],[20.24022,53.27507],[20.23767,53.27741],[20.23681,53.27872]]}},{"type":"Feature","properties":{"numer":"203064N","klasa":"droga zbiorcza","kat":"powiatowa"},"geometry":{"type":"LineString","coordinates":[[20.18826,53.24348],[20.18884,53.24484]]}},{"type":"Feature","properties":{"numer":"203064N","klasa":"droga zbiorcza","kat":"powiatowa"},"geometry":{"type":"LineString","coordinates":[[20.18884,53.24484],[20.18885,53.24489]]}},{"type":"Feature","properties":{"numer":"203064N","klasa":"droga zbiorcza","kat":"powiatowa"},"geometry":{"type":"LineString","coordinates":[[20.18885,53.24489],[20.18916,53.24558]]}},{"type":"Feature","properties":{"numer":"203064N","klasa":"droga zbiorcza","kat":"powiatowa"},"geometry":{"type":"LineString","coordinates":[[20.18916,53.24558],[20.18901,53.24592]]}},{"type":"Feature","properties":{"numer":"203064N","klasa":"droga zbiorcza","kat":"powiatowa"},"geometry":{"type":"LineString","coordinates":[[20.18901,53.24592],[20.1889,53.24601]]}},{"type":"Feature","properties":{"numer":"545","klasa":"droga gĹ‚Ăłwna","kat":"wojewodzka"},"geometry":{"type":"LineString","coordinates":[[20.20486,53.26322],[20.19984,53.26047],[20.19898,53.25989],[20.1933,53.25409],[20.19219,53.2528],[20.18965,53.24682],[20.18901,53.24609],[20.17899,53.24117],[20.17539,53.2392]]}},{"type":"Feature","properties":{"numer":"542","klasa":"droga gĹ‚Ăłwna","kat":"wojewodzka"},"geometry":{"type":"LineString","coordinates":[[20.1696,53.24182],[20.16878,53.24258],[20.16773,53.24472],[20.16702,53.24572],[20.16166,53.25174],[20.15996,53.25322],[20.15959,53.25403],[20.15904,53.25471],[20.14636,53.26904],[20.14586,53.26983],[20.14477,53.27257]]}},{"type":"Feature","properties":{"numer":"1253N","klasa":"droga zbiorcza","kat":"powiatowa"},"geometry":{"type":"LineString","coordinates":[[20.20486,53.26322],[20.20449,53.26348],[20.2007,53.26907],[20.19996,53.26983],[20.19924,53.27021],[20.19839,53.27046],[20.19366,53.2715],[20.19213,53.27174],[20.19131,53.27196],[20.19032,53.2725],[20.18842,53.27408],[20.1878,53.27468],[20.18762,53.27498],[20.18643,53.27878],[20.18504,53.2814],[20.18502,53.28205],[20.18597,53.28579],[20.18795,53.28882],[20.19238,53.29325],[20.19352,53.29402],[20.19503,53.29462]]}},{"type":"Feature","properties":{"numer":"542","klasa":"droga gĹ‚Ăłwna","kat":"wojewodzka"},"geometry":{"type":"LineString","coordinates":[[20.14477,53.27257],[20.1444,53.27372],[20.14424,53.28007],[20.14401,53.28099],[20.14364,53.28184],[20.13956,53.28816]]}},{"type":"Feature","properties":{"numer":"1544N","klasa":"","kat":"powiatowa"},"geometry":{"type":"LineString","coordinates":[[20.13822,53.3187],[20.13722,53.31782],[20.13398,53.31547]]}},{"type":"Feature","properties":{"numer":"545","klasa":"droga gĹ‚Ăłwna","kat":"wojewodzka"},"geometry":{"type":"LineString","coordinates":[[20.25645,53.28555],[20.25001,53.28218],[20.24903,53.28177],[20.23681,53.27872]]}},{"type":"Feature","properties":{"numer":"545","klasa":"droga gĹ‚Ăłwna","kat":"wojewodzka"},"geometry":{"type":"LineString","coordinates":[[20.25645,53.28555],[20.256591280788175,53.28562064039409]]}},{"type":"Feature","properties":{"numer":"1904N","klasa":"","kat":"powiatowa"},"geometry":{"type":"LineString","coordinates":[[20.23681,53.27872],[20.23277,53.28622],[20.23084,53.28938],[20.23007,53.28936],[20.22936,53.28949],[20.2173,53.28964],[20.20907,53.28951],[20.20827,53.28955],[20.20385,53.29092],[20.19965,53.2924],[20.19618,53.2938],[20.19566,53.29409],[20.19503,53.29462]]}},{"type":"Feature","properties":{"numer":"1253N","klasa":"droga zbiorcza","kat":"powiatowa"},"geometry":{"type":"LineString","coordinates":[[20.19503,53.29462],[20.19683,53.29555],[20.19721,53.29579],[20.19737,53.29601],[20.19682,53.29809],[20.19679,53.29923],[20.19699,53.30116],[20.19712,53.30145],[20.20469,53.309],[20.2075,53.31155]]}},{"type":"Feature","properties":{"numer":"1253N","klasa":"droga zbiorcza","kat":"powiatowa"},"geometry":{"type":"LineString","coordinates":[[20.2075,53.31155],[20.2076,53.31166]]}},{"type":"Feature","properties":{"numer":"1253N","klasa":"","kat":"powiatowa"},"geometry":{"type":"LineString","coordinates":[[20.2076,53.31166],[20.20765,53.31172]]}},{"type":"Feature","properties":{"numer":"1253N","klasa":"","kat":"powiatowa"},"geometry":{"type":"LineString","coordinates":[[20.20765,53.31172],[20.207889595502422,53.31197823070817]]}},{"type":"Feature","properties":{"numer":"1544N","klasa":"","kat":"powiatowa"},"geometry":{"type":"LineString","coordinates":[[20.1431,53.32568],[20.14198,53.32381],[20.13983,53.32078],[20.13822,53.3187]]}},{"type":"Feature","properties":{"numer":"1544N","klasa":"","kat":"powiatowa"},"geometry":{"type":"LineString","coordinates":[[20.14353,53.3267],[20.1431,53.32568]]}},{"type":"Feature","properties":{"numer":"1544N","klasa":"","kat":"powiatowa"},"geometry":{"type":"LineString","coordinates":[[20.14607,53.33276],[20.14602,53.33223],[20.14353,53.3267]]}},{"type":"Feature","properties":{"numer":"1544N","klasa":"","kat":"powiatowa"},"geometry":{"type":"LineString","coordinates":[[20.14603,53.33417],[20.14615,53.33395],[20.14607,53.33276]]}},{"type":"Feature","properties":{"numer":"1280N","klasa":"","kat":"powiatowa"},"geometry":{"type":"LineString","coordinates":[[20.14594,53.33418],[20.14603,53.33417]]}},{"type":"Feature","properties":{"numer":"1609N","klasa":"","kat":"powiatowa"},"geometry":{"type":"LineString","coordinates":[[20.18411,53.33858],[20.184178614987296,53.33856581338776]]}},{"type":"Feature","properties":{"numer":"538","klasa":"droga gĹ‚Ăłwna","kat":"wojewodzka"},"geometry":{"type":"LineString","coordinates":[[20.1715,53.34918],[20.12501,53.3487],[20.11017,53.34864]]}},{"type":"Feature","properties":{"numer":"538","klasa":"droga gĹ‚Ăłwna","kat":"wojewodzka"},"geometry":{"type":"LineString","coordinates":[[20.193539586700812,53.34945154517084],[20.19322,53.34943],[20.1715,53.34918]]}},{"type":"Feature","properties":{"numer":"1542N","klasa":"","kat":"powiatowa"},"geometry":{"type":"LineString","coordinates":[[20.1611,53.35769],[20.16121,53.35753],[20.16929,53.35341],[20.16949,53.35319],[20.1715,53.34918]]}},{"type":"Feature","properties":{"numer":"1542N","klasa":"","kat":"powiatowa"},"geometry":{"type":"LineString","coordinates":[[20.12591,53.37839],[20.12614,53.37811],[20.12687,53.37779],[20.12749,53.37769],[20.12892,53.37764],[20.13007,53.37736],[20.14534,53.36979],[20.15946,53.36426],[20.15972,53.36385],[20.16005,53.35945],[20.1611,53.35769]]}},{"type":"Feature","properties":{"numer":"542","klasa":"droga gĹ‚Ăłwna","kat":"wojewodzka"},"geometry":{"type":"LineString","coordinates":[[20.10785,53.34606],[20.10821,53.34669],[20.10958,53.34835]]}},{"type":"Feature","properties":{"numer":"538","klasa":"droga gĹ‚Ăłwna","kat":"wojewodzka"},"geometry":{"type":"LineString","coordinates":[[20.11017,53.34864],[20.10958,53.34835]]}},{"type":"Feature","properties":{"numer":"538,542","klasa":"droga gĹ‚Ăłwna","kat":"gminna"},"geometry":{"type":"LineString","coordinates":[[20.10951,53.34884],[20.10965,53.34861],[20.10958,53.34835]]}},{"type":"Feature","properties":{"numer":"538","klasa":"droga gĹ‚Ăłwna","kat":"wojewodzka"},"geometry":{"type":"LineString","coordinates":[[20.11017,53.34864],[20.10951,53.34884]]}},{"type":"Feature","properties":{"numer":"538,542","klasa":"droga gĹ‚Ăłwna","kat":"gminna"},"geometry":{"type":"LineString","coordinates":[[20.10715,53.3502],[20.10951,53.34884]]}},{"type":"Feature","properties":{"numer":"542","klasa":"droga gĹ‚Ăłwna","kat":"wojewodzka"},"geometry":{"type":"LineString","coordinates":[[20.10715,53.3502],[20.10844,53.35109],[20.10869,53.35133],[20.10903,53.35199],[20.10908,53.35238],[20.10896,53.353],[20.10831,53.35472]]}},{"type":"Feature","properties":{"numer":"1371N","klasa":"","kat":"powiatowa"},"geometry":{"type":"LineString","coordinates":[[20.10831,53.35472],[20.10892,53.35481],[20.10905,53.35528],[20.11312,53.35925],[20.11452,53.36088],[20.11511,53.36179],[20.11572,53.36302],[20.12023,53.37091],[20.12408,53.37742],[20.12468,53.37792],[20.12591,53.37839]]}},{"type":"Feature","properties":{"numer":"542","klasa":"droga gĹ‚Ăłwna","kat":"wojewodzka"},"geometry":{"type":"LineString","coordinates":[[20.10831,53.35472],[20.10468,53.3649],[20.10445,53.37488],[20.10025,53.38494],[20.097911127020154,53.38865468061505]]}},{"type":"Feature","properties":{"numer":"1542N","klasa":"","kat":"powiatowa"},"geometry":{"type":"LineString","coordinates":[[20.1217,53.38709],[20.12219,53.38547],[20.12283,53.3849],[20.12361,53.38364],[20.12474,53.38261],[20.12647,53.37942],[20.1265,53.37913],[20.12593,53.3786],[20.12591,53.37839]]}},{"type":"Feature","properties":{"numer":"1284N","klasa":"","kat":"powiatowa"},"geometry":{"type":"LineString","coordinates":[[20.098052661063022,53.38890353318945],[20.10341,53.38759],[20.10951,53.38736],[20.11682,53.38786],[20.11701,53.38785],[20.11854,53.38732],[20.1217,53.38709]]}},{"type":"Feature","properties":{"numer":"1304N","klasa":"droga zbiorcza","kat":"powiatowa"},"geometry":{"type":"LineString","coordinates":[[20.00549,53.20585],[20.01053,53.20227],[20.0129,53.20001],[20.01663,53.19701],[20.01713,53.19631],[20.01724,53.19563],[20.01712,53.19508],[20.01442,53.1872]]}},{"type":"Feature","properties":{"numer":"1304N","klasa":"droga zbiorcza","kat":"powiatowa"},"geometry":{"type":"LineString","coordinates":[[20.00525,53.20602],[20.00549,53.20585]]}},{"type":"Feature","properties":{"numer":"1304N","klasa":"droga zbiorcza","kat":"powiatowa"},"geometry":{"type":"LineString","coordinates":[[20.00525,53.20602],[20.00394,53.20698],[20.0026,53.20894],[20.00247,53.20936],[20.00492,53.21838],[20.00493,53.21912],[20.00304,53.22248],[20.00177,53.22645],[19.99944,53.23108]]}},{"type":"Feature","properties":{"numer":"544","klasa":"droga gĹ‚Ăłwna","kat":"wojewodzka"},"geometry":{"type":"LineString","coordinates":[[20.02683,53.23357],[20.02001,53.23443],[20.01765,53.2346],[20.01358,53.23473],[20.00653,53.23364],[20.00417,53.23285],[19.99944,53.23108]]}},{"type":"Feature","properties":{"numer":"1255N","klasa":"droga zbiorcza","kat":"powiatowa"},"geometry":{"type":"LineString","coordinates":[[20.02683,53.23357],[20.0255,53.24374],[20.02506,53.24417],[20.02086,53.24698],[20.02052,53.24733],[20.01806,53.25317],[20.01606,53.26074],[20.01343,53.26658]]}},{"type":"Feature","properties":{"numer":"1255N","klasa":"droga zbiorcza","kat":"powiatowa"},"geometry":{"type":"LineString","coordinates":[[20.01343,53.26658],[20.01245,53.26793],[20.01171,53.26925],[20.01075,53.27158]]}},{"type":"Feature","properties":{"numer":"1255N,1288N","klasa":"droga zbiorcza","kat":"powiatowa"},"geometry":{"type":"LineString","coordinates":[[20.01075,53.27158],[20.01026,53.27245]]}},{"type":"Feature","properties":{"numer":"1288N","klasa":"droga zbiorcza","kat":"powiatowa"},"geometry":{"type":"LineString","coordinates":[[20.00682,53.27195],[20.01026,53.27245]]}},{"type":"Feature","properties":{"numer":"1286N","klasa":"","kat":"powiatowa"},"geometry":{"type":"LineString","coordinates":[[20.00682,53.27195],[20.00493,53.27268],[19.99814,53.27385],[19.99675,53.27392],[19.99161,53.27383],[19.98922,53.27399],[19.98803,53.27399],[19.98649,53.27429]]}},{"type":"Feature","properties":{"numer":"1286N","klasa":"","kat":"powiatowa"},"geometry":{"type":"LineString","coordinates":[[19.98649,53.27429],[19.98638,53.27431]]}},{"type":"Feature","properties":{"numer":"1363N","klasa":"droga zbiorcza","kat":"powiatowa"},"geometry":{"type":"LineString","coordinates":[[20.0997,53.20163],[20.09633,53.19976],[20.09574,53.19926],[20.09529,53.19837],[20.09466,53.19611],[20.09433,53.19562]]}},{"type":"Feature","properties":{"numer":"1363N","klasa":"droga zbiorcza","kat":"powiatowa"},"geometry":{"type":"LineString","coordinates":[[20.09981,53.20171],[20.0997,53.20163]]}},{"type":"Feature","properties":{"numer":"1363N","klasa":"droga zbiorcza","kat":"powiatowa"},"geometry":{"type":"LineString","coordinates":[[20.14817,53.21405],[20.14516,53.21477],[20.14204,53.21509],[20.14101,53.21511],[20.13958,53.21499],[20.13782,53.21473],[20.1266,53.21283],[20.11425,53.21292],[20.11169,53.21135],[20.11025,53.2101],[20.10958,53.20904],[20.10922,53.20869],[20.09981,53.20171]]}},{"type":"Feature","properties":{"numer":"544","klasa":"droga gĹ‚Ăłwna","kat":"wojewodzka"},"geometry":{"type":"LineString","coordinates":[[20.13995,53.23495],[20.13436,53.23569],[20.13034,53.23603],[20.12912,53.23606],[20.11328,53.23488],[20.10534,53.23449],[20.10354,53.23448],[20.10177,53.23429],[20.09817,53.23441],[20.09166,53.2339],[20.08992,53.23402]]}},{"type":"Feature","properties":{"numer":"1288N","klasa":"droga zbiorcza","kat":"powiatowa"},"geometry":{"type":"LineString","coordinates":[[20.01075,53.27158],[20.02321,53.27335],[20.03813,53.27203],[20.0395,53.27173],[20.05045,53.26872],[20.05596,53.26674],[20.05658,53.26664],[20.06231,53.26752],[20.06387,53.26788],[20.06703,53.26767],[20.06922,53.26772],[20.08122,53.27075],[20.09802,53.27157],[20.10018,53.27199],[20.11915,53.27407],[20.12622,53.2741],[20.13266,53.27394],[20.13401,53.27386],[20.13541,53.27352],[20.13688,53.27341],[20.13736,53.27326],[20.1382,53.27271],[20.13878,53.27256],[20.14046,53.2725],[20.14377,53.27262],[20.14477,53.27257]]}},{"type":"Feature","properties":{"numer":"1373N","klasa":"","kat":"powiatowa"},"geometry":{"type":"LineString","coordinates":[[20.13956,53.28816],[20.13371,53.28821],[20.12737,53.28849],[20.12353,53.2885],[20.12262,53.28856],[20.11756,53.28958],[20.11027,53.2913],[20.10608,53.29206],[20.10369,53.29259],[20.10269,53.29291],[20.10153,53.29344],[20.10004,53.29437],[20.09014,53.30163],[20.08946,53.30228]]}},{"type":"Feature","properties":{"numer":"542","klasa":"droga gĹ‚Ăłwna","kat":"wojewodzka"},"geometry":{"type":"LineString","coordinates":[[20.13956,53.28816],[20.1276,53.30679]]}},{"type":"Feature","properties":{"numer":"1373N","klasa":"","kat":"powiatowa"},"geometry":{"type":"LineString","coordinates":[[20.08946,53.30228],[20.08889,53.30264],[20.08829,53.30287],[20.08734,53.30303],[20.08635,53.30303]]}},{"type":"Feature","properties":{"numer":"1373N","klasa":"","kat":"powiatowa"},"geometry":{"type":"LineString","coordinates":[[20.08635,53.30303],[20.08602,53.30302]]}},{"type":"Feature","properties":{"numer":"1373N","klasa":"","kat":"powiatowa"},"geometry":{"type":"LineString","coordinates":[[20.08946,53.30228],[20.08962,53.30242],[20.08957,53.30251],[20.08884,53.30294],[20.08771,53.30324],[20.08664,53.30371],[20.08649,53.30386],[20.08673,53.30511],[20.08787,53.30804]]}},{"type":"Feature","properties":{"numer":"544","klasa":"droga gĹ‚Ăłwna","kat":"wojewodzka"},"geometry":{"type":"LineString","coordinates":[[20.03443,53.2333],[20.03294,53.23335],[20.02962,53.23329],[20.02683,53.23357]]}},{"type":"Feature","properties":{"numer":"544","klasa":"droga gĹ‚Ăłwna","kat":"wojewodzka"},"geometry":{"type":"LineString","coordinates":[[20.08992,53.23402],[20.08849,53.23409],[20.07405,53.23361],[20.06983,53.23406],[20.06415,53.23441],[20.06012,53.23507],[20.05615,53.23583],[20.05443,53.23595],[20.05327,53.23588],[20.04914,53.23506],[20.04412,53.23448],[20.0354,53.23335],[20.03443,53.2333]]}},{"type":"Feature","properties":{"numer":"1290N","klasa":"","kat":"powiatowa"},"geometry":{"type":"LineString","coordinates":[[20.08992,53.23402],[20.08982,53.23421],[20.08569,53.23664],[20.07436,53.24306],[20.07028,53.24641],[20.06902,53.24653],[20.06793,53.24648],[20.06636,53.24683],[20.06432,53.2467],[20.06059,53.24631],[20.05994,53.24635],[20.05909,53.2466],[20.05417,53.2491],[20.04772,53.25174],[20.04733,53.25195],[20.04713,53.2522],[20.04065,53.25442],[20.0373,53.25587],[20.03646,53.25628],[20.03189,53.25948],[20.0293,53.26091],[20.02449,53.26294],[20.01504,53.26597],[20.01343,53.26658]]}},{"type":"Feature","properties":{"numer":"1373N","klasa":"","kat":"powiatowa"},"geometry":{"type":"LineString","coordinates":[[20.08602,53.30302],[20.08496,53.3031],[20.08456,53.30329],[20.08431,53.30354],[20.08416,53.3051],[20.08331,53.30816],[20.08293,53.30868],[20.0823,53.309],[20.05717,53.31322],[20.0454,53.31657],[20.04486,53.31683],[20.04446,53.31735],[20.04446,53.3177],[20.04494,53.31878],[20.04485,53.31938],[20.04248,53.32166]]}},{"type":"Feature","properties":{"numer":"538","klasa":"droga gĹ‚Ăłwna","kat":"wojewodzka"},"geometry":{"type":"LineString","coordinates":[[20.02508,53.32273],[20.0269,53.32204],[20.03793,53.31999],[20.03826,53.32004],[20.04248,53.32166]]}},{"type":"Feature","properties":{"numer":"538","klasa":"droga gĹ‚Ăłwna","kat":"wojewodzka"},"geometry":{"type":"LineString","coordinates":[[20.04248,53.32166],[20.05245,53.32552],[20.06528,53.33068],[20.06875,53.33241]]}},{"type":"Feature","properties":{"numer":"1263N,538","klasa":"droga gĹ‚Ăłwna","kat":"powiatowa"},"geometry":{"type":"LineString","coordinates":[[20.07177,53.33379],[20.06875,53.33241]]}},{"type":"Feature","properties":{"numer":"1373N","klasa":"","kat":"powiatowa"},"geometry":{"type":"LineString","coordinates":[[20.04248,53.32166],[20.04089,53.32318],[20.04064,53.32364],[20.04062,53.32399],[20.04082,53.32453],[20.04221,53.32597],[20.04293,53.32659],[20.04315,53.32697],[20.04317,53.32746],[20.04297,53.32846],[20.04306,53.3304],[20.04319,53.33125],[20.04369,53.33221],[20.04383,53.33292],[20.04366,53.33458],[20.04375,53.33594],[20.0451,53.34201],[20.04508,53.34331],[20.04534,53.34372],[20.04644,53.34465],[20.04672,53.34479],[20.05069,53.34534],[20.06358,53.34457]]}},{"type":"Feature","properties":{"numer":"1263N","klasa":"","kat":"powiatowa"},"geometry":{"type":"LineString","coordinates":[[20.06358,53.34457],[20.06503,53.34288],[20.06537,53.34229],[20.06749,53.33522],[20.06765,53.33501],[20.06805,53.33482],[20.07177,53.33379]]}},{"type":"Feature","properties":{"numer":"1263N","klasa":"","kat":"powiatowa"},"geometry":{"type":"LineString","coordinates":[[20.07623276266835,53.38498774224596],[20.07489,53.38367],[20.06939,53.37715],[20.06878,53.37699],[20.06484,53.37702],[20.06388,53.37671],[20.06354,53.37652],[20.06342,53.37633],[20.05998,53.36119],[20.05871,53.35819],[20.05785,53.35702],[20.05775,53.35522],[20.0572,53.35267],[20.0573,53.35225],[20.05754,53.35189],[20.06358,53.34457]]}},{"type":"Feature","properties":{"numer":"1373N","klasa":"","kat":"powiatowa"},"geometry":{"type":"LineString","coordinates":[[20.08787,53.30804],[20.08396,53.30875]]}},{"type":"Feature","properties":{"numer":"1263N","klasa":"","kat":"powiatowa"},"geometry":{"type":"LineString","coordinates":[[20.08897,53.31153],[20.08914,53.3112],[20.08904,53.31061],[20.08787,53.30804]]}},{"type":"Feature","properties":{"numer":"1544N","klasa":"","kat":"powiatowa"},"geometry":{"type":"LineString","coordinates":[[20.13408,53.31534],[20.13391,53.31509],[20.12774,53.31006],[20.12774,53.30738],[20.12772,53.30697],[20.1276,53.30679]]}},{"type":"Feature","properties":{"numer":"1544N,187046N","klasa":"","kat":"powiatowa"},"geometry":{"type":"LineString","coordinates":[[20.13398,53.31547],[20.13408,53.31534]]}},{"type":"Feature","properties":{"numer":"1263N","klasa":"","kat":"powiatowa"},"geometry":{"type":"LineString","coordinates":[[20.07976,53.32402],[20.08034,53.32365],[20.08067,53.32288],[20.08377,53.32037],[20.08413,53.31991],[20.08415,53.31922],[20.08397,53.31866],[20.08205,53.31654],[20.082,53.3163],[20.08282,53.31602],[20.08632,53.31445],[20.0866,53.31407],[20.08641,53.31321],[20.08691,53.31247],[20.08768,53.3118],[20.08897,53.31153]]}},{"type":"Feature","properties":{"numer":"542","klasa":"droga gĹ‚Ăłwna","kat":"wojewodzka"},"geometry":{"type":"LineString","coordinates":[[20.1276,53.30679],[20.11859,53.3209],[20.11797,53.32201],[20.11547,53.32769],[20.11491,53.32835],[20.11164,53.33087],[20.11101,53.33179],[20.1073,53.34055],[20.10583,53.34307],[20.10602,53.34376],[20.10785,53.34606]]}},{"type":"Feature","properties":{"numer":"1263N","klasa":"","kat":"powiatowa"},"geometry":{"type":"LineString","coordinates":[[20.06875,53.33241],[20.07305,53.32864],[20.07716,53.3254],[20.07748,53.32518],[20.07863,53.32475],[20.07976,53.32402]]}},{"type":"Feature","properties":{"numer":"1544N","klasa":"","kat":"powiatowa"},"geometry":{"type":"LineString","coordinates":[[20.10817,53.34601],[20.11094,53.3455],[20.12106,53.34403],[20.1229,53.34362],[20.12517,53.34216],[20.12673,53.3414],[20.14318,53.33506],[20.14539,53.3343],[20.14594,53.33418]]}},{"type":"Feature","properties":{"numer":"538","klasa":"droga gĹ‚Ăłwna","kat":"wojewodzka"},"geometry":{"type":"LineString","coordinates":[[20.07177,53.33379],[20.08066,53.33767],[20.09185,53.34235],[20.09763,53.34463],[20.10217,53.34715],[20.10715,53.3502]]}},{"type":"Feature","properties":{"numer":"1544N","klasa":"","kat":"powiatowa"},"geometry":{"type":"LineString","coordinates":[[20.10785,53.34606],[20.10817,53.34601]]}},{"type":"Feature","properties":{"numer":"1255N","klasa":"droga zbiorcza","kat":"powiatowa"},"geometry":{"type":"LineString","coordinates":[[20.01026,53.27245],[20.00978,53.27351],[20.00932,53.27416],[20.0093,53.27492],[20.00897,53.27629],[20.00876,53.27661],[20.00762,53.27699],[20.00493,53.27703],[20.00383,53.27721],[20.00296,53.27746],[20.00233,53.27781],[20.00174,53.27946],[19.99845,53.28404],[19.99908,53.28702],[19.99897,53.28749],[19.99683,53.29019],[19.99389,53.29153],[19.9928,53.29211],[19.99189,53.29264],[19.99001,53.29399],[19.98945,53.2948],[19.98859,53.29642],[19.9884,53.29952],[19.98809,53.30054],[19.98773,53.30109],[19.98433,53.30484]]}},{"type":"Feature","properties":{"numer":"1282N","klasa":"","kat":"powiatowa"},"geometry":{"type":"LineString","coordinates":[[20.01884,53.32243],[20.0182,53.32212],[20.00669,53.31478],[20.00244,53.31314],[19.98739,53.30683],[19.98669,53.30645],[19.98433,53.30484]]}},{"type":"Feature","properties":{"numer":"1282N","klasa":"","kat":"powiatowa"},"geometry":{"type":"LineString","coordinates":[[20.02338,53.32239],[20.02508,53.32273]]}},{"type":"Feature","properties":{"numer":"538","klasa":"droga gĹ‚Ăłwna","kat":"wojewodzka"},"geometry":{"type":"LineString","coordinates":[[19.9538,53.35638],[19.97371,53.35031],[19.97906,53.34905],[19.98207,53.3486],[19.98419,53.34839],[19.98465,53.34827],[19.98633,53.34709],[19.98712,53.34551],[19.98792,53.34433],[19.98833,53.34351],[19.98888,53.34296],[19.99948,53.33861],[20.00889,53.33129],[20.01082,53.3304],[20.01394,53.32881],[20.01606,53.32755],[20.02508,53.32273]]}},{"type":"Feature","properties":{"numer":"1255N","klasa":"droga zbiorcza","kat":"powiatowa"},"geometry":{"type":"LineString","coordinates":[[19.95364,53.35695],[19.95514,53.35896],[19.95664,53.36033],[19.96601,53.3666],[19.96694,53.36813],[19.96878,53.36883],[19.97008,53.36946],[19.97137,53.36968],[19.97618,53.3709],[19.98146,53.37206],[19.98269,53.37253],[19.98406,53.3728],[19.98777,53.3738],[19.99097,53.37479],[19.99209,53.37491],[19.99323,53.37523],[19.99493,53.37549],[19.99642,53.37615],[19.99868,53.37669],[19.99947,53.37677],[20.00054,53.37666],[20.00239,53.37671],[20.00458,53.37648],[20.00534,53.37656]]}},{"type":"Feature","properties":{"numer":"1255N","klasa":"droga zbiorcza","kat":"powiatowa"},"geometry":{"type":"LineString","coordinates":[[20.00534,53.37656],[20.00548,53.37659]]}},{"type":"Feature","properties":{"numer":"1255N","klasa":"droga zbiorcza","kat":"powiatowa"},"geometry":{"type":"LineString","coordinates":[[20.00548,53.37659],[20.00779,53.37706],[20.00824,53.37735],[20.00853,53.37773],[20.00864,53.37815],[20.00851,53.37849],[20.00816,53.37915],[20.00746,53.37982],[20.00731,53.38017],[20.00736,53.3804],[20.00895,53.38297],[20.00888,53.38326],[20.00837,53.38387],[20.00868,53.38459],[20.00972,53.38525],[20.0129,53.38821],[20.01476,53.38894],[20.01746,53.39067],[20.01854,53.39114],[20.02076,53.39251],[20.02566625106979,53.39455012468419]]}},{"type":"Feature","properties":{"numer":"1284N","klasa":"","kat":"powiatowa"},"geometry":{"type":"LineString","coordinates":[[20.1217,53.38709],[20.12145,53.38796],[20.12569,53.3884],[20.12887,53.38854],[20.13127,53.39023],[20.13353,53.39121]]}},{"type":"Feature","properties":{"numer":"1369N","klasa":"","kat":"powiatowa"},"geometry":{"type":"LineString","coordinates":[[20.12154,53.41453],[20.12228,53.41412],[20.12289,53.4139],[20.12558,53.4133],[20.12866,53.41272],[20.12893,53.41255],[20.12924,53.4079],[20.12847,53.4019],[20.12885,53.40127],[20.1308,53.39892],[20.13095,53.39849],[20.13087,53.39771],[20.13095,53.39755],[20.13132,53.39744],[20.13291,53.39733],[20.13314,53.39718],[20.13335,53.39575],[20.13374,53.39471],[20.13391,53.39364],[20.13442,53.39252],[20.13431,53.39207],[20.13353,53.39121]]}},{"type":"Feature","properties":{"numer":"1264N","klasa":"droga zbiorcza","kat":"powiatowa"},"geometry":{"type":"LineString","coordinates":[[20.12154,53.41453],[20.12025,53.4136],[20.11932,53.41322],[20.11861,53.41305],[20.11754,53.41291],[20.11642,53.41286],[20.1115,53.41291]]}},{"type":"Feature","properties":{"numer":"1264N","klasa":"","kat":"powiatowa"},"geometry":{"type":"LineString","coordinates":[[20.111102997670518,53.41292071980219],[20.1115,53.41291]]}},{"type":"Feature","properties":{"numer":"541","klasa":"droga zbiorcza","kat":"wojewodzka"},"geometry":{"type":"LineString","coordinates":[[19.82134,53.2554],[19.8216,53.25507],[19.82178,53.25451]]}},{"type":"Feature","properties":{"numer":"541","klasa":"droga zbiorcza","kat":"wojewodzka"},"geometry":{"type":"LineString","coordinates":[[19.82062,53.25811],[19.82137,53.25573],[19.82134,53.2554]]}},{"type":"Feature","properties":{"numer":"541","klasa":"droga zbiorcza","kat":"wojewodzka"},"geometry":{"type":"LineString","coordinates":[[19.82054,53.25846],[19.82062,53.25811]]}},{"type":"Feature","properties":{"numer":"541","klasa":"droga zbiorcza","kat":"wojewodzka"},"geometry":{"type":"LineString","coordinates":[[19.82056,53.25913],[19.82054,53.25846]]}},{"type":"Feature","properties":{"numer":"541","klasa":"droga zbiorcza","kat":"wojewodzka"},"geometry":{"type":"LineString","coordinates":[[19.82562,53.26247],[19.82361,53.26245],[19.82261,53.26089],[19.82231,53.26062],[19.82104,53.25987],[19.82056,53.25913]]}},{"type":"Feature","properties":{"numer":"541","klasa":"droga gĹ‚Ăłwna","kat":"wojewodzka"},"geometry":{"type":"LineString","coordinates":[[19.85787,53.2612],[19.85737,53.26104]]}},{"type":"Feature","properties":{"numer":"541","klasa":"droga gĹ‚Ăłwna","kat":"wojewodzka"},"geometry":{"type":"LineString","coordinates":[[19.85805,53.26126],[19.85787,53.2612]]}},{"type":"Feature","properties":{"numer":"541,544","klasa":"droga gĹ‚Ăłwna","kat":"gminna"},"geometry":{"type":"LineString","coordinates":[[19.85805,53.26126],[19.85796,53.26137]]}},{"type":"Feature","properties":{"numer":"541,544","klasa":"droga gĹ‚Ăłwna","kat":"gminna"},"geometry":{"type":"LineString","coordinates":[[19.85796,53.26137],[19.85773,53.26166]]}},{"type":"Feature","properties":{"numer":"541","klasa":"droga gĹ‚Ăłwna","kat":"wojewodzka"},"geometry":{"type":"LineString","coordinates":[[19.85737,53.26104],[19.8567,53.26085],[19.85615,53.26086],[19.84147,53.2627],[19.83967,53.26287],[19.82782,53.26261]]}},{"type":"Feature","properties":{"numer":"541,544","klasa":"droga gĹ‚Ăłwna","kat":"gminna"},"geometry":{"type":"LineString","coordinates":[[19.85773,53.26166],[19.85535,53.26478],[19.85453,53.26531],[19.85323,53.26571],[19.85231,53.26579],[19.84947,53.26572],[19.84831,53.26577],[19.83496,53.2667],[19.83199,53.26708],[19.83008,53.26746]]}},{"type":"Feature","properties":{"numer":"184561N","klasa":"droga dojazdowa","kat":"powiatowa"},"geometry":{"type":"LineString","coordinates":[[19.8209,53.26517],[19.82102,53.26422]]}},{"type":"Feature","properties":{"numer":"1280N","klasa":"droga zbiorcza","kat":"powiatowa"},"geometry":{"type":"LineString","coordinates":[[19.82897,53.26725],[19.82865,53.26667],[19.82753,53.26353],[19.82782,53.26261]]}},{"type":"Feature","properties":{"numer":"184561N","klasa":"droga dojazdowa","kat":"powiatowa"},"geometry":{"type":"LineString","coordinates":[[19.82026,53.26616],[19.82066,53.2658],[19.8209,53.26517]]}},{"type":"Feature","properties":{"numer":"184561N","klasa":"droga dojazdowa","kat":"powiatowa"},"geometry":{"type":"LineString","coordinates":[[19.8193,53.26687],[19.82026,53.26616]]}},{"type":"Feature","properties":{"numer":"184561N","klasa":"droga dojazdowa","kat":"powiatowa"},"geometry":{"type":"LineString","coordinates":[[19.81919,53.26696],[19.8193,53.26687]]}},{"type":"Feature","properties":{"numer":"184561N","klasa":"droga dojazdowa","kat":"powiatowa"},"geometry":{"type":"LineString","coordinates":[[19.81908,53.26706],[19.81919,53.26696]]}},{"type":"Feature","properties":{"numer":"184561N","klasa":"droga dojazdowa","kat":"powiatowa"},"geometry":{"type":"LineString","coordinates":[[19.819,53.26714],[19.81908,53.26706]]}},{"type":"Feature","properties":{"numer":"184580N","klasa":"droga dojazdowa","kat":"powiatowa"},"geometry":{"type":"LineString","coordinates":[[19.81892,53.26722],[19.819,53.26714]]}},{"type":"Feature","properties":{"numer":"184580N","klasa":"droga dojazdowa","kat":"powiatowa"},"geometry":{"type":"LineString","coordinates":[[19.81885,53.26729],[19.81892,53.26722]]}},{"type":"Feature","properties":{"numer":"544","klasa":"droga gĹ‚Ăłwna","kat":"wojewodzka"},"geometry":{"type":"LineString","coordinates":[[19.8711,53.25738],[19.8677,53.25747]]}},{"type":"Feature","properties":{"numer":"544","klasa":"droga gĹ‚Ăłwna","kat":"wojewodzka"},"geometry":{"type":"LineString","coordinates":[[19.86752,53.25747],[19.8677,53.25747]]}},{"type":"Feature","properties":{"numer":"544","klasa":"droga gĹ‚Ăłwna","kat":"wojewodzka"},"geometry":{"type":"LineString","coordinates":[[19.86752,53.25747],[19.86646,53.25753],[19.86549,53.25775],[19.85979,53.25994],[19.85866,53.26026],[19.85845,53.26039],[19.85824,53.26082]]}},{"type":"Feature","properties":{"numer":"544","klasa":"droga gĹ‚Ăłwna","kat":"wojewodzka"},"geometry":{"type":"LineString","coordinates":[[19.85824,53.26082],[19.85811,53.26114]]}},{"type":"Feature","properties":{"numer":"544","klasa":"droga gĹ‚Ăłwna","kat":"wojewodzka"},"geometry":{"type":"LineString","coordinates":[[19.85811,53.26114],[19.85805,53.26126]]}},{"type":"Feature","properties":{"numer":"1286N","klasa":"","kat":"powiatowa"},"geometry":{"type":"LineString","coordinates":[[19.85825,53.26129],[19.85805,53.26126]]}},{"type":"Feature","properties":{"numer":"1286N","klasa":"","kat":"powiatowa"},"geometry":{"type":"LineString","coordinates":[[19.85881,53.26146],[19.85825,53.26129]]}},{"type":"Feature","properties":{"numer":"1286N","klasa":"","kat":"powiatowa"},"geometry":{"type":"LineString","coordinates":[[19.90298,53.28961],[19.90215,53.28939],[19.90075,53.28848],[19.89878,53.28775],[19.89834,53.28742],[19.89806,53.28667],[19.89761,53.2863],[19.89071,53.28336],[19.88924,53.28301],[19.88894,53.28288],[19.88862,53.28258],[19.88812,53.28175],[19.88747,53.28122],[19.88668,53.28032],[19.88629,53.28005],[19.87939,53.27737],[19.87646,53.27636],[19.87568,53.27594],[19.87447,53.27476],[19.87309,53.27384],[19.87256,53.27336],[19.86986,53.26779],[19.86948,53.2673],[19.86902,53.267],[19.86801,53.26659],[19.86315,53.26498],[19.86221,53.26454],[19.86139,53.26407],[19.86046,53.26337],[19.85881,53.26146]]}},{"type":"Feature","properties":{"numer":"1286N","klasa":"","kat":"powiatowa"},"geometry":{"type":"LineString","coordinates":[[19.91772,53.2867],[19.9158,53.28862],[19.91216,53.29007],[19.91118,53.29039],[19.91026,53.2904],[19.90869,53.29019],[19.90639,53.28908],[19.90513,53.28909],[19.90372,53.28955],[19.90316,53.28962]]}},{"type":"Feature","properties":{"numer":"1286N","klasa":"","kat":"powiatowa"},"geometry":{"type":"LineString","coordinates":[[19.90316,53.28962],[19.90298,53.28961]]}},{"type":"Feature","properties":{"numer":"1280N","klasa":"droga zbiorcza","kat":"powiatowa"},"geometry":{"type":"LineString","coordinates":[[19.82971,53.26808],[19.82946,53.26774]]}},{"type":"Feature","properties":{"numer":"184580N","klasa":"droga dojazdowa","kat":"powiatowa"},"geometry":{"type":"LineString","coordinates":[[19.81832,53.26784],[19.81779,53.26826],[19.81775,53.26842]]}},{"type":"Feature","properties":{"numer":"541,544","klasa":"droga gĹ‚Ăłwna","kat":"gminna"},"geometry":{"type":"LineString","coordinates":[[19.82872,53.26778],[19.82369,53.26853],[19.82198,53.26854],[19.81984,53.26841]]}},{"type":"Feature","properties":{"numer":"184581N","klasa":"","kat":"powiatowa"},"geometry":{"type":"LineString","coordinates":[[19.81984,53.26841],[19.81966,53.26812]]}},{"type":"Feature","properties":{"numer":"544","klasa":"droga gĹ‚Ăłwna","kat":"wojewodzka"},"geometry":{"type":"LineString","coordinates":[[19.8192,53.26837],[19.81831,53.26836]]}},{"type":"Feature","properties":{"numer":"544","klasa":"droga gĹ‚Ăłwna","kat":"wojewodzka"},"geometry":{"type":"LineString","coordinates":[[19.81984,53.26841],[19.8192,53.26837]]}},{"type":"Feature","properties":{"numer":"541","klasa":"droga zbiorcza","kat":"wojewodzka"},"geometry":{"type":"LineString","coordinates":[[19.81995,53.26873],[19.81984,53.26841]]}},{"type":"Feature","properties":{"numer":"541","klasa":"droga zbiorcza","kat":"wojewodzka"},"geometry":{"type":"LineString","coordinates":[[19.81272,53.30493],[19.81584,53.28662],[19.81579,53.28603],[19.81463,53.28221],[19.81461,53.2814],[19.81499,53.28057],[19.81542,53.27995],[19.81744,53.27778],[19.81784,53.27722],[19.81916,53.27371],[19.82012,53.27192],[19.82022,53.27127],[19.81995,53.26873]]}},{"type":"Feature","properties":{"numer":"1280N","klasa":"droga zbiorcza","kat":"powiatowa"},"geometry":{"type":"LineString","coordinates":[[19.86661,53.31147],[19.86573,53.31077],[19.86357,53.30964],[19.86227,53.30865],[19.86044,53.30783],[19.86104,53.3074],[19.86421,53.30616],[19.8653,53.30348],[19.8651,53.30287],[19.86445,53.30237],[19.86088,53.30142],[19.86053,53.30115],[19.86108,53.29919],[19.86167,53.29773],[19.86172,53.29678],[19.86216,53.29481],[19.86197,53.29429],[19.85466,53.28853],[19.85075,53.28483],[19.84775,53.28319],[19.84236,53.27807],[19.83527,53.27278],[19.82971,53.26808]]}},{"type":"Feature","properties":{"numer":"541","klasa":"droga zbiorcza","kat":"wojewodzka"},"geometry":{"type":"LineString","coordinates":[[19.82215559923843,53.353588800350146],[19.82255,53.34859],[19.82222,53.34716],[19.82157,53.34593],[19.82143,53.34499],[19.81937,53.34266],[19.81861,53.3406],[19.81803,53.33469],[19.81763,53.33184],[19.81478,53.31695],[19.81447,53.31612],[19.81286,53.3141],[19.81233,53.31312],[19.81226,53.31243],[19.8125,53.30625],[19.81272,53.30493]]}},{"type":"Feature","properties":{"numer":"1280N","klasa":"droga zbiorcza","kat":"powiatowa"},"geometry":{"type":"LineString","coordinates":[[19.96738,53.32745],[19.96212,53.32575],[19.96088,53.32562],[19.9508,53.3265],[19.94947,53.32677],[19.94731,53.32755]]}},{"type":"Feature","properties":{"numer":"1255N","klasa":"droga zbiorcza","kat":"powiatowa"},"geometry":{"type":"LineString","coordinates":[[19.96738,53.32745],[19.96528,53.33133],[19.96416,53.33228],[19.96099,53.3342],[19.95932,53.33717],[19.95925,53.3377],[19.96,53.33879],[19.96012,53.33921],[19.95685,53.34439],[19.95373,53.35067],[19.95348,53.35188],[19.95368,53.35375],[19.95302,53.35546],[19.953,53.35583],[19.95314,53.35624]]}},{"type":"Feature","properties":{"numer":"1255N","klasa":"droga zbiorcza","kat":"powiatowa"},"geometry":{"type":"LineString","coordinates":[[19.95314,53.35624],[19.95325,53.35654]]}},{"type":"Feature","properties":{"numer":"538","klasa":"droga gĹ‚Ăłwna","kat":"wojewodzka"},"geometry":{"type":"LineString","coordinates":[[19.95346,53.35658],[19.9538,53.35638]]}},{"type":"Feature","properties":{"numer":"1255N","klasa":"droga zbiorcza","kat":"powiatowa"},"geometry":{"type":"LineString","coordinates":[[19.95325,53.35654],[19.9533,53.35665]]}},{"type":"Feature","properties":{"numer":"538","klasa":"droga gĹ‚Ăłwna","kat":"wojewodzka"},"geometry":{"type":"LineString","coordinates":[[19.9533,53.35665],[19.95346,53.35658]]}},{"type":"Feature","properties":{"numer":"538","klasa":"droga gĹ‚Ăłwna","kat":"wojewodzka"},"geometry":{"type":"LineString","coordinates":[[19.95315,53.35674],[19.9533,53.35665]]}},{"type":"Feature","properties":{"numer":"1255N","klasa":"droga zbiorcza","kat":"powiatowa"},"geometry":{"type":"LineString","coordinates":[[19.9533,53.35665],[19.95343,53.35675]]}},{"type":"Feature","properties":{"numer":"538","klasa":"droga gĹ‚Ăłwna","kat":"wojewodzka"},"geometry":{"type":"LineString","coordinates":[[19.95278,53.35691],[19.95315,53.35674]]}},{"type":"Feature","properties":{"numer":"1255N","klasa":"droga zbiorcza","kat":"powiatowa"},"geometry":{"type":"LineString","coordinates":[[19.95343,53.35675],[19.95364,53.35695]]}},{"type":"Feature","properties":{"numer":"1286N","klasa":"","kat":"powiatowa"},"geometry":{"type":"LineString","coordinates":[[19.9515,53.2741],[19.95046,53.27365],[19.94959,53.27345],[19.94868,53.27334],[19.94797,53.27343],[19.94573,53.27408],[19.9442,53.27471],[19.94214,53.27581],[19.94068,53.27633],[19.93765,53.27759],[19.93732,53.27784],[19.93592,53.27946],[19.93518,53.27987],[19.92507,53.28317],[19.92353,53.28376],[19.92129,53.28407],[19.91997,53.28456],[19.91937,53.28494],[19.91776,53.28665]]}},{"type":"Feature","properties":{"numer":"1286N","klasa":"","kat":"powiatowa"},"geometry":{"type":"LineString","coordinates":[[19.91776,53.28665],[19.91772,53.2867]]}},{"type":"Feature","properties":{"numer":"1280N","klasa":"droga zbiorcza","kat":"powiatowa"},"geometry":{"type":"LineString","coordinates":[[19.94725,53.32758],[19.94327,53.32882],[19.94241,53.32899],[19.93588,53.32924],[19.92924,53.32989],[19.92087,53.32951],[19.92041,53.32934],[19.91884,53.32844],[19.90812,53.324],[19.90585,53.32358],[19.90279,53.3236],[19.90199,53.32354],[19.89671,53.3224],[19.89345,53.32116],[19.89096,53.32057],[19.88929,53.32025]]}},{"type":"Feature","properties":{"numer":"1280N","klasa":"droga zbiorcza","kat":"powiatowa"},"geometry":{"type":"LineString","coordinates":[[19.94731,53.32755],[19.94725,53.32758]]}},{"type":"Feature","properties":{"numer":"538","klasa":"droga gĹ‚Ăłwna","kat":"wojewodzka"},"geometry":{"type":"LineString","coordinates":[[19.93409,53.37463],[19.93417,53.37403],[19.93649,53.37093],[19.93667,53.37015],[19.93684,53.36825],[19.93717,53.36773],[19.94158,53.36346],[19.94598,53.36054],[19.94941,53.35796],[19.95048,53.35747],[19.95181,53.35714]]}},{"type":"Feature","properties":{"numer":"538","klasa":"droga gĹ‚Ăłwna","kat":"wojewodzka"},"geometry":{"type":"LineString","coordinates":[[19.92945,53.3845],[19.931,53.38365],[19.93325,53.38265],[19.93621,53.3812],[19.93771,53.37964],[19.93745,53.3787],[19.93727,53.37836],[19.93661,53.37762],[19.93639,53.37688],[19.93409,53.37463]]}},{"type":"Feature","properties":{"numer":"1267N","klasa":"droga zbiorcza","kat":"powiatowa"},"geometry":{"type":"LineString","coordinates":[[19.93677,53.41429],[19.93723,53.41363],[19.93798,53.41177],[19.93809,53.41122],[19.93789,53.41077],[19.9357,53.40762],[19.93512,53.406],[19.935,53.40549],[19.93501,53.40278],[19.93426,53.39766],[19.93403,53.39697],[19.93295,53.39513],[19.93127,53.3885],[19.93044,53.38588],[19.93024,53.38554],[19.92953,53.38497],[19.92945,53.3845]]}},{"type":"Feature","properties":{"numer":"1267N","klasa":"droga zbiorcza","kat":"powiatowa"},"geometry":{"type":"LineString","coordinates":[[19.93673,53.41434],[19.93677,53.41429]]}},{"type":"Feature","properties":{"numer":"1267N","klasa":"droga zbiorcza","kat":"powiatowa"},"geometry":{"type":"LineString","coordinates":[[19.93531,53.41573],[19.93673,53.41434]]}},{"type":"Feature","properties":{"numer":"1256N","klasa":"","kat":"powiatowa"},"geometry":{"type":"LineString","coordinates":[[19.93531,53.41573],[19.93609,53.41584]]}},{"type":"Feature","properties":{"numer":"1280N,184008N","klasa":"droga zbiorcza","kat":"powiatowa"},"geometry":{"type":"LineString","coordinates":[[19.8667,53.31161],[19.86661,53.31147]]}},{"type":"Feature","properties":{"numer":"1280N","klasa":"droga zbiorcza","kat":"powiatowa"},"geometry":{"type":"LineString","coordinates":[[19.88905,53.32021],[19.88732,53.31992],[19.88175,53.31863],[19.87412,53.31682],[19.8732,53.31654],[19.86797,53.31383],[19.86752,53.31334],[19.8667,53.31161]]}},{"type":"Feature","properties":{"numer":"1280N","klasa":"droga zbiorcza","kat":"powiatowa"},"geometry":{"type":"LineString","coordinates":[[19.88929,53.32025],[19.88905,53.32021]]}},{"type":"Feature","properties":{"numer":"1274N","klasa":"","kat":"powiatowa"},"geometry":{"type":"LineString","coordinates":[[19.87013,53.3729],[19.87327,53.37158],[19.87745,53.37075],[19.87971,53.37063],[19.88181,53.3697],[19.88452,53.36903],[19.88535,53.36871],[19.88601,53.36833],[19.88641,53.36794],[19.88716,53.36689],[19.8881,53.36584],[19.89141,53.36396],[19.89216,53.3633],[19.89337,53.36194],[19.89443,53.36144],[19.89551,53.3612],[19.90126,53.3611],[19.90359,53.36143],[19.9053,53.36192],[19.90767,53.36224],[19.91063,53.36248],[19.91165,53.3628],[19.91344,53.36402],[19.91445,53.36432],[19.91575,53.3646],[19.91812,53.36482],[19.92307,53.36492],[19.92341,53.3653],[19.92421,53.36584],[19.9253,53.36621],[19.92825,53.36786],[19.92894,53.36971],[19.92972,53.37105],[19.93017,53.37138],[19.93261,53.37265],[19.93319,53.37303],[19.93344,53.3733],[19.9336,53.37412],[19.93409,53.37463]]}},{"type":"Feature","properties":{"numer":"1349N","klasa":"","kat":"powiatowa"},"geometry":{"type":"LineString","coordinates":[[19.87013,53.3729],[19.87115,53.37435],[19.87273,53.37809],[19.87403,53.38032],[19.87534,53.383],[19.87547,53.38346],[19.87511,53.38475],[19.87529,53.38539],[19.87622,53.38653],[19.87708,53.38791],[19.87665,53.38901],[19.87635,53.39092]]}},{"type":"Feature","properties":{"numer":"538","klasa":"droga gĹ‚Ăłwna","kat":"wojewodzka"},"geometry":{"type":"LineString","coordinates":[[19.89847,53.39471],[19.89966,53.39413],[19.89999,53.39351],[19.90025,53.39329],[19.90066,53.39315],[19.90144,53.39307],[19.90216,53.39282],[19.90567,53.39057],[19.90866,53.38885],[19.9098,53.38832],[19.91524,53.38735],[19.9165,53.38705],[19.9177,53.38663],[19.91985,53.38543],[19.92143,53.385],[19.92193,53.38492],[19.92842,53.38462],[19.92945,53.3845]]}},{"type":"Feature","properties":{"numer":"1349N","klasa":"","kat":"powiatowa"},"geometry":{"type":"LineString","coordinates":[[19.87635,53.39092],[19.8763,53.39124]]}},{"type":"Feature","properties":{"numer":"1349N","klasa":"","kat":"powiatowa"},"geometry":{"type":"LineString","coordinates":[[19.8763,53.39124],[19.87612,53.39253],[19.87611,53.39665],[19.87595,53.39739]]}},{"type":"Feature","properties":{"numer":"538","klasa":"droga gĹ‚Ăłwna","kat":"wojewodzka"},"geometry":{"type":"LineString","coordinates":[[19.89816,53.3948],[19.89847,53.39471]]}},{"type":"Feature","properties":{"numer":"538","klasa":"droga gĹ‚Ăłwna","kat":"wojewodzka"},"geometry":{"type":"LineString","coordinates":[[19.87595,53.39739],[19.87953,53.39686],[19.8904,53.39575],[19.89816,53.3948]]}},{"type":"Feature","properties":{"numer":"1274N","klasa":"","kat":"powiatowa"},"geometry":{"type":"LineString","coordinates":[[19.84138,53.37644],[19.84702,53.37717],[19.84901,53.3767],[19.85043,53.37653],[19.85195,53.37651],[19.85272,53.37677],[19.85314,53.37682],[19.85699,53.3768],[19.86166,53.37657],[19.86267,53.37633],[19.86753,53.37395],[19.87013,53.3729]]}},{"type":"Feature","properties":{"numer":"183031N","klasa":"droga dojazdowa","kat":"powiatowa"},"geometry":{"type":"LineString","coordinates":[[19.841039404415913,53.37631057367805],[19.84138,53.37644]]}},{"type":"Feature","properties":{"numer":"538","klasa":"droga gĹ‚Ăłwna","kat":"wojewodzka"},"geometry":{"type":"LineString","coordinates":[[19.84305,53.39891],[19.84346,53.39901]]}},{"type":"Feature","properties":{"numer":"538","klasa":"droga gĹ‚Ăłwna","kat":"wojewodzka"},"geometry":{"type":"LineString","coordinates":[[19.95212,53.35708],[19.95278,53.35691]]}},{"type":"Feature","properties":{"numer":"538","klasa":"droga gĹ‚Ăłwna","kat":"wojewodzka"},"geometry":{"type":"LineString","coordinates":[[19.95181,53.35714],[19.95212,53.35708]]}},{"type":"Feature","properties":{"numer":"1256N","klasa":"","kat":"powiatowa"},"geometry":{"type":"LineString","coordinates":[[19.93617,53.41585],[19.93889,53.41616],[19.94,53.41636],[19.95073,53.42027],[19.9524,53.42082],[19.9539,53.42094],[19.95464,53.42089],[19.9573,53.41979],[19.95899,53.41939],[19.95913,53.41944],[19.95997,53.42058],[19.96005,53.42123],[19.96031,53.4219],[19.96077,53.42215],[19.96132,53.42229],[19.96201,53.42235],[19.96536,53.42233],[19.96621,53.42247],[19.96773,53.4224],[19.9687,53.42262],[19.977416632930943,53.43451540503191]]}},{"type":"Feature","properties":{"numer":"1256N","klasa":"","kat":"powiatowa"},"geometry":{"type":"LineString","coordinates":[[19.93609,53.41584],[19.93617,53.41585]]}},{"type":"Feature","properties":{"numer":"1256N,1267N","klasa":"droga zbiorcza","kat":"powiatowa"},"geometry":{"type":"LineString","coordinates":[[19.93301,53.41753],[19.93383,53.41708],[19.93531,53.41573]]}},{"type":"Feature","properties":{"numer":"1256N","klasa":"","kat":"powiatowa"},"geometry":{"type":"LineString","coordinates":[[19.93216,53.41749],[19.93301,53.41753]]}},{"type":"Feature","properties":{"numer":"1256N","klasa":"","kat":"powiatowa"},"geometry":{"type":"LineString","coordinates":[[19.93216,53.41749],[19.93225,53.41769],[19.93208,53.41793]]}},{"type":"Feature","properties":{"numer":"1256N,1267N","klasa":"droga zbiorcza","kat":"powiatowa"},"geometry":{"type":"LineString","coordinates":[[19.93208,53.41793],[19.93301,53.41753]]}},{"type":"Feature","properties":{"numer":"1267N","klasa":"droga zbiorcza","kat":"powiatowa"},"geometry":{"type":"LineString","coordinates":[[19.920445379838807,53.43409037234839],[19.91988,53.43341],[19.91984,53.43209],[19.9197,53.43158],[19.91849,53.42999],[19.91834,53.42961],[19.9187,53.42867],[19.91915,53.42793],[19.91997,53.42694],[19.9209,53.4252],[19.92105,53.42406],[19.9215,53.42379],[19.92354,53.42316],[19.92409,53.42291],[19.92508,53.42147],[19.9263,53.42075],[19.92766,53.42039],[19.92845,53.42004],[19.92949,53.41993],[19.93087,53.41928],[19.93115,53.41903],[19.93136,53.41828],[19.93208,53.41793]]}},{"type":"Feature","properties":{"numer":"538","klasa":"droga gĹ‚Ăłwna","kat":"wojewodzka"},"geometry":{"type":"LineString","coordinates":[[19.84346,53.39901],[19.84475,53.39901],[19.85623,53.40032],[19.8622,53.39951],[19.87435,53.39755],[19.87595,53.39739]]}},{"type":"Feature","properties":{"numer":"1256N","klasa":"","kat":"powiatowa"},"geometry":{"type":"LineString","coordinates":[[19.89847,53.39471],[19.90171,53.39639],[19.90892,53.40037],[19.90935,53.40087],[19.90944,53.40199],[19.91061,53.40273],[19.91087,53.40308],[19.91142,53.40526],[19.91165,53.40569],[19.91194,53.40594],[19.91293,53.40649],[19.91541,53.40715],[19.92042,53.40908],[19.92147,53.40962],[19.9223,53.41015],[19.92274,53.41064],[19.92434,53.41381],[19.92479,53.41407],[19.92732,53.41509],[19.92984,53.41653],[19.93216,53.41749]]}},{"type":"Feature","properties":{"numer":"1254N","klasa":"","kat":"powiatowa"},"geometry":{"type":"LineString","coordinates":[[19.857874572597204,53.42535225541498],[19.85803,53.4252],[19.8696,53.41831],[19.87172,53.4172],[19.8722,53.41667],[19.87356,53.41448],[19.87714,53.41119],[19.87828,53.41058],[19.87974,53.41008],[19.8824,53.40898],[19.88455,53.40766],[19.88735,53.40496],[19.8887,53.40409],[19.88983,53.40355],[19.89099,53.40263],[19.89428,53.39737],[19.89816,53.3948]]}},{"type":"Feature","properties":{"numer":"538","klasa":"droga gĹ‚Ăłwna","kat":"wojewodzka"},"geometry":{"type":"LineString","coordinates":[[19.833939156219866,53.40363024108004],[19.83422,53.40355],[19.83633,53.40239],[19.838,53.40171],[19.83943,53.40067],[19.84,53.40008],[19.84085,53.39847],[19.84305,53.39891]]}}]}