{"type":"FeatureCollection","features":[{"type":"Feature","properties":{"numer":"1636N","klasa":"","kat":"powiatowa"},"geometry":{"type":"LineString","coordinates":[[21.13714,53.75864],[21.13874,53.75729],[21.14031,53.75658],[21.14165,53.75542],[21.14289,53.75467],[21.14319,53.75436],[21.14631,53.74981],[21.14635,53.74884],[21.14598,53.74783],[21.14637,53.74666],[21.14699,53.74543],[21.14781,53.74413],[21.14969,53.74164],[21.15162,53.73763],[21.1545,53.73449],[21.15515,53.73363]]}},{"type":"Feature","properties":{"numer":"1507N","klasa":"","kat":"powiatowa"},"geometry":{"type":"LineString","coordinates":[[21.117338713523694,53.733473519506326],[21.11711,53.73377],[21.11747,53.7347],[21.11687,53.73552],[21.11686,53.73617],[21.11665,53.73706],[21.11671,53.73733],[21.11725,53.73814],[21.1173,53.73881],[21.11616,53.74049],[21.11513,53.74115],[21.11431,53.74192]]}},{"type":"Feature","properties":{"numer":"600","klasa":"droga zbiorcza","kat":"wojewodzka"},"geometry":{"type":"LineString","coordinates":[[21.11431,53.74192],[21.113483455403607,53.74087437129372]]}},{"type":"Feature","properties":{"numer":"16","klasa":"droga gĹ‚Ăłwna ruchu przyĹ›pieszonego","kat":"krajowa"},"geometry":{"type":"LineString","coordinates":[[21.0784,53.83157],[21.078348844433915,53.83156551970859]]}},{"type":"Feature","properties":{"numer":"58","klasa":"droga gĹ‚Ăłwna","kat":"krajowa"},"geometry":{"type":"LineString","coordinates":[[21.22456084130331,53.660685861565895],[21.22755,53.66137],[21.230760582441707,53.66236218455108]]}},{"type":"Feature","properties":{"numer":"1681N","klasa":"droga zbiorcza","kat":"powiatowa"},"geometry":{"type":"LineString","coordinates":[[21.2644,53.65803],[21.264479148936168,53.65788489361702]]}},{"type":"Feature","properties":{"numer":"1681N","klasa":"","kat":"powiatowa"},"geometry":{"type":"LineString","coordinates":[[21.2578,53.6708],[21.25855,53.66618],[21.25879,53.66536],[21.25925,53.66477],[21.26331,53.66054],[21.2644,53.65803]]}},{"type":"Feature","properties":{"numer":"58","klasa":"droga gĹ‚Ăłwna","kat":"krajowa"},"geometry":{"type":"LineString","coordinates":[[21.249901234625497,53.67048361459835],[21.25141,53.672],[21.25203,53.67239],[21.2535,53.6728],[21.25462,53.67302],[21.25569,53.67302],[21.25681,53.67288]]}},{"type":"Feature","properties":{"numer":"1681N","klasa":"","kat":"powiatowa"},"geometry":{"type":"LineString","coordinates":[[21.25845,53.67238],[21.25799,53.67178],[21.2578,53.6708]]}},{"type":"Feature","properties":{"numer":"1681N","klasa":"","kat":"powiatowa"},"geometry":{"type":"LineString","coordinates":[[21.25867,53.67272],[21.25845,53.67238]]}},{"type":"Feature","properties":{"numer":"58","klasa":"droga gĹ‚Ăłwna","kat":"krajowa"},"geometry":{"type":"LineString","coordinates":[[21.25681,53.67288],[21.25818,53.6727],[21.25867,53.67272]]}},{"type":"Feature","properties":{"numer":"58","klasa":"droga gĹ‚Ăłwna","kat":"krajowa"},"geometry":{"type":"LineString","coordinates":[[21.25867,53.67272],[21.25927,53.67296],[21.25999,53.67366],[21.26044,53.67464],[21.26076,53.67495],[21.26292,53.67596],[21.26352,53.67656]]}},{"type":"Feature","properties":{"numer":"58","klasa":"droga gĹ‚Ăłwna","kat":"krajowa"},"geometry":{"type":"LineString","coordinates":[[21.2923,53.67235],[21.28925,53.67204],[21.28794,53.67198],[21.28213,53.67267],[21.27681,53.67406],[21.26503,53.67744]]}},{"type":"Feature","properties":{"numer":"58","klasa":"droga gĹ‚Ăłwna","kat":"krajowa"},"geometry":{"type":"LineString","coordinates":[[21.26356,53.67664],[21.26352,53.67656]]}},{"type":"Feature","properties":{"numer":"58","klasa":"droga gĹ‚Ăłwna","kat":"krajowa"},"geometry":{"type":"LineString","coordinates":[[21.26367,53.67702],[21.26356,53.67664]]}},{"type":"Feature","properties":{"numer":"58","klasa":"droga gĹ‚Ăłwna","kat":"krajowa"},"geometry":{"type":"LineString","coordinates":[[21.26369,53.67711],[21.26367,53.67702]]}},{"type":"Feature","properties":{"numer":"58","klasa":"droga gĹ‚Ăłwna","kat":"krajowa"},"geometry":{"type":"LineString","coordinates":[[21.26395,53.67757],[21.26369,53.67711]]}},{"type":"Feature","properties":{"numer":"58","klasa":"droga gĹ‚Ăłwna","kat":"krajowa"},"geometry":{"type":"LineString","coordinates":[[21.26503,53.67744],[21.26455,53.67768]]}},{"type":"Feature","properties":{"numer":"58","klasa":"droga gĹ‚Ăłwna","kat":"krajowa"},"geometry":{"type":"LineString","coordinates":[[21.26395,53.67757],[21.26426,53.67771]]}},{"type":"Feature","properties":{"numer":"58","klasa":"droga gĹ‚Ăłwna","kat":"krajowa"},"geometry":{"type":"LineString","coordinates":[[21.26455,53.67768],[21.26443,53.67777]]}},{"type":"Feature","properties":{"numer":"58","klasa":"droga gĹ‚Ăłwna","kat":"krajowa"},"geometry":{"type":"LineString","coordinates":[[21.26443,53.67777],[21.26426,53.67771]]}},{"type":"Feature","properties":{"numer":"601","klasa":"droga zbiorcza","kat":"wojewodzka"},"geometry":{"type":"LineString","coordinates":[[21.26443,53.67777],[21.26457,53.67784]]}},{"type":"Feature","properties":{"numer":"1638N","klasa":"","kat":"powiatowa"},"geometry":{"type":"LineString","coordinates":[[21.26443,53.67777],[21.26433,53.67786]]}},{"type":"Feature","properties":{"numer":"1498N","klasa":"","kat":"powiatowa"},"geometry":{"type":"LineString","coordinates":[[21.213799512445647,53.683253201287364],[21.21508,53.6836],[21.21633,53.68366],[21.21701,53.68379],[21.21857,53.68379],[21.21875,53.68374],[21.21887,53.68359],[21.21892,53.68271],[21.21917,53.68247],[21.21949,53.68247],[21.21993,53.68267],[21.22144,53.68262],[21.22333,53.68287],[21.22429,53.68265],[21.22475,53.68264],[21.22518,53.68245],[21.22553,53.68212],[21.22557,53.68125],[21.22582,53.681],[21.22753,53.68066],[21.22942,53.6801],[21.23275,53.67976],[21.23345,53.67992],[21.23389,53.68044],[21.23529,53.68159],[21.23595,53.68196],[21.23711,53.68238],[21.23737,53.68257],[21.23816,53.68248],[21.23992,53.68201],[21.24317,53.68151],[21.24423,53.68113],[21.2452,53.68055],[21.25354,53.67652],[21.25432,53.67584],[21.25543,53.67459],[21.25589,53.67428],[21.25686,53.67336],[21.25681,53.67288]]}},{"type":"Feature","properties":{"numer":"1912N","klasa":"","kat":"powiatowa"},"geometry":{"type":"LineString","coordinates":[[21.20173,53.71782],[21.20192,53.7173],[21.20274,53.71659],[21.20323,53.71598],[21.20355,53.7137],[21.20333,53.71305],[21.20217,53.7121],[21.20205,53.71189],[21.20198,53.71149],[21.20221,53.71044],[21.20118,53.70895],[21.20073,53.70772],[21.2007,53.70698],[21.20094,53.70606],[21.20357,53.70256],[21.20302,53.70151],[21.20292,53.70079],[21.20304,53.70025],[21.20288,53.69951],[21.20144,53.69773],[21.20103,53.69744],[21.19952,53.6967],[21.19890452513966,53.69616480446927]]}},{"type":"Feature","properties":{"numer":"1636N","klasa":"","kat":"powiatowa"},"geometry":{"type":"LineString","coordinates":[[21.20072,53.71757],[21.20173,53.71782]]}},{"type":"Feature","properties":{"numer":"1636N","klasa":"","kat":"powiatowa"},"geometry":{"type":"LineString","coordinates":[[21.20173,53.71782],[21.2048,53.71924],[21.20671,53.71992],[21.20898,53.7205],[21.21071,53.72121],[21.21143,53.72175],[21.21358,53.72418],[21.21369,53.72479],[21.21217,53.73415],[21.21241,53.73556],[21.21293,53.73646],[21.21334,53.73676],[21.21614,53.73822],[21.22423,53.7415],[21.22453,53.7417],[21.22474,53.74201]]}},{"type":"Feature","properties":{"numer":"1636N","klasa":"","kat":"powiatowa"},"geometry":{"type":"LineString","coordinates":[[21.22474,53.74201],[21.22476,53.74205]]}},{"type":"Feature","properties":{"numer":"1636N","klasa":"","kat":"powiatowa"},"geometry":{"type":"LineString","coordinates":[[21.22476,53.74205],[21.22512,53.74257],[21.2271,53.74387],[21.22967,53.74624],[21.23021,53.74721],[21.23035,53.74861],[21.2308,53.75],[21.2317,53.75176],[21.23202,53.75206],[21.23432,53.7532],[21.2349,53.75335],[21.23807,53.75316],[21.23961,53.75297],[21.2409,53.75308],[21.24276,53.75408],[21.24421,53.7552],[21.24597,53.75566]]}},{"type":"Feature","properties":{"numer":"1773N","klasa":"droga zbiorcza","kat":"powiatowa"},"geometry":{"type":"LineString","coordinates":[[21.43636,53.65123],[21.43736,53.64915],[21.43737,53.64843],[21.434550887172435,53.6367193815243]]}},{"type":"Feature","properties":{"numer":"58","klasa":"droga gĹ‚Ăłwna","kat":"krajowa"},"geometry":{"type":"LineString","coordinates":[[21.43795,53.65198],[21.44004,53.65205],[21.44129,53.65195],[21.44216,53.65172],[21.44353,53.65121],[21.44445,53.65098],[21.45651,53.64867],[21.45786,53.64871],[21.46824,53.65016]]}},{"type":"Feature","properties":{"numer":"58","klasa":"droga gĹ‚Ăłwna","kat":"krajowa"},"geometry":{"type":"LineString","coordinates":[[21.37849,53.65256],[21.37916,53.65191],[21.38003,53.65063],[21.38049,53.65014],[21.38129,53.64962],[21.38242,53.64909],[21.38324,53.64885],[21.38423,53.64871],[21.38711,53.64843],[21.38904,53.64836],[21.39043,53.64848],[21.39238,53.64905],[21.39382,53.64896],[21.39443,53.64905],[21.39864,53.6508],[21.40127,53.65206],[21.40211,53.65226],[21.40469,53.65255],[21.40601,53.65249],[21.41401,53.65166],[21.41527,53.65168],[21.41817,53.65194],[21.42769,53.652],[21.4291,53.65191],[21.43393,53.65133],[21.43513,53.65134],[21.43621,53.65149]]}},{"type":"Feature","properties":{"numer":"58","klasa":"droga gĹ‚Ăłwna","kat":"krajowa"},"geometry":{"type":"LineString","coordinates":[[21.37818,53.65282],[21.37849,53.65256]]}},{"type":"Feature","properties":{"numer":"59","klasa":"droga gĹ‚Ăłwna","kat":"krajowa"},"geometry":{"type":"LineString","coordinates":[[21.34505,53.65745],[21.34004,53.65421],[21.33918,53.65328],[21.33091,53.6352],[21.33052,53.63407],[21.33057,53.6336],[21.33084,53.63306],[21.332145041882402,53.6310241817344]]}},{"type":"Feature","properties":{"numer":"1771N","klasa":"","kat":"powiatowa"},"geometry":{"type":"LineString","coordinates":[[21.31944064058834,53.62914781580867],[21.31815,53.63103],[21.31749,53.63171],[21.31578,53.63298],[21.31363,53.63388],[21.31271,53.63439],[21.31122,53.63583],[21.30873,53.63796],[21.30752,53.63886],[21.30588,53.64055],[21.30534,53.64151],[21.30512,53.64251],[21.305,53.64428],[21.30431,53.64575],[21.30143,53.65053],[21.30084,53.65101],[21.29907,53.65358],[21.29817,53.65436],[21.29794,53.65467],[21.29651,53.65761]]}},{"type":"Feature","properties":{"numer":"59","klasa":"droga gĹ‚Ăłwna","kat":"krajowa"},"geometry":{"type":"LineString","coordinates":[[21.34505,53.65745],[21.34556,53.65749]]}},{"type":"Feature","properties":{"numer":"59","klasa":"droga gĹ‚Ăłwna","kat":"krajowa"},"geometry":{"type":"LineString","coordinates":[[21.3452,53.65788],[21.34505,53.65745]]}},{"type":"Feature","properties":{"numer":"58,59","klasa":"droga gĹ‚Ăłwna","kat":"gminna"},"geometry":{"type":"LineString","coordinates":[[21.3452,53.65788],[21.34556,53.65749]]}},{"type":"Feature","properties":{"numer":"1771N","klasa":"","kat":"powiatowa"},"geometry":{"type":"LineString","coordinates":[[21.29651,53.65761],[21.29625,53.65803]]}},{"type":"Feature","properties":{"numer":"1771N","klasa":"","kat":"powiatowa"},"geometry":{"type":"LineString","coordinates":[[21.29625,53.65803],[21.29607,53.65868]]}},{"type":"Feature","properties":{"numer":"1771N","klasa":"","kat":"powiatowa"},"geometry":{"type":"LineString","coordinates":[[21.29607,53.65868],[21.29596,53.65913]]}},{"type":"Feature","properties":{"numer":"58,59","klasa":"droga gĹ‚Ăłwna","kat":"gminna"},"geometry":{"type":"LineString","coordinates":[[21.34341,53.66418],[21.34371,53.66271],[21.34502,53.66124],[21.3452,53.65788]]}},{"type":"Feature","properties":{"numer":"58,59","klasa":"droga gĹ‚Ăłwna","kat":"gminna"},"geometry":{"type":"LineString","coordinates":[[21.34335,53.66544],[21.34341,53.66418]]}},{"type":"Feature","properties":{"numer":"58","klasa":"droga gĹ‚Ăłwna","kat":"krajowa"},"geometry":{"type":"LineString","coordinates":[[21.34341,53.66418],[21.3429,53.66521],[21.34236,53.66577]]}},{"type":"Feature","properties":{"numer":"58","klasa":"droga gĹ‚Ăłwna","kat":"krajowa"},"geometry":{"type":"LineString","coordinates":[[21.34236,53.66577],[21.34335,53.66544]]}},{"type":"Feature","properties":{"numer":"1771N","klasa":"","kat":"powiatowa"},"geometry":{"type":"LineString","coordinates":[[21.29596,53.65913],[21.29529,53.66236],[21.29607,53.66384],[21.29626,53.66455],[21.29564,53.66617],[21.29406,53.66916],[21.2936,53.66976],[21.2923,53.67235]]}},{"type":"Feature","properties":{"numer":"58","klasa":"droga gĹ‚Ăłwna","kat":"krajowa"},"geometry":{"type":"LineString","coordinates":[[21.34236,53.66577],[21.34126,53.66624],[21.34033,53.66679],[21.33974,53.66694],[21.33851,53.66703],[21.33724,53.66769],[21.33686,53.668],[21.33632,53.66887],[21.33498,53.67036],[21.33457,53.67062],[21.33393,53.67081],[21.33338,53.67087],[21.33268,53.67083],[21.32632,53.66979],[21.32498,53.66972],[21.31861,53.67086],[21.31369,53.67149],[21.30935,53.6725],[21.30738,53.67258],[21.2998,53.6726]]}},{"type":"Feature","properties":{"numer":"58","klasa":"droga gĹ‚Ăłwna","kat":"krajowa"},"geometry":{"type":"LineString","coordinates":[[21.2998,53.6726],[21.29521,53.6726],[21.2923,53.67235]]}},{"type":"Feature","properties":{"numer":"59","klasa":"droga gĹ‚Ăłwna","kat":"krajowa"},"geometry":{"type":"LineString","coordinates":[[21.34833,53.68761],[21.34906,53.68477],[21.34846,53.68292],[21.34968,53.67921],[21.35001,53.67772],[21.35002,53.67434],[21.34925,53.67325],[21.34688,53.67058],[21.34442,53.66589],[21.34418,53.66572],[21.34356,53.66557],[21.34335,53.66544]]}},{"type":"Feature","properties":{"numer":"1771N","klasa":"","kat":"powiatowa"},"geometry":{"type":"LineString","coordinates":[[21.2998,53.6726],[21.30116,53.67393],[21.30265,53.67639],[21.30332,53.6773],[21.30545,53.6787],[21.30579,53.67914],[21.30589,53.67948],[21.30573,53.68069],[21.30594,53.68119],[21.30587,53.68167],[21.30545,53.68229],[21.30472,53.68281],[21.3039,53.68367],[21.30367,53.68429],[21.30338,53.68463],[21.30243,53.6855],[21.30177,53.68714],[21.30196,53.68829],[21.30184,53.68877],[21.30204,53.68986],[21.30202,53.69088],[21.30243,53.69206],[21.3023,53.69414],[21.30236,53.69483],[21.30207,53.69705]]}},{"type":"Feature","properties":{"numer":"59","klasa":"droga gĹ‚Ăłwna","kat":"krajowa"},"geometry":{"type":"LineString","coordinates":[[21.34831,53.68768],[21.34833,53.68761]]}},{"type":"Feature","properties":{"numer":"1771N","klasa":"","kat":"powiatowa"},"geometry":{"type":"LineString","coordinates":[[21.29909,53.69925],[21.30071,53.69807],[21.30154,53.69733],[21.30207,53.69705]]}},{"type":"Feature","properties":{"numer":"59","klasa":"droga gĹ‚Ăłwna","kat":"krajowa"},"geometry":{"type":"LineString","coordinates":[[21.33323,53.71155],[21.33556,53.71027],[21.33828,53.70802],[21.34078,53.7062],[21.34115,53.70583],[21.34144,53.70522],[21.34149,53.70482],[21.33993,53.69861],[21.34085,53.6974],[21.34169,53.69662],[21.34263,53.69543],[21.34338,53.69506],[21.34394,53.69489],[21.34561,53.69476],[21.34599,53.69455],[21.34625,53.69368],[21.34805,53.69042],[21.34807,53.68857],[21.34831,53.68768]]}},{"type":"Feature","properties":{"numer":"601","klasa":"droga zbiorcza","kat":"wojewodzka"},"geometry":{"type":"LineString","coordinates":[[21.29909,53.69925],[21.29971,53.69945],[21.30059,53.70023],[21.3014,53.70121],[21.30244,53.70204],[21.30355,53.70276],[21.30374,53.70303],[21.3039,53.70379],[21.30433,53.70425],[21.30634,53.70558],[21.3087,53.70653],[21.30902,53.70672],[21.30919,53.70701],[21.30984,53.7103],[21.30998,53.71053],[21.3114,53.71115],[21.31494,53.71309],[21.31727,53.71477]]}},{"type":"Feature","properties":{"numer":"1640N","klasa":"","kat":"powiatowa"},"geometry":{"type":"LineString","coordinates":[[21.33323,53.71155],[21.34329,53.71211],[21.34502,53.71195],[21.34616,53.71217],[21.34731,53.71226],[21.35514,53.71255],[21.35841,53.71278],[21.36315,53.71293],[21.36375,53.71304],[21.36496,53.71372],[21.36523,53.71377],[21.36974,53.7133]]}},{"type":"Feature","properties":{"numer":"59","klasa":"droga gĹ‚Ăłwna","kat":"krajowa"},"geometry":{"type":"LineString","coordinates":[[21.31899,53.71501],[21.32218,53.71474],[21.32272,53.71455],[21.32364,53.714],[21.3264,53.71324],[21.3287,53.7132],[21.32951,53.71309],[21.33173,53.71228],[21.33323,53.71155]]}},{"type":"Feature","properties":{"numer":"601","klasa":"droga zbiorcza","kat":"wojewodzka"},"geometry":{"type":"LineString","coordinates":[[21.31727,53.71477],[21.31742,53.71485]]}},{"type":"Feature","properties":{"numer":"601","klasa":"droga zbiorcza","kat":"wojewodzka"},"geometry":{"type":"LineString","coordinates":[[21.31742,53.71485],[21.31798,53.71507]]}},{"type":"Feature","properties":{"numer":"59","klasa":"droga gĹ‚Ăłwna","kat":"krajowa"},"geometry":{"type":"LineString","coordinates":[[21.31899,53.71501],[21.31836,53.71509]]}},{"type":"Feature","properties":{"numer":"601","klasa":"droga zbiorcza","kat":"wojewodzka"},"geometry":{"type":"LineString","coordinates":[[21.31798,53.71507],[21.31818,53.71513]]}},{"type":"Feature","properties":{"numer":"59","klasa":"droga gĹ‚Ăłwna","kat":"krajowa"},"geometry":{"type":"LineString","coordinates":[[21.31836,53.71509],[21.31818,53.71513]]}},{"type":"Feature","properties":{"numer":"59","klasa":"droga gĹ‚Ăłwna","kat":"krajowa"},"geometry":{"type":"LineString","coordinates":[[21.31823,53.71525],[21.31818,53.71513]]}},{"type":"Feature","properties":{"numer":"59","klasa":"droga gĹ‚Ăłwna","kat":"krajowa"},"geometry":{"type":"LineString","coordinates":[[21.31843,53.71566],[21.31823,53.71525]]}},{"type":"Feature","properties":{"numer":"1638N","klasa":"","kat":"powiatowa"},"geometry":{"type":"LineString","coordinates":[[21.31727,53.71477],[21.31702,53.71486],[21.31581,53.71491],[21.31014,53.71561],[21.3091,53.71565],[21.30678,53.7156],[21.30464,53.71596],[21.30401,53.71592],[21.30184,53.71546],[21.29958,53.71526],[21.29908,53.71527],[21.2983,53.7154],[21.29601,53.71621]]}},{"type":"Feature","properties":{"numer":"1638N","klasa":"","kat":"powiatowa"},"geometry":{"type":"LineString","coordinates":[[21.29574,53.7161],[21.29601,53.71621]]}},{"type":"Feature","properties":{"numer":"59","klasa":"droga gĹ‚Ăłwna","kat":"krajowa"},"geometry":{"type":"LineString","coordinates":[[21.33506,53.74353],[21.33508,53.74316],[21.33581,53.74131],[21.33579,53.74094],[21.33448,53.7387],[21.32963,53.7293],[21.32866,53.7278],[21.32724,53.726],[21.32539,53.72434],[21.32312,53.7217],[21.32059,53.72031],[21.31883,53.71671],[21.31843,53.71566]]}},{"type":"Feature","properties":{"numer":"1769N","klasa":"","kat":"powiatowa"},"geometry":{"type":"LineString","coordinates":[[21.29601,53.71621],[21.28884,53.72071],[21.28605,53.72336],[21.2847,53.72429],[21.28204,53.72556],[21.27838,53.72675],[21.27779,53.72708],[21.27634,53.72823],[21.27769,53.7291],[21.27998,53.73003],[21.28615,53.73419],[21.29131,53.7371],[21.29353,53.73826],[21.29489,53.73887],[21.29895,53.74032],[21.29913,53.74072],[21.29925,53.74289],[21.30025,53.74584],[21.30053,53.74596],[21.30088,53.74595],[21.31326,53.74359],[21.31672,53.74307],[21.31877,53.74225],[21.32054,53.74189],[21.3214,53.7418],[21.32282,53.74177],[21.32488,53.74201],[21.32832,53.74221],[21.33296,53.74285],[21.33426,53.74321],[21.33506,53.74353]]}},{"type":"Feature","properties":{"numer":"59","klasa":"droga gĹ‚Ăłwna","kat":"krajowa"},"geometry":{"type":"LineString","coordinates":[[21.34113,53.74816],[21.34085,53.74785],[21.33809,53.74619],[21.3357,53.74448],[21.33506,53.74353]]}},{"type":"Feature","properties":{"numer":"610","klasa":"droga zbiorcza","kat":"wojewodzka"},"geometry":{"type":"LineString","coordinates":[[21.34113,53.74816],[21.34181,53.74812]]}},{"type":"Feature","properties":{"numer":"59","klasa":"droga gĹ‚Ăłwna","kat":"krajowa"},"geometry":{"type":"LineString","coordinates":[[21.33806,53.7642],[21.34054,53.7575],[21.34138,53.75012],[21.34131,53.74972],[21.34074,53.7489],[21.34113,53.74816]]}},{"type":"Feature","properties":{"numer":"58","klasa":"droga gĹ‚Ăłwna","kat":"krajowa"},"geometry":{"type":"LineString","coordinates":[[21.34556,53.65749],[21.34738,53.65694],[21.36222,53.65341],[21.36346,53.65337],[21.37161,53.6537],[21.37377,53.65372],[21.37683,53.65355],[21.37755,53.65331],[21.37818,53.65282]]}},{"type":"Feature","properties":{"numer":"1640N","klasa":"","kat":"powiatowa"},"geometry":{"type":"LineString","coordinates":[[21.36974,53.7133],[21.3713,53.7127],[21.37301,53.71172],[21.37507,53.71081],[21.37842,53.70993]]}},{"type":"Feature","properties":{"numer":"1640N","klasa":"","kat":"powiatowa"},"geometry":{"type":"LineString","coordinates":[[21.36974,53.7133],[21.3711,53.71335]]}},{"type":"Feature","properties":{"numer":"1640N","klasa":"","kat":"powiatowa"},"geometry":{"type":"LineString","coordinates":[[21.3711,53.71335],[21.3716,53.7137],[21.37218,53.71482],[21.37256,53.71511],[21.3779,53.71641],[21.38011,53.71756],[21.37995,53.71866],[21.38014,53.71914],[21.3826,53.72139],[21.38333,53.72218],[21.38473,53.72338],[21.38687,53.72555],[21.38736,53.72589],[21.38868,53.72732]]}},{"type":"Feature","properties":{"numer":"610","klasa":"droga zbiorcza","kat":"wojewodzka"},"geometry":{"type":"LineString","coordinates":[[21.38868,53.72732],[21.3899,53.72674],[21.39057,53.72653],[21.39436,53.72618],[21.39553,53.726],[21.39931,53.72434],[21.40542,53.7238],[21.41084,53.72376],[21.41209,53.72366],[21.41382,53.72326],[21.41583,53.72245]]}},{"type":"Feature","properties":{"numer":"610","klasa":"droga zbiorcza","kat":"wojewodzka"},"geometry":{"type":"LineString","coordinates":[[21.34181,53.74812],[21.34584,53.7467],[21.3596,53.7412],[21.36213,53.74011],[21.37283,53.73518],[21.38868,53.72732]]}},{"type":"Feature","properties":{"numer":"1765N","klasa":"droga zbiorcza","kat":"powiatowa"},"geometry":{"type":"LineString","coordinates":[[21.35207,53.76682],[21.35312,53.76643],[21.35766,53.76392],[21.35843,53.7637],[21.36277,53.76314],[21.37601,53.76166],[21.37671,53.76151],[21.37773,53.76117],[21.3808,53.75985],[21.38128,53.7597],[21.38174,53.75965],[21.38243,53.75973],[21.38321,53.76001],[21.38416,53.76021],[21.38719,53.76021],[21.38777,53.76042],[21.3889,53.76132],[21.38955,53.76154],[21.39414,53.76181],[21.39504,53.76194],[21.39703,53.76266],[21.40097,53.7643],[21.40167,53.7645],[21.40297,53.76447],[21.41215,53.7631],[21.41339,53.76296],[21.41378,53.76298],[21.41478,53.76318],[21.417,53.76379],[21.42483,53.76604],[21.42633,53.76635]]}},{"type":"Feature","properties":{"numer":"1749N","klasa":"","kat":"powiatowa"},"geometry":{"type":"LineString","coordinates":[[21.38765,53.82877],[21.39012,53.82674],[21.3903,53.82639],[21.38832,53.82258],[21.38817,53.82201],[21.38809,53.8211],[21.38822,53.8205],[21.39001,53.81693],[21.39021,53.81631],[21.38997,53.81578],[21.38881,53.81439],[21.38891,53.81298],[21.38945,53.812],[21.39085,53.81014],[21.39291,53.80797],[21.39344,53.80722],[21.39362,53.80678],[21.39351,53.80596],[21.39359,53.80553],[21.39384,53.80511],[21.39538,53.80342],[21.39576,53.80266],[21.39604,53.80162],[21.39568,53.80061],[21.3957,53.80013],[21.39676,53.7989],[21.40366,53.79376],[21.40474,53.79321],[21.40572,53.79283],[21.40954,53.79151],[21.41351,53.78868],[21.41425,53.78807],[21.4153,53.78609],[21.42107,53.77853],[21.42139,53.77766],[21.42081,53.77581],[21.42079,53.77489],[21.42388,53.76842],[21.42404,53.76821],[21.42593,53.76677],[21.42633,53.76635]]}},{"type":"Feature","properties":{"numer":"1747N","klasa":"","kat":"powiatowa"},"geometry":{"type":"LineString","coordinates":[[21.36561,53.82853],[21.3638,53.8254],[21.36354,53.82462],[21.36435,53.8237],[21.36619,53.82266],[21.36733,53.82189],[21.36806,53.82101],[21.36842,53.81874],[21.36962,53.81426],[21.36961,53.81334],[21.36893,53.81105],[21.36579,53.80566],[21.36578,53.80486],[21.36675,53.80389],[21.36689,53.80368],[21.36682,53.8035],[21.36598,53.80286],[21.3654,53.80214],[21.3648,53.80195],[21.36445,53.80153],[21.3637,53.80111],[21.36353,53.80075],[21.36337,53.79978],[21.36168,53.79783],[21.36044,53.79724],[21.36018,53.79703],[21.35947,53.79521]]}},{"type":"Feature","properties":{"numer":"16","klasa":"droga gĹ‚Ăłwna ruchu przyĹ›pieszonego","kat":"krajowa"},"geometry":{"type":"LineString","coordinates":[[21.38765,53.82877],[21.3882,53.82871],[21.39184,53.82922],[21.39375,53.82909],[21.40017,53.82833],[21.40091,53.82841],[21.40256,53.82887]]}},{"type":"Feature","properties":{"numer":"1765N","klasa":"droga zbiorcza","kat":"powiatowa"},"geometry":{"type":"LineString","coordinates":[[21.24759,53.75698],[21.25439,53.76042],[21.25511,53.76044],[21.25869,53.76015],[21.2621,53.76035],[21.26249,53.76046],[21.26464,53.7615],[21.26859,53.76272],[21.27214,53.76329],[21.27594,53.7641],[21.27648,53.76403],[21.2784,53.76333],[21.28223,53.76163],[21.28358,53.76081],[21.28648,53.76014],[21.29009,53.75887],[21.29179,53.75847],[21.29221,53.75844],[21.29273,53.75852],[21.29414,53.75897],[21.29513,53.75972],[21.29548,53.75987],[21.30322,53.76139],[21.30519,53.76196],[21.30751,53.76289],[21.30815,53.76306],[21.31231,53.7633],[21.31485,53.76385],[21.32101,53.76403],[21.32498,53.76478],[21.32823,53.7652],[21.33526,53.76516],[21.33776,53.76508]]}},{"type":"Feature","properties":{"numer":"59","klasa":"droga gĹ‚Ăłwna","kat":"krajowa"},"geometry":{"type":"LineString","coordinates":[[21.33776,53.76508],[21.33806,53.7642]]}},{"type":"Feature","properties":{"numer":"1765N","klasa":"droga zbiorcza","kat":"powiatowa"},"geometry":{"type":"LineString","coordinates":[[21.33776,53.76508],[21.3436,53.76633],[21.35096,53.76684],[21.35207,53.76682]]}},{"type":"Feature","properties":{"numer":"59","klasa":"droga gĹ‚Ăłwna","kat":"krajowa"},"geometry":{"type":"LineString","coordinates":[[21.33455,53.77795],[21.33702,53.76736],[21.33776,53.76508]]}},{"type":"Feature","properties":{"numer":"1747N","klasa":"","kat":"powiatowa"},"geometry":{"type":"LineString","coordinates":[[21.35861,53.78901],[21.35906,53.78743],[21.3589,53.78704],[21.35765,53.78518],[21.35709,53.7835],[21.35717,53.78305],[21.35761,53.7825],[21.35769,53.77943],[21.35648,53.77678],[21.3565,53.77515],[21.35633,53.77481],[21.35528,53.77365],[21.35491,53.77216],[21.35507,53.77077],[21.35497,53.77037],[21.35347,53.76836],[21.35207,53.76682]]}},{"type":"Feature","properties":{"numer":"1767N","klasa":"","kat":"powiatowa"},"geometry":{"type":"LineString","coordinates":[[21.27637,53.78983],[21.28278,53.78531],[21.2861,53.78372],[21.28739,53.78334],[21.31922,53.77888],[21.32041,53.77886],[21.32232,53.77924],[21.32497,53.77859],[21.32832,53.77809],[21.33398,53.77779],[21.33432,53.77782],[21.33455,53.77795]]}},{"type":"Feature","properties":{"numer":"1747N","klasa":"","kat":"powiatowa"},"geometry":{"type":"LineString","coordinates":[[21.35947,53.79521],[21.35922,53.7935],[21.35893,53.79285],[21.359,53.79257],[21.35934,53.79215],[21.35934,53.79198],[21.35861,53.7907],[21.35843,53.7895],[21.35861,53.78901]]}},{"type":"Feature","properties":{"numer":"59","klasa":"droga gĹ‚Ăłwna","kat":"krajowa"},"geometry":{"type":"LineString","coordinates":[[21.30546,53.8281],[21.30507,53.82643],[21.30613,53.82203],[21.30654,53.82111],[21.30939,53.81592],[21.32714,53.80102],[21.32783,53.80033],[21.32972,53.79805],[21.33136,53.79167],[21.33455,53.77795]]}},{"type":"Feature","properties":{"numer":"1914N","klasa":"","kat":"powiatowa"},"geometry":{"type":"LineString","coordinates":[[21.3259,53.81434],[21.3277,53.81468]]}},{"type":"Feature","properties":{"numer":"1914N","klasa":"","kat":"powiatowa"},"geometry":{"type":"LineString","coordinates":[[21.3277,53.81468],[21.32804,53.81467],[21.32873,53.81485]]}},{"type":"Feature","properties":{"numer":"1914N","klasa":"","kat":"powiatowa"},"geometry":{"type":"LineString","coordinates":[[21.3259,53.81434],[21.32499,53.81421],[21.324,53.81485],[21.32287,53.81534],[21.32189,53.81631],[21.32096,53.81705],[21.3206,53.8178],[21.32031,53.81803],[21.31944,53.81826],[21.3169,53.81854],[21.31599,53.81886],[21.31561,53.8191],[21.31523,53.81944],[21.31509,53.82009],[21.31407,53.82117],[21.31385,53.82176],[21.31308,53.82234],[21.31178,53.82382],[21.31065,53.8261],[21.31032,53.82645],[21.30961,53.82682],[21.30546,53.8281]]}},{"type":"Feature","properties":{"numer":"1767N","klasa":"","kat":"powiatowa"},"geometry":{"type":"LineString","coordinates":[[21.30546,53.8281],[21.30429,53.82818]]}},{"type":"Feature","properties":{"numer":"1767N","klasa":"","kat":"powiatowa"},"geometry":{"type":"LineString","coordinates":[[21.30429,53.82818],[21.30417,53.82818]]}},{"type":"Feature","properties":{"numer":"59","klasa":"droga gĹ‚Ăłwna","kat":"krajowa"},"geometry":{"type":"LineString","coordinates":[[21.30969,53.84073],[21.31079,53.83791],[21.31073,53.837],[21.31005,53.8359],[21.30727,53.83288],[21.30673,53.83217],[21.30546,53.8281]]}},{"type":"Feature","properties":{"numer":"16","klasa":"droga gĹ‚Ăłwna ruchu przyĹ›pieszonego","kat":"krajowa"},"geometry":{"type":"LineString","coordinates":[[21.32017,53.84159],[21.32057,53.84149],[21.3226,53.84049],[21.32703,53.83764],[21.32758,53.83712],[21.32869,53.83559],[21.32925,53.83519],[21.33528,53.83266],[21.35371,53.82798],[21.35519,53.82784],[21.35856,53.82798],[21.36315,53.82853],[21.36561,53.82853]]}},{"type":"Feature","properties":{"numer":"59","klasa":"droga gĹ‚Ăłwna","kat":"krajowa"},"geometry":{"type":"LineString","coordinates":[[21.30946,53.84109],[21.30969,53.84073]]}},{"type":"Feature","properties":{"numer":"59","klasa":"droga gĹ‚Ăłwna","kat":"krajowa"},"geometry":{"type":"LineString","coordinates":[[21.3093,53.84123],[21.30946,53.84109]]}},{"type":"Feature","properties":{"numer":"16","klasa":"droga gĹ‚Ăłwna ruchu przyĹ›pieszonego","kat":"krajowa"},"geometry":{"type":"LineString","coordinates":[[21.30958,53.84132],[21.3093,53.84123]]}},{"type":"Feature","properties":{"numer":"16","klasa":"droga gĹ‚Ăłwna ruchu przyĹ›pieszonego","kat":"krajowa"},"geometry":{"type":"LineString","coordinates":[[21.3093,53.84123],[21.30903,53.84134]]}},{"type":"Feature","properties":{"numer":"16,59","klasa":"droga gĹ‚Ăłwna ruchu przyĹ›pieszonego","kat":"gminna"},"geometry":{"type":"LineString","coordinates":[[21.30933,53.84142],[21.3093,53.84123]]}},{"type":"Feature","properties":{"numer":"16","klasa":"droga gĹ‚Ăłwna ruchu przyĹ›pieszonego","kat":"krajowa"},"geometry":{"type":"LineString","coordinates":[[21.40256,53.82887],[21.40267,53.8289]]}},{"type":"Feature","properties":{"numer":"16","klasa":"droga gĹ‚Ăłwna ruchu przyĹ›pieszonego","kat":"krajowa"},"geometry":{"type":"LineString","coordinates":[[21.38506,53.83001],[21.38651,53.82949],[21.38765,53.82877]]}},{"type":"Feature","properties":{"numer":"16","klasa":"droga gĹ‚Ăłwna ruchu przyĹ›pieszonego","kat":"krajowa"},"geometry":{"type":"LineString","coordinates":[[21.36561,53.82853],[21.3675,53.8291],[21.36834,53.82952],[21.37011,53.83076],[21.37118,53.83168],[21.37158,53.8319]]}},{"type":"Feature","properties":{"numer":"16","klasa":"droga gĹ‚Ăłwna ruchu przyĹ›pieszonego","kat":"krajowa"},"geometry":{"type":"LineString","coordinates":[[21.3834,53.83054],[21.38506,53.83001]]}},{"type":"Feature","properties":{"numer":"16,1749N","klasa":"droga gĹ‚Ăłwna ruchu przyĹ›pieszonego","kat":"gminna"},"geometry":{"type":"LineString","coordinates":[[21.38196,53.83095],[21.3834,53.83054]]}},{"type":"Feature","properties":{"numer":"1749N","klasa":"","kat":"powiatowa"},"geometry":{"type":"LineString","coordinates":[[21.3864,53.83181],[21.38611,53.83115],[21.38521,53.83034],[21.38506,53.83001]]}},{"type":"Feature","properties":{"numer":"16","klasa":"droga gĹ‚Ăłwna ruchu przyĹ›pieszonego","kat":"krajowa"},"geometry":{"type":"LineString","coordinates":[[21.37158,53.8319],[21.37239,53.83202],[21.37937,53.83151],[21.38017,53.8314],[21.38196,53.83095]]}},{"type":"Feature","properties":{"numer":"1747N","klasa":"","kat":"powiatowa"},"geometry":{"type":"LineString","coordinates":[[21.37144,53.83217],[21.37158,53.8319]]}},{"type":"Feature","properties":{"numer":"1747N","klasa":"","kat":"powiatowa"},"geometry":{"type":"LineString","coordinates":[[21.36406,53.85696],[21.36476,53.85644],[21.36494,53.85602],[21.36427,53.85487],[21.36455,53.85381],[21.36456,53.85238],[21.36446,53.85198],[21.36381,53.85108],[21.36408,53.85039],[21.36386,53.84939],[21.36412,53.84911],[21.36496,53.84869],[21.36554,53.84769],[21.36648,53.84681],[21.36678,53.84634],[21.36679,53.84556],[21.36742,53.84487],[21.36738,53.84337],[21.36711,53.84267],[21.36724,53.84175],[21.36871,53.84088],[21.37024,53.83961],[21.37135,53.83926],[21.3726,53.83835],[21.37281,53.83809],[21.37329,53.83682],[21.37369,53.83486],[21.37339,53.83447],[21.37287,53.8341],[21.37144,53.83217]]}},{"type":"Feature","properties":{"numer":"1747N","klasa":"","kat":"powiatowa"},"geometry":{"type":"LineString","coordinates":[[21.36211,53.85667],[21.36358,53.85675],[21.36406,53.85696]]}},{"type":"Feature","properties":{"numer":"16","klasa":"droga gĹ‚Ăłwna ruchu przyĹ›pieszonego","kat":"krajowa"},"geometry":{"type":"LineString","coordinates":[[21.31012,53.84145],[21.30958,53.84132]]}},{"type":"Feature","properties":{"numer":"S16","klasa":"droga gĹ‚Ăłwna ruchu przyĹ›pieszonego","kat":"krajowa"},"geometry":{"type":"LineString","coordinates":[[21.31033,53.84149],[21.31012,53.84145]]}},{"type":"Feature","properties":{"numer":"16,59","klasa":"droga gĹ‚Ăłwna ruchu przyĹ›pieszonego","kat":"gminna"},"geometry":{"type":"LineString","coordinates":[[21.30931,53.8416],[21.30933,53.84142]]}},{"type":"Feature","properties":{"numer":"16","klasa":"droga gĹ‚Ăłwna ruchu przyĹ›pieszonego","kat":"krajowa"},"geometry":{"type":"LineString","coordinates":[[21.32009,53.84159],[21.32017,53.84159]]}},{"type":"Feature","properties":{"numer":"16","klasa":"droga gĹ‚Ăłwna ruchu przyĹ›pieszonego","kat":"krajowa"},"geometry":{"type":"LineString","coordinates":[[21.31745,53.84169],[21.32009,53.84159]]}},{"type":"Feature","properties":{"numer":"16","klasa":"droga gĹ‚Ăłwna ruchu przyĹ›pieszonego","kat":"krajowa"},"geometry":{"type":"LineString","coordinates":[[21.31033,53.84149],[21.31373,53.84188],[21.31736,53.8417]]}},{"type":"Feature","properties":{"numer":"16","klasa":"droga gĹ‚Ăłwna ruchu przyĹ›pieszonego","kat":"krajowa"},"geometry":{"type":"LineString","coordinates":[[21.31736,53.8417],[21.31745,53.84169]]}},{"type":"Feature","properties":{"numer":"16","klasa":"droga gĹ‚Ăłwna ruchu przyĹ›pieszonego","kat":"krajowa"},"geometry":{"type":"LineString","coordinates":[[21.30903,53.84134],[21.30489,53.84169],[21.30372,53.84187],[21.30148,53.84233],[21.2985,53.84315],[21.29578,53.84417],[21.28759,53.84772]]}},{"type":"Feature","properties":{"numer":"16,59","klasa":"droga gĹ‚Ăłwna ruchu przyĹ›pieszonego","kat":"gminna"},"geometry":{"type":"LineString","coordinates":[[21.30931,53.8416],[21.30843,53.84361],[21.30589,53.84685],[21.30539,53.84804]]}},{"type":"Feature","properties":{"numer":"600","klasa":"droga zbiorcza","kat":"wojewodzka"},"geometry":{"type":"LineString","coordinates":[[21.28747,53.84819],[21.28954,53.85139],[21.2899,53.85175],[21.29217,53.85341],[21.2958,53.85503],[21.29624,53.85541]]}},{"type":"Feature","properties":{"numer":"16","klasa":"droga gĹ‚Ăłwna ruchu przyĹ›pieszonego","kat":"krajowa"},"geometry":{"type":"LineString","coordinates":[[21.28732,53.84782],[21.2871,53.84793]]}},{"type":"Feature","properties":{"numer":"600","klasa":"droga zbiorcza","kat":"wojewodzka"},"geometry":{"type":"LineString","coordinates":[[21.28738,53.84799],[21.28732,53.84782]]}},{"type":"Feature","properties":{"numer":"600","klasa":"droga zbiorcza","kat":"wojewodzka"},"geometry":{"type":"LineString","coordinates":[[21.28747,53.84819],[21.28738,53.84799]]}},{"type":"Feature","properties":{"numer":"16","klasa":"droga gĹ‚Ăłwna ruchu przyĹ›pieszonego","kat":"krajowa"},"geometry":{"type":"LineString","coordinates":[[21.2871,53.84793],[21.2797,53.8515]]}},{"type":"Feature","properties":{"numer":"S16","klasa":"droga ekspresowa","kat":"krajowa"},"geometry":{"type":"LineString","coordinates":[[21.25132,53.85183],[21.24808,53.85047]]}},{"type":"Feature","properties":{"numer":"16","klasa":"droga gĹ‚Ăłwna ruchu przyĹ›pieszonego","kat":"krajowa"},"geometry":{"type":"LineString","coordinates":[[21.2797,53.8515],[21.2793,53.85165]]}},{"type":"Feature","properties":{"numer":"S16","klasa":"droga ekspresowa","kat":"krajowa"},"geometry":{"type":"LineString","coordinates":[[21.2793,53.85165],[21.27889,53.8518]]}},{"type":"Feature","properties":{"numer":"59","klasa":"droga gĹ‚Ăłwna","kat":"krajowa"},"geometry":{"type":"LineString","coordinates":[[21.2794,53.85193],[21.2793,53.85165]]}},{"type":"Feature","properties":{"numer":"S16","klasa":"droga ekspresowa","kat":"krajowa"},"geometry":{"type":"LineString","coordinates":[[21.27889,53.8518],[21.27559,53.85285],[21.27238,53.85355],[21.26901,53.85398],[21.26708,53.85412],[21.2647,53.85418],[21.26158,53.85404],[21.25772,53.85355],[21.25423,53.85276],[21.25132,53.85183]]}},{"type":"Feature","properties":{"numer":"59","klasa":"droga gĹ‚Ăłwna","kat":"krajowa"},"geometry":{"type":"LineString","coordinates":[[21.27991,53.85429],[21.2794,53.85193]]}},{"type":"Feature","properties":{"numer":"16,59","klasa":"droga gĹ‚Ăłwna ruchu przyĹ›pieszonego","kat":"gminna"},"geometry":{"type":"LineString","coordinates":[[21.30539,53.84804],[21.30534,53.849],[21.30546,53.8501],[21.30655,53.85426],[21.30653,53.8549],[21.30624,53.85591]]}},{"type":"Feature","properties":{"numer":"600","klasa":"droga zbiorcza","kat":"wojewodzka"},"geometry":{"type":"LineString","coordinates":[[21.29624,53.85541],[21.2962,53.856],[21.29496,53.85955],[21.29365,53.86119],[21.29298,53.8624]]}},{"type":"Feature","properties":{"numer":"16,59","klasa":"droga gĹ‚Ăłwna ruchu przyĹ›pieszonego","kat":"gminna"},"geometry":{"type":"LineString","coordinates":[[21.30531,53.86397],[21.30515,53.85978],[21.30542,53.85847],[21.30624,53.85591]]}},{"type":"Feature","properties":{"numer":"211048N","klasa":"droga lokalna","kat":"powiatowa"},"geometry":{"type":"LineString","coordinates":[[21.29413,53.86332],[21.29412,53.86252]]}},{"type":"Feature","properties":{"numer":"16,59","klasa":"droga gĹ‚Ăłwna ruchu przyĹ›pieszonego","kat":"gminna"},"geometry":{"type":"LineString","coordinates":[[21.29298,53.8624],[21.29676,53.8628],[21.30445,53.86409]]}},{"type":"Feature","properties":{"numer":"211048N","klasa":"droga lokalna","kat":"powiatowa"},"geometry":{"type":"LineString","coordinates":[[21.29415,53.86357],[21.29413,53.86332]]}},{"type":"Feature","properties":{"numer":"16,59","klasa":"droga gĹ‚Ăłwna ruchu przyĹ›pieszonego","kat":"gminna"},"geometry":{"type":"LineString","coordinates":[[21.30512,53.8642],[21.30531,53.86397]]}},{"type":"Feature","properties":{"numer":"16,59","klasa":"droga gĹ‚Ăłwna ruchu przyĹ›pieszonego","kat":"gminna"},"geometry":{"type":"LineString","coordinates":[[21.30445,53.86409],[21.30474,53.86421]]}},{"type":"Feature","properties":{"numer":"16,59","klasa":"droga gĹ‚Ăłwna ruchu przyĹ›pieszonego","kat":"gminna"},"geometry":{"type":"LineString","coordinates":[[21.30474,53.86421],[21.30512,53.8642]]}},{"type":"Feature","properties":{"numer":"211048N","klasa":"droga lokalna","kat":"powiatowa"},"geometry":{"type":"LineString","coordinates":[[21.29423,53.86373],[21.2948,53.86452],[21.29498,53.8653]]}},{"type":"Feature","properties":{"numer":"211096N","klasa":"droga lokalna","kat":"powiatowa"},"geometry":{"type":"LineString","coordinates":[[21.30422,53.86482],[21.30438,53.86465]]}},{"type":"Feature","properties":{"numer":"1747N","klasa":"","kat":"powiatowa"},"geometry":{"type":"LineString","coordinates":[[21.32547,53.87292],[21.32712,53.8721],[21.32797,53.87185],[21.33593,53.87085],[21.33649,53.87064],[21.33964,53.86897],[21.33989,53.8681],[21.34068,53.86796],[21.34213,53.86791],[21.3426,53.86779],[21.34352,53.8672],[21.34442,53.86675],[21.34539,53.86586],[21.34649,53.86543],[21.34685,53.86509],[21.34723,53.86438],[21.34889,53.86299],[21.34981,53.86256],[21.35009,53.86192],[21.35052,53.86183],[21.35156,53.86175],[21.35346,53.86169],[21.35481,53.86108],[21.35664,53.8605],[21.358,53.85976],[21.35978,53.85755],[21.3606,53.85678],[21.36106,53.85659],[21.36211,53.85667]]}},{"type":"Feature","properties":{"numer":"211086N","klasa":"droga lokalna","kat":"powiatowa"},"geometry":{"type":"LineString","coordinates":[[21.30546,53.86488],[21.30539,53.86467]]}},{"type":"Feature","properties":{"numer":"211086N","klasa":"droga lokalna","kat":"powiatowa"},"geometry":{"type":"LineString","coordinates":[[21.30548,53.86501],[21.30546,53.86488]]}},{"type":"Feature","properties":{"numer":"211048N","klasa":"droga lokalna","kat":"powiatowa"},"geometry":{"type":"LineString","coordinates":[[21.29498,53.8653],[21.29498,53.8654]]}},{"type":"Feature","properties":{"numer":"211096N","klasa":"droga lokalna","kat":"powiatowa"},"geometry":{"type":"LineString","coordinates":[[21.30355,53.866],[21.30422,53.86482]]}},{"type":"Feature","properties":{"numer":"211086N","klasa":"droga lokalna","kat":"powiatowa"},"geometry":{"type":"LineString","coordinates":[[21.30561,53.86599],[21.30548,53.86501]]}},{"type":"Feature","properties":{"numer":"211048N","klasa":"droga lokalna","kat":"powiatowa"},"geometry":{"type":"LineString","coordinates":[[21.29498,53.8654],[21.295,53.8658]]}},{"type":"Feature","properties":{"numer":"211086N","klasa":"droga lokalna","kat":"powiatowa"},"geometry":{"type":"LineString","coordinates":[[21.30569,53.86626],[21.30561,53.86599]]}},{"type":"Feature","properties":{"numer":"211086N","klasa":"droga lokalna","kat":"powiatowa"},"geometry":{"type":"LineString","coordinates":[[21.3057,53.86631],[21.30569,53.86626]]}},{"type":"Feature","properties":{"numer":"211048N","klasa":"droga lokalna","kat":"powiatowa"},"geometry":{"type":"LineString","coordinates":[[21.295,53.8658],[21.29513,53.86633],[21.29551,53.86679]]}},{"type":"Feature","properties":{"numer":"211086N","klasa":"droga lokalna","kat":"powiatowa"},"geometry":{"type":"LineString","coordinates":[[21.30572,53.86634],[21.3057,53.86631]]}},{"type":"Feature","properties":{"numer":"211086N","klasa":"droga lokalna","kat":"powiatowa"},"geometry":{"type":"LineString","coordinates":[[21.3058,53.86655],[21.30572,53.86634]]}},{"type":"Feature","properties":{"numer":"211096N","klasa":"droga lokalna","kat":"powiatowa"},"geometry":{"type":"LineString","coordinates":[[21.30293,53.86713],[21.30355,53.866]]}},{"type":"Feature","properties":{"numer":"211086N","klasa":"droga lokalna","kat":"powiatowa"},"geometry":{"type":"LineString","coordinates":[[21.30597,53.86697],[21.3058,53.86655]]}},{"type":"Feature","properties":{"numer":"211048N","klasa":"droga lokalna","kat":"powiatowa"},"geometry":{"type":"LineString","coordinates":[[21.29551,53.86679],[21.29576,53.86701]]}},{"type":"Feature","properties":{"numer":"211048N","klasa":"droga lokalna","kat":"powiatowa"},"geometry":{"type":"LineString","coordinates":[[21.29576,53.86701],[21.29583,53.86708]]}},{"type":"Feature","properties":{"numer":"211048N","klasa":"droga lokalna","kat":"powiatowa"},"geometry":{"type":"LineString","coordinates":[[21.29583,53.86708],[21.2959,53.86713]]}},{"type":"Feature","properties":{"numer":"211048N","klasa":"droga lokalna","kat":"powiatowa"},"geometry":{"type":"LineString","coordinates":[[21.2959,53.86713],[21.29619,53.86729]]}},{"type":"Feature","properties":{"numer":"211086N","klasa":"droga lokalna","kat":"powiatowa"},"geometry":{"type":"LineString","coordinates":[[21.3056,53.8678],[21.30598,53.86725],[21.30597,53.86697]]}},{"type":"Feature","properties":{"numer":"211096N","klasa":"droga lokalna","kat":"powiatowa"},"geometry":{"type":"LineString","coordinates":[[21.30197,53.86773],[21.30275,53.86738],[21.30293,53.86713]]}},{"type":"Feature","properties":{"numer":"211086N","klasa":"droga lokalna","kat":"powiatowa"},"geometry":{"type":"LineString","coordinates":[[21.30552,53.86791],[21.3056,53.8678]]}},{"type":"Feature","properties":{"numer":"211048N","klasa":"droga lokalna","kat":"powiatowa"},"geometry":{"type":"LineString","coordinates":[[21.29619,53.86729],[21.2977,53.86769],[21.29945,53.8689]]}},{"type":"Feature","properties":{"numer":"211096N","klasa":"droga lokalna","kat":"powiatowa"},"geometry":{"type":"LineString","coordinates":[[21.30014,53.86926],[21.30124,53.86809],[21.30197,53.86773]]}},{"type":"Feature","properties":{"numer":"211086N","klasa":"droga lokalna","kat":"powiatowa"},"geometry":{"type":"LineString","coordinates":[[21.30443,53.86934],[21.30552,53.86791]]}},{"type":"Feature","properties":{"numer":"211048N","klasa":"droga lokalna","kat":"powiatowa"},"geometry":{"type":"LineString","coordinates":[[21.29945,53.8689],[21.29954,53.86898]]}},{"type":"Feature","properties":{"numer":"211048N","klasa":"","kat":"powiatowa"},"geometry":{"type":"LineString","coordinates":[[21.29954,53.86898],[21.29993,53.86945]]}},{"type":"Feature","properties":{"numer":"211096N","klasa":"droga lokalna","kat":"powiatowa"},"geometry":{"type":"LineString","coordinates":[[21.29998,53.86941],[21.30014,53.86926]]}},{"type":"Feature","properties":{"numer":"211096N","klasa":"droga lokalna","kat":"powiatowa"},"geometry":{"type":"LineString","coordinates":[[21.29993,53.86945],[21.29998,53.86941]]}},{"type":"Feature","properties":{"numer":"211096N","klasa":"droga lokalna","kat":"powiatowa"},"geometry":{"type":"LineString","coordinates":[[21.29987,53.86949],[21.29993,53.86945]]}},{"type":"Feature","properties":{"numer":"1644N","klasa":"","kat":"powiatowa"},"geometry":{"type":"LineString","coordinates":[[21.52137741266873,53.730518954696166],[21.52049,53.73019],[21.51931,53.72895],[21.51892,53.72875],[21.51853,53.7287]]}},{"type":"Feature","properties":{"numer":"1644N","klasa":"","kat":"powiatowa"},"geometry":{"type":"LineString","coordinates":[[21.54769,53.74158],[21.547683105609526,53.74157379504857]]}},{"type":"Feature","properties":{"numer":"1777N","klasa":"","kat":"powiatowa"},"geometry":{"type":"LineString","coordinates":[[21.55925,53.7909],[21.55944,53.78924],[21.55938,53.78833],[21.55973,53.78783],[21.56972,53.77808],[21.57013,53.77779],[21.59145,53.76592],[21.59179,53.76569],[21.5962,53.76124],[21.59883,53.75873],[21.59927,53.75789],[21.59959,53.75768]]}},{"type":"Feature","properties":{"numer":"609","klasa":"droga zbiorcza","kat":"wojewodzka"},"geometry":{"type":"LineString","coordinates":[[21.55925,53.7909],[21.5586,53.79019],[21.55715,53.78897],[21.55434,53.78679],[21.53596,53.77505],[21.53258,53.77264],[21.52737,53.77261],[21.52427,53.77127],[21.51431,53.76654],[21.51148,53.76527],[21.50591,53.76508]]}},{"type":"Feature","properties":{"numer":"609","klasa":"droga zbiorcza","kat":"wojewodzka"},"geometry":{"type":"LineString","coordinates":[[21.55925,53.7909],[21.56048,53.79312],[21.56171,53.79424],[21.56239,53.79616],[21.56289,53.79677]]}},{"type":"Feature","properties":{"numer":"609","klasa":"droga zbiorcza","kat":"wojewodzka"},"geometry":{"type":"LineString","coordinates":[[21.56289,53.79677],[21.56341,53.79739],[21.56366,53.79798],[21.563,53.80032],[21.56297,53.80111],[21.56317,53.80144]]}},{"type":"Feature","properties":{"numer":"1696N","klasa":"droga zbiorcza","kat":"powiatowa"},"geometry":{"type":"LineString","coordinates":[[21.58364,53.79919],[21.57792,53.80041],[21.5766,53.80056]]}},{"type":"Feature","properties":{"numer":"1696N","klasa":"","kat":"powiatowa"},"geometry":{"type":"LineString","coordinates":[[21.63524,53.79901],[21.63471,53.79903],[21.63407,53.79887],[21.63297,53.79798],[21.63254,53.79779],[21.62467,53.79718],[21.6162,53.79434],[21.61109,53.79304],[21.60989,53.79311],[21.6088,53.79336],[21.60576,53.79414],[21.59791,53.79641],[21.59228,53.79744]]}},{"type":"Feature","properties":{"numer":"1696N","klasa":"","kat":"powiatowa"},"geometry":{"type":"LineString","coordinates":[[21.59228,53.79744],[21.58999,53.79785],[21.58364,53.79919]]}},{"type":"Feature","properties":{"numer":"1696N","klasa":"","kat":"powiatowa"},"geometry":{"type":"LineString","coordinates":[[21.63668,53.79873],[21.63604,53.79886]]}},{"type":"Feature","properties":{"numer":"1696N","klasa":"","kat":"powiatowa"},"geometry":{"type":"LineString","coordinates":[[21.63563,53.79895],[21.63604,53.79886]]}},{"type":"Feature","properties":{"numer":"1696N","klasa":"","kat":"powiatowa"},"geometry":{"type":"LineString","coordinates":[[21.67228,53.80054],[21.66628,53.79941],[21.65931,53.79874],[21.65713,53.7986],[21.65339,53.79877],[21.65207,53.79868],[21.65142,53.79853],[21.6483,53.79745],[21.64748,53.79732],[21.64637,53.79729],[21.64528,53.7974],[21.6418,53.7984],[21.64121,53.79851],[21.63902,53.79867],[21.63762,53.79865],[21.63668,53.79873]]}},{"type":"Feature","properties":{"numer":"1696N","klasa":"","kat":"powiatowa"},"geometry":{"type":"LineString","coordinates":[[21.63563,53.79895],[21.63524,53.79901]]}},{"type":"Feature","properties":{"numer":"1926N","klasa":"","kat":"powiatowa"},"geometry":{"type":"LineString","coordinates":[[21.58668,53.81305],[21.58771,53.81335],[21.59107,53.81489],[21.59291,53.81546],[21.59414,53.81619],[21.5954,53.81742],[21.59561,53.8175],[21.59613,53.81743],[21.59705,53.81808],[21.59953,53.81888],[21.60049,53.81952],[21.60095,53.82017],[21.6056,53.82166],[21.6068,53.82215],[21.60943,53.82333],[21.61251,53.82487],[21.61516,53.8259],[21.61781,53.82749]]}},{"type":"Feature","properties":{"numer":"1773N","klasa":"droga zbiorcza","kat":"powiatowa"},"geometry":{"type":"LineString","coordinates":[[21.43621,53.65149],[21.43636,53.65123]]}},{"type":"Feature","properties":{"numer":"58","klasa":"droga gĹ‚Ăłwna","kat":"krajowa"},"geometry":{"type":"LineString","coordinates":[[21.43621,53.65149],[21.43795,53.65198]]}},{"type":"Feature","properties":{"numer":"1773N","klasa":"droga zbiorcza","kat":"powiatowa"},"geometry":{"type":"LineString","coordinates":[[21.43818,53.65241],[21.43795,53.65198]]}},{"type":"Feature","properties":{"numer":"1773N","klasa":"droga zbiorcza","kat":"powiatowa"},"geometry":{"type":"LineString","coordinates":[[21.44337,53.65957],[21.44423,53.65936],[21.44456,53.65906],[21.44458,53.65802],[21.44433,53.65738],[21.44105,53.65432],[21.44061,53.65408],[21.43955,53.6538],[21.43913,53.6536],[21.43818,53.65241]]}},{"type":"Feature","properties":{"numer":"1773N","klasa":"droga zbiorcza","kat":"powiatowa"},"geometry":{"type":"LineString","coordinates":[[21.443,53.65964],[21.44337,53.65957]]}},{"type":"Feature","properties":{"numer":"1773N","klasa":"droga zbiorcza","kat":"powiatowa"},"geometry":{"type":"LineString","coordinates":[[21.44317,53.70663],[21.44202,53.70548],[21.4401,53.7039],[21.43984,53.70352],[21.43984,53.70232],[21.44017,53.70077],[21.4398,53.69927],[21.4395,53.69656],[21.43847,53.693],[21.43824,53.69249],[21.43687,53.69114],[21.43601,53.69045],[21.43408,53.68939],[21.43119,53.68835],[21.43084,53.68816],[21.42946,53.6865],[21.42942,53.68577],[21.43019,53.68467],[21.43028,53.68412],[21.42922,53.67587],[21.42931,53.67552],[21.42958,53.6753],[21.43446,53.673],[21.43473,53.6728],[21.43485,53.67239],[21.43468,53.67127],[21.43471,53.67065],[21.43569,53.66857],[21.43619,53.66808],[21.43865,53.66668],[21.43901,53.66629],[21.43899,53.66596],[21.4386,53.6651],[21.43853,53.66435],[21.43856,53.66355],[21.43892,53.6625],[21.43983,53.66145],[21.44068,53.6607],[21.44186,53.65993],[21.443,53.65964]]}},{"type":"Feature","properties":{"numer":"610","klasa":"droga zbiorcza","kat":"wojewodzka"},"geometry":{"type":"LineString","coordinates":[[21.41583,53.72245],[21.41959,53.72076],[21.4217,53.71965],[21.43195,53.71292],[21.43918,53.70801],[21.43993,53.70773],[21.4423,53.70732],[21.44274,53.70708],[21.44317,53.70663]]}},{"type":"Feature","properties":{"numer":"1749N","klasa":"","kat":"powiatowa"},"geometry":{"type":"LineString","coordinates":[[21.42633,53.76635],[21.42619,53.76223],[21.42638,53.76187],[21.42731,53.76124],[21.42784,53.75972],[21.42737,53.75722],[21.42702,53.75662],[21.42379,53.75322],[21.42333,53.75232],[21.42318,53.75068],[21.42278,53.7499],[21.42055,53.74807],[21.42025,53.74766],[21.4187,53.73804],[21.41825,53.73731],[21.41656,53.73601],[21.41607,53.73517],[21.4161,53.7344],[21.41688,53.73243],[21.41718,53.73006],[21.41595,53.72261],[21.41583,53.72245]]}},{"type":"Feature","properties":{"numer":"16","klasa":"droga gĹ‚Ăłwna ruchu przyĹ›pieszonego","kat":"krajowa"},"geometry":{"type":"LineString","coordinates":[[21.40267,53.8289],[21.40315,53.82897],[21.40459,53.82875],[21.41324,53.8288],[21.41452,53.82873],[21.41876,53.82753],[21.42023,53.82679],[21.42074,53.82662],[21.42237,53.82659],[21.42297,53.82645],[21.42462,53.82587],[21.42558,53.82525],[21.42727,53.82447],[21.4282,53.82414],[21.42901,53.82398],[21.4375,53.82451],[21.44041,53.82499],[21.44457,53.82456],[21.44535,53.82475],[21.44631,53.82488],[21.44662,53.82502],[21.44684,53.82529],[21.44703,53.82606],[21.44758,53.82702],[21.44812,53.82737],[21.44907,53.82779],[21.44942,53.82787],[21.44984,53.82781],[21.45127,53.82694]]}},{"type":"Feature","properties":{"numer":"1751N","klasa":"droga zbiorcza","kat":"powiatowa"},"geometry":{"type":"LineString","coordinates":[[21.4221,53.86892],[21.42434,53.86829],[21.43062,53.8659],[21.43337,53.86377],[21.4339,53.8631],[21.43425,53.86283],[21.4362,53.86203],[21.4386,53.86086],[21.4397,53.86055],[21.44077,53.86053],[21.4428,53.86027],[21.44448,53.85935],[21.44738,53.85805],[21.45404,53.85693],[21.45435,53.85703],[21.45786,53.85897],[21.45952,53.86013],[21.46018,53.86041],[21.4636,53.86042],[21.46627,53.8612],[21.46863,53.86174],[21.47453,53.86213],[21.47901,53.863],[21.4837,53.86326],[21.48697,53.86373],[21.49122,53.86392],[21.49627,53.8644],[21.49513,53.85934],[21.49275,53.85303],[21.49228,53.85239],[21.49202,53.85228],[21.49103,53.8521],[21.49066,53.85191],[21.49029,53.85125],[21.48978,53.85073],[21.48908,53.84693],[21.48926,53.84555],[21.49162,53.84197],[21.492,53.84123],[21.49215,53.84103],[21.49338,53.84033],[21.49404,53.83937],[21.49412,53.83833],[21.49436,53.83769],[21.48908,53.83703],[21.48844,53.83657],[21.48767,53.83539],[21.48726,53.8351],[21.48509,53.83444],[21.48335,53.83418],[21.48124,53.83408],[21.48088,53.83391],[21.48001,53.83312],[21.47931,53.83266],[21.47719,53.83187],[21.4764,53.8317],[21.47484,53.83161],[21.47008,53.83184],[21.46578,53.83124],[21.46513,53.83122],[21.46459,53.83129],[21.46292,53.83172],[21.46171,53.83214],[21.45974,53.83302],[21.45906,53.83318],[21.45858,53.83321],[21.45785,53.83275],[21.45333,53.82816],[21.45127,53.82694]]}},{"type":"Feature","properties":{"numer":"1696N","klasa":"droga zbiorcza","kat":"powiatowa"},"geometry":{"type":"LineString","coordinates":[[21.5766,53.80056],[21.57617,53.80068],[21.57603,53.8008]]}},{"type":"Feature","properties":{"numer":"1696N","klasa":"droga zbiorcza","kat":"powiatowa"},"geometry":{"type":"LineString","coordinates":[[21.57603,53.8008],[21.57576,53.8011]]}},{"type":"Feature","properties":{"numer":"16","klasa":"droga gĹ‚Ăłwna ruchu przyĹ›pieszonego","kat":"krajowa"},"geometry":{"type":"LineString","coordinates":[[21.49699,53.80306],[21.49736,53.80295],[21.49859,53.80297],[21.50007,53.80283],[21.50453,53.80266],[21.50558,53.80254],[21.50786,53.80192],[21.51066,53.80095],[21.51507,53.79959],[21.51773,53.79908],[21.51895,53.79921],[21.52269,53.80001],[21.52355,53.80029],[21.52469,53.80082],[21.52542,53.80099],[21.52629,53.8009],[21.52895,53.80007],[21.52969,53.79993],[21.53212,53.79997],[21.53567,53.79932],[21.53678,53.79934],[21.53908,53.79958],[21.54126,53.79985],[21.54433,53.80051],[21.54709,53.80164],[21.55021,53.80265],[21.55107,53.80286],[21.55282,53.8031],[21.55802,53.80312],[21.55863,53.80307],[21.56024,53.80264],[21.56317,53.80144]]}},{"type":"Feature","properties":{"numer":"16","klasa":"droga gĹ‚Ăłwna ruchu przyĹ›pieszonego","kat":"krajowa"},"geometry":{"type":"LineString","coordinates":[[21.56317,53.80144],[21.56436,53.80112],[21.56545,53.80115],[21.5672,53.80131],[21.56875,53.80187]]}},{"type":"Feature","properties":{"numer":"16","klasa":"droga gĹ‚Ăłwna ruchu przyĹ›pieszonego","kat":"krajowa"},"geometry":{"type":"LineString","coordinates":[[21.56875,53.80187],[21.5698,53.80231]]}},{"type":"Feature","properties":{"numer":"1696N","klasa":"droga zbiorcza","kat":"powiatowa"},"geometry":{"type":"LineString","coordinates":[[21.57576,53.8011],[21.57464,53.80235],[21.57405,53.80339],[21.57297,53.80426]]}},{"type":"Feature","properties":{"numer":"16","klasa":"droga gĹ‚Ăłwna ruchu przyĹ›pieszonego","kat":"krajowa"},"geometry":{"type":"LineString","coordinates":[[21.5698,53.80231],[21.57081,53.80273],[21.57228,53.80386],[21.57297,53.80426]]}},{"type":"Feature","properties":{"numer":"16","klasa":"droga gĹ‚Ăłwna ruchu przyĹ›pieszonego","kat":"krajowa"},"geometry":{"type":"LineString","coordinates":[[21.57297,53.80426],[21.57438,53.80473],[21.57683,53.80526],[21.57736,53.80544],[21.5779,53.80577],[21.57903,53.80693]]}},{"type":"Feature","properties":{"numer":"16","klasa":"droga gĹ‚Ăłwna ruchu przyĹ›pieszonego","kat":"krajowa"},"geometry":{"type":"LineString","coordinates":[[21.57903,53.80693],[21.5791,53.80719]]}},{"type":"Feature","properties":{"numer":"16","klasa":"droga gĹ‚Ăłwna ruchu przyĹ›pieszonego","kat":"krajowa"},"geometry":{"type":"LineString","coordinates":[[21.5791,53.80719],[21.57898,53.80741]]}},{"type":"Feature","properties":{"numer":"609","klasa":"droga zbiorcza","kat":"wojewodzka"},"geometry":{"type":"LineString","coordinates":[[21.49697,53.75432],[21.50169,53.75144],[21.50301,53.74917],[21.5054,53.74637],[21.5055,53.74601],[21.50544,53.74479],[21.5056,53.74452],[21.5063,53.74396],[21.50649,53.74349]]}},{"type":"Feature","properties":{"numer":"609","klasa":"droga zbiorcza","kat":"wojewodzka"},"geometry":{"type":"LineString","coordinates":[[21.50591,53.76508],[21.50295,53.76319],[21.50033,53.76044],[21.49967,53.7594],[21.49697,53.75432]]}},{"type":"Feature","properties":{"numer":"1765N","klasa":"droga zbiorcza","kat":"powiatowa"},"geometry":{"type":"LineString","coordinates":[[21.42633,53.76635],[21.42679,53.7664],[21.43071,53.7659],[21.43149,53.76566],[21.433,53.7649],[21.43376,53.7647],[21.4375,53.76473],[21.44341,53.7641],[21.44381,53.76411],[21.44738,53.76494],[21.44784,53.76499],[21.44925,53.76481],[21.45213,53.76424],[21.45305,53.76391],[21.45575,53.76209],[21.45805,53.76106],[21.45874,53.76082],[21.45973,53.76062],[21.46436,53.76013],[21.47069,53.75867],[21.47844,53.75617],[21.47885,53.75597],[21.48027,53.75457],[21.48124,53.75424],[21.49008,53.75328],[21.4911,53.75338],[21.49697,53.75432]]}},{"type":"Feature","properties":{"numer":"1775N","klasa":"","kat":"powiatowa"},"geometry":{"type":"LineString","coordinates":[[21.49641,53.8005],[21.49606,53.79892],[21.49634,53.79862],[21.49762,53.79785],[21.49843,53.7971],[21.49834,53.79602],[21.49845,53.79561],[21.49909,53.79456],[21.49917,53.79392],[21.49903,53.79318],[21.49864,53.79264],[21.49849,53.79225],[21.49847,53.79174],[21.49799,53.79033],[21.49512,53.78317],[21.49495,53.78199],[21.49657,53.77837],[21.49957,53.77217],[21.50591,53.76508]]}},{"type":"Feature","properties":{"numer":"1775N","klasa":"","kat":"powiatowa"},"geometry":{"type":"LineString","coordinates":[[21.49603,53.80203],[21.49606,53.80162],[21.49646,53.80092],[21.49641,53.8005]]}},{"type":"Feature","properties":{"numer":"1775N","klasa":"","kat":"powiatowa"},"geometry":{"type":"LineString","coordinates":[[21.49699,53.80306],[21.49603,53.80203]]}},{"type":"Feature","properties":{"numer":"16","klasa":"droga gĹ‚Ăłwna ruchu przyĹ›pieszonego","kat":"krajowa"},"geometry":{"type":"LineString","coordinates":[[21.49969,53.80843],[21.49954,53.80801],[21.49857,53.8073],[21.49832,53.80631],[21.4974,53.80531],[21.49736,53.80457],[21.49694,53.80343],[21.49699,53.80306]]}},{"type":"Feature","properties":{"numer":"16","klasa":"droga gĹ‚Ăłwna ruchu przyĹ›pieszonego","kat":"krajowa"},"geometry":{"type":"LineString","coordinates":[[21.49968,53.80848],[21.49969,53.80843]]}},{"type":"Feature","properties":{"numer":"16","klasa":"droga gĹ‚Ăłwna ruchu przyĹ›pieszonego","kat":"krajowa"},"geometry":{"type":"LineString","coordinates":[[21.45127,53.82694],[21.45419,53.8245],[21.4564,53.82302],[21.46013,53.82102],[21.46395,53.81834],[21.46738,53.81442],[21.46949,53.81281],[21.47091,53.81115],[21.47159,53.8107],[21.47459,53.81009],[21.47518,53.81006],[21.47991,53.8116],[21.48068,53.81176],[21.48733,53.81177],[21.48823,53.81162],[21.49549,53.80998],[21.49838,53.80966],[21.49885,53.80946],[21.49935,53.80911],[21.49968,53.80848]]}},{"type":"Feature","properties":{"numer":"1926N","klasa":"","kat":"powiatowa"},"geometry":{"type":"LineString","coordinates":[[21.63953,53.83936],[21.64379,53.83559],[21.64391,53.83541],[21.64394,53.83443],[21.64465,53.83402],[21.64484,53.8338],[21.64478,53.83335],[21.64438,53.83267],[21.64299,53.82938],[21.64336,53.82903],[21.6442,53.82859],[21.64494,53.82831],[21.64525,53.82793],[21.64531,53.82745],[21.645,53.82646],[21.64494,53.82576],[21.64444,53.82445],[21.6447,53.82405]]}},{"type":"Feature","properties":{"numer":"16","klasa":"droga gĹ‚Ăłwna ruchu przyĹ›pieszonego","kat":"krajowa"},"geometry":{"type":"LineString","coordinates":[[21.58668,53.81305],[21.59279,53.82278],[21.60449,53.83682],[21.6061,53.83942],[21.61079,53.84296],[21.61129,53.84345],[21.61506,53.84896],[21.61514,53.84965],[21.61504,53.85214],[21.6152,53.85235]]}},{"type":"Feature","properties":{"numer":"1926N","klasa":"","kat":"powiatowa"},"geometry":{"type":"LineString","coordinates":[[21.63997,53.84399],[21.63976,53.84377],[21.63917,53.84343],[21.63882,53.84282],[21.63894,53.8425],[21.63958,53.84185],[21.63964,53.84165],[21.63953,53.83936]]}},{"type":"Feature","properties":{"numer":"1926N","klasa":"","kat":"powiatowa"},"geometry":{"type":"LineString","coordinates":[[21.63986,53.84407],[21.63997,53.84399]]}},{"type":"Feature","properties":{"numer":"1926N","klasa":"","kat":"powiatowa"},"geometry":{"type":"LineString","coordinates":[[21.63966,53.84425],[21.63986,53.84407]]}},{"type":"Feature","properties":{"numer":"1926N","klasa":"","kat":"powiatowa"},"geometry":{"type":"LineString","coordinates":[[21.63925,53.84469],[21.63966,53.84425]]}},{"type":"Feature","properties":{"numer":"1926N","klasa":"","kat":"powiatowa"},"geometry":{"type":"LineString","coordinates":[[21.635,53.84883],[21.63562,53.84845],[21.63633,53.84762],[21.63748,53.84671],[21.63882,53.84619],[21.63922,53.84551],[21.63925,53.84469]]}},{"type":"Feature","properties":{"numer":"1926N","klasa":"","kat":"powiatowa"},"geometry":{"type":"LineString","coordinates":[[21.6327,53.85052],[21.63284,53.85031],[21.635,53.84883]]}},{"type":"Feature","properties":{"numer":"16","klasa":"droga gĹ‚Ăłwna ruchu przyĹ›pieszonego","kat":"krajowa"},"geometry":{"type":"LineString","coordinates":[[21.6152,53.85235],[21.61592,53.85249],[21.61938,53.85278],[21.62024,53.85267],[21.62316,53.85209],[21.62677,53.85179],[21.62766,53.85188],[21.62946,53.85235],[21.62991,53.85238],[21.63057,53.85221],[21.63103,53.85198],[21.6327,53.85052]]}},{"type":"Feature","properties":{"numer":"16","klasa":"droga gĹ‚Ăłwna ruchu przyĹ›pieszonego","kat":"krajowa"},"geometry":{"type":"LineString","coordinates":[[21.6327,53.85052],[21.63303,53.85052],[21.63329,53.8506],[21.63518,53.85144],[21.63797,53.8524],[21.63832,53.85261],[21.64174,53.85746],[21.64413,53.86011],[21.65064,53.86374],[21.65096,53.86409],[21.65119,53.86488]]}},{"type":"Feature","properties":{"numer":"16","klasa":"droga gĹ‚Ăłwna ruchu przyĹ›pieszonego","kat":"krajowa"},"geometry":{"type":"LineString","coordinates":[[21.57898,53.80741],[21.5791,53.80773],[21.57959,53.80811],[21.58001,53.80834],[21.58085,53.80865]]}},{"type":"Feature","properties":{"numer":"16","klasa":"droga gĹ‚Ăłwna ruchu przyĹ›pieszonego","kat":"krajowa"},"geometry":{"type":"LineString","coordinates":[[21.58085,53.80865],[21.58344,53.80929],[21.58442,53.80972],[21.58487,53.81015],[21.58668,53.81305]]}},{"type":"Feature","properties":{"numer":"1779N","klasa":"","kat":"powiatowa"},"geometry":{"type":"LineString","coordinates":[[21.56075,53.87015],[21.56103,53.86921],[21.56101,53.8682],[21.55947,53.86368],[21.55832,53.8616],[21.55643,53.85884],[21.55585,53.85676],[21.55485,53.85461],[21.55474,53.85401],[21.55481,53.85361],[21.5558,53.85143],[21.55792,53.84929],[21.55814,53.8486],[21.5589,53.84709],[21.55902,53.84521],[21.55931,53.84438],[21.55977,53.84394],[21.56199,53.84289],[21.56387,53.84134],[21.56464,53.84045],[21.56518,53.8395],[21.56532,53.83891],[21.56452,53.83743],[21.56432,53.83676],[21.56448,53.83482],[21.56476,53.83425],[21.56566,53.83334],[21.57593,53.82434],[21.57644,53.82371],[21.57829,53.82003],[21.57829,53.81655],[21.5786,53.81261],[21.57872,53.81233],[21.57985,53.81094],[21.58085,53.80865]]}},{"type":"Feature","properties":{"numer":"1779N","klasa":"","kat":"powiatowa"},"geometry":{"type":"LineString","coordinates":[[21.56064,53.87031],[21.56075,53.87015]]}},{"type":"Feature","properties":{"numer":"1779N","klasa":"","kat":"powiatowa"},"geometry":{"type":"LineString","coordinates":[[21.560605899981944,53.87035262502257],[21.56064,53.87031]]}},{"type":"Feature","properties":{"numer":"642","klasa":"droga zbiorcza","kat":"wojewodzka"},"geometry":{"type":"LineString","coordinates":[[21.59751170474356,53.866802463113274],[21.59754,53.86674],[21.59822,53.8659],[21.59865,53.86545],[21.59981,53.86455],[21.61375,53.85431],[21.61442,53.85371],[21.61487,53.85301],[21.615,53.85254],[21.6152,53.85235]]}},{"type":"Feature","properties":{"numer":"16","klasa":"droga gĹ‚Ăłwna ruchu przyĹ›pieszonego","kat":"krajowa"},"geometry":{"type":"LineString","coordinates":[[21.65119,53.86488],[21.65142,53.86503]]}},{"type":"Feature","properties":{"numer":"643","klasa":"droga zbiorcza","kat":"wojewodzka"},"geometry":{"type":"LineString","coordinates":[[21.65119,53.86488],[21.65124,53.8652]]}},{"type":"Feature","properties":{"numer":"643","klasa":"droga zbiorcza","kat":"wojewodzka"},"geometry":{"type":"LineString","coordinates":[[21.65142,53.86503],[21.65124,53.8652]]}},{"type":"Feature","properties":{"numer":"1638N","klasa":"","kat":"powiatowa"},"geometry":{"type":"LineString","coordinates":[[21.26416,53.67807],[21.26433,53.67786]]}},{"type":"Feature","properties":{"numer":"601","klasa":"droga zbiorcza","kat":"wojewodzka"},"geometry":{"type":"LineString","coordinates":[[21.26471,53.67809],[21.26457,53.67784]]}},{"type":"Feature","properties":{"numer":"601","klasa":"droga zbiorcza","kat":"wojewodzka"},"geometry":{"type":"LineString","coordinates":[[21.26471,53.67809],[21.26485,53.67841],[21.26527,53.67871],[21.27001,53.68071],[21.27585,53.68246],[21.2773,53.683],[21.27932,53.68446],[21.28218,53.68791],[21.28646,53.69172],[21.28715,53.69309],[21.28763,53.69354],[21.28927,53.69459],[21.29255,53.69614],[21.29784,53.69899],[21.2983,53.69915],[21.29909,53.69925]]}},{"type":"Feature","properties":{"numer":"1638N","klasa":"","kat":"powiatowa"},"geometry":{"type":"LineString","coordinates":[[21.29574,53.7161],[21.29222,53.71554],[21.29144,53.71531],[21.28741,53.71355],[21.28606,53.71227],[21.28549,53.71187],[21.28236,53.71078],[21.28126,53.71063],[21.27402,53.71062],[21.27132,53.70969],[21.26902,53.70858],[21.26844,53.70822],[21.26547,53.7047],[21.26255,53.70275],[21.26253,53.70243],[21.2639,53.70109],[21.2644,53.69944],[21.26431,53.69856],[21.2646,53.69747],[21.26441,53.69732],[21.26297,53.69671],[21.26289,53.69652],[21.26476,53.69146],[21.2653,53.6878],[21.26519,53.68675],[21.26429,53.68441],[21.26389,53.67879],[21.26416,53.67807]]}},{"type":"Feature","properties":{"numer":"1636N","klasa":"","kat":"powiatowa"},"geometry":{"type":"LineString","coordinates":[[21.24597,53.75566],[21.24626,53.75573]]}},{"type":"Feature","properties":{"numer":"1636N","klasa":"","kat":"powiatowa"},"geometry":{"type":"LineString","coordinates":[[21.24626,53.75573],[21.24673,53.75595],[21.2472,53.75675]]}},{"type":"Feature","properties":{"numer":"1765N","klasa":"droga zbiorcza","kat":"powiatowa"},"geometry":{"type":"LineString","coordinates":[[21.2472,53.75675],[21.24759,53.75698]]}},{"type":"Feature","properties":{"numer":"1765N","klasa":"droga zbiorcza","kat":"powiatowa"},"geometry":{"type":"LineString","coordinates":[[21.24698,53.75702],[21.2472,53.75675]]}},{"type":"Feature","properties":{"numer":"1765N","klasa":"droga zbiorcza","kat":"powiatowa"},"geometry":{"type":"LineString","coordinates":[[21.24759,53.75698],[21.24725,53.75695],[21.24698,53.75702]]}},{"type":"Feature","properties":{"numer":"1765N","klasa":"droga zbiorcza","kat":"powiatowa"},"geometry":{"type":"LineString","coordinates":[[21.2265,53.78965],[21.22654,53.78893],[21.22626,53.78792],[21.22749,53.78623],[21.22775,53.78427],[21.22843,53.78238],[21.23021,53.78066],[21.23202,53.77762],[21.23702,53.77173],[21.23708,53.77121],[21.23661,53.76961],[21.23685,53.76839],[21.23733,53.7676],[21.23783,53.76538],[21.2386,53.76469],[21.23904,53.76378],[21.24039,53.76241],[21.24176,53.7615],[21.24317,53.76089],[21.2447,53.75971],[21.24566,53.75881],[21.24636,53.75771],[21.24698,53.75702]]}},{"type":"Feature","properties":{"numer":"600","klasa":"droga zbiorcza","kat":"wojewodzka"},"geometry":{"type":"LineString","coordinates":[[21.20603,53.78431],[21.2098,53.78528],[21.2126,53.7856],[21.217,53.78571],[21.21775,53.78557],[21.21944,53.78511],[21.22105,53.78514],[21.22138,53.78524],[21.22154,53.78539],[21.22162,53.78612],[21.22243,53.78641]]}},{"type":"Feature","properties":{"numer":"600","klasa":"droga zbiorcza","kat":"wojewodzka"},"geometry":{"type":"LineString","coordinates":[[21.22243,53.78641],[21.22256,53.78645]]}},{"type":"Feature","properties":{"numer":"600","klasa":"droga zbiorcza","kat":"wojewodzka"},"geometry":{"type":"LineString","coordinates":[[21.22256,53.78645],[21.22322,53.78679],[21.22408,53.78801],[21.22558,53.7891],[21.22621,53.7899]]}},{"type":"Feature","properties":{"numer":"1765N","klasa":"droga zbiorcza","kat":"powiatowa"},"geometry":{"type":"LineString","coordinates":[[21.22621,53.7899],[21.2265,53.78965]]}},{"type":"Feature","properties":{"numer":"600","klasa":"droga zbiorcza","kat":"wojewodzka"},"geometry":{"type":"LineString","coordinates":[[21.22621,53.7899],[21.22641,53.79019],[21.22618,53.79199],[21.22695,53.79495],[21.22621,53.79652],[21.22573,53.79693]]}},{"type":"Feature","properties":{"numer":"600","klasa":"droga zbiorcza","kat":"wojewodzka"},"geometry":{"type":"LineString","coordinates":[[21.22573,53.79693],[21.22352,53.79751],[21.22266,53.79789],[21.22198,53.7986],[21.2219,53.79879],[21.222,53.79904]]}},{"type":"Feature","properties":{"numer":"600","klasa":"droga zbiorcza","kat":"wojewodzka"},"geometry":{"type":"LineString","coordinates":[[21.222,53.79904],[21.22318,53.79974],[21.22434,53.80064],[21.22544,53.80109],[21.2261,53.80146],[21.22653,53.8024],[21.2272,53.80293]]}},{"type":"Feature","properties":{"numer":"1634N","klasa":"","kat":"powiatowa"},"geometry":{"type":"LineString","coordinates":[[21.18491,53.82014],[21.18631,53.81936],[21.18791,53.81794],[21.18857,53.81748],[21.19079,53.81678],[21.19335,53.81553],[21.19501,53.81377],[21.19798,53.81179],[21.19884,53.81142],[21.19955,53.81092],[21.2004,53.81061],[21.20113,53.81017],[21.20143,53.80988],[21.20157,53.80953],[21.20352,53.80807],[21.20552,53.80665],[21.20757,53.80542],[21.20923,53.80476],[21.21081,53.80442],[21.21348,53.80351],[21.21551,53.80313],[21.21728,53.8027],[21.2177,53.80234],[21.21765,53.80182],[21.21773,53.80158],[21.21851,53.80099],[21.21926,53.80063],[21.21954,53.80007],[21.22116,53.79947],[21.222,53.79904]]}},{"type":"Feature","properties":{"numer":"1763N","klasa":"","kat":"powiatowa"},"geometry":{"type":"LineString","coordinates":[[21.2272,53.80293],[21.22711,53.80362],[21.22695,53.80375],[21.22408,53.80442],[21.22381,53.80454],[21.22376,53.80561],[21.22319,53.80658],[21.22295,53.80799],[21.22251,53.80879],[21.22249,53.81073],[21.22193,53.8121],[21.22197,53.81279],[21.22104,53.81417],[21.22066,53.81559],[21.21987,53.81621],[21.21925,53.81656],[21.21922,53.81714],[21.21845,53.81782],[21.21758,53.81823],[21.21723,53.81852],[21.21662,53.8206],[21.21664,53.8211],[21.21648,53.82125],[21.21558,53.82164],[21.21483,53.82232],[21.21473,53.82258],[21.21481,53.82318],[21.21442,53.8237],[21.21443,53.8244],[21.21412,53.82481],[21.21356,53.82524],[21.21339,53.82597],[21.21282,53.82655],[21.21266,53.82687],[21.21419,53.82888],[21.21451,53.82892],[21.2151,53.82916],[21.21604,53.82906],[21.21686,53.82926],[21.2176,53.82961],[21.21848,53.83051],[21.21914,53.83096],[21.21974,53.83154],[21.22016,53.8323],[21.22088,53.83295],[21.22134,53.83315],[21.22244,53.8333],[21.2226,53.8334],[21.22331,53.83473],[21.22322,53.83537],[21.22332,53.83568],[21.22393,53.83654],[21.2242,53.83667],[21.22495,53.83675],[21.22617,53.83726],[21.22737,53.83796],[21.22779,53.83844],[21.22806,53.83946],[21.22781,53.83999],[21.22787,53.84062]]}},{"type":"Feature","properties":{"numer":"16","klasa":"droga gĹ‚Ăłwna ruchu przyĹ›pieszonego","kat":"krajowa"},"geometry":{"type":"LineString","coordinates":[[21.17807,53.84008],[21.18191,53.83963],[21.19116,53.83726],[21.19252,53.83703],[21.1941,53.83697],[21.19565,53.83705],[21.19837,53.83733],[21.19992,53.8376],[21.20518,53.83875],[21.21046,53.83946],[21.21234,53.84001],[21.21452,53.84097]]}},{"type":"Feature","properties":{"numer":"1636N","klasa":"","kat":"powiatowa"},"geometry":{"type":"LineString","coordinates":[[21.19085,53.72269],[21.19128,53.722],[21.19206,53.72141],[21.19445,53.72021],[21.19858,53.7191],[21.1992,53.71875],[21.20072,53.71757]]}},{"type":"Feature","properties":{"numer":"1636N","klasa":"","kat":"powiatowa"},"geometry":{"type":"LineString","coordinates":[[21.15515,53.73363],[21.15571,53.73285],[21.15615,53.73248],[21.15777,53.73188],[21.15881,53.73129],[21.15917,53.73103],[21.15968,53.73039],[21.16073,53.73007],[21.16156,53.7297],[21.16618,53.72894],[21.16812,53.7289],[21.16949,53.72864],[21.17025,53.72841],[21.17301,53.72741],[21.17478,53.72721],[21.17656,53.72709],[21.18186,53.72576],[21.1837,53.72561],[21.18533,53.72536],[21.18857,53.72446],[21.19008,53.72344],[21.19085,53.72269]]}},{"type":"Feature","properties":{"numer":"600","klasa":"droga zbiorcza","kat":"wojewodzka"},"geometry":{"type":"LineString","coordinates":[[21.13668,53.75945],[21.13714,53.75961],[21.1379,53.76028],[21.15535,53.76703],[21.1587,53.76783],[21.16379,53.76835],[21.16455,53.7685],[21.16526,53.76893],[21.16627,53.76997],[21.16701,53.77048],[21.16755,53.7707],[21.16895,53.77105],[21.17035,53.77181],[21.17092,53.77192],[21.17274,53.7721],[21.17428,53.77189],[21.17574,53.77198],[21.17822,53.77187],[21.18009,53.77215],[21.18076,53.77233],[21.18199,53.77302],[21.1845,53.77407],[21.18584,53.7754],[21.18765,53.77614],[21.18856,53.77643],[21.1918,53.7768],[21.19273,53.77697],[21.19312,53.77713],[21.19379,53.7777],[21.1969,53.78093],[21.19774,53.78149],[21.20148,53.78309],[21.20603,53.78431]]}},{"type":"Feature","properties":{"numer":"1761N","klasa":"","kat":"powiatowa"},"geometry":{"type":"LineString","coordinates":[[21.20603,53.78431],[21.2045,53.78499],[21.20386,53.78542],[21.20334,53.78599],[21.20321,53.7863],[21.20222,53.7873],[21.19787,53.79064],[21.19556,53.79292],[21.19005,53.79703],[21.1886,53.79773],[21.18767,53.79854],[21.18705,53.7989],[21.18349,53.80058],[21.18254,53.80112],[21.18154,53.80203],[21.18105,53.80304],[21.18104,53.80377],[21.18118,53.80413],[21.18163,53.80484],[21.1833,53.80678],[21.18365,53.80703],[21.18554,53.80774],[21.18733,53.80828],[21.18838,53.80847]]}},{"type":"Feature","properties":{"numer":"1634N","klasa":"","kat":"powiatowa"},"geometry":{"type":"LineString","coordinates":[[21.15021,53.84402],[21.15228,53.83973],[21.15752,53.83258],[21.15894,53.83084],[21.16084,53.8291],[21.16177,53.82837],[21.1665,53.8252],[21.16765,53.8248],[21.16998,53.82441],[21.17095,53.82411],[21.17267,53.82287],[21.17324,53.82257],[21.17426,53.82234],[21.17872,53.82188],[21.17997,53.82167],[21.18298,53.82098],[21.18491,53.82014]]}},{"type":"Feature","properties":{"numer":"S16","klasa":"droga ekspresowa","kat":"krajowa"},"geometry":{"type":"LineString","coordinates":[[21.21771,53.84261],[21.21507,53.84265],[21.21283,53.84253],[21.21139,53.84235],[21.20929,53.842],[21.20326,53.84068],[21.2013,53.84043],[21.19914,53.84027],[21.19514,53.84025],[21.18165,53.84057],[21.1768,53.84086],[21.16618,53.84203],[21.16183,53.84259],[21.15582,53.84348],[21.14599,53.84509],[21.14318,53.84533]]}},{"type":"Feature","properties":{"numer":"1757N","klasa":"","kat":"powiatowa"},"geometry":{"type":"LineString","coordinates":[[21.17249,53.86629],[21.17323,53.86762],[21.17469,53.86875],[21.17537,53.86941],[21.17627,53.87095],[21.17676,53.8722],[21.17722,53.87282],[21.17795,53.87322],[21.17933,53.87379],[21.17973,53.87385],[21.18082,53.87385],[21.18156,53.87397],[21.18357,53.87464],[21.18675,53.87593],[21.19236,53.87724],[21.19304,53.87749],[21.1934,53.87773],[21.19377,53.87821],[21.19387,53.87926],[21.19414,53.88022],[21.19417,53.88114],[21.19428,53.88124]]}},{"type":"Feature","properties":{"numer":"1755N","klasa":"droga zbiorcza","kat":"powiatowa"},"geometry":{"type":"LineString","coordinates":[[21.17247,53.91309],[21.17252,53.91292]]}},{"type":"Feature","properties":{"numer":"1509N","klasa":"","kat":"powiatowa"},"geometry":{"type":"LineString","coordinates":[[21.17247,53.91309],[21.17277,53.91322]]}},{"type":"Feature","properties":{"numer":"1509N","klasa":"droga zbiorcza","kat":"powiatowa"},"geometry":{"type":"LineString","coordinates":[[21.17277,53.91322],[21.17362,53.91369]]}},{"type":"Feature","properties":{"numer":"1767N","klasa":"","kat":"powiatowa"},"geometry":{"type":"LineString","coordinates":[[21.27147,53.79419],[21.27146,53.79372],[21.2719,53.79307],[21.27637,53.78983]]}},{"type":"Feature","properties":{"numer":"1767N","klasa":"","kat":"powiatowa"},"geometry":{"type":"LineString","coordinates":[[21.27091,53.80282],[21.27022,53.80169],[21.26999,53.79988],[21.27005,53.79892],[21.26989,53.79786],[21.27005,53.79744],[21.27069,53.79659],[21.27089,53.79593],[21.2715,53.7952],[21.27147,53.79419]]}},{"type":"Feature","properties":{"numer":"1634N","klasa":"","kat":"powiatowa"},"geometry":{"type":"LineString","coordinates":[[21.22573,53.79693],[21.22689,53.79791],[21.22732,53.79814],[21.23052,53.79912],[21.23219,53.79975],[21.23495,53.80031],[21.23636,53.80083],[21.24048,53.80066],[21.24275,53.80084],[21.24802,53.80061],[21.24986,53.8008],[21.25348,53.80044],[21.25414,53.80056],[21.25518,53.8009],[21.25676,53.80118],[21.25843,53.80138],[21.26011,53.80147],[21.26045,53.80164],[21.26091,53.80221],[21.26152,53.80251],[21.26203,53.80262],[21.26407,53.80268],[21.2651,53.80264],[21.26681,53.80233],[21.268,53.80251],[21.26923,53.80287],[21.27091,53.80282]]}},{"type":"Feature","properties":{"numer":"1767N","klasa":"","kat":"powiatowa"},"geometry":{"type":"LineString","coordinates":[[21.30417,53.82818],[21.30341,53.82819],[21.29753,53.82771],[21.29676,53.82756],[21.29617,53.82694],[21.29511,53.82646],[21.29333,53.82537],[21.29278,53.82487],[21.29184,53.82423],[21.29157,53.82378],[21.29138,53.82302],[21.29055,53.82232],[21.29005,53.82116],[21.28924,53.82034],[21.28735,53.81942],[21.28594,53.81893],[21.28519,53.81831],[21.2836,53.81745],[21.28257,53.81704],[21.28081,53.81662],[21.27951,53.81554],[21.2766,53.81462],[21.27581,53.8143],[21.27442,53.81283],[21.27314,53.81034],[21.27307,53.80991],[21.2733,53.80893],[21.27325,53.80825],[21.27311,53.80803],[21.27236,53.80748],[21.27204,53.80706],[21.27091,53.80282]]}},{"type":"Feature","properties":{"numer":"600","klasa":"droga zbiorcza","kat":"wojewodzka"},"geometry":{"type":"LineString","coordinates":[[21.2272,53.80293],[21.2344,53.80482],[21.23503,53.80515],[21.23538,53.80545],[21.2358,53.80623],[21.23575,53.80657],[21.23485,53.80817],[21.23473,53.80862],[21.23513,53.81025],[21.23546,53.81083],[21.23656,53.81188],[21.23851,53.81349],[21.24159,53.81522],[21.24191,53.81552],[21.24344,53.81781],[21.2452,53.81889],[21.24786,53.82181],[21.24843,53.82227],[21.25251,53.82374],[21.25307,53.82408],[21.2569,53.82697],[21.25759,53.82739],[21.26102,53.82873],[21.2617,53.82889],[21.26417,53.82921],[21.26481,53.82937],[21.26666,53.83021],[21.26709,53.83053]]}},{"type":"Feature","properties":{"numer":"600","klasa":"droga zbiorcza","kat":"wojewodzka"},"geometry":{"type":"LineString","coordinates":[[21.26709,53.83053],[21.26711,53.83085],[21.26638,53.83179],[21.26647,53.83223],[21.26686,53.8324],[21.26909,53.8329],[21.27008,53.83334],[21.27059,53.83376],[21.2714,53.83467],[21.27303,53.83546],[21.27534,53.83755],[21.27804,53.83884],[21.27886,53.83935],[21.28407,53.84332],[21.28438,53.84382],[21.28445,53.84505],[21.28465,53.84551],[21.287,53.84734]]}},{"type":"Feature","properties":{"numer":"S16","klasa":"droga ekspresowa","kat":"krajowa"},"geometry":{"type":"LineString","coordinates":[[21.24808,53.85047],[21.24208,53.84776],[21.24027,53.84682],[21.2373,53.84508],[21.23582,53.84431],[21.23443,53.84375],[21.23109,53.84277],[21.22939,53.84245],[21.22744,53.84224]]}},{"type":"Feature","properties":{"numer":"600","klasa":"droga zbiorcza","kat":"wojewodzka"},"geometry":{"type":"LineString","coordinates":[[21.28721,53.84765],[21.287,53.84734]]}},{"type":"Feature","properties":{"numer":"600","klasa":"droga zbiorcza","kat":"wojewodzka"},"geometry":{"type":"LineString","coordinates":[[21.28732,53.84782],[21.28721,53.84765]]}},{"type":"Feature","properties":{"numer":"16","klasa":"droga gĹ‚Ăłwna ruchu przyĹ›pieszonego","kat":"krajowa"},"geometry":{"type":"LineString","coordinates":[[21.28759,53.84772],[21.28732,53.84782]]}},{"type":"Feature","properties":{"numer":"600","klasa":"droga zbiorcza","kat":"wojewodzka"},"geometry":{"type":"LineString","coordinates":[[21.13714,53.75864],[21.13705,53.75839],[21.13561,53.75774],[21.13515,53.75742],[21.13441,53.75558],[21.13404,53.7551],[21.12776,53.75238],[21.12686,53.7519],[21.12633,53.75121],[21.126,53.74963],[21.12575,53.74928],[21.12519,53.74901],[21.11934,53.74711],[21.11847,53.7467],[21.11431,53.74192]]}},{"type":"Feature","properties":{"numer":"600","klasa":"droga zbiorcza","kat":"wojewodzka"},"geometry":{"type":"LineString","coordinates":[[21.13714,53.75864],[21.13668,53.75945]]}},{"type":"Feature","properties":{"numer":"1636N","klasa":"droga zbiorcza","kat":"powiatowa"},"geometry":{"type":"LineString","coordinates":[[21.12785,53.79187],[21.12871,53.79019],[21.13231,53.78215],[21.13237,53.78169],[21.13216,53.77858],[21.13224,53.77805],[21.1351,53.77368],[21.13544,53.773],[21.13554,53.76941],[21.13598,53.76256],[21.1358,53.76222],[21.13528,53.76184],[21.1352,53.76157],[21.13538,53.76117],[21.1365,53.75983],[21.13668,53.75945]]}},{"type":"Feature","properties":{"numer":"1759N","klasa":"droga zbiorcza","kat":"powiatowa"},"geometry":{"type":"LineString","coordinates":[[21.13441,53.84439],[21.13386,53.84173],[21.13364,53.84133],[21.13207,53.83948],[21.13175,53.83894],[21.1306,53.83442],[21.13063,53.83393],[21.13091,53.83343],[21.13396,53.83019],[21.13429,53.82953],[21.13464,53.82815],[21.13464,53.82755],[21.13449,53.82695],[21.13214,53.82219],[21.13201,53.82123],[21.13349,53.81379],[21.13373,53.81346],[21.13441,53.81289],[21.13514,53.81201],[21.13571,53.81192],[21.13756,53.81207],[21.13803,53.81191],[21.13858,53.81158],[21.13865,53.81132],[21.13836,53.81027],[21.13882,53.80933],[21.13879,53.80822],[21.13908,53.80778],[21.14016,53.80685],[21.14045,53.80612],[21.14015,53.8057],[21.13973,53.80536],[21.1394,53.80522],[21.13826,53.80507],[21.13763,53.80489],[21.1372,53.80456],[21.13698,53.80418],[21.13699,53.80383],[21.13789,53.80179],[21.13799,53.80023],[21.13833,53.79898],[21.13723,53.79696],[21.13716,53.79545],[21.13701,53.79484],[21.13531,53.79286],[21.13473,53.7915],[21.13334,53.79069],[21.13264,53.79042],[21.12993,53.79109],[21.12885,53.79161],[21.12785,53.79187]]}},{"type":"Feature","properties":{"numer":"1755N","klasa":"droga zbiorcza","kat":"powiatowa"},"geometry":{"type":"LineString","coordinates":[[21.14001,53.8449],[21.13997,53.8453]]}},{"type":"Feature","properties":{"numer":"1757N","klasa":"","kat":"powiatowa"},"geometry":{"type":"LineString","coordinates":[[21.14301,53.84509],[21.14318,53.84533]]}},{"type":"Feature","properties":{"numer":"S16","klasa":"droga ekspresowa","kat":"krajowa"},"geometry":{"type":"LineString","coordinates":[[21.14318,53.84533],[21.13997,53.8453]]}},{"type":"Feature","properties":{"numer":"1755N","klasa":"droga zbiorcza","kat":"powiatowa"},"geometry":{"type":"LineString","coordinates":[[21.13997,53.8453],[21.14005,53.84552],[21.14044,53.84584],[21.14036,53.84606],[21.13861,53.84638],[21.13812,53.84658],[21.13736,53.84735],[21.13607,53.84804],[21.13572,53.84827],[21.1356,53.84849],[21.13565,53.84932],[21.13658,53.85028],[21.13778,53.85267],[21.13771,53.85293],[21.13702,53.85365]]}},{"type":"Feature","properties":{"numer":"1757N","klasa":"","kat":"powiatowa"},"geometry":{"type":"LineString","coordinates":[[21.14318,53.84533],[21.14389,53.8466],[21.14583,53.8493],[21.14659,53.85004],[21.14768,53.85053],[21.15132,53.8514],[21.15225,53.85173],[21.15318,53.85239],[21.15908,53.85568],[21.15966,53.85648],[21.16091,53.86088],[21.16143,53.86142],[21.16275,53.86214],[21.16846,53.86438],[21.17249,53.86629]]}},{"type":"Feature","properties":{"numer":"1755N","klasa":"droga zbiorcza","kat":"powiatowa"},"geometry":{"type":"LineString","coordinates":[[21.17252,53.91292],[21.17223,53.91185],[21.17191,53.91117],[21.1701,53.9091],[21.16901,53.90747],[21.16711,53.90141],[21.16448,53.89727],[21.16384,53.89677],[21.16061,53.89554],[21.15959,53.89498],[21.15431,53.8904],[21.15216,53.88881],[21.15189,53.8885],[21.15141,53.88719],[21.14982,53.87931],[21.1496,53.87579],[21.14969,53.87435],[21.14897,53.87389],[21.14782,53.87255],[21.14744,53.87187],[21.14745,53.87108],[21.14667,53.87013],[21.14399,53.86822],[21.14294,53.86715],[21.13917,53.86367],[21.13815,53.86227],[21.13829,53.85996],[21.1389,53.85751],[21.13875,53.85727],[21.13727,53.85587],[21.13691,53.85537],[21.13653,53.85424],[21.13702,53.85365]]}},{"type":"Feature","properties":{"numer":"1763N","klasa":"","kat":"powiatowa"},"geometry":{"type":"LineString","coordinates":[[21.22749,53.84148],[21.22787,53.84115],[21.22787,53.84062]]}},{"type":"Feature","properties":{"numer":"16","klasa":"droga gĹ‚Ăłwna ruchu przyĹ›pieszonego","kat":"krajowa"},"geometry":{"type":"LineString","coordinates":[[21.21452,53.84097],[21.21512,53.84124]]}},{"type":"Feature","properties":{"numer":"16","klasa":"droga gĹ‚Ăłwna ruchu przyĹ›pieszonego","kat":"krajowa"},"geometry":{"type":"LineString","coordinates":[[21.21512,53.84124],[21.21558,53.84149]]}},{"type":"Feature","properties":{"numer":"16","klasa":"droga gĹ‚Ăłwna ruchu przyĹ›pieszonego","kat":"krajowa"},"geometry":{"type":"LineString","coordinates":[[21.21558,53.84149],[21.216,53.84173]]}},{"type":"Feature","properties":{"numer":"1763N","klasa":"","kat":"powiatowa"},"geometry":{"type":"LineString","coordinates":[[21.22744,53.84224],[21.22737,53.84192],[21.22749,53.84148]]}},{"type":"Feature","properties":{"numer":"16","klasa":"droga gĹ‚Ăłwna ruchu przyĹ›pieszonego","kat":"krajowa"},"geometry":{"type":"LineString","coordinates":[[21.216,53.84173],[21.21771,53.84261]]}},{"type":"Feature","properties":{"numer":"S16","klasa":"droga ekspresowa","kat":"krajowa"},"geometry":{"type":"LineString","coordinates":[[21.22744,53.84224],[21.22405,53.84212],[21.21771,53.84261]]}},{"type":"Feature","properties":{"numer":"16","klasa":"droga gĹ‚Ăłwna ruchu przyĹ›pieszonego","kat":"krajowa"},"geometry":{"type":"LineString","coordinates":[[21.21771,53.84261],[21.21932,53.84311]]}},{"type":"Feature","properties":{"numer":"16","klasa":"droga gĹ‚Ăłwna ruchu przyĹ›pieszonego","kat":"krajowa"},"geometry":{"type":"LineString","coordinates":[[21.21932,53.84311],[21.21993,53.84329]]}},{"type":"Feature","properties":{"numer":"16","klasa":"droga gĹ‚Ăłwna ruchu przyĹ›pieszonego","kat":"krajowa"},"geometry":{"type":"LineString","coordinates":[[21.21993,53.84329],[21.22023,53.84338],[21.22038,53.84353]]}},{"type":"Feature","properties":{"numer":"16","klasa":"droga gĹ‚Ăłwna ruchu przyĹ›pieszonego","kat":"krajowa"},"geometry":{"type":"LineString","coordinates":[[21.22897,53.84685],[21.23028,53.84747],[21.23769,53.85184],[21.24452,53.8535],[21.2489,53.8552],[21.25558,53.85736],[21.25954,53.85836],[21.26326,53.85908],[21.26434,53.85942],[21.26566,53.85953]]}},{"type":"Feature","properties":{"numer":"59","klasa":"droga gĹ‚Ăłwna","kat":"krajowa"},"geometry":{"type":"LineString","coordinates":[[21.27998,53.85983],[21.28031,53.85889],[21.28037,53.85794],[21.28,53.85599],[21.27991,53.85429]]}},{"type":"Feature","properties":{"numer":"1632N","klasa":"","kat":"powiatowa"},"geometry":{"type":"LineString","coordinates":[[21.26472,53.85965],[21.26518,53.85965],[21.26566,53.85953]]}},{"type":"Feature","properties":{"numer":"16","klasa":"droga gĹ‚Ăłwna ruchu przyĹ›pieszonego","kat":"krajowa"},"geometry":{"type":"LineString","coordinates":[[21.26566,53.85953],[21.26853,53.85912],[21.27083,53.85915],[21.27617,53.85972],[21.27867,53.86016]]}},{"type":"Feature","properties":{"numer":"59","klasa":"droga gĹ‚Ăłwna","kat":"krajowa"},"geometry":{"type":"LineString","coordinates":[[21.27986,53.8602],[21.27998,53.85983]]}},{"type":"Feature","properties":{"numer":"16","klasa":"droga gĹ‚Ăłwna ruchu przyĹ›pieszonego","kat":"krajowa"},"geometry":{"type":"LineString","coordinates":[[21.27867,53.86016],[21.27951,53.86031]]}},{"type":"Feature","properties":{"numer":"59","klasa":"droga gĹ‚Ăłwna","kat":"krajowa"},"geometry":{"type":"LineString","coordinates":[[21.2798,53.86038],[21.27986,53.8602]]}},{"type":"Feature","properties":{"numer":"16","klasa":"droga gĹ‚Ăłwna ruchu przyĹ›pieszonego","kat":"krajowa"},"geometry":{"type":"LineString","coordinates":[[21.27951,53.86031],[21.2798,53.86038]]}},{"type":"Feature","properties":{"numer":"16,59","klasa":"droga gĹ‚Ăłwna ruchu przyĹ›pieszonego","kat":"gminna"},"geometry":{"type":"LineString","coordinates":[[21.28008,53.86042],[21.2798,53.86038]]}},{"type":"Feature","properties":{"numer":"59","klasa":"droga gĹ‚Ăłwna","kat":"krajowa"},"geometry":{"type":"LineString","coordinates":[[21.2798,53.86038],[21.27967,53.86053]]}},{"type":"Feature","properties":{"numer":"16","klasa":"droga gĹ‚Ăłwna ruchu przyĹ›pieszonego","kat":"krajowa"},"geometry":{"type":"LineString","coordinates":[[21.22038,53.84353],[21.22065,53.84381]]}},{"type":"Feature","properties":{"numer":"16","klasa":"droga gĹ‚Ăłwna ruchu przyĹ›pieszonego","kat":"krajowa"},"geometry":{"type":"LineString","coordinates":[[21.22065,53.84381],[21.22082,53.84394]]}},{"type":"Feature","properties":{"numer":"1763N","klasa":"","kat":"powiatowa"},"geometry":{"type":"LineString","coordinates":[[21.22897,53.84685],[21.23066,53.84647],[21.23063,53.84634],[21.23014,53.84537],[21.22884,53.84444],[21.2275,53.84306],[21.22744,53.84224]]}},{"type":"Feature","properties":{"numer":"16","klasa":"droga gĹ‚Ăłwna ruchu przyĹ›pieszonego","kat":"krajowa"},"geometry":{"type":"LineString","coordinates":[[21.22082,53.84394],[21.22359,53.84519],[21.22897,53.84685]]}},{"type":"Feature","properties":{"numer":"1632N","klasa":"","kat":"powiatowa"},"geometry":{"type":"LineString","coordinates":[[21.17249,53.86629],[21.17265,53.86577],[21.17304,53.86551],[21.1781,53.86434],[21.17892,53.86437],[21.18206,53.8648],[21.18427,53.86522],[21.18637,53.86492],[21.18775,53.86489],[21.1884,53.86496],[21.18993,53.86469],[21.19185,53.86504],[21.19365,53.8651],[21.19487,53.86483],[21.19584,53.86452],[21.19603,53.86379],[21.19685,53.86304],[21.19704,53.86272],[21.19807,53.86218],[21.19839,53.86215],[21.19899,53.86228],[21.20034,53.86227],[21.20168,53.8621],[21.20246,53.86187],[21.20302,53.86151],[21.2029,53.86079],[21.20324,53.8605],[21.20444,53.86025],[21.20528,53.86025],[21.20625,53.86001],[21.20713,53.86003],[21.20828,53.86048],[21.2106,53.86042],[21.21168,53.86029],[21.21237,53.85976],[21.21359,53.85972],[21.21536,53.85886],[21.21682,53.85868],[21.21762,53.85843],[21.21843,53.85796],[21.21906,53.85776],[21.22033,53.85814],[21.2211,53.85848],[21.22155,53.85855],[21.22686,53.85853],[21.23046,53.85976],[21.23141,53.86021],[21.23225,53.86043]]}},{"type":"Feature","properties":{"numer":"1757N","klasa":"","kat":"powiatowa"},"geometry":{"type":"LineString","coordinates":[[21.22537,53.90126],[21.22507,53.90085],[21.22469,53.8996],[21.22438,53.89903],[21.22308,53.8975],[21.22151,53.89625],[21.22079,53.89591],[21.21981,53.89571],[21.21892,53.89493],[21.21716,53.89404],[21.21621,53.89389],[21.21516,53.89397],[21.21455,53.89389],[21.21365,53.89368],[21.21289,53.89338],[21.21133,53.89293],[21.20977,53.89269],[21.20865,53.89233],[21.20799,53.89219],[21.20744,53.89196],[21.20559,53.8907],[21.20365,53.88869],[21.20271,53.8881],[21.20197,53.88746],[21.19992,53.88469],[21.19903,53.88368],[21.19864,53.88308],[21.19839,53.88228],[21.19759,53.88166],[21.19712,53.88147],[21.19428,53.88124]]}},{"type":"Feature","properties":{"numer":"1757N","klasa":"","kat":"powiatowa"},"geometry":{"type":"LineString","coordinates":[[21.22537,53.90126],[21.22651,53.90233],[21.22806,53.90347],[21.22836,53.90399],[21.22873,53.90522],[21.22899,53.90545],[21.22962,53.90578],[21.23091,53.90597],[21.23221,53.90635],[21.23471,53.90693],[21.23544,53.90714],[21.23549,53.90726]]}},{"type":"Feature","properties":{"numer":"1509N","klasa":"droga zbiorcza","kat":"powiatowa"},"geometry":{"type":"LineString","coordinates":[[21.23233,53.90884],[21.23354,53.90788],[21.23468,53.90742],[21.23549,53.90726]]}},{"type":"Feature","properties":{"numer":"1509N","klasa":"droga zbiorcza","kat":"powiatowa"},"geometry":{"type":"LineString","coordinates":[[21.17532,53.91526],[21.17721,53.91504],[21.17823,53.91456],[21.17908,53.9144],[21.17951,53.91446],[21.18056,53.91482],[21.18117,53.91494],[21.18256,53.91495],[21.18382,53.91484],[21.1861,53.91441],[21.19041,53.91325],[21.19585,53.912],[21.19654,53.91202],[21.19937,53.91235],[21.20462,53.9139],[21.20791,53.9143],[21.20859,53.91431],[21.2129,53.91362],[21.2135,53.91347],[21.21639,53.91216],[21.2186,53.91088],[21.21924,53.91059],[21.22166,53.91047],[21.2246,53.91045],[21.22934,53.90989],[21.22993,53.90978],[21.23139,53.9093],[21.23233,53.90884]]}},{"type":"Feature","properties":{"numer":"1630N","klasa":"","kat":"powiatowa"},"geometry":{"type":"LineString","coordinates":[[21.17435,53.92183],[21.1759,53.92214],[21.18015,53.92328],[21.18539,53.92447],[21.18644,53.92465],[21.18939,53.92494],[21.19053,53.92512],[21.19644,53.92669],[21.19752,53.92691],[21.19907,53.92706],[21.21188,53.92781],[21.21337,53.92801],[21.21881,53.92901],[21.21927,53.92905],[21.22106,53.92897],[21.22131,53.9291],[21.22211,53.93013],[21.22249,53.93049],[21.22267,53.93055],[21.22309,53.93006],[21.22345,53.92856],[21.22497,53.92703],[21.22513,53.92379],[21.22539,53.92299],[21.22841,53.91769],[21.23032,53.91359],[21.23239,53.91183],[21.23265,53.91074],[21.23225,53.90952],[21.23233,53.90884]]}},{"type":"Feature","properties":{"numer":"1509N","klasa":"droga zbiorcza","kat":"powiatowa"},"geometry":{"type":"LineString","coordinates":[[21.17362,53.91369],[21.17368,53.91374]]}},{"type":"Feature","properties":{"numer":"1509N","klasa":"droga zbiorcza","kat":"powiatowa"},"geometry":{"type":"LineString","coordinates":[[21.17368,53.91374],[21.17492,53.91478],[21.17532,53.91526]]}},{"type":"Feature","properties":{"numer":"1755N","klasa":"droga zbiorcza","kat":"powiatowa"},"geometry":{"type":"LineString","coordinates":[[21.17435,53.92183],[21.17515,53.92099],[21.17586,53.91998],[21.17585,53.91963],[21.17521,53.91777],[21.17461,53.91649],[21.17485,53.91559],[21.17532,53.91526]]}},{"type":"Feature","properties":{"numer":"1630N","klasa":"droga zbiorcza","kat":"powiatowa"},"geometry":{"type":"LineString","coordinates":[[21.17229,53.92321],[21.17258,53.92279],[21.17356,53.92234],[21.17435,53.92183]]}},{"type":"Feature","properties":{"numer":"1755N","klasa":"droga zbiorcza","kat":"powiatowa"},"geometry":{"type":"LineString","coordinates":[[21.16448,53.94655],[21.16539,53.9457],[21.16554,53.9453],[21.16531,53.94276],[21.16398,53.9396],[21.16433,53.93667],[21.16477,53.936],[21.17017,53.93062],[21.17146,53.9276],[21.17269,53.92614],[21.17262,53.92401],[21.17229,53.92321]]}},{"type":"Feature","properties":{"numer":"1628N","klasa":"","kat":"powiatowa"},"geometry":{"type":"LineString","coordinates":[[21.16448,53.94655],[21.16634,53.94675],[21.16687,53.94705],[21.1677,53.94774],[21.16996,53.94851],[21.17563,53.9491]]}},{"type":"Feature","properties":{"numer":"1628N","klasa":"","kat":"powiatowa"},"geometry":{"type":"LineString","coordinates":[[21.17563,53.9491],[21.175674718272273,53.94910464433095]]}},{"type":"Feature","properties":{"numer":"1699N","klasa":"droga zbiorcza","kat":"powiatowa"},"geometry":{"type":"LineString","coordinates":[[21.26857,53.93438],[21.26952,53.93445],[21.27041,53.93429],[21.27091,53.93403],[21.27188,53.93331],[21.27262,53.93306],[21.27832,53.93245],[21.27906,53.9323],[21.28718,53.92932]]}},{"type":"Feature","properties":{"numer":"1699N","klasa":"droga zbiorcza","kat":"powiatowa"},"geometry":{"type":"LineString","coordinates":[[21.23656113763665,53.970865476270184],[21.23698,53.96999],[21.24164,53.9613],[21.2422,53.9598],[21.24272,53.95938],[21.24494,53.95827],[21.24529,53.958],[21.24523,53.95772],[21.24435,53.95701],[21.24415,53.95657],[21.2443,53.95626],[21.24527,53.95514],[21.24543,53.95463],[21.2454,53.95428],[21.24329,53.95125],[21.2432,53.95058],[21.24346,53.95006],[21.24838,53.94519],[21.25934,53.93709],[21.26031,53.9366],[21.26178,53.93614],[21.26464,53.93574],[21.26527,53.93559],[21.2674,53.93444],[21.26799,53.93436],[21.26857,53.93438]]}},{"type":"Feature","properties":{"numer":"211096N","klasa":"droga lokalna","kat":"powiatowa"},"geometry":{"type":"LineString","coordinates":[[21.29959,53.86965],[21.29987,53.86949]]}},{"type":"Feature","properties":{"numer":"211077N","klasa":"droga lokalna","kat":"powiatowa"},"geometry":{"type":"LineString","coordinates":[[21.30435,53.86982],[21.30443,53.86934]]}},{"type":"Feature","properties":{"numer":"211064N","klasa":"","kat":"powiatowa"},"geometry":{"type":"LineString","coordinates":[[21.30022,53.86983],[21.29993,53.86945]]}},{"type":"Feature","properties":{"numer":"211077N","klasa":"droga lokalna","kat":"powiatowa"},"geometry":{"type":"LineString","coordinates":[[21.30434,53.86988],[21.30435,53.86982]]}},{"type":"Feature","properties":{"numer":"211073N","klasa":"droga lokalna","kat":"powiatowa"},"geometry":{"type":"LineString","coordinates":[[21.30346,53.87021],[21.30434,53.86988]]}},{"type":"Feature","properties":{"numer":"211064N","klasa":"droga lokalna","kat":"powiatowa"},"geometry":{"type":"LineString","coordinates":[[21.3017,53.87031],[21.30022,53.86983]]}},{"type":"Feature","properties":{"numer":"211096N","klasa":"droga lokalna","kat":"powiatowa"},"geometry":{"type":"LineString","coordinates":[[21.29844,53.87072],[21.29892,53.87002],[21.29959,53.86965]]}},{"type":"Feature","properties":{"numer":"211059N","klasa":"droga lokalna","kat":"powiatowa"},"geometry":{"type":"LineString","coordinates":[[21.30343,53.8706],[21.30346,53.87021]]}},{"type":"Feature","properties":{"numer":"211064N","klasa":"droga lokalna","kat":"powiatowa"},"geometry":{"type":"LineString","coordinates":[[21.30277,53.87067],[21.30242,53.87061],[21.3017,53.87031]]}},{"type":"Feature","properties":{"numer":"211059N","klasa":"droga lokalna","kat":"powiatowa"},"geometry":{"type":"LineString","coordinates":[[21.30341,53.87067],[21.30343,53.8706]]}},{"type":"Feature","properties":{"numer":"211064N","klasa":"droga lokalna","kat":"powiatowa"},"geometry":{"type":"LineString","coordinates":[[21.30341,53.87067],[21.30277,53.87067]]}},{"type":"Feature","properties":{"numer":"211059N","klasa":"droga lokalna","kat":"powiatowa"},"geometry":{"type":"LineString","coordinates":[[21.30337,53.871],[21.30341,53.87067]]}},{"type":"Feature","properties":{"numer":"211096N","klasa":"droga lokalna","kat":"powiatowa"},"geometry":{"type":"LineString","coordinates":[[21.29848,53.87099],[21.29844,53.87072]]}},{"type":"Feature","properties":{"numer":"211059N","klasa":"droga lokalna","kat":"powiatowa"},"geometry":{"type":"LineString","coordinates":[[21.30335,53.87132],[21.30337,53.871]]}},{"type":"Feature","properties":{"numer":"211091N","klasa":"droga lokalna","kat":"powiatowa"},"geometry":{"type":"LineString","coordinates":[[21.30384,53.87134],[21.30335,53.87132]]}},{"type":"Feature","properties":{"numer":"211096N","klasa":"droga lokalna","kat":"powiatowa"},"geometry":{"type":"LineString","coordinates":[[21.29863,53.87171],[21.29848,53.87099]]}},{"type":"Feature","properties":{"numer":"211061N","klasa":"droga lokalna","kat":"powiatowa"},"geometry":{"type":"LineString","coordinates":[[21.30383,53.87158],[21.30384,53.87134]]}},{"type":"Feature","properties":{"numer":"211061N","klasa":"droga lokalna","kat":"powiatowa"},"geometry":{"type":"LineString","coordinates":[[21.30382,53.87165],[21.30383,53.87158]]}},{"type":"Feature","properties":{"numer":"211061N","klasa":"droga lokalna","kat":"powiatowa"},"geometry":{"type":"LineString","coordinates":[[21.30378,53.87214],[21.30382,53.87165]]}},{"type":"Feature","properties":{"numer":"211096N","klasa":"droga lokalna","kat":"powiatowa"},"geometry":{"type":"LineString","coordinates":[[21.29867,53.87227],[21.29863,53.87171]]}},{"type":"Feature","properties":{"numer":"1749N","klasa":"","kat":"powiatowa"},"geometry":{"type":"LineString","coordinates":[[21.37278,53.88289],[21.37306,53.88245],[21.37325,53.88162],[21.37386,53.88086],[21.37448,53.87972],[21.37497,53.87936],[21.37622,53.87877],[21.37869,53.87738],[21.37954,53.87638],[21.37988,53.87566],[21.38001,53.87434],[21.37973,53.87302],[21.37962,53.87022],[21.38015,53.86893],[21.38024,53.86794],[21.38006,53.86753],[21.37982,53.86733],[21.37855,53.86646],[21.37813,53.86566],[21.37756,53.86381],[21.3778,53.86206],[21.37829,53.86125],[21.37978,53.85997],[21.38064,53.85869],[21.38106,53.85663],[21.38182,53.8559],[21.38226,53.85511],[21.38274,53.85314],[21.3837,53.85134],[21.38409,53.85033],[21.38412,53.84994],[21.38389,53.84972],[21.38342,53.84952],[21.38232,53.8493],[21.3821,53.84902],[21.38208,53.84883],[21.38241,53.8478],[21.38296,53.84736],[21.38444,53.8457],[21.38534,53.84355],[21.38533,53.84166],[21.38638,53.8394],[21.38721,53.83792],[21.387,53.83642],[21.38716,53.83347],[21.3871,53.83266],[21.38707,53.83256],[21.38652,53.83238],[21.38642,53.83227],[21.3864,53.83181]]}},{"type":"Feature","properties":{"numer":"1751N","klasa":"droga zbiorcza","kat":"powiatowa"},"geometry":{"type":"LineString","coordinates":[[21.41145,53.88928],[21.4117,53.88922],[21.4124,53.8888],[21.41408,53.88837],[21.41439,53.88821],[21.41484,53.88729],[21.41649,53.88523],[21.41559,53.88232],[21.4135,53.88047],[21.41279,53.8795],[21.41276,53.87913],[21.41318,53.87762],[21.41357,53.87714],[21.41525,53.87553],[21.41785,53.87342],[21.41891,53.87243],[21.41971,53.87078],[21.41938,53.86956],[21.41951,53.86898],[21.41978,53.86886],[21.4221,53.86892]]}},{"type":"Feature","properties":{"numer":"1749N","klasa":"","kat":"powiatowa"},"geometry":{"type":"LineString","coordinates":[[21.37288,53.88317],[21.37278,53.88289]]}},{"type":"Feature","properties":{"numer":"59","klasa":"droga gĹ‚Ăłwna","kat":"krajowa"},"geometry":{"type":"LineString","coordinates":[[21.37288,53.88317],[21.37354,53.88318],[21.37521,53.88342],[21.37708,53.88405],[21.37762,53.88412],[21.38621,53.88463],[21.39804,53.88516],[21.39902,53.88548],[21.40111,53.88667],[21.40168,53.88681],[21.40217,53.88678],[21.40307,53.88644],[21.40357,53.88634],[21.40518,53.88624],[21.40592,53.88628],[21.40666,53.88648],[21.40723,53.88673],[21.40948,53.88865],[21.40991,53.88882],[21.41107,53.88903],[21.41145,53.88928]]}},{"type":"Feature","properties":{"numer":"59","klasa":"droga gĹ‚Ăłwna","kat":"krajowa"},"geometry":{"type":"LineString","coordinates":[[21.41145,53.88928],[21.41136,53.88967],[21.41019,53.89078],[21.40984,53.89178],[21.40884,53.89247],[21.40844,53.89424]]}},{"type":"Feature","properties":{"numer":"1743N","klasa":"","kat":"powiatowa"},"geometry":{"type":"LineString","coordinates":[[21.40703,53.89509],[21.40844,53.89424]]}},{"type":"Feature","properties":{"numer":"1743N","klasa":"","kat":"powiatowa"},"geometry":{"type":"LineString","coordinates":[[21.40575,53.89768],[21.40611,53.89713],[21.40688,53.89638],[21.40698,53.89601],[21.40685,53.89536],[21.40703,53.89509]]}},{"type":"Feature","properties":{"numer":"1743N","klasa":"","kat":"powiatowa"},"geometry":{"type":"LineString","coordinates":[[21.40377,53.90155],[21.40415,53.90115],[21.40535,53.8993],[21.4057,53.89855],[21.40575,53.89768]]}},{"type":"Feature","properties":{"numer":"1745N","klasa":"","kat":"powiatowa"},"geometry":{"type":"LineString","coordinates":[[21.35999,53.90579],[21.3598,53.90571]]}},{"type":"Feature","properties":{"numer":"1745N","klasa":"","kat":"powiatowa"},"geometry":{"type":"LineString","coordinates":[[21.35999,53.90579],[21.3606,53.90611],[21.36081,53.90652],[21.35966,53.90942],[21.35943,53.91059],[21.36017,53.91174]]}},{"type":"Feature","properties":{"numer":"211061N","klasa":"droga lokalna","kat":"powiatowa"},"geometry":{"type":"LineString","coordinates":[[21.30389,53.87255],[21.30378,53.87214]]}},{"type":"Feature","properties":{"numer":"211061N","klasa":"droga lokalna","kat":"powiatowa"},"geometry":{"type":"LineString","coordinates":[[21.30395,53.87274],[21.30389,53.87255]]}},{"type":"Feature","properties":{"numer":"211096N","klasa":"droga lokalna","kat":"powiatowa"},"geometry":{"type":"LineString","coordinates":[[21.2987,53.87317],[21.29867,53.87227]]}},{"type":"Feature","properties":{"numer":"211061N","klasa":"droga lokalna","kat":"powiatowa"},"geometry":{"type":"LineString","coordinates":[[21.30402,53.87333],[21.30395,53.87274]]}},{"type":"Feature","properties":{"numer":"211096N","klasa":"droga lokalna","kat":"powiatowa"},"geometry":{"type":"LineString","coordinates":[[21.29868,53.87377],[21.2987,53.87317]]}},{"type":"Feature","properties":{"numer":"211061N","klasa":"droga lokalna","kat":"powiatowa"},"geometry":{"type":"LineString","coordinates":[[21.30413,53.87439],[21.30402,53.87333]]}},{"type":"Feature","properties":{"numer":"1747N","klasa":"","kat":"powiatowa"},"geometry":{"type":"LineString","coordinates":[[21.32547,53.87292],[21.32453,53.87357],[21.32352,53.875],[21.32306,53.87546]]}},{"type":"Feature","properties":{"numer":"211061N","klasa":"droga lokalna","kat":"powiatowa"},"geometry":{"type":"LineString","coordinates":[[21.30415,53.87513],[21.30413,53.87439]]}},{"type":"Feature","properties":{"numer":"211096N","klasa":"droga lokalna","kat":"powiatowa"},"geometry":{"type":"LineString","coordinates":[[21.29861,53.87541],[21.29858,53.87414]]}},{"type":"Feature","properties":{"numer":"211061N","klasa":"droga lokalna","kat":"powiatowa"},"geometry":{"type":"LineString","coordinates":[[21.30415,53.87528],[21.30415,53.87513]]}},{"type":"Feature","properties":{"numer":"1747N","klasa":"","kat":"powiatowa"},"geometry":{"type":"LineString","coordinates":[[21.32306,53.87546],[21.32301,53.87541]]}},{"type":"Feature","properties":{"numer":"211061N","klasa":"droga lokalna","kat":"powiatowa"},"geometry":{"type":"LineString","coordinates":[[21.30411,53.87585],[21.30415,53.87528]]}},{"type":"Feature","properties":{"numer":"211096N","klasa":"droga lokalna","kat":"powiatowa"},"geometry":{"type":"LineString","coordinates":[[21.29874,53.87622],[21.29861,53.87541]]}},{"type":"Feature","properties":{"numer":"211094N","klasa":"droga lokalna","kat":"powiatowa"},"geometry":{"type":"LineString","coordinates":[[21.31431,53.87613],[21.31438,53.87613]]}},{"type":"Feature","properties":{"numer":"211094N","klasa":"droga lokalna","kat":"powiatowa"},"geometry":{"type":"LineString","coordinates":[[21.31431,53.87613],[21.3141,53.87615]]}},{"type":"Feature","properties":{"numer":"211094N","klasa":"droga lokalna","kat":"powiatowa"},"geometry":{"type":"LineString","coordinates":[[21.31438,53.87613],[21.31491,53.87612],[21.31573,53.87627]]}},{"type":"Feature","properties":{"numer":"1747N","klasa":"","kat":"powiatowa"},"geometry":{"type":"LineString","coordinates":[[21.32306,53.87546],[21.32233,53.87731]]}},{"type":"Feature","properties":{"numer":"211094N","klasa":"droga lokalna","kat":"powiatowa"},"geometry":{"type":"LineString","coordinates":[[21.31573,53.87627],[21.31721,53.87659]]}},{"type":"Feature","properties":{"numer":"211095N","klasa":"droga lokalna","kat":"powiatowa"},"geometry":{"type":"LineString","coordinates":[[21.30134,53.87696],[21.30064,53.87688],[21.29948,53.8764],[21.29874,53.87622]]}},{"type":"Feature","properties":{"numer":"211094N","klasa":"droga lokalna","kat":"powiatowa"},"geometry":{"type":"LineString","coordinates":[[21.3141,53.87615],[21.31272,53.8761],[21.31172,53.87622],[21.31108,53.87641],[21.3093,53.87715],[21.30854,53.87728]]}},{"type":"Feature","properties":{"numer":"211094N","klasa":"droga lokalna","kat":"powiatowa"},"geometry":{"type":"LineString","coordinates":[[21.31721,53.87659],[21.32018,53.87695]]}},{"type":"Feature","properties":{"numer":"211099N","klasa":"droga lokalna","kat":"powiatowa"},"geometry":{"type":"LineString","coordinates":[[21.304,53.87699],[21.30402,53.87693]]}},{"type":"Feature","properties":{"numer":"211095N","klasa":"droga lokalna","kat":"powiatowa"},"geometry":{"type":"LineString","coordinates":[[21.30185,53.87696],[21.30134,53.87696]]}},{"type":"Feature","properties":{"numer":"211094N","klasa":"droga lokalna","kat":"powiatowa"},"geometry":{"type":"LineString","coordinates":[[21.32018,53.87695],[21.32031,53.87697]]}},{"type":"Feature","properties":{"numer":"211094N","klasa":"droga lokalna","kat":"powiatowa"},"geometry":{"type":"LineString","coordinates":[[21.32031,53.87697],[21.32058,53.87702]]}},{"type":"Feature","properties":{"numer":"211094N","klasa":"","kat":"powiatowa"},"geometry":{"type":"LineString","coordinates":[[21.30402,53.87693],[21.30488,53.87695],[21.30595,53.87713]]}},{"type":"Feature","properties":{"numer":"211094N","klasa":"droga lokalna","kat":"powiatowa"},"geometry":{"type":"LineString","coordinates":[[21.32058,53.87702],[21.32197,53.87725]]}},{"type":"Feature","properties":{"numer":"211094N","klasa":"droga lokalna","kat":"powiatowa"},"geometry":{"type":"LineString","coordinates":[[21.30684,53.87727],[21.30595,53.87713]]}},{"type":"Feature","properties":{"numer":"211099N","klasa":"","kat":"powiatowa"},"geometry":{"type":"LineString","coordinates":[[21.30387,53.87746],[21.304,53.87699]]}},{"type":"Feature","properties":{"numer":"211094N","klasa":"droga lokalna","kat":"powiatowa"},"geometry":{"type":"LineString","coordinates":[[21.32197,53.87725],[21.32226,53.8773]]}},{"type":"Feature","properties":{"numer":"211094N","klasa":"droga lokalna","kat":"powiatowa"},"geometry":{"type":"LineString","coordinates":[[21.30854,53.87728],[21.30684,53.87727]]}},{"type":"Feature","properties":{"numer":"211094N","klasa":"droga lokalna","kat":"powiatowa"},"geometry":{"type":"LineString","coordinates":[[21.32226,53.8773],[21.32233,53.87731]]}},{"type":"Feature","properties":{"numer":"211094N","klasa":"droga lokalna","kat":"powiatowa"},"geometry":{"type":"LineString","coordinates":[[21.32233,53.87731],[21.3224,53.87732]]}},{"type":"Feature","properties":{"numer":"211094N","klasa":"droga lokalna","kat":"powiatowa"},"geometry":{"type":"LineString","coordinates":[[21.3224,53.87732],[21.32333,53.87748]]}},{"type":"Feature","properties":{"numer":"211094N","klasa":"droga lokalna","kat":"powiatowa"},"geometry":{"type":"LineString","coordinates":[[21.32333,53.87748],[21.32445,53.87767]]}},{"type":"Feature","properties":{"numer":"211099N","klasa":"droga lokalna","kat":"powiatowa"},"geometry":{"type":"LineString","coordinates":[[21.30387,53.87746],[21.30379,53.87778]]}},{"type":"Feature","properties":{"numer":"211094N","klasa":"droga lokalna","kat":"powiatowa"},"geometry":{"type":"LineString","coordinates":[[21.32445,53.87767],[21.32646,53.87801]]}},{"type":"Feature","properties":{"numer":"","klasa":"droga lokalna","kat":"gminna"},"geometry":{"type":"LineString","coordinates":[[21.32646,53.87801],[21.32776,53.87823]]}},{"type":"Feature","properties":{"numer":"59","klasa":"droga gĹ‚Ăłwna","kat":"krajowa"},"geometry":{"type":"LineString","coordinates":[[21.29985,53.87966],[21.29847,53.87922],[21.28978,53.8769]]}},{"type":"Feature","properties":{"numer":"","klasa":"droga lokalna","kat":"gminna"},"geometry":{"type":"LineString","coordinates":[[21.32776,53.87823],[21.32991,53.8786],[21.33122,53.87873]]}},{"type":"Feature","properties":{"numer":"211099N","klasa":"droga lokalna","kat":"powiatowa"},"geometry":{"type":"LineString","coordinates":[[21.30379,53.87778],[21.30331,53.8796]]}},{"type":"Feature","properties":{"numer":"","klasa":"droga lokalna","kat":"gminna"},"geometry":{"type":"LineString","coordinates":[[21.33122,53.87873],[21.33329,53.87886]]}},{"type":"Feature","properties":{"numer":"","klasa":"droga lokalna","kat":"gminna"},"geometry":{"type":"LineString","coordinates":[[21.33329,53.87886],[21.33411,53.87892]]}},{"type":"Feature","properties":{"numer":"169037N","klasa":"droga lokalna","kat":"powiatowa"},"geometry":{"type":"LineString","coordinates":[[21.33375,53.88013],[21.33411,53.87892]]}},{"type":"Feature","properties":{"numer":"211099N","klasa":"droga lokalna","kat":"powiatowa"},"geometry":{"type":"LineString","coordinates":[[21.30327,53.87977],[21.30331,53.8796]]}},{"type":"Feature","properties":{"numer":"59","klasa":"droga gĹ‚Ăłwna","kat":"krajowa"},"geometry":{"type":"LineString","coordinates":[[21.30012,53.87976],[21.29985,53.87966]]}},{"type":"Feature","properties":{"numer":"211099N","klasa":"droga lokalna","kat":"powiatowa"},"geometry":{"type":"LineString","coordinates":[[21.303,53.88081],[21.30327,53.87977]]}},{"type":"Feature","properties":{"numer":"59","klasa":"droga gĹ‚Ăłwna","kat":"krajowa"},"geometry":{"type":"LineString","coordinates":[[21.30228,53.88089],[21.30108,53.88019],[21.30012,53.87976]]}},{"type":"Feature","properties":{"numer":"169037N","klasa":"droga lokalna","kat":"powiatowa"},"geometry":{"type":"LineString","coordinates":[[21.33375,53.88013],[21.33346,53.88087],[21.33347,53.88158]]}},{"type":"Feature","properties":{"numer":"211099N","klasa":"","kat":"powiatowa"},"geometry":{"type":"LineString","coordinates":[[21.30291,53.88111],[21.303,53.88081]]}},{"type":"Feature","properties":{"numer":"59","klasa":"droga gĹ‚Ăłwna","kat":"krajowa"},"geometry":{"type":"LineString","coordinates":[[21.30228,53.88089],[21.30268,53.88114]]}},{"type":"Feature","properties":{"numer":"211099N","klasa":"droga lokalna","kat":"powiatowa"},"geometry":{"type":"LineString","coordinates":[[21.30287,53.88127],[21.30291,53.88111]]}},{"type":"Feature","properties":{"numer":"59","klasa":"droga gĹ‚Ăłwna","kat":"krajowa"},"geometry":{"type":"LineString","coordinates":[[21.30268,53.88114],[21.30287,53.88127]]}},{"type":"Feature","properties":{"numer":"1509N","klasa":"droga zbiorcza","kat":"powiatowa"},"geometry":{"type":"LineString","coordinates":[[21.3026,53.88132],[21.30287,53.88127]]}},{"type":"Feature","properties":{"numer":"59","klasa":"droga gĹ‚Ăłwna","kat":"krajowa"},"geometry":{"type":"LineString","coordinates":[[21.30287,53.88127],[21.30311,53.88135]]}},{"type":"Feature","properties":{"numer":"1509N","klasa":"droga zbiorcza","kat":"powiatowa"},"geometry":{"type":"LineString","coordinates":[[21.30216,53.88133],[21.3026,53.88132]]}},{"type":"Feature","properties":{"numer":"591","klasa":"droga gĹ‚Ăłwna","kat":"wojewodzka"},"geometry":{"type":"LineString","coordinates":[[21.30283,53.88143],[21.30287,53.88127]]}},{"type":"Feature","properties":{"numer":"59","klasa":"droga gĹ‚Ăłwna","kat":"krajowa"},"geometry":{"type":"LineString","coordinates":[[21.30311,53.88135],[21.30352,53.8815]]}},{"type":"Feature","properties":{"numer":"591","klasa":"droga gĹ‚Ăłwna","kat":"wojewodzka"},"geometry":{"type":"LineString","coordinates":[[21.30274,53.88172],[21.30283,53.88143]]}},{"type":"Feature","properties":{"numer":"1509N","klasa":"droga zbiorcza","kat":"powiatowa"},"geometry":{"type":"LineString","coordinates":[[21.30331,53.8796],[21.3058,53.87991],[21.30677,53.88022],[21.30781,53.88067],[21.30855,53.88106],[21.31141,53.88303],[21.31451,53.88481],[21.315,53.88498]]}},{"type":"Feature","properties":{"numer":"16,59","klasa":"droga gĹ‚Ăłwna ruchu przyĹ›pieszonego","kat":"gminna"},"geometry":{"type":"LineString","coordinates":[[21.2806,53.86051],[21.28008,53.86042]]}},{"type":"Feature","properties":{"numer":"1632N","klasa":"","kat":"powiatowa"},"geometry":{"type":"LineString","coordinates":[[21.23225,53.86043],[21.23369,53.86071],[21.23631,53.85942],[21.23664,53.85936],[21.23748,53.85943],[21.23885,53.85935],[21.23973,53.85944],[21.24065,53.85966],[21.24221,53.86039],[21.24665,53.86165],[21.2473,53.86169],[21.24843,53.8616],[21.25384,53.86176],[21.25429,53.86166],[21.25474,53.86113],[21.25508,53.861],[21.25846,53.8608],[21.25898,53.86086],[21.25971,53.86109],[21.26008,53.86088],[21.26134,53.86044],[21.26355,53.86028],[21.26398,53.86014],[21.26472,53.85965]]}},{"type":"Feature","properties":{"numer":"16,59","klasa":"droga gĹ‚Ăłwna ruchu przyĹ›pieszonego","kat":"gminna"},"geometry":{"type":"LineString","coordinates":[[21.2806,53.86051],[21.28821,53.8619],[21.29298,53.8624]]}},{"type":"Feature","properties":{"numer":"59","klasa":"droga gĹ‚Ăłwna","kat":"krajowa"},"geometry":{"type":"LineString","coordinates":[[21.27783,53.86265],[21.27967,53.86053]]}},{"type":"Feature","properties":{"numer":"59","klasa":"droga gĹ‚Ăłwna","kat":"krajowa"},"geometry":{"type":"LineString","coordinates":[[21.2757,53.86784],[21.2757,53.8668],[21.27599,53.8655],[21.27664,53.86415],[21.27783,53.86265]]}},{"type":"Feature","properties":{"numer":"59","klasa":"droga gĹ‚Ăłwna","kat":"krajowa"},"geometry":{"type":"LineString","coordinates":[[21.2757,53.8679],[21.2757,53.86784]]}},{"type":"Feature","properties":{"numer":"59","klasa":"droga gĹ‚Ăłwna","kat":"krajowa"},"geometry":{"type":"LineString","coordinates":[[21.27975,53.87345],[21.27814,53.87224],[21.2768,53.87075],[21.27607,53.86942],[21.2757,53.8679]]}},{"type":"Feature","properties":{"numer":"59","klasa":"droga gĹ‚Ăłwna","kat":"krajowa"},"geometry":{"type":"LineString","coordinates":[[21.28452,53.8755],[21.28298,53.87501],[21.28197,53.87461],[21.28079,53.87405],[21.27975,53.87345]]}},{"type":"Feature","properties":{"numer":"59","klasa":"droga gĹ‚Ăłwna","kat":"krajowa"},"geometry":{"type":"LineString","coordinates":[[21.28978,53.8769],[21.28452,53.8755]]}},{"type":"Feature","properties":{"numer":"1509N","klasa":"droga zbiorcza","kat":"powiatowa"},"geometry":{"type":"LineString","coordinates":[[21.23549,53.90726],[21.23722,53.90739],[21.23941,53.90818],[21.24003,53.90831],[21.24115,53.90828],[21.24284,53.90796],[21.24378,53.90813],[21.24437,53.90815],[21.24502,53.90804],[21.24622,53.90767],[21.24789,53.90706],[21.25,53.90662],[21.25235,53.90599],[21.25359,53.90555],[21.25452,53.90496],[21.25705,53.90435],[21.25782,53.90436],[21.25966,53.90478],[21.2609,53.90498],[21.26235,53.90502],[21.26427,53.90524],[21.26641,53.90532],[21.26779,53.9053],[21.2726,53.90493],[21.27763,53.9038],[21.27911,53.90361],[21.2794,53.90345],[21.27977,53.90298],[21.28001,53.90285],[21.28097,53.90279],[21.28347,53.90322],[21.28409,53.90311],[21.28437,53.90293],[21.28453,53.90267],[21.28476,53.90096],[21.28524,53.89917],[21.28477,53.89615],[21.28674,53.89267],[21.28721,53.89218],[21.28887,53.89093],[21.28943,53.8891],[21.28973,53.88594],[21.2924,53.88391],[21.29705,53.88178],[21.29934,53.88095],[21.2997,53.88074],[21.30157,53.88087],[21.30216,53.88133]]}},{"type":"Feature","properties":{"numer":"59","klasa":"droga gĹ‚Ăłwna","kat":"krajowa"},"geometry":{"type":"LineString","coordinates":[[21.33347,53.88158],[21.33894,53.88096],[21.34102,53.88086],[21.34968,53.88136],[21.35295,53.88165],[21.35761,53.88293],[21.36669,53.88572],[21.36731,53.88587],[21.36806,53.88594],[21.36856,53.88591],[21.37,53.8854],[21.37092,53.88471],[21.37186,53.88351],[21.37225,53.88331],[21.37288,53.88317]]}},{"type":"Feature","properties":{"numer":"59","klasa":"droga gĹ‚Ăłwna","kat":"krajowa"},"geometry":{"type":"LineString","coordinates":[[21.30352,53.8815],[21.30502,53.88208],[21.3088,53.88392],[21.31025,53.88447],[21.31203,53.88495],[21.31446,53.88534]]}},{"type":"Feature","properties":{"numer":"59","klasa":"droga gĹ‚Ăłwna","kat":"krajowa"},"geometry":{"type":"LineString","coordinates":[[21.31882,53.88531],[21.32033,53.8851],[21.32225,53.88465],[21.32956,53.88215],[21.33149,53.88178],[21.33347,53.88158]]}},{"type":"Feature","properties":{"numer":"1509N","klasa":"droga zbiorcza","kat":"powiatowa"},"geometry":{"type":"LineString","coordinates":[[21.315,53.88498],[21.31548,53.88503]]}},{"type":"Feature","properties":{"numer":"1509N","klasa":"droga zbiorcza","kat":"powiatowa"},"geometry":{"type":"LineString","coordinates":[[21.31548,53.88503],[21.31628,53.88515],[21.31672,53.88544]]}},{"type":"Feature","properties":{"numer":"59","klasa":"droga gĹ‚Ăłwna","kat":"krajowa"},"geometry":{"type":"LineString","coordinates":[[21.31672,53.88544],[21.31882,53.88531]]}},{"type":"Feature","properties":{"numer":"59","klasa":"droga gĹ‚Ăłwna","kat":"krajowa"},"geometry":{"type":"LineString","coordinates":[[21.31446,53.88534],[21.31672,53.88544]]}},{"type":"Feature","properties":{"numer":"1745N","klasa":"droga zbiorcza","kat":"powiatowa"},"geometry":{"type":"LineString","coordinates":[[21.33347,53.88158],[21.33366,53.8848],[21.33337,53.88649],[21.33319,53.88707],[21.33249,53.88732],[21.33189,53.88763],[21.33145,53.88817],[21.3312,53.88892],[21.33125,53.88917],[21.33167,53.88983],[21.33154,53.89012]]}},{"type":"Feature","properties":{"numer":"1509N","klasa":"droga zbiorcza","kat":"powiatowa"},"geometry":{"type":"LineString","coordinates":[[21.31672,53.88544],[21.31921,53.88756],[21.32121,53.88867],[21.32186,53.88876],[21.32863,53.8889],[21.32938,53.88914],[21.33061,53.88984],[21.33154,53.89012]]}},{"type":"Feature","properties":{"numer":"1745N","klasa":"","kat":"powiatowa"},"geometry":{"type":"LineString","coordinates":[[21.35478,53.90311],[21.35388,53.90314],[21.35313,53.90302],[21.35176,53.903],[21.35084,53.90241],[21.35025,53.90226],[21.34835,53.90197],[21.34696,53.90135],[21.34587,53.90113],[21.34368,53.90036],[21.34318,53.9],[21.34223,53.89901],[21.34094,53.89859],[21.34008,53.89816],[21.33865,53.89777],[21.33593,53.89723],[21.3349,53.89689],[21.33197,53.8952],[21.33148,53.89484],[21.33122,53.89451],[21.33088,53.8923],[21.33101,53.8919],[21.33173,53.89069],[21.33176,53.89042],[21.33154,53.89012]]}},{"type":"Feature","properties":{"numer":"1753N","klasa":"","kat":"powiatowa"},"geometry":{"type":"LineString","coordinates":[[21.44561,53.886],[21.44353,53.88373],[21.44274,53.8811],[21.44228,53.88],[21.44187,53.8795],[21.44086,53.87897],[21.43919,53.87846],[21.43805,53.87823],[21.43601,53.87805],[21.43432,53.87765],[21.43365,53.87742],[21.43329,53.87712],[21.4331,53.8768],[21.43141,53.87319],[21.4287,53.87021],[21.42812,53.86995],[21.42665,53.86974],[21.42549,53.86922],[21.42498,53.86908],[21.4221,53.86892]]}},{"type":"Feature","properties":{"numer":"1753N","klasa":"","kat":"powiatowa"},"geometry":{"type":"LineString","coordinates":[[21.44561,53.886],[21.44638,53.88654],[21.44727,53.88696],[21.44772,53.88762],[21.44848,53.88802],[21.44865,53.889],[21.44934,53.88983]]}},{"type":"Feature","properties":{"numer":"1916N","klasa":"","kat":"powiatowa"},"geometry":{"type":"LineString","coordinates":[[21.44934,53.88983],[21.45025,53.89035],[21.45215,53.89196],[21.4527,53.89223],[21.45552,53.89277],[21.45969,53.8937],[21.46386,53.89427],[21.46459,53.89444],[21.46604,53.89564],[21.46735,53.89641],[21.46904,53.8978],[21.47137,53.8993],[21.47151,53.89946],[21.47149,53.89984]]}},{"type":"Feature","properties":{"numer":"1753N","klasa":"","kat":"powiatowa"},"geometry":{"type":"LineString","coordinates":[[21.44934,53.88983],[21.4495,53.89299],[21.44867,53.89394],[21.4475,53.89571],[21.44622,53.89699],[21.44546,53.89743],[21.4446,53.89812],[21.44393,53.89904],[21.44321,53.89948],[21.442,53.89997],[21.44177,53.90059],[21.44062,53.90173],[21.44015,53.90269],[21.43957,53.90301],[21.43882,53.90328],[21.43861,53.90348],[21.4386,53.90462],[21.43798,53.90551],[21.4379,53.90582],[21.43798,53.90625],[21.43849,53.90706],[21.43809,53.90781],[21.43873,53.90827],[21.43845,53.90878],[21.43836,53.91047],[21.43857,53.91086]]}},{"type":"Feature","properties":{"numer":"59","klasa":"droga gĹ‚Ăłwna","kat":"krajowa"},"geometry":{"type":"LineString","coordinates":[[21.40844,53.89424],[21.4108,53.89513],[21.41718,53.89853],[21.41776,53.89908],[21.41924,53.9011],[21.42325,53.90601],[21.42422,53.90682],[21.43081,53.90933],[21.43424,53.91],[21.43744,53.91075],[21.43857,53.91086]]}},{"type":"Feature","properties":{"numer":"59","klasa":"droga gĹ‚Ăłwna","kat":"krajowa"},"geometry":{"type":"LineString","coordinates":[[21.43857,53.91086],[21.43975,53.91109],[21.44224,53.91214],[21.44249,53.91242],[21.44393,53.91577],[21.44658,53.91717],[21.44737,53.91744]]}},{"type":"Feature","properties":{"numer":"1739N","klasa":"","kat":"powiatowa"},"geometry":{"type":"LineString","coordinates":[[21.44218,53.91977],[21.44375,53.91906],[21.44516,53.91857],[21.44737,53.91744]]}},{"type":"Feature","properties":{"numer":"1739N","klasa":"","kat":"powiatowa"},"geometry":{"type":"LineString","coordinates":[[21.44094,53.92022],[21.44218,53.91977]]}},{"type":"Feature","properties":{"numer":"1739N","klasa":"","kat":"powiatowa"},"geometry":{"type":"LineString","coordinates":[[21.42333,53.942],[21.42403,53.94067],[21.42392,53.93962],[21.42347,53.9391],[21.42336,53.93871],[21.42379,53.93731],[21.42391,53.93529],[21.42437,53.9335],[21.42417,53.93254],[21.42373,53.93139],[21.42348,53.92989],[21.42361,53.92963],[21.42445,53.92881],[21.42482,53.92809],[21.42517,53.92779],[21.42647,53.92706],[21.42922,53.92649],[21.43166,53.92561],[21.43322,53.92495],[21.43617,53.92325],[21.43705,53.92232],[21.43832,53.92122],[21.43893,53.92093],[21.44094,53.92022]]}},{"type":"Feature","properties":{"numer":"1622N","klasa":"","kat":"powiatowa"},"geometry":{"type":"LineString","coordinates":[[21.42333,53.942],[21.42357,53.94207]]}},{"type":"Feature","properties":{"numer":"591","klasa":"droga gĹ‚Ăłwna","kat":"wojewodzka"},"geometry":{"type":"LineString","coordinates":[[21.29817,53.91308],[21.29784,53.90893],[21.29809,53.90859],[21.30391,53.90353],[21.30478,53.9004],[21.3058,53.89892],[21.30737,53.89446],[21.30733,53.89383],[21.30715,53.89345],[21.30228,53.88753],[21.30185,53.8867],[21.30173,53.88569],[21.30274,53.88172]]}},{"type":"Feature","properties":{"numer":"1745N","klasa":"","kat":"powiatowa"},"geometry":{"type":"LineString","coordinates":[[21.3598,53.90571],[21.3552,53.90366],[21.35492,53.90342],[21.35478,53.90311]]}},{"type":"Feature","properties":{"numer":"591","klasa":"droga gĹ‚Ăłwna","kat":"wojewodzka"},"geometry":{"type":"LineString","coordinates":[[21.29829,53.91368],[21.29817,53.91308]]}},{"type":"Feature","properties":{"numer":"591","klasa":"droga gĹ‚Ăłwna","kat":"wojewodzka"},"geometry":{"type":"LineString","coordinates":[[21.30598,53.92437],[21.30516,53.92196],[21.30516,53.92162],[21.3054,53.92083],[21.3052,53.9201],[21.30469,53.91962],[21.30243,53.91843],[21.29925,53.91601],[21.29863,53.91522],[21.29829,53.91368]]}},{"type":"Feature","properties":{"numer":"1699N","klasa":"droga zbiorcza","kat":"powiatowa"},"geometry":{"type":"LineString","coordinates":[[21.28718,53.92932],[21.28771,53.92888],[21.29228,53.92319],[21.29761,53.91333],[21.29776,53.91318],[21.29817,53.91308]]}},{"type":"Feature","properties":{"numer":"1618N","klasa":"droga zbiorcza","kat":"powiatowa"},"geometry":{"type":"LineString","coordinates":[[21.30598,53.92437],[21.30919,53.92401],[21.31589,53.92347],[21.3188,53.92382],[21.32098,53.92469],[21.32208,53.92497],[21.32522,53.92524],[21.32575,53.92536]]}},{"type":"Feature","properties":{"numer":"1618N","klasa":"droga zbiorcza","kat":"powiatowa"},"geometry":{"type":"LineString","coordinates":[[21.32575,53.92536],[21.32581,53.92539]]}},{"type":"Feature","properties":{"numer":"1618N","klasa":"droga zbiorcza","kat":"powiatowa"},"geometry":{"type":"LineString","coordinates":[[21.32581,53.92539],[21.32873,53.92661],[21.33054,53.9279],[21.33093,53.92805],[21.33155,53.92792],[21.33421,53.92659],[21.33488,53.92637],[21.34047,53.92589],[21.3415,53.92589],[21.34579,53.92612],[21.35447,53.92714],[21.35532,53.92729],[21.3562,53.92758],[21.35694,53.9279],[21.35813,53.9286],[21.35985,53.92888]]}},{"type":"Feature","properties":{"numer":"591","klasa":"droga gĹ‚Ăłwna","kat":"wojewodzka"},"geometry":{"type":"LineString","coordinates":[[21.30536,53.97596],[21.3063,53.97257],[21.30567,53.97006],[21.30562,53.96926],[21.30865,53.95372],[21.31218,53.94442],[21.31519,53.93698],[21.31633,53.93329],[21.31625,53.93278],[21.31586,53.93208],[21.31214,53.92861],[21.31075,53.92759],[21.30664,53.92556],[21.30625,53.92512],[21.30598,53.92437]]}},{"type":"Feature","properties":{"numer":"1741N","klasa":"","kat":"powiatowa"},"geometry":{"type":"LineString","coordinates":[[21.34934,53.96864],[21.3489,53.96866]]}},{"type":"Feature","properties":{"numer":"1745N","klasa":"","kat":"powiatowa"},"geometry":{"type":"LineString","coordinates":[[21.36017,53.91174],[21.36025,53.91185]]}},{"type":"Feature","properties":{"numer":"1743N","klasa":"","kat":"powiatowa"},"geometry":{"type":"LineString","coordinates":[[21.36163,53.92773],[21.37194,53.92251],[21.37762,53.91983],[21.38703,53.91321],[21.38837,53.91253],[21.38975,53.91152],[21.3902,53.9114],[21.39132,53.91132],[21.39531,53.90963],[21.39815,53.90697],[21.39969,53.9061],[21.40011,53.90502],[21.40252,53.90257],[21.40377,53.90155]]}},{"type":"Feature","properties":{"numer":"1745N","klasa":"","kat":"powiatowa"},"geometry":{"type":"LineString","coordinates":[[21.36163,53.92773],[21.36178,53.92741],[21.36174,53.92722],[21.36005,53.92467],[21.35976,53.92394],[21.35959,53.92127],[21.35968,53.9206],[21.36021,53.9194],[21.36109,53.91832],[21.36127,53.91791],[21.36121,53.91764],[21.36046,53.9164],[21.36033,53.91564],[21.36036,53.91542],[21.36133,53.9138],[21.36139,53.91353],[21.36025,53.91185]]}},{"type":"Feature","properties":{"numer":"1743N","klasa":"","kat":"powiatowa"},"geometry":{"type":"LineString","coordinates":[[21.35982,53.92881],[21.36163,53.92773]]}},{"type":"Feature","properties":{"numer":"1743N","klasa":"","kat":"powiatowa"},"geometry":{"type":"LineString","coordinates":[[21.35985,53.92888],[21.35982,53.92881]]}},{"type":"Feature","properties":{"numer":"1618N","klasa":"droga zbiorcza","kat":"powiatowa"},"geometry":{"type":"LineString","coordinates":[[21.35985,53.92888],[21.36225,53.92993],[21.3642,53.93136],[21.3653,53.93241]]}},{"type":"Feature","properties":{"numer":"1622N","klasa":"","kat":"powiatowa"},"geometry":{"type":"LineString","coordinates":[[21.3653,53.93241],[21.375,53.93415],[21.38326,53.93638],[21.39336,53.93796],[21.39393,53.93795],[21.40096,53.93706],[21.40505,53.9374],[21.40902,53.93731],[21.41281,53.93772],[21.41373,53.93805],[21.41506,53.93891],[21.41699,53.93934],[21.41991,53.94036],[21.42189,53.94142],[21.42333,53.942]]}},{"type":"Feature","properties":{"numer":"1618N","klasa":"droga zbiorcza","kat":"powiatowa"},"geometry":{"type":"LineString","coordinates":[[21.3653,53.93241],[21.36571,53.93326],[21.36586,53.93447],[21.3652,53.93664],[21.36544,53.93874],[21.3657,53.93906],[21.36854,53.9414],[21.36879,53.94178],[21.36886,53.94218],[21.36872,53.94409],[21.36936,53.94898],[21.37127,53.95347]]}},{"type":"Feature","properties":{"numer":"1741N","klasa":"","kat":"powiatowa"},"geometry":{"type":"LineString","coordinates":[[21.37127,53.95347],[21.37118,53.95374],[21.37129,53.95412],[21.36666,53.95588],[21.36576,53.95689],[21.36636,53.96455],[21.36523,53.96684],[21.36505,53.96703],[21.36455,53.96718],[21.36315,53.96739],[21.36252,53.96738],[21.36128,53.96705],[21.35957,53.96625],[21.35882,53.96615],[21.35771,53.96619],[21.35719,53.96628],[21.356,53.96667],[21.35151,53.96847],[21.35086,53.96859],[21.34934,53.96864]]}},{"type":"Feature","properties":{"numer":"1618N","klasa":"droga zbiorcza","kat":"powiatowa"},"geometry":{"type":"LineString","coordinates":[[21.37127,53.95347],[21.37163,53.95354],[21.37324,53.95344],[21.375,53.95344],[21.37539,53.95358],[21.37667,53.95497],[21.37746,53.95651],[21.38381,53.96291],[21.38518,53.96382],[21.39078,53.96669],[21.39095,53.96699],[21.39177,53.97017]]}},{"type":"Feature","properties":{"numer":"1622N","klasa":"","kat":"powiatowa"},"geometry":{"type":"LineString","coordinates":[[21.42357,53.94207],[21.42446,53.94226],[21.42545,53.94204],[21.42634,53.94202],[21.42697,53.94212],[21.42916,53.94274],[21.42971,53.94281]]}},{"type":"Feature","properties":{"numer":"1739N","klasa":"","kat":"powiatowa"},"geometry":{"type":"LineString","coordinates":[[21.42357,53.94207],[21.42151,53.94341],[21.42079,53.94377],[21.42062,53.94399]]}},{"type":"Feature","properties":{"numer":"1622N","klasa":"","kat":"powiatowa"},"geometry":{"type":"LineString","coordinates":[[21.42971,53.94281],[21.429713379571243,53.94281025996702]]}},{"type":"Feature","properties":{"numer":"1616N","klasa":"","kat":"powiatowa"},"geometry":{"type":"LineString","coordinates":[[21.43768,53.94931],[21.43770180022733,53.949299718670076]]}},{"type":"Feature","properties":{"numer":"1739N","klasa":"","kat":"powiatowa"},"geometry":{"type":"LineString","coordinates":[[21.42062,53.94399],[21.41966,53.94565],[21.41958,53.94617],[21.41982,53.94702],[21.41917,53.94836],[21.41929,53.94909],[21.41954,53.94963],[21.42083,53.95073],[21.42128,53.95142],[21.42128,53.95178],[21.42091,53.95211],[21.42075,53.9524],[21.42121,53.95431],[21.42182,53.95502],[21.42279,53.9558],[21.42381,53.95607],[21.42613,53.9563],[21.42831,53.95696],[21.42957,53.95749]]}},{"type":"Feature","properties":{"numer":"1616N","klasa":"droga zbiorcza","kat":"powiatowa"},"geometry":{"type":"LineString","coordinates":[[21.42957,53.95749],[21.43104,53.95652],[21.43215,53.95554],[21.43294,53.95399],[21.43514,53.95085],[21.43596,53.95019],[21.43768,53.94931]]}},{"type":"Feature","properties":{"numer":"1618N","klasa":"droga zbiorcza","kat":"powiatowa"},"geometry":{"type":"LineString","coordinates":[[21.405229979494493,53.97007876922391],[21.40311,53.96941],[21.4025,53.96929],[21.40194,53.96929],[21.40053,53.96953]]}},{"type":"Feature","properties":{"numer":"1741N","klasa":"","kat":"powiatowa"},"geometry":{"type":"LineString","coordinates":[[21.3489,53.96866],[21.34864,53.96872],[21.34853,53.96886],[21.34888,53.96935],[21.34884,53.96956],[21.34285,53.97512],[21.3428,53.97552],[21.34312,53.97702],[21.34268,53.98068],[21.34238,53.98099],[21.34137,53.98124],[21.34085,53.98197]]}},{"type":"Feature","properties":{"numer":"1620N","klasa":"","kat":"powiatowa"},"geometry":{"type":"LineString","coordinates":[[21.30536,53.97596],[21.30685,53.97609],[21.30823,53.97612],[21.30989,53.97639],[21.31024,53.97657],[21.31109,53.97767]]}},{"type":"Feature","properties":{"numer":"1620N","klasa":"","kat":"powiatowa"},"geometry":{"type":"LineString","coordinates":[[21.31109,53.97767],[21.31286,53.97922],[21.31328,53.97947],[21.31909,53.98067],[21.31961,53.98065],[21.32625,53.97973]]}},{"type":"Feature","properties":{"numer":"1620N","klasa":"","kat":"powiatowa"},"geometry":{"type":"LineString","coordinates":[[21.32625,53.97973],[21.32907,53.97959],[21.33335,53.98043],[21.33565,53.981],[21.33628,53.98109],[21.33729,53.98105],[21.338,53.98114],[21.34085,53.98197]]}},{"type":"Feature","properties":{"numer":"1620N","klasa":"","kat":"powiatowa"},"geometry":{"type":"LineString","coordinates":[[21.34085,53.98197],[21.34125,53.98209],[21.34432,53.98257],[21.3471,53.98317],[21.34758,53.98335],[21.34897,53.98415],[21.34982,53.98444],[21.35355,53.98473]]}},{"type":"Feature","properties":{"numer":"591","klasa":"droga gĹ‚Ăłwna","kat":"wojewodzka"},"geometry":{"type":"LineString","coordinates":[[21.299241902010262,53.98690949861637],[21.29934,53.98611],[21.29955,53.98551],[21.3001,53.98468],[21.30368,53.98076],[21.30491,53.97764],[21.30536,53.97596]]}},{"type":"Feature","properties":{"numer":"1968N","klasa":"","kat":"powiatowa"},"geometry":{"type":"LineString","coordinates":[[21.344951503922633,53.98945831115676],[21.34729,53.98907],[21.34942,53.98832],[21.35152,53.98813],[21.35222,53.98795],[21.35264,53.98744],[21.35315,53.98544],[21.35355,53.98473]]}},{"type":"Feature","properties":{"numer":"1616N","klasa":"droga zbiorcza","kat":"powiatowa"},"geometry":{"type":"LineString","coordinates":[[21.40053,53.96953],[21.40157,53.96899],[21.40367,53.96833],[21.40426,53.96757],[21.40484,53.96704],[21.40699,53.96548],[21.40986,53.96504],[21.411,53.96464],[21.41202,53.96402],[21.41422,53.96358],[21.41514,53.96323],[21.41654,53.96302],[21.41767,53.96301],[21.41863,53.96279],[21.41967,53.96269],[21.42244,53.96179],[21.42566,53.96113],[21.42627,53.96056],[21.42712,53.95946],[21.42792,53.95882],[21.42859,53.95845],[21.42957,53.95749]]}},{"type":"Feature","properties":{"numer":"1618N","klasa":"droga zbiorcza","kat":"powiatowa"},"geometry":{"type":"LineString","coordinates":[[21.39177,53.97017],[21.39427,53.97072],[21.39516,53.97076],[21.39748,53.97011],[21.40053,53.96953]]}},{"type":"Feature","properties":{"numer":"1968N","klasa":"","kat":"powiatowa"},"geometry":{"type":"LineString","coordinates":[[21.35355,53.98473],[21.35422,53.98401],[21.35472,53.98363],[21.3597,53.9811],[21.3604,53.9811],[21.36179,53.98135],[21.36452,53.98147],[21.36693,53.98119],[21.37057,53.98108],[21.37101,53.981],[21.37222,53.98032],[21.37404,53.97952],[21.37442,53.97925],[21.3746,53.97897],[21.375,53.97739],[21.37602,53.9753],[21.37836,53.97394],[21.37876,53.97384],[21.38109,53.9737],[21.38167,53.97357],[21.38509,53.97197],[21.38786,53.97044],[21.38822,53.97031],[21.38863,53.97027],[21.3904,53.97034],[21.39177,53.97017]]}},{"type":"Feature","properties":{"numer":"1636N","klasa":"","kat":"powiatowa"},"geometry":{"type":"LineString","coordinates":[[21.07944,53.83143],[21.08042,53.82997],[21.0831229472922,53.82511806634475]]}},{"type":"Feature","properties":{"numer":"1636N","klasa":"","kat":"powiatowa"},"geometry":{"type":"LineString","coordinates":[[21.10524283500707,53.796082179680184],[21.10567,53.79578],[21.10751,53.79581],[21.10818,53.7957],[21.10994,53.79518],[21.12118,53.79412],[21.12399,53.79308],[21.12552,53.79241],[21.12785,53.79187]]}},{"type":"Feature","properties":{"numer":"S16","klasa":"droga ekspresowa","kat":"krajowa"},"geometry":{"type":"LineString","coordinates":[[21.13997,53.8453],[21.13197,53.84442],[21.12849,53.84392],[21.12594,53.84345],[21.12236,53.84248],[21.11697,53.84045],[21.11378,53.83952],[21.11127,53.83901],[21.10737,53.83847],[21.10433,53.83793],[21.08939,53.83416],[21.08324,53.83237],[21.08044,53.83181],[21.0784,53.83157]]}},{"type":"Feature","properties":{"numer":"1454N","klasa":"droga zbiorcza","kat":"powiatowa"},"geometry":{"type":"LineString","coordinates":[[21.13702,53.85365],[21.13474,53.85419],[21.13275,53.85447],[21.12982,53.85513],[21.12762,53.85534],[21.12664,53.85575],[21.12254,53.85786],[21.12183,53.85808],[21.1179,53.85855],[21.11653,53.85904],[21.11596,53.85934],[21.11431,53.86092],[21.11166,53.8629],[21.10817,53.86432],[21.10605,53.86543],[21.10476,53.86629],[21.10397,53.86724],[21.10346,53.86756],[21.10124,53.86785],[21.09895,53.86893],[21.09697,53.86923],[21.0948,53.87008],[21.09127,53.87002],[21.08553,53.87113]]}},{"type":"Feature","properties":{"numer":"1454N","klasa":"droga zbiorcza","kat":"powiatowa"},"geometry":{"type":"LineString","coordinates":[[21.0851,53.87118],[21.08553,53.87113]]}},{"type":"Feature","properties":{"numer":"1454N","klasa":"droga zbiorcza","kat":"powiatowa"},"geometry":{"type":"LineString","coordinates":[[21.08254,53.87654],[21.08285,53.87587],[21.08278,53.875],[21.08307,53.87414],[21.08321,53.87326],[21.08394,53.87247],[21.08489,53.87191],[21.08507,53.87156],[21.0851,53.87118]]}},{"type":"Feature","properties":{"numer":"1509N","klasa":"","kat":"powiatowa"},"geometry":{"type":"LineString","coordinates":[[21.08254,53.87654],[21.08413,53.87666],[21.0866,53.87652],[21.08789,53.87657],[21.09213,53.87704],[21.09313,53.87739],[21.09358,53.87773],[21.09494,53.87969],[21.09564,53.88035],[21.09638,53.88086],[21.09937,53.88254],[21.10033,53.88323],[21.10081,53.88369],[21.1015,53.88492],[21.1029,53.88948],[21.10327,53.88998],[21.10388,53.89048],[21.10891,53.89371],[21.11062,53.8947],[21.11176,53.89505],[21.11532,53.89553],[21.11637,53.89584],[21.12371,53.89988],[21.1245,53.90023],[21.1258,53.90053],[21.1288,53.90086]]}},{"type":"Feature","properties":{"numer":"1509N","klasa":"","kat":"powiatowa"},"geometry":{"type":"LineString","coordinates":[[21.0851,53.87118],[21.08443,53.86982],[21.0852,53.8686],[21.08532,53.8681],[21.08439,53.86642],[21.0839,53.86596],[21.08333,53.86561],[21.07928,53.86357],[21.0777,53.86306],[21.07739,53.86272],[21.07736,53.86246],[21.07773,53.86109],[21.07773,53.86055],[21.07751,53.85984],[21.07671,53.85838],[21.07644,53.85737],[21.07663,53.85653],[21.07799,53.85369],[21.07801,53.85305],[21.07749,53.84907],[21.07722,53.84837],[21.07676,53.84785],[21.07123,53.8431],[21.07111,53.84255],[21.0714495724297,53.84198209438482]]}},{"type":"Feature","properties":{"numer":"1454N","klasa":"droga zbiorcza","kat":"powiatowa"},"geometry":{"type":"LineString","coordinates":[[21.076022899066555,53.88037942518508],[21.07834,53.87992],[21.07946,53.87951],[21.08058,53.87862],[21.0806,53.87751],[21.0807,53.87731],[21.08127,53.87694],[21.08254,53.87654]]}},{"type":"Feature","properties":{"numer":"1509N","klasa":"","kat":"powiatowa"},"geometry":{"type":"LineString","coordinates":[[21.1288,53.90086],[21.12897,53.90101]]}},{"type":"Feature","properties":{"numer":"1509N","klasa":"","kat":"powiatowa"},"geometry":{"type":"LineString","coordinates":[[21.12897,53.90101],[21.12916,53.90135],[21.12931,53.90231],[21.12967,53.90284],[21.13222,53.90293],[21.13339,53.90313],[21.13719,53.90459],[21.13859,53.905],[21.14017,53.90523],[21.15596,53.90646],[21.15732,53.90673],[21.17247,53.91309]]}},{"type":"Feature","properties":{"numer":"1630N","klasa":"","kat":"powiatowa"},"geometry":{"type":"LineString","coordinates":[[21.1121526555264,53.92096648285311],[21.11398,53.92065],[21.11519,53.92058],[21.11641,53.92066],[21.11745,53.92083],[21.11837,53.92111],[21.12072,53.92205],[21.12126,53.92219],[21.12211,53.92223],[21.12363,53.92216],[21.125,53.92235],[21.12657,53.92243],[21.12716,53.9224],[21.12795,53.92224],[21.12879,53.92182],[21.13597,53.92064],[21.13708,53.92063],[21.14239,53.92153],[21.15086,53.9237],[21.15329,53.92453],[21.15444,53.92465],[21.15874,53.92477],[21.16285,53.92354],[21.16714,53.9234],[21.16922,53.92276],[21.16998,53.92264],[21.1706,53.92267],[21.17229,53.92321]]}},{"type":"Feature","properties":{"numer":"1628N","klasa":"droga zbiorcza","kat":"powiatowa"},"geometry":{"type":"LineString","coordinates":[[21.137325406532796,53.94924477744651],[21.1379,53.94905],[21.13997,53.94868],[21.1422,53.94775],[21.14313,53.94759],[21.14818,53.94741],[21.15531,53.94744],[21.15624,53.94748],[21.15865,53.94785],[21.15971,53.94792],[21.1619,53.94779],[21.16316,53.94782],[21.16351,53.94763],[21.16448,53.94655]]}},{"type":"Feature","properties":{"numer":"1916N","klasa":"","kat":"powiatowa"},"geometry":{"type":"LineString","coordinates":[[21.47149,53.89984],[21.47127,53.90143]]}},{"type":"Feature","properties":{"numer":"1916N","klasa":"","kat":"powiatowa"},"geometry":{"type":"LineString","coordinates":[[21.47127,53.90143],[21.47127,53.90199]]}},{"type":"Feature","properties":{"numer":"1916N","klasa":"","kat":"powiatowa"},"geometry":{"type":"LineString","coordinates":[[21.47127,53.90199],[21.47135,53.9027],[21.47194,53.90376],[21.473088375750333,53.90821370073607]]}},{"type":"Feature","properties":{"numer":"59","klasa":"droga gĹ‚Ăłwna","kat":"krajowa"},"geometry":{"type":"LineString","coordinates":[[21.44737,53.91744],[21.44814,53.91756],[21.44846,53.91771],[21.45074,53.91978],[21.458577076382333,53.923201098863046]]}},{"type":"Feature","properties":{"numer":"1642N","klasa":"","kat":"powiatowa"},"geometry":{"type":"LineString","coordinates":[[21.46842,53.65047],[21.46824,53.65016]]}},{"type":"Feature","properties":{"numer":"58","klasa":"droga gĹ‚Ăłwna","kat":"krajowa"},"geometry":{"type":"LineString","coordinates":[[21.46824,53.65016],[21.47255,53.65077],[21.47354,53.65084],[21.480226937368155,53.65041438163852]]}},{"type":"Feature","properties":{"numer":"1642N","klasa":"","kat":"powiatowa"},"geometry":{"type":"LineString","coordinates":[[21.472780850430176,53.6537819159497],[21.47298,53.65345],[21.47283,53.65306],[21.47069,53.65211],[21.46842,53.65047]]}},{"type":"Feature","properties":{"numer":"610","klasa":"droga zbiorcza","kat":"wojewodzka"},"geometry":{"type":"LineString","coordinates":[[21.44317,53.70663],[21.44403,53.70576],[21.44455,53.70543],[21.45083,53.70276],[21.45219,53.70227],[21.45355,53.70201],[21.464979576190693,53.70055104821566]]}},{"type":"Feature","properties":{"numer":"609","klasa":"droga zbiorcza","kat":"wojewodzka"},"geometry":{"type":"LineString","coordinates":[[21.50025,53.72544],[21.498990878662806,53.723744647648346]]}},{"type":"Feature","properties":{"numer":"1644N","klasa":"","kat":"powiatowa"},"geometry":{"type":"LineString","coordinates":[[21.51826,53.72867],[21.51571,53.72836],[21.51321,53.72794],[21.51149,53.72737],[21.51005,53.72671],[21.5095,53.72655],[21.50025,53.72544]]}},{"type":"Feature","properties":{"numer":"1644N","klasa":"","kat":"powiatowa"},"geometry":{"type":"LineString","coordinates":[[21.51826,53.72867],[21.51853,53.7287]]}},{"type":"Feature","properties":{"numer":"609","klasa":"droga zbiorcza","kat":"wojewodzka"},"geometry":{"type":"LineString","coordinates":[[21.50649,53.74345],[21.50598,53.74289],[21.50415,53.74174],[21.50368,53.74136],[21.50286,53.74014],[21.50274,53.73924],[21.50238,53.73856],[21.50263,53.73796],[21.50286,53.7377],[21.50399,53.73698],[21.50428,53.73668],[21.50598,53.73375],[21.50605,53.7332],[21.50025,53.72544]]}},{"type":"Feature","properties":{"numer":"609","klasa":"droga zbiorcza","kat":"wojewodzka"},"geometry":{"type":"LineString","coordinates":[[21.50649,53.74349],[21.50649,53.74345]]}},{"type":"Feature","properties":{"numer":"1696N","klasa":"","kat":"powiatowa"},"geometry":{"type":"LineString","coordinates":[[21.67228,53.80054],[21.67612,53.8013],[21.67821,53.80198],[21.69761,53.81194],[21.697840443188195,53.81203932896043]]}},{"type":"Feature","properties":{"numer":"1781N","klasa":"","kat":"powiatowa"},"geometry":{"type":"LineString","coordinates":[[21.69473,53.85511],[21.69473,53.85491],[21.69496,53.85479],[21.69724,53.8545],[21.69789,53.85423],[21.69974,53.85174],[21.70283,53.84947],[21.70538,53.84698],[21.70612,53.84652],[21.71008,53.84467],[21.71226,53.84292],[21.71245,53.84261],[21.71243,53.84156],[21.71352,53.84008],[21.71366,53.83922]]}},{"type":"Feature","properties":{"numer":"1781N","klasa":"","kat":"powiatowa"},"geometry":{"type":"LineString","coordinates":[[21.69479,53.85524],[21.69473,53.85511]]}},{"type":"Feature","properties":{"numer":"1781N","klasa":"","kat":"powiatowa"},"geometry":{"type":"LineString","coordinates":[[21.69495,53.85738],[21.69524,53.85614],[21.69479,53.85524]]}},{"type":"Feature","properties":{"numer":"16","klasa":"droga gĹ‚Ăłwna ruchu przyĹ›pieszonego","kat":"krajowa"},"geometry":{"type":"LineString","coordinates":[[21.68866,53.8585],[21.68934,53.85858],[21.69003,53.85855],[21.69495,53.85738]]}},{"type":"Feature","properties":{"numer":"16","klasa":"droga gĹ‚Ăłwna ruchu przyĹ›pieszonego","kat":"krajowa"},"geometry":{"type":"LineString","coordinates":[[21.67203,53.86194],[21.67325,53.86127],[21.67377,53.86109],[21.67658,53.86059],[21.67871,53.86055],[21.67972,53.8604],[21.68151,53.85997],[21.68292,53.85944],[21.68474,53.85931],[21.68744,53.85859],[21.68794,53.8585],[21.68866,53.8585]]}},{"type":"Feature","properties":{"numer":"16","klasa":"droga gĹ‚Ăłwna ruchu przyĹ›pieszonego","kat":"krajowa"},"geometry":{"type":"LineString","coordinates":[[21.711141280414225,53.86311191174434],[21.71081,53.86287],[21.70805,53.86127],[21.69649,53.85776],[21.69495,53.85738]]}},{"type":"Feature","properties":{"numer":"16","klasa":"droga gĹ‚Ăłwna ruchu przyĹ›pieszonego","kat":"krajowa"},"geometry":{"type":"LineString","coordinates":[[21.65142,53.86503],[21.65187,53.86502],[21.65526,53.86451],[21.65932,53.86458],[21.66046,53.86451],[21.66887,53.86245],[21.67061,53.86226],[21.67203,53.86194]]}},{"type":"Feature","properties":{"numer":"1793N","klasa":"","kat":"powiatowa"},"geometry":{"type":"LineString","coordinates":[[21.6724,53.86833],[21.67225,53.86346],[21.67203,53.86194]]}},{"type":"Feature","properties":{"numer":"1781N","klasa":"","kat":"powiatowa"},"geometry":{"type":"LineString","coordinates":[[21.68866,53.8585],[21.68858,53.85957],[21.6883,53.86045],[21.68808,53.86078],[21.68744,53.86141],[21.68723,53.86202],[21.68734,53.86323],[21.68837,53.86509],[21.68895,53.86542],[21.69157,53.86605],[21.69207,53.86631],[21.69373,53.86775],[21.69555,53.8704],[21.69602,53.87092],[21.69665,53.87144],[21.69763,53.87208],[21.69982,53.87428],[21.701,53.87489],[21.70143,53.87524],[21.70321,53.87736],[21.7043,53.87945],[21.70456,53.87977],[21.70508,53.8801],[21.70828,53.88149],[21.70954,53.88242],[21.7101,53.88319],[21.71003,53.88436],[21.71052,53.88513],[21.71052,53.88556],[21.71018,53.88643],[21.71019,53.88696],[21.71049,53.88725],[21.71097,53.88748],[21.71139,53.88754],[21.71203,53.88744]]}},{"type":"Feature","properties":{"numer":"1793N","klasa":"","kat":"powiatowa"},"geometry":{"type":"LineString","coordinates":[[21.67243253565209,53.8802398034416],[21.6729,53.87836],[21.67288,53.87806],[21.67276,53.87784],[21.67155,53.87683],[21.67128,53.87612],[21.67256,53.87153],[21.6724,53.86833]]}},{"type":"Feature","properties":{"numer":"643","klasa":"droga zbiorcza","kat":"wojewodzka"},"geometry":{"type":"LineString","coordinates":[[21.65124,53.8652],[21.65301,53.87382],[21.65333,53.87612],[21.65375977391298,53.876937583369816]]}},{"type":"Feature","properties":{"numer":"1781N","klasa":"","kat":"powiatowa"},"geometry":{"type":"LineString","coordinates":[[21.71203,53.88744],[21.7133,53.88654]]}}]}