{"type":"FeatureCollection","features":[{"type":"Feature","properties":{"numer":"2268L","klasa":"droga zbiorcza","kat":"powiatowa"},"geometry":{"type":"LineString","coordinates":[[22.49613,51.13987],[22.496163635810845,51.13981987604659]]}},{"type":"Feature","properties":{"numer":"2265L","klasa":"","kat":"powiatowa"},"geometry":{"type":"LineString","coordinates":[[22.5043,51.14078],[22.50295,51.14082],[22.501406161220082,51.14059786492375]]}},{"type":"Feature","properties":{"numer":"2265L","klasa":"","kat":"powiatowa"},"geometry":{"type":"LineString","coordinates":[[22.498976311697067,51.14051659905342],[22.49844,51.14056],[22.49613,51.13987]]}},{"type":"Feature","properties":{"numer":"2265L","klasa":"","kat":"powiatowa"},"geometry":{"type":"LineString","coordinates":[[22.49613,51.13987],[22.495981352009736,51.139836967113276]]}},{"type":"Feature","properties":{"numer":"2269L","klasa":"droga zbiorcza","kat":"powiatowa"},"geometry":{"type":"LineString","coordinates":[[22.5043,51.14078],[22.50432813671444,51.14069558985667]]}},{"type":"Feature","properties":{"numer":"2269L","klasa":"droga zbiorcza","kat":"powiatowa"},"geometry":{"type":"LineString","coordinates":[[22.50526,51.14329],[22.50438,51.14172],[22.5043,51.14078]]}},{"type":"Feature","properties":{"numer":"2269L","klasa":"droga zbiorcza","kat":"powiatowa"},"geometry":{"type":"LineString","coordinates":[[22.51504,51.15046],[22.51171,51.14835],[22.51024,51.14763],[22.508324605730973,51.14593893118591]]}},{"type":"Feature","properties":{"numer":"2269L","klasa":"droga zbiorcza","kat":"powiatowa"},"geometry":{"type":"LineString","coordinates":[[22.50770435479956,51.145465946537094],[22.50604,51.14439],[22.50526,51.14329]]}},{"type":"Feature","properties":{"numer":"2270L","klasa":"droga zbiorcza","kat":"powiatowa"},"geometry":{"type":"LineString","coordinates":[[22.50539640604032,51.143296601969176],[22.50526,51.14329]]}},{"type":"Feature","properties":{"numer":"2335L","klasa":"droga zbiorcza","kat":"powiatowa"},"geometry":{"type":"LineString","coordinates":[[22.50273,51.16608],[22.50643,51.16376],[22.51054,51.16133],[22.51195,51.16039],[22.51212,51.16006],[22.51211,51.1597],[22.50972,51.15152],[22.5099,51.15132],[22.51019,51.15121],[22.51132,51.15109],[22.51253,51.15076],[22.51504,51.15046]]}},{"type":"Feature","properties":{"numer":"2335L","klasa":"droga zbiorcza","kat":"powiatowa"},"geometry":{"type":"LineString","coordinates":[[22.50241,51.16628],[22.50273,51.16608]]}},{"type":"Feature","properties":{"numer":"2259L","klasa":"droga zbiorcza","kat":"powiatowa"},"geometry":{"type":"LineString","coordinates":[[22.49899,51.16841],[22.49351,51.16555]]}},{"type":"Feature","properties":{"numer":"2335L","klasa":"droga zbiorcza","kat":"powiatowa"},"geometry":{"type":"LineString","coordinates":[[22.49899,51.16841],[22.50241,51.16628]]}},{"type":"Feature","properties":{"numer":"2259L","klasa":"droga zbiorcza","kat":"powiatowa"},"geometry":{"type":"LineString","coordinates":[[22.50876,51.17349],[22.49899,51.16841]]}},{"type":"Feature","properties":{"numer":"2269L","klasa":"droga zbiorcza","kat":"powiatowa"},"geometry":{"type":"LineString","coordinates":[[22.54723,51.1951],[22.54504,51.18825],[22.54495,51.18606],[22.54406,51.18399],[22.5361,51.17007],[22.53311,51.16545],[22.53204,51.16402],[22.53037,51.16215],[22.52777,51.15944],[22.52514,51.15696],[22.51504,51.15046]]}},{"type":"Feature","properties":{"numer":"2272L","klasa":"droga zbiorcza","kat":"powiatowa"},"geometry":{"type":"LineString","coordinates":[[22.5995118246599,51.1805577952926],[22.59927,51.1809],[22.598141755202622,51.181582732749185]]}},{"type":"Feature","properties":{"numer":"835","klasa":"droga gĹ‚Ăłwna ruchu przyĹ›pieszonego","kat":"wojewodzka"},"geometry":{"type":"LineString","coordinates":[[22.58561,51.17458],[22.585586644207066,51.1744398652424]]}},{"type":"Feature","properties":{"numer":"835","klasa":"droga gĹ‚Ăłwna","kat":"wojewodzka"},"geometry":{"type":"LineString","coordinates":[[22.58676,51.18082],[22.58638,51.17923],[22.58561,51.17458]]}},{"type":"Feature","properties":{"numer":"2396L","klasa":"droga zbiorcza","kat":"powiatowa"},"geometry":{"type":"LineString","coordinates":[[22.590188261767135,51.18127710156895],[22.58676,51.18082]]}},{"type":"Feature","properties":{"numer":"2271L","klasa":"","kat":"powiatowa"},"geometry":{"type":"LineString","coordinates":[[22.59293,51.18283],[22.59168,51.18213],[22.591636558237145,51.18209694648478]]}},{"type":"Feature","properties":{"numer":"2271L","klasa":"","kat":"powiatowa"},"geometry":{"type":"LineString","coordinates":[[22.59353868761554,51.1831014417745],[22.59293,51.18283]]}},{"type":"Feature","properties":{"numer":"2259L","klasa":"droga zbiorcza","kat":"powiatowa"},"geometry":{"type":"LineString","coordinates":[[22.49351,51.16555],[22.49198,51.16466],[22.48217,51.15619],[22.47873,51.15335],[22.47808100529101,51.153025502645505]]}},{"type":"Feature","properties":{"numer":"2264L","klasa":"","kat":"powiatowa"},"geometry":{"type":"LineString","coordinates":[[22.48414,51.17117],[22.49351,51.16555]]}},{"type":"Feature","properties":{"numer":"2264L","klasa":"droga zbiorcza","kat":"powiatowa"},"geometry":{"type":"LineString","coordinates":[[22.484135302929644,51.17117282069208],[22.48414,51.17117]]}},{"type":"Feature","properties":{"numer":"2263L","klasa":"droga zbiorcza","kat":"powiatowa"},"geometry":{"type":"LineString","coordinates":[[22.50296,51.17812],[22.508,51.17506],[22.50802,51.17486],[22.50731,51.17441],[22.50876,51.17349]]}},{"type":"Feature","properties":{"numer":"2259L","klasa":"droga zbiorcza","kat":"powiatowa"},"geometry":{"type":"LineString","coordinates":[[22.52754,51.19489],[22.52645,51.19135],[22.52296,51.18598],[22.51783,51.17857],[22.51725,51.17809],[22.51146,51.17468],[22.50876,51.17349]]}},{"type":"Feature","properties":{"numer":"2259L","klasa":"droga zbiorcza","kat":"powiatowa"},"geometry":{"type":"LineString","coordinates":[[22.52754,51.19489],[22.52868,51.19494]]}},{"type":"Feature","properties":{"numer":"2259L","klasa":"droga zbiorcza","kat":"powiatowa"},"geometry":{"type":"LineString","coordinates":[[22.53621,51.19505],[22.53469,51.19503],[22.53262,51.1948],[22.52868,51.19494]]}},{"type":"Feature","properties":{"numer":"2259L","klasa":"droga zbiorcza","kat":"powiatowa"},"geometry":{"type":"LineString","coordinates":[[22.53621,51.19505],[22.53673,51.19506]]}},{"type":"Feature","properties":{"numer":"2259L","klasa":"droga zbiorcza","kat":"powiatowa"},"geometry":{"type":"LineString","coordinates":[[22.53673,51.19506],[22.53841,51.19515]]}},{"type":"Feature","properties":{"numer":"2259L","klasa":"droga zbiorcza","kat":"powiatowa"},"geometry":{"type":"LineString","coordinates":[[22.53841,51.19515],[22.54723,51.1951]]}},{"type":"Feature","properties":{"numer":"2269L","klasa":"droga zbiorcza","kat":"powiatowa"},"geometry":{"type":"LineString","coordinates":[[22.54723,51.1951],[22.54753,51.19534],[22.55911,51.20229]]}},{"type":"Feature","properties":{"numer":"2376L","klasa":"droga zbiorcza","kat":"powiatowa"},"geometry":{"type":"LineString","coordinates":[[22.53841,51.19515],[22.54088,51.19807],[22.54227,51.20041],[22.54323,51.20281],[22.54355,51.2049]]}},{"type":"Feature","properties":{"numer":"2269L","klasa":"droga zbiorcza","kat":"powiatowa"},"geometry":{"type":"LineString","coordinates":[[22.55911,51.20229],[22.5601,51.20288]]}},{"type":"Feature","properties":{"numer":"2272L","klasa":"droga zbiorcza","kat":"powiatowa"},"geometry":{"type":"LineString","coordinates":[[22.59465,51.20318],[22.59428,51.20268]]}},{"type":"Feature","properties":{"numer":"2273L","klasa":"droga zbiorcza","kat":"powiatowa"},"geometry":{"type":"LineString","coordinates":[[22.59465,51.20318],[22.59499,51.20307],[22.59547,51.20309]]}},{"type":"Feature","properties":{"numer":"2272L","klasa":"droga zbiorcza","kat":"powiatowa"},"geometry":{"type":"LineString","coordinates":[[22.59538,51.20405],[22.59465,51.20318]]}},{"type":"Feature","properties":{"numer":"2272L","klasa":"droga zbiorcza","kat":"powiatowa"},"geometry":{"type":"LineString","coordinates":[[22.59588,51.2046],[22.59538,51.20405]]}},{"type":"Feature","properties":{"numer":"835","klasa":"droga gĹ‚Ăłwna","kat":"wojewodzka"},"geometry":{"type":"LineString","coordinates":[[22.58667,51.20773],[22.5869,51.20574],[22.58677,51.20521],[22.58605,51.20359],[22.58596,51.20131]]}},{"type":"Feature","properties":{"numer":"2272L","klasa":"droga zbiorcza","kat":"powiatowa"},"geometry":{"type":"LineString","coordinates":[[22.59741,51.20633],[22.59588,51.2046]]}},{"type":"Feature","properties":{"numer":"2272L","klasa":"droga zbiorcza","kat":"powiatowa"},"geometry":{"type":"LineString","coordinates":[[22.59487,51.20673],[22.59741,51.20633]]}},{"type":"Feature","properties":{"numer":"2411L","klasa":"droga zbiorcza","kat":"powiatowa"},"geometry":{"type":"LineString","coordinates":[[22.5978,51.2069],[22.59741,51.20633]]}},{"type":"Feature","properties":{"numer":"2272L","klasa":"droga zbiorcza","kat":"powiatowa"},"geometry":{"type":"LineString","coordinates":[[22.59469,51.20676],[22.59487,51.20673]]}},{"type":"Feature","properties":{"numer":"2272L","klasa":"droga zbiorcza","kat":"powiatowa"},"geometry":{"type":"LineString","coordinates":[[22.5875,51.20778],[22.59469,51.20676]]}},{"type":"Feature","properties":{"numer":"2107L","klasa":"droga zbiorcza","kat":"powiatowa"},"geometry":{"type":"LineString","coordinates":[[22.619745619060236,51.17967556872744],[22.60918,51.18446],[22.6051,51.18646],[22.59773,51.18975],[22.59707,51.18997]]}},{"type":"Feature","properties":{"numer":"2272L","klasa":"droga zbiorcza","kat":"powiatowa"},"geometry":{"type":"LineString","coordinates":[[22.5965,51.19006],[22.59675,51.18657],[22.59675,51.18458],[22.596931920860545,51.18310548355137]]}},{"type":"Feature","properties":{"numer":"835","klasa":"droga gĹ‚Ăłwna","kat":"wojewodzka"},"geometry":{"type":"LineString","coordinates":[[22.58572,51.19429],[22.5856,51.19253],[22.58555,51.18721],[22.58701,51.18268],[22.58703,51.18203],[22.58676,51.18082]]}},{"type":"Feature","properties":{"numer":"2107L","klasa":"droga zbiorcza","kat":"powiatowa"},"geometry":{"type":"LineString","coordinates":[[22.59707,51.18997],[22.5965,51.19006]]}},{"type":"Feature","properties":{"numer":"2272L","klasa":"droga zbiorcza","kat":"powiatowa"},"geometry":{"type":"LineString","coordinates":[[22.59716,51.19231],[22.59652,51.19071],[22.5965,51.19006]]}},{"type":"Feature","properties":{"numer":"2272L","klasa":"droga zbiorcza","kat":"powiatowa"},"geometry":{"type":"LineString","coordinates":[[22.59717,51.19234],[22.59716,51.19231]]}},{"type":"Feature","properties":{"numer":"835","klasa":"droga gĹ‚Ăłwna","kat":"wojewodzka"},"geometry":{"type":"LineString","coordinates":[[22.5858,51.19532],[22.58572,51.19429]]}},{"type":"Feature","properties":{"numer":"2272L","klasa":"droga zbiorcza","kat":"powiatowa"},"geometry":{"type":"LineString","coordinates":[[22.59428,51.20268],[22.59442,51.19892],[22.59473,51.19709],[22.59728,51.19314],[22.59735,51.19282],[22.59717,51.19234]]}},{"type":"Feature","properties":{"numer":"835","klasa":"droga gĹ‚Ăłwna","kat":"wojewodzka"},"geometry":{"type":"LineString","coordinates":[[22.58597,51.20061],[22.5858,51.19532]]}},{"type":"Feature","properties":{"numer":"835","klasa":"droga gĹ‚Ăłwna","kat":"wojewodzka"},"geometry":{"type":"LineString","coordinates":[[22.58596,51.20131],[22.58597,51.20061]]}},{"type":"Feature","properties":{"numer":"2337L","klasa":"droga gĹ‚Ăłwna","kat":"powiatowa"},"geometry":{"type":"LineString","coordinates":[[22.55944,51.20336],[22.5601,51.20288]]}},{"type":"Feature","properties":{"numer":"2269L","klasa":"droga zbiorcza","kat":"powiatowa"},"geometry":{"type":"LineString","coordinates":[[22.5601,51.20288],[22.56129,51.20359]]}},{"type":"Feature","properties":{"numer":"2351L","klasa":"droga zbiorcza","kat":"powiatowa"},"geometry":{"type":"LineString","coordinates":[[22.54124,51.22061],[22.54133,51.22038],[22.54117,51.22021],[22.53913,51.2199],[22.53816,51.21955],[22.53764,51.21923],[22.5368,51.21845],[22.53611,51.21774],[22.53281,51.21239],[22.53242,51.21198],[22.53026,51.21019],[22.52985,51.20971],[22.52764,51.20036],[22.5276,51.19955],[22.528,51.19674],[22.52754,51.19489]]}},{"type":"Feature","properties":{"numer":"2389L","klasa":"droga zbiorcza","kat":"powiatowa"},"geometry":{"type":"LineString","coordinates":[[22.54335,51.21356],[22.54273,51.21273],[22.54153,51.20932],[22.54142,51.20858],[22.54163,51.20748],[22.54261,51.20535],[22.54282,51.20515],[22.54355,51.2049]]}},{"type":"Feature","properties":{"numer":"2337L","klasa":"droga gĹ‚Ăłwna","kat":"powiatowa"},"geometry":{"type":"LineString","coordinates":[[22.54705,51.21569],[22.5483,51.21448],[22.54866,51.2138],[22.54836,51.21234],[22.54868,51.2096],[22.54805,51.20793],[22.54814,51.20749],[22.54842,51.20708],[22.54891,51.20671],[22.54964,51.20642],[22.55678,51.20499],[22.55735,51.20472],[22.55944,51.20336]]}},{"type":"Feature","properties":{"numer":"2389L","klasa":"droga zbiorcza","kat":"powiatowa"},"geometry":{"type":"LineString","coordinates":[[22.54335,51.21356],[22.54359,51.21379],[22.54421,51.214]]}},{"type":"Feature","properties":{"numer":"2376L","klasa":"droga zbiorcza","kat":"powiatowa"},"geometry":{"type":"LineString","coordinates":[[22.54388,51.21483],[22.54382,51.21456],[22.54421,51.214]]}},{"type":"Feature","properties":{"numer":"2389L","klasa":"droga zbiorcza","kat":"powiatowa"},"geometry":{"type":"LineString","coordinates":[[22.54421,51.214],[22.54489,51.21424],[22.54604,51.21526]]}},{"type":"Feature","properties":{"numer":"2389L","klasa":"droga zbiorcza","kat":"powiatowa"},"geometry":{"type":"LineString","coordinates":[[22.54604,51.21526],[22.54705,51.21569]]}},{"type":"Feature","properties":{"numer":"2337L","klasa":"droga gĹ‚Ăłwna","kat":"powiatowa"},"geometry":{"type":"LineString","coordinates":[[22.54657,51.21646],[22.54705,51.21569]]}},{"type":"Feature","properties":{"numer":"809","klasa":"droga gĹ‚Ăłwna ruchu przyĹ›pieszonego","kat":"wojewodzka"},"geometry":{"type":"LineString","coordinates":[[22.45755,51.21803],[22.45555,51.21671],[22.4547,51.21599],[22.454013855443403,51.21519447007931]]}},{"type":"Feature","properties":{"numer":"2262L","klasa":"","kat":"powiatowa"},"geometry":{"type":"LineString","coordinates":[[22.45734798454959,51.21806513312181],[22.45755,51.21803]]}},{"type":"Feature","properties":{"numer":"809","klasa":"droga gĹ‚Ăłwna ruchu przyĹ›pieszonego","kat":"wojewodzka"},"geometry":{"type":"LineString","coordinates":[[22.45904,51.21902],[22.45755,51.21803]]}},{"type":"Feature","properties":{"numer":"112593L","klasa":"droga gĹ‚Ăłwna","kat":"powiatowa"},"geometry":{"type":"LineString","coordinates":[[22.45904,51.21902],[22.45894,51.21906]]}},{"type":"Feature","properties":{"numer":"112593L","klasa":"","kat":"powiatowa"},"geometry":{"type":"LineString","coordinates":[[22.45894,51.21906],[22.458889702416027,51.21907403653506]]}},{"type":"Feature","properties":{"numer":"2337L","klasa":"droga gĹ‚Ăłwna","kat":"powiatowa"},"geometry":{"type":"LineString","coordinates":[[22.54657,51.21646],[22.54643,51.217]]}},{"type":"Feature","properties":{"numer":"2337L","klasa":"droga gĹ‚Ăłwna","kat":"powiatowa"},"geometry":{"type":"LineString","coordinates":[[22.54643,51.217],[22.5463,51.21752]]}},{"type":"Feature","properties":{"numer":"2337L","klasa":"droga gĹ‚Ăłwna","kat":"powiatowa"},"geometry":{"type":"LineString","coordinates":[[22.5463,51.21752],[22.5459,51.21852],[22.54557,51.21901]]}},{"type":"Feature","properties":{"numer":"2393L","klasa":"","kat":"powiatowa"},"geometry":{"type":"LineString","coordinates":[[22.55763,51.22221],[22.55778,51.22185],[22.56004,51.21911],[22.56393,51.21536]]}},{"type":"Feature","properties":{"numer":"2337L","klasa":"droga gĹ‚Ăłwna","kat":"powiatowa"},"geometry":{"type":"LineString","coordinates":[[22.54557,51.21901],[22.54543,51.21923]]}},{"type":"Feature","properties":{"numer":"835","klasa":"droga gĹ‚Ăłwna","kat":"wojewodzka"},"geometry":{"type":"LineString","coordinates":[[22.54543,51.21923],[22.54575,51.21924]]}},{"type":"Feature","properties":{"numer":"835","klasa":"droga gĹ‚Ăłwna","kat":"wojewodzka"},"geometry":{"type":"LineString","coordinates":[[22.5451,51.21948],[22.54543,51.21923]]}},{"type":"Feature","properties":{"numer":"113004L","klasa":"droga zbiorcza","kat":"powiatowa"},"geometry":{"type":"LineString","coordinates":[[22.50208,51.22056],[22.50204,51.22093]]}},{"type":"Feature","properties":{"numer":"835","klasa":"droga gĹ‚Ăłwna","kat":"wojewodzka"},"geometry":{"type":"LineString","coordinates":[[22.5451,51.21948],[22.54412,51.2205],[22.54354,51.22149],[22.54293,51.22225]]}},{"type":"Feature","properties":{"numer":"835","klasa":"droga gĹ‚Ăłwna","kat":"wojewodzka"},"geometry":{"type":"LineString","coordinates":[[22.54575,51.21924],[22.54708,51.21929],[22.54775,51.21943],[22.55375,51.22126],[22.55494,51.2217],[22.55616,51.22228],[22.55744,51.22263]]}},{"type":"Feature","properties":{"numer":"835","klasa":"droga gĹ‚Ăłwna","kat":"wojewodzka"},"geometry":{"type":"LineString","coordinates":[[22.57654,51.22183],[22.57955,51.21799]]}},{"type":"Feature","properties":{"numer":"2341L","klasa":"droga gĹ‚Ăłwna","kat":"powiatowa"},"geometry":{"type":"LineString","coordinates":[[22.62139,51.22041],[22.62335,51.2197]]}},{"type":"Feature","properties":{"numer":"2341L","klasa":"droga gĹ‚Ăłwna","kat":"powiatowa"},"geometry":{"type":"LineString","coordinates":[[22.6171,51.22195],[22.62139,51.22041]]}},{"type":"Feature","properties":{"numer":"2341L","klasa":"droga gĹ‚Ăłwna","kat":"powiatowa"},"geometry":{"type":"LineString","coordinates":[[22.61527,51.22262],[22.6171,51.22195]]}},{"type":"Feature","properties":{"numer":"835","klasa":"droga gĹ‚Ăłwna","kat":"wojewodzka"},"geometry":{"type":"LineString","coordinates":[[22.57541,51.22332],[22.57654,51.22183]]}},{"type":"Feature","properties":{"numer":"2341L","klasa":"droga gĹ‚Ăłwna","kat":"powiatowa"},"geometry":{"type":"LineString","coordinates":[[22.61387,51.22311],[22.61527,51.22262]]}},{"type":"Feature","properties":{"numer":"835","klasa":"droga gĹ‚Ăłwna","kat":"wojewodzka"},"geometry":{"type":"LineString","coordinates":[[22.57541,51.22332],[22.57444,51.22308],[22.5735,51.22298],[22.57123,51.22315],[22.56755,51.22327]]}},{"type":"Feature","properties":{"numer":"2341L","klasa":"droga gĹ‚Ăłwna","kat":"powiatowa"},"geometry":{"type":"LineString","coordinates":[[22.61361,51.22322],[22.61387,51.22311]]}},{"type":"Feature","properties":{"numer":"835","klasa":"droga gĹ‚Ăłwna","kat":"wojewodzka"},"geometry":{"type":"LineString","coordinates":[[22.56324,51.22313],[22.56575,51.22332],[22.56755,51.22327]]}},{"type":"Feature","properties":{"numer":"2341L","klasa":"droga gĹ‚Ăłwna","kat":"powiatowa"},"geometry":{"type":"LineString","coordinates":[[22.61361,51.22322],[22.61332,51.22332]]}},{"type":"Feature","properties":{"numer":"113004L","klasa":"droga zbiorcza","kat":"powiatowa"},"geometry":{"type":"LineString","coordinates":[[22.50204,51.22093],[22.50199,51.22266]]}},{"type":"Feature","properties":{"numer":"2375L","klasa":"droga zbiorcza","kat":"powiatowa"},"geometry":{"type":"LineString","coordinates":[[22.54124,51.22061],[22.54108,51.22079],[22.54053,51.22105],[22.53975,51.22126],[22.53895,51.22132],[22.53884,51.22188],[22.53835,51.22273],[22.53749,51.22355]]}},{"type":"Feature","properties":{"numer":"835","klasa":"droga gĹ‚Ăłwna","kat":"wojewodzka"},"geometry":{"type":"LineString","coordinates":[[22.54293,51.22225],[22.54322,51.22239]]}},{"type":"Feature","properties":{"numer":"2393L","klasa":"","kat":"powiatowa"},"geometry":{"type":"LineString","coordinates":[[22.55744,51.22263],[22.55763,51.22221]]}},{"type":"Feature","properties":{"numer":"835","klasa":"droga gĹ‚Ăłwna","kat":"wojewodzka"},"geometry":{"type":"LineString","coordinates":[[22.54293,51.22225],[22.54182,51.22288]]}},{"type":"Feature","properties":{"numer":"113020L","klasa":"droga zbiorcza","kat":"powiatowa"},"geometry":{"type":"LineString","coordinates":[[22.50035,51.22261],[22.49932,51.22256]]}},{"type":"Feature","properties":{"numer":"113020L","klasa":"droga zbiorcza","kat":"powiatowa"},"geometry":{"type":"LineString","coordinates":[[22.50071,51.22263],[22.50035,51.22261]]}},{"type":"Feature","properties":{"numer":"113020L","klasa":"droga zbiorcza","kat":"powiatowa"},"geometry":{"type":"LineString","coordinates":[[22.50125,51.22267],[22.50071,51.22263]]}},{"type":"Feature","properties":{"numer":"113020L","klasa":"droga zbiorcza","kat":"powiatowa"},"geometry":{"type":"LineString","coordinates":[[22.50199,51.22266],[22.50125,51.22267]]}},{"type":"Feature","properties":{"numer":"2393L","klasa":"","kat":"powiatowa"},"geometry":{"type":"LineString","coordinates":[[22.55715,51.22296],[22.55744,51.22263]]}},{"type":"Feature","properties":{"numer":"113023L","klasa":"droga zbiorcza","kat":"powiatowa"},"geometry":{"type":"LineString","coordinates":[[22.49289,51.22213],[22.49311,51.22196],[22.49386,51.22168]]}},{"type":"Feature","properties":{"numer":"113023L","klasa":"droga zbiorcza","kat":"powiatowa"},"geometry":{"type":"LineString","coordinates":[[22.4928,51.22279],[22.49289,51.22213]]}},{"type":"Feature","properties":{"numer":"809","klasa":"droga gĹ‚Ăłwna ruchu przyĹ›pieszonego","kat":"wojewodzka"},"geometry":{"type":"LineString","coordinates":[[22.47207,51.22622],[22.46346,51.2219],[22.45904,51.21902]]}},{"type":"Feature","properties":{"numer":"835","klasa":"droga gĹ‚Ăłwna","kat":"wojewodzka"},"geometry":{"type":"LineString","coordinates":[[22.55744,51.22263],[22.56324,51.22313]]}},{"type":"Feature","properties":{"numer":"2393L","klasa":"","kat":"powiatowa"},"geometry":{"type":"LineString","coordinates":[[22.5568,51.22321],[22.55715,51.22296]]}},{"type":"Feature","properties":{"numer":"113004L","klasa":"droga zbiorcza","kat":"powiatowa"},"geometry":{"type":"LineString","coordinates":[[22.50199,51.22266],[22.502,51.22362]]}},{"type":"Feature","properties":{"numer":"2344L","klasa":"droga gĹ‚Ăłwna","kat":"powiatowa"},"geometry":{"type":"LineString","coordinates":[[22.52293,51.22296],[22.52307,51.22287],[22.52327,51.22295],[22.52309,51.22346]]}},{"type":"Feature","properties":{"numer":"2344L","klasa":"droga gĹ‚Ăłwna","kat":"powiatowa"},"geometry":{"type":"LineString","coordinates":[[22.52309,51.22346],[22.52293,51.22296]]}},{"type":"Feature","properties":{"numer":"830","klasa":"droga gĹ‚Ăłwna","kat":"wojewodzka"},"geometry":{"type":"LineString","coordinates":[[22.54182,51.22288],[22.53908,51.22354]]}},{"type":"Feature","properties":{"numer":"2393L","klasa":"","kat":"powiatowa"},"geometry":{"type":"LineString","coordinates":[[22.55657,51.22339],[22.5568,51.22321]]}},{"type":"Feature","properties":{"numer":"2344L","klasa":"droga gĹ‚Ăłwna","kat":"powiatowa"},"geometry":{"type":"LineString","coordinates":[[22.5232,51.22376],[22.52309,51.22346]]}},{"type":"Feature","properties":{"numer":"113004L","klasa":"droga zbiorcza","kat":"powiatowa"},"geometry":{"type":"LineString","coordinates":[[22.502,51.22362],[22.50199,51.22396]]}},{"type":"Feature","properties":{"numer":"2344L","klasa":"droga gĹ‚Ăłwna","kat":"powiatowa"},"geometry":{"type":"LineString","coordinates":[[22.52324,51.2239],[22.5232,51.22376]]}},{"type":"Feature","properties":{"numer":"830","klasa":"droga gĹ‚Ăłwna","kat":"wojewodzka"},"geometry":{"type":"LineString","coordinates":[[22.53908,51.22354],[22.53698,51.22419]]}},{"type":"Feature","properties":{"numer":"2375L","klasa":"droga zbiorcza","kat":"powiatowa"},"geometry":{"type":"LineString","coordinates":[[22.53749,51.22355],[22.53669,51.22427]]}},{"type":"Feature","properties":{"numer":"2344L","klasa":"droga gĹ‚Ăłwna","kat":"powiatowa"},"geometry":{"type":"LineString","coordinates":[[22.52332,51.22424],[22.52324,51.2239]]}},{"type":"Feature","properties":{"numer":"113004L","klasa":"droga zbiorcza","kat":"powiatowa"},"geometry":{"type":"LineString","coordinates":[[22.50199,51.22396],[22.50198,51.22434]]}},{"type":"Feature","properties":{"numer":"830","klasa":"droga gĹ‚Ăłwna","kat":"wojewodzka"},"geometry":{"type":"LineString","coordinates":[[22.53698,51.22419],[22.53669,51.22427]]}},{"type":"Feature","properties":{"numer":"830","klasa":"droga gĹ‚Ăłwna","kat":"wojewodzka"},"geometry":{"type":"LineString","coordinates":[[22.53669,51.22427],[22.5364,51.22431]]}},{"type":"Feature","properties":{"numer":"2375L","klasa":"droga zbiorcza","kat":"powiatowa"},"geometry":{"type":"LineString","coordinates":[[22.53677,51.22445],[22.53669,51.22427]]}},{"type":"Feature","properties":{"numer":"113004L","klasa":"droga zbiorcza","kat":"powiatowa"},"geometry":{"type":"LineString","coordinates":[[22.50198,51.22434],[22.50201,51.22454]]}},{"type":"Feature","properties":{"numer":"2344L","klasa":"droga gĹ‚Ăłwna","kat":"powiatowa"},"geometry":{"type":"LineString","coordinates":[[22.52363,51.22552],[22.52332,51.22424]]}},{"type":"Feature","properties":{"numer":"2350L","klasa":"droga gĹ‚Ăłwna","kat":"powiatowa"},"geometry":{"type":"LineString","coordinates":[[22.50201,51.22454],[22.50072,51.22451],[22.50014,51.22456],[22.49184,51.22582]]}},{"type":"Feature","properties":{"numer":"2272L","klasa":"droga zbiorcza","kat":"powiatowa"},"geometry":{"type":"LineString","coordinates":[[22.58667,51.20773],[22.5875,51.20778]]}},{"type":"Feature","properties":{"numer":"2273L","klasa":"droga zbiorcza","kat":"powiatowa"},"geometry":{"type":"LineString","coordinates":[[22.59547,51.20309],[22.612479665177567,51.2042322175564]]}},{"type":"Feature","properties":{"numer":"2269L","klasa":"droga zbiorcza","kat":"powiatowa"},"geometry":{"type":"LineString","coordinates":[[22.56129,51.20359],[22.57543,51.21207]]}},{"type":"Feature","properties":{"numer":"835","klasa":"droga gĹ‚Ăłwna","kat":"wojewodzka"},"geometry":{"type":"LineString","coordinates":[[22.58606,51.20874],[22.58667,51.20773]]}},{"type":"Feature","properties":{"numer":"2361L","klasa":"","kat":"powiatowa"},"geometry":{"type":"LineString","coordinates":[[22.57499,51.21223],[22.57543,51.21207]]}},{"type":"Feature","properties":{"numer":"835","klasa":"droga gĹ‚Ăłwna","kat":"wojewodzka"},"geometry":{"type":"LineString","coordinates":[[22.58136,51.21568],[22.58385,51.21252],[22.58505,51.2102],[22.58606,51.20874]]}},{"type":"Feature","properties":{"numer":"2361L","klasa":"","kat":"powiatowa"},"geometry":{"type":"LineString","coordinates":[[22.56393,51.21536],[22.56551,51.21511],[22.57126,51.21482],[22.57499,51.21223]]}},{"type":"Feature","properties":{"numer":"2269L","klasa":"droga zbiorcza","kat":"powiatowa"},"geometry":{"type":"LineString","coordinates":[[22.57543,51.21207],[22.58136,51.21568]]}},{"type":"Feature","properties":{"numer":"2411L","klasa":"droga zbiorcza","kat":"powiatowa"},"geometry":{"type":"LineString","coordinates":[[22.58716,51.22435],[22.58771,51.22393],[22.58802,51.22351],[22.58857,51.22143],[22.58855,51.22047],[22.58867,51.21993],[22.58933,51.21859],[22.59096,51.21581],[22.59308,51.21278],[22.59773,51.20851],[22.59818,51.20776],[22.59809,51.20739],[22.5978,51.2069]]}},{"type":"Feature","properties":{"numer":"835","klasa":"droga gĹ‚Ăłwna","kat":"wojewodzka"},"geometry":{"type":"LineString","coordinates":[[22.57955,51.21799],[22.58136,51.21568]]}},{"type":"Feature","properties":{"numer":"","klasa":"droga gĹ‚Ăłwna","kat":"gminna"},"geometry":{"type":"LineString","coordinates":[[22.645993675489173,51.214853027193904],[22.64593,51.21491]]}},{"type":"Feature","properties":{"numer":"2341L","klasa":"droga gĹ‚Ăłwna","kat":"powiatowa"},"geometry":{"type":"LineString","coordinates":[[22.63569,51.21524],[22.639127249089153,51.21399547877807]]}},{"type":"Feature","properties":{"numer":"2419L","klasa":"droga gĹ‚Ăłwna","kat":"powiatowa"},"geometry":{"type":"LineString","coordinates":[[22.64491,51.21583],[22.64593,51.21491]]}},{"type":"Feature","properties":{"numer":"2341L","klasa":"droga gĹ‚Ăłwna","kat":"powiatowa"},"geometry":{"type":"LineString","coordinates":[[22.63418,51.21579],[22.63569,51.21524]]}},{"type":"Feature","properties":{"numer":"2341L","klasa":"droga gĹ‚Ăłwna","kat":"powiatowa"},"geometry":{"type":"LineString","coordinates":[[22.6277,51.21813],[22.63418,51.21579]]}},{"type":"Feature","properties":{"numer":"2419L","klasa":"droga gĹ‚Ăłwna","kat":"powiatowa"},"geometry":{"type":"LineString","coordinates":[[22.64138,51.21898],[22.64491,51.21583]]}},{"type":"Feature","properties":{"numer":"2341L","klasa":"droga gĹ‚Ăłwna","kat":"powiatowa"},"geometry":{"type":"LineString","coordinates":[[22.62585,51.21878],[22.6277,51.21813]]}},{"type":"Feature","properties":{"numer":"2341L","klasa":"droga gĹ‚Ăłwna","kat":"powiatowa"},"geometry":{"type":"LineString","coordinates":[[22.62335,51.2197],[22.62585,51.21878]]}},{"type":"Feature","properties":{"numer":"106236L","klasa":"droga zbiorcza","kat":"powiatowa"},"geometry":{"type":"LineString","coordinates":[[22.62585,51.21878],[22.6276,51.22023]]}},{"type":"Feature","properties":{"numer":"106236L","klasa":"droga zbiorcza","kat":"powiatowa"},"geometry":{"type":"LineString","coordinates":[[22.6276,51.22023],[22.62772,51.22031]]}},{"type":"Feature","properties":{"numer":"106236L","klasa":"droga zbiorcza","kat":"powiatowa"},"geometry":{"type":"LineString","coordinates":[[22.62772,51.22031],[22.62783,51.2204]]}},{"type":"Feature","properties":{"numer":"106236L","klasa":"droga zbiorcza","kat":"powiatowa"},"geometry":{"type":"LineString","coordinates":[[22.62783,51.2204],[22.62804,51.22056]]}},{"type":"Feature","properties":{"numer":"2419L","klasa":"droga gĹ‚Ăłwna","kat":"powiatowa"},"geometry":{"type":"LineString","coordinates":[[22.63186,51.22362],[22.63697,51.22177],[22.63818,51.22123],[22.64026,51.21993],[22.64138,51.21898]]}},{"type":"Feature","properties":{"numer":"106236L","klasa":"droga zbiorcza","kat":"powiatowa"},"geometry":{"type":"LineString","coordinates":[[22.62822,51.2207],[22.63108,51.22299]]}},{"type":"Feature","properties":{"numer":"106236L","klasa":"droga zbiorcza","kat":"powiatowa"},"geometry":{"type":"LineString","coordinates":[[22.63108,51.22299],[22.63134,51.2232]]}},{"type":"Feature","properties":{"numer":"106236L","klasa":"droga zbiorcza","kat":"powiatowa"},"geometry":{"type":"LineString","coordinates":[[22.63134,51.2232],[22.63177,51.22355]]}},{"type":"Feature","properties":{"numer":"106236L","klasa":"droga zbiorcza","kat":"powiatowa"},"geometry":{"type":"LineString","coordinates":[[22.63177,51.22355],[22.63186,51.22362]]}},{"type":"Feature","properties":{"numer":"106236L","klasa":"droga zbiorcza","kat":"powiatowa"},"geometry":{"type":"LineString","coordinates":[[22.63186,51.22362],[22.63195,51.22369]]}},{"type":"Feature","properties":{"numer":"106236L","klasa":"droga zbiorcza","kat":"powiatowa"},"geometry":{"type":"LineString","coordinates":[[22.63195,51.22369],[22.63237,51.22398]]}},{"type":"Feature","properties":{"numer":"106236L","klasa":"droga zbiorcza","kat":"powiatowa"},"geometry":{"type":"LineString","coordinates":[[22.63237,51.22398],[22.63359,51.22493]]}},{"type":"Feature","properties":{"numer":"835","klasa":"droga gĹ‚Ăłwna","kat":"wojewodzka"},"geometry":{"type":"LineString","coordinates":[[22.54322,51.22239],[22.55792,51.22826]]}},{"type":"Feature","properties":{"numer":"830","klasa":"droga gĹ‚Ăłwna","kat":"wojewodzka"},"geometry":{"type":"LineString","coordinates":[[22.52466,51.22661],[22.5364,51.22431]]}},{"type":"Feature","properties":{"numer":"2344L","klasa":"droga gĹ‚Ăłwna","kat":"powiatowa"},"geometry":{"type":"LineString","coordinates":[[22.52364,51.22557],[22.52363,51.22552]]}},{"type":"Feature","properties":{"numer":"2344L","klasa":"droga gĹ‚Ăłwna","kat":"powiatowa"},"geometry":{"type":"LineString","coordinates":[[22.52429,51.22668],[22.52364,51.22557]]}},{"type":"Feature","properties":{"numer":"2350L","klasa":"droga gĹ‚Ăłwna","kat":"powiatowa"},"geometry":{"type":"LineString","coordinates":[[22.51381,51.22829],[22.50398,51.22494],[22.50334,51.22475],[22.50201,51.22454]]}},{"type":"Feature","properties":{"numer":"830","klasa":"droga gĹ‚Ăłwna","kat":"wojewodzka"},"geometry":{"type":"LineString","coordinates":[[22.52429,51.22668],[22.52466,51.22661]]}},{"type":"Feature","properties":{"numer":"830","klasa":"droga gĹ‚Ăłwna","kat":"wojewodzka"},"geometry":{"type":"LineString","coordinates":[[22.52395,51.22673],[22.52429,51.22668]]}},{"type":"Feature","properties":{"numer":"2344L","klasa":"droga gĹ‚Ăłwna","kat":"powiatowa"},"geometry":{"type":"LineString","coordinates":[[22.52442,51.22691],[22.52429,51.22668]]}},{"type":"Feature","properties":{"numer":"830","klasa":"droga gĹ‚Ăłwna","kat":"wojewodzka"},"geometry":{"type":"LineString","coordinates":[[22.51436,51.22827],[22.52395,51.22673]]}},{"type":"Feature","properties":{"numer":"830","klasa":"droga gĹ‚Ăłwna","kat":"wojewodzka"},"geometry":{"type":"LineString","coordinates":[[22.51409,51.2284],[22.51436,51.22827]]}},{"type":"Feature","properties":{"numer":"113023L","klasa":"droga zbiorcza","kat":"powiatowa"},"geometry":{"type":"LineString","coordinates":[[22.49274,51.22332],[22.4928,51.22279]]}},{"type":"Feature","properties":{"numer":"113023L","klasa":"droga zbiorcza","kat":"powiatowa"},"geometry":{"type":"LineString","coordinates":[[22.49251,51.22392],[22.49274,51.22332]]}},{"type":"Feature","properties":{"numer":"113023L","klasa":"droga zbiorcza","kat":"powiatowa"},"geometry":{"type":"LineString","coordinates":[[22.49214,51.22476],[22.49251,51.22392]]}},{"type":"Feature","properties":{"numer":"113023L","klasa":"droga zbiorcza","kat":"powiatowa"},"geometry":{"type":"LineString","coordinates":[[22.49214,51.22476],[22.49204,51.22503]]}},{"type":"Feature","properties":{"numer":"113023L","klasa":"droga zbiorcza","kat":"powiatowa"},"geometry":{"type":"LineString","coordinates":[[22.49204,51.22503],[22.49192,51.22531]]}},{"type":"Feature","properties":{"numer":"113023L","klasa":"droga zbiorcza","kat":"powiatowa"},"geometry":{"type":"LineString","coordinates":[[22.49192,51.22531],[22.49184,51.22582]]}},{"type":"Feature","properties":{"numer":"2390L","klasa":"droga zbiorcza","kat":"powiatowa"},"geometry":{"type":"LineString","coordinates":[[22.4919,51.22632],[22.49184,51.22582]]}},{"type":"Feature","properties":{"numer":"2350L","klasa":"droga gĹ‚Ăłwna","kat":"powiatowa"},"geometry":{"type":"LineString","coordinates":[[22.49184,51.22582],[22.48473,51.22685],[22.48385,51.22689],[22.47912,51.22678],[22.47781,51.22687],[22.47543,51.22732],[22.47493,51.22759]]}},{"type":"Feature","properties":{"numer":"809","klasa":"droga gĹ‚Ăłwna ruchu przyĹ›pieszonego","kat":"wojewodzka"},"geometry":{"type":"LineString","coordinates":[[22.47207,51.22622],[22.47493,51.22759]]}},{"type":"Feature","properties":{"numer":"2390L","klasa":"droga zbiorcza","kat":"powiatowa"},"geometry":{"type":"LineString","coordinates":[[22.49228,51.22838],[22.4919,51.22632]]}},{"type":"Feature","properties":{"numer":"2416L","klasa":"droga gĹ‚Ăłwna","kat":"powiatowa"},"geometry":{"type":"LineString","coordinates":[[22.61378,51.22336],[22.61361,51.22322]]}},{"type":"Feature","properties":{"numer":"2341L","klasa":"droga gĹ‚Ăłwna","kat":"powiatowa"},"geometry":{"type":"LineString","coordinates":[[22.61119,51.22409],[22.61332,51.22332]]}},{"type":"Feature","properties":{"numer":"2426L","klasa":"droga gĹ‚Ăłwna","kat":"powiatowa"},"geometry":{"type":"LineString","coordinates":[[22.5746,51.22429],[22.57541,51.22332]]}},{"type":"Feature","properties":{"numer":"2415L","klasa":"droga gĹ‚Ăłwna","kat":"powiatowa"},"geometry":{"type":"LineString","coordinates":[[22.57541,51.22332],[22.57872,51.22441],[22.5793,51.22476],[22.58146,51.2264],[22.58319,51.22705]]}},{"type":"Feature","properties":{"numer":"2378L","klasa":"droga zbiorcza","kat":"powiatowa"},"geometry":{"type":"LineString","coordinates":[[22.55657,51.22339],[22.55695,51.22365],[22.55991,51.22498],[22.56803,51.22652],[22.56929,51.22711]]}},{"type":"Feature","properties":{"numer":"2416L","klasa":"droga gĹ‚Ăłwna","kat":"powiatowa"},"geometry":{"type":"LineString","coordinates":[[22.61894,51.22778],[22.61378,51.22336]]}},{"type":"Feature","properties":{"numer":"2338L","klasa":"droga zbiorcza","kat":"powiatowa"},"geometry":{"type":"LineString","coordinates":[[22.58319,51.22705],[22.58716,51.22435]]}},{"type":"Feature","properties":{"numer":"2426L","klasa":"droga gĹ‚Ăłwna","kat":"powiatowa"},"geometry":{"type":"LineString","coordinates":[[22.5727,51.22741],[22.57307,51.22619],[22.5746,51.22429]]}},{"type":"Feature","properties":{"numer":"2341L","klasa":"droga gĹ‚Ăłwna","kat":"powiatowa"},"geometry":{"type":"LineString","coordinates":[[22.59296,51.23067],[22.61119,51.22409]]}},{"type":"Feature","properties":{"numer":"2378L","klasa":"droga zbiorcza","kat":"powiatowa"},"geometry":{"type":"LineString","coordinates":[[22.56929,51.22711],[22.571,51.22794]]}},{"type":"Feature","properties":{"numer":"2390L","klasa":"droga zbiorcza","kat":"powiatowa"},"geometry":{"type":"LineString","coordinates":[[22.49251,51.2295],[22.49228,51.22838]]}},{"type":"Feature","properties":{"numer":"809","klasa":"droga gĹ‚Ăłwna ruchu przyĹ›pieszonego","kat":"wojewodzka"},"geometry":{"type":"LineString","coordinates":[[22.47493,51.22759],[22.48574,51.23311],[22.48947,51.23478]]}},{"type":"Feature","properties":{"numer":"2390L","klasa":"droga zbiorcza","kat":"powiatowa"},"geometry":{"type":"LineString","coordinates":[[22.49087,51.23318],[22.49181,51.23205],[22.49251,51.2295]]}},{"type":"Feature","properties":{"numer":"2390L","klasa":"droga zbiorcza","kat":"powiatowa"},"geometry":{"type":"LineString","coordinates":[[22.49087,51.23318],[22.491,51.23368]]}},{"type":"Feature","properties":{"numer":"2390L","klasa":"droga zbiorcza","kat":"powiatowa"},"geometry":{"type":"LineString","coordinates":[[22.491,51.23368],[22.49026,51.23406],[22.48947,51.23478]]}},{"type":"Feature","properties":{"numer":"2350L","klasa":"droga gĹ‚Ăłwna","kat":"powiatowa"},"geometry":{"type":"LineString","coordinates":[[22.51409,51.2284],[22.51381,51.22829]]}},{"type":"Feature","properties":{"numer":"830","klasa":"droga gĹ‚Ăłwna","kat":"wojewodzka"},"geometry":{"type":"LineString","coordinates":[[22.51396,51.2286],[22.51409,51.2284]]}},{"type":"Feature","properties":{"numer":"835","klasa":"droga gĹ‚Ăłwna","kat":"wojewodzka"},"geometry":{"type":"LineString","coordinates":[[22.55586,51.23001],[22.55792,51.22826]]}},{"type":"Feature","properties":{"numer":"2359L","klasa":"droga zbiorcza","kat":"powiatowa"},"geometry":{"type":"LineString","coordinates":[[22.55792,51.22826],[22.5632,51.2304]]}},{"type":"Feature","properties":{"numer":"2375L","klasa":"droga zbiorcza","kat":"powiatowa"},"geometry":{"type":"LineString","coordinates":[[22.53677,51.22445],[22.53749,51.22604],[22.53808,51.22692],[22.53827,51.22742],[22.53829,51.2279],[22.53767,51.23064],[22.53775,51.23132],[22.53792,51.23169],[22.53848,51.23235],[22.53933,51.23296],[22.54045,51.23349],[22.54284,51.23438]]}},{"type":"Feature","properties":{"numer":"830","klasa":"droga gĹ‚Ăłwna","kat":"wojewodzka"},"geometry":{"type":"LineString","coordinates":[[22.5123,51.23194],[22.51396,51.2286]]}},{"type":"Feature","properties":{"numer":"835","klasa":"droga gĹ‚Ăłwna","kat":"wojewodzka"},"geometry":{"type":"LineString","coordinates":[[22.55586,51.23001],[22.56171,51.23217]]}},{"type":"Feature","properties":{"numer":"2380L","klasa":"droga zbiorcza","kat":"powiatowa"},"geometry":{"type":"LineString","coordinates":[[22.51035,51.23196],[22.51157,51.2319],[22.5123,51.23194]]}},{"type":"Feature","properties":{"numer":"2344L","klasa":"droga gĹ‚Ăłwna","kat":"powiatowa"},"geometry":{"type":"LineString","coordinates":[[22.52959,51.23755],[22.52917,51.23686],[22.52902,51.23628],[22.52939,51.23395],[22.52938,51.23342],[22.52903,51.23234],[22.52829,51.23143],[22.52633,51.22979],[22.52567,51.22912],[22.52505,51.2282],[22.52442,51.22691]]}},{"type":"Feature","properties":{"numer":"2380L","klasa":"droga zbiorcza","kat":"powiatowa"},"geometry":{"type":"LineString","coordinates":[[22.51035,51.23196],[22.49895,51.23344]]}},{"type":"Feature","properties":{"numer":"113015L","klasa":"droga lokalna","kat":"powiatowa"},"geometry":{"type":"LineString","coordinates":[[22.62372,51.23062],[22.62424,51.23055]]}},{"type":"Feature","properties":{"numer":"2359L","klasa":"droga zbiorcza","kat":"powiatowa"},"geometry":{"type":"LineString","coordinates":[[22.5632,51.2304],[22.56373,51.2308]]}},{"type":"Feature","properties":{"numer":"113015L","klasa":"droga lokalna","kat":"powiatowa"},"geometry":{"type":"LineString","coordinates":[[22.62372,51.23062],[22.62273,51.23076]]}},{"type":"Feature","properties":{"numer":"2347L","klasa":"droga gĹ‚Ăłwna","kat":"powiatowa"},"geometry":{"type":"LineString","coordinates":[[22.62227,51.23066],[22.62244,51.2308]]}},{"type":"Feature","properties":{"numer":"106524L","klasa":"droga lokalna","kat":"powiatowa"},"geometry":{"type":"LineString","coordinates":[[22.62273,51.23076],[22.62244,51.2308]]}},{"type":"Feature","properties":{"numer":"113047L","klasa":"droga zbiorcza","kat":"powiatowa"},"geometry":{"type":"LineString","coordinates":[[22.56373,51.2308],[22.56346,51.23096]]}},{"type":"Feature","properties":{"numer":"2341L","klasa":"droga gĹ‚Ăłwna","kat":"powiatowa"},"geometry":{"type":"LineString","coordinates":[[22.59098,51.23139],[22.59296,51.23067]]}},{"type":"Feature","properties":{"numer":"2372L","klasa":"droga zbiorcza","kat":"powiatowa"},"geometry":{"type":"LineString","coordinates":[[22.56373,51.2308],[22.5645,51.23132]]}},{"type":"Feature","properties":{"numer":"2426L","klasa":"droga gĹ‚Ăłwna","kat":"powiatowa"},"geometry":{"type":"LineString","coordinates":[[22.57098,51.23405],[22.57238,51.22861]]}},{"type":"Feature","properties":{"numer":"113047L","klasa":"droga zbiorcza","kat":"powiatowa"},"geometry":{"type":"LineString","coordinates":[[22.56346,51.23096],[22.56171,51.23217]]}},{"type":"Feature","properties":{"numer":"2341L","klasa":"droga gĹ‚Ăłwna","kat":"powiatowa"},"geometry":{"type":"LineString","coordinates":[[22.58881,51.23217],[22.59098,51.23139]]}},{"type":"Feature","properties":{"numer":"2419L","klasa":"droga gĹ‚Ăłwna","kat":"powiatowa"},"geometry":{"type":"LineString","coordinates":[[22.59898,51.23538],[22.61625,51.2292]]}},{"type":"Feature","properties":{"numer":"2341L","klasa":"droga gĹ‚Ăłwna","kat":"powiatowa"},"geometry":{"type":"LineString","coordinates":[[22.58757,51.2326],[22.58881,51.23217]]}},{"type":"Feature","properties":{"numer":"2372L","klasa":"droga zbiorcza","kat":"powiatowa"},"geometry":{"type":"LineString","coordinates":[[22.5645,51.23132],[22.56598,51.23248],[22.56911,51.23433]]}},{"type":"Feature","properties":{"numer":"2341L","klasa":"droga gĹ‚Ăłwna","kat":"powiatowa"},"geometry":{"type":"LineString","coordinates":[[22.58624,51.23309],[22.58757,51.2326]]}},{"type":"Feature","properties":{"numer":"2341L","klasa":"droga gĹ‚Ăłwna","kat":"powiatowa"},"geometry":{"type":"LineString","coordinates":[[22.58397,51.23392],[22.58624,51.23309]]}},{"type":"Feature","properties":{"numer":"835","klasa":"droga gĹ‚Ăłwna","kat":"wojewodzka"},"geometry":{"type":"LineString","coordinates":[[22.56171,51.23217],[22.56671,51.23372],[22.56773,51.23424],[22.56858,51.23487]]}},{"type":"Feature","properties":{"numer":"2358L","klasa":"droga gĹ‚Ăłwna","kat":"powiatowa"},"geometry":{"type":"LineString","coordinates":[[22.59098,51.23139],[22.59545,51.23628]]}},{"type":"Feature","properties":{"numer":"2341L","klasa":"droga gĹ‚Ăłwna","kat":"powiatowa"},"geometry":{"type":"LineString","coordinates":[[22.58338,51.23413],[22.58397,51.23392]]}},{"type":"Feature","properties":{"numer":"2426L","klasa":"droga gĹ‚Ăłwna","kat":"powiatowa"},"geometry":{"type":"LineString","coordinates":[[22.57085,51.23455],[22.57098,51.23405]]}},{"type":"Feature","properties":{"numer":"2406L","klasa":"droga zbiorcza","kat":"powiatowa"},"geometry":{"type":"LineString","coordinates":[[22.57175,51.23457],[22.57085,51.23455]]}},{"type":"Feature","properties":{"numer":"2334L","klasa":"droga gĹ‚Ăłwna","kat":"powiatowa"},"geometry":{"type":"LineString","coordinates":[[22.56892,51.23467],[22.5694,51.23451],[22.57026,51.23458],[22.57085,51.23455]]}},{"type":"Feature","properties":{"numer":"2341L","klasa":"droga gĹ‚Ăłwna","kat":"powiatowa"},"geometry":{"type":"LineString","coordinates":[[22.58078,51.23505],[22.58338,51.23413]]}},{"type":"Feature","properties":{"numer":"2406L","klasa":"droga zbiorcza","kat":"powiatowa"},"geometry":{"type":"LineString","coordinates":[[22.57175,51.23457],[22.57355,51.23481]]}},{"type":"Feature","properties":{"numer":"2383L","klasa":"droga gĹ‚Ăłwna","kat":"powiatowa"},"geometry":{"type":"LineString","coordinates":[[22.56858,51.23487],[22.56892,51.23467]]}},{"type":"Feature","properties":{"numer":"2406L","klasa":"droga zbiorcza","kat":"powiatowa"},"geometry":{"type":"LineString","coordinates":[[22.57355,51.23481],[22.57395,51.23492]]}},{"type":"Feature","properties":{"numer":"2383L","klasa":"droga gĹ‚Ăłwna","kat":"powiatowa"},"geometry":{"type":"LineString","coordinates":[[22.56858,51.23487],[22.56686,51.23573]]}},{"type":"Feature","properties":{"numer":"2406L","klasa":"droga zbiorcza","kat":"powiatowa"},"geometry":{"type":"LineString","coordinates":[[22.57395,51.23492],[22.57452,51.23516],[22.57554,51.23579]]}},{"type":"Feature","properties":{"numer":"2341L","klasa":"droga gĹ‚Ăłwna","kat":"powiatowa"},"geometry":{"type":"LineString","coordinates":[[22.57674,51.2365],[22.58078,51.23505]]}},{"type":"Feature","properties":{"numer":"2383L","klasa":"droga gĹ‚Ăłwna","kat":"powiatowa"},"geometry":{"type":"LineString","coordinates":[[22.56686,51.23573],[22.5663,51.23604]]}},{"type":"Feature","properties":{"numer":"113047L","klasa":"droga zbiorcza","kat":"powiatowa"},"geometry":{"type":"LineString","coordinates":[[22.56171,51.23217],[22.55898,51.23374]]}},{"type":"Feature","properties":{"numer":"2380L","klasa":"droga zbiorcza","kat":"powiatowa"},"geometry":{"type":"LineString","coordinates":[[22.49895,51.23344],[22.49259,51.23354],[22.49174,51.23356],[22.491,51.23368]]}},{"type":"Feature","properties":{"numer":"830","klasa":"droga gĹ‚Ăłwna","kat":"wojewodzka"},"geometry":{"type":"LineString","coordinates":[[22.511,51.23584],[22.5123,51.23194]]}},{"type":"Feature","properties":{"numer":"2413L","klasa":"droga zbiorcza","kat":"powiatowa"},"geometry":{"type":"LineString","coordinates":[[22.54124,51.23475],[22.54224,51.23458],[22.54284,51.23438]]}},{"type":"Feature","properties":{"numer":"2375L","klasa":"droga zbiorcza","kat":"powiatowa"},"geometry":{"type":"LineString","coordinates":[[22.54501,51.23521],[22.54284,51.23438]]}},{"type":"Feature","properties":{"numer":"2413L","klasa":"droga zbiorcza","kat":"powiatowa"},"geometry":{"type":"LineString","coordinates":[[22.531,51.23747],[22.5379,51.23529],[22.53929,51.235],[22.54124,51.23475]]}},{"type":"Feature","properties":{"numer":"106478L","klasa":"droga zbiorcza","kat":"powiatowa"},"geometry":{"type":"LineString","coordinates":[[22.55226,51.23904],[22.55386,51.23844],[22.55438,51.23814],[22.55492,51.23765],[22.55616,51.23596],[22.55696,51.23511],[22.55782,51.23442],[22.55898,51.23374]]}},{"type":"Feature","properties":{"numer":"830","klasa":"droga gĹ‚Ăłwna","kat":"wojewodzka"},"geometry":{"type":"LineString","coordinates":[[22.511,51.23584],[22.5102,51.23825]]}},{"type":"Feature","properties":{"numer":"2375L","klasa":"droga zbiorcza","kat":"powiatowa"},"geometry":{"type":"LineString","coordinates":[[22.55226,51.23904],[22.55164,51.23851],[22.54928,51.23743],[22.54649,51.23588],[22.54501,51.23521]]}},{"type":"Feature","properties":{"numer":"2413L","klasa":"droga zbiorcza","kat":"powiatowa"},"geometry":{"type":"LineString","coordinates":[[22.52981,51.23784],[22.531,51.23747]]}},{"type":"Feature","properties":{"numer":"2419L","klasa":"droga gĹ‚Ăłwna","kat":"powiatowa"},"geometry":{"type":"LineString","coordinates":[[22.59573,51.23653],[22.59898,51.23538]]}},{"type":"Feature","properties":{"numer":"2406L","klasa":"droga zbiorcza","kat":"powiatowa"},"geometry":{"type":"LineString","coordinates":[[22.57674,51.2365],[22.57554,51.23579]]}},{"type":"Feature","properties":{"numer":"2358L","klasa":"droga gĹ‚Ăłwna","kat":"powiatowa"},"geometry":{"type":"LineString","coordinates":[[22.59545,51.23628],[22.59573,51.23653]]}},{"type":"Feature","properties":{"numer":"835","klasa":"droga gĹ‚Ăłwna","kat":"wojewodzka"},"geometry":{"type":"LineString","coordinates":[[22.56858,51.23487],[22.56906,51.23542],[22.57013,51.23717],[22.57052,51.23751],[22.57151,51.23811]]}},{"type":"Feature","properties":{"numer":"106194L","klasa":"droga zbiorcza","kat":"powiatowa"},"geometry":{"type":"LineString","coordinates":[[22.59573,51.23653],[22.59597,51.23682]]}},{"type":"Feature","properties":{"numer":"2343L","klasa":"droga gĹ‚Ăłwna","kat":"powiatowa"},"geometry":{"type":"LineString","coordinates":[[22.57401,51.23748],[22.57674,51.2365]]}},{"type":"Feature","properties":{"numer":"2368L","klasa":"droga zbiorcza","kat":"powiatowa"},"geometry":{"type":"LineString","coordinates":[[22.57876,51.23748],[22.57674,51.2365]]}},{"type":"Feature","properties":{"numer":"2383L","klasa":"droga gĹ‚Ăłwna","kat":"powiatowa"},"geometry":{"type":"LineString","coordinates":[[22.56293,51.23818],[22.5663,51.23604]]}},{"type":"Feature","properties":{"numer":"106194L","klasa":"droga zbiorcza","kat":"powiatowa"},"geometry":{"type":"LineString","coordinates":[[22.59597,51.23682],[22.59671,51.23767],[22.59694,51.23788],[22.59729,51.23802]]}},{"type":"Feature","properties":{"numer":"2343L","klasa":"droga gĹ‚Ăłwna","kat":"powiatowa"},"geometry":{"type":"LineString","coordinates":[[22.57373,51.23758],[22.57401,51.23748]]}},{"type":"Feature","properties":{"numer":"106236L","klasa":"droga zbiorcza","kat":"powiatowa"},"geometry":{"type":"LineString","coordinates":[[22.63359,51.22493],[22.63376,51.22508]]}},{"type":"Feature","properties":{"numer":"106236L","klasa":"droga zbiorcza","kat":"powiatowa"},"geometry":{"type":"LineString","coordinates":[[22.63376,51.22508],[22.63391,51.22519]]}},{"type":"Feature","properties":{"numer":"2419L","klasa":"droga gĹ‚Ăłwna","kat":"powiatowa"},"geometry":{"type":"LineString","coordinates":[[22.62227,51.22703],[22.63186,51.22362]]}},{"type":"Feature","properties":{"numer":"106236L","klasa":"droga zbiorcza","kat":"powiatowa"},"geometry":{"type":"LineString","coordinates":[[22.63391,51.22519],[22.63357,51.22556]]}},{"type":"Feature","properties":{"numer":"106236L","klasa":"droga zbiorcza","kat":"powiatowa"},"geometry":{"type":"LineString","coordinates":[[22.63357,51.22556],[22.63365,51.22568]]}},{"type":"Feature","properties":{"numer":"2419L","klasa":"droga gĹ‚Ăłwna","kat":"powiatowa"},"geometry":{"type":"LineString","coordinates":[[22.61934,51.2281],[22.62227,51.22703]]}},{"type":"Feature","properties":{"numer":"2426L","klasa":"droga gĹ‚Ăłwna","kat":"powiatowa"},"geometry":{"type":"LineString","coordinates":[[22.57254,51.22801],[22.5727,51.22741]]}},{"type":"Feature","properties":{"numer":"2416L","klasa":"droga gĹ‚Ăłwna","kat":"powiatowa"},"geometry":{"type":"LineString","coordinates":[[22.61934,51.2281],[22.61894,51.22778]]}},{"type":"Feature","properties":{"numer":"2347L","klasa":"droga gĹ‚Ăłwna","kat":"powiatowa"},"geometry":{"type":"LineString","coordinates":[[22.61934,51.2281],[22.6197,51.22844]]}},{"type":"Feature","properties":{"numer":"2378L","klasa":"droga zbiorcza","kat":"powiatowa"},"geometry":{"type":"LineString","coordinates":[[22.571,51.22794],[22.57238,51.22861]]}},{"type":"Feature","properties":{"numer":"2426L","klasa":"droga gĹ‚Ăłwna","kat":"powiatowa"},"geometry":{"type":"LineString","coordinates":[[22.57238,51.22861],[22.57254,51.22801]]}},{"type":"Feature","properties":{"numer":"2419L","klasa":"droga gĹ‚Ăłwna","kat":"powiatowa"},"geometry":{"type":"LineString","coordinates":[[22.61625,51.2292],[22.61934,51.2281]]}},{"type":"Feature","properties":{"numer":"2358L","klasa":"droga gĹ‚Ăłwna","kat":"powiatowa"},"geometry":{"type":"LineString","coordinates":[[22.58319,51.22705],[22.58775,51.22856],[22.58839,51.22885],[22.58889,51.22919],[22.59098,51.23139]]}},{"type":"Feature","properties":{"numer":"2347L","klasa":"droga gĹ‚Ăłwna","kat":"powiatowa"},"geometry":{"type":"LineString","coordinates":[[22.6197,51.22844],[22.62227,51.23066]]}},{"type":"Feature","properties":{"numer":"113015L","klasa":"droga lokalna","kat":"powiatowa"},"geometry":{"type":"LineString","coordinates":[[22.62424,51.23055],[22.62471,51.23047]]}},{"type":"Feature","properties":{"numer":"113015L","klasa":"","kat":"powiatowa"},"geometry":{"type":"LineString","coordinates":[[22.6284,51.23034],[22.62805,51.23005],[22.62776,51.22999]]}},{"type":"Feature","properties":{"numer":"113015L","klasa":"","kat":"powiatowa"},"geometry":{"type":"LineString","coordinates":[[22.62471,51.23047],[22.62776,51.22999]]}},{"type":"Feature","properties":{"numer":"113015L","klasa":"droga lokalna","kat":"powiatowa"},"geometry":{"type":"LineString","coordinates":[[22.62905,51.23086],[22.6284,51.23034]]}},{"type":"Feature","properties":{"numer":"113017L","klasa":"droga lokalna","kat":"powiatowa"},"geometry":{"type":"LineString","coordinates":[[22.63638,51.23165],[22.63543,51.23052]]}},{"type":"Feature","properties":{"numer":"113015L","klasa":"droga lokalna","kat":"powiatowa"},"geometry":{"type":"LineString","coordinates":[[22.63543,51.23052],[22.6346,51.23068],[22.63136,51.23183],[22.6309,51.2319],[22.63045,51.23185],[22.63009,51.23169],[22.62905,51.23086]]}},{"type":"Feature","properties":{"numer":"113017L","klasa":"droga lokalna","kat":"powiatowa"},"geometry":{"type":"LineString","coordinates":[[22.63779,51.23329],[22.63638,51.23165]]}},{"type":"Feature","properties":{"numer":"2347L","klasa":"droga gĹ‚Ăłwna","kat":"powiatowa"},"geometry":{"type":"LineString","coordinates":[[22.62244,51.2308],[22.62724,51.23492]]}},{"type":"Feature","properties":{"numer":"113017L","klasa":"droga lokalna","kat":"powiatowa"},"geometry":{"type":"LineString","coordinates":[[22.6382,51.23383],[22.63779,51.23329]]}},{"type":"Feature","properties":{"numer":"106608L","klasa":"droga dojazdowa","kat":"powiatowa"},"geometry":{"type":"LineString","coordinates":[[22.63814,51.23386],[22.6382,51.23383]]}},{"type":"Feature","properties":{"numer":"106608L","klasa":"droga dojazdowa","kat":"powiatowa"},"geometry":{"type":"LineString","coordinates":[[22.63516,51.23467],[22.63691,51.2344],[22.63814,51.23386]]}},{"type":"Feature","properties":{"numer":"106608L","klasa":"droga dojazdowa","kat":"powiatowa"},"geometry":{"type":"LineString","coordinates":[[22.63467,51.23474],[22.63516,51.23467]]}},{"type":"Feature","properties":{"numer":"106608L","klasa":"droga dojazdowa","kat":"powiatowa"},"geometry":{"type":"LineString","coordinates":[[22.6312,51.23538],[22.63188,51.23529],[22.63332,51.23489],[22.63467,51.23474]]}},{"type":"Feature","properties":{"numer":"2347L","klasa":"droga gĹ‚Ăłwna","kat":"powiatowa"},"geometry":{"type":"LineString","coordinates":[[22.62811,51.23568],[22.62724,51.23492]]}},{"type":"Feature","properties":{"numer":"106608L","klasa":"droga dojazdowa","kat":"powiatowa"},"geometry":{"type":"LineString","coordinates":[[22.63058,51.23543],[22.6312,51.23538]]}},{"type":"Feature","properties":{"numer":"106608L","klasa":"droga dojazdowa","kat":"powiatowa"},"geometry":{"type":"LineString","coordinates":[[22.62981,51.23551],[22.63058,51.23543]]}},{"type":"Feature","properties":{"numer":"106608L","klasa":"droga dojazdowa","kat":"powiatowa"},"geometry":{"type":"LineString","coordinates":[[22.62946,51.23555],[22.62981,51.23551]]}},{"type":"Feature","properties":{"numer":"106608L","klasa":"droga dojazdowa","kat":"powiatowa"},"geometry":{"type":"LineString","coordinates":[[22.62925,51.23557],[22.62946,51.23555]]}},{"type":"Feature","properties":{"numer":"106608L","klasa":"droga dojazdowa","kat":"powiatowa"},"geometry":{"type":"LineString","coordinates":[[22.6291,51.23559],[22.62925,51.23557]]}},{"type":"Feature","properties":{"numer":"106608L","klasa":"droga dojazdowa","kat":"powiatowa"},"geometry":{"type":"LineString","coordinates":[[22.62867,51.23564],[22.6291,51.23559]]}},{"type":"Feature","properties":{"numer":"106608L","klasa":"droga dojazdowa","kat":"powiatowa"},"geometry":{"type":"LineString","coordinates":[[22.62811,51.23568],[22.62867,51.23564]]}},{"type":"Feature","properties":{"numer":"2347L","klasa":"droga gĹ‚Ăłwna","kat":"powiatowa"},"geometry":{"type":"LineString","coordinates":[[22.63614,51.24295],[22.63561,51.24215],[22.63485,51.24136],[22.62811,51.23568]]}},{"type":"Feature","properties":{"numer":"822","klasa":"droga gĹ‚Ăłwna","kat":"wojewodzka"},"geometry":{"type":"LineString","coordinates":[[22.65279504158524,51.240430089987726],[22.65144,51.24039],[22.64991,51.24059],[22.63614,51.24295]]}},{"type":"Feature","properties":{"numer":"113007L","klasa":"droga lokalna","kat":"powiatowa"},"geometry":{"type":"LineString","coordinates":[[22.65177,51.243],[22.65182,51.24302]]}},{"type":"Feature","properties":{"numer":"113007L","klasa":"droga lokalna","kat":"powiatowa"},"geometry":{"type":"LineString","coordinates":[[22.64885,51.24347],[22.6492,51.2432],[22.64958,51.24309],[22.65146,51.24297],[22.65177,51.243]]}},{"type":"Feature","properties":{"numer":"2020L","klasa":"droga zbiorcza","kat":"powiatowa"},"geometry":{"type":"LineString","coordinates":[[22.65182,51.24302],[22.65193,51.24314],[22.651976471121266,51.24340192813805]]}},{"type":"Feature","properties":{"numer":"E372,E373,S12,S17","klasa":"droga ekspresowa","kat":"krajowa"},"geometry":{"type":"LineString","coordinates":[[22.658310273939897,51.24320014032606],[22.65608,51.24555]]}},{"type":"Feature","properties":{"numer":"2347L","klasa":"droga gĹ‚Ăłwna","kat":"powiatowa"},"geometry":{"type":"LineString","coordinates":[[22.6365,51.24567],[22.63658,51.24434],[22.63649,51.24377],[22.63614,51.24295]]}},{"type":"Feature","properties":{"numer":"113007L","klasa":"droga lokalna","kat":"powiatowa"},"geometry":{"type":"LineString","coordinates":[[22.64698,51.2452],[22.64794,51.24489],[22.64829,51.24467],[22.64852,51.24434],[22.64885,51.24347]]}},{"type":"Feature","properties":{"numer":"113007L","klasa":"droga lokalna","kat":"powiatowa"},"geometry":{"type":"LineString","coordinates":[[22.64521,51.24551],[22.64698,51.2452]]}},{"type":"Feature","properties":{"numer":"113007L","klasa":"droga lokalna","kat":"powiatowa"},"geometry":{"type":"LineString","coordinates":[[22.64417,51.24565],[22.64521,51.24551]]}},{"type":"Feature","properties":{"numer":"113031L","klasa":"droga zbiorcza","kat":"powiatowa"},"geometry":{"type":"LineString","coordinates":[[22.60016,51.2452],[22.60027,51.24529]]}},{"type":"Feature","properties":{"numer":"113031L","klasa":"droga zbiorcza","kat":"powiatowa"},"geometry":{"type":"LineString","coordinates":[[22.60027,51.24529],[22.60083,51.24569]]}},{"type":"Feature","properties":{"numer":"835","klasa":"droga gĹ‚Ăłwna","kat":"wojewodzka"},"geometry":{"type":"LineString","coordinates":[[22.57502,51.25086],[22.5745,51.24914],[22.57252,51.24026]]}},{"type":"Feature","properties":{"numer":"822","klasa":"droga gĹ‚Ăłwna","kat":"wojewodzka"},"geometry":{"type":"LineString","coordinates":[[22.63614,51.24295],[22.6033,51.24841]]}},{"type":"Feature","properties":{"numer":"113031L","klasa":"droga zbiorcza","kat":"powiatowa"},"geometry":{"type":"LineString","coordinates":[[22.60083,51.24569],[22.60126,51.24601]]}},{"type":"Feature","properties":{"numer":"113031L","klasa":"droga zbiorcza","kat":"powiatowa"},"geometry":{"type":"LineString","coordinates":[[22.60126,51.24601],[22.60144,51.24615]]}},{"type":"Feature","properties":{"numer":"113031L","klasa":"droga zbiorcza","kat":"powiatowa"},"geometry":{"type":"LineString","coordinates":[[22.60144,51.24615],[22.60272,51.24712]]}},{"type":"Feature","properties":{"numer":"2377L","klasa":"droga zbiorcza","kat":"powiatowa"},"geometry":{"type":"LineString","coordinates":[[22.56194,51.24646],[22.5635,51.24693]]}},{"type":"Feature","properties":{"numer":"2405L","klasa":"droga zbiorcza","kat":"powiatowa"},"geometry":{"type":"LineString","coordinates":[[22.5635,51.24693],[22.56445,51.24677],[22.56506,51.24651]]}},{"type":"Feature","properties":{"numer":"2360L","klasa":"droga zbiorcza","kat":"powiatowa"},"geometry":{"type":"LineString","coordinates":[[22.56602,51.24724],[22.56626,51.24695],[22.5668,51.24665],[22.5674,51.24651],[22.56824,51.24648],[22.56842,51.24639]]}},{"type":"Feature","properties":{"numer":"2343L","klasa":"droga gĹ‚Ăłwna","kat":"powiatowa"},"geometry":{"type":"LineString","coordinates":[[22.57337,51.23771],[22.57373,51.23758]]}},{"type":"Feature","properties":{"numer":"2414L","klasa":"droga gĹ‚Ăłwna","kat":"powiatowa"},"geometry":{"type":"LineString","coordinates":[[22.56348,51.23811],[22.56483,51.23788],[22.56618,51.23783],[22.57038,51.23822]]}},{"type":"Feature","properties":{"numer":"2343L","klasa":"droga gĹ‚Ăłwna","kat":"powiatowa"},"geometry":{"type":"LineString","coordinates":[[22.57173,51.23834],[22.5727,51.23791],[22.57337,51.23771]]}},{"type":"Feature","properties":{"numer":"106194L","klasa":"droga zbiorcza","kat":"powiatowa"},"geometry":{"type":"LineString","coordinates":[[22.59729,51.23802],[22.59748,51.23809]]}},{"type":"Feature","properties":{"numer":"106194L","klasa":"droga zbiorcza","kat":"powiatowa"},"geometry":{"type":"LineString","coordinates":[[22.59748,51.23809],[22.59768,51.23811]]}},{"type":"Feature","properties":{"numer":"2414L","klasa":"droga gĹ‚Ăłwna","kat":"powiatowa"},"geometry":{"type":"LineString","coordinates":[[22.56293,51.23818],[22.56348,51.23811]]}},{"type":"Feature","properties":{"numer":"835","klasa":"droga gĹ‚Ăłwna","kat":"wojewodzka"},"geometry":{"type":"LineString","coordinates":[[22.57151,51.23811],[22.57173,51.23834]]}},{"type":"Feature","properties":{"numer":"2414L","klasa":"droga gĹ‚Ăłwna","kat":"powiatowa"},"geometry":{"type":"LineString","coordinates":[[22.57038,51.23822],[22.57173,51.23834]]}},{"type":"Feature","properties":{"numer":"835","klasa":"droga gĹ‚Ăłwna","kat":"wojewodzka"},"geometry":{"type":"LineString","coordinates":[[22.57173,51.23834],[22.57184,51.23856]]}},{"type":"Feature","properties":{"numer":"2412L","klasa":"droga zbiorcza","kat":"powiatowa"},"geometry":{"type":"LineString","coordinates":[[22.57082,51.23959],[22.57112,51.23918]]}},{"type":"Feature","properties":{"numer":"2344L","klasa":"droga gĹ‚Ăłwna","kat":"powiatowa"},"geometry":{"type":"LineString","coordinates":[[22.52981,51.23784],[22.52959,51.23755]]}},{"type":"Feature","properties":{"numer":"2413L","klasa":"droga zbiorcza","kat":"powiatowa"},"geometry":{"type":"LineString","coordinates":[[22.52875,51.23814],[22.52981,51.23784]]}},{"type":"Feature","properties":{"numer":"2344L","klasa":"droga gĹ‚Ăłwna","kat":"powiatowa"},"geometry":{"type":"LineString","coordinates":[[22.52981,51.23784],[22.53004,51.23815]]}},{"type":"Feature","properties":{"numer":"830","klasa":"droga gĹ‚Ăłwna","kat":"wojewodzka"},"geometry":{"type":"LineString","coordinates":[[22.5102,51.23825],[22.51,51.23896]]}},{"type":"Feature","properties":{"numer":"809","klasa":"droga gĹ‚Ăłwna ruchu przyĹ›pieszonego","kat":"wojewodzka"},"geometry":{"type":"LineString","coordinates":[[22.48947,51.23478],[22.50714,51.24271]]}},{"type":"Feature","properties":{"numer":"2383L","klasa":"droga gĹ‚Ăłwna","kat":"powiatowa"},"geometry":{"type":"LineString","coordinates":[[22.55964,51.23959],[22.56293,51.23818]]}},{"type":"Feature","properties":{"numer":"2333L","klasa":"droga zbiorcza","kat":"powiatowa"},"geometry":{"type":"LineString","coordinates":[[22.51201,51.23925],[22.51,51.23896]]}},{"type":"Feature","properties":{"numer":"2377L","klasa":"droga zbiorcza","kat":"powiatowa"},"geometry":{"type":"LineString","coordinates":[[22.55261,51.23938],[22.55226,51.23904]]}},{"type":"Feature","properties":{"numer":"106478L","klasa":"droga zbiorcza","kat":"powiatowa"},"geometry":{"type":"LineString","coordinates":[[22.55083,51.23952],[22.55226,51.23904]]}},{"type":"Feature","properties":{"numer":"2413L","klasa":"droga zbiorcza","kat":"powiatowa"},"geometry":{"type":"LineString","coordinates":[[22.5215,51.24058],[22.52308,51.24008],[22.52542,51.2391],[22.52875,51.23814]]}},{"type":"Feature","properties":{"numer":"835","klasa":"droga gĹ‚Ăłwna","kat":"wojewodzka"},"geometry":{"type":"LineString","coordinates":[[22.57252,51.24026],[22.57206,51.23884],[22.57184,51.23856]]}},{"type":"Feature","properties":{"numer":"2419L","klasa":"droga gĹ‚Ăłwna","kat":"powiatowa"},"geometry":{"type":"LineString","coordinates":[[22.59189,51.24272],[22.59278,51.23889],[22.59306,51.23809],[22.59348,51.23759],[22.59391,51.23729],[22.59573,51.23653]]}},{"type":"Feature","properties":{"numer":"2412L","klasa":"droga zbiorcza","kat":"powiatowa"},"geometry":{"type":"LineString","coordinates":[[22.57036,51.24019],[22.57082,51.23959]]}},{"type":"Feature","properties":{"numer":"2368L","klasa":"droga zbiorcza","kat":"powiatowa"},"geometry":{"type":"LineString","coordinates":[[22.57876,51.23748],[22.58959,51.24241]]}},{"type":"Feature","properties":{"numer":"2412L","klasa":"droga zbiorcza","kat":"powiatowa"},"geometry":{"type":"LineString","coordinates":[[22.57036,51.24019],[22.57084,51.24004],[22.57147,51.24019]]}},{"type":"Feature","properties":{"numer":"2412L","klasa":"droga zbiorcza","kat":"powiatowa"},"geometry":{"type":"LineString","coordinates":[[22.57147,51.24019],[22.57186,51.24027],[22.57252,51.24026]]}},{"type":"Feature","properties":{"numer":"2412L","klasa":"droga zbiorcza","kat":"powiatowa"},"geometry":{"type":"LineString","coordinates":[[22.57016,51.24045],[22.57036,51.24019]]}},{"type":"Feature","properties":{"numer":"2391L","klasa":"","kat":"powiatowa"},"geometry":{"type":"LineString","coordinates":[[22.56089,51.24262],[22.56203,51.24189],[22.5655,51.24031],[22.56598,51.24017],[22.56699,51.23994],[22.56736,51.23993],[22.57016,51.24045]]}},{"type":"Feature","properties":{"numer":"2412L","klasa":"droga zbiorcza","kat":"powiatowa"},"geometry":{"type":"LineString","coordinates":[[22.56881,51.24264],[22.56911,51.24186],[22.57016,51.24045]]}},{"type":"Feature","properties":{"numer":"113030L","klasa":"droga zbiorcza","kat":"powiatowa"},"geometry":{"type":"LineString","coordinates":[[22.59189,51.24272],[22.5941,51.24267],[22.59608,51.24224]]}},{"type":"Feature","properties":{"numer":"2383L","klasa":"droga gĹ‚Ăłwna","kat":"powiatowa"},"geometry":{"type":"LineString","coordinates":[[22.55912,51.2398],[22.55964,51.23959]]}},{"type":"Feature","properties":{"numer":"830","klasa":"droga gĹ‚Ăłwna","kat":"wojewodzka"},"geometry":{"type":"LineString","coordinates":[[22.51,51.23896],[22.50945,51.24032],[22.50894,51.24102]]}},{"type":"Feature","properties":{"numer":"2333L","klasa":"droga zbiorcza","kat":"powiatowa"},"geometry":{"type":"LineString","coordinates":[[22.51812,51.24081],[22.51758,51.2403],[22.51674,51.23994],[22.51618,51.23982],[22.51338,51.23955],[22.51201,51.23925]]}},{"type":"Feature","properties":{"numer":"2344L","klasa":"droga gĹ‚Ăłwna","kat":"powiatowa"},"geometry":{"type":"LineString","coordinates":[[22.53004,51.23815],[22.53111,51.23975],[22.53133,51.24102],[22.5323,51.24192]]}},{"type":"Feature","properties":{"numer":"2377L","klasa":"droga zbiorcza","kat":"powiatowa"},"geometry":{"type":"LineString","coordinates":[[22.55486,51.24158],[22.55261,51.23938]]}},{"type":"Feature","properties":{"numer":"2383L","klasa":"droga gĹ‚Ăłwna","kat":"powiatowa"},"geometry":{"type":"LineString","coordinates":[[22.55542,51.24132],[22.55912,51.2398]]}},{"type":"Feature","properties":{"numer":"2413L","klasa":"droga zbiorcza","kat":"powiatowa"},"geometry":{"type":"LineString","coordinates":[[22.5204,51.24094],[22.5215,51.24058]]}},{"type":"Feature","properties":{"numer":"2413L","klasa":"droga zbiorcza","kat":"powiatowa"},"geometry":{"type":"LineString","coordinates":[[22.51966,51.24117],[22.5204,51.24094]]}},{"type":"Feature","properties":{"numer":"2333L","klasa":"droga zbiorcza","kat":"powiatowa"},"geometry":{"type":"LineString","coordinates":[[22.51862,51.24148],[22.51812,51.24081]]}},{"type":"Feature","properties":{"numer":"2345L","klasa":"droga zbiorcza","kat":"powiatowa"},"geometry":{"type":"LineString","coordinates":[[22.53938,51.24296],[22.55083,51.23952]]}},{"type":"Feature","properties":{"numer":"2413L","klasa":"droga zbiorcza","kat":"powiatowa"},"geometry":{"type":"LineString","coordinates":[[22.51862,51.24148],[22.51966,51.24117]]}},{"type":"Feature","properties":{"numer":"2383L","klasa":"droga gĹ‚Ăłwna","kat":"powiatowa"},"geometry":{"type":"LineString","coordinates":[[22.55486,51.24158],[22.55542,51.24132]]}},{"type":"Feature","properties":{"numer":"2413L","klasa":"droga zbiorcza","kat":"powiatowa"},"geometry":{"type":"LineString","coordinates":[[22.51782,51.24174],[22.51862,51.24148]]}},{"type":"Feature","properties":{"numer":"2363L","klasa":"droga gĹ‚Ăłwna","kat":"powiatowa"},"geometry":{"type":"LineString","coordinates":[[22.55486,51.24158],[22.55447,51.24182]]}},{"type":"Feature","properties":{"numer":"830","klasa":"droga gĹ‚Ăłwna","kat":"wojewodzka"},"geometry":{"type":"LineString","coordinates":[[22.50894,51.24102],[22.50748,51.24241]]}},{"type":"Feature","properties":{"numer":"2402L","klasa":"droga zbiorcza","kat":"powiatowa"},"geometry":{"type":"LineString","coordinates":[[22.51862,51.24148],[22.51915,51.24222]]}},{"type":"Feature","properties":{"numer":"830","klasa":"droga gĹ‚Ăłwna","kat":"wojewodzka"},"geometry":{"type":"LineString","coordinates":[[22.50748,51.24241],[22.50714,51.24271]]}},{"type":"Feature","properties":{"numer":"2344L","klasa":"droga gĹ‚Ăłwna","kat":"powiatowa"},"geometry":{"type":"LineString","coordinates":[[22.5323,51.24192],[22.53303,51.24231],[22.53523,51.24287],[22.53553,51.24311],[22.5358,51.24365]]}},{"type":"Feature","properties":{"numer":"2345L","klasa":"droga zbiorcza","kat":"powiatowa"},"geometry":{"type":"LineString","coordinates":[[22.53938,51.24296],[22.53871,51.24314]]}},{"type":"Feature","properties":{"numer":"2377L","klasa":"droga zbiorcza","kat":"powiatowa"},"geometry":{"type":"LineString","coordinates":[[22.55486,51.24158],[22.55706,51.24363],[22.55846,51.2447]]}},{"type":"Feature","properties":{"numer":"2368L","klasa":"droga zbiorcza","kat":"powiatowa"},"geometry":{"type":"LineString","coordinates":[[22.58959,51.24241],[22.59071,51.24269],[22.59189,51.24272]]}},{"type":"Feature","properties":{"numer":"113031L","klasa":"droga zbiorcza","kat":"powiatowa"},"geometry":{"type":"LineString","coordinates":[[22.59608,51.24224],[22.59639,51.24223],[22.59662,51.24233],[22.59756,51.24321]]}},{"type":"Feature","properties":{"numer":"2412L","klasa":"droga zbiorcza","kat":"powiatowa"},"geometry":{"type":"LineString","coordinates":[[22.56881,51.24264],[22.56876,51.24299]]}},{"type":"Feature","properties":{"numer":"113031L","klasa":"droga zbiorcza","kat":"powiatowa"},"geometry":{"type":"LineString","coordinates":[[22.59756,51.24321],[22.59781,51.24342]]}},{"type":"Feature","properties":{"numer":"2332L","klasa":"droga zbiorcza","kat":"powiatowa"},"geometry":{"type":"LineString","coordinates":[[22.56803,51.24359],[22.56876,51.2431]]}},{"type":"Feature","properties":{"numer":"113031L","klasa":"droga zbiorcza","kat":"powiatowa"},"geometry":{"type":"LineString","coordinates":[[22.59781,51.24342],[22.59853,51.24401]]}},{"type":"Feature","properties":{"numer":"113031L","klasa":"droga zbiorcza","kat":"powiatowa"},"geometry":{"type":"LineString","coordinates":[[22.59853,51.24401],[22.59932,51.24459]]}},{"type":"Feature","properties":{"numer":"2421L","klasa":"droga gĹ‚Ăłwna","kat":"powiatowa"},"geometry":{"type":"LineString","coordinates":[[22.59248,51.24633],[22.59252,51.24534],[22.59199,51.24345],[22.59189,51.24272]]}},{"type":"Feature","properties":{"numer":"113031L","klasa":"droga zbiorcza","kat":"powiatowa"},"geometry":{"type":"LineString","coordinates":[[22.59932,51.24459],[22.60016,51.2452]]}},{"type":"Feature","properties":{"numer":"2332L","klasa":"droga zbiorcza","kat":"powiatowa"},"geometry":{"type":"LineString","coordinates":[[22.56506,51.24651],[22.56717,51.24462],[22.56803,51.24359]]}},{"type":"Feature","properties":{"numer":"2363L","klasa":"droga gĹ‚Ăłwna","kat":"powiatowa"},"geometry":{"type":"LineString","coordinates":[[22.55447,51.24182],[22.55335,51.24264],[22.55284,51.24347],[22.55246,51.24457]]}},{"type":"Feature","properties":{"numer":"2345L","klasa":"droga gĹ‚Ăłwna","kat":"powiatowa"},"geometry":{"type":"LineString","coordinates":[[22.53871,51.24314],[22.53583,51.24372]]}},{"type":"Feature","properties":{"numer":"2413L","klasa":"droga zbiorcza","kat":"powiatowa"},"geometry":{"type":"LineString","coordinates":[[22.51611,51.24514],[22.51644,51.24272],[22.51707,51.24217],[22.51782,51.24174]]}},{"type":"Feature","properties":{"numer":"2402L","klasa":"droga zbiorcza","kat":"powiatowa"},"geometry":{"type":"LineString","coordinates":[[22.51915,51.24222],[22.51936,51.24249],[22.51967,51.24269],[22.52422,51.24451],[22.52495,51.24471],[22.52666,51.24493]]}},{"type":"Feature","properties":{"numer":"2344L","klasa":"droga gĹ‚Ăłwna","kat":"powiatowa"},"geometry":{"type":"LineString","coordinates":[[22.5358,51.24365],[22.53583,51.24372]]}},{"type":"Feature","properties":{"numer":"2400L","klasa":"droga gĹ‚Ăłwna ruchu przyĹ›pieszonego","kat":"powiatowa"},"geometry":{"type":"LineString","coordinates":[[22.50714,51.24271],[22.51495,51.24623]]}},{"type":"Feature","properties":{"numer":"2345L","klasa":"droga gĹ‚Ăłwna","kat":"powiatowa"},"geometry":{"type":"LineString","coordinates":[[22.53583,51.24372],[22.53291,51.24429],[22.52982,51.24471],[22.5286,51.24498],[22.52771,51.24527]]}},{"type":"Feature","properties":{"numer":"2363L","klasa":"droga gĹ‚Ăłwna","kat":"powiatowa"},"geometry":{"type":"LineString","coordinates":[[22.55231,51.24506],[22.55246,51.24457]]}},{"type":"Feature","properties":{"numer":"809,830","klasa":"droga gĹ‚Ăłwna","kat":"gminna"},"geometry":{"type":"LineString","coordinates":[[22.50714,51.24271],[22.50643,51.24338],[22.50627,51.24389],[22.50694,51.24714]]}},{"type":"Feature","properties":{"numer":"2402L","klasa":"droga zbiorcza","kat":"powiatowa"},"geometry":{"type":"LineString","coordinates":[[22.52666,51.24493],[22.52742,51.24508],[22.52771,51.24527]]}},{"type":"Feature","properties":{"numer":"106682L","klasa":"droga lokalna","kat":"powiatowa"},"geometry":{"type":"LineString","coordinates":[[22.52801,51.24551],[22.52771,51.24527]]}},{"type":"Feature","properties":{"numer":"106682L","klasa":"droga lokalna","kat":"powiatowa"},"geometry":{"type":"LineString","coordinates":[[22.5289,51.24558],[22.52801,51.24551]]}},{"type":"Feature","properties":{"numer":"2377L","klasa":"droga zbiorcza","kat":"powiatowa"},"geometry":{"type":"LineString","coordinates":[[22.55846,51.2447],[22.55939,51.2453],[22.56194,51.24646]]}},{"type":"Feature","properties":{"numer":"2413L","klasa":"droga zbiorcza","kat":"powiatowa"},"geometry":{"type":"LineString","coordinates":[[22.51611,51.24514],[22.51594,51.24539],[22.51495,51.24623]]}},{"type":"Feature","properties":{"numer":"2395L","klasa":"droga gĹ‚Ăłwna","kat":"powiatowa"},"geometry":{"type":"LineString","coordinates":[[22.53871,51.24314],[22.53951,51.24458],[22.53907,51.24794],[22.53908,51.24898]]}},{"type":"Feature","properties":{"numer":"106682L","klasa":"droga lokalna","kat":"powiatowa"},"geometry":{"type":"LineString","coordinates":[[22.53058,51.24696],[22.5303,51.2463],[22.52999,51.24591],[22.52959,51.2457],[22.5289,51.24558]]}},{"type":"Feature","properties":{"numer":"2363L","klasa":"droga gĹ‚Ăłwna","kat":"powiatowa"},"geometry":{"type":"LineString","coordinates":[[22.55231,51.24506],[22.55154,51.24762]]}},{"type":"Feature","properties":{"numer":"2226L","klasa":"droga zbiorcza","kat":"powiatowa"},"geometry":{"type":"LineString","coordinates":[[22.51411,51.24696],[22.51495,51.24623]]}},{"type":"Feature","properties":{"numer":"2345L","klasa":"droga gĹ‚Ăłwna","kat":"powiatowa"},"geometry":{"type":"LineString","coordinates":[[22.52771,51.24527],[22.52501,51.24617],[22.52304,51.2466],[22.52201,51.24693],[22.52123,51.24737],[22.51992,51.24848]]}},{"type":"Feature","properties":{"numer":"2226L","klasa":"droga zbiorcza","kat":"powiatowa"},"geometry":{"type":"LineString","coordinates":[[22.48451,51.24691],[22.48588,51.24692],[22.4884,51.24675],[22.49238,51.24715],[22.49801,51.24721],[22.50289,51.24704],[22.5051,51.2471]]}},{"type":"Feature","properties":{"numer":"2226L","klasa":"droga zbiorcza","kat":"powiatowa"},"geometry":{"type":"LineString","coordinates":[[22.51411,51.24696],[22.51403,51.24704]]}},{"type":"Feature","properties":{"numer":"2400L","klasa":"droga gĹ‚Ăłwna ruchu przyĹ›pieszonego","kat":"powiatowa"},"geometry":{"type":"LineString","coordinates":[[22.51495,51.24623],[22.5185,51.24783]]}},{"type":"Feature","properties":{"numer":"106682L","klasa":"droga lokalna","kat":"powiatowa"},"geometry":{"type":"LineString","coordinates":[[22.53065,51.24713],[22.53058,51.24696]]}},{"type":"Feature","properties":{"numer":"2226L","klasa":"droga zbiorcza","kat":"powiatowa"},"geometry":{"type":"LineString","coordinates":[[22.50839,51.24714],[22.51403,51.24704]]}},{"type":"Feature","properties":{"numer":"2226L","klasa":"droga zbiorcza","kat":"powiatowa"},"geometry":{"type":"LineString","coordinates":[[22.5051,51.2471],[22.50694,51.24714]]}},{"type":"Feature","properties":{"numer":"2226L","klasa":"droga zbiorcza","kat":"powiatowa"},"geometry":{"type":"LineString","coordinates":[[22.50694,51.24714],[22.50839,51.24714]]}},{"type":"Feature","properties":{"numer":"106682L","klasa":"droga lokalna","kat":"powiatowa"},"geometry":{"type":"LineString","coordinates":[[22.53071,51.24728],[22.53065,51.24713]]}},{"type":"Feature","properties":{"numer":"106682L","klasa":"droga lokalna","kat":"powiatowa"},"geometry":{"type":"LineString","coordinates":[[22.53085,51.24762],[22.53071,51.24728]]}},{"type":"Feature","properties":{"numer":"2357L","klasa":"","kat":"powiatowa"},"geometry":{"type":"LineString","coordinates":[[22.55154,51.24762],[22.55223,51.24764]]}},{"type":"Feature","properties":{"numer":"106682L","klasa":"droga lokalna","kat":"powiatowa"},"geometry":{"type":"LineString","coordinates":[[22.53091,51.24775],[22.53085,51.24762]]}},{"type":"Feature","properties":{"numer":"2421L","klasa":"droga gĹ‚Ăłwna","kat":"powiatowa"},"geometry":{"type":"LineString","coordinates":[[22.59189,51.24755],[22.59224,51.24699],[22.59248,51.24633]]}},{"type":"Feature","properties":{"numer":"2346L","klasa":"droga gĹ‚Ăłwna","kat":"powiatowa"},"geometry":{"type":"LineString","coordinates":[[22.59328,51.2476],[22.59266,51.24698],[22.59248,51.24633]]}},{"type":"Feature","properties":{"numer":"113031L","klasa":"droga zbiorcza","kat":"powiatowa"},"geometry":{"type":"LineString","coordinates":[[22.60272,51.24712],[22.6029,51.24745]]}},{"type":"Feature","properties":{"numer":"2369L","klasa":"droga zbiorcza","kat":"powiatowa"},"geometry":{"type":"LineString","coordinates":[[22.56597,51.24765],[22.56602,51.24724]]}},{"type":"Feature","properties":{"numer":"113031L","klasa":"droga zbiorcza","kat":"powiatowa"},"geometry":{"type":"LineString","coordinates":[[22.6029,51.24745],[22.60327,51.24833]]}},{"type":"Feature","properties":{"numer":"2365L","klasa":"droga zbiorcza","kat":"powiatowa"},"geometry":{"type":"LineString","coordinates":[[22.56597,51.24823],[22.56597,51.24765]]}},{"type":"Feature","properties":{"numer":"106823L","klasa":"droga dojazdowa","kat":"powiatowa"},"geometry":{"type":"LineString","coordinates":[[22.56263,51.2486],[22.56382,51.24809],[22.56465,51.24793]]}},{"type":"Feature","properties":{"numer":"113031L","klasa":"droga zbiorcza","kat":"powiatowa"},"geometry":{"type":"LineString","coordinates":[[22.60327,51.24833],[22.6033,51.24841]]}},{"type":"Feature","properties":{"numer":"106284L","klasa":"droga zbiorcza","kat":"powiatowa"},"geometry":{"type":"LineString","coordinates":[[22.6033,51.24841],[22.60333,51.24849]]}},{"type":"Feature","properties":{"numer":"106284L","klasa":"droga zbiorcza","kat":"powiatowa"},"geometry":{"type":"LineString","coordinates":[[22.60333,51.24849],[22.60351,51.24891]]}},{"type":"Feature","properties":{"numer":"2357L","klasa":"","kat":"powiatowa"},"geometry":{"type":"LineString","coordinates":[[22.55223,51.24764],[22.55817,51.24789]]}},{"type":"Feature","properties":{"numer":"2400L","klasa":"droga gĹ‚Ăłwna ruchu przyĹ›pieszonego","kat":"powiatowa"},"geometry":{"type":"LineString","coordinates":[[22.5185,51.24783],[22.5187,51.24792]]}},{"type":"Feature","properties":{"numer":"106682L","klasa":"droga lokalna","kat":"powiatowa"},"geometry":{"type":"LineString","coordinates":[[22.53116,51.24836],[22.53091,51.24775]]}},{"type":"Feature","properties":{"numer":"2373L","klasa":"droga zbiorcza","kat":"powiatowa"},"geometry":{"type":"LineString","coordinates":[[22.51403,51.24704],[22.51382,51.2491]]}},{"type":"Feature","properties":{"numer":"2400L","klasa":"droga gĹ‚Ăłwna ruchu przyĹ›pieszonego","kat":"powiatowa"},"geometry":{"type":"LineString","coordinates":[[22.5187,51.24792],[22.51992,51.24848]]}},{"type":"Feature","properties":{"numer":"2388L","klasa":"droga gĹ‚Ăłwna","kat":"powiatowa"},"geometry":{"type":"LineString","coordinates":[[22.54202,51.24885],[22.54944,51.24765],[22.55154,51.24762]]}},{"type":"Feature","properties":{"numer":"2370L","klasa":"","kat":"powiatowa"},"geometry":{"type":"LineString","coordinates":[[22.55809,51.24883],[22.55806,51.24811],[22.55817,51.24789]]}},{"type":"Feature","properties":{"numer":"2401L","klasa":"","kat":"powiatowa"},"geometry":{"type":"LineString","coordinates":[[22.55211,51.24939],[22.55223,51.24764]]}},{"type":"Feature","properties":{"numer":"106682L","klasa":"droga lokalna","kat":"powiatowa"},"geometry":{"type":"LineString","coordinates":[[22.53135,51.24888],[22.53116,51.24836]]}},{"type":"Feature","properties":{"numer":"106823L","klasa":"droga dojazdowa","kat":"powiatowa"},"geometry":{"type":"LineString","coordinates":[[22.56246,51.24867],[22.56263,51.2486]]}},{"type":"Feature","properties":{"numer":"2421L","klasa":"droga gĹ‚Ăłwna","kat":"powiatowa"},"geometry":{"type":"LineString","coordinates":[[22.59189,51.24755],[22.59112,51.24837],[22.59002,51.2491],[22.58879,51.24963],[22.58802,51.24986]]}},{"type":"Feature","properties":{"numer":"2346L","klasa":"droga gĹ‚Ăłwna","kat":"powiatowa"},"geometry":{"type":"LineString","coordinates":[[22.59328,51.2476],[22.59522,51.25044]]}},{"type":"Feature","properties":{"numer":"2365L","klasa":"droga zbiorcza","kat":"powiatowa"},"geometry":{"type":"LineString","coordinates":[[22.56692,51.24996],[22.56616,51.24875],[22.56597,51.24823]]}},{"type":"Feature","properties":{"numer":"106284L","klasa":"droga zbiorcza","kat":"powiatowa"},"geometry":{"type":"LineString","coordinates":[[22.60351,51.24891],[22.60369,51.24935]]}},{"type":"Feature","properties":{"numer":"822","klasa":"droga gĹ‚Ăłwna","kat":"wojewodzka"},"geometry":{"type":"LineString","coordinates":[[22.6033,51.24841],[22.59892,51.24917],[22.59714,51.24982],[22.59567,51.25053]]}},{"type":"Feature","properties":{"numer":"106284L","klasa":"droga zbiorcza","kat":"powiatowa"},"geometry":{"type":"LineString","coordinates":[[22.60369,51.24935],[22.60379,51.2496]]}},{"type":"Feature","properties":{"numer":"106693L","klasa":"droga dojazdowa","kat":"powiatowa"},"geometry":{"type":"LineString","coordinates":[[22.56235,51.24914],[22.56283,51.24985]]}},{"type":"Feature","properties":{"numer":"106284L","klasa":"droga zbiorcza","kat":"powiatowa"},"geometry":{"type":"LineString","coordinates":[[22.60379,51.2496],[22.60403,51.24996]]}},{"type":"Feature","properties":{"numer":"106693L","klasa":"droga dojazdowa","kat":"powiatowa"},"geometry":{"type":"LineString","coordinates":[[22.56609,51.25016],[22.56581,51.25015]]}},{"type":"Feature","properties":{"numer":"106284L","klasa":"droga zbiorcza","kat":"powiatowa"},"geometry":{"type":"LineString","coordinates":[[22.60403,51.24996],[22.60437,51.25015],[22.60528,51.25041]]}},{"type":"Feature","properties":{"numer":"2345L","klasa":"droga gĹ‚Ăłwna","kat":"powiatowa"},"geometry":{"type":"LineString","coordinates":[[22.51806,51.24922],[22.51918,51.24899],[22.51992,51.24848]]}},{"type":"Feature","properties":{"numer":"106693L","klasa":"droga dojazdowa","kat":"powiatowa"},"geometry":{"type":"LineString","coordinates":[[22.56246,51.24867],[22.56217,51.24882],[22.56235,51.24914]]}},{"type":"Feature","properties":{"numer":"2388L","klasa":"droga gĹ‚Ăłwna","kat":"powiatowa"},"geometry":{"type":"LineString","coordinates":[[22.53914,51.24931],[22.54202,51.24885]]}},{"type":"Feature","properties":{"numer":"2395L","klasa":"droga gĹ‚Ăłwna","kat":"powiatowa"},"geometry":{"type":"LineString","coordinates":[[22.53908,51.24898],[22.53914,51.24931]]}},{"type":"Feature","properties":{"numer":"106682L","klasa":"droga lokalna","kat":"powiatowa"},"geometry":{"type":"LineString","coordinates":[[22.5316,51.24955],[22.53135,51.24888]]}},{"type":"Feature","properties":{"numer":"2370L","klasa":"","kat":"powiatowa"},"geometry":{"type":"LineString","coordinates":[[22.55814,51.24964],[22.55809,51.24883]]}},{"type":"Feature","properties":{"numer":"106532L","klasa":"droga lokalna","kat":"powiatowa"},"geometry":{"type":"LineString","coordinates":[[22.55384,51.24931],[22.55211,51.24939]]}},{"type":"Feature","properties":{"numer":"2373L","klasa":"droga zbiorcza","kat":"powiatowa"},"geometry":{"type":"LineString","coordinates":[[22.51382,51.2491],[22.51395,51.24984]]}},{"type":"Feature","properties":{"numer":"2384L","klasa":"droga gĹ‚Ăłwna","kat":"powiatowa"},"geometry":{"type":"LineString","coordinates":[[22.53927,51.24966],[22.53914,51.24931]]}},{"type":"Feature","properties":{"numer":"809,830","klasa":"droga gĹ‚Ăłwna","kat":"gminna"},"geometry":{"type":"LineString","coordinates":[[22.50694,51.24714],[22.50686,51.24759],[22.50665,51.24794],[22.50497,51.24914],[22.50457,51.24969],[22.50444,51.25036],[22.50474,51.25191]]}},{"type":"Feature","properties":{"numer":"2345L","klasa":"droga gĹ‚Ăłwna","kat":"powiatowa"},"geometry":{"type":"LineString","coordinates":[[22.51395,51.24984],[22.5156,51.24951],[22.51806,51.24922]]}},{"type":"Feature","properties":{"numer":"106682L","klasa":"droga lokalna","kat":"powiatowa"},"geometry":{"type":"LineString","coordinates":[[22.53163,51.24963],[22.5316,51.24955]]}},{"type":"Feature","properties":{"numer":"106684L","klasa":"droga dojazdowa","kat":"powiatowa"},"geometry":{"type":"LineString","coordinates":[[22.55384,51.24931],[22.55369,51.24996]]}},{"type":"Feature","properties":{"numer":"2401L","klasa":"","kat":"powiatowa"},"geometry":{"type":"LineString","coordinates":[[22.55198,51.25002],[22.55211,51.24939]]}},{"type":"Feature","properties":{"numer":"2400L","klasa":"droga gĹ‚Ăłwna ruchu przyĹ›pieszonego","kat":"powiatowa"},"geometry":{"type":"LineString","coordinates":[[22.51992,51.24848],[22.52454,51.25057],[22.52551,51.25121]]}},{"type":"Feature","properties":{"numer":"106682L","klasa":"droga lokalna","kat":"powiatowa"},"geometry":{"type":"LineString","coordinates":[[22.5317,51.25006],[22.53163,51.24963]]}},{"type":"Feature","properties":{"numer":"2340L","klasa":"","kat":"powiatowa"},"geometry":{"type":"LineString","coordinates":[[22.55822,51.25013],[22.55814,51.24964]]}},{"type":"Feature","properties":{"numer":"2388L","klasa":"droga gĹ‚Ăłwna","kat":"powiatowa"},"geometry":{"type":"LineString","coordinates":[[22.53183,51.2505],[22.53914,51.24931]]}},{"type":"Feature","properties":{"numer":"106742L","klasa":"droga dojazdowa","kat":"powiatowa"},"geometry":{"type":"LineString","coordinates":[[22.55198,51.25002],[22.55369,51.24996]]}},{"type":"Feature","properties":{"numer":"2339L","klasa":"","kat":"powiatowa"},"geometry":{"type":"LineString","coordinates":[[22.54308,51.25126],[22.54291,51.25113],[22.54202,51.24885]]}},{"type":"Feature","properties":{"numer":"106682L","klasa":"droga lokalna","kat":"powiatowa"},"geometry":{"type":"LineString","coordinates":[[22.53171,51.25009],[22.5317,51.25006]]}},{"type":"Feature","properties":{"numer":"106682L","klasa":"droga lokalna","kat":"powiatowa"},"geometry":{"type":"LineString","coordinates":[[22.53183,51.2505],[22.53171,51.25009]]}},{"type":"Feature","properties":{"numer":"2384L","klasa":"droga gĹ‚Ăłwna","kat":"powiatowa"},"geometry":{"type":"LineString","coordinates":[[22.53927,51.24966],[22.53978,51.2508],[22.54019,51.25134]]}},{"type":"Feature","properties":{"numer":"2345L","klasa":"droga gĹ‚Ăłwna","kat":"powiatowa"},"geometry":{"type":"LineString","coordinates":[[22.50715,51.25138],[22.51395,51.24984]]}},{"type":"Feature","properties":{"numer":"2366L","klasa":"","kat":"powiatowa"},"geometry":{"type":"LineString","coordinates":[[22.55187,51.25144],[22.55199,51.25106],[22.55198,51.25002]]}},{"type":"Feature","properties":{"numer":"2388L","klasa":"droga gĹ‚Ăłwna","kat":"powiatowa"},"geometry":{"type":"LineString","coordinates":[[22.52814,51.2511],[22.53183,51.2505]]}},{"type":"Feature","properties":{"numer":"2388L","klasa":"droga gĹ‚Ăłwna","kat":"powiatowa"},"geometry":{"type":"LineString","coordinates":[[22.52568,51.25135],[22.52814,51.2511]]}},{"type":"Feature","properties":{"numer":"2400L","klasa":"droga gĹ‚Ăłwna ruchu przyĹ›pieszonego","kat":"powiatowa"},"geometry":{"type":"LineString","coordinates":[[22.52568,51.25135],[22.52551,51.25121]]}},{"type":"Feature","properties":{"numer":"2339L","klasa":"","kat":"powiatowa"},"geometry":{"type":"LineString","coordinates":[[22.54308,51.25126],[22.5431,51.25151]]}},{"type":"Feature","properties":{"numer":"2400L","klasa":"droga gĹ‚Ăłwna ruchu przyĹ›pieszonego","kat":"powiatowa"},"geometry":{"type":"LineString","coordinates":[[22.5258,51.25154],[22.52568,51.25135]]}},{"type":"Feature","properties":{"numer":"106693L","klasa":"droga dojazdowa","kat":"powiatowa"},"geometry":{"type":"LineString","coordinates":[[22.56367,51.25062],[22.56283,51.24985]]}},{"type":"Feature","properties":{"numer":"106693L","klasa":"droga dojazdowa","kat":"powiatowa"},"geometry":{"type":"LineString","coordinates":[[22.56581,51.25015],[22.5647,51.25028],[22.56367,51.25062]]}},{"type":"Feature","properties":{"numer":"2421L","klasa":"droga gĹ‚Ăłwna","kat":"powiatowa"},"geometry":{"type":"LineString","coordinates":[[22.58802,51.24986],[22.5871,51.25004],[22.58536,51.25023],[22.57554,51.25106]]}},{"type":"Feature","properties":{"numer":"2425L","klasa":"droga gĹ‚Ăłwna","kat":"powiatowa"},"geometry":{"type":"LineString","coordinates":[[22.58802,51.24986],[22.59263,51.25098],[22.59357,51.25109]]}},{"type":"Feature","properties":{"numer":"106284L","klasa":"droga zbiorcza","kat":"powiatowa"},"geometry":{"type":"LineString","coordinates":[[22.60528,51.25041],[22.6057,51.25059]]}},{"type":"Feature","properties":{"numer":"2346L","klasa":"droga gĹ‚Ăłwna","kat":"powiatowa"},"geometry":{"type":"LineString","coordinates":[[22.59522,51.25044],[22.59537,51.25066]]}},{"type":"Feature","properties":{"numer":"822","klasa":"droga gĹ‚Ăłwna","kat":"wojewodzka"},"geometry":{"type":"LineString","coordinates":[[22.59537,51.25066],[22.59567,51.25053]]}},{"type":"Feature","properties":{"numer":"106284L","klasa":"droga zbiorcza","kat":"powiatowa"},"geometry":{"type":"LineString","coordinates":[[22.6057,51.25059],[22.60628,51.25083]]}},{"type":"Feature","properties":{"numer":"2425L","klasa":"droga gĹ‚Ăłwna","kat":"powiatowa"},"geometry":{"type":"LineString","coordinates":[[22.59504,51.25077],[22.59537,51.25066]]}},{"type":"Feature","properties":{"numer":"2365L","klasa":"droga zbiorcza","kat":"powiatowa"},"geometry":{"type":"LineString","coordinates":[[22.56805,51.25174],[22.56692,51.24996]]}},{"type":"Feature","properties":{"numer":"2425L","klasa":"droga gĹ‚Ăłwna","kat":"powiatowa"},"geometry":{"type":"LineString","coordinates":[[22.59357,51.25109],[22.5942,51.25101],[22.59504,51.25077]]}},{"type":"Feature","properties":{"numer":"106284L","klasa":"droga zbiorcza","kat":"powiatowa"},"geometry":{"type":"LineString","coordinates":[[22.60628,51.25083],[22.60677,51.25105]]}},{"type":"Feature","properties":{"numer":"835","klasa":"droga gĹ‚Ăłwna","kat":"wojewodzka"},"geometry":{"type":"LineString","coordinates":[[22.57511,51.2511],[22.57502,51.25086]]}},{"type":"Feature","properties":{"numer":"2404L","klasa":"","kat":"powiatowa"},"geometry":{"type":"LineString","coordinates":[[22.56702,51.25186],[22.56609,51.25016]]}},{"type":"Feature","properties":{"numer":"822","klasa":"droga gĹ‚Ăłwna","kat":"wojewodzka"},"geometry":{"type":"LineString","coordinates":[[22.59537,51.25066],[22.59599,51.25129],[22.59694,51.2513],[22.5973,51.25142]]}},{"type":"Feature","properties":{"numer":"2421L","klasa":"droga gĹ‚Ăłwna","kat":"powiatowa"},"geometry":{"type":"LineString","coordinates":[[22.57511,51.2511],[22.57554,51.25106]]}},{"type":"Feature","properties":{"numer":"2421L","klasa":"droga gĹ‚Ăłwna ruchu przyĹ›pieszonego","kat":"powiatowa"},"geometry":{"type":"LineString","coordinates":[[22.57511,51.2511],[22.57473,51.25113]]}},{"type":"Feature","properties":{"numer":"835","klasa":"droga gĹ‚Ăłwna","kat":"wojewodzka"},"geometry":{"type":"LineString","coordinates":[[22.57519,51.25136],[22.57511,51.2511]]}},{"type":"Feature","properties":{"numer":"2421L","klasa":"droga gĹ‚Ăłwna ruchu przyĹ›pieszonego","kat":"powiatowa"},"geometry":{"type":"LineString","coordinates":[[22.57473,51.25113],[22.56805,51.25174]]}},{"type":"Feature","properties":{"numer":"2421L","klasa":"droga gĹ‚Ăłwna ruchu przyĹ›pieszonego","kat":"powiatowa"},"geometry":{"type":"LineString","coordinates":[[22.56805,51.25174],[22.56702,51.25186]]}},{"type":"Feature","properties":{"numer":"2345L","klasa":"droga gĹ‚Ăłwna","kat":"powiatowa"},"geometry":{"type":"LineString","coordinates":[[22.50474,51.25191],[22.50715,51.25138]]}},{"type":"Feature","properties":{"numer":"2340L","klasa":"","kat":"powiatowa"},"geometry":{"type":"LineString","coordinates":[[22.56091,51.25316],[22.56073,51.25261],[22.56045,51.25221],[22.55841,51.25099],[22.55822,51.25013]]}},{"type":"Feature","properties":{"numer":"2420L","klasa":"droga zbiorcza","kat":"powiatowa"},"geometry":{"type":"LineString","coordinates":[[22.52402,51.25211],[22.52491,51.25161],[22.52568,51.25135]]}},{"type":"Feature","properties":{"numer":"2366L","klasa":"","kat":"powiatowa"},"geometry":{"type":"LineString","coordinates":[[22.55173,51.25204],[22.55187,51.25144]]}},{"type":"Feature","properties":{"numer":"2339L","klasa":"","kat":"powiatowa"},"geometry":{"type":"LineString","coordinates":[[22.5431,51.25151],[22.54354,51.25211]]}},{"type":"Feature","properties":{"numer":"2384L","klasa":"droga gĹ‚Ăłwna","kat":"powiatowa"},"geometry":{"type":"LineString","coordinates":[[22.54217,51.25286],[22.54019,51.25134]]}},{"type":"Feature","properties":{"numer":"830","klasa":"droga gĹ‚Ăłwna","kat":"wojewodzka"},"geometry":{"type":"LineString","coordinates":[[22.50241,51.25243],[22.50474,51.25191]]}},{"type":"Feature","properties":{"numer":"106673L","klasa":"droga dojazdowa","kat":"powiatowa"},"geometry":{"type":"LineString","coordinates":[[22.54256,51.2526],[22.54354,51.25211]]}},{"type":"Feature","properties":{"numer":"2366L","klasa":"","kat":"powiatowa"},"geometry":{"type":"LineString","coordinates":[[22.55186,51.25305],[22.55173,51.25204]]}},{"type":"Feature","properties":{"numer":"106673L","klasa":"droga dojazdowa","kat":"powiatowa"},"geometry":{"type":"LineString","coordinates":[[22.5423,51.25276],[22.54256,51.2526]]}},{"type":"Feature","properties":{"numer":"835","klasa":"droga gĹ‚Ăłwna","kat":"wojewodzka"},"geometry":{"type":"LineString","coordinates":[[22.57543,51.25238],[22.57519,51.25136]]}},{"type":"Feature","properties":{"numer":"835","klasa":"droga gĹ‚Ăłwna","kat":"wojewodzka"},"geometry":{"type":"LineString","coordinates":[[22.57543,51.25255],[22.57543,51.25238]]}},{"type":"Feature","properties":{"numer":"2421L","klasa":"droga gĹ‚Ăłwna ruchu przyĹ›pieszonego","kat":"powiatowa"},"geometry":{"type":"LineString","coordinates":[[22.56702,51.25186],[22.56314,51.25282],[22.56091,51.25316]]}},{"type":"Feature","properties":{"numer":"106630L","klasa":"droga zbiorcza","kat":"powiatowa"},"geometry":{"type":"LineString","coordinates":[[22.57418,51.25253],[22.57437,51.25253]]}},{"type":"Feature","properties":{"numer":"106630L","klasa":"droga zbiorcza","kat":"powiatowa"},"geometry":{"type":"LineString","coordinates":[[22.57437,51.25253],[22.57516,51.25254]]}},{"type":"Feature","properties":{"numer":"106630L","klasa":"droga zbiorcza","kat":"powiatowa"},"geometry":{"type":"LineString","coordinates":[[22.57516,51.25254],[22.57543,51.25255]]}},{"type":"Feature","properties":{"numer":"106630L","klasa":"droga zbiorcza","kat":"powiatowa"},"geometry":{"type":"LineString","coordinates":[[22.57296,51.25268],[22.57418,51.25253]]}},{"type":"Feature","properties":{"numer":"2365L","klasa":"droga zbiorcza","kat":"powiatowa"},"geometry":{"type":"LineString","coordinates":[[22.56805,51.25174],[22.56914,51.25353]]}},{"type":"Feature","properties":{"numer":"106630L","klasa":"droga zbiorcza","kat":"powiatowa"},"geometry":{"type":"LineString","coordinates":[[22.57142,51.25303],[22.57296,51.25268]]}},{"type":"Feature","properties":{"numer":"2367L","klasa":"droga zbiorcza","kat":"powiatowa"},"geometry":{"type":"LineString","coordinates":[[22.57543,51.25255],[22.57599,51.25276],[22.57726,51.25351]]}},{"type":"Feature","properties":{"numer":"106673L","klasa":"droga dojazdowa","kat":"powiatowa"},"geometry":{"type":"LineString","coordinates":[[22.54217,51.25286],[22.5423,51.25276]]}},{"type":"Feature","properties":{"numer":"2333L","klasa":"droga zbiorcza","kat":"powiatowa"},"geometry":{"type":"LineString","coordinates":[[22.51262,51.25252],[22.51396,51.25341]]}},{"type":"Feature","properties":{"numer":"2366L","klasa":"","kat":"powiatowa"},"geometry":{"type":"LineString","coordinates":[[22.55189,51.25322],[22.55186,51.25305]]}},{"type":"Feature","properties":{"numer":"2421L","klasa":"droga gĹ‚Ăłwna ruchu przyĹ›pieszonego","kat":"powiatowa"},"geometry":{"type":"LineString","coordinates":[[22.55218,51.25322],[22.55189,51.25322]]}},{"type":"Feature","properties":{"numer":"2421L","klasa":"droga gĹ‚Ăłwna ruchu przyĹ›pieszonego","kat":"powiatowa"},"geometry":{"type":"LineString","coordinates":[[22.56091,51.25316],[22.55854,51.25328],[22.55218,51.25322]]}},{"type":"Feature","properties":{"numer":"2421L","klasa":"droga gĹ‚Ăłwna ruchu przyĹ›pieszonego","kat":"powiatowa"},"geometry":{"type":"LineString","coordinates":[[22.55189,51.25322],[22.5516,51.25322]]}},{"type":"Feature","properties":{"numer":"2354L","klasa":"droga zbiorcza","kat":"powiatowa"},"geometry":{"type":"LineString","coordinates":[[22.55189,51.25322],[22.55192,51.2534]]}},{"type":"Feature","properties":{"numer":"2354L","klasa":"droga zbiorcza","kat":"powiatowa"},"geometry":{"type":"LineString","coordinates":[[22.55192,51.2534],[22.552,51.25376]]}},{"type":"Feature","properties":{"numer":"809","klasa":"droga gĹ‚Ăłwna","kat":"wojewodzka"},"geometry":{"type":"LineString","coordinates":[[22.50689,51.25599],[22.50577,51.25497],[22.50536,51.25435],[22.50512,51.25381],[22.50474,51.25191]]}},{"type":"Feature","properties":{"numer":"2384L","klasa":"droga gĹ‚Ăłwna","kat":"powiatowa"},"geometry":{"type":"LineString","coordinates":[[22.54357,51.25505],[22.54266,51.25348],[22.54217,51.25286]]}},{"type":"Feature","properties":{"numer":"2226L","klasa":"","kat":"powiatowa"},"geometry":{"type":"LineString","coordinates":[[22.48450777677834,51.24690988654276],[22.48451,51.24691]]}},{"type":"Feature","properties":{"numer":"830","klasa":"droga gĹ‚Ăłwna","kat":"wojewodzka"},"geometry":{"type":"LineString","coordinates":[[22.46610246610463,51.25544935166253],[22.46868,51.25541],[22.47539,51.25468],[22.477348087196795,51.25473809333742]]}},{"type":"Feature","properties":{"numer":"830","klasa":"droga gĹ‚Ăłwna","kat":"wojewodzka"},"geometry":{"type":"LineString","coordinates":[[22.484106763031917,51.25525094678833],[22.48626,51.25554],[22.49223,51.25545],[22.49296,51.25527],[22.49504,51.25457],[22.49682,51.25368],[22.50241,51.25243]]}},{"type":"Feature","properties":{"numer":"835","klasa":"droga gĹ‚Ăłwna","kat":"wojewodzka"},"geometry":{"type":"LineString","coordinates":[[22.57517,51.25365],[22.57543,51.25255]]}},{"type":"Feature","properties":{"numer":"106630L","klasa":"droga zbiorcza","kat":"powiatowa"},"geometry":{"type":"LineString","coordinates":[[22.56989,51.25336],[22.57142,51.25303]]}},{"type":"Feature","properties":{"numer":"106630L","klasa":"droga zbiorcza","kat":"powiatowa"},"geometry":{"type":"LineString","coordinates":[[22.56914,51.25353],[22.56989,51.25336]]}},{"type":"Feature","properties":{"numer":"106148L","klasa":"droga zbiorcza","kat":"powiatowa"},"geometry":{"type":"LineString","coordinates":[[22.56914,51.25353],[22.56852,51.25381]]}},{"type":"Feature","properties":{"numer":"106148L","klasa":"droga zbiorcza","kat":"powiatowa"},"geometry":{"type":"LineString","coordinates":[[22.56852,51.25381],[22.568,51.25413]]}},{"type":"Feature","properties":{"numer":"106148L","klasa":"droga zbiorcza","kat":"powiatowa"},"geometry":{"type":"LineString","coordinates":[[22.568,51.25413],[22.56748,51.25446]]}},{"type":"Feature","properties":{"numer":"2367L","klasa":"droga zbiorcza","kat":"powiatowa"},"geometry":{"type":"LineString","coordinates":[[22.57901,51.25512],[22.57829,51.25464],[22.57726,51.25351]]}},{"type":"Feature","properties":{"numer":"106148L","klasa":"droga zbiorcza","kat":"powiatowa"},"geometry":{"type":"LineString","coordinates":[[22.56748,51.25446],[22.56709,51.25471]]}},{"type":"Feature","properties":{"numer":"2330L","klasa":"droga gĹ‚Ăłwna","kat":"powiatowa"},"geometry":{"type":"LineString","coordinates":[[22.58551,51.25834],[22.58737,51.25816],[22.58875,51.25781],[22.59166,51.25656],[22.59278,51.2558],[22.59358,51.25478],[22.59397,51.25327],[22.59397,51.25286],[22.59359,51.25171],[22.59357,51.25109]]}},{"type":"Feature","properties":{"numer":"106148L","klasa":"droga zbiorcza","kat":"powiatowa"},"geometry":{"type":"LineString","coordinates":[[22.56709,51.25471],[22.5661,51.25511]]}},{"type":"Feature","properties":{"numer":"2420L","klasa":"droga zbiorcza","kat":"powiatowa"},"geometry":{"type":"LineString","coordinates":[[22.51755,51.25592],[22.52402,51.25211]]}},{"type":"Feature","properties":{"numer":"2421L","klasa":"droga gĹ‚Ăłwna ruchu przyĹ›pieszonego","kat":"powiatowa"},"geometry":{"type":"LineString","coordinates":[[22.5516,51.25322],[22.55009,51.25322],[22.54872,51.25339],[22.54739,51.25375],[22.54357,51.25505]]}},{"type":"Feature","properties":{"numer":"2385L","klasa":"","kat":"powiatowa"},"geometry":{"type":"LineString","coordinates":[[22.552,51.25376],[22.55544,51.25386],[22.55753,51.2548],[22.55808,51.25495]]}},{"type":"Feature","properties":{"numer":"2386L","klasa":"droga zbiorcza","kat":"powiatowa"},"geometry":{"type":"LineString","coordinates":[[22.56091,51.25316],[22.56107,51.25356],[22.5613,51.25381],[22.56296,51.25456],[22.56385,51.2556]]}},{"type":"Feature","properties":{"numer":"2385L","klasa":"","kat":"powiatowa"},"geometry":{"type":"LineString","coordinates":[[22.54548,51.25541],[22.54761,51.25496],[22.54798,51.25476],[22.54865,51.25412],[22.5491,51.25394],[22.55053,51.25374],[22.552,51.25376]]}},{"type":"Feature","properties":{"numer":"2333L","klasa":"droga zbiorcza","kat":"powiatowa"},"geometry":{"type":"LineString","coordinates":[[22.51755,51.25592],[22.51396,51.25341]]}},{"type":"Feature","properties":{"numer":"2400L","klasa":"droga gĹ‚Ăłwna ruchu przyĹ›pieszonego","kat":"powiatowa"},"geometry":{"type":"LineString","coordinates":[[22.5321,51.25882],[22.53184,51.25839],[22.53171,51.25701],[22.53142,51.25634],[22.53109,51.25606],[22.52822,51.25455],[22.52734,51.25396],[22.52646,51.25293],[22.5258,51.25154]]}},{"type":"Feature","properties":{"numer":"2385L","klasa":"","kat":"powiatowa"},"geometry":{"type":"LineString","coordinates":[[22.55808,51.25495],[22.56115,51.25522],[22.56385,51.2556]]}},{"type":"Feature","properties":{"numer":"2394L","klasa":"droga gĹ‚Ăłwna ruchu przyĹ›pieszonego","kat":"powiatowa"},"geometry":{"type":"LineString","coordinates":[[22.54394,51.25567],[22.54357,51.25505]]}},{"type":"Feature","properties":{"numer":"2385L","klasa":"","kat":"powiatowa"},"geometry":{"type":"LineString","coordinates":[[22.54519,51.25545],[22.54548,51.25541]]}},{"type":"Feature","properties":{"numer":"835","klasa":"droga gĹ‚Ăłwna","kat":"wojewodzka"},"geometry":{"type":"LineString","coordinates":[[22.57517,51.25365],[22.57511,51.25523],[22.57529,51.25592],[22.5752,51.25633]]}},{"type":"Feature","properties":{"numer":"2367L","klasa":"droga zbiorcza","kat":"powiatowa"},"geometry":{"type":"LineString","coordinates":[[22.57926,51.25523],[22.57901,51.25512]]}},{"type":"Feature","properties":{"numer":"106148L","klasa":"droga zbiorcza","kat":"powiatowa"},"geometry":{"type":"LineString","coordinates":[[22.5661,51.25511],[22.56525,51.25532]]}},{"type":"Feature","properties":{"numer":"2367L","klasa":"droga zbiorcza","kat":"powiatowa"},"geometry":{"type":"LineString","coordinates":[[22.57932,51.25525],[22.57926,51.25523]]}},{"type":"Feature","properties":{"numer":"106148L","klasa":"droga zbiorcza","kat":"powiatowa"},"geometry":{"type":"LineString","coordinates":[[22.56525,51.25532],[22.56385,51.2556]]}},{"type":"Feature","properties":{"numer":"2367L","klasa":"droga zbiorcza","kat":"powiatowa"},"geometry":{"type":"LineString","coordinates":[[22.57932,51.25525],[22.58138,51.2559]]}},{"type":"Feature","properties":{"numer":"2365L","klasa":"droga zbiorcza","kat":"powiatowa"},"geometry":{"type":"LineString","coordinates":[[22.56914,51.25353],[22.57221,51.25856]]}},{"type":"Feature","properties":{"numer":"106757L","klasa":"droga lokalna","kat":"powiatowa"},"geometry":{"type":"LineString","coordinates":[[22.57573,51.25651],[22.5752,51.25633]]}},{"type":"Feature","properties":{"numer":"2367L","klasa":"droga zbiorcza","kat":"powiatowa"},"geometry":{"type":"LineString","coordinates":[[22.58332,51.25695],[22.58233,51.2563],[22.58138,51.2559]]}},{"type":"Feature","properties":{"numer":"106757L","klasa":"droga lokalna","kat":"powiatowa"},"geometry":{"type":"LineString","coordinates":[[22.57573,51.25651],[22.57642,51.25704]]}},{"type":"Feature","properties":{"numer":"2385L","klasa":"","kat":"powiatowa"},"geometry":{"type":"LineString","coordinates":[[22.54394,51.25567],[22.54519,51.25545]]}},{"type":"Feature","properties":{"numer":"2385L","klasa":"","kat":"powiatowa"},"geometry":{"type":"LineString","coordinates":[[22.54267,51.25601],[22.54394,51.25567]]}},{"type":"Feature","properties":{"numer":"2385L","klasa":"","kat":"powiatowa"},"geometry":{"type":"LineString","coordinates":[[22.54214,51.25616],[22.54267,51.25601]]}},{"type":"Feature","properties":{"numer":"2421L","klasa":"droga gĹ‚Ăłwna ruchu przyĹ›pieszonego","kat":"powiatowa"},"geometry":{"type":"LineString","coordinates":[[22.54357,51.25505],[22.53727,51.25714]]}},{"type":"Feature","properties":{"numer":"809","klasa":"droga gĹ‚Ăłwna","kat":"wojewodzka"},"geometry":{"type":"LineString","coordinates":[[22.50714,51.25653],[22.50714,51.25615],[22.50689,51.25599]]}},{"type":"Feature","properties":{"numer":"2420L","klasa":"droga zbiorcza","kat":"powiatowa"},"geometry":{"type":"LineString","coordinates":[[22.516,51.25684],[22.51755,51.25592]]}},{"type":"Feature","properties":{"numer":"809","klasa":"droga gĹ‚Ăłwna","kat":"wojewodzka"},"geometry":{"type":"LineString","coordinates":[[22.50714,51.25653],[22.50704,51.25705]]}},{"type":"Feature","properties":{"numer":"2385L","klasa":"","kat":"powiatowa"},"geometry":{"type":"LineString","coordinates":[[22.53781,51.25771],[22.53905,51.25701],[22.54214,51.25616]]}},{"type":"Feature","properties":{"numer":"2420L","klasa":"droga zbiorcza","kat":"powiatowa"},"geometry":{"type":"LineString","coordinates":[[22.516,51.25684],[22.51357,51.25827]]}},{"type":"Feature","properties":{"numer":"809","klasa":"droga gĹ‚Ăłwna ruchu przyĹ›pieszonego","kat":"wojewodzka"},"geometry":{"type":"LineString","coordinates":[[22.51357,51.25827],[22.51118,51.25748],[22.50991,51.25717],[22.50861,51.25702],[22.50704,51.25705]]}},{"type":"Feature","properties":{"numer":"2421L","klasa":"droga gĹ‚Ăłwna ruchu przyĹ›pieszonego","kat":"powiatowa"},"geometry":{"type":"LineString","coordinates":[[22.53727,51.25714],[22.53373,51.25835],[22.5321,51.25882]]}},{"type":"Feature","properties":{"numer":"2354L","klasa":"droga zbiorcza","kat":"powiatowa"},"geometry":{"type":"LineString","coordinates":[[22.552,51.25376],[22.55246,51.25496],[22.5539,51.25644],[22.55411,51.25728],[22.554,51.25775],[22.5519,51.26232]]}},{"type":"Feature","properties":{"numer":"2397L","klasa":"droga zbiorcza","kat":"powiatowa"},"geometry":{"type":"LineString","coordinates":[[22.55808,51.25495],[22.55842,51.25725],[22.55833,51.26148]]}},{"type":"Feature","properties":{"numer":"2420L","klasa":"droga zbiorcza","kat":"powiatowa"},"geometry":{"type":"LineString","coordinates":[[22.51306,51.25856],[22.51357,51.25827]]}},{"type":"Feature","properties":{"numer":"2420L","klasa":"droga zbiorcza","kat":"powiatowa"},"geometry":{"type":"LineString","coordinates":[[22.5121,51.25913],[22.51306,51.25856]]}},{"type":"Feature","properties":{"numer":"809","klasa":"droga gĹ‚Ăłwna","kat":"wojewodzka"},"geometry":{"type":"LineString","coordinates":[[22.5321,51.25882],[22.53213,51.25901]]}},{"type":"Feature","properties":{"numer":"809","klasa":"droga gĹ‚Ăłwna ruchu przyĹ›pieszonego","kat":"wojewodzka"},"geometry":{"type":"LineString","coordinates":[[22.5321,51.25882],[22.52947,51.25939],[22.52715,51.25971],[22.52473,51.25986],[22.52272,51.25987],[22.521,51.25976],[22.51833,51.25945],[22.51599,51.25897],[22.51357,51.25827]]}},{"type":"Feature","properties":{"numer":"2394L","klasa":"droga gĹ‚Ăłwna ruchu przyĹ›pieszonego","kat":"powiatowa"},"geometry":{"type":"LineString","coordinates":[[22.55148,51.26249],[22.55041,51.26232],[22.54944,51.26202],[22.54837,51.2614],[22.54579,51.2587],[22.545,51.25754],[22.54394,51.25567]]}},{"type":"Feature","properties":{"numer":"106574L","klasa":"droga lokalna","kat":"powiatowa"},"geometry":{"type":"LineString","coordinates":[[22.5319,51.26105],[22.53191,51.26016],[22.53273,51.25914],[22.53448,51.25855],[22.53781,51.25771]]}},{"type":"Feature","properties":{"numer":"2420L","klasa":"droga zbiorcza","kat":"powiatowa"},"geometry":{"type":"LineString","coordinates":[[22.51117,51.25967],[22.5121,51.25913]]}},{"type":"Feature","properties":{"numer":"2379L","klasa":"droga zbiorcza","kat":"powiatowa"},"geometry":{"type":"LineString","coordinates":[[22.5684,51.25887],[22.57224,51.25874]]}},{"type":"Feature","properties":{"numer":"106373L","klasa":"droga zbiorcza","kat":"powiatowa"},"geometry":{"type":"LineString","coordinates":[[22.58532,51.25912],[22.58516,51.25868]]}},{"type":"Feature","properties":{"numer":"835","klasa":"droga gĹ‚Ăłwna","kat":"wojewodzka"},"geometry":{"type":"LineString","coordinates":[[22.57224,51.25874],[22.57224,51.25915]]}},{"type":"Feature","properties":{"numer":"106200L","klasa":"droga lokalna","kat":"powiatowa"},"geometry":{"type":"LineString","coordinates":[[22.56803,51.25904],[22.5684,51.25887]]}},{"type":"Feature","properties":{"numer":"2330L","klasa":"droga gĹ‚Ăłwna","kat":"powiatowa"},"geometry":{"type":"LineString","coordinates":[[22.57915,51.25951],[22.58456,51.25848]]}},{"type":"Feature","properties":{"numer":"106757L","klasa":"droga lokalna","kat":"powiatowa"},"geometry":{"type":"LineString","coordinates":[[22.57833,51.25864],[22.57911,51.25945]]}},{"type":"Feature","properties":{"numer":"106200L","klasa":"droga lokalna","kat":"powiatowa"},"geometry":{"type":"LineString","coordinates":[[22.56803,51.25904],[22.5678,51.25916]]}},{"type":"Feature","properties":{"numer":"106373L","klasa":"droga zbiorcza","kat":"powiatowa"},"geometry":{"type":"LineString","coordinates":[[22.58536,51.25924],[22.58532,51.25912]]}},{"type":"Feature","properties":{"numer":"106373L","klasa":"droga zbiorcza","kat":"powiatowa"},"geometry":{"type":"LineString","coordinates":[[22.5854,51.25935],[22.58536,51.25924]]}},{"type":"Feature","properties":{"numer":"106373L","klasa":"droga zbiorcza","kat":"powiatowa"},"geometry":{"type":"LineString","coordinates":[[22.58545,51.25945],[22.5854,51.25935]]}},{"type":"Feature","properties":{"numer":"106200L","klasa":"droga lokalna","kat":"powiatowa"},"geometry":{"type":"LineString","coordinates":[[22.5678,51.25916],[22.56692,51.25965]]}},{"type":"Feature","properties":{"numer":"106757L","klasa":"droga lokalna","kat":"powiatowa"},"geometry":{"type":"LineString","coordinates":[[22.57911,51.25945],[22.57915,51.25951]]}},{"type":"Feature","properties":{"numer":"106757L","klasa":"droga lokalna","kat":"powiatowa"},"geometry":{"type":"LineString","coordinates":[[22.57915,51.25951],[22.57919,51.25955]]}},{"type":"Feature","properties":{"numer":"106757L","klasa":"droga lokalna","kat":"powiatowa"},"geometry":{"type":"LineString","coordinates":[[22.5798,51.2603],[22.57919,51.25955]]}},{"type":"Feature","properties":{"numer":"106373L","klasa":"droga zbiorcza","kat":"powiatowa"},"geometry":{"type":"LineString","coordinates":[[22.58625,51.26054],[22.58567,51.25988],[22.58545,51.25945]]}},{"type":"Feature","properties":{"numer":"835","klasa":"droga gĹ‚Ăłwna","kat":"wojewodzka"},"geometry":{"type":"LineString","coordinates":[[22.57224,51.25915],[22.5724,51.26106]]}},{"type":"Feature","properties":{"numer":"106200L","klasa":"droga lokalna","kat":"powiatowa"},"geometry":{"type":"LineString","coordinates":[[22.56692,51.25965],[22.56504,51.26071]]}},{"type":"Feature","properties":{"numer":"2330L","klasa":"droga gĹ‚Ăłwna","kat":"powiatowa"},"geometry":{"type":"LineString","coordinates":[[22.57246,51.26175],[22.57368,51.26115],[22.57481,51.2607],[22.57915,51.25951]]}},{"type":"Feature","properties":{"numer":"106200L","klasa":"droga lokalna","kat":"powiatowa"},"geometry":{"type":"LineString","coordinates":[[22.56504,51.26071],[22.56482,51.26089]]}},{"type":"Feature","properties":{"numer":"106373L","klasa":"droga zbiorcza","kat":"powiatowa"},"geometry":{"type":"LineString","coordinates":[[22.58694,51.2611],[22.58625,51.26054]]}},{"type":"Feature","properties":{"numer":"2356L","klasa":"","kat":"powiatowa"},"geometry":{"type":"LineString","coordinates":[[22.53781,51.25771],[22.53856,51.25998],[22.53892,51.26022],[22.54095,51.261],[22.54132,51.26136]]}},{"type":"Feature","properties":{"numer":"2392L","klasa":"","kat":"powiatowa"},"geometry":{"type":"LineString","coordinates":[[22.51221,51.25992],[22.51166,51.25989],[22.51117,51.25967]]}},{"type":"Feature","properties":{"numer":"2392L","klasa":"","kat":"powiatowa"},"geometry":{"type":"LineString","coordinates":[[22.51259,51.26013],[22.51253,51.26],[22.51221,51.25992]]}},{"type":"Feature","properties":{"numer":"809","klasa":"droga gĹ‚Ăłwna","kat":"wojewodzka"},"geometry":{"type":"LineString","coordinates":[[22.53213,51.25901],[22.53195,51.25979],[22.53101,51.2611]]}},{"type":"Feature","properties":{"numer":"106574L","klasa":"droga lokalna","kat":"powiatowa"},"geometry":{"type":"LineString","coordinates":[[22.53101,51.2611],[22.53135,51.26124],[22.53159,51.26125],[22.5319,51.26105]]}},{"type":"Feature","properties":{"numer":"2420L","klasa":"droga zbiorcza","kat":"powiatowa"},"geometry":{"type":"LineString","coordinates":[[22.50448,51.26356],[22.51117,51.25967]]}},{"type":"Feature","properties":{"numer":"2356L","klasa":"","kat":"powiatowa"},"geometry":{"type":"LineString","coordinates":[[22.54151,51.26201],[22.54132,51.26136]]}},{"type":"Feature","properties":{"numer":"809","klasa":"droga gĹ‚Ăłwna","kat":"wojewodzka"},"geometry":{"type":"LineString","coordinates":[[22.53101,51.2611],[22.53029,51.26168],[22.52902,51.26225],[22.52864,51.2626],[22.52853,51.26285]]}},{"type":"Feature","properties":{"numer":"106677L","klasa":"droga dojazdowa","kat":"powiatowa"},"geometry":{"type":"LineString","coordinates":[[22.54145,51.26202],[22.54151,51.26201]]}},{"type":"Feature","properties":{"numer":"106677L","klasa":"droga dojazdowa","kat":"powiatowa"},"geometry":{"type":"LineString","coordinates":[[22.54145,51.26202],[22.54091,51.26211]]}},{"type":"Feature","properties":{"numer":"106200L","klasa":"droga lokalna","kat":"powiatowa"},"geometry":{"type":"LineString","coordinates":[[22.56482,51.26089],[22.56423,51.26153]]}},{"type":"Feature","properties":{"numer":"835","klasa":"droga gĹ‚Ăłwna","kat":"wojewodzka"},"geometry":{"type":"LineString","coordinates":[[22.5724,51.26106],[22.57246,51.26175]]}},{"type":"Feature","properties":{"numer":"106200L","klasa":"droga lokalna","kat":"powiatowa"},"geometry":{"type":"LineString","coordinates":[[22.56423,51.26153],[22.56395,51.26184]]}},{"type":"Feature","properties":{"numer":"106373L","klasa":"droga zbiorcza","kat":"powiatowa"},"geometry":{"type":"LineString","coordinates":[[22.58863,51.2625],[22.58694,51.2611]]}},{"type":"Feature","properties":{"numer":"106200L","klasa":"droga lokalna","kat":"powiatowa"},"geometry":{"type":"LineString","coordinates":[[22.56395,51.26184],[22.56374,51.26207]]}},{"type":"Feature","properties":{"numer":"106757L","klasa":"droga lokalna","kat":"powiatowa"},"geometry":{"type":"LineString","coordinates":[[22.58094,51.26361],[22.5798,51.2603]]}},{"type":"Feature","properties":{"numer":"106200L","klasa":"droga lokalna","kat":"powiatowa"},"geometry":{"type":"LineString","coordinates":[[22.56374,51.26207],[22.56343,51.26243]]}},{"type":"Feature","properties":{"numer":"106200L","klasa":"droga lokalna","kat":"powiatowa"},"geometry":{"type":"LineString","coordinates":[[22.56343,51.26243],[22.56334,51.26254]]}},{"type":"Feature","properties":{"numer":"2394L","klasa":"droga gĹ‚Ăłwna ruchu przyĹ›pieszonego","kat":"powiatowa"},"geometry":{"type":"LineString","coordinates":[[22.57246,51.26175],[22.57126,51.26234],[22.57029,51.2627],[22.5673,51.26331],[22.56577,51.26346],[22.56286,51.26337]]}},{"type":"Feature","properties":{"numer":"106200L","klasa":"droga lokalna","kat":"powiatowa"},"geometry":{"type":"LineString","coordinates":[[22.56334,51.26254],[22.56306,51.26297]]}},{"type":"Feature","properties":{"numer":"113007L","klasa":"droga lokalna","kat":"powiatowa"},"geometry":{"type":"LineString","coordinates":[[22.6365,51.24567],[22.63662,51.2457]]}},{"type":"Feature","properties":{"numer":"113007L","klasa":"droga lokalna","kat":"powiatowa"},"geometry":{"type":"LineString","coordinates":[[22.64246,51.24588],[22.64417,51.24565]]}},{"type":"Feature","properties":{"numer":"113007L","klasa":"droga lokalna","kat":"powiatowa"},"geometry":{"type":"LineString","coordinates":[[22.63662,51.2457],[22.63745,51.24594]]}},{"type":"Feature","properties":{"numer":"113007L","klasa":"droga lokalna","kat":"powiatowa"},"geometry":{"type":"LineString","coordinates":[[22.64233,51.2459],[22.64246,51.24588]]}},{"type":"Feature","properties":{"numer":"113007L","klasa":"droga lokalna","kat":"powiatowa"},"geometry":{"type":"LineString","coordinates":[[22.64199,51.24594],[22.64233,51.2459]]}},{"type":"Feature","properties":{"numer":"113007L","klasa":"droga lokalna","kat":"powiatowa"},"geometry":{"type":"LineString","coordinates":[[22.64116,51.24605],[22.64199,51.24594]]}},{"type":"Feature","properties":{"numer":"113007L","klasa":"droga lokalna","kat":"powiatowa"},"geometry":{"type":"LineString","coordinates":[[22.63745,51.24594],[22.638,51.2461]]}},{"type":"Feature","properties":{"numer":"113007L","klasa":"droga lokalna","kat":"powiatowa"},"geometry":{"type":"LineString","coordinates":[[22.64069,51.24611],[22.64116,51.24605]]}},{"type":"Feature","properties":{"numer":"113007L","klasa":"droga lokalna","kat":"powiatowa"},"geometry":{"type":"LineString","coordinates":[[22.638,51.2461],[22.6383,51.24617]]}},{"type":"Feature","properties":{"numer":"113007L","klasa":"droga lokalna","kat":"powiatowa"},"geometry":{"type":"LineString","coordinates":[[22.63923,51.24626],[22.64069,51.24611]]}},{"type":"Feature","properties":{"numer":"113007L","klasa":"droga lokalna","kat":"powiatowa"},"geometry":{"type":"LineString","coordinates":[[22.6383,51.24617],[22.6387,51.24624]]}},{"type":"Feature","properties":{"numer":"113007L","klasa":"droga lokalna","kat":"powiatowa"},"geometry":{"type":"LineString","coordinates":[[22.6387,51.24624],[22.63907,51.24626]]}},{"type":"Feature","properties":{"numer":"113007L","klasa":"droga lokalna","kat":"powiatowa"},"geometry":{"type":"LineString","coordinates":[[22.63907,51.24626],[22.63923,51.24626]]}},{"type":"Feature","properties":{"numer":"E372,E373,S12,S17","klasa":"droga ekspresowa","kat":"krajowa"},"geometry":{"type":"LineString","coordinates":[[22.65461,51.255],[22.65411,51.25257],[22.65404,51.25144],[22.65411,51.25014],[22.65466,51.24797],[22.65515,51.24696],[22.65608,51.24555]]}},{"type":"Feature","properties":{"numer":"E372,S12,S17","klasa":"droga ekspresowa","kat":"krajowa"},"geometry":{"type":"LineString","coordinates":[[22.65461,51.255],[22.654639229909733,51.25513437033131]]}},{"type":"Feature","properties":{"numer":"822","klasa":"droga gĹ‚Ăłwna","kat":"wojewodzka"},"geometry":{"type":"LineString","coordinates":[[22.63215,51.26428],[22.63204,51.26423]]}},{"type":"Feature","properties":{"numer":"2349L","klasa":"droga zbiorcza","kat":"powiatowa"},"geometry":{"type":"LineString","coordinates":[[22.56385,51.2556],[22.56481,51.2568],[22.56586,51.25768],[22.5677,51.25873],[22.56806,51.25885],[22.5684,51.25887]]}},{"type":"Feature","properties":{"numer":"106757L","klasa":"droga lokalna","kat":"powiatowa"},"geometry":{"type":"LineString","coordinates":[[22.57642,51.25704],[22.57721,51.25765]]}},{"type":"Feature","properties":{"numer":"835","klasa":"droga gĹ‚Ăłwna","kat":"wojewodzka"},"geometry":{"type":"LineString","coordinates":[[22.5752,51.25633],[22.57511,51.25653],[22.57422,51.25743],[22.57221,51.25856]]}},{"type":"Feature","properties":{"numer":"2367L","klasa":"droga zbiorcza","kat":"powiatowa"},"geometry":{"type":"LineString","coordinates":[[22.58502,51.25838],[22.58481,51.25811],[22.58332,51.25695]]}},{"type":"Feature","properties":{"numer":"822","klasa":"droga gĹ‚Ăłwna","kat":"wojewodzka"},"geometry":{"type":"LineString","coordinates":[[22.5973,51.25142],[22.61465,51.25922],[22.61516,51.25937],[22.619,51.25993],[22.62806,51.26239],[22.62868,51.2626],[22.63204,51.26423]]}},{"type":"Feature","properties":{"numer":"106757L","klasa":"droga lokalna","kat":"powiatowa"},"geometry":{"type":"LineString","coordinates":[[22.57721,51.25765],[22.57833,51.25864]]}},{"type":"Feature","properties":{"numer":"2330L","klasa":"droga gĹ‚Ăłwna","kat":"powiatowa"},"geometry":{"type":"LineString","coordinates":[[22.58502,51.25838],[22.58551,51.25834]]}},{"type":"Feature","properties":{"numer":"2330L","klasa":"droga gĹ‚Ăłwna","kat":"powiatowa"},"geometry":{"type":"LineString","coordinates":[[22.58456,51.25848],[22.58502,51.25838]]}},{"type":"Feature","properties":{"numer":"106373L","klasa":"droga zbiorcza","kat":"powiatowa"},"geometry":{"type":"LineString","coordinates":[[22.58516,51.25868],[22.58502,51.25838]]}},{"type":"Feature","properties":{"numer":"835","klasa":"droga gĹ‚Ăłwna","kat":"wojewodzka"},"geometry":{"type":"LineString","coordinates":[[22.57221,51.25856],[22.57224,51.25874]]}},{"type":"Feature","properties":{"numer":"822","klasa":"droga gĹ‚Ăłwna","kat":"wojewodzka"},"geometry":{"type":"LineString","coordinates":[[22.63257705882353,51.26449882352941],[22.63215,51.26428]]}},{"type":"Feature","properties":{"numer":"2224L","klasa":"droga zbiorcza","kat":"powiatowa"},"geometry":{"type":"LineString","coordinates":[[22.63320323076923,51.27120430769231],[22.6332,51.27121]]}},{"type":"Feature","properties":{"numer":"2224L","klasa":"","kat":"powiatowa"},"geometry":{"type":"LineString","coordinates":[[22.6332,51.27121],[22.63287,51.2715]]}},{"type":"Feature","properties":{"numer":"2224L","klasa":"","kat":"powiatowa"},"geometry":{"type":"LineString","coordinates":[[22.63287,51.2715],[22.63081,51.27287]]}},{"type":"Feature","properties":{"numer":"2224L","klasa":"","kat":"powiatowa"},"geometry":{"type":"LineString","coordinates":[[22.63081,51.27287],[22.63074,51.27292]]}},{"type":"Feature","properties":{"numer":"2224L","klasa":"","kat":"powiatowa"},"geometry":{"type":"LineString","coordinates":[[22.62482,51.28429],[22.62494,51.28378],[22.62484,51.28243],[22.6252,51.28163],[22.62576,51.2811],[22.6284,51.27959],[22.62874,51.27927],[22.62878,51.27872],[22.62816,51.27753],[22.62826,51.27708],[22.62867,51.27676],[22.63076,51.27613],[22.63101,51.27594],[22.6311,51.27434],[22.63085,51.27394],[22.63025,51.27349],[22.63017,51.27335],[22.63074,51.27292]]}},{"type":"Feature","properties":{"numer":"E372,S12,S17","klasa":"droga ekspresowa","kat":"krajowa"},"geometry":{"type":"LineString","coordinates":[[22.638335975685788,51.28162470074813],[22.63832,51.28163]]}},{"type":"Feature","properties":{"numer":"106438L","klasa":"droga dojazdowa","kat":"powiatowa"},"geometry":{"type":"LineString","coordinates":[[22.62412,51.28476],[22.62482,51.2843]]}},{"type":"Feature","properties":{"numer":"106438L","klasa":"droga dojazdowa","kat":"powiatowa"},"geometry":{"type":"LineString","coordinates":[[22.62339,51.28513],[22.62412,51.28476]]}},{"type":"Feature","properties":{"numer":"106438L","klasa":"droga dojazdowa","kat":"powiatowa"},"geometry":{"type":"LineString","coordinates":[[22.62292,51.28537],[22.62339,51.28513]]}},{"type":"Feature","properties":{"numer":"106438L","klasa":"droga dojazdowa","kat":"powiatowa"},"geometry":{"type":"LineString","coordinates":[[22.62253,51.28557],[22.62292,51.28537]]}},{"type":"Feature","properties":{"numer":"106438L","klasa":"droga dojazdowa","kat":"powiatowa"},"geometry":{"type":"LineString","coordinates":[[22.6219,51.28601],[22.62253,51.28557]]}},{"type":"Feature","properties":{"numer":"106438L","klasa":"droga dojazdowa","kat":"powiatowa"},"geometry":{"type":"LineString","coordinates":[[22.62482,51.2843],[22.62482,51.28429]]}},{"type":"Feature","properties":{"numer":"E372,E373,S12,S17","klasa":"droga ekspresowa","kat":"krajowa"},"geometry":{"type":"LineString","coordinates":[[22.6221,51.287],[22.63832,51.28163]]}},{"type":"Feature","properties":{"numer":"2224L","klasa":"","kat":"powiatowa"},"geometry":{"type":"LineString","coordinates":[[22.62498,51.28565],[22.62509,51.28517],[22.62505,51.28458],[22.62502,51.28441],[22.62482,51.2843]]}},{"type":"Feature","properties":{"numer":"2224L","klasa":"","kat":"powiatowa"},"geometry":{"type":"LineString","coordinates":[[22.62795,51.29377],[22.62811,51.29312],[22.62811,51.29233],[22.62744,51.29063],[22.62701,51.29018],[22.6238,51.28773]]}},{"type":"Feature","properties":{"numer":"E372,E373,S12,S17","klasa":"droga ekspresowa","kat":"krajowa"},"geometry":{"type":"LineString","coordinates":[[22.621200697141482,51.2872900976963],[22.6221,51.287]]}},{"type":"Feature","properties":{"numer":"106438L","klasa":"droga dojazdowa","kat":"powiatowa"},"geometry":{"type":"LineString","coordinates":[[22.6221,51.287],[22.62241,51.28717],[22.62336,51.28747],[22.6238,51.28773]]}},{"type":"Feature","properties":{"numer":"106677L","klasa":"droga dojazdowa","kat":"powiatowa"},"geometry":{"type":"LineString","coordinates":[[22.54091,51.26211],[22.54062,51.26216]]}},{"type":"Feature","properties":{"numer":"2397L","klasa":"droga zbiorcza","kat":"powiatowa"},"geometry":{"type":"LineString","coordinates":[[22.55833,51.26148],[22.5584,51.263]]}},{"type":"Feature","properties":{"numer":"2354L","klasa":"droga zbiorcza","kat":"powiatowa"},"geometry":{"type":"LineString","coordinates":[[22.5518,51.26253],[22.5519,51.26232]]}},{"type":"Feature","properties":{"numer":"2394L","klasa":"droga gĹ‚Ăłwna ruchu przyĹ›pieszonego","kat":"powiatowa"},"geometry":{"type":"LineString","coordinates":[[22.55148,51.26249],[22.5518,51.26253]]}},{"type":"Feature","properties":{"numer":"2394L","klasa":"droga gĹ‚Ăłwna ruchu przyĹ›pieszonego","kat":"powiatowa"},"geometry":{"type":"LineString","coordinates":[[22.5518,51.26253],[22.5521,51.26257]]}},{"type":"Feature","properties":{"numer":"106785L","klasa":"droga dojazdowa","kat":"powiatowa"},"geometry":{"type":"LineString","coordinates":[[22.54062,51.26216],[22.54094,51.26304]]}},{"type":"Feature","properties":{"numer":"2354L","klasa":"droga zbiorcza","kat":"powiatowa"},"geometry":{"type":"LineString","coordinates":[[22.55173,51.26274],[22.5518,51.26253]]}},{"type":"Feature","properties":{"numer":"2403L","klasa":"droga zbiorcza","kat":"powiatowa"},"geometry":{"type":"LineString","coordinates":[[22.52771,51.2628],[22.52812,51.26269],[22.52853,51.26285]]}},{"type":"Feature","properties":{"numer":"2394L","klasa":"droga gĹ‚Ăłwna ruchu przyĹ›pieszonego","kat":"powiatowa"},"geometry":{"type":"LineString","coordinates":[[22.5521,51.26257],[22.55809,51.26318]]}},{"type":"Feature","properties":{"numer":"2397L","klasa":"droga zbiorcza","kat":"powiatowa"},"geometry":{"type":"LineString","coordinates":[[22.5584,51.263],[22.55839,51.26321]]}},{"type":"Feature","properties":{"numer":"2394L","klasa":"droga gĹ‚Ăłwna ruchu przyĹ›pieszonego","kat":"powiatowa"},"geometry":{"type":"LineString","coordinates":[[22.55809,51.26318],[22.55839,51.26321]]}},{"type":"Feature","properties":{"numer":"2394L","klasa":"droga gĹ‚Ăłwna ruchu przyĹ›pieszonego","kat":"powiatowa"},"geometry":{"type":"LineString","coordinates":[[22.55839,51.26321],[22.55873,51.26323]]}},{"type":"Feature","properties":{"numer":"106785L","klasa":"droga dojazdowa","kat":"powiatowa"},"geometry":{"type":"LineString","coordinates":[[22.54094,51.26304],[22.54109,51.26342]]}},{"type":"Feature","properties":{"numer":"2394L","klasa":"droga gĹ‚Ăłwna ruchu przyĹ›pieszonego","kat":"powiatowa"},"geometry":{"type":"LineString","coordinates":[[22.56286,51.26337],[22.55873,51.26323]]}},{"type":"Feature","properties":{"numer":"2397L","klasa":"droga zbiorcza","kat":"powiatowa"},"geometry":{"type":"LineString","coordinates":[[22.55839,51.26321],[22.55839,51.2634]]}},{"type":"Feature","properties":{"numer":"809","klasa":"droga gĹ‚Ăłwna","kat":"wojewodzka"},"geometry":{"type":"LineString","coordinates":[[22.52853,51.26285],[22.52845,51.26342],[22.52861,51.26494]]}},{"type":"Feature","properties":{"numer":"2392L","klasa":"","kat":"powiatowa"},"geometry":{"type":"LineString","coordinates":[[22.51225,51.26771],[22.51286,51.26248],[22.51325,51.26151],[22.51311,51.26139],[22.51238,51.26144],[22.51206,51.26134],[22.51203,51.26121],[22.51259,51.26013]]}},{"type":"Feature","properties":{"numer":"2397L","klasa":"droga zbiorcza","kat":"powiatowa"},"geometry":{"type":"LineString","coordinates":[[22.55839,51.2634],[22.55831,51.26454]]}},{"type":"Feature","properties":{"numer":"2424L","klasa":"droga zbiorcza","kat":"powiatowa"},"geometry":{"type":"LineString","coordinates":[[22.50473,51.26454],[22.50448,51.26356]]}},{"type":"Feature","properties":{"numer":"106785L","klasa":"droga dojazdowa","kat":"powiatowa"},"geometry":{"type":"LineString","coordinates":[[22.54109,51.26342],[22.54189,51.26535]]}},{"type":"Feature","properties":{"numer":"106373L","klasa":"droga zbiorcza","kat":"powiatowa"},"geometry":{"type":"LineString","coordinates":[[22.58948,51.26314],[22.58863,51.2625]]}},{"type":"Feature","properties":{"numer":"106200L","klasa":"droga lokalna","kat":"powiatowa"},"geometry":{"type":"LineString","coordinates":[[22.56286,51.26337],[22.56306,51.26297]]}},{"type":"Feature","properties":{"numer":"106373L","klasa":"droga zbiorcza","kat":"powiatowa"},"geometry":{"type":"LineString","coordinates":[[22.59022,51.26372],[22.58948,51.26314]]}},{"type":"Feature","properties":{"numer":"106373L","klasa":"droga zbiorcza","kat":"powiatowa"},"geometry":{"type":"LineString","coordinates":[[22.59078,51.26438],[22.59022,51.26372]]}},{"type":"Feature","properties":{"numer":"106757L","klasa":"droga lokalna","kat":"powiatowa"},"geometry":{"type":"LineString","coordinates":[[22.58123,51.26454],[22.58094,51.26361]]}},{"type":"Feature","properties":{"numer":"106757L","klasa":"droga lokalna","kat":"powiatowa"},"geometry":{"type":"LineString","coordinates":[[22.58127,51.26465],[22.58123,51.26454]]}},{"type":"Feature","properties":{"numer":"106757L","klasa":"droga lokalna","kat":"powiatowa"},"geometry":{"type":"LineString","coordinates":[[22.58129,51.26472],[22.58127,51.26465]]}},{"type":"Feature","properties":{"numer":"106757L","klasa":"droga lokalna","kat":"powiatowa"},"geometry":{"type":"LineString","coordinates":[[22.58156,51.26559],[22.58129,51.26472]]}},{"type":"Feature","properties":{"numer":"835","klasa":"droga gĹ‚Ăłwna ruchu przyĹ›pieszonego","kat":"wojewodzka"},"geometry":{"type":"LineString","coordinates":[[22.57318,51.26966],[22.57246,51.26175]]}},{"type":"Feature","properties":{"numer":"106757L","klasa":"droga lokalna","kat":"powiatowa"},"geometry":{"type":"LineString","coordinates":[[22.58168,51.26598],[22.58156,51.26559]]}},{"type":"Feature","properties":{"numer":"2354L","klasa":"droga zbiorcza","kat":"powiatowa"},"geometry":{"type":"LineString","coordinates":[[22.54881,51.26638],[22.54971,51.26592],[22.55071,51.26505],[22.55117,51.2643],[22.55173,51.26274]]}},{"type":"Feature","properties":{"numer":"2403L","klasa":"droga zbiorcza","kat":"powiatowa"},"geometry":{"type":"LineString","coordinates":[[22.51519,51.2667],[22.51762,51.26561],[22.52463,51.26392],[22.52641,51.26335],[22.52771,51.2628]]}},{"type":"Feature","properties":{"numer":"2397L","klasa":"droga zbiorcza","kat":"powiatowa"},"geometry":{"type":"LineString","coordinates":[[22.55827,51.26513],[22.55831,51.26454]]}},{"type":"Feature","properties":{"numer":"106126L","klasa":"droga dojazdowa","kat":"powiatowa"},"geometry":{"type":"LineString","coordinates":[[22.54189,51.26535],[22.54201,51.26536]]}},{"type":"Feature","properties":{"numer":"809","klasa":"droga gĹ‚Ăłwna","kat":"wojewodzka"},"geometry":{"type":"LineString","coordinates":[[22.52861,51.26494],[22.52875,51.26692]]}},{"type":"Feature","properties":{"numer":"2342L","klasa":"droga zbiorcza","kat":"powiatowa"},"geometry":{"type":"LineString","coordinates":[[22.54881,51.26638],[22.54984,51.26711]]}},{"type":"Feature","properties":{"numer":"2403L","klasa":"droga zbiorcza","kat":"powiatowa"},"geometry":{"type":"LineString","coordinates":[[22.51519,51.2667],[22.51456,51.267]]}},{"type":"Feature","properties":{"numer":"2354L","klasa":"droga zbiorcza","kat":"powiatowa"},"geometry":{"type":"LineString","coordinates":[[22.54881,51.26638],[22.54729,51.26682],[22.54301,51.26745]]}},{"type":"Feature","properties":{"numer":"2397L","klasa":"droga zbiorcza","kat":"powiatowa"},"geometry":{"type":"LineString","coordinates":[[22.55831,51.26907],[22.55827,51.26513]]}},{"type":"Feature","properties":{"numer":"2403L","klasa":"droga zbiorcza","kat":"powiatowa"},"geometry":{"type":"LineString","coordinates":[[22.51281,51.26786],[22.51456,51.267]]}},{"type":"Feature","properties":{"numer":"2354L","klasa":"droga zbiorcza","kat":"powiatowa"},"geometry":{"type":"LineString","coordinates":[[22.54277,51.26748],[22.54301,51.26745]]}},{"type":"Feature","properties":{"numer":"106365L","klasa":"droga lokalna","kat":"powiatowa"},"geometry":{"type":"LineString","coordinates":[[22.54277,51.26748],[22.54279,51.26762]]}},{"type":"Feature","properties":{"numer":"2342L","klasa":"droga zbiorcza","kat":"powiatowa"},"geometry":{"type":"LineString","coordinates":[[22.54984,51.26711],[22.55189,51.26807]]}},{"type":"Feature","properties":{"numer":"106365L","klasa":"droga lokalna","kat":"powiatowa"},"geometry":{"type":"LineString","coordinates":[[22.54279,51.26762],[22.54292,51.26818]]}},{"type":"Feature","properties":{"numer":"2392L","klasa":"","kat":"powiatowa"},"geometry":{"type":"LineString","coordinates":[[22.51234,51.26809],[22.51225,51.26771]]}},{"type":"Feature","properties":{"numer":"2403L","klasa":"droga zbiorcza","kat":"powiatowa"},"geometry":{"type":"LineString","coordinates":[[22.51281,51.26786],[22.51234,51.26809]]}},{"type":"Feature","properties":{"numer":"2392L","klasa":"droga zbiorcza","kat":"powiatowa"},"geometry":{"type":"LineString","coordinates":[[22.51234,51.26809],[22.51214,51.2685]]}},{"type":"Feature","properties":{"numer":"113003L","klasa":"droga dojazdowa","kat":"powiatowa"},"geometry":{"type":"LineString","coordinates":[[22.5502,51.26877],[22.55125,51.26871],[22.55189,51.26807]]}},{"type":"Feature","properties":{"numer":"106365L","klasa":"droga lokalna","kat":"powiatowa"},"geometry":{"type":"LineString","coordinates":[[22.54308,51.26878],[22.54292,51.26818]]}},{"type":"Feature","properties":{"numer":"2342L","klasa":"droga zbiorcza","kat":"powiatowa"},"geometry":{"type":"LineString","coordinates":[[22.55189,51.26807],[22.55365,51.26855],[22.55611,51.26895]]}},{"type":"Feature","properties":{"numer":"106757L","klasa":"droga lokalna","kat":"powiatowa"},"geometry":{"type":"LineString","coordinates":[[22.58172,51.2662],[22.58168,51.26598]]}},{"type":"Feature","properties":{"numer":"106757L","klasa":"droga lokalna","kat":"powiatowa"},"geometry":{"type":"LineString","coordinates":[[22.58176,51.26669],[22.58172,51.2662]]}},{"type":"Feature","properties":{"numer":"106757L","klasa":"droga lokalna","kat":"powiatowa"},"geometry":{"type":"LineString","coordinates":[[22.58183,51.26744],[22.58176,51.26669]]}},{"type":"Feature","properties":{"numer":"106757L","klasa":"droga lokalna","kat":"powiatowa"},"geometry":{"type":"LineString","coordinates":[[22.58191,51.26788],[22.58183,51.26744]]}},{"type":"Feature","properties":{"numer":"106757L","klasa":"","kat":"powiatowa"},"geometry":{"type":"LineString","coordinates":[[22.58191,51.26788],[22.58215,51.26894],[22.58248,51.26972]]}},{"type":"Feature","properties":{"numer":"2417L","klasa":"droga zbiorcza","kat":"powiatowa"},"geometry":{"type":"LineString","coordinates":[[22.58248,51.26972],[22.58344,51.26942]]}},{"type":"Feature","properties":{"numer":"2215L","klasa":"droga zbiorcza","kat":"powiatowa"},"geometry":{"type":"LineString","coordinates":[[22.57318,51.26966],[22.57103,51.26975]]}},{"type":"Feature","properties":{"numer":"2215L","klasa":"droga zbiorcza","kat":"powiatowa"},"geometry":{"type":"LineString","coordinates":[[22.56038,51.26966],[22.56244,51.26999],[22.56331,51.27006],[22.57103,51.26975]]}},{"type":"Feature","properties":{"numer":"2417L","klasa":"droga zbiorcza","kat":"powiatowa"},"geometry":{"type":"LineString","coordinates":[[22.57318,51.26966],[22.57521,51.26978],[22.5769,51.26974],[22.57996,51.27008],[22.58072,51.27002],[22.58248,51.26972]]}},{"type":"Feature","properties":{"numer":"113028L","klasa":"droga zbiorcza","kat":"powiatowa"},"geometry":{"type":"LineString","coordinates":[[22.58247,51.27056],[22.58248,51.26972]]}},{"type":"Feature","properties":{"numer":"113003L","klasa":"droga dojazdowa","kat":"powiatowa"},"geometry":{"type":"LineString","coordinates":[[22.54953,51.26877],[22.5502,51.26877]]}},{"type":"Feature","properties":{"numer":"113003L","klasa":"droga dojazdowa","kat":"powiatowa"},"geometry":{"type":"LineString","coordinates":[[22.54931,51.26878],[22.54953,51.26877]]}},{"type":"Feature","properties":{"numer":"113003L","klasa":"droga dojazdowa","kat":"powiatowa"},"geometry":{"type":"LineString","coordinates":[[22.54856,51.26879],[22.54931,51.26878]]}},{"type":"Feature","properties":{"numer":"113003L","klasa":"droga dojazdowa","kat":"powiatowa"},"geometry":{"type":"LineString","coordinates":[[22.54823,51.26879],[22.54834,51.26879]]}},{"type":"Feature","properties":{"numer":"113003L","klasa":"droga dojazdowa","kat":"powiatowa"},"geometry":{"type":"LineString","coordinates":[[22.54834,51.26879],[22.54856,51.26879]]}},{"type":"Feature","properties":{"numer":"113003L","klasa":"droga dojazdowa","kat":"powiatowa"},"geometry":{"type":"LineString","coordinates":[[22.54723,51.26881],[22.54823,51.26879]]}},{"type":"Feature","properties":{"numer":"106365L","klasa":"droga lokalna","kat":"powiatowa"},"geometry":{"type":"LineString","coordinates":[[22.54316,51.26906],[22.54308,51.26878]]}},{"type":"Feature","properties":{"numer":"2342L","klasa":"droga zbiorcza","kat":"powiatowa"},"geometry":{"type":"LineString","coordinates":[[22.55611,51.26895],[22.55829,51.26928]]}},{"type":"Feature","properties":{"numer":"2397L","klasa":"droga zbiorcza","kat":"powiatowa"},"geometry":{"type":"LineString","coordinates":[[22.55829,51.26928],[22.55831,51.26907]]}},{"type":"Feature","properties":{"numer":"2420L","klasa":"droga zbiorcza","kat":"powiatowa"},"geometry":{"type":"LineString","coordinates":[[22.48499,51.27492],[22.50448,51.26356]]}},{"type":"Feature","properties":{"numer":"113003L","klasa":"droga dojazdowa","kat":"powiatowa"},"geometry":{"type":"LineString","coordinates":[[22.54551,51.26975],[22.54637,51.26891],[22.54662,51.26883],[22.54723,51.26881]]}},{"type":"Feature","properties":{"numer":"2215L","klasa":"droga zbiorcza","kat":"powiatowa"},"geometry":{"type":"LineString","coordinates":[[22.55829,51.26949],[22.55829,51.26928]]}},{"type":"Feature","properties":{"numer":"106365L","klasa":"droga lokalna","kat":"powiatowa"},"geometry":{"type":"LineString","coordinates":[[22.54341,51.26981],[22.54316,51.26906]]}},{"type":"Feature","properties":{"numer":"2215L","klasa":"droga zbiorcza","kat":"powiatowa"},"geometry":{"type":"LineString","coordinates":[[22.55829,51.26928],[22.56038,51.26966]]}},{"type":"Feature","properties":{"numer":"113003L","klasa":"droga dojazdowa","kat":"powiatowa"},"geometry":{"type":"LineString","coordinates":[[22.54464,51.26979],[22.54551,51.26975]]}},{"type":"Feature","properties":{"numer":"113003L","klasa":"droga dojazdowa","kat":"powiatowa"},"geometry":{"type":"LineString","coordinates":[[22.54391,51.2698],[22.54464,51.26979]]}},{"type":"Feature","properties":{"numer":"113003L","klasa":"droga dojazdowa","kat":"powiatowa"},"geometry":{"type":"LineString","coordinates":[[22.54341,51.26981],[22.54391,51.2698]]}},{"type":"Feature","properties":{"numer":"2424L","klasa":"droga zbiorcza","kat":"powiatowa"},"geometry":{"type":"LineString","coordinates":[[22.50724,51.27612],[22.5052,51.27532],[22.50491,51.2751],[22.5048,51.2749],[22.50526,51.27162],[22.50539,51.26961],[22.5053,51.26738],[22.50473,51.26454]]}},{"type":"Feature","properties":{"numer":"106365L","klasa":"droga lokalna","kat":"powiatowa"},"geometry":{"type":"LineString","coordinates":[[22.54313,51.27209],[22.54364,51.27133]]}},{"type":"Feature","properties":{"numer":"809","klasa":"droga gĹ‚Ăłwna","kat":"wojewodzka"},"geometry":{"type":"LineString","coordinates":[[22.52875,51.26692],[22.52905,51.27025],[22.52903,51.27148],[22.5287,51.27239],[22.52701,51.27556],[22.52686,51.27739]]}},{"type":"Feature","properties":{"numer":"874","klasa":"droga gĹ‚Ăłwna ruchu przyĹ›pieszonego","kat":"wojewodzka"},"geometry":{"type":"LineString","coordinates":[[22.481479587422257,51.27148114688662],[22.48762,51.26779],[22.49251,51.26494],[22.4934,51.26429],[22.49644,51.2615],[22.4977,51.26058],[22.50094,51.25868],[22.50198,51.25824],[22.50335,51.25783],[22.50561,51.25727],[22.50704,51.25705]]}},{"type":"Feature","properties":{"numer":"2420L","klasa":"droga gĹ‚Ăłwna ruchu przyĹ›pieszonego","kat":"powiatowa"},"geometry":{"type":"LineString","coordinates":[[22.484988988434655,51.27492058775348],[22.48499,51.27492]]}},{"type":"Feature","properties":{"numer":"113028L","klasa":"droga zbiorcza","kat":"powiatowa"},"geometry":{"type":"LineString","coordinates":[[22.58247,51.27056],[22.58244,51.27079]]}},{"type":"Feature","properties":{"numer":"113028L","klasa":"droga zbiorcza","kat":"powiatowa"},"geometry":{"type":"LineString","coordinates":[[22.58244,51.27079],[22.58243,51.27104]]}},{"type":"Feature","properties":{"numer":"113028L","klasa":"droga zbiorcza","kat":"powiatowa"},"geometry":{"type":"LineString","coordinates":[[22.58243,51.27104],[22.58239,51.27182]]}},{"type":"Feature","properties":{"numer":"113028L","klasa":"droga zbiorcza","kat":"powiatowa"},"geometry":{"type":"LineString","coordinates":[[22.58239,51.27182],[22.58208,51.27257],[22.58155,51.27304],[22.58113,51.27327]]}},{"type":"Feature","properties":{"numer":"835","klasa":"droga gĹ‚Ăłwna ruchu przyĹ›pieszonego","kat":"wojewodzka"},"geometry":{"type":"LineString","coordinates":[[22.57375,51.27547],[22.57318,51.26966]]}},{"type":"Feature","properties":{"numer":"113028L","klasa":"droga zbiorcza","kat":"powiatowa"},"geometry":{"type":"LineString","coordinates":[[22.58113,51.27327],[22.58055,51.2736],[22.58032,51.27385],[22.57998,51.27467],[22.57992,51.27528],[22.58018,51.27588]]}},{"type":"Feature","properties":{"numer":"106237L","klasa":"droga zbiorcza","kat":"powiatowa"},"geometry":{"type":"LineString","coordinates":[[22.57375,51.27547],[22.57445,51.27547]]}},{"type":"Feature","properties":{"numer":"106237L","klasa":"droga zbiorcza","kat":"powiatowa"},"geometry":{"type":"LineString","coordinates":[[22.57445,51.27547],[22.57455,51.2755]]}},{"type":"Feature","properties":{"numer":"106237L","klasa":"droga zbiorcza","kat":"powiatowa"},"geometry":{"type":"LineString","coordinates":[[22.57455,51.2755],[22.57602,51.27598]]}},{"type":"Feature","properties":{"numer":"113022L","klasa":"droga zbiorcza","kat":"powiatowa"},"geometry":{"type":"LineString","coordinates":[[22.58035,51.27615],[22.58018,51.27588]]}},{"type":"Feature","properties":{"numer":"2392L","klasa":"droga zbiorcza","kat":"powiatowa"},"geometry":{"type":"LineString","coordinates":[[22.50724,51.27612],[22.50991,51.27331],[22.51214,51.2685]]}},{"type":"Feature","properties":{"numer":"106365L","klasa":"droga lokalna","kat":"powiatowa"},"geometry":{"type":"LineString","coordinates":[[22.54248,51.2731],[22.54266,51.27265],[22.54313,51.27209]]}},{"type":"Feature","properties":{"numer":"2215L","klasa":"droga zbiorcza","kat":"powiatowa"},"geometry":{"type":"LineString","coordinates":[[22.55417,51.27718],[22.55795,51.27102],[22.55829,51.26949]]}},{"type":"Feature","properties":{"numer":"106365L","klasa":"droga lokalna","kat":"powiatowa"},"geometry":{"type":"LineString","coordinates":[[22.54315,51.27546],[22.54253,51.2737],[22.54248,51.2731]]}},{"type":"Feature","properties":{"numer":"106365L","klasa":"droga lokalna","kat":"powiatowa"},"geometry":{"type":"LineString","coordinates":[[22.54319,51.27557],[22.54315,51.27546]]}},{"type":"Feature","properties":{"numer":"106365L","klasa":"droga lokalna","kat":"powiatowa"},"geometry":{"type":"LineString","coordinates":[[22.54352,51.27647],[22.54319,51.27557]]}},{"type":"Feature","properties":{"numer":"106365L","klasa":"droga lokalna","kat":"powiatowa"},"geometry":{"type":"LineString","coordinates":[[22.54384,51.2774],[22.54352,51.27647]]}},{"type":"Feature","properties":{"numer":"2422L","klasa":"droga gĹ‚Ăłwna","kat":"powiatowa"},"geometry":{"type":"LineString","coordinates":[[22.55417,51.27718],[22.54384,51.2774]]}},{"type":"Feature","properties":{"numer":"2422L","klasa":"droga gĹ‚Ăłwna","kat":"powiatowa"},"geometry":{"type":"LineString","coordinates":[[22.5254,51.27732],[22.52324,51.27733]]}},{"type":"Feature","properties":{"numer":"2422L","klasa":"droga gĹ‚Ăłwna","kat":"powiatowa"},"geometry":{"type":"LineString","coordinates":[[22.52686,51.27739],[22.5254,51.27732]]}},{"type":"Feature","properties":{"numer":"106237L","klasa":"droga zbiorcza","kat":"powiatowa"},"geometry":{"type":"LineString","coordinates":[[22.57602,51.27598],[22.57633,51.27608]]}},{"type":"Feature","properties":{"numer":"106237L","klasa":"droga zbiorcza","kat":"powiatowa"},"geometry":{"type":"LineString","coordinates":[[22.57633,51.27608],[22.57654,51.27615]]}},{"type":"Feature","properties":{"numer":"106237L","klasa":"droga zbiorcza","kat":"powiatowa"},"geometry":{"type":"LineString","coordinates":[[22.57654,51.27615],[22.57667,51.2762]]}},{"type":"Feature","properties":{"numer":"106237L","klasa":"droga zbiorcza","kat":"powiatowa"},"geometry":{"type":"LineString","coordinates":[[22.57667,51.2762],[22.57705,51.27632]]}},{"type":"Feature","properties":{"numer":"2422L","klasa":"droga gĹ‚Ăłwna","kat":"powiatowa"},"geometry":{"type":"LineString","coordinates":[[22.57375,51.27547],[22.57226,51.27558],[22.56269,51.2759],[22.55887,51.27628],[22.55581,51.27696],[22.55417,51.27718]]}},{"type":"Feature","properties":{"numer":"106237L","klasa":"droga zbiorcza","kat":"powiatowa"},"geometry":{"type":"LineString","coordinates":[[22.57705,51.27632],[22.57731,51.27641]]}},{"type":"Feature","properties":{"numer":"113022L","klasa":"droga zbiorcza","kat":"powiatowa"},"geometry":{"type":"LineString","coordinates":[[22.58068,51.2767],[22.58035,51.27615]]}},{"type":"Feature","properties":{"numer":"106237L","klasa":"droga zbiorcza","kat":"powiatowa"},"geometry":{"type":"LineString","coordinates":[[22.57731,51.27641],[22.57757,51.27649]]}},{"type":"Feature","properties":{"numer":"106237L","klasa":"droga zbiorcza","kat":"powiatowa"},"geometry":{"type":"LineString","coordinates":[[22.57757,51.27649],[22.57794,51.27662]]}},{"type":"Feature","properties":{"numer":"106237L","klasa":"droga zbiorcza","kat":"powiatowa"},"geometry":{"type":"LineString","coordinates":[[22.57794,51.27662],[22.57917,51.27703]]}},{"type":"Feature","properties":{"numer":"113022L","klasa":"droga zbiorcza","kat":"powiatowa"},"geometry":{"type":"LineString","coordinates":[[22.58097,51.27714],[22.58068,51.2767]]}},{"type":"Feature","properties":{"numer":"106237L","klasa":"droga zbiorcza","kat":"powiatowa"},"geometry":{"type":"LineString","coordinates":[[22.57917,51.27703],[22.57944,51.27712]]}},{"type":"Feature","properties":{"numer":"106237L","klasa":"droga zbiorcza","kat":"powiatowa"},"geometry":{"type":"LineString","coordinates":[[22.57944,51.27712],[22.58026,51.2774]]}},{"type":"Feature","properties":{"numer":"113022L","klasa":"droga zbiorcza","kat":"powiatowa"},"geometry":{"type":"LineString","coordinates":[[22.58122,51.27768],[22.58097,51.27714]]}},{"type":"Feature","properties":{"numer":"106237L","klasa":"droga zbiorcza","kat":"powiatowa"},"geometry":{"type":"LineString","coordinates":[[22.58026,51.2774],[22.58109,51.27765]]}},{"type":"Feature","properties":{"numer":"106237L","klasa":"droga zbiorcza","kat":"powiatowa"},"geometry":{"type":"LineString","coordinates":[[22.58109,51.27765],[22.58122,51.27768]]}},{"type":"Feature","properties":{"numer":"106237L","klasa":"droga zbiorcza","kat":"powiatowa"},"geometry":{"type":"LineString","coordinates":[[22.58122,51.27768],[22.58131,51.2777]]}},{"type":"Feature","properties":{"numer":"106237L","klasa":"droga zbiorcza","kat":"powiatowa"},"geometry":{"type":"LineString","coordinates":[[22.58131,51.2777],[22.58233,51.27784]]}},{"type":"Feature","properties":{"numer":"106237L","klasa":"droga zbiorcza","kat":"powiatowa"},"geometry":{"type":"LineString","coordinates":[[22.58233,51.27784],[22.58247,51.27785]]}},{"type":"Feature","properties":{"numer":"106237L","klasa":"droga zbiorcza","kat":"powiatowa"},"geometry":{"type":"LineString","coordinates":[[22.58247,51.27785],[22.5832,51.27794]]}},{"type":"Feature","properties":{"numer":"106237L","klasa":"droga zbiorcza","kat":"powiatowa"},"geometry":{"type":"LineString","coordinates":[[22.5832,51.27794],[22.584,51.27803]]}},{"type":"Feature","properties":{"numer":"106237L","klasa":"droga zbiorcza","kat":"powiatowa"},"geometry":{"type":"LineString","coordinates":[[22.584,51.27803],[22.58483,51.27813]]}},{"type":"Feature","properties":{"numer":"106237L","klasa":"droga zbiorcza","kat":"powiatowa"},"geometry":{"type":"LineString","coordinates":[[22.58483,51.27813],[22.58587,51.27826]]}},{"type":"Feature","properties":{"numer":"106237L","klasa":"droga zbiorcza","kat":"powiatowa"},"geometry":{"type":"LineString","coordinates":[[22.58587,51.27826],[22.58643,51.27833]]}},{"type":"Feature","properties":{"numer":"106237L","klasa":"droga zbiorcza","kat":"powiatowa"},"geometry":{"type":"LineString","coordinates":[[22.58643,51.27833],[22.58698,51.27839]]}},{"type":"Feature","properties":{"numer":"106237L","klasa":"droga zbiorcza","kat":"powiatowa"},"geometry":{"type":"LineString","coordinates":[[22.58698,51.27839],[22.58779,51.27849]]}},{"type":"Feature","properties":{"numer":"106237L","klasa":"droga zbiorcza","kat":"powiatowa"},"geometry":{"type":"LineString","coordinates":[[22.58779,51.27849],[22.58789,51.2785]]}},{"type":"Feature","properties":{"numer":"106237L","klasa":"droga zbiorcza","kat":"powiatowa"},"geometry":{"type":"LineString","coordinates":[[22.58789,51.2785],[22.5885,51.27857]]}},{"type":"Feature","properties":{"numer":"106237L","klasa":"droga zbiorcza","kat":"powiatowa"},"geometry":{"type":"LineString","coordinates":[[22.5885,51.27857],[22.59044,51.2788]]}},{"type":"Feature","properties":{"numer":"106237L","klasa":"droga zbiorcza","kat":"powiatowa"},"geometry":{"type":"LineString","coordinates":[[22.59044,51.2788],[22.59485,51.27886]]}},{"type":"Feature","properties":{"numer":"106237L","klasa":"droga zbiorcza","kat":"powiatowa"},"geometry":{"type":"LineString","coordinates":[[22.59543,51.27886],[22.59727,51.27886]]}},{"type":"Feature","properties":{"numer":"106237L","klasa":"droga zbiorcza","kat":"powiatowa"},"geometry":{"type":"LineString","coordinates":[[22.59485,51.27886],[22.59543,51.27886]]}},{"type":"Feature","properties":{"numer":"106237L","klasa":"droga zbiorcza","kat":"powiatowa"},"geometry":{"type":"LineString","coordinates":[[22.59727,51.27886],[22.59793,51.27886]]}},{"type":"Feature","properties":{"numer":"106237L","klasa":"droga zbiorcza","kat":"powiatowa"},"geometry":{"type":"LineString","coordinates":[[22.60278,51.27893],[22.60216,51.27888],[22.59801,51.27886]]}},{"type":"Feature","properties":{"numer":"106096L","klasa":"droga zbiorcza","kat":"powiatowa"},"geometry":{"type":"LineString","coordinates":[[22.60278,51.27893],[22.60319,51.27914]]}},{"type":"Feature","properties":{"numer":"106096L","klasa":"droga zbiorcza","kat":"powiatowa"},"geometry":{"type":"LineString","coordinates":[[22.60319,51.27914],[22.60343,51.27946],[22.60378357142857,51.28067098214286]]}},{"type":"Feature","properties":{"numer":"835","klasa":"droga gĹ‚Ăłwna ruchu przyĹ›pieszonego","kat":"wojewodzka"},"geometry":{"type":"LineString","coordinates":[[22.576514698576865,51.2852122346431],[22.57599,51.284],[22.57412,51.27856],[22.57375,51.27547]]}},{"type":"Feature","properties":{"numer":"2422L","klasa":"droga gĹ‚Ăłwna","kat":"powiatowa"},"geometry":{"type":"LineString","coordinates":[[22.54384,51.2774],[22.53446,51.27764],[22.52956,51.27741],[22.52686,51.27739]]}},{"type":"Feature","properties":{"numer":"2215L","klasa":"droga zbiorcza","kat":"powiatowa"},"geometry":{"type":"LineString","coordinates":[[22.55417,51.27718],[22.55348,51.2787],[22.5533,51.27947]]}},{"type":"Feature","properties":{"numer":"2392L","klasa":"droga zbiorcza","kat":"powiatowa"},"geometry":{"type":"LineString","coordinates":[[22.50062,51.28362],[22.50335,51.28084],[22.50724,51.27612]]}},{"type":"Feature","properties":{"numer":"2215L","klasa":"droga zbiorcza","kat":"powiatowa"},"geometry":{"type":"LineString","coordinates":[[22.5533,51.27947],[22.55307,51.28036]]}},{"type":"Feature","properties":{"numer":"2215L","klasa":"droga zbiorcza","kat":"powiatowa"},"geometry":{"type":"LineString","coordinates":[[22.55307,51.28036],[22.55281,51.28095]]}},{"type":"Feature","properties":{"numer":"2215L","klasa":"droga zbiorcza","kat":"powiatowa"},"geometry":{"type":"LineString","coordinates":[[22.55281,51.28095],[22.55162,51.28296]]}},{"type":"Feature","properties":{"numer":"2215L","klasa":"droga zbiorcza","kat":"powiatowa"},"geometry":{"type":"LineString","coordinates":[[22.55162,51.28296],[22.55087,51.28412]]}},{"type":"Feature","properties":{"numer":"809","klasa":"droga gĹ‚Ăłwna","kat":"wojewodzka"},"geometry":{"type":"LineString","coordinates":[[22.52686,51.27739],[22.52686,51.28041],[22.52648,51.28167],[22.52420566218769,51.28483058212415]]}},{"type":"Feature","properties":{"numer":"2215L","klasa":"droga zbiorcza","kat":"powiatowa"},"geometry":{"type":"LineString","coordinates":[[22.55087,51.28412],[22.55051,51.28452]]}},{"type":"Feature","properties":{"numer":"2215L","klasa":"droga zbiorcza","kat":"powiatowa"},"geometry":{"type":"LineString","coordinates":[[22.55051,51.28452],[22.5504,51.28466]]}},{"type":"Feature","properties":{"numer":"2215L","klasa":"droga gĹ‚Ăłwna","kat":"powiatowa"},"geometry":{"type":"LineString","coordinates":[[22.55037015957447,51.28468712765957],[22.5504,51.28466]]}},{"type":"Feature","properties":{"numer":"2418L","klasa":"droga zbiorcza","kat":"powiatowa"},"geometry":{"type":"LineString","coordinates":[[22.500613428968993,51.283626979169576],[22.50062,51.28362]]}},{"type":"Feature","properties":{"numer":"106096L","klasa":"droga dojazdowa","kat":"powiatowa"},"geometry":{"type":"LineString","coordinates":[[22.62704063576159,51.29362680794702],[22.6271,51.29364]]}},{"type":"Feature","properties":{"numer":"","klasa":"droga wewnÄ™trzna","kat":"gminna"},"geometry":{"type":"LineString","coordinates":[[22.6271,51.29364],[22.62724,51.29368]]}},{"type":"Feature","properties":{"numer":"","klasa":"droga wewnÄ™trzna","kat":"gminna"},"geometry":{"type":"LineString","coordinates":[[22.62724,51.29368],[22.62795,51.29377]]}},{"type":"Feature","properties":{"numer":"2224L","klasa":"","kat":"powiatowa"},"geometry":{"type":"LineString","coordinates":[[22.630178666646202,51.296524078724204],[22.62789,51.29474],[22.62776,51.29432],[22.62795,51.29377]]}}]}