{"type":"FeatureCollection","features":[{"type":"Feature","properties":{"numer":"1195E","klasa":"droga zbiorcza","kat":"powiatowa"},"geometry":{"type":"LineString","coordinates":[[19.4524,51.68888],[19.452830078042275,51.688620428644256]]}},{"type":"Feature","properties":{"numer":"A1,E75","klasa":"autostrada","kat":"krajowa"},"geometry":{"type":"LineString","coordinates":[[19.603827892402034,51.70268255251598],[19.60561,51.70617]]}},{"type":"Feature","properties":{"numer":"1233E","klasa":"droga zbiorcza","kat":"powiatowa"},"geometry":{"type":"LineString","coordinates":[[19.52936,51.69042],[19.5293622086596,51.69040971087846]]}},{"type":"Feature","properties":{"numer":"2922E","klasa":"droga zbiorcza","kat":"powiatowa"},"geometry":{"type":"LineString","coordinates":[[19.560418219721686,51.696915992169174],[19.5602,51.69731]]}},{"type":"Feature","properties":{"numer":"714","klasa":"droga gĹ‚Ăłwna","kat":"wojewodzka"},"geometry":{"type":"LineString","coordinates":[[19.561457053913387,51.69700379455956],[19.5602,51.69731]]}},{"type":"Feature","properties":{"numer":"714","klasa":"droga gĹ‚Ăłwna","kat":"wojewodzka"},"geometry":{"type":"LineString","coordinates":[[19.50014,51.699],[19.50423,51.69881],[19.51274,51.69819],[19.51626,51.69818],[19.51934,51.69844],[19.52575,51.69957],[19.53579,51.70078],[19.53882,51.701],[19.54109,51.70099],[19.54298,51.70091],[19.5602,51.69731]]}},{"type":"Feature","properties":{"numer":"1164E","klasa":"droga zbiorcza","kat":"powiatowa"},"geometry":{"type":"LineString","coordinates":[[19.5602,51.69731],[19.56035,51.69814],[19.56006,51.69895],[19.55018,51.71192],[19.55,51.71211],[19.54968,51.71217]]}},{"type":"Feature","properties":{"numer":"161285E","klasa":"droga lokalna","kat":"powiatowa"},"geometry":{"type":"LineString","coordinates":[[19.5128,51.70799],[19.5126,51.7065]]}},{"type":"Feature","properties":{"numer":"488","klasa":"droga gĹ‚Ăłwna","kat":"wojewodzka"},"geometry":{"type":"LineString","coordinates":[[19.47862209491259,51.69687318691669],[19.47957,51.69981]]}},{"type":"Feature","properties":{"numer":"714","klasa":"droga gĹ‚Ăłwna","kat":"wojewodzka"},"geometry":{"type":"LineString","coordinates":[[19.47957,51.69981],[19.48452,51.69919],[19.48723,51.69899],[19.48979,51.69894],[19.4969,51.69905],[19.50014,51.699]]}},{"type":"Feature","properties":{"numer":"488","klasa":"droga gĹ‚Ăłwna","kat":"wojewodzka"},"geometry":{"type":"LineString","coordinates":[[19.47957,51.69981],[19.47552,51.70027]]}},{"type":"Feature","properties":{"numer":"161515E","klasa":"droga zbiorcza","kat":"powiatowa"},"geometry":{"type":"LineString","coordinates":[[19.47546,51.69992],[19.47552,51.70027]]}},{"type":"Feature","properties":{"numer":"1153E","klasa":"droga zbiorcza","kat":"powiatowa"},"geometry":{"type":"LineString","coordinates":[[19.45942,51.70533],[19.4614,51.70321],[19.46787,51.69696],[19.46818,51.69695],[19.47405,51.69915],[19.47468,51.69941],[19.47546,51.69992]]}},{"type":"Feature","properties":{"numer":"1217E","klasa":"droga gĹ‚Ăłwna ruchu przyĹ›pieszonego","kat":"powiatowa"},"geometry":{"type":"LineString","coordinates":[[19.48592,51.70722],[19.48328,51.70453],[19.48032,51.70128],[19.47996,51.70076],[19.47957,51.69981]]}},{"type":"Feature","properties":{"numer":"488","klasa":"droga gĹ‚Ăłwna","kat":"wojewodzka"},"geometry":{"type":"LineString","coordinates":[[19.47552,51.70027],[19.47323,51.70042],[19.4725,51.70069],[19.47194,51.70106],[19.46334,51.70981],[19.46288,51.71054],[19.46239,51.71179]]}},{"type":"Feature","properties":{"numer":"1161E","klasa":"","kat":"powiatowa"},"geometry":{"type":"LineString","coordinates":[[19.5126,51.7065],[19.50729,51.70633],[19.50209,51.70641],[19.50053,51.70667],[19.49787,51.70668],[19.49695,51.70652],[19.49542,51.70649],[19.48608,51.70715],[19.48592,51.70722]]}},{"type":"Feature","properties":{"numer":"1217E","klasa":"droga gĹ‚Ăłwna ruchu przyĹ›pieszonego","kat":"powiatowa"},"geometry":{"type":"LineString","coordinates":[[19.48788,51.70937],[19.48592,51.70722]]}},{"type":"Feature","properties":{"numer":"161509E","klasa":"droga lokalna","kat":"powiatowa"},"geometry":{"type":"LineString","coordinates":[[19.448781516034984,51.68717842565598],[19.44835,51.68721]]}},{"type":"Feature","properties":{"numer":"161509E","klasa":"droga lokalna","kat":"powiatowa"},"geometry":{"type":"LineString","coordinates":[[19.44835,51.68721],[19.44788,51.68723]]}},{"type":"Feature","properties":{"numer":"161509E","klasa":"droga lokalna","kat":"powiatowa"},"geometry":{"type":"LineString","coordinates":[[19.44788,51.68723],[19.44368,51.68725]]}},{"type":"Feature","properties":{"numer":"161509E","klasa":"droga lokalna","kat":"powiatowa"},"geometry":{"type":"LineString","coordinates":[[19.44368,51.68725],[19.44251,51.68726]]}},{"type":"Feature","properties":{"numer":"161509E","klasa":"droga lokalna","kat":"powiatowa"},"geometry":{"type":"LineString","coordinates":[[19.44217,51.68726],[19.44124,51.68726]]}},{"type":"Feature","properties":{"numer":"14","klasa":"droga gĹ‚Ăłwna ruchu przyĹ›pieszonego","kat":"krajowa"},"geometry":{"type":"LineString","coordinates":[[19.37101,51.69816],[19.38859,51.69565],[19.39042,51.69545],[19.39245,51.6954],[19.39464,51.6956],[19.39662,51.69603],[19.40227,51.69797],[19.40412,51.69844],[19.40587,51.69864],[19.40899,51.6986],[19.41056,51.69867],[19.41187,51.69889],[19.4128,51.69914]]}},{"type":"Feature","properties":{"numer":"3307E","klasa":"droga zbiorcza","kat":"powiatowa"},"geometry":{"type":"LineString","coordinates":[[19.37094731534835,51.69758507272055],[19.37101,51.69781]]}},{"type":"Feature","properties":{"numer":"3307E","klasa":"droga zbiorcza","kat":"powiatowa"},"geometry":{"type":"LineString","coordinates":[[19.37101,51.69816],[19.37101,51.69781]]}},{"type":"Feature","properties":{"numer":"3307E","klasa":"droga zbiorcza","kat":"powiatowa"},"geometry":{"type":"LineString","coordinates":[[19.37101,51.69854],[19.37101,51.69816]]}},{"type":"Feature","properties":{"numer":"14","klasa":"droga gĹ‚Ăłwna ruchu przyĹ›pieszonego","kat":"krajowa"},"geometry":{"type":"LineString","coordinates":[[19.359335559989464,51.69983920027549],[19.37101,51.69816]]}},{"type":"Feature","properties":{"numer":"3307E","klasa":"droga zbiorcza","kat":"powiatowa"},"geometry":{"type":"LineString","coordinates":[[19.37089,51.70269],[19.37084,51.69922],[19.37101,51.69854]]}},{"type":"Feature","properties":{"numer":"161509E","klasa":"droga lokalna","kat":"powiatowa"},"geometry":{"type":"LineString","coordinates":[[19.44251,51.68726],[19.44217,51.68726]]}},{"type":"Feature","properties":{"numer":"161509E","klasa":"droga lokalna","kat":"powiatowa"},"geometry":{"type":"LineString","coordinates":[[19.44124,51.68726],[19.4392,51.68727]]}},{"type":"Feature","properties":{"numer":"161509E","klasa":"droga lokalna","kat":"powiatowa"},"geometry":{"type":"LineString","coordinates":[[19.4392,51.68727],[19.43851,51.68727]]}},{"type":"Feature","properties":{"numer":"161509E","klasa":"droga lokalna","kat":"powiatowa"},"geometry":{"type":"LineString","coordinates":[[19.45047,51.68761],[19.44979,51.68721],[19.449412771084337,51.687173493975905]]}},{"type":"Feature","properties":{"numer":"161509E","klasa":"droga lokalna","kat":"powiatowa"},"geometry":{"type":"LineString","coordinates":[[19.45062,51.68771],[19.45047,51.68761]]}},{"type":"Feature","properties":{"numer":"161416E","klasa":"droga lokalna","kat":"powiatowa"},"geometry":{"type":"LineString","coordinates":[[19.43808,51.68867],[19.43851,51.68727]]}},{"type":"Feature","properties":{"numer":"161509E","klasa":"droga lokalna","kat":"powiatowa"},"geometry":{"type":"LineString","coordinates":[[19.4524,51.68888],[19.45062,51.68771]]}},{"type":"Feature","properties":{"numer":"161416E","klasa":"droga lokalna","kat":"powiatowa"},"geometry":{"type":"LineString","coordinates":[[19.43758,51.68937],[19.43797,51.689],[19.43808,51.68867]]}},{"type":"Feature","properties":{"numer":"161416E","klasa":"droga lokalna","kat":"powiatowa"},"geometry":{"type":"LineString","coordinates":[[19.43751,51.68943],[19.43758,51.68937]]}},{"type":"Feature","properties":{"numer":"161416E","klasa":"droga lokalna","kat":"powiatowa"},"geometry":{"type":"LineString","coordinates":[[19.4369,51.69025],[19.43703,51.68988],[19.43751,51.68943]]}},{"type":"Feature","properties":{"numer":"482","klasa":"droga gĹ‚Ăłwna","kat":"wojewodzka"},"geometry":{"type":"LineString","coordinates":[[19.4128,51.69914],[19.41281,51.69843],[19.41265,51.69805],[19.40993,51.69578],[19.409537753056853,51.69530643356864]]}},{"type":"Feature","properties":{"numer":"1131E","klasa":"","kat":"powiatowa"},"geometry":{"type":"LineString","coordinates":[[19.41864,51.69274],[19.41871,51.69275]]}},{"type":"Feature","properties":{"numer":"1131E","klasa":"droga zbiorcza","kat":"powiatowa"},"geometry":{"type":"LineString","coordinates":[[19.41871,51.69275],[19.42573,51.69373],[19.42917,51.6945]]}},{"type":"Feature","properties":{"numer":"161387E","klasa":"droga zbiorcza","kat":"powiatowa"},"geometry":{"type":"LineString","coordinates":[[19.42919,51.69608],[19.42917,51.6945]]}},{"type":"Feature","properties":{"numer":"161387E","klasa":"droga zbiorcza","kat":"powiatowa"},"geometry":{"type":"LineString","coordinates":[[19.4292,51.69745],[19.42919,51.69608]]}},{"type":"Feature","properties":{"numer":"1131E","klasa":"droga zbiorcza","kat":"powiatowa"},"geometry":{"type":"LineString","coordinates":[[19.41871,51.69275],[19.41874,51.70157]]}},{"type":"Feature","properties":{"numer":"161303E","klasa":"droga dojazdowa","kat":"powiatowa"},"geometry":{"type":"LineString","coordinates":[[19.43186,51.6976],[19.4313,51.69745],[19.4292,51.69745]]}},{"type":"Feature","properties":{"numer":"161387E","klasa":"droga zbiorcza","kat":"powiatowa"},"geometry":{"type":"LineString","coordinates":[[19.42919,51.69881],[19.4292,51.69745]]}},{"type":"Feature","properties":{"numer":"161387E","klasa":"droga zbiorcza","kat":"powiatowa"},"geometry":{"type":"LineString","coordinates":[[19.42918,51.69981],[19.42919,51.69881]]}},{"type":"Feature","properties":{"numer":"161416E","klasa":"droga lokalna","kat":"powiatowa"},"geometry":{"type":"LineString","coordinates":[[19.43672,51.69114],[19.4369,51.69025]]}},{"type":"Feature","properties":{"numer":"161416E","klasa":"droga lokalna","kat":"powiatowa"},"geometry":{"type":"LineString","coordinates":[[19.4366,51.69184],[19.43672,51.69114]]}},{"type":"Feature","properties":{"numer":"1195E","klasa":"droga zbiorcza","kat":"powiatowa"},"geometry":{"type":"LineString","coordinates":[[19.44106,51.6979],[19.44282,51.69492],[19.44337,51.69434],[19.4524,51.68888]]}},{"type":"Feature","properties":{"numer":"161416E","klasa":"droga lokalna","kat":"powiatowa"},"geometry":{"type":"LineString","coordinates":[[19.43599,51.69531],[19.43604,51.69444],[19.4366,51.69184]]}},{"type":"Feature","properties":{"numer":"1131E","klasa":"droga zbiorcza","kat":"powiatowa"},"geometry":{"type":"LineString","coordinates":[[19.42917,51.6945],[19.43568,51.69608]]}},{"type":"Feature","properties":{"numer":"161416E","klasa":"droga lokalna","kat":"powiatowa"},"geometry":{"type":"LineString","coordinates":[[19.43568,51.69608],[19.43598,51.69563],[19.43599,51.69531]]}},{"type":"Feature","properties":{"numer":"161416E","klasa":"droga lokalna","kat":"powiatowa"},"geometry":{"type":"LineString","coordinates":[[19.43549,51.69714],[19.43548,51.69671],[19.43568,51.69608]]}},{"type":"Feature","properties":{"numer":"161416E","klasa":"droga lokalna","kat":"powiatowa"},"geometry":{"type":"LineString","coordinates":[[19.43575,51.698],[19.43549,51.69714]]}},{"type":"Feature","properties":{"numer":"161438E","klasa":"droga dojazdowa","kat":"powiatowa"},"geometry":{"type":"LineString","coordinates":[[19.43196,51.69763],[19.43186,51.6976]]}},{"type":"Feature","properties":{"numer":"161438E","klasa":"droga dojazdowa","kat":"powiatowa"},"geometry":{"type":"LineString","coordinates":[[19.43214,51.69849],[19.43197,51.69843],[19.43196,51.69763]]}},{"type":"Feature","properties":{"numer":"161387E","klasa":"droga zbiorcza","kat":"powiatowa"},"geometry":{"type":"LineString","coordinates":[[19.42918,51.70048],[19.42918,51.69981]]}},{"type":"Feature","properties":{"numer":"161328E","klasa":"droga zbiorcza","kat":"powiatowa"},"geometry":{"type":"LineString","coordinates":[[19.42918,51.70048],[19.43058,51.70025]]}},{"type":"Feature","properties":{"numer":"14","klasa":"droga gĹ‚Ăłwna ruchu przyĹ›pieszonego","kat":"krajowa"},"geometry":{"type":"LineString","coordinates":[[19.4128,51.69914],[19.41444,51.69987],[19.41688,51.70176]]}},{"type":"Feature","properties":{"numer":"161387E","klasa":"droga zbiorcza","kat":"powiatowa"},"geometry":{"type":"LineString","coordinates":[[19.42919,51.70067],[19.42918,51.70048]]}},{"type":"Feature","properties":{"numer":"161387E","klasa":"droga zbiorcza","kat":"powiatowa"},"geometry":{"type":"LineString","coordinates":[[19.42917,51.70138],[19.42919,51.70067]]}},{"type":"Feature","properties":{"numer":"161387E","klasa":"droga zbiorcza","kat":"powiatowa"},"geometry":{"type":"LineString","coordinates":[[19.42916,51.70163],[19.42917,51.70138]]}},{"type":"Feature","properties":{"numer":"161387E","klasa":"droga zbiorcza","kat":"powiatowa"},"geometry":{"type":"LineString","coordinates":[[19.41874,51.70157],[19.42045,51.7016]]}},{"type":"Feature","properties":{"numer":"161387E","klasa":"droga zbiorcza","kat":"powiatowa"},"geometry":{"type":"LineString","coordinates":[[19.42045,51.7016],[19.42102,51.70162]]}},{"type":"Feature","properties":{"numer":"161387E","klasa":"droga zbiorcza","kat":"powiatowa"},"geometry":{"type":"LineString","coordinates":[[19.42102,51.70162],[19.42164,51.70163]]}},{"type":"Feature","properties":{"numer":"161387E","klasa":"droga zbiorcza","kat":"powiatowa"},"geometry":{"type":"LineString","coordinates":[[19.42164,51.70163],[19.42282,51.70165]]}},{"type":"Feature","properties":{"numer":"161533E","klasa":"droga dojazdowa","kat":"powiatowa"},"geometry":{"type":"LineString","coordinates":[[19.43214,51.69849],[19.4324,51.69858],[19.43575,51.698]]}},{"type":"Feature","properties":{"numer":"161328E","klasa":"droga zbiorcza","kat":"powiatowa"},"geometry":{"type":"LineString","coordinates":[[19.43638,51.69932],[19.43678,51.69935]]}},{"type":"Feature","properties":{"numer":"161328E","klasa":"droga zbiorcza","kat":"powiatowa"},"geometry":{"type":"LineString","coordinates":[[19.43678,51.69935],[19.43687,51.69937]]}},{"type":"Feature","properties":{"numer":"","klasa":"droga zbiorcza","kat":"powiatowa"},"geometry":{"type":"LineString","coordinates":[[19.43687,51.69937],[19.43705,51.69939]]}},{"type":"Feature","properties":{"numer":"161328E","klasa":"droga zbiorcza","kat":"powiatowa"},"geometry":{"type":"LineString","coordinates":[[19.43195,51.70003],[19.43638,51.69932]]}},{"type":"Feature","properties":{"numer":"161328E","klasa":"droga zbiorcza","kat":"powiatowa"},"geometry":{"type":"LineString","coordinates":[[19.43058,51.70025],[19.43195,51.70003]]}},{"type":"Feature","properties":{"numer":"1195E","klasa":"droga zbiorcza","kat":"powiatowa"},"geometry":{"type":"LineString","coordinates":[[19.43738,51.70296],[19.43797,51.70214],[19.43865,51.70056],[19.43889,51.70028],[19.44011,51.69938],[19.44106,51.6979]]}},{"type":"Feature","properties":{"numer":"1211E","klasa":"droga zbiorcza","kat":"powiatowa"},"geometry":{"type":"LineString","coordinates":[[19.43738,51.70296],[19.43826,51.70319],[19.43991,51.7032]]}},{"type":"Feature","properties":{"numer":"1211E","klasa":"droga zbiorcza","kat":"powiatowa"},"geometry":{"type":"LineString","coordinates":[[19.43991,51.7032],[19.44782,51.70312],[19.45011,51.70348],[19.45473,51.70436]]}},{"type":"Feature","properties":{"numer":"1211E","klasa":"droga zbiorcza","kat":"powiatowa"},"geometry":{"type":"LineString","coordinates":[[19.45473,51.70436],[19.45942,51.70533]]}},{"type":"Feature","properties":{"numer":"161387E","klasa":"droga zbiorcza","kat":"powiatowa"},"geometry":{"type":"LineString","coordinates":[[19.41688,51.70176],[19.41751,51.70155],[19.41874,51.70157]]}},{"type":"Feature","properties":{"numer":"161387E","klasa":"droga zbiorcza","kat":"powiatowa"},"geometry":{"type":"LineString","coordinates":[[19.42282,51.70165],[19.4235,51.70166]]}},{"type":"Feature","properties":{"numer":"161387E","klasa":"droga zbiorcza","kat":"powiatowa"},"geometry":{"type":"LineString","coordinates":[[19.4235,51.70166],[19.42465,51.70169]]}},{"type":"Feature","properties":{"numer":"161387E","klasa":"droga zbiorcza","kat":"powiatowa"},"geometry":{"type":"LineString","coordinates":[[19.42793,51.70175],[19.429,51.70176],[19.42916,51.70163]]}},{"type":"Feature","properties":{"numer":"161387E","klasa":"droga zbiorcza","kat":"powiatowa"},"geometry":{"type":"LineString","coordinates":[[19.42465,51.70169],[19.42519,51.7017]]}},{"type":"Feature","properties":{"numer":"161387E","klasa":"droga zbiorcza","kat":"powiatowa"},"geometry":{"type":"LineString","coordinates":[[19.42519,51.7017],[19.42634,51.70172]]}},{"type":"Feature","properties":{"numer":"161387E","klasa":"droga zbiorcza","kat":"powiatowa"},"geometry":{"type":"LineString","coordinates":[[19.42634,51.70172],[19.42793,51.70175]]}},{"type":"Feature","properties":{"numer":"161304E","klasa":"droga zbiorcza","kat":"powiatowa"},"geometry":{"type":"LineString","coordinates":[[19.42283,51.70232],[19.42282,51.70165]]}},{"type":"Feature","properties":{"numer":"1131E","klasa":"droga zbiorcza","kat":"powiatowa"},"geometry":{"type":"LineString","coordinates":[[19.41874,51.70157],[19.41877,51.70277]]}},{"type":"Feature","properties":{"numer":"161304E","klasa":"droga zbiorcza","kat":"powiatowa"},"geometry":{"type":"LineString","coordinates":[[19.42284,51.70431],[19.42283,51.70232]]}},{"type":"Feature","properties":{"numer":"S14","klasa":"droga ekspresowa","kat":"krajowa"},"geometry":{"type":"LineString","coordinates":[[19.34765235857664,51.71301812271898],[19.34771,51.71307]]}},{"type":"Feature","properties":{"numer":"3307E","klasa":"droga zbiorcza","kat":"powiatowa"},"geometry":{"type":"LineString","coordinates":[[19.35583,51.72183],[19.35757,51.72],[19.35885,51.71928],[19.3657,51.71372],[19.36613,51.71261]]}},{"type":"Feature","properties":{"numer":"S14","klasa":"droga ekspresowa","kat":"krajowa"},"geometry":{"type":"LineString","coordinates":[[19.35583,51.72183],[19.35537,51.72092],[19.35458,51.7197],[19.35355,51.71848],[19.34771,51.71307]]}},{"type":"Feature","properties":{"numer":"3307E","klasa":"droga zbiorcza","kat":"powiatowa"},"geometry":{"type":"LineString","coordinates":[[19.35153,51.72616],[19.35139,51.72582],[19.35152,51.72561],[19.35471,51.72296],[19.35583,51.72183]]}},{"type":"Feature","properties":{"numer":"S14","klasa":"droga ekspresowa","kat":"krajowa"},"geometry":{"type":"LineString","coordinates":[[19.3557,51.72915],[19.35634,51.72736],[19.35658,51.72549],[19.3564,51.72361],[19.35583,51.72183]]}},{"type":"Feature","properties":{"numer":"1110E","klasa":"droga zbiorcza","kat":"powiatowa"},"geometry":{"type":"LineString","coordinates":[[19.35153,51.72616],[19.3519,51.72661],[19.3538,51.72837],[19.3557,51.72915]]}},{"type":"Feature","properties":{"numer":"3307E","klasa":"droga zbiorcza","kat":"powiatowa"},"geometry":{"type":"LineString","coordinates":[[19.342160078124994,51.733655937500004],[19.34292,51.73319],[19.34691,51.72953],[19.3509,51.72615],[19.35112,51.72604],[19.35153,51.72616]]}},{"type":"Feature","properties":{"numer":"S14","klasa":"droga ekspresowa","kat":"krajowa"},"geometry":{"type":"LineString","coordinates":[[19.348510637674142,51.74056339727494],[19.35492,51.73056],[19.3557,51.72915]]}},{"type":"Feature","properties":{"numer":"710","klasa":"droga gĹ‚Ăłwna","kat":"wojewodzka"},"geometry":{"type":"LineString","coordinates":[[19.37657,51.75249],[19.371203249249085,51.75143096118515]]}},{"type":"Feature","properties":{"numer":"1118E","klasa":"droga zbiorcza","kat":"powiatowa"},"geometry":{"type":"LineString","coordinates":[[19.4063,51.74806],[19.40511,51.74806],[19.40454,51.74797],[19.38597,51.74269],[19.383,51.74192]]}},{"type":"Feature","properties":{"numer":"1176E","klasa":"droga zbiorcza","kat":"powiatowa"},"geometry":{"type":"LineString","coordinates":[[19.38211,51.74372],[19.3812,51.74599],[19.38122,51.74627],[19.38147,51.74653],[19.38596,51.7484],[19.39225,51.75016],[19.39374,51.75064]]}},{"type":"Feature","properties":{"numer":"710","klasa":"droga gĹ‚Ăłwna","kat":"wojewodzka"},"geometry":{"type":"LineString","coordinates":[[19.37657,51.75249],[19.37699,51.75258]]}},{"type":"Feature","properties":{"numer":"1162E","klasa":"droga zbiorcza","kat":"powiatowa"},"geometry":{"type":"LineString","coordinates":[[19.39374,51.75064],[19.39362,51.75077],[19.38624,51.75464]]}},{"type":"Feature","properties":{"numer":"710","klasa":"droga gĹ‚Ăłwna","kat":"wojewodzka"},"geometry":{"type":"LineString","coordinates":[[19.38624,51.75464],[19.38512,51.75446],[19.38308,51.75379],[19.37699,51.75258]]}},{"type":"Feature","properties":{"numer":"710","klasa":"droga gĹ‚Ăłwna","kat":"wojewodzka"},"geometry":{"type":"LineString","coordinates":[[19.3983,51.75912],[19.38716,51.75519],[19.38624,51.75464]]}},{"type":"Feature","properties":{"numer":"710","klasa":"droga gĹ‚Ăłwna","kat":"wojewodzka"},"geometry":{"type":"LineString","coordinates":[[19.3983,51.75912],[19.39855,51.7592]]}},{"type":"Feature","properties":{"numer":"1109E","klasa":"droga zbiorcza","kat":"powiatowa"},"geometry":{"type":"LineString","coordinates":[[19.39879,51.77432],[19.40033,51.77476]]}},{"type":"Feature","properties":{"numer":"1134E","klasa":"droga zbiorcza","kat":"powiatowa"},"geometry":{"type":"LineString","coordinates":[[19.39902,51.77911],[19.39935,51.77865],[19.39951,51.77805],[19.39865,51.77496],[19.39879,51.77432]]}},{"type":"Feature","properties":{"numer":"1112E","klasa":"droga zbiorcza","kat":"powiatowa"},"geometry":{"type":"LineString","coordinates":[[19.340688341920625,51.77497665415185],[19.35527,51.77601],[19.36729,51.77584],[19.38821,51.7784],[19.39157,51.77924],[19.39691,51.78015]]}},{"type":"Feature","properties":{"numer":"S14","klasa":"droga ekspresowa","kat":"krajowa"},"geometry":{"type":"LineString","coordinates":[[19.33913,51.77107],[19.33986903688796,51.76676560947687]]}},{"type":"Feature","properties":{"numer":"S14","klasa":"droga ekspresowa","kat":"krajowa"},"geometry":{"type":"LineString","coordinates":[[19.33912000586908,51.7711253773156],[19.33913,51.77107]]}},{"type":"Feature","properties":{"numer":"1130E","klasa":"droga zbiorcza","kat":"powiatowa"},"geometry":{"type":"LineString","coordinates":[[19.60623,51.70601],[19.60899,51.70528],[19.61272,51.70379],[19.61274599754624,51.703782000755]]}},{"type":"Feature","properties":{"numer":"1130E","klasa":"droga zbiorcza","kat":"powiatowa"},"geometry":{"type":"LineString","coordinates":[[19.60561,51.70617],[19.60623,51.70601]]}},{"type":"Feature","properties":{"numer":"1130E","klasa":"droga zbiorcza","kat":"powiatowa"},"geometry":{"type":"LineString","coordinates":[[19.60505,51.70631],[19.60561,51.70617]]}},{"type":"Feature","properties":{"numer":"A1,E75","klasa":"autostrada","kat":"krajowa"},"geometry":{"type":"LineString","coordinates":[[19.60561,51.70617],[19.60648,51.70811]]}},{"type":"Feature","properties":{"numer":"1130E","klasa":"droga zbiorcza","kat":"powiatowa"},"geometry":{"type":"LineString","coordinates":[[19.59164,51.71043],[19.59915,51.70927],[19.60171,51.70824],[19.60355,51.70686],[19.60413,51.70658],[19.60505,51.70631]]}},{"type":"Feature","properties":{"numer":"A1,E75","klasa":"autostrada","kat":"krajowa"},"geometry":{"type":"LineString","coordinates":[[19.60678,51.7089],[19.60648,51.70811]]}},{"type":"Feature","properties":{"numer":"1130E","klasa":"droga zbiorcza","kat":"powiatowa"},"geometry":{"type":"LineString","coordinates":[[19.4854,51.70936],[19.48788,51.70937]]}},{"type":"Feature","properties":{"numer":"1130E","klasa":"droga zbiorcza","kat":"powiatowa"},"geometry":{"type":"LineString","coordinates":[[19.49145,51.70973],[19.49405,51.71013],[19.49788,51.71092],[19.49905,51.71092],[19.50373,51.7107],[19.50532,51.7103],[19.50786,51.70922],[19.50944,51.70888],[19.5128,51.70799]]}},{"type":"Feature","properties":{"numer":"1130E","klasa":"droga zbiorcza","kat":"powiatowa"},"geometry":{"type":"LineString","coordinates":[[19.48788,51.70937],[19.49004,51.70947],[19.49145,51.70973]]}},{"type":"Feature","properties":{"numer":"1130E","klasa":"droga zbiorcza","kat":"powiatowa"},"geometry":{"type":"LineString","coordinates":[[19.46761,51.71168],[19.47008,51.71158],[19.4725,51.71129],[19.47645,51.71037],[19.4797,51.70971],[19.48335,51.70941],[19.4854,51.70936]]}},{"type":"Feature","properties":{"numer":"1217E","klasa":"droga gĹ‚Ăłwna ruchu przyĹ›pieszonego","kat":"powiatowa"},"geometry":{"type":"LineString","coordinates":[[19.48681,51.71359],[19.48802,51.71112],[19.48814,51.71018],[19.48788,51.70937]]}},{"type":"Feature","properties":{"numer":"1130E","klasa":"droga zbiorcza","kat":"powiatowa"},"geometry":{"type":"LineString","coordinates":[[19.46604,51.71171],[19.46761,51.71168]]}},{"type":"Feature","properties":{"numer":"1130E","klasa":"droga zbiorcza","kat":"powiatowa"},"geometry":{"type":"LineString","coordinates":[[19.46239,51.71179],[19.46604,51.71171]]}},{"type":"Feature","properties":{"numer":"1155E","klasa":"droga zbiorcza","kat":"powiatowa"},"geometry":{"type":"LineString","coordinates":[[19.46604,51.71171],[19.46607,51.71219]]}},{"type":"Feature","properties":{"numer":"1155E","klasa":"droga zbiorcza","kat":"powiatowa"},"geometry":{"type":"LineString","coordinates":[[19.46607,51.71219],[19.46606,51.71225]]}},{"type":"Feature","properties":{"numer":"1155E","klasa":"droga zbiorcza","kat":"powiatowa"},"geometry":{"type":"LineString","coordinates":[[19.46812,51.71853],[19.46633,51.71464],[19.46606,51.71225]]}},{"type":"Feature","properties":{"numer":"1130E","klasa":"droga zbiorcza","kat":"powiatowa"},"geometry":{"type":"LineString","coordinates":[[19.59164,51.71043],[19.59157,51.71044]]}},{"type":"Feature","properties":{"numer":"A1,E75","klasa":"autostrada","kat":"krajowa"},"geometry":{"type":"LineString","coordinates":[[19.60718,51.72384],[19.60784,51.72136],[19.60805,51.72012],[19.60828,51.71696],[19.60798,51.71337],[19.60751,51.71116],[19.60678,51.7089]]}},{"type":"Feature","properties":{"numer":"1234E","klasa":"droga zbiorcza","kat":"powiatowa"},"geometry":{"type":"LineString","coordinates":[[19.6244,51.71752],[19.62442881437392,51.71751648605196]]}},{"type":"Feature","properties":{"numer":"1234E","klasa":"","kat":"powiatowa"},"geometry":{"type":"LineString","coordinates":[[19.6074,51.72623],[19.6076,51.72423],[19.60767,51.724],[19.60797,51.7237],[19.62402,51.71758],[19.6244,51.71752]]}},{"type":"Feature","properties":{"numer":"A1,E75","klasa":"autostrada","kat":"krajowa"},"geometry":{"type":"LineString","coordinates":[[19.6064,51.72607],[19.60718,51.72384]]}},{"type":"Feature","properties":{"numer":"161712E","klasa":"droga dojazdowa","kat":"powiatowa"},"geometry":{"type":"LineString","coordinates":[[19.59715,51.72542],[19.59694,51.72537]]}},{"type":"Feature","properties":{"numer":"161712E","klasa":"droga dojazdowa","kat":"powiatowa"},"geometry":{"type":"LineString","coordinates":[[19.59694,51.72537],[19.59487,51.72618]]}},{"type":"Feature","properties":{"numer":"1234E","klasa":"","kat":"powiatowa"},"geometry":{"type":"LineString","coordinates":[[19.59921,51.72709],[19.60005,51.72669],[19.60446,51.72501],[19.60557,51.72584],[19.6064,51.72607]]}},{"type":"Feature","properties":{"numer":"1234E","klasa":"","kat":"powiatowa"},"geometry":{"type":"LineString","coordinates":[[19.6074,51.72623],[19.6064,51.72607]]}},{"type":"Feature","properties":{"numer":"1217E","klasa":"droga gĹ‚Ăłwna ruchu przyĹ›pieszonego","kat":"powiatowa"},"geometry":{"type":"LineString","coordinates":[[19.48508,51.7179],[19.48567,51.71585],[19.48681,51.71359]]}},{"type":"Feature","properties":{"numer":"1154E","klasa":"droga zbiorcza","kat":"powiatowa"},"geometry":{"type":"LineString","coordinates":[[19.46812,51.71853],[19.47638,51.71518],[19.48342,51.71318],[19.48379,51.71317],[19.48681,51.71359]]}},{"type":"Feature","properties":{"numer":"1175E","klasa":"droga zbiorcza","kat":"powiatowa"},"geometry":{"type":"LineString","coordinates":[[19.48508,51.7179],[19.48666,51.71802],[19.49735,51.71951],[19.49867,51.71978],[19.50352,51.72042],[19.50434,51.72018],[19.50627,51.7194],[19.50664,51.71933],[19.50779,51.71923],[19.50955,51.71967],[19.50972,51.71966]]}},{"type":"Feature","properties":{"numer":"1154E","klasa":"droga zbiorcza","kat":"powiatowa"},"geometry":{"type":"LineString","coordinates":[[19.46613,51.72098],[19.46812,51.71853]]}},{"type":"Feature","properties":{"numer":"1143E","klasa":"droga zbiorcza","kat":"powiatowa"},"geometry":{"type":"LineString","coordinates":[[19.4649,51.72051],[19.46613,51.72098]]}},{"type":"Feature","properties":{"numer":"1217E","klasa":"droga gĹ‚Ăłwna ruchu przyĹ›pieszonego","kat":"powiatowa"},"geometry":{"type":"LineString","coordinates":[[19.48033,51.7254],[19.48111,51.72447],[19.48299,51.72258],[19.48333,51.72206],[19.48441,51.72026],[19.48508,51.7179]]}},{"type":"Feature","properties":{"numer":"1143E","klasa":"droga zbiorcza","kat":"powiatowa"},"geometry":{"type":"LineString","coordinates":[[19.46613,51.72098],[19.47362,51.72382]]}},{"type":"Feature","properties":{"numer":"1144E","klasa":"droga zbiorcza","kat":"powiatowa"},"geometry":{"type":"LineString","coordinates":[[19.4608,51.72494],[19.46071,51.72487],[19.4649,51.72051]]}},{"type":"Feature","properties":{"numer":"1143E","klasa":"droga zbiorcza","kat":"powiatowa"},"geometry":{"type":"LineString","coordinates":[[19.47362,51.72382],[19.47399,51.72396],[19.47418,51.72423]]}},{"type":"Feature","properties":{"numer":"1144E","klasa":"droga zbiorcza","kat":"powiatowa"},"geometry":{"type":"LineString","coordinates":[[19.46169,51.72546],[19.46307,51.72591],[19.46375,51.7263],[19.46401,51.72654]]}},{"type":"Feature","properties":{"numer":"1130E","klasa":"droga zbiorcza","kat":"powiatowa"},"geometry":{"type":"LineString","coordinates":[[19.5128,51.70799],[19.51456,51.70776],[19.51517,51.70775],[19.54408,51.71145]]}},{"type":"Feature","properties":{"numer":"1130E","klasa":"droga zbiorcza","kat":"powiatowa"},"geometry":{"type":"LineString","coordinates":[[19.54408,51.71145],[19.54968,51.71217]]}},{"type":"Feature","properties":{"numer":"1130E","klasa":"droga zbiorcza","kat":"powiatowa"},"geometry":{"type":"LineString","coordinates":[[19.54968,51.71217],[19.55277,51.71259],[19.55671,51.71531],[19.55733,51.71564],[19.5656,51.71655],[19.59157,51.71044]]}},{"type":"Feature","properties":{"numer":"1129E","klasa":"droga zbiorcza","kat":"powiatowa"},"geometry":{"type":"LineString","coordinates":[[19.54408,51.71145],[19.53923,51.72171],[19.53905,51.72203],[19.53866,51.72236],[19.53867,51.72291],[19.53763,51.72529]]}},{"type":"Feature","properties":{"numer":"1116E","klasa":"droga zbiorcza","kat":"powiatowa"},"geometry":{"type":"LineString","coordinates":[[19.52028,51.72355],[19.52035,51.72333],[19.52056,51.72333],[19.52062,51.72341]]}},{"type":"Feature","properties":{"numer":"1116E","klasa":"droga zbiorcza","kat":"powiatowa"},"geometry":{"type":"LineString","coordinates":[[19.52028,51.72355],[19.52062,51.72341]]}},{"type":"Feature","properties":{"numer":"1116E","klasa":"droga zbiorcza","kat":"powiatowa"},"geometry":{"type":"LineString","coordinates":[[19.50973,51.72751],[19.51704,51.72647],[19.51791,51.72621],[19.51924,51.72564],[19.52052,51.72527],[19.5201,51.72392],[19.52028,51.72355]]}},{"type":"Feature","properties":{"numer":"1129E","klasa":"droga zbiorcza","kat":"powiatowa"},"geometry":{"type":"LineString","coordinates":[[19.53763,51.72529],[19.53708,51.72558],[19.53491,51.72759]]}},{"type":"Feature","properties":{"numer":"1138E","klasa":"droga gĹ‚Ăłwna ruchu przyĹ›pieszonego","kat":"powiatowa"},"geometry":{"type":"LineString","coordinates":[[19.53763,51.72529],[19.56156,51.73233]]}},{"type":"Feature","properties":{"numer":"1129E","klasa":"droga zbiorcza","kat":"powiatowa"},"geometry":{"type":"LineString","coordinates":[[19.53491,51.72759],[19.52769,51.7342],[19.52751,51.73448],[19.5275,51.73478]]}},{"type":"Feature","properties":{"numer":"1217E","klasa":"droga gĹ‚Ăłwna ruchu przyĹ›pieszonego","kat":"powiatowa"},"geometry":{"type":"LineString","coordinates":[[19.4786,51.72717],[19.48033,51.7254]]}},{"type":"Feature","properties":{"numer":"1125E","klasa":"droga zbiorcza","kat":"powiatowa"},"geometry":{"type":"LineString","coordinates":[[19.46997,51.72873],[19.47427,51.72436],[19.47418,51.72423]]}},{"type":"Feature","properties":{"numer":"1116E","klasa":"droga zbiorcza","kat":"powiatowa"},"geometry":{"type":"LineString","coordinates":[[19.4786,51.72717],[19.47907,51.72716]]}},{"type":"Feature","properties":{"numer":"1116E","klasa":"droga zbiorcza","kat":"powiatowa"},"geometry":{"type":"LineString","coordinates":[[19.47815,51.7272],[19.4786,51.72717]]}},{"type":"Feature","properties":{"numer":"1116E","klasa":"droga zbiorcza","kat":"powiatowa"},"geometry":{"type":"LineString","coordinates":[[19.48073,51.72735],[19.47907,51.72716]]}},{"type":"Feature","properties":{"numer":"14","klasa":"droga gĹ‚Ăłwna ruchu przyĹ›pieszonego","kat":"krajowa"},"geometry":{"type":"LineString","coordinates":[[19.46401,51.72654],[19.46997,51.72873]]}},{"type":"Feature","properties":{"numer":"1116E","klasa":"droga zbiorcza","kat":"powiatowa"},"geometry":{"type":"LineString","coordinates":[[19.50119,51.72794],[19.50397,51.72797],[19.50772,51.72772],[19.50973,51.72751]]}},{"type":"Feature","properties":{"numer":"1116E","klasa":"droga zbiorcza","kat":"powiatowa"},"geometry":{"type":"LineString","coordinates":[[19.48073,51.72735],[19.48694,51.72814],[19.49022,51.72812]]}},{"type":"Feature","properties":{"numer":"1116E","klasa":"droga zbiorcza","kat":"powiatowa"},"geometry":{"type":"LineString","coordinates":[[19.49022,51.72812],[19.49768,51.72793],[19.50119,51.72794]]}},{"type":"Feature","properties":{"numer":"1217E","klasa":"droga gĹ‚Ăłwna ruchu przyĹ›pieszonego","kat":"powiatowa"},"geometry":{"type":"LineString","coordinates":[[19.4768,51.72899],[19.4786,51.72717]]}},{"type":"Feature","properties":{"numer":"161703E","klasa":"droga lokalna","kat":"powiatowa"},"geometry":{"type":"LineString","coordinates":[[19.59921,51.72709],[19.59763,51.72556],[19.59715,51.72542]]}},{"type":"Feature","properties":{"numer":"161712E","klasa":"droga dojazdowa","kat":"powiatowa"},"geometry":{"type":"LineString","coordinates":[[19.59487,51.72618],[19.5943,51.72642]]}},{"type":"Feature","properties":{"numer":"161712E","klasa":"droga dojazdowa","kat":"powiatowa"},"geometry":{"type":"LineString","coordinates":[[19.5943,51.72642],[19.59402,51.72653]]}},{"type":"Feature","properties":{"numer":"161712E","klasa":"droga dojazdowa","kat":"powiatowa"},"geometry":{"type":"LineString","coordinates":[[19.59402,51.72653],[19.5931,51.7269]]}},{"type":"Feature","properties":{"numer":"161712E","klasa":"droga dojazdowa","kat":"powiatowa"},"geometry":{"type":"LineString","coordinates":[[19.5931,51.7269],[19.59281,51.72702]]}},{"type":"Feature","properties":{"numer":"161712E","klasa":"droga dojazdowa","kat":"powiatowa"},"geometry":{"type":"LineString","coordinates":[[19.59281,51.72702],[19.59201,51.72735]]}},{"type":"Feature","properties":{"numer":"161712E","klasa":"droga dojazdowa","kat":"powiatowa"},"geometry":{"type":"LineString","coordinates":[[19.59201,51.72735],[19.59172,51.72746]]}},{"type":"Feature","properties":{"numer":"161712E","klasa":"droga dojazdowa","kat":"powiatowa"},"geometry":{"type":"LineString","coordinates":[[19.59172,51.72746],[19.59132,51.72762]]}},{"type":"Feature","properties":{"numer":"161712E","klasa":"droga dojazdowa","kat":"powiatowa"},"geometry":{"type":"LineString","coordinates":[[19.59132,51.72762],[19.59051,51.72793]]}},{"type":"Feature","properties":{"numer":"161712E","klasa":"droga dojazdowa","kat":"powiatowa"},"geometry":{"type":"LineString","coordinates":[[19.59051,51.72793],[19.58994,51.72815]]}},{"type":"Feature","properties":{"numer":"1116E","klasa":"droga zbiorcza","kat":"powiatowa"},"geometry":{"type":"LineString","coordinates":[[19.47815,51.7272],[19.4773,51.72725],[19.47675,51.72737],[19.4759,51.72759],[19.47551,51.72786],[19.47541,51.72814],[19.47563,51.7285],[19.4768,51.72899]]}},{"type":"Feature","properties":{"numer":"","klasa":"droga zbiorcza","kat":"powiatowa"},"geometry":{"type":"LineString","coordinates":[[19.50973,51.72751],[19.50959,51.7285],[19.50982,51.72884],[19.51124,51.72928],[19.51196,51.7293]]}},{"type":"Feature","properties":{"numer":"1191E","klasa":"droga gĹ‚Ăłwna","kat":"powiatowa"},"geometry":{"type":"LineString","coordinates":[[19.48945,51.73054],[19.49022,51.72812]]}},{"type":"Feature","properties":{"numer":"14","klasa":"droga gĹ‚Ăłwna ruchu przyĹ›pieszonego","kat":"krajowa"},"geometry":{"type":"LineString","coordinates":[[19.46997,51.72873],[19.47494,51.73054]]}},{"type":"Feature","properties":{"numer":"1142E","klasa":"droga zbiorcza","kat":"powiatowa"},"geometry":{"type":"LineString","coordinates":[[19.4787,51.73206],[19.47952,51.7303],[19.48029,51.72796],[19.48073,51.72735]]}},{"type":"Feature","properties":{"numer":"1217E","klasa":"droga gĹ‚Ăłwna ruchu przyĹ›pieszonego","kat":"powiatowa"},"geometry":{"type":"LineString","coordinates":[[19.4768,51.72899],[19.47543,51.73003],[19.47499,51.73048]]}},{"type":"Feature","properties":{"numer":"1217E","klasa":"droga zbiorcza","kat":"powiatowa"},"geometry":{"type":"LineString","coordinates":[[19.47499,51.73048],[19.47494,51.73054]]}},{"type":"Feature","properties":{"numer":"14","klasa":"droga gĹ‚Ăłwna ruchu przyĹ›pieszonego","kat":"krajowa"},"geometry":{"type":"LineString","coordinates":[[19.47494,51.73054],[19.4787,51.73206]]}},{"type":"Feature","properties":{"numer":"1125E","klasa":"droga zbiorcza","kat":"powiatowa"},"geometry":{"type":"LineString","coordinates":[[19.4655,51.73449],[19.46533,51.7341],[19.46551,51.73359],[19.46873,51.72985],[19.46997,51.72873]]}},{"type":"Feature","properties":{"numer":"1191E","klasa":"droga gĹ‚Ăłwna","kat":"powiatowa"},"geometry":{"type":"LineString","coordinates":[[19.48881,51.73278],[19.48945,51.73054]]}},{"type":"Feature","properties":{"numer":"1234E","klasa":"","kat":"powiatowa"},"geometry":{"type":"LineString","coordinates":[[19.59451,51.7294],[19.59929,51.72746],[19.59934,51.72733],[19.59921,51.72709]]}},{"type":"Feature","properties":{"numer":"161712E","klasa":"droga dojazdowa","kat":"powiatowa"},"geometry":{"type":"LineString","coordinates":[[19.58994,51.72815],[19.58881,51.72856],[19.58863,51.7287]]}},{"type":"Feature","properties":{"numer":"161366E","klasa":"droga lokalna","kat":"powiatowa"},"geometry":{"type":"LineString","coordinates":[[19.58863,51.7287],[19.58907,51.72881],[19.59357,51.72936]]}},{"type":"Feature","properties":{"numer":"161366E","klasa":"droga lokalna","kat":"powiatowa"},"geometry":{"type":"LineString","coordinates":[[19.59357,51.72936],[19.59451,51.7294]]}},{"type":"Feature","properties":{"numer":"1235E","klasa":"","kat":"powiatowa"},"geometry":{"type":"LineString","coordinates":[[19.6074,51.72623],[19.60873,51.72724],[19.61103,51.72949],[19.61198,51.73055],[19.61377,51.73148],[19.61506,51.73204],[19.61559,51.73264],[19.61668,51.73343],[19.61731,51.73353],[19.62176,51.7335],[19.62315,51.73321],[19.62367,51.73318],[19.62445,51.73318],[19.62474,51.73331]]}},{"type":"Feature","properties":{"numer":"A1,E75","klasa":"autostrada","kat":"krajowa"},"geometry":{"type":"LineString","coordinates":[[19.60166,51.73697],[19.6064,51.72607]]}},{"type":"Feature","properties":{"numer":"713","klasa":"droga gĹ‚Ăłwna","kat":"wojewodzka"},"geometry":{"type":"LineString","coordinates":[[19.62474,51.73331],[19.61201,51.74052]]}},{"type":"Feature","properties":{"numer":"1151E","klasa":"droga zbiorcza","kat":"powiatowa"},"geometry":{"type":"LineString","coordinates":[[19.58455,51.73778],[19.58903,51.73703],[19.59221,51.73692],[19.60166,51.73697]]}},{"type":"Feature","properties":{"numer":"1151E","klasa":"droga zbiorcza","kat":"powiatowa"},"geometry":{"type":"LineString","coordinates":[[19.60166,51.73697],[19.60514,51.73699],[19.60672,51.73709],[19.60713,51.73729],[19.61201,51.74052]]}},{"type":"Feature","properties":{"numer":"1151E","klasa":"droga zbiorcza","kat":"powiatowa"},"geometry":{"type":"LineString","coordinates":[[19.56895,51.74047],[19.58455,51.73778]]}},{"type":"Feature","properties":{"numer":"161375E","klasa":"droga dojazdowa","kat":"powiatowa"},"geometry":{"type":"LineString","coordinates":[[19.4524,51.70603],[19.4541,51.70491],[19.45473,51.70436]]}},{"type":"Feature","properties":{"numer":"1230E","klasa":"droga zbiorcza","kat":"powiatowa"},"geometry":{"type":"LineString","coordinates":[[19.43991,51.7032],[19.43995,51.70386],[19.43805,51.70992]]}},{"type":"Feature","properties":{"numer":"1195E","klasa":"droga zbiorcza","kat":"powiatowa"},"geometry":{"type":"LineString","coordinates":[[19.4291,51.71054],[19.43382,51.70566],[19.43698,51.70333],[19.43738,51.70296]]}},{"type":"Feature","properties":{"numer":"161375E","klasa":"droga dojazdowa","kat":"powiatowa"},"geometry":{"type":"LineString","coordinates":[[19.4512,51.70806],[19.45161,51.70671],[19.4524,51.70603]]}},{"type":"Feature","properties":{"numer":"1153E","klasa":"droga zbiorcza","kat":"powiatowa"},"geometry":{"type":"LineString","coordinates":[[19.45701,51.70895],[19.45942,51.70533]]}},{"type":"Feature","properties":{"numer":"161300E","klasa":"droga lokalna","kat":"powiatowa"},"geometry":{"type":"LineString","coordinates":[[19.4512,51.70806],[19.45194,51.70831],[19.45229,51.70836]]}},{"type":"Feature","properties":{"numer":"161300E","klasa":"droga lokalna","kat":"powiatowa"},"geometry":{"type":"LineString","coordinates":[[19.45229,51.70836],[19.4534,51.7085]]}},{"type":"Feature","properties":{"numer":"161300E","klasa":"droga lokalna","kat":"powiatowa"},"geometry":{"type":"LineString","coordinates":[[19.4534,51.7085],[19.45476,51.70867]]}},{"type":"Feature","properties":{"numer":"161300E","klasa":"droga lokalna","kat":"powiatowa"},"geometry":{"type":"LineString","coordinates":[[19.45476,51.70867],[19.45518,51.70872]]}},{"type":"Feature","properties":{"numer":"161300E","klasa":"droga lokalna","kat":"powiatowa"},"geometry":{"type":"LineString","coordinates":[[19.45518,51.70872],[19.45602,51.70882]]}},{"type":"Feature","properties":{"numer":"14","klasa":"droga gĹ‚Ăłwna ruchu przyĹ›pieszonego","kat":"krajowa"},"geometry":{"type":"LineString","coordinates":[[19.41688,51.70176],[19.42257,51.70627]]}},{"type":"Feature","properties":{"numer":"161304E","klasa":"droga zbiorcza","kat":"powiatowa"},"geometry":{"type":"LineString","coordinates":[[19.42286,51.70602],[19.42284,51.70431]]}},{"type":"Feature","properties":{"numer":"161304E","klasa":"droga zbiorcza","kat":"powiatowa"},"geometry":{"type":"LineString","coordinates":[[19.4228,51.70612],[19.42286,51.70602]]}},{"type":"Feature","properties":{"numer":"161304E","klasa":"droga zbiorcza","kat":"powiatowa"},"geometry":{"type":"LineString","coordinates":[[19.42257,51.70627],[19.4228,51.70612]]}},{"type":"Feature","properties":{"numer":"14","klasa":"droga gĹ‚Ăłwna ruchu przyĹ›pieszonego","kat":"krajowa"},"geometry":{"type":"LineString","coordinates":[[19.42257,51.70627],[19.42388,51.7071],[19.42495,51.70802],[19.4264,51.70951],[19.42838,51.71115]]}},{"type":"Feature","properties":{"numer":"1195E","klasa":"droga zbiorcza","kat":"powiatowa"},"geometry":{"type":"LineString","coordinates":[[19.42838,51.71115],[19.42864,51.71102],[19.4291,51.71054]]}},{"type":"Feature","properties":{"numer":"14","klasa":"droga gĹ‚Ăłwna ruchu przyĹ›pieszonego","kat":"krajowa"},"geometry":{"type":"LineString","coordinates":[[19.42838,51.71115],[19.43123,51.7135]]}},{"type":"Feature","properties":{"numer":"1195E","klasa":"","kat":"powiatowa"},"geometry":{"type":"LineString","coordinates":[[19.42838,51.71115],[19.42382,51.71309],[19.41989,51.71466]]}},{"type":"Feature","properties":{"numer":"1195E","klasa":"","kat":"powiatowa"},"geometry":{"type":"LineString","coordinates":[[19.41894,51.71501],[19.41989,51.71466]]}},{"type":"Feature","properties":{"numer":"161340E","klasa":"droga dojazdowa","kat":"powiatowa"},"geometry":{"type":"LineString","coordinates":[[19.42099,51.7159],[19.41989,51.71466]]}},{"type":"Feature","properties":{"numer":"161300E","klasa":"droga lokalna","kat":"powiatowa"},"geometry":{"type":"LineString","coordinates":[[19.45602,51.70882],[19.45701,51.70895]]}},{"type":"Feature","properties":{"numer":"1130E","klasa":"droga zbiorcza","kat":"powiatowa"},"geometry":{"type":"LineString","coordinates":[[19.43513,51.70956],[19.43805,51.70992]]}},{"type":"Feature","properties":{"numer":"161538E","klasa":"droga dojazdowa","kat":"powiatowa"},"geometry":{"type":"LineString","coordinates":[[19.43513,51.70956],[19.43491,51.71022],[19.43471,51.71042]]}},{"type":"Feature","properties":{"numer":"161331E","klasa":"droga dojazdowa","kat":"powiatowa"},"geometry":{"type":"LineString","coordinates":[[19.43471,51.71042],[19.43482,51.7105],[19.43596,51.71062]]}},{"type":"Feature","properties":{"numer":"1130E","klasa":"droga zbiorcza","kat":"powiatowa"},"geometry":{"type":"LineString","coordinates":[[19.43805,51.70992],[19.45475,51.71201],[19.45955,51.7119]]}},{"type":"Feature","properties":{"numer":"1130E","klasa":"droga zbiorcza","kat":"powiatowa"},"geometry":{"type":"LineString","coordinates":[[19.45955,51.7119],[19.46239,51.71179]]}},{"type":"Feature","properties":{"numer":"1230E","klasa":"droga zbiorcza","kat":"powiatowa"},"geometry":{"type":"LineString","coordinates":[[19.43805,51.70992],[19.4359,51.71665],[19.43575,51.71702],[19.4356,51.71708]]}},{"type":"Feature","properties":{"numer":"14","klasa":"droga gĹ‚Ăłwna ruchu przyĹ›pieszonego","kat":"krajowa"},"geometry":{"type":"LineString","coordinates":[[19.43123,51.7135],[19.43319,51.71511]]}},{"type":"Feature","properties":{"numer":"488","klasa":"droga gĹ‚Ăłwna","kat":"wojewodzka"},"geometry":{"type":"LineString","coordinates":[[19.46239,51.71179],[19.46129,51.71343],[19.45763,51.71692],[19.45706,51.71756]]}},{"type":"Feature","properties":{"numer":"14","klasa":"droga gĹ‚Ăłwna ruchu przyĹ›pieszonego","kat":"krajowa"},"geometry":{"type":"LineString","coordinates":[[19.43319,51.71511],[19.4356,51.71708]]}},{"type":"Feature","properties":{"numer":"161314E","klasa":"droga dojazdowa","kat":"powiatowa"},"geometry":{"type":"LineString","coordinates":[[19.41963,51.71583],[19.41894,51.71501]]}},{"type":"Feature","properties":{"numer":"161340E","klasa":"droga dojazdowa","kat":"powiatowa"},"geometry":{"type":"LineString","coordinates":[[19.42153,51.71649],[19.42099,51.7159]]}},{"type":"Feature","properties":{"numer":"161314E","klasa":"droga dojazdowa","kat":"powiatowa"},"geometry":{"type":"LineString","coordinates":[[19.42058,51.71679],[19.42032,51.71666],[19.41963,51.71583]]}},{"type":"Feature","properties":{"numer":"161314E","klasa":"droga dojazdowa","kat":"powiatowa"},"geometry":{"type":"LineString","coordinates":[[19.42058,51.71679],[19.42153,51.71649]]}},{"type":"Feature","properties":{"numer":"1136E","klasa":"droga zbiorcza","kat":"powiatowa"},"geometry":{"type":"LineString","coordinates":[[19.43319,51.71511],[19.42074,51.71941]]}},{"type":"Feature","properties":{"numer":"1136E","klasa":"droga zbiorcza","kat":"powiatowa"},"geometry":{"type":"LineString","coordinates":[[19.4177,51.72044],[19.41722,51.72052],[19.41682,51.72044],[19.40837,51.71741]]}},{"type":"Feature","properties":{"numer":"1136E","klasa":"droga zbiorcza","kat":"powiatowa"},"geometry":{"type":"LineString","coordinates":[[19.42074,51.71941],[19.42059,51.71946]]}},{"type":"Feature","properties":{"numer":"1136E","klasa":"droga zbiorcza","kat":"powiatowa"},"geometry":{"type":"LineString","coordinates":[[19.42059,51.71946],[19.41781,51.7204]]}},{"type":"Feature","properties":{"numer":"1136E","klasa":"droga zbiorcza","kat":"powiatowa"},"geometry":{"type":"LineString","coordinates":[[19.41781,51.7204],[19.4177,51.72044]]}},{"type":"Feature","properties":{"numer":"1210E","klasa":"droga zbiorcza","kat":"powiatowa"},"geometry":{"type":"LineString","coordinates":[[19.43001,51.72297],[19.42653,51.72308],[19.42335,51.72293],[19.41985,51.7233]]}},{"type":"Feature","properties":{"numer":"1143E","klasa":"droga zbiorcza","kat":"powiatowa"},"geometry":{"type":"LineString","coordinates":[[19.45331,51.71576],[19.45384,51.71631],[19.45602,51.71714]]}},{"type":"Feature","properties":{"numer":"1143E","klasa":"droga zbiorcza","kat":"powiatowa"},"geometry":{"type":"LineString","coordinates":[[19.45602,51.71714],[19.45706,51.71756]]}},{"type":"Feature","properties":{"numer":"1143E","klasa":"droga zbiorcza","kat":"powiatowa"},"geometry":{"type":"LineString","coordinates":[[19.43805,51.71911],[19.44182,51.71811],[19.45041,51.71609],[19.45331,51.71576]]}},{"type":"Feature","properties":{"numer":"1143E","klasa":"droga zbiorcza","kat":"powiatowa"},"geometry":{"type":"LineString","coordinates":[[19.45706,51.71756],[19.45787,51.71786]]}},{"type":"Feature","properties":{"numer":"14","klasa":"droga gĹ‚Ăłwna ruchu przyĹ›pieszonego","kat":"krajowa"},"geometry":{"type":"LineString","coordinates":[[19.4356,51.71708],[19.43805,51.71911]]}},{"type":"Feature","properties":{"numer":"488","klasa":"droga gĹ‚Ăłwna","kat":"wojewodzka"},"geometry":{"type":"LineString","coordinates":[[19.45706,51.71756],[19.45576,51.71966]]}},{"type":"Feature","properties":{"numer":"1143E","klasa":"droga zbiorcza","kat":"powiatowa"},"geometry":{"type":"LineString","coordinates":[[19.45787,51.71786],[19.4649,51.72051]]}},{"type":"Feature","properties":{"numer":"488","klasa":"droga gĹ‚Ăłwna","kat":"wojewodzka"},"geometry":{"type":"LineString","coordinates":[[19.45576,51.71966],[19.45543,51.72021]]}},{"type":"Feature","properties":{"numer":"14","klasa":"droga gĹ‚Ăłwna ruchu przyĹ›pieszonego","kat":"krajowa"},"geometry":{"type":"LineString","coordinates":[[19.43805,51.71911],[19.44216,51.72248]]}},{"type":"Feature","properties":{"numer":"1210E","klasa":"droga zbiorcza","kat":"powiatowa"},"geometry":{"type":"LineString","coordinates":[[19.4396,51.72265],[19.44197,51.72256],[19.44216,51.72248]]}},{"type":"Feature","properties":{"numer":"3307E","klasa":"droga zbiorcza","kat":"powiatowa"},"geometry":{"type":"LineString","coordinates":[[19.37089,51.70269],[19.37089,51.70275]]}},{"type":"Feature","properties":{"numer":"3307E","klasa":"droga zbiorcza","kat":"powiatowa"},"geometry":{"type":"LineString","coordinates":[[19.37042,51.70959],[19.37092,51.70783],[19.37095,51.70538],[19.37122,51.7046],[19.37095,51.70401],[19.37089,51.70275]]}},{"type":"Feature","properties":{"numer":"1120E","klasa":"droga zbiorcza","kat":"powiatowa"},"geometry":{"type":"LineString","coordinates":[[19.37042,51.70959],[19.37107,51.70968],[19.41659,51.70688],[19.42193,51.70652],[19.42217,51.70649],[19.42257,51.70627]]}},{"type":"Feature","properties":{"numer":"3307E","klasa":"droga zbiorcza","kat":"powiatowa"},"geometry":{"type":"LineString","coordinates":[[19.36617,51.7124],[19.36628,51.71184],[19.36645,51.71161],[19.3694,51.70993],[19.37042,51.70959]]}},{"type":"Feature","properties":{"numer":"3307E","klasa":"droga zbiorcza","kat":"powiatowa"},"geometry":{"type":"LineString","coordinates":[[19.36613,51.71261],[19.36617,51.7124]]}},{"type":"Feature","properties":{"numer":"1110E","klasa":"droga zbiorcza","kat":"powiatowa"},"geometry":{"type":"LineString","coordinates":[[19.3557,51.72915],[19.35806,51.7302],[19.35853,51.73067],[19.35951,51.73065],[19.3605,51.73078],[19.36482,51.73201],[19.36713,51.73255],[19.37536,51.73473],[19.37852,51.73568],[19.38131,51.73621],[19.38629,51.73635],[19.38663,51.73644]]}},{"type":"Feature","properties":{"numer":"1176E","klasa":"droga zbiorcza","kat":"powiatowa"},"geometry":{"type":"LineString","coordinates":[[19.38663,51.73644],[19.38382,51.74048]]}},{"type":"Feature","properties":{"numer":"1110E","klasa":"droga zbiorcza","kat":"powiatowa"},"geometry":{"type":"LineString","coordinates":[[19.38663,51.73644],[19.38752,51.73641],[19.3893,51.73656],[19.39176,51.73703],[19.39963,51.73932],[19.4024,51.74041],[19.40389,51.74088],[19.40528,51.74122]]}},{"type":"Feature","properties":{"numer":"1176E","klasa":"droga zbiorcza","kat":"powiatowa"},"geometry":{"type":"LineString","coordinates":[[19.383,51.74192],[19.38382,51.74048]]}},{"type":"Feature","properties":{"numer":"1176E","klasa":"droga zbiorcza","kat":"powiatowa"},"geometry":{"type":"LineString","coordinates":[[19.383,51.74192],[19.38211,51.74372]]}},{"type":"Feature","properties":{"numer":"1210E","klasa":"droga zbiorcza","kat":"powiatowa"},"geometry":{"type":"LineString","coordinates":[[19.4396,51.72265],[19.4394,51.72265]]}},{"type":"Feature","properties":{"numer":"1210E","klasa":"droga zbiorcza","kat":"powiatowa"},"geometry":{"type":"LineString","coordinates":[[19.4394,51.72265],[19.43001,51.72297]]}},{"type":"Feature","properties":{"numer":"488","klasa":"droga gĹ‚Ăłwna","kat":"wojewodzka"},"geometry":{"type":"LineString","coordinates":[[19.44784,51.72708],[19.44975,51.72559],[19.45437,51.72174],[19.45545,51.72059],[19.45576,51.71966]]}},{"type":"Feature","properties":{"numer":"488","klasa":"droga gĹ‚Ăłwna","kat":"wojewodzka"},"geometry":{"type":"LineString","coordinates":[[19.45543,51.72021],[19.45493,51.72078],[19.45359,51.72199],[19.4496,51.72511],[19.44757,51.72682]]}},{"type":"Feature","properties":{"numer":"488","klasa":"droga gĹ‚Ăłwna","kat":"wojewodzka"},"geometry":{"type":"LineString","coordinates":[[19.45543,51.72021],[19.45488,51.72097],[19.45389,51.72195],[19.44769,51.72694]]}},{"type":"Feature","properties":{"numer":"14","klasa":"droga gĹ‚Ăłwna ruchu przyĹ›pieszonego","kat":"krajowa"},"geometry":{"type":"LineString","coordinates":[[19.44216,51.72248],[19.44511,51.7248]]}},{"type":"Feature","properties":{"numer":"1144E","klasa":"droga zbiorcza","kat":"powiatowa"},"geometry":{"type":"LineString","coordinates":[[19.4608,51.72494],[19.46133,51.72534],[19.46169,51.72546]]}},{"type":"Feature","properties":{"numer":"14","klasa":"droga gĹ‚Ăłwna ruchu przyĹ›pieszonego","kat":"krajowa"},"geometry":{"type":"LineString","coordinates":[[19.44511,51.7248],[19.44683,51.72614],[19.44757,51.72682]]}},{"type":"Feature","properties":{"numer":"1141E","klasa":"droga zbiorcza","kat":"powiatowa"},"geometry":{"type":"LineString","coordinates":[[19.43994,51.72671],[19.44454,51.72655]]}},{"type":"Feature","properties":{"numer":"1141E","klasa":"droga zbiorcza","kat":"powiatowa"},"geometry":{"type":"LineString","coordinates":[[19.4331,51.72694],[19.43994,51.72671]]}},{"type":"Feature","properties":{"numer":"14","klasa":"droga gĹ‚Ăłwna ruchu przyĹ›pieszonego","kat":"krajowa"},"geometry":{"type":"LineString","coordinates":[[19.44757,51.72682],[19.44769,51.72694]]}},{"type":"Feature","properties":{"numer":"14","klasa":"droga gĹ‚Ăłwna ruchu przyĹ›pieszonego","kat":"krajowa"},"geometry":{"type":"LineString","coordinates":[[19.44769,51.72694],[19.44784,51.72708]]}},{"type":"Feature","properties":{"numer":"14","klasa":"droga gĹ‚Ăłwna ruchu przyĹ›pieszonego","kat":"krajowa"},"geometry":{"type":"LineString","coordinates":[[19.45714,51.72919],[19.46135,51.7271],[19.4632,51.72659],[19.46401,51.72654]]}},{"type":"Feature","properties":{"numer":"14","klasa":"droga gĹ‚Ăłwna ruchu przyĹ›pieszonego","kat":"krajowa"},"geometry":{"type":"LineString","coordinates":[[19.44784,51.72708],[19.44994,51.72878]]}},{"type":"Feature","properties":{"numer":"488","klasa":"droga gĹ‚Ăłwna","kat":"wojewodzka"},"geometry":{"type":"LineString","coordinates":[[19.44757,51.72682],[19.44497,51.72855],[19.44426,51.72907],[19.44427,51.72914]]}},{"type":"Feature","properties":{"numer":"488","klasa":"droga gĹ‚Ăłwna","kat":"wojewodzka"},"geometry":{"type":"LineString","coordinates":[[19.44769,51.72694],[19.44663,51.72771],[19.44427,51.72914]]}},{"type":"Feature","properties":{"numer":"488","klasa":"droga gĹ‚Ăłwna","kat":"wojewodzka"},"geometry":{"type":"LineString","coordinates":[[19.44427,51.72914],[19.44447,51.72912],[19.44607,51.72828],[19.44784,51.72708]]}},{"type":"Feature","properties":{"numer":"14","klasa":"droga gĹ‚Ăłwna ruchu przyĹ›pieszonego","kat":"krajowa"},"geometry":{"type":"LineString","coordinates":[[19.44994,51.72878],[19.45259,51.73089],[19.45297,51.73142]]}},{"type":"Feature","properties":{"numer":"14","klasa":"droga gĹ‚Ăłwna ruchu przyĹ›pieszonego","kat":"krajowa"},"geometry":{"type":"LineString","coordinates":[[19.45297,51.73142],[19.45347,51.73109],[19.45714,51.72919]]}},{"type":"Feature","properties":{"numer":"488","klasa":"droga gĹ‚Ăłwna","kat":"wojewodzka"},"geometry":{"type":"LineString","coordinates":[[19.44427,51.72914],[19.44336,51.72972],[19.44258,51.7304],[19.44215,51.73103],[19.44194,51.73158],[19.44187,51.73227],[19.44217,51.73646]]}},{"type":"Feature","properties":{"numer":"1210E","klasa":"droga zbiorcza","kat":"powiatowa"},"geometry":{"type":"LineString","coordinates":[[19.41985,51.7233],[19.41953,51.72333]]}},{"type":"Feature","properties":{"numer":"1210E","klasa":"droga zbiorcza","kat":"powiatowa"},"geometry":{"type":"LineString","coordinates":[[19.41953,51.72333],[19.41484,51.7237],[19.4112,51.72377]]}},{"type":"Feature","properties":{"numer":"1210E","klasa":"droga zbiorcza","kat":"powiatowa"},"geometry":{"type":"LineString","coordinates":[[19.4112,51.72377],[19.41028,51.72379]]}},{"type":"Feature","properties":{"numer":"1141E","klasa":"droga zbiorcza","kat":"powiatowa"},"geometry":{"type":"LineString","coordinates":[[19.42325,51.72723],[19.42227,51.7272],[19.42206,51.72713],[19.422,51.72701],[19.4221,51.7269],[19.42236,51.72687],[19.42288,51.72716],[19.42325,51.72723]]}},{"type":"Feature","properties":{"numer":"1141E","klasa":"droga zbiorcza","kat":"powiatowa"},"geometry":{"type":"LineString","coordinates":[[19.42325,51.72723],[19.4331,51.72694]]}},{"type":"Feature","properties":{"numer":"1194E","klasa":"droga gĹ‚Ăłwna","kat":"powiatowa"},"geometry":{"type":"LineString","coordinates":[[19.42528,51.73772],[19.42643,51.73736],[19.42706,51.73724],[19.43407,51.73685]]}},{"type":"Feature","properties":{"numer":"1194E","klasa":"droga gĹ‚Ăłwna","kat":"powiatowa"},"geometry":{"type":"LineString","coordinates":[[19.42141,51.7392],[19.42187,51.73893],[19.42289,51.73853],[19.42528,51.73772]]}},{"type":"Feature","properties":{"numer":"1133E","klasa":"droga gĹ‚Ăłwna","kat":"powiatowa"},"geometry":{"type":"LineString","coordinates":[[19.42166,51.74024],[19.42141,51.7392]]}},{"type":"Feature","properties":{"numer":"1139E","klasa":"droga zbiorcza","kat":"powiatowa"},"geometry":{"type":"LineString","coordinates":[[19.42528,51.73772],[19.4256,51.74108],[19.42591,51.74138],[19.42692,51.7415],[19.43431,51.7418]]}},{"type":"Feature","properties":{"numer":"1194E","klasa":"droga zbiorcza","kat":"powiatowa"},"geometry":{"type":"LineString","coordinates":[[19.41771,51.74096],[19.41958,51.73971],[19.42071,51.73929],[19.42141,51.7392]]}},{"type":"Feature","properties":{"numer":"1192E","klasa":"droga zbiorcza","kat":"powiatowa"},"geometry":{"type":"LineString","coordinates":[[19.43344,51.73114],[19.43378,51.73456]]}},{"type":"Feature","properties":{"numer":"1190E","klasa":"droga zbiorcza","kat":"powiatowa"},"geometry":{"type":"LineString","coordinates":[[19.45297,51.73142],[19.45429,51.73233],[19.45914,51.73628]]}},{"type":"Feature","properties":{"numer":"1207E","klasa":"droga gĹ‚Ăłwna","kat":"powiatowa"},"geometry":{"type":"LineString","coordinates":[[19.45297,51.73142],[19.45278,51.73196],[19.45272,51.73639]]}},{"type":"Feature","properties":{"numer":"1192E","klasa":"droga zbiorcza","kat":"powiatowa"},"geometry":{"type":"LineString","coordinates":[[19.43378,51.73456],[19.43379,51.73467]]}},{"type":"Feature","properties":{"numer":"1105E","klasa":"droga zbiorcza","kat":"powiatowa"},"geometry":{"type":"LineString","coordinates":[[19.45914,51.73628],[19.45921,51.73621],[19.46092,51.73572],[19.4655,51.73449]]}},{"type":"Feature","properties":{"numer":"1192E","klasa":"droga zbiorcza","kat":"powiatowa"},"geometry":{"type":"LineString","coordinates":[[19.43407,51.73685],[19.4338,51.73595],[19.43379,51.73467]]}},{"type":"Feature","properties":{"numer":"1194E","klasa":"droga gĹ‚Ăłwna","kat":"powiatowa"},"geometry":{"type":"LineString","coordinates":[[19.45272,51.73639],[19.45297,51.73639]]}},{"type":"Feature","properties":{"numer":"1194E","klasa":"droga gĹ‚Ăłwna","kat":"powiatowa"},"geometry":{"type":"LineString","coordinates":[[19.44991,51.7364],[19.45272,51.73639]]}},{"type":"Feature","properties":{"numer":"1194E","klasa":"droga gĹ‚Ăłwna","kat":"powiatowa"},"geometry":{"type":"LineString","coordinates":[[19.44217,51.73646],[19.44991,51.7364]]}},{"type":"Feature","properties":{"numer":"1194E","klasa":"droga gĹ‚Ăłwna","kat":"powiatowa"},"geometry":{"type":"LineString","coordinates":[[19.43407,51.73685],[19.43449,51.73672],[19.43604,51.73656],[19.43914,51.73645],[19.44217,51.73646]]}},{"type":"Feature","properties":{"numer":"1114E","klasa":"droga zbiorcza","kat":"powiatowa"},"geometry":{"type":"LineString","coordinates":[[19.5046,51.73252],[19.50196,51.73231],[19.49686,51.7323]]}},{"type":"Feature","properties":{"numer":"14","klasa":"droga gĹ‚Ăłwna ruchu przyĹ›pieszonego","kat":"krajowa"},"geometry":{"type":"LineString","coordinates":[[19.4787,51.73206],[19.48762,51.73264],[19.48881,51.73278]]}},{"type":"Feature","properties":{"numer":"1114E","klasa":"droga zbiorcza","kat":"powiatowa"},"geometry":{"type":"LineString","coordinates":[[19.49426,51.73267],[19.49473,51.73253],[19.49686,51.7323]]}},{"type":"Feature","properties":{"numer":"1114E","klasa":"droga zbiorcza","kat":"powiatowa"},"geometry":{"type":"LineString","coordinates":[[19.49376,51.73299],[19.49426,51.73267]]}},{"type":"Feature","properties":{"numer":"1114E","klasa":"droga zbiorcza","kat":"powiatowa"},"geometry":{"type":"LineString","coordinates":[[19.48881,51.73278],[19.49296,51.73305],[19.49376,51.73299]]}},{"type":"Feature","properties":{"numer":"1217E","klasa":"droga zbiorcza","kat":"powiatowa"},"geometry":{"type":"LineString","coordinates":[[19.47,51.73552],[19.47494,51.73054]]}},{"type":"Feature","properties":{"numer":"1105E","klasa":"droga zbiorcza","kat":"powiatowa"},"geometry":{"type":"LineString","coordinates":[[19.4655,51.73449],[19.46618,51.73448],[19.47,51.73552]]}},{"type":"Feature","properties":{"numer":"1140E","klasa":"droga zbiorcza","kat":"powiatowa"},"geometry":{"type":"LineString","coordinates":[[19.49464,51.73703],[19.49376,51.73299]]}},{"type":"Feature","properties":{"numer":"14","klasa":"droga gĹ‚Ăłwna ruchu przyĹ›pieszonego","kat":"krajowa"},"geometry":{"type":"LineString","coordinates":[[19.48881,51.73278],[19.48892,51.73753]]}},{"type":"Feature","properties":{"numer":"1142E","klasa":"droga zbiorcza","kat":"powiatowa"},"geometry":{"type":"LineString","coordinates":[[19.47896,51.73839],[19.47867,51.73749],[19.47889,51.7331],[19.4787,51.73206]]}},{"type":"Feature","properties":{"numer":"1227E","klasa":"droga zbiorcza","kat":"powiatowa"},"geometry":{"type":"LineString","coordinates":[[19.52428,51.73495],[19.52429,51.73442],[19.52404,51.73369],[19.52402,51.7292],[19.5238,51.7289],[19.52343,51.7288],[19.52157,51.72869],[19.5196,51.7287],[19.51196,51.7293]]}},{"type":"Feature","properties":{"numer":"1227E","klasa":"droga zbiorcza","kat":"powiatowa"},"geometry":{"type":"LineString","coordinates":[[19.51196,51.7293],[19.51315,51.7346],[19.51324,51.73469],[19.51347,51.73472],[19.51507,51.73461]]}},{"type":"Feature","properties":{"numer":"161813E","klasa":"","kat":"powiatowa"},"geometry":{"type":"LineString","coordinates":[[19.56065,51.73316],[19.56156,51.73233]]}},{"type":"Feature","properties":{"numer":"1128E","klasa":"droga gĹ‚Ăłwna","kat":"powiatowa"},"geometry":{"type":"LineString","coordinates":[[19.5275,51.73478],[19.52978,51.73459],[19.53122,51.73427],[19.53136,51.73437]]}},{"type":"Feature","properties":{"numer":"1227E","klasa":"","kat":"powiatowa"},"geometry":{"type":"LineString","coordinates":[[19.51507,51.73461],[19.51681,51.73448]]}},{"type":"Feature","properties":{"numer":"1128E","klasa":"droga gĹ‚Ăłwna","kat":"powiatowa"},"geometry":{"type":"LineString","coordinates":[[19.52428,51.73495],[19.5275,51.73478]]}},{"type":"Feature","properties":{"numer":"1200E","klasa":"","kat":"powiatowa"},"geometry":{"type":"LineString","coordinates":[[19.53491,51.72759],[19.54997,51.73649],[19.5586,51.74138],[19.55903,51.74173],[19.55928,51.74218]]}},{"type":"Feature","properties":{"numer":"1138E","klasa":"droga gĹ‚Ăłwna ruchu przyĹ›pieszonego","kat":"powiatowa"},"geometry":{"type":"LineString","coordinates":[[19.56156,51.73233],[19.56308,51.73268],[19.58174,51.73522],[19.5835,51.7354],[19.58455,51.73778]]}},{"type":"Feature","properties":{"numer":"1227E","klasa":"droga zbiorcza","kat":"powiatowa"},"geometry":{"type":"LineString","coordinates":[[19.51523,51.73562],[19.51507,51.73461]]}},{"type":"Feature","properties":{"numer":"1128E","klasa":"droga gĹ‚Ăłwna","kat":"powiatowa"},"geometry":{"type":"LineString","coordinates":[[19.51523,51.73562],[19.52428,51.73495]]}},{"type":"Feature","properties":{"numer":"713","klasa":"droga gĹ‚Ăłwna","kat":"wojewodzka"},"geometry":{"type":"LineString","coordinates":[[19.628960118107653,51.73090889831806],[19.62474,51.73331]]}},{"type":"Feature","properties":{"numer":"1128E","klasa":"droga gĹ‚Ăłwna","kat":"powiatowa"},"geometry":{"type":"LineString","coordinates":[[19.50522,51.73609],[19.51153,51.73587],[19.51523,51.73562]]}},{"type":"Feature","properties":{"numer":"1128E","klasa":"droga gĹ‚Ăłwna","kat":"powiatowa"},"geometry":{"type":"LineString","coordinates":[[19.49464,51.73703],[19.50522,51.73609]]}},{"type":"Feature","properties":{"numer":"1217E","klasa":"droga zbiorcza","kat":"powiatowa"},"geometry":{"type":"LineString","coordinates":[[19.4671,51.73844],[19.47,51.73552]]}},{"type":"Feature","properties":{"numer":"1128E","klasa":"droga gĹ‚Ăłwna","kat":"powiatowa"},"geometry":{"type":"LineString","coordinates":[[19.48892,51.73753],[19.49464,51.73703]]}},{"type":"Feature","properties":{"numer":"1128E","klasa":"droga zbiorcza","kat":"powiatowa"},"geometry":{"type":"LineString","coordinates":[[19.48659,51.73768],[19.48892,51.73753]]}},{"type":"Feature","properties":{"numer":"1128E","klasa":"droga zbiorcza","kat":"powiatowa"},"geometry":{"type":"LineString","coordinates":[[19.47896,51.73839],[19.48659,51.73768]]}},{"type":"Feature","properties":{"numer":"1128E","klasa":"droga zbiorcza","kat":"powiatowa"},"geometry":{"type":"LineString","coordinates":[[19.47872,51.73842],[19.47896,51.73839]]}},{"type":"Feature","properties":{"numer":"1128E","klasa":"droga zbiorcza","kat":"powiatowa"},"geometry":{"type":"LineString","coordinates":[[19.4671,51.73844],[19.46984,51.73896],[19.47198,51.73907],[19.47872,51.73842]]}},{"type":"Feature","properties":{"numer":"1217E","klasa":"droga zbiorcza","kat":"powiatowa"},"geometry":{"type":"LineString","coordinates":[[19.4658,51.73975],[19.4671,51.73844]]}},{"type":"Feature","properties":{"numer":"14","klasa":"droga gĹ‚Ăłwna ruchu przyĹ›pieszonego","kat":"krajowa"},"geometry":{"type":"LineString","coordinates":[[19.48892,51.73753],[19.48901,51.73834],[19.4889,51.74021],[19.48907,51.74171]]}},{"type":"Feature","properties":{"numer":"1151E","klasa":"droga zbiorcza","kat":"powiatowa"},"geometry":{"type":"LineString","coordinates":[[19.55928,51.74218],[19.5625,51.74156],[19.56895,51.74047]]}},{"type":"Feature","properties":{"numer":"1151E","klasa":"droga zbiorcza","kat":"powiatowa"},"geometry":{"type":"LineString","coordinates":[[19.55163,51.74359],[19.55175,51.74346],[19.55212,51.74336],[19.55928,51.74218]]}},{"type":"Feature","properties":{"numer":"1227E","klasa":"droga zbiorcza","kat":"powiatowa"},"geometry":{"type":"LineString","coordinates":[[19.52428,51.73495],[19.52431,51.73896],[19.52422,51.7398],[19.52084,51.75175]]}},{"type":"Feature","properties":{"numer":"1128E","klasa":"droga zbiorcza","kat":"powiatowa"},"geometry":{"type":"LineString","coordinates":[[19.5314,51.75264],[19.53115,51.75154],[19.53121,51.75],[19.53223,51.73783],[19.53195,51.73585],[19.53195,51.73478],[19.53136,51.73437]]}},{"type":"Feature","properties":{"numer":"1151E","klasa":"droga zbiorcza","kat":"powiatowa"},"geometry":{"type":"LineString","coordinates":[[19.55138,51.74366],[19.55163,51.74359]]}},{"type":"Feature","properties":{"numer":"1151E","klasa":"","kat":"powiatowa"},"geometry":{"type":"LineString","coordinates":[[19.54859,51.74511],[19.55053,51.74426],[19.55138,51.74366]]}},{"type":"Feature","properties":{"numer":"1214E","klasa":"droga gĹ‚Ăłwna","kat":"powiatowa"},"geometry":{"type":"LineString","coordinates":[[19.54651,51.74947],[19.54914,51.74838],[19.55073,51.74781],[19.55441,51.74697],[19.55466,51.74685],[19.5546,51.74654],[19.55174,51.74383],[19.55163,51.74359]]}},{"type":"Feature","properties":{"numer":"1260E","klasa":"droga zbiorcza","kat":"powiatowa"},"geometry":{"type":"LineString","coordinates":[[19.56895,51.74047],[19.57372,51.7507],[19.57466,51.75315]]}},{"type":"Feature","properties":{"numer":"1214E","klasa":"droga gĹ‚Ăłwna","kat":"powiatowa"},"geometry":{"type":"LineString","coordinates":[[19.51049,51.75028],[19.51233,51.75051]]}},{"type":"Feature","properties":{"numer":"1214E","klasa":"droga gĹ‚Ăłwna","kat":"powiatowa"},"geometry":{"type":"LineString","coordinates":[[19.51233,51.75051],[19.51252,51.75054]]}},{"type":"Feature","properties":{"numer":"A1,E75","klasa":"autostrada","kat":"krajowa"},"geometry":{"type":"LineString","coordinates":[[19.5976,51.74635],[19.60166,51.73697]]}},{"type":"Feature","properties":{"numer":"1138E","klasa":"droga gĹ‚Ăłwna ruchu przyĹ›pieszonego","kat":"powiatowa"},"geometry":{"type":"LineString","coordinates":[[19.58455,51.73778],[19.58811,51.74581],[19.58921,51.74892]]}},{"type":"Feature","properties":{"numer":"713","klasa":"droga gĹ‚Ăłwna","kat":"wojewodzka"},"geometry":{"type":"LineString","coordinates":[[19.61201,51.74052],[19.59647,51.74919]]}},{"type":"Feature","properties":{"numer":"A1,E75","klasa":"autostrada","kat":"krajowa"},"geometry":{"type":"LineString","coordinates":[[19.5969,51.74803],[19.5976,51.74635]]}},{"type":"Feature","properties":{"numer":"","klasa":"autostrada","kat":"krajowa"},"geometry":{"type":"LineString","coordinates":[[19.58921,51.74892],[19.59091,51.74868],[19.59159,51.74846],[19.59421,51.74669],[19.5952,51.74619],[19.59613,51.74612],[19.5976,51.74635]]}},{"type":"Feature","properties":{"numer":"A1,E75","klasa":"autostrada","kat":"krajowa"},"geometry":{"type":"LineString","coordinates":[[19.59647,51.74919],[19.5969,51.74803]]}},{"type":"Feature","properties":{"numer":"A1,E75","klasa":"autostrada","kat":"krajowa"},"geometry":{"type":"LineString","coordinates":[[19.59631,51.74967],[19.59647,51.74919]]}},{"type":"Feature","properties":{"numer":"713","klasa":"droga gĹ‚Ăłwna","kat":"wojewodzka"},"geometry":{"type":"LineString","coordinates":[[19.59647,51.74919],[19.59529,51.74985]]}},{"type":"Feature","properties":{"numer":"1138E","klasa":"droga gĹ‚Ăłwna ruchu przyĹ›pieszonego","kat":"powiatowa"},"geometry":{"type":"LineString","coordinates":[[19.58921,51.74892],[19.58995,51.75106]]}},{"type":"Feature","properties":{"numer":"A1,E75","klasa":"autostrada","kat":"krajowa"},"geometry":{"type":"LineString","coordinates":[[19.59603,51.75065],[19.59631,51.74967]]}},{"type":"Feature","properties":{"numer":"1142E","klasa":"droga zbiorcza","kat":"powiatowa"},"geometry":{"type":"LineString","coordinates":[[19.47607,51.74545],[19.47419,51.74925]]}},{"type":"Feature","properties":{"numer":"1214E","klasa":"droga zbiorcza","kat":"powiatowa"},"geometry":{"type":"LineString","coordinates":[[19.48752,51.7474],[19.48703,51.74735]]}},{"type":"Feature","properties":{"numer":"1214E","klasa":"droga gĹ‚Ăłwna","kat":"powiatowa"},"geometry":{"type":"LineString","coordinates":[[19.48752,51.7474],[19.48975,51.74765]]}},{"type":"Feature","properties":{"numer":"1124E","klasa":"droga zbiorcza","kat":"powiatowa"},"geometry":{"type":"LineString","coordinates":[[19.46139,51.74624],[19.46457,51.74651],[19.46609,51.74682],[19.46634,51.74697],[19.4668,51.74769],[19.46704,51.74783],[19.47419,51.74925]]}},{"type":"Feature","properties":{"numer":"1214E","klasa":"droga gĹ‚Ăłwna","kat":"powiatowa"},"geometry":{"type":"LineString","coordinates":[[19.48975,51.74765],[19.49326,51.74808]]}},{"type":"Feature","properties":{"numer":"1214E","klasa":"droga gĹ‚Ăłwna","kat":"powiatowa"},"geometry":{"type":"LineString","coordinates":[[19.49326,51.74808],[19.50032,51.74892],[19.5042,51.74956],[19.50885,51.75008]]}},{"type":"Feature","properties":{"numer":"1212E","klasa":"droga zbiorcza","kat":"powiatowa"},"geometry":{"type":"LineString","coordinates":[[19.48703,51.74735],[19.48586,51.75131]]}},{"type":"Feature","properties":{"numer":"14","klasa":"droga gĹ‚Ăłwna ruchu przyĹ›pieszonego","kat":"krajowa"},"geometry":{"type":"LineString","coordinates":[[19.48975,51.74765],[19.48934,51.74929],[19.48938,51.75175]]}},{"type":"Feature","properties":{"numer":"161845E","klasa":"droga zbiorcza","kat":"powiatowa"},"geometry":{"type":"LineString","coordinates":[[19.46408,51.74933],[19.46387,51.75038]]}},{"type":"Feature","properties":{"numer":"1189E","klasa":"droga zbiorcza","kat":"powiatowa"},"geometry":{"type":"LineString","coordinates":[[19.50885,51.75008],[19.50905,51.74943],[19.50925,51.74931],[19.51137,51.74952],[19.51196,51.74968],[19.51227,51.74989],[19.51246,51.75017],[19.51252,51.75054]]}},{"type":"Feature","properties":{"numer":"1140E","klasa":"droga zbiorcza","kat":"powiatowa"},"geometry":{"type":"LineString","coordinates":[[19.49326,51.74808],[19.49214,51.75202]]}},{"type":"Feature","properties":{"numer":"1214E","klasa":"droga gĹ‚Ăłwna","kat":"powiatowa"},"geometry":{"type":"LineString","coordinates":[[19.50885,51.75008],[19.51049,51.75028]]}},{"type":"Feature","properties":{"numer":"1124E","klasa":"droga zbiorcza","kat":"powiatowa"},"geometry":{"type":"LineString","coordinates":[[19.47419,51.74925],[19.47464,51.74938],[19.48215,51.75082],[19.48586,51.75131]]}},{"type":"Feature","properties":{"numer":"1142E","klasa":"droga zbiorcza","kat":"powiatowa"},"geometry":{"type":"LineString","coordinates":[[19.47419,51.74925],[19.47306,51.75159]]}},{"type":"Feature","properties":{"numer":"1223E","klasa":"droga zbiorcza","kat":"powiatowa"},"geometry":{"type":"LineString","coordinates":[[19.46408,51.74933],[19.47306,51.75159]]}},{"type":"Feature","properties":{"numer":"161845E","klasa":"droga zbiorcza","kat":"powiatowa"},"geometry":{"type":"LineString","coordinates":[[19.46387,51.75038],[19.46377,51.75096],[19.46382,51.75134]]}},{"type":"Feature","properties":{"numer":"1189E","klasa":"droga zbiorcza","kat":"powiatowa"},"geometry":{"type":"LineString","coordinates":[[19.51049,51.75028],[19.51042,51.75078],[19.51055,51.75108],[19.51099,51.75142],[19.51192,51.7519]]}},{"type":"Feature","properties":{"numer":"161845E","klasa":"droga zbiorcza","kat":"powiatowa"},"geometry":{"type":"LineString","coordinates":[[19.46382,51.75134],[19.46389,51.75145]]}},{"type":"Feature","properties":{"numer":"1124E","klasa":"droga zbiorcza","kat":"powiatowa"},"geometry":{"type":"LineString","coordinates":[[19.48586,51.75131],[19.48807,51.75164],[19.48938,51.75175]]}},{"type":"Feature","properties":{"numer":"1124E","klasa":"droga gĹ‚Ăłwna","kat":"powiatowa"},"geometry":{"type":"LineString","coordinates":[[19.49214,51.75202],[19.48938,51.75175]]}},{"type":"Feature","properties":{"numer":"1214E","klasa":"droga gĹ‚Ăłwna","kat":"powiatowa"},"geometry":{"type":"LineString","coordinates":[[19.51252,51.75054],[19.51402,51.75071]]}},{"type":"Feature","properties":{"numer":"1214E","klasa":"droga gĹ‚Ăłwna","kat":"powiatowa"},"geometry":{"type":"LineString","coordinates":[[19.5314,51.75264],[19.53333,51.75257],[19.53631,51.75229],[19.54015,51.75171],[19.54184,51.7513],[19.54382,51.75065],[19.54651,51.74947]]}},{"type":"Feature","properties":{"numer":"1189E","klasa":"droga zbiorcza","kat":"powiatowa"},"geometry":{"type":"LineString","coordinates":[[19.51252,51.75054],[19.51253,51.75125],[19.51192,51.7519]]}},{"type":"Feature","properties":{"numer":"1214E","klasa":"droga gĹ‚Ăłwna","kat":"powiatowa"},"geometry":{"type":"LineString","coordinates":[[19.51402,51.75071],[19.51538,51.75085],[19.52084,51.75175]]}},{"type":"Feature","properties":{"numer":"1214E","klasa":"droga gĹ‚Ăłwna","kat":"powiatowa"},"geometry":{"type":"LineString","coordinates":[[19.52084,51.75175],[19.52769,51.75249],[19.5314,51.75264]]}},{"type":"Feature","properties":{"numer":"1101E","klasa":"","kat":"powiatowa"},"geometry":{"type":"LineString","coordinates":[[19.54651,51.74947],[19.55241,51.75472],[19.55366,51.7577]]}},{"type":"Feature","properties":{"numer":"713","klasa":"droga gĹ‚Ăłwna ruchu przyĹ›pieszonego","kat":"wojewodzka"},"geometry":{"type":"LineString","coordinates":[[19.55366,51.7577],[19.55737,51.75704],[19.55959,51.75656],[19.5625,51.75611],[19.575,51.75382]]}},{"type":"Feature","properties":{"numer":"1128E","klasa":"droga zbiorcza","kat":"powiatowa"},"geometry":{"type":"LineString","coordinates":[[19.53696,51.7608],[19.5354,51.75712],[19.53508,51.75658],[19.53456,51.756],[19.53219,51.75384],[19.53166,51.75316],[19.5314,51.75264]]}},{"type":"Feature","properties":{"numer":"1227E","klasa":"droga zbiorcza","kat":"powiatowa"},"geometry":{"type":"LineString","coordinates":[[19.52084,51.75175],[19.52046,51.75302],[19.51984,51.75384],[19.51958,51.75493],[19.51835,51.75867],[19.51813,51.75989],[19.51758,51.76173],[19.51758,51.76205],[19.51774,51.76238],[19.5181,51.7627],[19.51849,51.7629]]}},{"type":"Feature","properties":{"numer":"1101E","klasa":"","kat":"powiatowa"},"geometry":{"type":"LineString","coordinates":[[19.55493,51.76024],[19.55366,51.7577]]}},{"type":"Feature","properties":{"numer":"161406E","klasa":"droga lokalna","kat":"powiatowa"},"geometry":{"type":"LineString","coordinates":[[19.45297,51.73639],[19.45568,51.73653],[19.45648,51.73677],[19.45753,51.73729]]}},{"type":"Feature","properties":{"numer":"1105E","klasa":"droga zbiorcza","kat":"powiatowa"},"geometry":{"type":"LineString","coordinates":[[19.45884,51.73754],[19.45914,51.73628]]}},{"type":"Feature","properties":{"numer":"161420E","klasa":"droga dojazdowa","kat":"powiatowa"},"geometry":{"type":"LineString","coordinates":[[19.45753,51.73729],[19.45804,51.73745],[19.45884,51.73754]]}},{"type":"Feature","properties":{"numer":"1190E","klasa":"droga zbiorcza","kat":"powiatowa"},"geometry":{"type":"LineString","coordinates":[[19.45914,51.73628],[19.46265,51.73912],[19.46285,51.73931],[19.4629,51.73952]]}},{"type":"Feature","properties":{"numer":"1192E","klasa":"droga zbiorcza","kat":"powiatowa"},"geometry":{"type":"LineString","coordinates":[[19.43431,51.7418],[19.43396,51.73718],[19.43407,51.73685]]}},{"type":"Feature","properties":{"numer":"488","klasa":"droga gĹ‚Ăłwna","kat":"wojewodzka"},"geometry":{"type":"LineString","coordinates":[[19.44217,51.73646],[19.44232,51.7392],[19.44223,51.7401],[19.4419,51.74131],[19.44093,51.74394]]}},{"type":"Feature","properties":{"numer":"1207E","klasa":"droga gĹ‚Ăłwna","kat":"powiatowa"},"geometry":{"type":"LineString","coordinates":[[19.45272,51.73639],[19.45258,51.73851],[19.45124,51.74435]]}},{"type":"Feature","properties":{"numer":"1105E","klasa":"droga zbiorcza","kat":"powiatowa"},"geometry":{"type":"LineString","coordinates":[[19.45725,51.74478],[19.45884,51.73754]]}},{"type":"Feature","properties":{"numer":"161846E","klasa":"droga zbiorcza","kat":"powiatowa"},"geometry":{"type":"LineString","coordinates":[[19.46246,51.74117],[19.46225,51.74236]]}},{"type":"Feature","properties":{"numer":"161846E","klasa":"droga zbiorcza","kat":"powiatowa"},"geometry":{"type":"LineString","coordinates":[[19.46225,51.74236],[19.46215,51.74287]]}},{"type":"Feature","properties":{"numer":"1190E","klasa":"droga zbiorcza","kat":"powiatowa"},"geometry":{"type":"LineString","coordinates":[[19.4629,51.73952],[19.4635,51.73963],[19.4658,51.73975]]}},{"type":"Feature","properties":{"numer":"161846E","klasa":"droga zbiorcza","kat":"powiatowa"},"geometry":{"type":"LineString","coordinates":[[19.4629,51.73952],[19.46271,51.74027]]}},{"type":"Feature","properties":{"numer":"1217E","klasa":"droga zbiorcza","kat":"powiatowa"},"geometry":{"type":"LineString","coordinates":[[19.46422,51.74134],[19.4658,51.73975]]}},{"type":"Feature","properties":{"numer":"161846E","klasa":"droga zbiorcza","kat":"powiatowa"},"geometry":{"type":"LineString","coordinates":[[19.46271,51.74027],[19.46246,51.74117]]}},{"type":"Feature","properties":{"numer":"1142E","klasa":"droga zbiorcza","kat":"powiatowa"},"geometry":{"type":"LineString","coordinates":[[19.47872,51.73842],[19.47843,51.74065],[19.47697,51.74364]]}},{"type":"Feature","properties":{"numer":"1217E","klasa":"droga zbiorcza","kat":"powiatowa"},"geometry":{"type":"LineString","coordinates":[[19.46317,51.74243],[19.46422,51.74134]]}},{"type":"Feature","properties":{"numer":"1212E","klasa":"droga zbiorcza","kat":"powiatowa"},"geometry":{"type":"LineString","coordinates":[[19.48849,51.74243],[19.48867,51.74184],[19.48907,51.74171]]}},{"type":"Feature","properties":{"numer":"14","klasa":"droga gĹ‚Ăłwna ruchu przyĹ›pieszonego","kat":"krajowa"},"geometry":{"type":"LineString","coordinates":[[19.48907,51.74171],[19.48919,51.74256]]}},{"type":"Feature","properties":{"numer":"1217E","klasa":"droga zbiorcza","kat":"powiatowa"},"geometry":{"type":"LineString","coordinates":[[19.46225,51.74236],[19.46317,51.74243]]}},{"type":"Feature","properties":{"numer":"1212E","klasa":"droga zbiorcza","kat":"powiatowa"},"geometry":{"type":"LineString","coordinates":[[19.48919,51.74256],[19.48878,51.74235],[19.48849,51.74243]]}},{"type":"Feature","properties":{"numer":"1140E","klasa":"droga zbiorcza","kat":"powiatowa"},"geometry":{"type":"LineString","coordinates":[[19.49326,51.74808],[19.49509,51.74212],[19.49538,51.74042],[19.49532,51.73946],[19.49464,51.73703]]}},{"type":"Feature","properties":{"numer":"1217E","klasa":"droga zbiorcza","kat":"powiatowa"},"geometry":{"type":"LineString","coordinates":[[19.46317,51.74243],[19.46307,51.74299]]}},{"type":"Feature","properties":{"numer":"1214E","klasa":"droga zbiorcza","kat":"powiatowa"},"geometry":{"type":"LineString","coordinates":[[19.46307,51.74299],[19.46215,51.74287]]}},{"type":"Feature","properties":{"numer":"1214E","klasa":"droga zbiorcza","kat":"powiatowa"},"geometry":{"type":"LineString","coordinates":[[19.47607,51.74545],[19.46307,51.74299]]}},{"type":"Feature","properties":{"numer":"1142E","klasa":"droga zbiorcza","kat":"powiatowa"},"geometry":{"type":"LineString","coordinates":[[19.47697,51.74364],[19.47607,51.74545]]}},{"type":"Feature","properties":{"numer":"1212E","klasa":"droga zbiorcza","kat":"powiatowa"},"geometry":{"type":"LineString","coordinates":[[19.48849,51.74243],[19.48703,51.74735]]}},{"type":"Feature","properties":{"numer":"14","klasa":"droga gĹ‚Ăłwna ruchu przyĹ›pieszonego","kat":"krajowa"},"geometry":{"type":"LineString","coordinates":[[19.48919,51.74256],[19.48975,51.74664],[19.48975,51.74765]]}},{"type":"Feature","properties":{"numer":"1214E","klasa":"droga zbiorcza","kat":"powiatowa"},"geometry":{"type":"LineString","coordinates":[[19.48325,51.7468],[19.47607,51.74545]]}},{"type":"Feature","properties":{"numer":"1214E","klasa":"droga zbiorcza","kat":"powiatowa"},"geometry":{"type":"LineString","coordinates":[[19.48498,51.74711],[19.48325,51.7468]]}},{"type":"Feature","properties":{"numer":"1214E","klasa":"droga zbiorcza","kat":"powiatowa"},"geometry":{"type":"LineString","coordinates":[[19.48703,51.74735],[19.48498,51.74711]]}},{"type":"Feature","properties":{"numer":"1133E","klasa":"droga gĹ‚Ăłwna","kat":"powiatowa"},"geometry":{"type":"LineString","coordinates":[[19.42188,51.74259],[19.42196,51.74231],[19.4218,51.74173],[19.42166,51.74024]]}},{"type":"Feature","properties":{"numer":"1194E","klasa":"droga zbiorcza","kat":"powiatowa"},"geometry":{"type":"LineString","coordinates":[[19.41369,51.74291],[19.41771,51.74096]]}},{"type":"Feature","properties":{"numer":"1110E","klasa":"droga zbiorcza","kat":"powiatowa"},"geometry":{"type":"LineString","coordinates":[[19.40528,51.74122],[19.40653,51.74146],[19.4103,51.74192],[19.41369,51.74291]]}},{"type":"Feature","properties":{"numer":"1110E","klasa":"droga zbiorcza","kat":"powiatowa"},"geometry":{"type":"LineString","coordinates":[[19.41369,51.74291],[19.41505,51.74333],[19.4193,51.74421]]}},{"type":"Feature","properties":{"numer":"1133E","klasa":"droga gĹ‚Ăłwna","kat":"powiatowa"},"geometry":{"type":"LineString","coordinates":[[19.42188,51.74259],[19.42118,51.74396],[19.42068,51.74464]]}},{"type":"Feature","properties":{"numer":"1192E","klasa":"droga zbiorcza","kat":"powiatowa"},"geometry":{"type":"LineString","coordinates":[[19.42188,51.74259],[19.42207,51.74295],[19.42258,51.74306],[19.42728,51.7432],[19.42752,51.74369],[19.42773,51.74596],[19.42817,51.74628],[19.42944,51.74641],[19.43214,51.74627],[19.43263,51.7462],[19.43389,51.74579],[19.43435,51.74558],[19.43455,51.74538],[19.43431,51.7418]]}},{"type":"Feature","properties":{"numer":"1110E","klasa":"droga zbiorcza","kat":"powiatowa"},"geometry":{"type":"LineString","coordinates":[[19.4193,51.74421],[19.42035,51.74454]]}},{"type":"Feature","properties":{"numer":"1110E","klasa":"droga zbiorcza","kat":"powiatowa"},"geometry":{"type":"LineString","coordinates":[[19.42035,51.74454],[19.42068,51.74464]]}},{"type":"Feature","properties":{"numer":"1216E","klasa":"droga zbiorcza","kat":"powiatowa"},"geometry":{"type":"LineString","coordinates":[[19.40528,51.74122],[19.40516,51.74168],[19.40548,51.74322],[19.40551,51.74561],[19.40579,51.74713],[19.4063,51.74806]]}},{"type":"Feature","properties":{"numer":"1110E","klasa":"droga zbiorcza","kat":"powiatowa"},"geometry":{"type":"LineString","coordinates":[[19.42068,51.74464],[19.42123,51.7448]]}},{"type":"Feature","properties":{"numer":"161846E","klasa":"droga zbiorcza","kat":"powiatowa"},"geometry":{"type":"LineString","coordinates":[[19.46215,51.74287],[19.46169,51.74487]]}},{"type":"Feature","properties":{"numer":"1124E","klasa":"droga zbiorcza","kat":"powiatowa"},"geometry":{"type":"LineString","coordinates":[[19.45103,51.74434],[19.44351,51.74373],[19.44328,51.74378],[19.44221,51.74443]]}},{"type":"Feature","properties":{"numer":"1124E","klasa":"droga zbiorcza","kat":"powiatowa"},"geometry":{"type":"LineString","coordinates":[[19.45103,51.74434],[19.45124,51.74435]]}},{"type":"Feature","properties":{"numer":"1124E","klasa":"droga zbiorcza","kat":"powiatowa"},"geometry":{"type":"LineString","coordinates":[[19.45124,51.74435],[19.45336,51.74444]]}},{"type":"Feature","properties":{"numer":"488","klasa":"droga gĹ‚Ăłwna","kat":"wojewodzka"},"geometry":{"type":"LineString","coordinates":[[19.44093,51.74394],[19.44057,51.7449]]}},{"type":"Feature","properties":{"numer":"1124E","klasa":"droga zbiorcza","kat":"powiatowa"},"geometry":{"type":"LineString","coordinates":[[19.45336,51.74444],[19.45725,51.74478]]}},{"type":"Feature","properties":{"numer":"1124E","klasa":"droga zbiorcza","kat":"powiatowa"},"geometry":{"type":"LineString","coordinates":[[19.44221,51.74443],[19.44057,51.7449]]}},{"type":"Feature","properties":{"numer":"1105E,1124E","klasa":"droga zbiorcza","kat":"powiatowa"},"geometry":{"type":"LineString","coordinates":[[19.45707,51.7456],[19.45725,51.74478]]}},{"type":"Feature","properties":{"numer":"161846E","klasa":"droga zbiorcza","kat":"powiatowa"},"geometry":{"type":"LineString","coordinates":[[19.46144,51.74601],[19.46169,51.74487]]}},{"type":"Feature","properties":{"numer":"1124E","klasa":"droga zbiorcza","kat":"powiatowa"},"geometry":{"type":"LineString","coordinates":[[19.45707,51.7456],[19.46022,51.7459],[19.46139,51.74624]]}},{"type":"Feature","properties":{"numer":"1133E","klasa":"droga gĹ‚Ăłwna","kat":"powiatowa"},"geometry":{"type":"LineString","coordinates":[[19.42068,51.74464],[19.41954,51.74614],[19.41885,51.74768]]}},{"type":"Feature","properties":{"numer":"1110E","klasa":"droga zbiorcza","kat":"powiatowa"},"geometry":{"type":"LineString","coordinates":[[19.42123,51.7448],[19.4227,51.74527],[19.42467,51.74608],[19.42643,51.74701],[19.42823,51.74821]]}},{"type":"Feature","properties":{"numer":"1118E","klasa":"droga zbiorcza","kat":"powiatowa"},"geometry":{"type":"LineString","coordinates":[[19.41885,51.74768],[19.41817,51.74758],[19.41476,51.74745],[19.4063,51.74806]]}},{"type":"Feature","properties":{"numer":"1216E","klasa":"droga zbiorcza","kat":"powiatowa"},"geometry":{"type":"LineString","coordinates":[[19.4063,51.74806],[19.40697,51.74874],[19.40772,51.7493]]}},{"type":"Feature","properties":{"numer":"1124E","klasa":"","kat":"powiatowa"},"geometry":{"type":"LineString","coordinates":[[19.42302,51.74956],[19.42823,51.74821]]}},{"type":"Feature","properties":{"numer":"1133E","klasa":"droga gĹ‚Ăłwna ruchu przyĹ›pieszonego","kat":"powiatowa"},"geometry":{"type":"LineString","coordinates":[[19.41881,51.75014],[19.4184,51.74942],[19.4184,51.74891],[19.41885,51.74768]]}},{"type":"Feature","properties":{"numer":"1124E","klasa":"","kat":"powiatowa"},"geometry":{"type":"LineString","coordinates":[[19.41937,51.75009],[19.42172,51.74985],[19.42302,51.74956]]}},{"type":"Feature","properties":{"numer":"1124E","klasa":"","kat":"powiatowa"},"geometry":{"type":"LineString","coordinates":[[19.41937,51.75009],[19.41881,51.75014]]}},{"type":"Feature","properties":{"numer":"1216E","klasa":"droga zbiorcza","kat":"powiatowa"},"geometry":{"type":"LineString","coordinates":[[19.40772,51.7493],[19.4089,51.75028],[19.40979,51.75119]]}},{"type":"Feature","properties":{"numer":"1133E","klasa":"droga gĹ‚Ăłwna ruchu przyĹ›pieszonego","kat":"powiatowa"},"geometry":{"type":"LineString","coordinates":[[19.41969,51.75138],[19.41881,51.75014]]}},{"type":"Feature","properties":{"numer":"161846E","klasa":"droga zbiorcza","kat":"powiatowa"},"geometry":{"type":"LineString","coordinates":[[19.46144,51.74601],[19.46139,51.74624]]}},{"type":"Feature","properties":{"numer":"1124E","klasa":"","kat":"powiatowa"},"geometry":{"type":"LineString","coordinates":[[19.42823,51.74821],[19.43369,51.74668],[19.43513,51.74591],[19.43676,51.74592],[19.44057,51.7449]]}},{"type":"Feature","properties":{"numer":"1105E","klasa":"droga zbiorcza","kat":"powiatowa"},"geometry":{"type":"LineString","coordinates":[[19.45707,51.7456],[19.45627,51.74917]]}},{"type":"Feature","properties":{"numer":"161846E","klasa":"droga zbiorcza","kat":"powiatowa"},"geometry":{"type":"LineString","coordinates":[[19.46139,51.74624],[19.46089,51.74854]]}},{"type":"Feature","properties":{"numer":"488","klasa":"droga gĹ‚Ăłwna","kat":"wojewodzka"},"geometry":{"type":"LineString","coordinates":[[19.44057,51.7449],[19.4402,51.74581],[19.43977,51.7465],[19.43692,51.75035],[19.43641,51.75128]]}},{"type":"Feature","properties":{"numer":"1207E","klasa":"droga gĹ‚Ăłwna","kat":"powiatowa"},"geometry":{"type":"LineString","coordinates":[[19.45124,51.74435],[19.44955,51.75189]]}},{"type":"Feature","properties":{"numer":"1223E","klasa":"droga zbiorcza","kat":"powiatowa"},"geometry":{"type":"LineString","coordinates":[[19.46089,51.74854],[19.46408,51.74933]]}},{"type":"Feature","properties":{"numer":"161846E","klasa":"droga zbiorcza","kat":"powiatowa"},"geometry":{"type":"LineString","coordinates":[[19.46089,51.74854],[19.46067,51.74956]]}},{"type":"Feature","properties":{"numer":"161669E","klasa":"droga dojazdowa","kat":"powiatowa"},"geometry":{"type":"LineString","coordinates":[[19.45799,51.74933],[19.45627,51.74917]]}},{"type":"Feature","properties":{"numer":"161669E","klasa":"droga dojazdowa","kat":"powiatowa"},"geometry":{"type":"LineString","coordinates":[[19.45799,51.74933],[19.46067,51.74956]]}},{"type":"Feature","properties":{"numer":"1105E","klasa":"droga zbiorcza","kat":"powiatowa"},"geometry":{"type":"LineString","coordinates":[[19.45627,51.74917],[19.45602,51.75032]]}},{"type":"Feature","properties":{"numer":"161846E","klasa":"droga zbiorcza","kat":"powiatowa"},"geometry":{"type":"LineString","coordinates":[[19.46067,51.74956],[19.46054,51.75017]]}},{"type":"Feature","properties":{"numer":"161846E","klasa":"droga zbiorcza","kat":"powiatowa"},"geometry":{"type":"LineString","coordinates":[[19.46054,51.75017],[19.46037,51.75093]]}},{"type":"Feature","properties":{"numer":"161846E","klasa":"droga zbiorcza","kat":"powiatowa"},"geometry":{"type":"LineString","coordinates":[[19.46037,51.75093],[19.46022,51.75164]]}},{"type":"Feature","properties":{"numer":"1105E","klasa":"droga zbiorcza","kat":"powiatowa"},"geometry":{"type":"LineString","coordinates":[[19.45602,51.75032],[19.45556,51.75238]]}},{"type":"Feature","properties":{"numer":"1171E","klasa":"droga zbiorcza","kat":"powiatowa"},"geometry":{"type":"LineString","coordinates":[[19.45602,51.75032],[19.45705,51.75045],[19.45746,51.75073],[19.45749,51.75116],[19.45714,51.75252]]}},{"type":"Feature","properties":{"numer":"161846E","klasa":"droga zbiorcza","kat":"powiatowa"},"geometry":{"type":"LineString","coordinates":[[19.46022,51.75164],[19.46016,51.75189]]}},{"type":"Feature","properties":{"numer":"161846E","klasa":"droga zbiorcza","kat":"powiatowa"},"geometry":{"type":"LineString","coordinates":[[19.46016,51.75189],[19.45997,51.75276]]}},{"type":"Feature","properties":{"numer":"161846E","klasa":"droga zbiorcza","kat":"powiatowa"},"geometry":{"type":"LineString","coordinates":[[19.45997,51.75276],[19.45968,51.75404]]}},{"type":"Feature","properties":{"numer":"1207E","klasa":"droga gĹ‚Ăłwna","kat":"powiatowa"},"geometry":{"type":"LineString","coordinates":[[19.44955,51.75189],[19.44892,51.75508]]}},{"type":"Feature","properties":{"numer":"1110E","klasa":"droga zbiorcza","kat":"powiatowa"},"geometry":{"type":"LineString","coordinates":[[19.42823,51.74821],[19.42938,51.74917],[19.43017,51.75],[19.43057,51.75055],[19.43107,51.75155],[19.43126,51.75236],[19.43126,51.753],[19.43103,51.75418],[19.43063,51.75517]]}},{"type":"Feature","properties":{"numer":"1176E","klasa":"droga zbiorcza","kat":"powiatowa"},"geometry":{"type":"LineString","coordinates":[[19.3942,51.75066],[19.40156,51.75269],[19.40241,51.75279],[19.40817,51.75229],[19.40852,51.75214],[19.40924,51.75145],[19.40979,51.75119]]}},{"type":"Feature","properties":{"numer":"1176E,1216E","klasa":"droga zbiorcza","kat":"powiatowa"},"geometry":{"type":"LineString","coordinates":[[19.40979,51.75119],[19.4107,51.75238]]}},{"type":"Feature","properties":{"numer":"1176E","klasa":"droga zbiorcza","kat":"powiatowa"},"geometry":{"type":"LineString","coordinates":[[19.4107,51.75238],[19.41969,51.75138]]}},{"type":"Feature","properties":{"numer":"1133E","klasa":"droga gĹ‚Ăłwna ruchu przyĹ›pieszonego","kat":"powiatowa"},"geometry":{"type":"LineString","coordinates":[[19.42339,51.75572],[19.42271,51.75533],[19.42223,51.75484],[19.41969,51.75138]]}},{"type":"Feature","properties":{"numer":"1216E","klasa":"droga zbiorcza","kat":"powiatowa"},"geometry":{"type":"LineString","coordinates":[[19.4107,51.75238],[19.4147,51.75787]]}},{"type":"Feature","properties":{"numer":"1110E","klasa":"droga zbiorcza","kat":"powiatowa"},"geometry":{"type":"LineString","coordinates":[[19.43063,51.75517],[19.43041,51.75559]]}},{"type":"Feature","properties":{"numer":"1185E","klasa":"droga gĹ‚Ăłwna ruchu przyĹ›pieszonego","kat":"powiatowa"},"geometry":{"type":"LineString","coordinates":[[19.43041,51.75559],[19.42744,51.75565],[19.42501,51.75597],[19.42411,51.75592],[19.42339,51.75572]]}},{"type":"Feature","properties":{"numer":"1110E","klasa":"droga zbiorcza","kat":"powiatowa"},"geometry":{"type":"LineString","coordinates":[[19.43041,51.75559],[19.42968,51.75672]]}},{"type":"Feature","properties":{"numer":"1134E","klasa":"droga zbiorcza","kat":"powiatowa"},"geometry":{"type":"LineString","coordinates":[[19.42339,51.75572],[19.42249,51.756],[19.41638,51.75739],[19.4147,51.75787]]}},{"type":"Feature","properties":{"numer":"161845E","klasa":"droga zbiorcza","kat":"powiatowa"},"geometry":{"type":"LineString","coordinates":[[19.46389,51.75145],[19.46432,51.75217],[19.46445,51.75271]]}},{"type":"Feature","properties":{"numer":"1124E","klasa":"droga gĹ‚Ăłwna","kat":"powiatowa"},"geometry":{"type":"LineString","coordinates":[[19.50107,51.75239],[19.50091,51.75277],[19.50029,51.75286],[19.49214,51.75202]]}},{"type":"Feature","properties":{"numer":"1142E","klasa":"droga zbiorcza","kat":"powiatowa"},"geometry":{"type":"LineString","coordinates":[[19.47306,51.75159],[19.47211,51.75355]]}},{"type":"Feature","properties":{"numer":"1212E","klasa":"droga zbiorcza","kat":"powiatowa"},"geometry":{"type":"LineString","coordinates":[[19.48586,51.75131],[19.48395,51.75435]]}},{"type":"Feature","properties":{"numer":"161845E","klasa":"droga zbiorcza","kat":"powiatowa"},"geometry":{"type":"LineString","coordinates":[[19.46445,51.75271],[19.46438,51.75314]]}},{"type":"Feature","properties":{"numer":"1223E","klasa":"droga zbiorcza","kat":"powiatowa"},"geometry":{"type":"LineString","coordinates":[[19.47306,51.75159],[19.48395,51.75435]]}},{"type":"Feature","properties":{"numer":"161845E","klasa":"droga zbiorcza","kat":"powiatowa"},"geometry":{"type":"LineString","coordinates":[[19.46438,51.75314],[19.46429,51.75353]]}},{"type":"Feature","properties":{"numer":"161845E","klasa":"droga zbiorcza","kat":"powiatowa"},"geometry":{"type":"LineString","coordinates":[[19.46429,51.75353],[19.46419,51.75398]]}},{"type":"Feature","properties":{"numer":"14","klasa":"droga gĹ‚Ăłwna ruchu przyĹ›pieszonego","kat":"krajowa"},"geometry":{"type":"LineString","coordinates":[[19.48938,51.75175],[19.48916,51.75604]]}},{"type":"Feature","properties":{"numer":"161845E","klasa":"droga zbiorcza","kat":"powiatowa"},"geometry":{"type":"LineString","coordinates":[[19.46419,51.75398],[19.46417,51.75408]]}},{"type":"Feature","properties":{"numer":"713","klasa":"droga gĹ‚Ăłwna ruchu przyĹ›pieszonego","kat":"wojewodzka"},"geometry":{"type":"LineString","coordinates":[[19.59529,51.74985],[19.59443,51.75033],[19.59379,51.75053],[19.59254,51.75075],[19.58995,51.75106]]}},{"type":"Feature","properties":{"numer":"1151E","klasa":"droga zbiorcza","kat":"powiatowa"},"geometry":{"type":"LineString","coordinates":[[19.61201,51.74052],[19.62366,51.74814],[19.63105,51.7531],[19.63133,51.75436],[19.63138779517306,51.755060147239384]]}},{"type":"Feature","properties":{"numer":"A1,E75","klasa":"autostrada","kat":"krajowa"},"geometry":{"type":"LineString","coordinates":[[19.59576,51.7518],[19.59603,51.75065]]}},{"type":"Feature","properties":{"numer":"713","klasa":"droga gĹ‚Ăłwna ruchu przyĹ›pieszonego","kat":"wojewodzka"},"geometry":{"type":"LineString","coordinates":[[19.575,51.75382],[19.58995,51.75106]]}},{"type":"Feature","properties":{"numer":"1152E","klasa":"droga zbiorcza","kat":"powiatowa"},"geometry":{"type":"LineString","coordinates":[[19.59531,51.7548],[19.59121,51.75261],[19.58995,51.75106]]}},{"type":"Feature","properties":{"numer":"A1,E75","klasa":"autostrada","kat":"krajowa"},"geometry":{"type":"LineString","coordinates":[[19.59531,51.7548],[19.59576,51.7518]]}},{"type":"Feature","properties":{"numer":"1260E","klasa":"droga zbiorcza","kat":"powiatowa"},"geometry":{"type":"LineString","coordinates":[[19.57466,51.75315],[19.575,51.75382]]}},{"type":"Feature","properties":{"numer":"A1,E75","klasa":"autostrada","kat":"krajowa"},"geometry":{"type":"LineString","coordinates":[[19.59526,51.75537],[19.59531,51.7548]]}},{"type":"Feature","properties":{"numer":"1152E","klasa":"droga zbiorcza","kat":"powiatowa"},"geometry":{"type":"LineString","coordinates":[[19.62250354752343,51.768731325301204],[19.59531,51.7548]]}},{"type":"Feature","properties":{"numer":"A1,E75","klasa":"autostrada","kat":"krajowa"},"geometry":{"type":"LineString","coordinates":[[19.60182,51.77324],[19.60041,51.77147],[19.59885,51.76913],[19.59805,51.76769],[19.59674,51.76476],[19.59608,51.76277],[19.59552,51.76026],[19.59525,51.75773],[19.59526,51.75537]]}},{"type":"Feature","properties":{"numer":"1142E","klasa":"droga zbiorcza","kat":"powiatowa"},"geometry":{"type":"LineString","coordinates":[[19.47211,51.75355],[19.47116,51.75529]]}},{"type":"Feature","properties":{"numer":"161845E","klasa":"droga zbiorcza","kat":"powiatowa"},"geometry":{"type":"LineString","coordinates":[[19.46417,51.75408],[19.46389,51.75538]]}},{"type":"Feature","properties":{"numer":"1223E","klasa":"droga zbiorcza","kat":"powiatowa"},"geometry":{"type":"LineString","coordinates":[[19.48395,51.75435],[19.48866,51.75593],[19.48916,51.75604]]}},{"type":"Feature","properties":{"numer":"161845E","klasa":"droga zbiorcza","kat":"powiatowa"},"geometry":{"type":"LineString","coordinates":[[19.46389,51.75538],[19.46369,51.75633]]}},{"type":"Feature","properties":{"numer":"1142E","klasa":"droga zbiorcza","kat":"powiatowa"},"geometry":{"type":"LineString","coordinates":[[19.47116,51.75529],[19.47009,51.75754]]}},{"type":"Feature","properties":{"numer":"161845E","klasa":"droga zbiorcza","kat":"powiatowa"},"geometry":{"type":"LineString","coordinates":[[19.46369,51.75633],[19.46337,51.75774]]}},{"type":"Feature","properties":{"numer":"1189E","klasa":"droga zbiorcza","kat":"powiatowa"},"geometry":{"type":"LineString","coordinates":[[19.51192,51.7519],[19.51143,51.75244],[19.50806,51.76342]]}},{"type":"Feature","properties":{"numer":"161845E","klasa":"droga zbiorcza","kat":"powiatowa"},"geometry":{"type":"LineString","coordinates":[[19.46337,51.75774],[19.46334,51.75779]]}},{"type":"Feature","properties":{"numer":"1212E","klasa":"droga zbiorcza","kat":"powiatowa"},"geometry":{"type":"LineString","coordinates":[[19.48395,51.75435],[19.48218,51.75713],[19.48125,51.76118]]}},{"type":"Feature","properties":{"numer":"161845E","klasa":"droga zbiorcza","kat":"powiatowa"},"geometry":{"type":"LineString","coordinates":[[19.46334,51.75779],[19.46319,51.75838]]}},{"type":"Feature","properties":{"numer":"713","klasa":"droga gĹ‚Ăłwna ruchu przyĹ›pieszonego","kat":"wojewodzka"},"geometry":{"type":"LineString","coordinates":[[19.53696,51.7608],[19.54979,51.75849],[19.55366,51.7577]]}},{"type":"Feature","properties":{"numer":"713","klasa":"droga gĹ‚Ăłwna ruchu przyĹ›pieszonego","kat":"wojewodzka"},"geometry":{"type":"LineString","coordinates":[[19.52327,51.7633],[19.53696,51.7608]]}},{"type":"Feature","properties":{"numer":"1227E","klasa":"droga zbiorcza","kat":"powiatowa"},"geometry":{"type":"LineString","coordinates":[[19.52229,51.76348],[19.52204,51.76309],[19.51965,51.76239],[19.51903,51.76247],[19.51849,51.7629]]}},{"type":"Feature","properties":{"numer":"1227E","klasa":"droga zbiorcza","kat":"powiatowa"},"geometry":{"type":"LineString","coordinates":[[19.51965,51.76342],[19.51849,51.7629]]}},{"type":"Feature","properties":{"numer":"713","klasa":"droga gĹ‚Ăłwna ruchu przyĹ›pieszonego","kat":"wojewodzka"},"geometry":{"type":"LineString","coordinates":[[19.52229,51.76348],[19.52327,51.7633]]}},{"type":"Feature","properties":{"numer":"1227E","klasa":"droga zbiorcza","kat":"powiatowa"},"geometry":{"type":"LineString","coordinates":[[19.51965,51.76342],[19.52047,51.76376]]}},{"type":"Feature","properties":{"numer":"713","klasa":"droga gĹ‚Ăłwna ruchu przyĹ›pieszonego","kat":"wojewodzka"},"geometry":{"type":"LineString","coordinates":[[19.52047,51.76376],[19.52229,51.76348]]}},{"type":"Feature","properties":{"numer":"713","klasa":"droga gĹ‚Ăłwna","kat":"wojewodzka"},"geometry":{"type":"LineString","coordinates":[[19.50806,51.76342],[19.5168,51.76403]]}},{"type":"Feature","properties":{"numer":"1227E","klasa":"droga zbiorcza","kat":"powiatowa"},"geometry":{"type":"LineString","coordinates":[[19.52114,51.76402],[19.52247,51.76444],[19.52304,51.76441],[19.5233,51.76426],[19.52342,51.76407],[19.52327,51.7633]]}},{"type":"Feature","properties":{"numer":"1227E","klasa":"droga zbiorcza","kat":"powiatowa"},"geometry":{"type":"LineString","coordinates":[[19.52047,51.76376],[19.52114,51.76402]]}},{"type":"Feature","properties":{"numer":"1185E","klasa":"droga gĹ‚Ăłwna","kat":"powiatowa"},"geometry":{"type":"LineString","coordinates":[[19.48125,51.76118],[19.48508,51.76152]]}},{"type":"Feature","properties":{"numer":"161845E","klasa":"droga zbiorcza","kat":"powiatowa"},"geometry":{"type":"LineString","coordinates":[[19.46265,51.76095],[19.46248,51.76178]]}},{"type":"Feature","properties":{"numer":"713","klasa":"droga gĹ‚Ăłwna","kat":"wojewodzka"},"geometry":{"type":"LineString","coordinates":[[19.48508,51.76152],[19.48652,51.76164]]}},{"type":"Feature","properties":{"numer":"1142E","klasa":"droga zbiorcza","kat":"powiatowa"},"geometry":{"type":"LineString","coordinates":[[19.46878,51.76024],[19.46734,51.76313]]}},{"type":"Feature","properties":{"numer":"713","klasa":"droga gĹ‚Ăłwna","kat":"wojewodzka"},"geometry":{"type":"LineString","coordinates":[[19.48652,51.76164],[19.50066,51.76283]]}},{"type":"Feature","properties":{"numer":"1212E","klasa":"droga zbiorcza","kat":"powiatowa"},"geometry":{"type":"LineString","coordinates":[[19.48125,51.76118],[19.48056,51.76422]]}},{"type":"Feature","properties":{"numer":"1188E","klasa":"droga zbiorcza","kat":"powiatowa"},"geometry":{"type":"LineString","coordinates":[[19.46227,51.76271],[19.46734,51.76313]]}},{"type":"Feature","properties":{"numer":"14","klasa":"droga gĹ‚Ăłwna ruchu przyĹ›pieszonego","kat":"krajowa"},"geometry":{"type":"LineString","coordinates":[[19.48508,51.76152],[19.48434,51.76453]]}},{"type":"Feature","properties":{"numer":"713","klasa":"droga gĹ‚Ăłwna","kat":"wojewodzka"},"geometry":{"type":"LineString","coordinates":[[19.50066,51.76283],[19.50806,51.76342]]}},{"type":"Feature","properties":{"numer":"1188E","klasa":"droga zbiorcza","kat":"powiatowa"},"geometry":{"type":"LineString","coordinates":[[19.46734,51.76313],[19.47198,51.76352]]}},{"type":"Feature","properties":{"numer":"1188E","klasa":"droga zbiorcza","kat":"powiatowa"},"geometry":{"type":"LineString","coordinates":[[19.47198,51.76352],[19.47838,51.76404]]}},{"type":"Feature","properties":{"numer":"1188E","klasa":"droga zbiorcza","kat":"powiatowa"},"geometry":{"type":"LineString","coordinates":[[19.47838,51.76404],[19.48056,51.76422]]}},{"type":"Feature","properties":{"numer":"1123E","klasa":"","kat":"powiatowa"},"geometry":{"type":"LineString","coordinates":[[19.50066,51.76283],[19.50006,51.76489],[19.50005,51.76567],[19.50019,51.76581]]}},{"type":"Feature","properties":{"numer":"1166E","klasa":"droga zbiorcza","kat":"powiatowa"},"geometry":{"type":"LineString","coordinates":[[19.48568,51.76701],[19.48655,51.76568],[19.48672,51.76524],[19.48684,51.76378],[19.48675,51.76322],[19.48644,51.76243],[19.48652,51.76164]]}},{"type":"Feature","properties":{"numer":"1188E","klasa":"droga zbiorcza","kat":"powiatowa"},"geometry":{"type":"LineString","coordinates":[[19.48056,51.76422],[19.48434,51.76453]]}},{"type":"Feature","properties":{"numer":"1142E","klasa":"droga zbiorcza","kat":"powiatowa"},"geometry":{"type":"LineString","coordinates":[[19.46734,51.76313],[19.4658,51.76627]]}},{"type":"Feature","properties":{"numer":"1189E","klasa":"droga zbiorcza","kat":"powiatowa"},"geometry":{"type":"LineString","coordinates":[[19.50806,51.76342],[19.50715,51.76648]]}},{"type":"Feature","properties":{"numer":"1212E","klasa":"droga zbiorcza","kat":"powiatowa"},"geometry":{"type":"LineString","coordinates":[[19.48056,51.76422],[19.47982,51.76747]]}},{"type":"Feature","properties":{"numer":"161730E","klasa":"droga dojazdowa","kat":"powiatowa"},"geometry":{"type":"LineString","coordinates":[[19.50019,51.76581],[19.50121,51.7661]]}},{"type":"Feature","properties":{"numer":"1166E","klasa":"droga zbiorcza","kat":"powiatowa"},"geometry":{"type":"LineString","coordinates":[[19.46155,51.7659],[19.4658,51.76627]]}},{"type":"Feature","properties":{"numer":"713","klasa":"droga gĹ‚Ăłwna","kat":"wojewodzka"},"geometry":{"type":"LineString","coordinates":[[19.5168,51.76403],[19.51854,51.76399],[19.52047,51.76376]]}},{"type":"Feature","properties":{"numer":"1227E","klasa":"","kat":"powiatowa"},"geometry":{"type":"LineString","coordinates":[[19.5168,51.76403],[19.51621,51.76589],[19.51606,51.76596]]}},{"type":"Feature","properties":{"numer":"161817E","klasa":"droga dojazdowa","kat":"powiatowa"},"geometry":{"type":"LineString","coordinates":[[19.51606,51.76638],[19.5192,51.76624]]}},{"type":"Feature","properties":{"numer":"1123E","klasa":"","kat":"powiatowa"},"geometry":{"type":"LineString","coordinates":[[19.52236,51.76798],[19.52382,51.76725],[19.52505,51.7662],[19.52576,51.76583]]}},{"type":"Feature","properties":{"numer":"1227E","klasa":"","kat":"powiatowa"},"geometry":{"type":"LineString","coordinates":[[19.51606,51.76638],[19.51572,51.76762]]}},{"type":"Feature","properties":{"numer":"161718E","klasa":"droga dojazdowa","kat":"powiatowa"},"geometry":{"type":"LineString","coordinates":[[19.5192,51.76624],[19.51871,51.76796]]}},{"type":"Feature","properties":{"numer":"1193E","klasa":"","kat":"powiatowa"},"geometry":{"type":"LineString","coordinates":[[19.51572,51.76762],[19.51082,51.76704],[19.50989,51.76686],[19.50716,51.76707]]}},{"type":"Feature","properties":{"numer":"1193E","klasa":"","kat":"powiatowa"},"geometry":{"type":"LineString","coordinates":[[19.51671,51.76773],[19.51572,51.76762]]}},{"type":"Feature","properties":{"numer":"1193E","klasa":"","kat":"powiatowa"},"geometry":{"type":"LineString","coordinates":[[19.51871,51.76796],[19.51671,51.76773]]}},{"type":"Feature","properties":{"numer":"1193E","klasa":"","kat":"powiatowa"},"geometry":{"type":"LineString","coordinates":[[19.52013,51.76812],[19.51871,51.76796]]}},{"type":"Feature","properties":{"numer":"14","klasa":"droga gĹ‚Ăłwna ruchu przyĹ›pieszonego","kat":"krajowa"},"geometry":{"type":"LineString","coordinates":[[19.48434,51.76453],[19.48422,51.7659],[19.48383,51.7678]]}},{"type":"Feature","properties":{"numer":"161730E","klasa":"droga dojazdowa","kat":"powiatowa"},"geometry":{"type":"LineString","coordinates":[[19.50121,51.7661],[19.50245,51.7665]]}},{"type":"Feature","properties":{"numer":"161730E","klasa":"droga dojazdowa","kat":"powiatowa"},"geometry":{"type":"LineString","coordinates":[[19.50695,51.7665],[19.50715,51.76648]]}},{"type":"Feature","properties":{"numer":"1166E","klasa":"droga zbiorcza","kat":"powiatowa"},"geometry":{"type":"LineString","coordinates":[[19.4658,51.76627],[19.47126,51.76675]]}},{"type":"Feature","properties":{"numer":"161730E","klasa":"droga dojazdowa","kat":"powiatowa"},"geometry":{"type":"LineString","coordinates":[[19.50245,51.7665],[19.50407,51.76661]]}},{"type":"Feature","properties":{"numer":"161730E","klasa":"droga dojazdowa","kat":"powiatowa"},"geometry":{"type":"LineString","coordinates":[[19.50407,51.76661],[19.50434,51.76667],[19.50695,51.7665]]}},{"type":"Feature","properties":{"numer":"1166E","klasa":"droga zbiorcza","kat":"powiatowa"},"geometry":{"type":"LineString","coordinates":[[19.47126,51.76675],[19.47314,51.7669]]}},{"type":"Feature","properties":{"numer":"1166E","klasa":"droga zbiorcza","kat":"powiatowa"},"geometry":{"type":"LineString","coordinates":[[19.47314,51.7669],[19.47771,51.76728]]}},{"type":"Feature","properties":{"numer":"1166E","klasa":"droga zbiorcza","kat":"powiatowa"},"geometry":{"type":"LineString","coordinates":[[19.47771,51.76728],[19.47982,51.76747]]}},{"type":"Feature","properties":{"numer":"1142E","klasa":"droga zbiorcza","kat":"powiatowa"},"geometry":{"type":"LineString","coordinates":[[19.4658,51.76627],[19.46444,51.76899]]}},{"type":"Feature","properties":{"numer":"1166E","klasa":"droga zbiorcza","kat":"powiatowa"},"geometry":{"type":"LineString","coordinates":[[19.47982,51.76747],[19.48383,51.7678]]}},{"type":"Feature","properties":{"numer":"1205E","klasa":"droga zbiorcza","kat":"powiatowa"},"geometry":{"type":"LineString","coordinates":[[19.47314,51.7669],[19.47314,51.76869]]}},{"type":"Feature","properties":{"numer":"1166E","klasa":"droga zbiorcza","kat":"powiatowa"},"geometry":{"type":"LineString","coordinates":[[19.48433,51.76783],[19.48462,51.76789],[19.48476,51.7678],[19.4846,51.76772],[19.48433,51.76783]]}},{"type":"Feature","properties":{"numer":"1166E","klasa":"droga zbiorcza","kat":"powiatowa"},"geometry":{"type":"LineString","coordinates":[[19.48383,51.7678],[19.48433,51.76783]]}},{"type":"Feature","properties":{"numer":"","klasa":"","kat":"gminna"},"geometry":{"type":"LineString","coordinates":[[19.47278,51.76862],[19.47314,51.76869]]}},{"type":"Feature","properties":{"numer":"1189E","klasa":"droga zbiorcza","kat":"powiatowa"},"geometry":{"type":"LineString","coordinates":[[19.50715,51.76648],[19.50553,51.77162]]}},{"type":"Feature","properties":{"numer":"1142E","klasa":"droga zbiorcza","kat":"powiatowa"},"geometry":{"type":"LineString","coordinates":[[19.46444,51.76899],[19.46415,51.76955]]}},{"type":"Feature","properties":{"numer":"1205E","klasa":"droga zbiorcza","kat":"powiatowa"},"geometry":{"type":"LineString","coordinates":[[19.47314,51.76869],[19.47284,51.77009]]}},{"type":"Feature","properties":{"numer":"161676E","klasa":"droga zbiorcza","kat":"powiatowa"},"geometry":{"type":"LineString","coordinates":[[19.46722,51.77024],[19.46697,51.77011],[19.46415,51.76955]]}},{"type":"Feature","properties":{"numer":"161676E","klasa":"droga zbiorcza","kat":"powiatowa"},"geometry":{"type":"LineString","coordinates":[[19.47284,51.77009],[19.46842,51.77028],[19.46722,51.77024]]}},{"type":"Feature","properties":{"numer":"1142E","klasa":"droga zbiorcza","kat":"powiatowa"},"geometry":{"type":"LineString","coordinates":[[19.46337,51.77116],[19.46415,51.76955]]}},{"type":"Feature","properties":{"numer":"14","klasa":"droga gĹ‚Ăłwna ruchu przyĹ›pieszonego","kat":"krajowa"},"geometry":{"type":"LineString","coordinates":[[19.48383,51.7678],[19.48274,51.77301]]}},{"type":"Feature","properties":{"numer":"1205E","klasa":"droga zbiorcza","kat":"powiatowa"},"geometry":{"type":"LineString","coordinates":[[19.47284,51.77009],[19.4726,51.77127]]}},{"type":"Feature","properties":{"numer":"1123E","klasa":"droga zbiorcza","kat":"powiatowa"},"geometry":{"type":"LineString","coordinates":[[19.50553,51.77162],[19.50911,51.77211],[19.51055,51.77196],[19.51173,51.77176],[19.51587,51.77029]]}},{"type":"Feature","properties":{"numer":"1108E","klasa":"droga zbiorcza","kat":"powiatowa"},"geometry":{"type":"LineString","coordinates":[[19.46337,51.77116],[19.46595,51.7714],[19.4667,51.77155]]}},{"type":"Feature","properties":{"numer":"1108E","klasa":"droga zbiorcza","kat":"powiatowa"},"geometry":{"type":"LineString","coordinates":[[19.4667,51.77155],[19.46875,51.77175]]}},{"type":"Feature","properties":{"numer":"1205E","klasa":"droga zbiorcza","kat":"powiatowa"},"geometry":{"type":"LineString","coordinates":[[19.4726,51.77127],[19.47262,51.77154],[19.47295,51.77214]]}},{"type":"Feature","properties":{"numer":"1108E","klasa":"droga zbiorcza","kat":"powiatowa"},"geometry":{"type":"LineString","coordinates":[[19.46875,51.77175],[19.46952,51.77184]]}},{"type":"Feature","properties":{"numer":"1108E","klasa":"droga zbiorcza","kat":"powiatowa"},"geometry":{"type":"LineString","coordinates":[[19.46952,51.77184],[19.471,51.77196]]}},{"type":"Feature","properties":{"numer":"1108E","klasa":"droga zbiorcza","kat":"powiatowa"},"geometry":{"type":"LineString","coordinates":[[19.471,51.77196],[19.47173,51.77203]]}},{"type":"Feature","properties":{"numer":"1108E","klasa":"droga zbiorcza","kat":"powiatowa"},"geometry":{"type":"LineString","coordinates":[[19.47173,51.77203],[19.47295,51.77214]]}},{"type":"Feature","properties":{"numer":"1189E","klasa":"","kat":"powiatowa"},"geometry":{"type":"LineString","coordinates":[[19.50553,51.77162],[19.50521,51.77278]]}},{"type":"Feature","properties":{"numer":"1108E","klasa":"droga zbiorcza","kat":"powiatowa"},"geometry":{"type":"LineString","coordinates":[[19.47295,51.77214],[19.47435,51.77226]]}},{"type":"Feature","properties":{"numer":"1142E","klasa":"droga zbiorcza","kat":"powiatowa"},"geometry":{"type":"LineString","coordinates":[[19.46337,51.77116],[19.46284,51.77332]]}},{"type":"Feature","properties":{"numer":"1108E","klasa":"droga zbiorcza","kat":"powiatowa"},"geometry":{"type":"LineString","coordinates":[[19.47435,51.77226],[19.4766,51.77246]]}},{"type":"Feature","properties":{"numer":"1108E","klasa":"droga zbiorcza","kat":"powiatowa"},"geometry":{"type":"LineString","coordinates":[[19.4766,51.77246],[19.47839,51.77262]]}},{"type":"Feature","properties":{"numer":"1108E","klasa":"droga zbiorcza","kat":"powiatowa"},"geometry":{"type":"LineString","coordinates":[[19.47839,51.77262],[19.48063,51.77282]]}},{"type":"Feature","properties":{"numer":"1123E","klasa":"droga zbiorcza","kat":"powiatowa"},"geometry":{"type":"LineString","coordinates":[[19.49791,51.77479],[19.49858,51.77382],[19.49932,51.77096],[19.5,51.77094],[19.50336,51.77125],[19.50553,51.77162]]}},{"type":"Feature","properties":{"numer":"1108E","klasa":"droga zbiorcza","kat":"powiatowa"},"geometry":{"type":"LineString","coordinates":[[19.48274,51.77301],[19.48063,51.77282]]}},{"type":"Feature","properties":{"numer":"1108E","klasa":"droga zbiorcza","kat":"powiatowa"},"geometry":{"type":"LineString","coordinates":[[19.48274,51.77301],[19.48472,51.77318]]}},{"type":"Feature","properties":{"numer":"106203E","klasa":"droga zbiorcza","kat":"powiatowa"},"geometry":{"type":"LineString","coordinates":[[19.63306,51.75103],[19.633061773501257,51.75102891598883]]}},{"type":"Feature","properties":{"numer":"72","klasa":"droga gĹ‚Ăłwna","kat":"krajowa"},"geometry":{"type":"LineString","coordinates":[[19.61855,51.79258],[19.61926978950093,51.79270853383945]]}},{"type":"Feature","properties":{"numer":"488","klasa":"droga gĹ‚Ăłwna","kat":"wojewodzka"},"geometry":{"type":"LineString","coordinates":[[19.4348,51.75606],[19.43536,51.75477],[19.43641,51.75128]]}},{"type":"Feature","properties":{"numer":"1105E","klasa":"droga zbiorcza","kat":"powiatowa"},"geometry":{"type":"LineString","coordinates":[[19.45556,51.75238],[19.45487,51.75558]]}},{"type":"Feature","properties":{"numer":"1171E","klasa":"droga zbiorcza","kat":"powiatowa"},"geometry":{"type":"LineString","coordinates":[[19.45731,51.75254],[19.45654,51.75572]]}},{"type":"Feature","properties":{"numer":"161846E","klasa":"droga zbiorcza","kat":"powiatowa"},"geometry":{"type":"LineString","coordinates":[[19.45968,51.75404],[19.45926,51.75596]]}},{"type":"Feature","properties":{"numer":"1185E","klasa":"droga gĹ‚Ăłwna ruchu przyĹ›pieszonego","kat":"powiatowa"},"geometry":{"type":"LineString","coordinates":[[19.4348,51.75606],[19.43041,51.75559]]}},{"type":"Feature","properties":{"numer":"1185E","klasa":"droga gĹ‚Ăłwna","kat":"powiatowa"},"geometry":{"type":"LineString","coordinates":[[19.4348,51.75606],[19.4375,51.756],[19.43953,51.75605],[19.44115,51.75627],[19.44344,51.75678]]}},{"type":"Feature","properties":{"numer":"1207E","klasa":"droga gĹ‚Ăłwna","kat":"powiatowa"},"geometry":{"type":"LineString","coordinates":[[19.44892,51.75508],[19.44845,51.75792]]}},{"type":"Feature","properties":{"numer":"488","klasa":"droga gĹ‚Ăłwna","kat":"wojewodzka"},"geometry":{"type":"LineString","coordinates":[[19.43428,51.75701],[19.4348,51.75606]]}},{"type":"Feature","properties":{"numer":"161846E","klasa":"droga zbiorcza","kat":"powiatowa"},"geometry":{"type":"LineString","coordinates":[[19.45926,51.75596],[19.45895,51.75741]]}},{"type":"Feature","properties":{"numer":"1185E","klasa":"droga gĹ‚Ăłwna","kat":"powiatowa"},"geometry":{"type":"LineString","coordinates":[[19.44344,51.75678],[19.44473,51.75707]]}},{"type":"Feature","properties":{"numer":"1165E","klasa":"droga zbiorcza","kat":"powiatowa"},"geometry":{"type":"LineString","coordinates":[[19.4315,51.75642],[19.43182,51.75624],[19.43233,51.75634],[19.4324,51.75648],[19.43228,51.75673],[19.43234,51.75686],[19.43328,51.75772],[19.43371,51.75794]]}},{"type":"Feature","properties":{"numer":"1105E","klasa":"droga zbiorcza","kat":"powiatowa"},"geometry":{"type":"LineString","coordinates":[[19.45487,51.75558],[19.45413,51.75897]]}},{"type":"Feature","properties":{"numer":"1185E","klasa":"droga gĹ‚Ăłwna","kat":"powiatowa"},"geometry":{"type":"LineString","coordinates":[[19.44473,51.75707],[19.44734,51.75766]]}},{"type":"Feature","properties":{"numer":"1171E","klasa":"droga zbiorcza","kat":"powiatowa"},"geometry":{"type":"LineString","coordinates":[[19.45654,51.75572],[19.45576,51.75912]]}},{"type":"Feature","properties":{"numer":"488","klasa":"droga gĹ‚Ăłwna","kat":"wojewodzka"},"geometry":{"type":"LineString","coordinates":[[19.43371,51.75794],[19.43428,51.75701]]}},{"type":"Feature","properties":{"numer":"161846E","klasa":"droga zbiorcza","kat":"powiatowa"},"geometry":{"type":"LineString","coordinates":[[19.45895,51.75741],[19.45879,51.75814]]}},{"type":"Feature","properties":{"numer":"1185E","klasa":"droga zbiorcza","kat":"powiatowa"},"geometry":{"type":"LineString","coordinates":[[19.44845,51.75792],[19.44734,51.75766]]}},{"type":"Feature","properties":{"numer":"1180E","klasa":"droga zbiorcza","kat":"powiatowa"},"geometry":{"type":"LineString","coordinates":[[19.44473,51.75707],[19.44426,51.75754],[19.44398,51.75881]]}},{"type":"Feature","properties":{"numer":"1207E","klasa":"droga gĹ‚Ăłwna","kat":"powiatowa"},"geometry":{"type":"LineString","coordinates":[[19.44845,51.75792],[19.44841,51.7582]]}},{"type":"Feature","properties":{"numer":"1185E","klasa":"droga gĹ‚Ăłwna","kat":"powiatowa"},"geometry":{"type":"LineString","coordinates":[[19.44845,51.75792],[19.45142,51.75858]]}},{"type":"Feature","properties":{"numer":"161845E","klasa":"droga zbiorcza","kat":"powiatowa"},"geometry":{"type":"LineString","coordinates":[[19.46319,51.75838],[19.46313,51.75862]]}},{"type":"Feature","properties":{"numer":"14","klasa":"droga gĹ‚Ăłwna ruchu przyĹ›pieszonego","kat":"krajowa"},"geometry":{"type":"LineString","coordinates":[[19.48916,51.75604],[19.48879,51.75691],[19.48746,51.75899],[19.48508,51.76152]]}},{"type":"Feature","properties":{"numer":"1142E","klasa":"droga zbiorcza","kat":"powiatowa"},"geometry":{"type":"LineString","coordinates":[[19.47009,51.75754],[19.46878,51.76024]]}},{"type":"Feature","properties":{"numer":"161845E","klasa":"droga zbiorcza","kat":"powiatowa"},"geometry":{"type":"LineString","coordinates":[[19.46313,51.75862],[19.46293,51.75959]]}},{"type":"Feature","properties":{"numer":"161845E","klasa":"droga zbiorcza","kat":"powiatowa"},"geometry":{"type":"LineString","coordinates":[[19.46293,51.75959],[19.4629,51.75974]]}},{"type":"Feature","properties":{"numer":"1185E","klasa":"droga gĹ‚Ăłwna","kat":"powiatowa"},"geometry":{"type":"LineString","coordinates":[[19.4629,51.75974],[19.46878,51.76024]]}},{"type":"Feature","properties":{"numer":"161845E","klasa":"droga zbiorcza","kat":"powiatowa"},"geometry":{"type":"LineString","coordinates":[[19.4629,51.75974],[19.46265,51.76095]]}},{"type":"Feature","properties":{"numer":"1185E","klasa":"droga gĹ‚Ăłwna","kat":"powiatowa"},"geometry":{"type":"LineString","coordinates":[[19.46878,51.76024],[19.47271,51.76057]]}},{"type":"Feature","properties":{"numer":"1185E","klasa":"droga gĹ‚Ăłwna","kat":"powiatowa"},"geometry":{"type":"LineString","coordinates":[[19.47271,51.76057],[19.47545,51.76081],[19.479,51.76097]]}},{"type":"Feature","properties":{"numer":"1185E","klasa":"droga gĹ‚Ăłwna","kat":"powiatowa"},"geometry":{"type":"LineString","coordinates":[[19.479,51.76097],[19.48125,51.76118]]}},{"type":"Feature","properties":{"numer":"161846E","klasa":"droga zbiorcza","kat":"powiatowa"},"geometry":{"type":"LineString","coordinates":[[19.45879,51.75814],[19.45874,51.75841]]}},{"type":"Feature","properties":{"numer":"1180E","klasa":"droga zbiorcza","kat":"powiatowa"},"geometry":{"type":"LineString","coordinates":[[19.44734,51.75766],[19.44399,51.75914]]}},{"type":"Feature","properties":{"numer":"1170E","klasa":"droga zbiorcza","kat":"powiatowa"},"geometry":{"type":"LineString","coordinates":[[19.4428,51.76011],[19.44003,51.75902],[19.43428,51.75701]]}},{"type":"Feature","properties":{"numer":"1185E","klasa":"droga gĹ‚Ăłwna","kat":"powiatowa"},"geometry":{"type":"LineString","coordinates":[[19.45142,51.75858],[19.45413,51.75897]]}},{"type":"Feature","properties":{"numer":"161844E","klasa":"droga zbiorcza","kat":"powiatowa"},"geometry":{"type":"LineString","coordinates":[[19.45142,51.75858],[19.4513,51.75908]]}},{"type":"Feature","properties":{"numer":"161846E","klasa":"droga zbiorcza","kat":"powiatowa"},"geometry":{"type":"LineString","coordinates":[[19.45874,51.75841],[19.45853,51.75937]]}},{"type":"Feature","properties":{"numer":"1180E","klasa":"droga zbiorcza","kat":"powiatowa"},"geometry":{"type":"LineString","coordinates":[[19.44398,51.75881],[19.44399,51.75914]]}},{"type":"Feature","properties":{"numer":"1185E","klasa":"droga gĹ‚Ăłwna","kat":"powiatowa"},"geometry":{"type":"LineString","coordinates":[[19.45413,51.75897],[19.45576,51.75912]]}},{"type":"Feature","properties":{"numer":"1185E","klasa":"droga gĹ‚Ăłwna","kat":"powiatowa"},"geometry":{"type":"LineString","coordinates":[[19.45576,51.75912],[19.45853,51.75937]]}},{"type":"Feature","properties":{"numer":"488","klasa":"droga gĹ‚Ăłwna","kat":"wojewodzka"},"geometry":{"type":"LineString","coordinates":[[19.43146,51.76085],[19.43253,51.75958],[19.43371,51.75794]]}},{"type":"Feature","properties":{"numer":"1165E","klasa":"droga zbiorcza","kat":"powiatowa"},"geometry":{"type":"LineString","coordinates":[[19.43371,51.75794],[19.44198,51.7609]]}},{"type":"Feature","properties":{"numer":"1185E","klasa":"droga gĹ‚Ăłwna","kat":"powiatowa"},"geometry":{"type":"LineString","coordinates":[[19.45853,51.75937],[19.4629,51.75974]]}},{"type":"Feature","properties":{"numer":"1180E","klasa":"droga zbiorcza","kat":"powiatowa"},"geometry":{"type":"LineString","coordinates":[[19.44399,51.75914],[19.44357,51.7594],[19.4428,51.76011]]}},{"type":"Feature","properties":{"numer":"1207E","klasa":"droga zbiorcza","kat":"powiatowa"},"geometry":{"type":"LineString","coordinates":[[19.4476,51.76149],[19.44841,51.7582]]}},{"type":"Feature","properties":{"numer":"161844E","klasa":"droga zbiorcza","kat":"powiatowa"},"geometry":{"type":"LineString","coordinates":[[19.4513,51.75908],[19.45073,51.76175]]}},{"type":"Feature","properties":{"numer":"1105E","klasa":"droga zbiorcza","kat":"powiatowa"},"geometry":{"type":"LineString","coordinates":[[19.45413,51.75897],[19.45346,51.76198]]}},{"type":"Feature","properties":{"numer":"1180E","klasa":"droga zbiorcza","kat":"powiatowa"},"geometry":{"type":"LineString","coordinates":[[19.4428,51.76011],[19.44198,51.7609]]}},{"type":"Feature","properties":{"numer":"1171E","klasa":"droga zbiorcza","kat":"powiatowa"},"geometry":{"type":"LineString","coordinates":[[19.45576,51.75912],[19.45512,51.76212]]}},{"type":"Feature","properties":{"numer":"1170E","klasa":"droga zbiorcza","kat":"powiatowa"},"geometry":{"type":"LineString","coordinates":[[19.4428,51.76011],[19.44756,51.76202]]}},{"type":"Feature","properties":{"numer":"488","klasa":"droga gĹ‚Ăłwna","kat":"wojewodzka"},"geometry":{"type":"LineString","coordinates":[[19.43101,51.76131],[19.43146,51.76085]]}},{"type":"Feature","properties":{"numer":"1180E","klasa":"droga zbiorcza","kat":"powiatowa"},"geometry":{"type":"LineString","coordinates":[[19.44198,51.7609],[19.44156,51.76137]]}},{"type":"Feature","properties":{"numer":"1188E","klasa":"droga zbiorcza","kat":"powiatowa"},"geometry":{"type":"LineString","coordinates":[[19.4476,51.76149],[19.45073,51.76175]]}},{"type":"Feature","properties":{"numer":"1207E","klasa":"droga zbiorcza","kat":"powiatowa"},"geometry":{"type":"LineString","coordinates":[[19.44756,51.76202],[19.4476,51.76149]]}},{"type":"Feature","properties":{"numer":"1188E","klasa":"droga zbiorcza","kat":"powiatowa"},"geometry":{"type":"LineString","coordinates":[[19.45073,51.76175],[19.45346,51.76198]]}},{"type":"Feature","properties":{"numer":"1170E","klasa":"droga zbiorcza","kat":"powiatowa"},"geometry":{"type":"LineString","coordinates":[[19.44756,51.76202],[19.44771,51.76207]]}},{"type":"Feature","properties":{"numer":"1188E","klasa":"droga zbiorcza","kat":"powiatowa"},"geometry":{"type":"LineString","coordinates":[[19.45346,51.76198],[19.45512,51.76212]]}},{"type":"Feature","properties":{"numer":"1207E","klasa":"droga zbiorcza","kat":"powiatowa"},"geometry":{"type":"LineString","coordinates":[[19.44756,51.76202],[19.44758,51.76231]]}},{"type":"Feature","properties":{"numer":"1207E","klasa":"droga zbiorcza","kat":"powiatowa"},"geometry":{"type":"LineString","coordinates":[[19.44771,51.76207],[19.44758,51.76231]]}},{"type":"Feature","properties":{"numer":"161845E","klasa":"droga zbiorcza","kat":"powiatowa"},"geometry":{"type":"LineString","coordinates":[[19.46248,51.76178],[19.46227,51.76271]]}},{"type":"Feature","properties":{"numer":"161844E","klasa":"droga zbiorcza","kat":"powiatowa"},"geometry":{"type":"LineString","coordinates":[[19.45073,51.76175],[19.45047,51.7629]]}},{"type":"Feature","properties":{"numer":"1134E","klasa":"droga zbiorcza","kat":"powiatowa"},"geometry":{"type":"LineString","coordinates":[[19.41377,51.75816],[19.4147,51.75787]]}},{"type":"Feature","properties":{"numer":"1134E","klasa":"droga zbiorcza","kat":"powiatowa"},"geometry":{"type":"LineString","coordinates":[[19.41377,51.75816],[19.41244,51.75875],[19.41144,51.75941],[19.40962,51.76116]]}},{"type":"Feature","properties":{"numer":"710","klasa":"droga gĹ‚Ăłwna","kat":"wojewodzka"},"geometry":{"type":"LineString","coordinates":[[19.40662,51.76203],[19.39855,51.7592]]}},{"type":"Feature","properties":{"numer":"1134E","klasa":"droga zbiorcza","kat":"powiatowa"},"geometry":{"type":"LineString","coordinates":[[19.40962,51.76116],[19.40922,51.76152],[19.40779,51.76243]]}},{"type":"Feature","properties":{"numer":"1110E","klasa":"droga zbiorcza","kat":"powiatowa"},"geometry":{"type":"LineString","coordinates":[[19.42968,51.75672],[19.42773,51.75942],[19.42724,51.75978],[19.42637,51.7602],[19.42595,51.76059],[19.42138,51.76735]]}},{"type":"Feature","properties":{"numer":"710","klasa":"droga gĹ‚Ăłwna","kat":"wojewodzka"},"geometry":{"type":"LineString","coordinates":[[19.40662,51.76203],[19.40687,51.76211]]}},{"type":"Feature","properties":{"numer":"710","klasa":"droga gĹ‚Ăłwna","kat":"wojewodzka"},"geometry":{"type":"LineString","coordinates":[[19.40779,51.76243],[19.40687,51.76211]]}},{"type":"Feature","properties":{"numer":"488","klasa":"droga gĹ‚Ăłwna","kat":"wojewodzka"},"geometry":{"type":"LineString","coordinates":[[19.42924,51.76348],[19.43002,51.76239],[19.43101,51.76131]]}},{"type":"Feature","properties":{"numer":"1134E","klasa":"","kat":"powiatowa"},"geometry":{"type":"LineString","coordinates":[[19.40633,51.76207],[19.40554,51.76275],[19.40441,51.76403],[19.40503,51.76426]]}},{"type":"Feature","properties":{"numer":"1134E","klasa":"droga zbiorcza","kat":"powiatowa"},"geometry":{"type":"LineString","coordinates":[[19.40503,51.76426],[19.40575,51.76369],[19.40779,51.76243]]}},{"type":"Feature","properties":{"numer":"1188E","klasa":"droga zbiorcza","kat":"powiatowa"},"geometry":{"type":"LineString","coordinates":[[19.45512,51.76212],[19.46227,51.76271]]}},{"type":"Feature","properties":{"numer":"1166E","klasa":"droga zbiorcza","kat":"powiatowa"},"geometry":{"type":"LineString","coordinates":[[19.43933,51.76401],[19.4386,51.76391],[19.43146,51.76085]]}},{"type":"Feature","properties":{"numer":"1228E","klasa":"droga zbiorcza","kat":"powiatowa"},"geometry":{"type":"LineString","coordinates":[[19.44156,51.76137],[19.44731,51.76351]]}},{"type":"Feature","properties":{"numer":"1170E","klasa":"droga zbiorcza","kat":"powiatowa"},"geometry":{"type":"LineString","coordinates":[[19.44771,51.76207],[19.45047,51.7629]]}},{"type":"Feature","properties":{"numer":"1180E","klasa":"droga zbiorcza","kat":"powiatowa"},"geometry":{"type":"LineString","coordinates":[[19.44156,51.76137],[19.44127,51.76146],[19.43936,51.76331],[19.43923,51.76354],[19.43933,51.76401]]}},{"type":"Feature","properties":{"numer":"1105E","klasa":"droga zbiorcza","kat":"powiatowa"},"geometry":{"type":"LineString","coordinates":[[19.45346,51.76198],[19.45309,51.76366]]}},{"type":"Feature","properties":{"numer":"1207E","klasa":"droga zbiorcza","kat":"powiatowa"},"geometry":{"type":"LineString","coordinates":[[19.44758,51.76231],[19.44731,51.76351]]}},{"type":"Feature","properties":{"numer":"161845E","klasa":"droga zbiorcza","kat":"powiatowa"},"geometry":{"type":"LineString","coordinates":[[19.46227,51.76271],[19.46213,51.76338]]}},{"type":"Feature","properties":{"numer":"1170E","klasa":"droga zbiorcza","kat":"powiatowa"},"geometry":{"type":"LineString","coordinates":[[19.45047,51.7629],[19.45309,51.76366]]}},{"type":"Feature","properties":{"numer":"161844E","klasa":"droga zbiorcza","kat":"powiatowa"},"geometry":{"type":"LineString","coordinates":[[19.45047,51.7629],[19.45019,51.76422]]}},{"type":"Feature","properties":{"numer":"1171E","klasa":"droga zbiorcza","kat":"powiatowa"},"geometry":{"type":"LineString","coordinates":[[19.45512,51.76212],[19.45442,51.76527]]}},{"type":"Feature","properties":{"numer":"1228E","klasa":"droga zbiorcza","kat":"powiatowa"},"geometry":{"type":"LineString","coordinates":[[19.44731,51.76351],[19.45019,51.76422]]}},{"type":"Feature","properties":{"numer":"1166E,1180E","klasa":"droga zbiorcza","kat":"powiatowa"},"geometry":{"type":"LineString","coordinates":[[19.43933,51.76401],[19.44048,51.7641]]}},{"type":"Feature","properties":{"numer":"1207E","klasa":"droga zbiorcza","kat":"powiatowa"},"geometry":{"type":"LineString","coordinates":[[19.44731,51.76351],[19.44707,51.76465]]}},{"type":"Feature","properties":{"numer":"161845E","klasa":"droga zbiorcza","kat":"powiatowa"},"geometry":{"type":"LineString","coordinates":[[19.46213,51.76338],[19.46177,51.765]]}},{"type":"Feature","properties":{"numer":"1105E","klasa":"droga zbiorcza","kat":"powiatowa"},"geometry":{"type":"LineString","coordinates":[[19.45309,51.76366],[19.45278,51.76507]]}},{"type":"Feature","properties":{"numer":"1166E","klasa":"droga zbiorcza","kat":"powiatowa"},"geometry":{"type":"LineString","coordinates":[[19.44048,51.7641],[19.44707,51.76465]]}},{"type":"Feature","properties":{"numer":"161844E","klasa":"droga zbiorcza","kat":"powiatowa"},"geometry":{"type":"LineString","coordinates":[[19.45019,51.76422],[19.45004,51.76494]]}},{"type":"Feature","properties":{"numer":"1228E","klasa":"droga zbiorcza","kat":"powiatowa"},"geometry":{"type":"LineString","coordinates":[[19.45019,51.76422],[19.45278,51.76507]]}},{"type":"Feature","properties":{"numer":"1166E","klasa":"droga zbiorcza","kat":"powiatowa"},"geometry":{"type":"LineString","coordinates":[[19.44707,51.76465],[19.45004,51.76494]]}},{"type":"Feature","properties":{"numer":"1166E","klasa":"droga zbiorcza","kat":"powiatowa"},"geometry":{"type":"LineString","coordinates":[[19.45004,51.76494],[19.45276,51.76516]]}},{"type":"Feature","properties":{"numer":"1105E","klasa":"droga zbiorcza","kat":"powiatowa"},"geometry":{"type":"LineString","coordinates":[[19.45278,51.76507],[19.45277,51.76511]]}},{"type":"Feature","properties":{"numer":"161844E","klasa":"droga zbiorcza","kat":"powiatowa"},"geometry":{"type":"LineString","coordinates":[[19.45004,51.76494],[19.44997,51.76528]]}},{"type":"Feature","properties":{"numer":"1105E","klasa":"droga zbiorcza","kat":"powiatowa"},"geometry":{"type":"LineString","coordinates":[[19.45277,51.76511],[19.45276,51.76516]]}},{"type":"Feature","properties":{"numer":"1166E,1228E","klasa":"droga zbiorcza","kat":"powiatowa"},"geometry":{"type":"LineString","coordinates":[[19.45429,51.76524],[19.45277,51.76511]]}},{"type":"Feature","properties":{"numer":"1166E,1228E","klasa":"droga zbiorcza","kat":"powiatowa"},"geometry":{"type":"LineString","coordinates":[[19.45442,51.76527],[19.45429,51.76524]]}},{"type":"Feature","properties":{"numer":"161845E","klasa":"droga zbiorcza","kat":"powiatowa"},"geometry":{"type":"LineString","coordinates":[[19.46177,51.765],[19.46155,51.7659]]}},{"type":"Feature","properties":{"numer":"1166E","klasa":"droga zbiorcza","kat":"powiatowa"},"geometry":{"type":"LineString","coordinates":[[19.45442,51.76527],[19.46155,51.7659]]}},{"type":"Feature","properties":{"numer":"1180E","klasa":"droga zbiorcza","kat":"powiatowa"},"geometry":{"type":"LineString","coordinates":[[19.43888,51.76722],[19.43945,51.76453],[19.43933,51.76401]]}},{"type":"Feature","properties":{"numer":"1207E","klasa":"droga zbiorcza","kat":"powiatowa"},"geometry":{"type":"LineString","coordinates":[[19.44707,51.76465],[19.44635,51.76787]]}},{"type":"Feature","properties":{"numer":"161844E","klasa":"droga zbiorcza","kat":"powiatowa"},"geometry":{"type":"LineString","coordinates":[[19.44997,51.76528],[19.44956,51.76727]]}},{"type":"Feature","properties":{"numer":"161845E","klasa":"droga zbiorcza","kat":"powiatowa"},"geometry":{"type":"LineString","coordinates":[[19.46155,51.7659],[19.46136,51.76698]]}},{"type":"Feature","properties":{"numer":"1105E","klasa":"droga zbiorcza","kat":"powiatowa"},"geometry":{"type":"LineString","coordinates":[[19.45276,51.76516],[19.45205,51.76834]]}},{"type":"Feature","properties":{"numer":"1171E","klasa":"droga zbiorcza","kat":"powiatowa"},"geometry":{"type":"LineString","coordinates":[[19.45442,51.76527],[19.45372,51.76849]]}},{"type":"Feature","properties":{"numer":"161845E","klasa":"droga zbiorcza","kat":"powiatowa"},"geometry":{"type":"LineString","coordinates":[[19.46136,51.76698],[19.46129,51.76729]]}},{"type":"Feature","properties":{"numer":"161845E","klasa":"droga zbiorcza","kat":"powiatowa"},"geometry":{"type":"LineString","coordinates":[[19.46129,51.76729],[19.46119,51.76777]]}},{"type":"Feature","properties":{"numer":"161844E","klasa":"droga zbiorcza","kat":"powiatowa"},"geometry":{"type":"LineString","coordinates":[[19.44956,51.76727],[19.44937,51.76814]]}},{"type":"Feature","properties":{"numer":"1180E","klasa":"droga zbiorcza","kat":"powiatowa"},"geometry":{"type":"LineString","coordinates":[[19.43888,51.76722],[19.43851,51.76891]]}},{"type":"Feature","properties":{"numer":"161845E","klasa":"droga zbiorcza","kat":"powiatowa"},"geometry":{"type":"LineString","coordinates":[[19.46119,51.76777],[19.46105,51.76838]]}},{"type":"Feature","properties":{"numer":"161845E","klasa":"droga zbiorcza","kat":"powiatowa"},"geometry":{"type":"LineString","coordinates":[[19.46105,51.76838],[19.4609,51.76908]]}},{"type":"Feature","properties":{"numer":"1134E","klasa":"droga zbiorcza","kat":"powiatowa"},"geometry":{"type":"LineString","coordinates":[[19.40438,51.76502],[19.40503,51.76426]]}},{"type":"Feature","properties":{"numer":"710","klasa":"droga gĹ‚Ăłwna","kat":"wojewodzka"},"geometry":{"type":"LineString","coordinates":[[19.42084,51.7671],[19.40779,51.76243]]}},{"type":"Feature","properties":{"numer":"488","klasa":"droga gĹ‚Ăłwna","kat":"wojewodzka"},"geometry":{"type":"LineString","coordinates":[[19.42649,51.76741],[19.42924,51.76348]]}},{"type":"Feature","properties":{"numer":"710","klasa":"droga gĹ‚Ăłwna","kat":"wojewodzka"},"geometry":{"type":"LineString","coordinates":[[19.42084,51.7671],[19.42138,51.76735]]}},{"type":"Feature","properties":{"numer":"710","klasa":"droga gĹ‚Ăłwna","kat":"wojewodzka"},"geometry":{"type":"LineString","coordinates":[[19.42138,51.76735],[19.42306,51.76808],[19.42588,51.76886]]}},{"type":"Feature","properties":{"numer":"488","klasa":"droga gĹ‚Ăłwna","kat":"wojewodzka"},"geometry":{"type":"LineString","coordinates":[[19.42588,51.76886],[19.42649,51.76741]]}},{"type":"Feature","properties":{"numer":"1182E","klasa":"droga zbiorcza","kat":"powiatowa"},"geometry":{"type":"LineString","coordinates":[[19.43184,51.76908],[19.42649,51.76741]]}},{"type":"Feature","properties":{"numer":"1108E","klasa":"droga zbiorcza","kat":"powiatowa"},"geometry":{"type":"LineString","coordinates":[[19.42588,51.76886],[19.42614,51.76876],[19.42763,51.76886],[19.42911,51.76916],[19.43007,51.76927]]}},{"type":"Feature","properties":{"numer":"1119E","klasa":"droga zbiorcza","kat":"powiatowa"},"geometry":{"type":"LineString","coordinates":[[19.42907,51.77013],[19.42602,51.76902],[19.42588,51.76886]]}},{"type":"Feature","properties":{"numer":"1134E","klasa":"droga zbiorcza","kat":"powiatowa"},"geometry":{"type":"LineString","coordinates":[[19.39879,51.77432],[19.40006,51.77332],[19.40063,51.77271],[19.40254,51.76813],[19.40438,51.76502]]}},{"type":"Feature","properties":{"numer":"1207E","klasa":"droga zbiorcza","kat":"powiatowa"},"geometry":{"type":"LineString","coordinates":[[19.44635,51.76787],[19.44595,51.76968]]}},{"type":"Feature","properties":{"numer":"1108E","klasa":"droga zbiorcza","kat":"powiatowa"},"geometry":{"type":"LineString","coordinates":[[19.43851,51.76891],[19.43595,51.76872],[19.43431,51.76883]]}},{"type":"Feature","properties":{"numer":"1108E","klasa":"droga zbiorcza","kat":"powiatowa"},"geometry":{"type":"LineString","coordinates":[[19.43431,51.76883],[19.43184,51.76908]]}},{"type":"Feature","properties":{"numer":"161844E","klasa":"droga zbiorcza","kat":"powiatowa"},"geometry":{"type":"LineString","coordinates":[[19.44937,51.76814],[19.44895,51.76996]]}},{"type":"Feature","properties":{"numer":"1108E","klasa":"droga zbiorcza","kat":"powiatowa"},"geometry":{"type":"LineString","coordinates":[[19.44109,51.76924],[19.43851,51.76891]]}},{"type":"Feature","properties":{"numer":"161845E","klasa":"droga zbiorcza","kat":"powiatowa"},"geometry":{"type":"LineString","coordinates":[[19.4609,51.76908],[19.4609,51.76912]]}},{"type":"Feature","properties":{"numer":"1108E","klasa":"droga zbiorcza","kat":"powiatowa"},"geometry":{"type":"LineString","coordinates":[[19.43184,51.76908],[19.43007,51.76927]]}},{"type":"Feature","properties":{"numer":"1105E","klasa":"droga zbiorcza","kat":"powiatowa"},"geometry":{"type":"LineString","coordinates":[[19.45205,51.76834],[19.45165,51.77021]]}},{"type":"Feature","properties":{"numer":"1108E","klasa":"droga zbiorcza","kat":"powiatowa"},"geometry":{"type":"LineString","coordinates":[[19.44109,51.76924],[19.44595,51.76968]]}},{"type":"Feature","properties":{"numer":"1159E","klasa":"droga zbiorcza","kat":"powiatowa"},"geometry":{"type":"LineString","coordinates":[[19.43431,51.76883],[19.43826,51.77012]]}},{"type":"Feature","properties":{"numer":"1180E","klasa":"droga zbiorcza","kat":"powiatowa"},"geometry":{"type":"LineString","coordinates":[[19.43851,51.76891],[19.43826,51.77012]]}},{"type":"Feature","properties":{"numer":"161845E","klasa":"droga zbiorcza","kat":"powiatowa"},"geometry":{"type":"LineString","coordinates":[[19.4609,51.76912],[19.46066,51.77001]]}},{"type":"Feature","properties":{"numer":"1108E","klasa":"droga zbiorcza","kat":"powiatowa"},"geometry":{"type":"LineString","coordinates":[[19.44595,51.76968],[19.44895,51.76996]]}},{"type":"Feature","properties":{"numer":"1182E","klasa":"droga zbiorcza","kat":"powiatowa"},"geometry":{"type":"LineString","coordinates":[[19.43806,51.77103],[19.43184,51.76908]]}},{"type":"Feature","properties":{"numer":"1108E","klasa":"droga zbiorcza","kat":"powiatowa"},"geometry":{"type":"LineString","coordinates":[[19.44895,51.76996],[19.45165,51.77021]]}},{"type":"Feature","properties":{"numer":"161845E","klasa":"droga zbiorcza","kat":"powiatowa"},"geometry":{"type":"LineString","coordinates":[[19.46066,51.77001],[19.4606,51.77026]]}},{"type":"Feature","properties":{"numer":"1108E","klasa":"droga zbiorcza","kat":"powiatowa"},"geometry":{"type":"LineString","coordinates":[[19.45165,51.77021],[19.45241,51.77027]]}},{"type":"Feature","properties":{"numer":"1171E","klasa":"droga zbiorcza","kat":"powiatowa"},"geometry":{"type":"LineString","coordinates":[[19.45372,51.76849],[19.45301,51.77243]]}},{"type":"Feature","properties":{"numer":"1108E","klasa":"droga zbiorcza","kat":"powiatowa"},"geometry":{"type":"LineString","coordinates":[[19.45422,51.77042],[19.45607,51.7706]]}},{"type":"Feature","properties":{"numer":"1180E","klasa":"droga zbiorcza","kat":"powiatowa"},"geometry":{"type":"LineString","coordinates":[[19.43826,51.77012],[19.43806,51.77103]]}},{"type":"Feature","properties":{"numer":"161845E","klasa":"droga zbiorcza","kat":"powiatowa"},"geometry":{"type":"LineString","coordinates":[[19.4606,51.77026],[19.46042,51.7709]]}},{"type":"Feature","properties":{"numer":"1207E","klasa":"droga zbiorcza","kat":"powiatowa"},"geometry":{"type":"LineString","coordinates":[[19.44595,51.76968],[19.44546,51.77173]]}},{"type":"Feature","properties":{"numer":"1108E","klasa":"droga zbiorcza","kat":"powiatowa"},"geometry":{"type":"LineString","coordinates":[[19.45607,51.7706],[19.45878,51.77085]]}},{"type":"Feature","properties":{"numer":"1108E","klasa":"droga zbiorcza","kat":"powiatowa"},"geometry":{"type":"LineString","coordinates":[[19.45878,51.77085],[19.45971,51.7709]]}},{"type":"Feature","properties":{"numer":"1108E","klasa":"droga zbiorcza","kat":"powiatowa"},"geometry":{"type":"LineString","coordinates":[[19.45971,51.7709],[19.46042,51.7709]]}},{"type":"Feature","properties":{"numer":"1159E","klasa":"droga zbiorcza","kat":"powiatowa"},"geometry":{"type":"LineString","coordinates":[[19.43826,51.77012],[19.44227,51.77146],[19.44546,51.77173]]}},{"type":"Feature","properties":{"numer":"161844E","klasa":"droga zbiorcza","kat":"powiatowa"},"geometry":{"type":"LineString","coordinates":[[19.44895,51.76996],[19.44852,51.77202]]}},{"type":"Feature","properties":{"numer":"1108E","klasa":"droga zbiorcza","kat":"powiatowa"},"geometry":{"type":"LineString","coordinates":[[19.46042,51.7709],[19.46337,51.77116]]}},{"type":"Feature","properties":{"numer":"1105E","klasa":"droga zbiorcza","kat":"powiatowa"},"geometry":{"type":"LineString","coordinates":[[19.45165,51.77021],[19.45121,51.77228]]}},{"type":"Feature","properties":{"numer":"1119E","klasa":"droga zbiorcza","kat":"powiatowa"},"geometry":{"type":"LineString","coordinates":[[19.43762,51.77303],[19.42907,51.77013]]}},{"type":"Feature","properties":{"numer":"1159E","klasa":"droga zbiorcza","kat":"powiatowa"},"geometry":{"type":"LineString","coordinates":[[19.44546,51.77173],[19.44852,51.77202]]}},{"type":"Feature","properties":{"numer":"1182E","klasa":"droga zbiorcza","kat":"powiatowa"},"geometry":{"type":"LineString","coordinates":[[19.43806,51.77103],[19.4433,51.7727],[19.44523,51.77288]]}},{"type":"Feature","properties":{"numer":"1180E","klasa":"droga zbiorcza","kat":"powiatowa"},"geometry":{"type":"LineString","coordinates":[[19.43806,51.77103],[19.43762,51.77303]]}},{"type":"Feature","properties":{"numer":"1159E","klasa":"droga zbiorcza","kat":"powiatowa"},"geometry":{"type":"LineString","coordinates":[[19.44852,51.77202],[19.45121,51.77228]]}},{"type":"Feature","properties":{"numer":"1207E","klasa":"droga zbiorcza","kat":"powiatowa"},"geometry":{"type":"LineString","coordinates":[[19.44546,51.77173],[19.44523,51.77288]]}},{"type":"Feature","properties":{"numer":"1159E","klasa":"droga zbiorcza","kat":"powiatowa"},"geometry":{"type":"LineString","coordinates":[[19.45121,51.77228],[19.45301,51.77243]]}},{"type":"Feature","properties":{"numer":"1159E","klasa":"droga zbiorcza","kat":"powiatowa"},"geometry":{"type":"LineString","coordinates":[[19.45301,51.77243],[19.4556,51.77268]]}},{"type":"Feature","properties":{"numer":"161844E","klasa":"droga zbiorcza","kat":"powiatowa"},"geometry":{"type":"LineString","coordinates":[[19.44852,51.77202],[19.44829,51.77316]]}},{"type":"Feature","properties":{"numer":"1159E","klasa":"droga zbiorcza","kat":"powiatowa"},"geometry":{"type":"LineString","coordinates":[[19.4556,51.77268],[19.45829,51.77292]]}},{"type":"Feature","properties":{"numer":"1159E","klasa":"droga zbiorcza","kat":"powiatowa"},"geometry":{"type":"LineString","coordinates":[[19.45829,51.77292],[19.46284,51.77332]]}},{"type":"Feature","properties":{"numer":"1108E","klasa":"droga zbiorcza","kat":"powiatowa"},"geometry":{"type":"LineString","coordinates":[[19.43007,51.76927],[19.42959,51.76942],[19.42907,51.77013]]}},{"type":"Feature","properties":{"numer":"1110E","klasa":"droga zbiorcza","kat":"powiatowa"},"geometry":{"type":"LineString","coordinates":[[19.42138,51.76735],[19.41764,51.77279]]}},{"type":"Feature","properties":{"numer":"488","klasa":"droga gĹ‚Ăłwna","kat":"wojewodzka"},"geometry":{"type":"LineString","coordinates":[[19.42146,51.77248],[19.42538,51.76958],[19.42588,51.76886]]}},{"type":"Feature","properties":{"numer":"1108E","klasa":"droga zbiorcza","kat":"powiatowa"},"geometry":{"type":"LineString","coordinates":[[19.42907,51.77013],[19.42747,51.77356]]}},{"type":"Feature","properties":{"numer":"1122E","klasa":"droga zbiorcza","kat":"powiatowa"},"geometry":{"type":"LineString","coordinates":[[19.42221,51.77271],[19.42146,51.77248]]}},{"type":"Feature","properties":{"numer":"1122E","klasa":"","kat":"powiatowa"},"geometry":{"type":"LineString","coordinates":[[19.41764,51.77279],[19.41976,51.7724]]}},{"type":"Feature","properties":{"numer":"1122E","klasa":"droga zbiorcza","kat":"powiatowa"},"geometry":{"type":"LineString","coordinates":[[19.42221,51.77271],[19.42495,51.77311],[19.42747,51.77356]]}},{"type":"Feature","properties":{"numer":"1122E","klasa":"droga zbiorcza","kat":"powiatowa"},"geometry":{"type":"LineString","coordinates":[[19.40589,51.77582],[19.40735,51.77482],[19.40773,51.77468],[19.41764,51.77279]]}},{"type":"Feature","properties":{"numer":"1109E","klasa":"droga zbiorcza","kat":"powiatowa"},"geometry":{"type":"LineString","coordinates":[[19.40033,51.77476],[19.40046,51.77479]]}},{"type":"Feature","properties":{"numer":"1110E","klasa":"droga zbiorcza","kat":"powiatowa"},"geometry":{"type":"LineString","coordinates":[[19.41764,51.77279],[19.41447,51.77778]]}},{"type":"Feature","properties":{"numer":"161847E","klasa":"droga zbiorcza","kat":"powiatowa"},"geometry":{"type":"LineString","coordinates":[[19.43762,51.77303],[19.43916,51.77358]]}},{"type":"Feature","properties":{"numer":"1207E","klasa":"droga zbiorcza","kat":"powiatowa"},"geometry":{"type":"LineString","coordinates":[[19.44523,51.77288],[19.44509,51.77382]]}},{"type":"Feature","properties":{"numer":"1171E","klasa":"droga zbiorcza","kat":"powiatowa"},"geometry":{"type":"LineString","coordinates":[[19.45301,51.77243],[19.45256,51.77449]]}},{"type":"Feature","properties":{"numer":"161844E","klasa":"droga zbiorcza","kat":"powiatowa"},"geometry":{"type":"LineString","coordinates":[[19.44829,51.77316],[19.44809,51.7741]]}},{"type":"Feature","properties":{"numer":"161847E","klasa":"droga zbiorcza","kat":"powiatowa"},"geometry":{"type":"LineString","coordinates":[[19.43916,51.77358],[19.44118,51.77429]]}},{"type":"Feature","properties":{"numer":"1177E","klasa":"droga zbiorcza","kat":"powiatowa"},"geometry":{"type":"LineString","coordinates":[[19.44509,51.77382],[19.44809,51.7741]]}},{"type":"Feature","properties":{"numer":"1177E","klasa":"droga zbiorcza","kat":"powiatowa"},"geometry":{"type":"LineString","coordinates":[[19.44809,51.7741],[19.45075,51.77432]]}},{"type":"Feature","properties":{"numer":"1177E","klasa":"droga zbiorcza","kat":"powiatowa"},"geometry":{"type":"LineString","coordinates":[[19.45075,51.77432],[19.45256,51.77449]]}},{"type":"Feature","properties":{"numer":"161847E","klasa":"droga zbiorcza","kat":"powiatowa"},"geometry":{"type":"LineString","coordinates":[[19.44118,51.77429],[19.44254,51.77477]]}},{"type":"Feature","properties":{"numer":"1207E","klasa":"droga zbiorcza","kat":"powiatowa"},"geometry":{"type":"LineString","coordinates":[[19.44509,51.77382],[19.44403,51.7753]]}},{"type":"Feature","properties":{"numer":"1205E","klasa":"droga zbiorcza","kat":"powiatowa"},"geometry":{"type":"LineString","coordinates":[[19.47295,51.77214],[19.47557,51.77441]]}},{"type":"Feature","properties":{"numer":"1159E","klasa":"droga zbiorcza","kat":"powiatowa"},"geometry":{"type":"LineString","coordinates":[[19.46284,51.77332],[19.46622,51.77362]]}},{"type":"Feature","properties":{"numer":"1159E","klasa":"droga zbiorcza","kat":"powiatowa"},"geometry":{"type":"LineString","coordinates":[[19.46622,51.77362],[19.46907,51.77386]]}},{"type":"Feature","properties":{"numer":"1159E","klasa":"droga zbiorcza","kat":"powiatowa"},"geometry":{"type":"LineString","coordinates":[[19.46907,51.77386],[19.47012,51.77395]]}},{"type":"Feature","properties":{"numer":"14","klasa":"droga gĹ‚Ăłwna ruchu przyĹ›pieszonego","kat":"krajowa"},"geometry":{"type":"LineString","coordinates":[[19.48274,51.77301],[19.48232,51.77489]]}},{"type":"Feature","properties":{"numer":"1108E","klasa":"droga zbiorcza","kat":"powiatowa"},"geometry":{"type":"LineString","coordinates":[[19.48472,51.77318],[19.49524,51.77413],[19.49725,51.77469],[19.49791,51.77479]]}},{"type":"Feature","properties":{"numer":"1159E","klasa":"droga zbiorcza","kat":"powiatowa"},"geometry":{"type":"LineString","coordinates":[[19.47012,51.77395],[19.47557,51.77441]]}},{"type":"Feature","properties":{"numer":"1142E","klasa":"droga zbiorcza","kat":"powiatowa"},"geometry":{"type":"LineString","coordinates":[[19.46284,51.77332],[19.46237,51.77535]]}},{"type":"Feature","properties":{"numer":"1159E","klasa":"droga zbiorcza","kat":"powiatowa"},"geometry":{"type":"LineString","coordinates":[[19.47557,51.77441],[19.48157,51.77491],[19.48232,51.77489]]}},{"type":"Feature","properties":{"numer":"1205E","klasa":"droga zbiorcza","kat":"powiatowa"},"geometry":{"type":"LineString","coordinates":[[19.47557,51.77441],[19.47654,51.77538],[19.47777,51.7764]]}},{"type":"Feature","properties":{"numer":"1122E","klasa":"droga zbiorcza","kat":"powiatowa"},"geometry":{"type":"LineString","coordinates":[[19.42747,51.77356],[19.43383,51.77503],[19.43654,51.77581]]}},{"type":"Feature","properties":{"numer":"1177E","klasa":"droga zbiorcza","kat":"powiatowa"},"geometry":{"type":"LineString","coordinates":[[19.45256,51.77449],[19.45782,51.77495]]}},{"type":"Feature","properties":{"numer":"161847E","klasa":"droga zbiorcza","kat":"powiatowa"},"geometry":{"type":"LineString","coordinates":[[19.44254,51.77477],[19.44352,51.77512]]}},{"type":"Feature","properties":{"numer":"161844E","klasa":"droga zbiorcza","kat":"powiatowa"},"geometry":{"type":"LineString","coordinates":[[19.44809,51.7741],[19.44765,51.77617]]}},{"type":"Feature","properties":{"numer":"1177E","klasa":"droga zbiorcza","kat":"powiatowa"},"geometry":{"type":"LineString","coordinates":[[19.45782,51.77495],[19.46237,51.77535]]}},{"type":"Feature","properties":{"numer":"161847E","klasa":"droga zbiorcza","kat":"powiatowa"},"geometry":{"type":"LineString","coordinates":[[19.44352,51.77512],[19.44403,51.7753]]}},{"type":"Feature","properties":{"numer":"161847E","klasa":"droga zbiorcza","kat":"powiatowa"},"geometry":{"type":"LineString","coordinates":[[19.44403,51.7753],[19.44421,51.77537]]}},{"type":"Feature","properties":{"numer":"1171E","klasa":"droga zbiorcza","kat":"powiatowa"},"geometry":{"type":"LineString","coordinates":[[19.45256,51.77449],[19.45213,51.77656]]}},{"type":"Feature","properties":{"numer":"161847E","klasa":"droga zbiorcza","kat":"powiatowa"},"geometry":{"type":"LineString","coordinates":[[19.44421,51.77537],[19.44602,51.77599],[19.44765,51.77617]]}},{"type":"Feature","properties":{"numer":"161847E","klasa":"droga zbiorcza","kat":"powiatowa"},"geometry":{"type":"LineString","coordinates":[[19.44765,51.77617],[19.45213,51.77656]]}},{"type":"Feature","properties":{"numer":"1193E","klasa":"","kat":"powiatowa"},"geometry":{"type":"LineString","coordinates":[[19.52236,51.76798],[19.52152,51.76809],[19.52013,51.76812]]}},{"type":"Feature","properties":{"numer":"1123E","klasa":"","kat":"powiatowa"},"geometry":{"type":"LineString","coordinates":[[19.5195,51.76901],[19.52121,51.7685],[19.52192,51.76824],[19.52236,51.76798]]}},{"type":"Feature","properties":{"numer":"1123E","klasa":"","kat":"powiatowa"},"geometry":{"type":"LineString","coordinates":[[19.5195,51.76901],[19.51843,51.76933],[19.51594,51.77026]]}},{"type":"Feature","properties":{"numer":"1123E","klasa":"","kat":"powiatowa"},"geometry":{"type":"LineString","coordinates":[[19.51594,51.77026],[19.51587,51.77029]]}},{"type":"Feature","properties":{"numer":"1119E","klasa":"droga zbiorcza","kat":"powiatowa"},"geometry":{"type":"LineString","coordinates":[[19.52655,51.77442],[19.52236,51.77484],[19.52159,51.77483]]}},{"type":"Feature","properties":{"numer":"1119E","klasa":"droga zbiorcza","kat":"powiatowa"},"geometry":{"type":"LineString","coordinates":[[19.52159,51.77483],[19.5208,51.77499],[19.51439,51.77566],[19.51415,51.77561]]}},{"type":"Feature","properties":{"numer":"1119E","klasa":"droga zbiorcza","kat":"powiatowa"},"geometry":{"type":"LineString","coordinates":[[19.51415,51.77561],[19.5139,51.77537]]}},{"type":"Feature","properties":{"numer":"1148E","klasa":"","kat":"powiatowa"},"geometry":{"type":"LineString","coordinates":[[19.52655,51.77442],[19.52809,51.77906]]}},{"type":"Feature","properties":{"numer":"1148E","klasa":"","kat":"powiatowa"},"geometry":{"type":"LineString","coordinates":[[19.52809,51.77906],[19.5284,51.77916],[19.53004,51.78004],[19.53024,51.78007],[19.53085,51.77996],[19.532,51.77922],[19.53265,51.77905],[19.53313,51.77909],[19.53352,51.77925],[19.53391,51.7797],[19.53391,51.78006],[19.53371,51.78034],[19.53164,51.78183],[19.53117,51.782],[19.52899,51.78246]]}},{"type":"Feature","properties":{"numer":"1158E","klasa":"droga zbiorcza","kat":"powiatowa"},"geometry":{"type":"LineString","coordinates":[[19.52174,51.77862],[19.52163,51.77884],[19.52235,51.78319]]}},{"type":"Feature","properties":{"numer":"1177E","klasa":"droga zbiorcza","kat":"powiatowa"},"geometry":{"type":"LineString","coordinates":[[19.46237,51.77535],[19.46593,51.77567]]}},{"type":"Feature","properties":{"numer":"1119E","klasa":"droga zbiorcza","kat":"powiatowa"},"geometry":{"type":"LineString","coordinates":[[19.5139,51.77537],[19.51368,51.7752],[19.51332,51.7752],[19.51232,51.7757],[19.51181,51.77586],[19.50768,51.77638]]}},{"type":"Feature","properties":{"numer":"1177E","klasa":"droga zbiorcza","kat":"powiatowa"},"geometry":{"type":"LineString","coordinates":[[19.46593,51.77567],[19.46908,51.77594]]}},{"type":"Feature","properties":{"numer":"1123E","klasa":"droga zbiorcza","kat":"powiatowa"},"geometry":{"type":"LineString","coordinates":[[19.49791,51.77479],[19.49798,51.77509],[19.49854,51.77594],[19.49902,51.77734]]}},{"type":"Feature","properties":{"numer":"1177E","klasa":"droga zbiorcza","kat":"powiatowa"},"geometry":{"type":"LineString","coordinates":[[19.46908,51.77594],[19.47712,51.77663]]}},{"type":"Feature","properties":{"numer":"1119E","klasa":"droga zbiorcza","kat":"powiatowa"},"geometry":{"type":"LineString","coordinates":[[19.50768,51.77638],[19.507,51.77646]]}},{"type":"Feature","properties":{"numer":"1177E","klasa":"droga zbiorcza","kat":"powiatowa"},"geometry":{"type":"LineString","coordinates":[[19.47777,51.7764],[19.47733,51.77661],[19.47712,51.77663]]}},{"type":"Feature","properties":{"numer":"1205E","klasa":"droga zbiorcza","kat":"powiatowa"},"geometry":{"type":"LineString","coordinates":[[19.47777,51.7764],[19.4785,51.77695]]}},{"type":"Feature","properties":{"numer":"1119E","klasa":"droga zbiorcza","kat":"powiatowa"},"geometry":{"type":"LineString","coordinates":[[19.507,51.77646],[19.50232,51.77699]]}},{"type":"Feature","properties":{"numer":"1177E","klasa":"droga zbiorcza","kat":"powiatowa"},"geometry":{"type":"LineString","coordinates":[[19.47712,51.77663],[19.4785,51.77695]]}},{"type":"Feature","properties":{"numer":"A1,E75","klasa":"autostrada","kat":"krajowa"},"geometry":{"type":"LineString","coordinates":[[19.6025,51.77403],[19.60182,51.77324]]}},{"type":"Feature","properties":{"numer":"1151E","klasa":"droga zbiorcza","kat":"powiatowa"},"geometry":{"type":"LineString","coordinates":[[19.60825,51.77885],[19.61058,51.77786],[19.610608009828034,51.77784280098278]]}},{"type":"Feature","properties":{"numer":"A1,E75","klasa":"autostrada","kat":"krajowa"},"geometry":{"type":"LineString","coordinates":[[19.6025,51.77403],[19.60493,51.77653],[19.60769,51.77909]]}},{"type":"Feature","properties":{"numer":"1151E","klasa":"droga zbiorcza","kat":"powiatowa"},"geometry":{"type":"LineString","coordinates":[[19.60769,51.77909],[19.60825,51.77885]]}},{"type":"Feature","properties":{"numer":"1151E","klasa":"droga zbiorcza","kat":"powiatowa"},"geometry":{"type":"LineString","coordinates":[[19.60717,51.7793],[19.60769,51.77909]]}},{"type":"Feature","properties":{"numer":"A1,E75","klasa":"autostrada","kat":"krajowa"},"geometry":{"type":"LineString","coordinates":[[19.60769,51.77909],[19.61079,51.78207],[19.61184,51.78322],[19.61365,51.78546],[19.61555,51.78837],[19.61761,51.79248]]}},{"type":"Feature","properties":{"numer":"1151E","klasa":"droga zbiorcza","kat":"powiatowa"},"geometry":{"type":"LineString","coordinates":[[19.58968,51.79386],[19.60483,51.78234],[19.60529,51.78176],[19.60555,51.78059],[19.60575,51.78021],[19.60613,51.77983],[19.60717,51.7793]]}},{"type":"Feature","properties":{"numer":"1150E","klasa":"","kat":"powiatowa"},"geometry":{"type":"LineString","coordinates":[[19.56853,51.78325],[19.5775,51.7877],[19.5891,51.79359],[19.58922,51.79365],[19.58966,51.79365]]}},{"type":"Feature","properties":{"numer":"72","klasa":"droga gĹ‚Ăłwna","kat":"krajowa"},"geometry":{"type":"LineString","coordinates":[[19.61355,51.79245],[19.61523,51.79238],[19.61676,51.79241]]}},{"type":"Feature","properties":{"numer":"1122E","klasa":"droga zbiorcza","kat":"powiatowa"},"geometry":{"type":"LineString","coordinates":[[19.47692,51.78087],[19.47784,51.78095]]}},{"type":"Feature","properties":{"numer":"161676E","klasa":"droga dojazdowa","kat":"powiatowa"},"geometry":{"type":"LineString","coordinates":[[19.47692,51.78087],[19.47692,51.78124]]}},{"type":"Feature","properties":{"numer":"14","klasa":"droga gĹ‚Ăłwna ruchu przyĹ›pieszonego","kat":"krajowa"},"geometry":{"type":"LineString","coordinates":[[19.48168,51.77974],[19.48233,51.78034],[19.48273,51.78089],[19.4829,51.78137],[19.48301,51.78269]]}},{"type":"Feature","properties":{"numer":"","klasa":"droga zbiorcza","kat":"powiatowa"},"geometry":{"type":"LineString","coordinates":[[19.51063,51.78215],[19.51179,51.78209]]}},{"type":"Feature","properties":{"numer":"","klasa":"droga zbiorcza","kat":"powiatowa"},"geometry":{"type":"LineString","coordinates":[[19.50952,51.78222],[19.51063,51.78215]]}},{"type":"Feature","properties":{"numer":"","klasa":"droga zbiorcza","kat":"powiatowa"},"geometry":{"type":"LineString","coordinates":[[19.50297,51.78272],[19.50952,51.78222]]}},{"type":"Feature","properties":{"numer":"","klasa":"droga zbiorcza","kat":"powiatowa"},"geometry":{"type":"LineString","coordinates":[[19.49543,51.78267],[19.49615,51.78269]]}},{"type":"Feature","properties":{"numer":"","klasa":"droga zbiorcza","kat":"powiatowa"},"geometry":{"type":"LineString","coordinates":[[19.48364,51.78269],[19.48301,51.78269]]}},{"type":"Feature","properties":{"numer":"","klasa":"droga zbiorcza","kat":"powiatowa"},"geometry":{"type":"LineString","coordinates":[[19.49615,51.78269],[19.49634,51.7827]]}},{"type":"Feature","properties":{"numer":"","klasa":"droga zbiorcza","kat":"powiatowa"},"geometry":{"type":"LineString","coordinates":[[19.48364,51.78269],[19.4846,51.78275]]}},{"type":"Feature","properties":{"numer":"1150E","klasa":"","kat":"powiatowa"},"geometry":{"type":"LineString","coordinates":[[19.56363,51.78041],[19.56452,51.78064],[19.56503,51.78087],[19.56669,51.78224],[19.5681,51.78303]]}},{"type":"Feature","properties":{"numer":"1119E","klasa":"droga zbiorcza","kat":"powiatowa"},"geometry":{"type":"LineString","coordinates":[[19.58966,51.79365],[19.58791,51.77798],[19.58731,51.77759],[19.57364,51.77061],[19.5705,51.77006],[19.56928,51.77005],[19.52655,51.77442]]}},{"type":"Feature","properties":{"numer":"","klasa":"droga zbiorcza","kat":"powiatowa"},"geometry":{"type":"LineString","coordinates":[[19.51179,51.78209],[19.51289,51.78211]]}},{"type":"Feature","properties":{"numer":"","klasa":"droga zbiorcza","kat":"powiatowa"},"geometry":{"type":"LineString","coordinates":[[19.51289,51.78211],[19.51376,51.78217]]}},{"type":"Feature","properties":{"numer":"","klasa":"droga zbiorcza","kat":"powiatowa"},"geometry":{"type":"LineString","coordinates":[[19.51376,51.78217],[19.51501,51.78232]]}},{"type":"Feature","properties":{"numer":"","klasa":"droga zbiorcza","kat":"powiatowa"},"geometry":{"type":"LineString","coordinates":[[19.51501,51.78232],[19.51509,51.78233]]}},{"type":"Feature","properties":{"numer":"","klasa":"droga zbiorcza","kat":"powiatowa"},"geometry":{"type":"LineString","coordinates":[[19.51509,51.78233],[19.5166,51.78261]]}},{"type":"Feature","properties":{"numer":"","klasa":"droga zbiorcza","kat":"powiatowa"},"geometry":{"type":"LineString","coordinates":[[19.52613,51.78281],[19.52899,51.78246]]}},{"type":"Feature","properties":{"numer":"","klasa":"droga zbiorcza","kat":"powiatowa"},"geometry":{"type":"LineString","coordinates":[[19.5166,51.78261],[19.51775,51.78285]]}},{"type":"Feature","properties":{"numer":"","klasa":"droga zbiorcza","kat":"powiatowa"},"geometry":{"type":"LineString","coordinates":[[19.52588,51.78284],[19.52613,51.78281]]}},{"type":"Feature","properties":{"numer":"","klasa":"droga zbiorcza","kat":"powiatowa"},"geometry":{"type":"LineString","coordinates":[[19.52568,51.78286],[19.52588,51.78284]]}},{"type":"Feature","properties":{"numer":"","klasa":"droga zbiorcza","kat":"powiatowa"},"geometry":{"type":"LineString","coordinates":[[19.51775,51.78285],[19.5178,51.78286]]}},{"type":"Feature","properties":{"numer":"","klasa":"droga zbiorcza","kat":"powiatowa"},"geometry":{"type":"LineString","coordinates":[[19.52448,51.78298],[19.52568,51.78286]]}},{"type":"Feature","properties":{"numer":"","klasa":"droga zbiorcza","kat":"powiatowa"},"geometry":{"type":"LineString","coordinates":[[19.5178,51.78286],[19.5189,51.78309]]}},{"type":"Feature","properties":{"numer":"","klasa":"droga zbiorcza","kat":"powiatowa"},"geometry":{"type":"LineString","coordinates":[[19.52419,51.78301],[19.52448,51.78298]]}},{"type":"Feature","properties":{"numer":"","klasa":"droga zbiorcza","kat":"powiatowa"},"geometry":{"type":"LineString","coordinates":[[19.52362,51.78306],[19.52419,51.78301]]}},{"type":"Feature","properties":{"numer":"","klasa":"droga zbiorcza","kat":"powiatowa"},"geometry":{"type":"LineString","coordinates":[[19.5189,51.78309],[19.51895,51.7831]]}},{"type":"Feature","properties":{"numer":"","klasa":"droga zbiorcza","kat":"powiatowa"},"geometry":{"type":"LineString","coordinates":[[19.52235,51.78319],[19.52362,51.78306]]}},{"type":"Feature","properties":{"numer":"1150E","klasa":"","kat":"powiatowa"},"geometry":{"type":"LineString","coordinates":[[19.5681,51.78303],[19.56853,51.78325]]}},{"type":"Feature","properties":{"numer":"","klasa":"droga zbiorcza","kat":"powiatowa"},"geometry":{"type":"LineString","coordinates":[[19.51895,51.7831],[19.52009,51.78333]]}},{"type":"Feature","properties":{"numer":"","klasa":"droga zbiorcza","kat":"powiatowa"},"geometry":{"type":"LineString","coordinates":[[19.50151,51.78275],[19.50179,51.78273]]}},{"type":"Feature","properties":{"numer":"","klasa":"droga zbiorcza","kat":"powiatowa"},"geometry":{"type":"LineString","coordinates":[[19.50232,51.78278],[19.50297,51.78272]]}},{"type":"Feature","properties":{"numer":"","klasa":"droga zbiorcza","kat":"powiatowa"},"geometry":{"type":"LineString","coordinates":[[19.50179,51.78273],[19.50232,51.78278]]}},{"type":"Feature","properties":{"numer":"","klasa":"droga zbiorcza","kat":"powiatowa"},"geometry":{"type":"LineString","coordinates":[[19.4943,51.78285],[19.49543,51.78267]]}},{"type":"Feature","properties":{"numer":"","klasa":"droga zbiorcza","kat":"powiatowa"},"geometry":{"type":"LineString","coordinates":[[19.49634,51.7827],[19.50027,51.78291]]}},{"type":"Feature","properties":{"numer":"","klasa":"droga zbiorcza","kat":"powiatowa"},"geometry":{"type":"LineString","coordinates":[[19.50027,51.78291],[19.50151,51.78275]]}},{"type":"Feature","properties":{"numer":"","klasa":"droga zbiorcza","kat":"powiatowa"},"geometry":{"type":"LineString","coordinates":[[19.49271,51.78311],[19.4943,51.78285]]}},{"type":"Feature","properties":{"numer":"","klasa":"droga zbiorcza","kat":"powiatowa"},"geometry":{"type":"LineString","coordinates":[[19.4846,51.78275],[19.48864,51.78322]]}},{"type":"Feature","properties":{"numer":"1232E","klasa":"droga zbiorcza","kat":"powiatowa"},"geometry":{"type":"LineString","coordinates":[[19.4804,51.78506],[19.48025,51.78497],[19.47954,51.78367],[19.47692,51.78124]]}},{"type":"Feature","properties":{"numer":"14","klasa":"droga gĹ‚Ăłwna ruchu przyĹ›pieszonego","kat":"krajowa"},"geometry":{"type":"LineString","coordinates":[[19.48301,51.78269],[19.48309,51.78367]]}},{"type":"Feature","properties":{"numer":"","klasa":"droga zbiorcza","kat":"powiatowa"},"geometry":{"type":"LineString","coordinates":[[19.52124,51.78331],[19.52235,51.78319]]}},{"type":"Feature","properties":{"numer":"","klasa":"droga zbiorcza","kat":"powiatowa"},"geometry":{"type":"LineString","coordinates":[[19.52009,51.78333],[19.52058,51.78341],[19.52124,51.78331]]}},{"type":"Feature","properties":{"numer":"1158E","klasa":"droga zbiorcza","kat":"powiatowa"},"geometry":{"type":"LineString","coordinates":[[19.52235,51.78319],[19.52274,51.78551],[19.52283,51.78684],[19.52351,51.78759],[19.52417,51.79112]]}},{"type":"Feature","properties":{"numer":"1148E","klasa":"","kat":"powiatowa"},"geometry":{"type":"LineString","coordinates":[[19.52899,51.78246],[19.53342,51.79601]]}},{"type":"Feature","properties":{"numer":"161692E","klasa":"droga lokalna","kat":"powiatowa"},"geometry":{"type":"LineString","coordinates":[[19.52143,51.79132],[19.52417,51.79112]]}},{"type":"Feature","properties":{"numer":"161692E","klasa":"droga lokalna","kat":"powiatowa"},"geometry":{"type":"LineString","coordinates":[[19.51925,51.79147],[19.52143,51.79132]]}},{"type":"Feature","properties":{"numer":"1132E","klasa":"","kat":"powiatowa"},"geometry":{"type":"LineString","coordinates":[[19.51477,51.79132],[19.51513,51.79128],[19.51794,51.79167],[19.51918,51.7917]]}},{"type":"Feature","properties":{"numer":"161811E","klasa":"droga lokalna","kat":"powiatowa"},"geometry":{"type":"LineString","coordinates":[[19.51918,51.7917],[19.51925,51.79147]]}},{"type":"Feature","properties":{"numer":"1158E","klasa":"droga zbiorcza","kat":"powiatowa"},"geometry":{"type":"LineString","coordinates":[[19.52417,51.79112],[19.5243,51.79209],[19.52386,51.79228],[19.52382,51.7925],[19.52474,51.79655]]}},{"type":"Feature","properties":{"numer":"72","klasa":"droga gĹ‚Ăłwna","kat":"krajowa"},"geometry":{"type":"LineString","coordinates":[[19.55653,51.79596],[19.58968,51.79386]]}},{"type":"Feature","properties":{"numer":"72","klasa":"droga gĹ‚Ăłwna","kat":"krajowa"},"geometry":{"type":"LineString","coordinates":[[19.61676,51.79241],[19.61761,51.79248]]}},{"type":"Feature","properties":{"numer":"72","klasa":"droga gĹ‚Ăłwna","kat":"krajowa"},"geometry":{"type":"LineString","coordinates":[[19.61761,51.79248],[19.61855,51.79258]]}},{"type":"Feature","properties":{"numer":"72","klasa":"droga gĹ‚Ăłwna","kat":"krajowa"},"geometry":{"type":"LineString","coordinates":[[19.58968,51.79386],[19.61145,51.79252],[19.61355,51.79245]]}},{"type":"Feature","properties":{"numer":"1119E,1150E","klasa":"droga zbiorcza","kat":"powiatowa"},"geometry":{"type":"LineString","coordinates":[[19.58966,51.79365],[19.58968,51.79386]]}},{"type":"Feature","properties":{"numer":"1150E","klasa":"droga zbiorcza","kat":"powiatowa"},"geometry":{"type":"LineString","coordinates":[[19.59027,51.79418],[19.58968,51.79386]]}},{"type":"Feature","properties":{"numer":"1119E","klasa":"","kat":"powiatowa"},"geometry":{"type":"LineString","coordinates":[[19.58968,51.79386],[19.58971,51.79424]]}},{"type":"Feature","properties":{"numer":"1119E","klasa":"","kat":"powiatowa"},"geometry":{"type":"LineString","coordinates":[[19.59027,51.79418],[19.58971,51.79424]]}},{"type":"Feature","properties":{"numer":"A1,E75","klasa":"autostrada","kat":"krajowa"},"geometry":{"type":"LineString","coordinates":[[19.61761,51.79248],[19.61838,51.79415],[19.61884021661216,51.794987261547426]]}},{"type":"Feature","properties":{"numer":"A1,E75","klasa":"autostrada","kat":"krajowa"},"geometry":{"type":"LineString","coordinates":[[19.61838,51.79736],[19.6162,51.79687],[19.61568,51.79663],[19.61528,51.79634],[19.615,51.79598],[19.61392,51.79378],[19.61355,51.79245]]}},{"type":"Feature","properties":{"numer":"A1,E75","klasa":"autostrada","kat":"krajowa"},"geometry":{"type":"LineString","coordinates":[[19.61838,51.79736],[19.61839288614219,51.79736018675568]]}},{"type":"Feature","properties":{"numer":"1132E","klasa":"","kat":"powiatowa"},"geometry":{"type":"LineString","coordinates":[[19.50703,51.79046],[19.51038,51.7909],[19.51163,51.7909],[19.51448,51.79119],[19.51477,51.79132]]}},{"type":"Feature","properties":{"numer":"1232E","klasa":"droga zbiorcza","kat":"powiatowa"},"geometry":{"type":"LineString","coordinates":[[19.47814,51.79221],[19.47865,51.7905]]}},{"type":"Feature","properties":{"numer":"14","klasa":"droga gĹ‚Ăłwna ruchu przyĹ›pieszonego","kat":"krajowa"},"geometry":{"type":"LineString","coordinates":[[19.48742,51.79103],[19.48821,51.79182],[19.48856,51.79236]]}},{"type":"Feature","properties":{"numer":"72","klasa":"droga gĹ‚Ăłwna","kat":"krajowa"},"geometry":{"type":"LineString","coordinates":[[19.4933,51.79328],[19.49003,51.79239],[19.48915,51.79231],[19.48856,51.79236]]}},{"type":"Feature","properties":{"numer":"72","klasa":"droga gĹ‚Ăłwna","kat":"krajowa"},"geometry":{"type":"LineString","coordinates":[[19.51705,51.79676],[19.5164,51.79666],[19.5059,51.79631],[19.50336,51.79602],[19.50158,51.79565],[19.4933,51.79328]]}},{"type":"Feature","properties":{"numer":"14,72","klasa":"droga gĹ‚Ăłwna ruchu przyĹ›pieszonego","kat":"gminna"},"geometry":{"type":"LineString","coordinates":[[19.48856,51.79236],[19.48864,51.79272],[19.48858,51.79337],[19.48766,51.79847],[19.48787,51.79922]]}},{"type":"Feature","properties":{"numer":"1232E","klasa":"droga zbiorcza","kat":"powiatowa"},"geometry":{"type":"LineString","coordinates":[[19.47707,51.80017],[19.47665,51.7956],[19.47682,51.79516],[19.47752,51.79427],[19.47814,51.79221]]}},{"type":"Feature","properties":{"numer":"72","klasa":"droga gĹ‚Ăłwna","kat":"krajowa"},"geometry":{"type":"LineString","coordinates":[[19.48787,51.79922],[19.48576,51.79983],[19.47707,51.80017]]}},{"type":"Feature","properties":{"numer":"14","klasa":"droga gĹ‚Ăłwna ruchu przyĹ›pieszonego","kat":"krajowa"},"geometry":{"type":"LineString","coordinates":[[19.48787,51.79922],[19.48845,51.80006],[19.48932,51.80068]]}},{"type":"Feature","properties":{"numer":"72","klasa":"droga gĹ‚Ăłwna","kat":"krajowa"},"geometry":{"type":"LineString","coordinates":[[19.47707,51.80017],[19.46587,51.80065]]}},{"type":"Feature","properties":{"numer":"1109E","klasa":"droga zbiorcza","kat":"powiatowa"},"geometry":{"type":"LineString","coordinates":[[19.40046,51.77479],[19.40471,51.77592]]}},{"type":"Feature","properties":{"numer":"1122E","klasa":"droga zbiorcza","kat":"powiatowa"},"geometry":{"type":"LineString","coordinates":[[19.40471,51.77592],[19.40553,51.7759],[19.40589,51.77582]]}},{"type":"Feature","properties":{"numer":"1122E","klasa":"droga zbiorcza","kat":"powiatowa"},"geometry":{"type":"LineString","coordinates":[[19.40589,51.77582],[19.4058,51.77631]]}},{"type":"Feature","properties":{"numer":"1109E","klasa":"droga zbiorcza","kat":"powiatowa"},"geometry":{"type":"LineString","coordinates":[[19.40471,51.77592],[19.4058,51.77631]]}},{"type":"Feature","properties":{"numer":"488","klasa":"droga gĹ‚Ăłwna","kat":"wojewodzka"},"geometry":{"type":"LineString","coordinates":[[19.42148,51.78015],[19.42151,51.77922],[19.42132,51.7777],[19.42089,51.77512],[19.42052,51.77379],[19.4208,51.77308],[19.42146,51.77248]]}},{"type":"Feature","properties":{"numer":"1109E","klasa":"droga zbiorcza","kat":"powiatowa"},"geometry":{"type":"LineString","coordinates":[[19.4058,51.77631],[19.41145,51.77834]]}},{"type":"Feature","properties":{"numer":"1108E","klasa":"droga zbiorcza","kat":"powiatowa"},"geometry":{"type":"LineString","coordinates":[[19.42747,51.77356],[19.42724,51.77443],[19.42745,51.77718],[19.42732,51.7786],[19.42674,51.78115]]}},{"type":"Feature","properties":{"numer":"161569E","klasa":"droga dojazdowa","kat":"powiatowa"},"geometry":{"type":"LineString","coordinates":[[19.41376,51.77793],[19.41335,51.77711],[19.41307,51.77691],[19.41277,51.77689]]}},{"type":"Feature","properties":{"numer":"1111E","klasa":"","kat":"powiatowa"},"geometry":{"type":"LineString","coordinates":[[19.41277,51.77689],[19.41266,51.77688],[19.41151,51.77817],[19.41145,51.77834]]}},{"type":"Feature","properties":{"numer":"1135E","klasa":"droga zbiorcza","kat":"powiatowa"},"geometry":{"type":"LineString","coordinates":[[19.41447,51.77778],[19.41376,51.77793]]}},{"type":"Feature","properties":{"numer":"1142E","klasa":"droga zbiorcza","kat":"powiatowa"},"geometry":{"type":"LineString","coordinates":[[19.46237,51.77535],[19.46188,51.77741]]}},{"type":"Feature","properties":{"numer":"1119E","klasa":"droga zbiorcza","kat":"powiatowa"},"geometry":{"type":"LineString","coordinates":[[19.45213,51.77656],[19.45261,51.7766]]}},{"type":"Feature","properties":{"numer":"1119E","klasa":"droga zbiorcza","kat":"powiatowa"},"geometry":{"type":"LineString","coordinates":[[19.45261,51.7766],[19.45471,51.77679]]}},{"type":"Feature","properties":{"numer":"161844E","klasa":"droga zbiorcza","kat":"powiatowa"},"geometry":{"type":"LineString","coordinates":[[19.44765,51.77617],[19.44741,51.77736]]}},{"type":"Feature","properties":{"numer":"1119E","klasa":"droga zbiorcza","kat":"powiatowa"},"geometry":{"type":"LineString","coordinates":[[19.45736,51.77702],[19.45471,51.77679]]}},{"type":"Feature","properties":{"numer":"1122E","klasa":"droga zbiorcza","kat":"powiatowa"},"geometry":{"type":"LineString","coordinates":[[19.43654,51.77581],[19.43862,51.77644],[19.44248,51.77789],[19.44723,51.77823]]}},{"type":"Feature","properties":{"numer":"1119E","klasa":"droga zbiorcza","kat":"powiatowa"},"geometry":{"type":"LineString","coordinates":[[19.46188,51.77741],[19.45736,51.77702]]}},{"type":"Feature","properties":{"numer":"1171E","klasa":"droga zbiorcza","kat":"powiatowa"},"geometry":{"type":"LineString","coordinates":[[19.45213,51.77656],[19.45175,51.77865]]}},{"type":"Feature","properties":{"numer":"161844E","klasa":"droga zbiorcza","kat":"powiatowa"},"geometry":{"type":"LineString","coordinates":[[19.44741,51.77736],[19.44723,51.77823]]}},{"type":"Feature","properties":{"numer":"1190E","klasa":"","kat":"powiatowa"},"geometry":{"type":"LineString","coordinates":[[19.45471,51.77679],[19.45426,51.77885]]}},{"type":"Feature","properties":{"numer":"14","klasa":"droga gĹ‚Ăłwna ruchu przyĹ›pieszonego","kat":"krajowa"},"geometry":{"type":"LineString","coordinates":[[19.48232,51.77489],[19.48163,51.77809],[19.4813,51.77904]]}},{"type":"Feature","properties":{"numer":"1119E","klasa":"droga zbiorcza","kat":"powiatowa"},"geometry":{"type":"LineString","coordinates":[[19.50232,51.77699],[19.50165,51.77707]]}},{"type":"Feature","properties":{"numer":"1119E","klasa":"droga zbiorcza","kat":"powiatowa"},"geometry":{"type":"LineString","coordinates":[[19.50165,51.77707],[19.49902,51.77734]]}},{"type":"Feature","properties":{"numer":"1119E","klasa":"droga zbiorcza","kat":"powiatowa"},"geometry":{"type":"LineString","coordinates":[[19.46872,51.778],[19.46188,51.77741]]}},{"type":"Feature","properties":{"numer":"1205E","klasa":"droga zbiorcza","kat":"powiatowa"},"geometry":{"type":"LineString","coordinates":[[19.4785,51.77695],[19.48044,51.77867],[19.48086,51.77892],[19.4813,51.77904]]}},{"type":"Feature","properties":{"numer":"1119E","klasa":"droga zbiorcza","kat":"powiatowa"},"geometry":{"type":"LineString","coordinates":[[19.49902,51.77734],[19.49595,51.77765],[19.49314,51.7778],[19.4813,51.77904]]}},{"type":"Feature","properties":{"numer":"1119E","klasa":"droga zbiorcza","kat":"powiatowa"},"geometry":{"type":"LineString","coordinates":[[19.4813,51.77904],[19.47984,51.77897],[19.46872,51.778]]}},{"type":"Feature","properties":{"numer":"14","klasa":"droga gĹ‚Ăłwna ruchu przyĹ›pieszonego","kat":"krajowa"},"geometry":{"type":"LineString","coordinates":[[19.4813,51.77904],[19.48168,51.77974]]}},{"type":"Feature","properties":{"numer":"1122E","klasa":"droga zbiorcza","kat":"powiatowa"},"geometry":{"type":"LineString","coordinates":[[19.46338,51.77966],[19.4681,51.78008]]}},{"type":"Feature","properties":{"numer":"1122E","klasa":"droga zbiorcza","kat":"powiatowa"},"geometry":{"type":"LineString","coordinates":[[19.4681,51.78008],[19.47692,51.78087]]}},{"type":"Feature","properties":{"numer":"1122E","klasa":"droga zbiorcza","kat":"powiatowa"},"geometry":{"type":"LineString","coordinates":[[19.44723,51.77823],[19.45003,51.77846]]}},{"type":"Feature","properties":{"numer":"1142E","klasa":"droga zbiorcza","kat":"powiatowa"},"geometry":{"type":"LineString","coordinates":[[19.46188,51.77741],[19.46138,51.77957]]}},{"type":"Feature","properties":{"numer":"1122E","klasa":"droga zbiorcza","kat":"powiatowa"},"geometry":{"type":"LineString","coordinates":[[19.45003,51.77846],[19.45116,51.77852],[19.45175,51.77865]]}},{"type":"Feature","properties":{"numer":"1122E","klasa":"droga zbiorcza","kat":"powiatowa"},"geometry":{"type":"LineString","coordinates":[[19.45175,51.77865],[19.45212,51.77875],[19.45424,51.77894]]}},{"type":"Feature","properties":{"numer":"1190E","klasa":"","kat":"powiatowa"},"geometry":{"type":"LineString","coordinates":[[19.45426,51.77885],[19.45424,51.77894]]}},{"type":"Feature","properties":{"numer":"1122E","klasa":"droga zbiorcza","kat":"powiatowa"},"geometry":{"type":"LineString","coordinates":[[19.45424,51.77894],[19.45689,51.77916]]}},{"type":"Feature","properties":{"numer":"1122E","klasa":"droga zbiorcza","kat":"powiatowa"},"geometry":{"type":"LineString","coordinates":[[19.45689,51.77916],[19.46138,51.77957]]}},{"type":"Feature","properties":{"numer":"1190E","klasa":"","kat":"powiatowa"},"geometry":{"type":"LineString","coordinates":[[19.45424,51.77894],[19.45402,51.77994]]}},{"type":"Feature","properties":{"numer":"1122E","klasa":"droga zbiorcza","kat":"powiatowa"},"geometry":{"type":"LineString","coordinates":[[19.46138,51.77957],[19.46338,51.77966]]}},{"type":"Feature","properties":{"numer":"1171E","klasa":"droga zbiorcza","kat":"powiatowa"},"geometry":{"type":"LineString","coordinates":[[19.45175,51.77865],[19.45156,51.77965],[19.45074,51.78192]]}},{"type":"Feature","properties":{"numer":"1142E","klasa":"droga zbiorcza","kat":"powiatowa"},"geometry":{"type":"LineString","coordinates":[[19.46138,51.77957],[19.46105,51.78101]]}},{"type":"Feature","properties":{"numer":"1190E","klasa":"","kat":"powiatowa"},"geometry":{"type":"LineString","coordinates":[[19.45402,51.77994],[19.45354,51.78197]]}},{"type":"Feature","properties":{"numer":"1135E","klasa":"droga zbiorcza","kat":"powiatowa"},"geometry":{"type":"LineString","coordinates":[[19.42674,51.78115],[19.42839,51.78137],[19.43299,51.78119],[19.43405,51.78112],[19.43838,51.78058],[19.43906,51.78056],[19.44251,51.78106],[19.44806,51.7821],[19.44871,51.78215],[19.44947,51.7821]]}},{"type":"Feature","properties":{"numer":"1135E","klasa":"droga zbiorcza","kat":"powiatowa"},"geometry":{"type":"LineString","coordinates":[[19.45074,51.78192],[19.45062,51.78194]]}},{"type":"Feature","properties":{"numer":"1135E","klasa":"droga zbiorcza","kat":"powiatowa"},"geometry":{"type":"LineString","coordinates":[[19.45354,51.78197],[19.45074,51.78192]]}},{"type":"Feature","properties":{"numer":"1135E","klasa":"droga zbiorcza","kat":"powiatowa"},"geometry":{"type":"LineString","coordinates":[[19.44947,51.7821],[19.45062,51.78194]]}},{"type":"Feature","properties":{"numer":"1190E","klasa":"droga zbiorcza","kat":"powiatowa"},"geometry":{"type":"LineString","coordinates":[[19.45354,51.78197],[19.45336,51.78275]]}},{"type":"Feature","properties":{"numer":"1171E","klasa":"droga zbiorcza","kat":"powiatowa"},"geometry":{"type":"LineString","coordinates":[[19.45074,51.78192],[19.45043,51.78294]]}},{"type":"Feature","properties":{"numer":"1142E","klasa":"droga zbiorcza","kat":"powiatowa"},"geometry":{"type":"LineString","coordinates":[[19.46105,51.78101],[19.46026,51.78484]]}},{"type":"Feature","properties":{"numer":"1190E","klasa":"droga zbiorcza","kat":"powiatowa"},"geometry":{"type":"LineString","coordinates":[[19.45336,51.78275],[19.45326,51.78316]]}},{"type":"Feature","properties":{"numer":"1135E","klasa":"droga zbiorcza","kat":"powiatowa"},"geometry":{"type":"LineString","coordinates":[[19.41376,51.77793],[19.41145,51.77834]]}},{"type":"Feature","properties":{"numer":"1135E","klasa":"droga zbiorcza","kat":"powiatowa"},"geometry":{"type":"LineString","coordinates":[[19.42148,51.78015],[19.41918,51.77954],[19.41743,51.77863],[19.41447,51.77778]]}},{"type":"Feature","properties":{"numer":"1111E","klasa":"droga zbiorcza","kat":"powiatowa"},"geometry":{"type":"LineString","coordinates":[[19.41145,51.77834],[19.41102,51.77858],[19.40986,51.77952],[19.40877,51.78013],[19.40552,51.77969],[19.4024,51.77965],[19.39969,51.77921]]}},{"type":"Feature","properties":{"numer":"1135E","klasa":"droga zbiorcza","kat":"powiatowa"},"geometry":{"type":"LineString","coordinates":[[19.42148,51.78015],[19.42301,51.78054],[19.42674,51.78115]]}},{"type":"Feature","properties":{"numer":"1108E","klasa":"droga zbiorcza","kat":"powiatowa"},"geometry":{"type":"LineString","coordinates":[[19.42674,51.78115],[19.42626,51.78266],[19.42644,51.78483]]}},{"type":"Feature","properties":{"numer":"488","klasa":"droga gĹ‚Ăłwna","kat":"wojewodzka"},"geometry":{"type":"LineString","coordinates":[[19.42105,51.78979],[19.42148,51.78015]]}},{"type":"Feature","properties":{"numer":"1108E","klasa":"droga zbiorcza","kat":"powiatowa"},"geometry":{"type":"LineString","coordinates":[[19.42644,51.78483],[19.4266,51.78602],[19.42817,51.78793]]}},{"type":"Feature","properties":{"numer":"1103E","klasa":"droga zbiorcza","kat":"powiatowa"},"geometry":{"type":"LineString","coordinates":[[19.42817,51.78793],[19.42233,51.78946]]}},{"type":"Feature","properties":{"numer":"1108E","klasa":"droga zbiorcza","kat":"powiatowa"},"geometry":{"type":"LineString","coordinates":[[19.42817,51.78793],[19.43011,51.79035]]}},{"type":"Feature","properties":{"numer":"1103E","klasa":"droga zbiorcza","kat":"powiatowa"},"geometry":{"type":"LineString","coordinates":[[19.42233,51.78946],[19.42105,51.78979]]}},{"type":"Feature","properties":{"numer":"1103E","klasa":"droga zbiorcza","kat":"powiatowa"},"geometry":{"type":"LineString","coordinates":[[19.45326,51.78316],[19.45043,51.78294]]}},{"type":"Feature","properties":{"numer":"1103E,1190E","klasa":"droga zbiorcza","kat":"powiatowa"},"geometry":{"type":"LineString","coordinates":[[19.45326,51.78316],[19.45317,51.78353]]}},{"type":"Feature","properties":{"numer":"1103E","klasa":"droga zbiorcza","kat":"powiatowa"},"geometry":{"type":"LineString","coordinates":[[19.45437,51.78358],[19.45317,51.78353]]}},{"type":"Feature","properties":{"numer":"1103E","klasa":"droga zbiorcza","kat":"powiatowa"},"geometry":{"type":"LineString","coordinates":[[19.45437,51.78358],[19.45685,51.78393],[19.45893,51.78442],[19.46026,51.78484]]}},{"type":"Feature","properties":{"numer":"1103E","klasa":"droga zbiorcza","kat":"powiatowa"},"geometry":{"type":"LineString","coordinates":[[19.45043,51.78294],[19.43894,51.78495],[19.43477,51.78583]]}},{"type":"Feature","properties":{"numer":"1171E","klasa":"droga zbiorcza","kat":"powiatowa"},"geometry":{"type":"LineString","coordinates":[[19.45043,51.78294],[19.44912,51.78706]]}},{"type":"Feature","properties":{"numer":"1142E","klasa":"droga zbiorcza","kat":"powiatowa"},"geometry":{"type":"LineString","coordinates":[[19.46026,51.78484],[19.4601,51.78532]]}},{"type":"Feature","properties":{"numer":"1190E","klasa":"droga zbiorcza","kat":"powiatowa"},"geometry":{"type":"LineString","coordinates":[[19.45225,51.78666],[19.45254,51.78622],[19.45317,51.78353]]}},{"type":"Feature","properties":{"numer":"1179E","klasa":"droga zbiorcza","kat":"powiatowa"},"geometry":{"type":"LineString","coordinates":[[19.4543,51.78668],[19.45437,51.78358]]}},{"type":"Feature","properties":{"numer":"1142E","klasa":"droga zbiorcza","kat":"powiatowa"},"geometry":{"type":"LineString","coordinates":[[19.4601,51.78532],[19.45979,51.78677]]}},{"type":"Feature","properties":{"numer":"","klasa":"droga zbiorcza","kat":"powiatowa"},"geometry":{"type":"LineString","coordinates":[[19.49113,51.78336],[19.49271,51.78311]]}},{"type":"Feature","properties":{"numer":"","klasa":"droga zbiorcza","kat":"powiatowa"},"geometry":{"type":"LineString","coordinates":[[19.48864,51.78322],[19.49022,51.7834],[19.49113,51.78336]]}},{"type":"Feature","properties":{"numer":"1232E","klasa":"droga zbiorcza","kat":"powiatowa"},"geometry":{"type":"LineString","coordinates":[[19.4804,51.78506],[19.48072,51.78456],[19.48125,51.78418],[19.48309,51.78367]]}},{"type":"Feature","properties":{"numer":"1103E","klasa":"droga zbiorcza","kat":"powiatowa"},"geometry":{"type":"LineString","coordinates":[[19.46026,51.78484],[19.46222,51.78508],[19.46351,51.78533],[19.46447,51.78537],[19.46764,51.78608]]}},{"type":"Feature","properties":{"numer":"1232E","klasa":"droga zbiorcza","kat":"powiatowa"},"geometry":{"type":"LineString","coordinates":[[19.47911,51.78903],[19.4804,51.78506]]}},{"type":"Feature","properties":{"numer":"14","klasa":"droga gĹ‚Ăłwna ruchu przyĹ›pieszonego","kat":"krajowa"},"geometry":{"type":"LineString","coordinates":[[19.48309,51.78367],[19.48322,51.78555],[19.48358,51.78651],[19.48415,51.78728],[19.48742,51.79103]]}},{"type":"Feature","properties":{"numer":"1103E","klasa":"droga zbiorcza","kat":"powiatowa"},"geometry":{"type":"LineString","coordinates":[[19.46764,51.78608],[19.47011,51.78677],[19.4719,51.78712],[19.47911,51.78903]]}},{"type":"Feature","properties":{"numer":"1113E","klasa":"droga zbiorcza","kat":"powiatowa"},"geometry":{"type":"LineString","coordinates":[[19.46764,51.78608],[19.46787,51.78693],[19.46784,51.79076],[19.46925,51.79077],[19.47619,51.79029],[19.47865,51.7905]]}},{"type":"Feature","properties":{"numer":"1232E","klasa":"droga zbiorcza","kat":"powiatowa"},"geometry":{"type":"LineString","coordinates":[[19.47865,51.7905],[19.47911,51.78903]]}},{"type":"Feature","properties":{"numer":"1103E","klasa":"droga zbiorcza","kat":"powiatowa"},"geometry":{"type":"LineString","coordinates":[[19.47911,51.78903],[19.48098,51.78965],[19.48635,51.79104],[19.48684,51.79112],[19.48742,51.79103]]}},{"type":"Feature","properties":{"numer":"1172E","klasa":"droga zbiorcza","kat":"powiatowa"},"geometry":{"type":"LineString","coordinates":[[19.4543,51.78668],[19.45225,51.78666]]}},{"type":"Feature","properties":{"numer":"1172E","klasa":"droga zbiorcza","kat":"powiatowa"},"geometry":{"type":"LineString","coordinates":[[19.45979,51.78677],[19.4543,51.78668]]}},{"type":"Feature","properties":{"numer":"1172E","klasa":"droga zbiorcza","kat":"powiatowa"},"geometry":{"type":"LineString","coordinates":[[19.45225,51.78666],[19.45181,51.78667],[19.45087,51.78686]]}},{"type":"Feature","properties":{"numer":"1190E","klasa":"droga zbiorcza","kat":"powiatowa"},"geometry":{"type":"LineString","coordinates":[[19.45194,51.7871],[19.45225,51.78666]]}},{"type":"Feature","properties":{"numer":"1103E","klasa":"droga zbiorcza","kat":"powiatowa"},"geometry":{"type":"LineString","coordinates":[[19.43477,51.78583],[19.42817,51.78793]]}},{"type":"Feature","properties":{"numer":"1172E","klasa":"droga zbiorcza","kat":"powiatowa"},"geometry":{"type":"LineString","coordinates":[[19.45087,51.78686],[19.44912,51.78706]]}},{"type":"Feature","properties":{"numer":"1172E","klasa":"droga zbiorcza","kat":"powiatowa"},"geometry":{"type":"LineString","coordinates":[[19.45087,51.78686],[19.45148,51.78692],[19.45194,51.7871]]}},{"type":"Feature","properties":{"numer":"1172E","klasa":"droga zbiorcza","kat":"powiatowa"},"geometry":{"type":"LineString","coordinates":[[19.44912,51.78706],[19.44817,51.78718]]}},{"type":"Feature","properties":{"numer":"1190E","klasa":"droga zbiorcza","kat":"powiatowa"},"geometry":{"type":"LineString","coordinates":[[19.45059,51.78898],[19.45194,51.7871]]}},{"type":"Feature","properties":{"numer":"1172E","klasa":"droga zbiorcza","kat":"powiatowa"},"geometry":{"type":"LineString","coordinates":[[19.43587,51.78919],[19.44251,51.78789],[19.44817,51.78718]]}},{"type":"Feature","properties":{"numer":"1111E","klasa":"droga zbiorcza","kat":"powiatowa"},"geometry":{"type":"LineString","coordinates":[[19.39956,51.77919],[19.39902,51.77911]]}},{"type":"Feature","properties":{"numer":"1111E","klasa":"droga zbiorcza","kat":"powiatowa"},"geometry":{"type":"LineString","coordinates":[[19.39956,51.77919],[19.39969,51.77921]]}},{"type":"Feature","properties":{"numer":"1134E","klasa":"droga zbiorcza","kat":"powiatowa"},"geometry":{"type":"LineString","coordinates":[[19.39691,51.78015],[19.39814,51.77948],[19.39902,51.77911]]}},{"type":"Feature","properties":{"numer":"1134E","klasa":"droga zbiorcza","kat":"powiatowa"},"geometry":{"type":"LineString","coordinates":[[19.39155,51.78253],[19.39468,51.78153],[19.39633,51.78074],[19.39691,51.78015]]}},{"type":"Feature","properties":{"numer":"1134E","klasa":"droga zbiorcza","kat":"powiatowa"},"geometry":{"type":"LineString","coordinates":[[19.35427,51.78993],[19.37061,51.78892],[19.3737,51.78791],[19.37719,51.78702],[19.3803,51.78571],[19.38318,51.78479],[19.38588,51.78368],[19.38753,51.78324],[19.39155,51.78253]]}},{"type":"Feature","properties":{"numer":"1215E","klasa":"droga zbiorcza","kat":"powiatowa"},"geometry":{"type":"LineString","coordinates":[[19.39334,51.7925],[19.39333,51.79167],[19.39155,51.78253]]}},{"type":"Feature","properties":{"numer":"1163E","klasa":"droga zbiorcza","kat":"powiatowa"},"geometry":{"type":"LineString","coordinates":[[19.38444,51.79387],[19.38321,51.79171],[19.38216,51.79095]]}},{"type":"Feature","properties":{"numer":"1218E","klasa":"droga zbiorcza","kat":"powiatowa"},"geometry":{"type":"LineString","coordinates":[[19.38444,51.79387],[19.39063,51.79263],[19.39334,51.7925]]}},{"type":"Feature","properties":{"numer":"1218E","klasa":"droga zbiorcza","kat":"powiatowa"},"geometry":{"type":"LineString","coordinates":[[19.37398,51.79484],[19.37939,51.79374],[19.38031,51.79371],[19.38444,51.79387]]}},{"type":"Feature","properties":{"numer":"1215E","klasa":"droga zbiorcza","kat":"powiatowa"},"geometry":{"type":"LineString","coordinates":[[19.39423,51.79676],[19.39398,51.7948],[19.39334,51.7925]]}},{"type":"Feature","properties":{"numer":"1103E","klasa":"","kat":"powiatowa"},"geometry":{"type":"LineString","coordinates":[[19.41997,51.79005],[19.42105,51.78979]]}},{"type":"Feature","properties":{"numer":"1172E","klasa":"droga zbiorcza","kat":"powiatowa"},"geometry":{"type":"LineString","coordinates":[[19.42435,51.7915],[19.43011,51.79035]]}},{"type":"Feature","properties":{"numer":"488","klasa":"droga gĹ‚Ăłwna","kat":"wojewodzka"},"geometry":{"type":"LineString","coordinates":[[19.42158,51.7923],[19.42109,51.7911],[19.42105,51.78979]]}},{"type":"Feature","properties":{"numer":"1172E","klasa":"droga zbiorcza","kat":"powiatowa"},"geometry":{"type":"LineString","coordinates":[[19.42435,51.7915],[19.42313,51.7918],[19.42158,51.7923]]}},{"type":"Feature","properties":{"numer":"1103E","klasa":"","kat":"powiatowa"},"geometry":{"type":"LineString","coordinates":[[19.40648,51.79519],[19.40692,51.7944],[19.40791,51.79336],[19.40832,51.79312],[19.41773,51.79073],[19.41997,51.79005]]}},{"type":"Feature","properties":{"numer":"72","klasa":"droga gĹ‚Ăłwna","kat":"krajowa"},"geometry":{"type":"LineString","coordinates":[[19.42158,51.7923],[19.41858,51.79271],[19.41637,51.7931]]}},{"type":"Feature","properties":{"numer":"72","klasa":"droga gĹ‚Ăłwna","kat":"krajowa"},"geometry":{"type":"LineString","coordinates":[[19.41637,51.7931],[19.41093,51.79421]]}},{"type":"Feature","properties":{"numer":"72","klasa":"droga gĹ‚Ăłwna","kat":"krajowa"},"geometry":{"type":"LineString","coordinates":[[19.40887,51.79467],[19.41093,51.79421]]}},{"type":"Feature","properties":{"numer":"72","klasa":"droga gĹ‚Ăłwna","kat":"krajowa"},"geometry":{"type":"LineString","coordinates":[[19.40648,51.79519],[19.40887,51.79467]]}},{"type":"Feature","properties":{"numer":"1103E","klasa":"droga zbiorcza","kat":"powiatowa"},"geometry":{"type":"LineString","coordinates":[[19.40887,51.79467],[19.40924,51.7956]]}},{"type":"Feature","properties":{"numer":"1171E","klasa":"droga zbiorcza","kat":"powiatowa"},"geometry":{"type":"LineString","coordinates":[[19.44912,51.78706],[19.4491,51.78837],[19.44933,51.78948]]}},{"type":"Feature","properties":{"numer":"1179E","klasa":"droga zbiorcza","kat":"powiatowa"},"geometry":{"type":"LineString","coordinates":[[19.4543,51.78668],[19.45437,51.79009],[19.45477,51.79132]]}},{"type":"Feature","properties":{"numer":"1190E","klasa":"droga zbiorcza","kat":"powiatowa"},"geometry":{"type":"LineString","coordinates":[[19.45059,51.78898],[19.45034,51.78918],[19.44933,51.78948]]}},{"type":"Feature","properties":{"numer":"1172E","klasa":"droga zbiorcza","kat":"powiatowa"},"geometry":{"type":"LineString","coordinates":[[19.43011,51.79035],[19.43587,51.78919]]}},{"type":"Feature","properties":{"numer":"1190E","klasa":"droga zbiorcza","kat":"powiatowa"},"geometry":{"type":"LineString","coordinates":[[19.44933,51.78948],[19.44911,51.79058]]}},{"type":"Feature","properties":{"numer":"1142E","klasa":"droga zbiorcza","kat":"powiatowa"},"geometry":{"type":"LineString","coordinates":[[19.45979,51.78677],[19.45946,51.78855],[19.46008,51.79127],[19.46058,51.79679],[19.46108,51.80081]]}},{"type":"Feature","properties":{"numer":"1190E","klasa":"droga zbiorcza","kat":"powiatowa"},"geometry":{"type":"LineString","coordinates":[[19.44911,51.79058],[19.44883,51.79116],[19.44427,51.7975]]}},{"type":"Feature","properties":{"numer":"1108E","klasa":"droga zbiorcza","kat":"powiatowa"},"geometry":{"type":"LineString","coordinates":[[19.43011,51.79035],[19.43122,51.7921],[19.43313,51.79823]]}},{"type":"Feature","properties":{"numer":"1179E","klasa":"droga zbiorcza","kat":"powiatowa"},"geometry":{"type":"LineString","coordinates":[[19.45477,51.79132],[19.45581,51.79647],[19.45596,51.79799],[19.45641,51.79929],[19.45683,51.80004]]}},{"type":"Feature","properties":{"numer":"1156E","klasa":"droga zbiorcza","kat":"powiatowa"},"geometry":{"type":"LineString","coordinates":[[19.44159,51.79741],[19.44307,51.7972],[19.44427,51.7975]]}},{"type":"Feature","properties":{"numer":"1218E","klasa":"droga zbiorcza","kat":"powiatowa"},"geometry":{"type":"LineString","coordinates":[[19.36024,51.79577],[19.3667,51.79448],[19.36766,51.79449],[19.37076,51.79489],[19.37398,51.79484]]}},{"type":"Feature","properties":{"numer":"1163E","klasa":"droga zbiorcza","kat":"powiatowa"},"geometry":{"type":"LineString","coordinates":[[19.3864,51.79783],[19.38444,51.79387]]}},{"type":"Feature","properties":{"numer":"72","klasa":"droga gĹ‚Ăłwna","kat":"krajowa"},"geometry":{"type":"LineString","coordinates":[[19.39434,51.7976],[19.40262,51.79595]]}},{"type":"Feature","properties":{"numer":"1215E","klasa":"droga zbiorcza","kat":"powiatowa"},"geometry":{"type":"LineString","coordinates":[[19.39434,51.7976],[19.39423,51.79676]]}},{"type":"Feature","properties":{"numer":"1220E","klasa":"droga zbiorcza","kat":"powiatowa"},"geometry":{"type":"LineString","coordinates":[[19.37581,51.80059],[19.3754,51.79973],[19.37569,51.79784],[19.37441,51.79536],[19.37398,51.79484]]}},{"type":"Feature","properties":{"numer":"72","klasa":"droga gĹ‚Ăłwna","kat":"krajowa"},"geometry":{"type":"LineString","coordinates":[[19.38693,51.79907],[19.39434,51.7976]]}},{"type":"Feature","properties":{"numer":"1163E","klasa":"droga zbiorcza","kat":"powiatowa"},"geometry":{"type":"LineString","coordinates":[[19.38693,51.79907],[19.3864,51.79783]]}},{"type":"Feature","properties":{"numer":"5102E","klasa":"droga zbiorcza","kat":"powiatowa"},"geometry":{"type":"LineString","coordinates":[[19.36024,51.79577],[19.36789,51.80287]]}},{"type":"Feature","properties":{"numer":"1163E","klasa":"droga zbiorcza","kat":"powiatowa"},"geometry":{"type":"LineString","coordinates":[[19.38754,51.80004],[19.38693,51.79907]]}},{"type":"Feature","properties":{"numer":"72","klasa":"droga gĹ‚Ăłwna","kat":"krajowa"},"geometry":{"type":"LineString","coordinates":[[19.37635,51.8012],[19.38693,51.79907]]}},{"type":"Feature","properties":{"numer":"72","klasa":"droga gĹ‚Ăłwna","kat":"krajowa"},"geometry":{"type":"LineString","coordinates":[[19.40262,51.79595],[19.40648,51.79519]]}},{"type":"Feature","properties":{"numer":"1103E","klasa":"","kat":"powiatowa"},"geometry":{"type":"LineString","coordinates":[[19.40924,51.7956],[19.40734,51.79597],[19.40696,51.79598],[19.40661,51.79588],[19.4064,51.79569],[19.40648,51.79519]]}},{"type":"Feature","properties":{"numer":"72","klasa":"droga gĹ‚Ăłwna ruchu przyĹ›pieszonego","kat":"krajowa"},"geometry":{"type":"LineString","coordinates":[[19.42437,51.79919],[19.42315,51.79485],[19.42278,51.7941],[19.42158,51.7923]]}},{"type":"Feature","properties":{"numer":"1238E","klasa":"droga zbiorcza","kat":"powiatowa"},"geometry":{"type":"LineString","coordinates":[[19.40261,51.79587],[19.40262,51.79595]]}},{"type":"Feature","properties":{"numer":"1103E","klasa":"droga zbiorcza","kat":"powiatowa"},"geometry":{"type":"LineString","coordinates":[[19.40924,51.7956],[19.41092,51.80059]]}},{"type":"Feature","properties":{"numer":"1156E","klasa":"droga zbiorcza","kat":"powiatowa"},"geometry":{"type":"LineString","coordinates":[[19.42528,51.79911],[19.43313,51.79823]]}},{"type":"Feature","properties":{"numer":"1156E","klasa":"droga zbiorcza","kat":"powiatowa"},"geometry":{"type":"LineString","coordinates":[[19.42528,51.79911],[19.42437,51.79919]]}},{"type":"Feature","properties":{"numer":"1156E","klasa":"droga zbiorcza","kat":"powiatowa"},"geometry":{"type":"LineString","coordinates":[[19.42437,51.79919],[19.42194,51.79943]]}},{"type":"Feature","properties":{"numer":"1156E","klasa":"droga zbiorcza","kat":"powiatowa"},"geometry":{"type":"LineString","coordinates":[[19.41092,51.80059],[19.42194,51.79943]]}},{"type":"Feature","properties":{"numer":"72","klasa":"droga gĹ‚Ăłwna ruchu przyĹ›pieszonego","kat":"krajowa"},"geometry":{"type":"LineString","coordinates":[[19.42586,51.80468],[19.42437,51.79919]]}},{"type":"Feature","properties":{"numer":"1156E","klasa":"droga zbiorcza","kat":"powiatowa"},"geometry":{"type":"LineString","coordinates":[[19.44427,51.7975],[19.44451,51.79756]]}},{"type":"Feature","properties":{"numer":"1156E","klasa":"droga zbiorcza","kat":"powiatowa"},"geometry":{"type":"LineString","coordinates":[[19.43879,51.79767],[19.44159,51.79741]]}},{"type":"Feature","properties":{"numer":"1156E","klasa":"droga zbiorcza","kat":"powiatowa"},"geometry":{"type":"LineString","coordinates":[[19.43313,51.79823],[19.43879,51.79767]]}},{"type":"Feature","properties":{"numer":"161073E","klasa":"droga lokalna","kat":"powiatowa"},"geometry":{"type":"LineString","coordinates":[[19.43385,51.79919],[19.43373,51.79879],[19.43313,51.79823]]}},{"type":"Feature","properties":{"numer":"1190E","klasa":"droga zbiorcza","kat":"powiatowa"},"geometry":{"type":"LineString","coordinates":[[19.44427,51.7975],[19.4424,51.80022]]}},{"type":"Feature","properties":{"numer":"1156E","klasa":"droga gĹ‚Ăłwna","kat":"powiatowa"},"geometry":{"type":"LineString","coordinates":[[19.45743,51.80093],[19.45663,51.80092],[19.45585,51.80077],[19.44451,51.79756]]}},{"type":"Feature","properties":{"numer":"161073E","klasa":"droga lokalna","kat":"powiatowa"},"geometry":{"type":"LineString","coordinates":[[19.43388,51.79932],[19.43385,51.79919]]}},{"type":"Feature","properties":{"numer":"1179E","klasa":"droga zbiorcza","kat":"powiatowa"},"geometry":{"type":"LineString","coordinates":[[19.45683,51.80004],[19.45743,51.80093]]}},{"type":"Feature","properties":{"numer":"72","klasa":"droga gĹ‚Ăłwna","kat":"krajowa"},"geometry":{"type":"LineString","coordinates":[[19.46108,51.80081],[19.45743,51.80093]]}},{"type":"Feature","properties":{"numer":"1190E","klasa":"droga zbiorcza","kat":"powiatowa"},"geometry":{"type":"LineString","coordinates":[[19.4424,51.80022],[19.44153,51.8021]]}},{"type":"Feature","properties":{"numer":"1215E","klasa":"droga zbiorcza","kat":"powiatowa"},"geometry":{"type":"LineString","coordinates":[[19.39527,51.80323],[19.39434,51.7976]]}},{"type":"Feature","properties":{"numer":"1220E","klasa":"droga zbiorcza","kat":"powiatowa"},"geometry":{"type":"LineString","coordinates":[[19.37635,51.8012],[19.37581,51.80059]]}},{"type":"Feature","properties":{"numer":"1220E","klasa":"droga zbiorcza","kat":"powiatowa"},"geometry":{"type":"LineString","coordinates":[[19.37724,51.80199],[19.37635,51.8012]]}},{"type":"Feature","properties":{"numer":"72","klasa":"droga gĹ‚Ăłwna","kat":"krajowa"},"geometry":{"type":"LineString","coordinates":[[19.36789,51.80287],[19.37635,51.8012]]}},{"type":"Feature","properties":{"numer":"1163E","klasa":"droga zbiorcza","kat":"powiatowa"},"geometry":{"type":"LineString","coordinates":[[19.38897,51.80453],[19.38874,51.80398],[19.38823,51.80137],[19.38754,51.80004]]}},{"type":"Feature","properties":{"numer":"72","klasa":"droga gĹ‚Ăłwna","kat":"krajowa"},"geometry":{"type":"LineString","coordinates":[[19.36577,51.80323],[19.36789,51.80287]]}},{"type":"Feature","properties":{"numer":"1221E","klasa":"","kat":"powiatowa"},"geometry":{"type":"LineString","coordinates":[[19.39527,51.80323],[19.39322,51.80367]]}},{"type":"Feature","properties":{"numer":"1221E","klasa":"","kat":"powiatowa"},"geometry":{"type":"LineString","coordinates":[[19.39322,51.80367],[19.39004,51.80442],[19.38968,51.80446]]}},{"type":"Feature","properties":{"numer":"1220E","klasa":"droga zbiorcza","kat":"powiatowa"},"geometry":{"type":"LineString","coordinates":[[19.3803,51.80671],[19.37936,51.80574],[19.37724,51.80199]]}},{"type":"Feature","properties":{"numer":"1221E","klasa":"","kat":"powiatowa"},"geometry":{"type":"LineString","coordinates":[[19.38968,51.80446],[19.38897,51.80453]]}},{"type":"Feature","properties":{"numer":"1221E","klasa":"","kat":"powiatowa"},"geometry":{"type":"LineString","coordinates":[[19.38897,51.80453],[19.38353,51.80578],[19.3803,51.80671]]}},{"type":"Feature","properties":{"numer":"1215E","klasa":"droga zbiorcza","kat":"powiatowa"},"geometry":{"type":"LineString","coordinates":[[19.39618,51.80821],[19.39527,51.80323]]}},{"type":"Feature","properties":{"numer":"5102E","klasa":"droga zbiorcza","kat":"powiatowa"},"geometry":{"type":"LineString","coordinates":[[19.37583,51.81066],[19.36897,51.80405],[19.36789,51.80287]]}},{"type":"Feature","properties":{"numer":"1163E","klasa":"droga zbiorcza","kat":"powiatowa"},"geometry":{"type":"LineString","coordinates":[[19.39169,51.80931],[19.38897,51.80453]]}},{"type":"Feature","properties":{"numer":"1222E","klasa":"droga zbiorcza","kat":"powiatowa"},"geometry":{"type":"LineString","coordinates":[[19.39618,51.80821],[19.40133,51.80779],[19.40176,51.80781]]}},{"type":"Feature","properties":{"numer":"1221E","klasa":"droga zbiorcza","kat":"powiatowa"},"geometry":{"type":"LineString","coordinates":[[19.37648,51.81071],[19.38072,51.80764],[19.38084,51.80742],[19.3808,51.8072],[19.3803,51.80671]]}},{"type":"Feature","properties":{"numer":"1222E","klasa":"droga zbiorcza","kat":"powiatowa"},"geometry":{"type":"LineString","coordinates":[[19.39169,51.80931],[19.39618,51.80821]]}},{"type":"Feature","properties":{"numer":"","klasa":"droga zbiorcza","kat":"powiatowa"},"geometry":{"type":"LineString","coordinates":[[19.37583,51.81066],[19.37648,51.81071]]}},{"type":"Feature","properties":{"numer":"5102E","klasa":"droga zbiorcza","kat":"powiatowa"},"geometry":{"type":"LineString","coordinates":[[19.37617,51.81096],[19.37583,51.81066]]}},{"type":"Feature","properties":{"numer":"1221E","klasa":"droga zbiorcza","kat":"powiatowa"},"geometry":{"type":"LineString","coordinates":[[19.37617,51.81096],[19.37648,51.81071]]}},{"type":"Feature","properties":{"numer":"1103E","klasa":"droga zbiorcza","kat":"powiatowa"},"geometry":{"type":"LineString","coordinates":[[19.41092,51.80059],[19.41157,51.80251],[19.41174,51.80607]]}},{"type":"Feature","properties":{"numer":"1222E","klasa":"droga zbiorcza","kat":"powiatowa"},"geometry":{"type":"LineString","coordinates":[[19.42357,51.80451],[19.42572,51.80467]]}},{"type":"Feature","properties":{"numer":"1222E","klasa":"droga zbiorcza","kat":"powiatowa"},"geometry":{"type":"LineString","coordinates":[[19.42572,51.80467],[19.42586,51.80468]]}},{"type":"Feature","properties":{"numer":"1222E","klasa":"droga zbiorcza","kat":"powiatowa"},"geometry":{"type":"LineString","coordinates":[[19.41174,51.80607],[19.41893,51.80494],[19.42158,51.80443],[19.42357,51.80451]]}},{"type":"Feature","properties":{"numer":"72","klasa":"droga gĹ‚Ăłwna ruchu przyĹ›pieszonego","kat":"krajowa"},"geometry":{"type":"LineString","coordinates":[[19.42548,51.80909],[19.42586,51.80584],[19.42586,51.80468]]}},{"type":"Feature","properties":{"numer":"1103E","klasa":"","kat":"powiatowa"},"geometry":{"type":"LineString","coordinates":[[19.41174,51.80607],[19.41188,51.80776]]}},{"type":"Feature","properties":{"numer":"1222E","klasa":"droga zbiorcza","kat":"powiatowa"},"geometry":{"type":"LineString","coordinates":[[19.40176,51.80781],[19.40568,51.80758]]}},{"type":"Feature","properties":{"numer":"1103E","klasa":"","kat":"powiatowa"},"geometry":{"type":"LineString","coordinates":[[19.41188,51.80776],[19.412,51.80835],[19.41286,51.80915],[19.41259,51.81074],[19.41352,51.81162],[19.41466,51.81348]]}},{"type":"Feature","properties":{"numer":"1104E","klasa":"droga zbiorcza","kat":"powiatowa"},"geometry":{"type":"LineString","coordinates":[[19.41466,51.81348],[19.41543,51.81315],[19.41769,51.81269],[19.41985,51.81199],[19.42036,51.81135],[19.42077,51.81099],[19.42249,51.81049],[19.42487,51.8093],[19.42548,51.80909]]}},{"type":"Feature","properties":{"numer":"72","klasa":"droga gĹ‚Ăłwna ruchu przyĹ›pieszonego","kat":"krajowa"},"geometry":{"type":"LineString","coordinates":[[19.42688,51.81354],[19.42516,51.81251],[19.42511,51.81236],[19.42544,51.81117],[19.42548,51.80909]]}},{"type":"Feature","properties":{"numer":"72","klasa":"droga gĹ‚Ăłwna","kat":"krajowa"},"geometry":{"type":"LineString","coordinates":[[19.45743,51.80093],[19.4579,51.8018]]}},{"type":"Feature","properties":{"numer":"1107E","klasa":"droga zbiorcza","kat":"powiatowa"},"geometry":{"type":"LineString","coordinates":[[19.46005,51.80194],[19.45925,51.80176],[19.45795,51.80191]]}},{"type":"Feature","properties":{"numer":"72","klasa":"droga gĹ‚Ăłwna","kat":"krajowa"},"geometry":{"type":"LineString","coordinates":[[19.4579,51.8018],[19.45795,51.80191]]}},{"type":"Feature","properties":{"numer":"1222E","klasa":"droga zbiorcza","kat":"powiatowa"},"geometry":{"type":"LineString","coordinates":[[19.42586,51.80468],[19.42727,51.80473],[19.43004,51.80408],[19.43428,51.80263],[19.43572,51.80227],[19.43688,51.80213],[19.44153,51.8021]]}},{"type":"Feature","properties":{"numer":"1190E","klasa":"droga zbiorcza","kat":"powiatowa"},"geometry":{"type":"LineString","coordinates":[[19.44153,51.8021],[19.43976,51.8063]]}},{"type":"Feature","properties":{"numer":"1190E","klasa":"droga zbiorcza","kat":"powiatowa"},"geometry":{"type":"LineString","coordinates":[[19.43976,51.8063],[19.43875,51.80843]]}},{"type":"Feature","properties":{"numer":"72","klasa":"droga gĹ‚Ăłwna","kat":"krajowa"},"geometry":{"type":"LineString","coordinates":[[19.45795,51.80191],[19.45896,51.80421],[19.45919,51.80546],[19.45908,51.80627],[19.4586,51.80726],[19.45656,51.80964],[19.45565,51.81112],[19.45546,51.81162],[19.45527,51.81311]]}},{"type":"Feature","properties":{"numer":"1104E","klasa":"droga zbiorcza","kat":"powiatowa"},"geometry":{"type":"LineString","coordinates":[[19.42548,51.80909],[19.4394,51.80632],[19.43976,51.8063]]}},{"type":"Feature","properties":{"numer":"1169E","klasa":"droga zbiorcza","kat":"powiatowa"},"geometry":{"type":"LineString","coordinates":[[19.43875,51.80843],[19.43998,51.8088],[19.44088,51.80947],[19.44122,51.80961],[19.45132,51.81216]]}},{"type":"Feature","properties":{"numer":"1190E","klasa":"droga zbiorcza","kat":"powiatowa"},"geometry":{"type":"LineString","coordinates":[[19.43875,51.80843],[19.43527,51.81402]]}},{"type":"Feature","properties":{"numer":"1104E","klasa":"droga zbiorcza","kat":"powiatowa"},"geometry":{"type":"LineString","coordinates":[[19.41455,51.81354],[19.41466,51.81348]]}},{"type":"Feature","properties":{"numer":"161842E","klasa":"droga zbiorcza","kat":"powiatowa"},"geometry":{"type":"LineString","coordinates":[[19.41455,51.81354],[19.41517,51.81455]]}},{"type":"Feature","properties":{"numer":"1104E","klasa":"droga zbiorcza","kat":"powiatowa"},"geometry":{"type":"LineString","coordinates":[[19.41155,51.81546],[19.41174,51.81534],[19.41213,51.81477],[19.41347,51.81419],[19.41455,51.81354]]}},{"type":"Feature","properties":{"numer":"72","klasa":"droga gĹ‚Ăłwna ruchu przyĹ›pieszonego","kat":"krajowa"},"geometry":{"type":"LineString","coordinates":[[19.43444,51.81571],[19.43233,51.81533],[19.42873,51.81455],[19.42759,51.81406],[19.42688,51.81354]]}},{"type":"Feature","properties":{"numer":"161842E","klasa":"droga zbiorcza","kat":"powiatowa"},"geometry":{"type":"LineString","coordinates":[[19.41517,51.81455],[19.41529,51.81474]]}},{"type":"Feature","properties":{"numer":"161842E","klasa":"droga zbiorcza","kat":"powiatowa"},"geometry":{"type":"LineString","coordinates":[[19.41529,51.81474],[19.41563,51.81533]]}},{"type":"Feature","properties":{"numer":"161842E","klasa":"droga zbiorcza","kat":"powiatowa"},"geometry":{"type":"LineString","coordinates":[[19.41563,51.81533],[19.41578,51.81558]]}},{"type":"Feature","properties":{"numer":"161842E","klasa":"droga zbiorcza","kat":"powiatowa"},"geometry":{"type":"LineString","coordinates":[[19.41578,51.81558],[19.41614,51.81618]]}},{"type":"Feature","properties":{"numer":"161842E","klasa":"droga zbiorcza","kat":"powiatowa"},"geometry":{"type":"LineString","coordinates":[[19.41614,51.81618],[19.41638,51.81661]]}},{"type":"Feature","properties":{"numer":"161123E","klasa":"droga dojazdowa","kat":"powiatowa"},"geometry":{"type":"LineString","coordinates":[[19.40073,51.81669],[19.40047,51.81661],[19.39983,51.81662]]}},{"type":"Feature","properties":{"numer":"1169E","klasa":"droga zbiorcza","kat":"powiatowa"},"geometry":{"type":"LineString","coordinates":[[19.45132,51.81216],[19.45527,51.81311]]}},{"type":"Feature","properties":{"numer":"161157E","klasa":"droga dojazdowa","kat":"powiatowa"},"geometry":{"type":"LineString","coordinates":[[19.45132,51.81216],[19.45029,51.81368]]}},{"type":"Feature","properties":{"numer":"161157E","klasa":"droga dojazdowa","kat":"powiatowa"},"geometry":{"type":"LineString","coordinates":[[19.45029,51.81368],[19.44983,51.81436]]}},{"type":"Feature","properties":{"numer":"72","klasa":"droga gĹ‚Ăłwna","kat":"krajowa"},"geometry":{"type":"LineString","coordinates":[[19.45527,51.81311],[19.45562,51.81478],[19.45466,51.81625]]}},{"type":"Feature","properties":{"numer":"161157E","klasa":"droga dojazdowa","kat":"powiatowa"},"geometry":{"type":"LineString","coordinates":[[19.44983,51.81436],[19.44936,51.81505]]}},{"type":"Feature","properties":{"numer":"1190E","klasa":"droga zbiorcza","kat":"powiatowa"},"geometry":{"type":"LineString","coordinates":[[19.43527,51.81402],[19.43471,51.81482],[19.43444,51.81571]]}},{"type":"Feature","properties":{"numer":"161157E","klasa":"droga dojazdowa","kat":"powiatowa"},"geometry":{"type":"LineString","coordinates":[[19.44936,51.81505],[19.44882,51.81584]]}},{"type":"Feature","properties":{"numer":"1237E","klasa":"","kat":"powiatowa"},"geometry":{"type":"LineString","coordinates":[[19.44882,51.81584],[19.44834,51.81664],[19.44835,51.81778]]}},{"type":"Feature","properties":{"numer":"72","klasa":"droga gĹ‚Ăłwna","kat":"krajowa"},"geometry":{"type":"LineString","coordinates":[[19.44838,51.81809],[19.447,51.81806],[19.44538,51.81782],[19.4391,51.81615],[19.43631,51.81579],[19.43444,51.81571]]}},{"type":"Feature","properties":{"numer":"72","klasa":"droga gĹ‚Ăłwna","kat":"krajowa"},"geometry":{"type":"LineString","coordinates":[[19.45466,51.81625],[19.45371,51.81692],[19.45239,51.81742],[19.44927,51.81801],[19.44838,51.81809]]}},{"type":"Feature","properties":{"numer":"1222E","klasa":"droga zbiorcza","kat":"powiatowa"},"geometry":{"type":"LineString","coordinates":[[19.37832,51.81252],[19.38007,51.81184],[19.38114,51.81155],[19.38533,51.81077],[19.39169,51.80931]]}},{"type":"Feature","properties":{"numer":"5102E","klasa":"droga zbiorcza","kat":"powiatowa"},"geometry":{"type":"LineString","coordinates":[[19.37832,51.81252],[19.37762,51.81227],[19.37617,51.81096]]}},{"type":"Feature","properties":{"numer":"1215E","klasa":"droga zbiorcza","kat":"powiatowa"},"geometry":{"type":"LineString","coordinates":[[19.39557,51.81601],[19.39601,51.81552],[19.39615,51.81521],[19.3969,51.81214],[19.39684,51.81141],[19.39618,51.80821]]}},{"type":"Feature","properties":{"numer":"161123E","klasa":"droga dojazdowa","kat":"powiatowa"},"geometry":{"type":"LineString","coordinates":[[19.39718,51.8164],[19.39618,51.81621],[19.39557,51.81601]]}},{"type":"Feature","properties":{"numer":"161123E","klasa":"droga dojazdowa","kat":"powiatowa"},"geometry":{"type":"LineString","coordinates":[[19.39842,51.81649],[19.39718,51.8164]]}},{"type":"Feature","properties":{"numer":"161123E","klasa":"droga dojazdowa","kat":"powiatowa"},"geometry":{"type":"LineString","coordinates":[[19.39983,51.81662],[19.39842,51.81649]]}},{"type":"Feature","properties":{"numer":"5102E","klasa":"droga zbiorcza","kat":"powiatowa"},"geometry":{"type":"LineString","coordinates":[[19.38923,51.82306],[19.38797,51.8213],[19.37947,51.8139],[19.37861,51.81305],[19.37832,51.81252]]}},{"type":"Feature","properties":{"numer":"1104E","klasa":"","kat":"powiatowa"},"geometry":{"type":"LineString","coordinates":[[19.38923,51.82306],[19.39747,51.82042],[19.40045,51.81987],[19.40066,51.81966],[19.40091,51.81829]]}},{"type":"Feature","properties":{"numer":"5102E","klasa":"droga zbiorcza","kat":"powiatowa"},"geometry":{"type":"LineString","coordinates":[[19.39031,51.82472],[19.38923,51.82306]]}},{"type":"Feature","properties":{"numer":"1224E","klasa":"droga zbiorcza","kat":"powiatowa"},"geometry":{"type":"LineString","coordinates":[[19.39031,51.82472],[19.3994,51.82422],[19.40006,51.82424],[19.40903,51.82639]]}},{"type":"Feature","properties":{"numer":"1104E","klasa":"","kat":"powiatowa"},"geometry":{"type":"LineString","coordinates":[[19.40091,51.81829],[19.40474,51.81771],[19.40514,51.81756],[19.40687,51.81657],[19.40906,51.81575],[19.4104,51.81543],[19.41121,51.81552],[19.41155,51.81546]]}},{"type":"Feature","properties":{"numer":"161264E","klasa":"droga dojazdowa","kat":"powiatowa"},"geometry":{"type":"LineString","coordinates":[[19.40091,51.81829],[19.4006,51.81739],[19.40073,51.81669]]}},{"type":"Feature","properties":{"numer":"1178E","klasa":"droga zbiorcza","kat":"powiatowa"},"geometry":{"type":"LineString","coordinates":[[19.41789,51.82688],[19.41812,51.82625],[19.41807,51.82538],[19.41655,51.82185],[19.41654,51.82145],[19.41673,51.82106],[19.41858,51.81852],[19.42377,51.81476],[19.4243,51.81459],[19.42469,51.81457],[19.42609,51.81481],[19.42688,51.81354]]}},{"type":"Feature","properties":{"numer":"488","klasa":"droga gĹ‚Ăłwna","kat":"wojewodzka"},"geometry":{"type":"LineString","coordinates":[[19.42624,51.82903],[19.4304,51.82233]]}},{"type":"Feature","properties":{"numer":"1199E","klasa":"droga zbiorcza","kat":"powiatowa"},"geometry":{"type":"LineString","coordinates":[[19.41789,51.82688],[19.41149,51.8253],[19.40903,51.82639]]}},{"type":"Feature","properties":{"numer":"1224E","klasa":"droga zbiorcza","kat":"powiatowa"},"geometry":{"type":"LineString","coordinates":[[19.40903,51.82639],[19.41076,51.82682]]}},{"type":"Feature","properties":{"numer":"1224E","klasa":"droga zbiorcza","kat":"powiatowa"},"geometry":{"type":"LineString","coordinates":[[19.41076,51.82682],[19.41261,51.82728]]}},{"type":"Feature","properties":{"numer":"1224E","klasa":"droga zbiorcza","kat":"powiatowa"},"geometry":{"type":"LineString","coordinates":[[19.41261,51.82728],[19.41675,51.82829]]}},{"type":"Feature","properties":{"numer":"1199E","klasa":"droga zbiorcza","kat":"powiatowa"},"geometry":{"type":"LineString","coordinates":[[19.42624,51.82903],[19.41789,51.82688]]}},{"type":"Feature","properties":{"numer":"488","klasa":"droga gĹ‚Ăłwna","kat":"wojewodzka"},"geometry":{"type":"LineString","coordinates":[[19.42505326500732,51.8309796360594],[19.42624,51.82903]]}},{"type":"Feature","properties":{"numer":"1237E","klasa":"","kat":"powiatowa"},"geometry":{"type":"LineString","coordinates":[[19.44836,51.81791],[19.44835,51.81778]]}},{"type":"Feature","properties":{"numer":"488","klasa":"droga gĹ‚Ăłwna","kat":"wojewodzka"},"geometry":{"type":"LineString","coordinates":[[19.4304,51.82233],[19.43444,51.81571]]}},{"type":"Feature","properties":{"numer":"1179E","klasa":"droga zbiorcza","kat":"powiatowa"},"geometry":{"type":"LineString","coordinates":[[19.45466,51.81625],[19.45591,51.81669],[19.45621,51.81694],[19.4566,51.81901],[19.45789,51.82124],[19.45923,51.82403],[19.45987,51.82478]]}},{"type":"Feature","properties":{"numer":"1237E","klasa":"droga zbiorcza","kat":"powiatowa"},"geometry":{"type":"LineString","coordinates":[[19.4304,51.82233],[19.43518,51.82346],[19.44192,51.82524],[19.4428,51.82524],[19.44726,51.82292],[19.44776,51.82249],[19.44893,51.82068],[19.44849,51.81906],[19.44838,51.81809]]}},{"type":"Feature","properties":{"numer":"1179E","klasa":"droga zbiorcza","kat":"powiatowa"},"geometry":{"type":"LineString","coordinates":[[19.45987,51.82478],[19.45995,51.82487]]}},{"type":"Feature","properties":{"numer":"71","klasa":"droga gĹ‚Ăłwna","kat":"krajowa"},"geometry":{"type":"LineString","coordinates":[[19.44532713530882,51.85036437629418],[19.45711,51.84858],[19.45857,51.84864]]}},{"type":"Feature","properties":{"numer":"5102E","klasa":"droga zbiorcza","kat":"powiatowa"},"geometry":{"type":"LineString","coordinates":[[19.39114,51.826],[19.39031,51.82472]]}},{"type":"Feature","properties":{"numer":"5102E","klasa":"droga gĹ‚Ăłwna","kat":"powiatowa"},"geometry":{"type":"LineString","coordinates":[[19.39114,51.826],[19.391156747512397,51.82602613155937]]}},{"type":"Feature","properties":{"numer":"72","klasa":"droga gĹ‚Ăłwna","kat":"krajowa"},"geometry":{"type":"LineString","coordinates":[[19.53468,51.79596],[19.55653,51.79596]]}},{"type":"Feature","properties":{"numer":"72","klasa":"droga gĹ‚Ăłwna","kat":"krajowa"},"geometry":{"type":"LineString","coordinates":[[19.53342,51.79601],[19.53468,51.79596]]}},{"type":"Feature","properties":{"numer":"72","klasa":"droga gĹ‚Ăłwna","kat":"krajowa"},"geometry":{"type":"LineString","coordinates":[[19.52789,51.79627],[19.53342,51.79601]]}},{"type":"Feature","properties":{"numer":"72","klasa":"droga gĹ‚Ăłwna","kat":"krajowa"},"geometry":{"type":"LineString","coordinates":[[19.52474,51.79655],[19.52789,51.79627]]}},{"type":"Feature","properties":{"numer":"72","klasa":"droga gĹ‚Ăłwna","kat":"krajowa"},"geometry":{"type":"LineString","coordinates":[[19.51705,51.79676],[19.51988,51.79683],[19.52474,51.79655]]}},{"type":"Feature","properties":{"numer":"1173E","klasa":"droga zbiorcza","kat":"powiatowa"},"geometry":{"type":"LineString","coordinates":[[19.53158,51.80686],[19.53045,51.80318],[19.53024,51.80213],[19.5299,51.80186],[19.52968,51.80143],[19.52821,51.79759],[19.52789,51.79627]]}},{"type":"Feature","properties":{"numer":"1148E","klasa":"droga zbiorcza","kat":"powiatowa"},"geometry":{"type":"LineString","coordinates":[[19.54577,51.80741],[19.54283,51.80442],[19.53952,51.80197],[19.53574,51.79868],[19.53535,51.79813],[19.53468,51.79596]]}},{"type":"Feature","properties":{"numer":"1184E","klasa":"","kat":"powiatowa"},"geometry":{"type":"LineString","coordinates":[[19.55653,51.79596],[19.55756,51.80039],[19.55866,51.8027],[19.56037,51.80745],[19.56036,51.80786],[19.56005,51.80885]]}},{"type":"Feature","properties":{"numer":"1173E,1198E","klasa":"","kat":"powiatowa"},"geometry":{"type":"LineString","coordinates":[[19.53561,51.80733],[19.53329,51.80698],[19.53158,51.80686]]}},{"type":"Feature","properties":{"numer":"1198E","klasa":"","kat":"powiatowa"},"geometry":{"type":"LineString","coordinates":[[19.50906,51.8073],[19.51078,51.8071],[19.51289,51.80721],[19.51375,51.80739]]}},{"type":"Feature","properties":{"numer":"72","klasa":"droga gĹ‚Ăłwna","kat":"krajowa"},"geometry":{"type":"LineString","coordinates":[[19.46587,51.80065],[19.46108,51.80081]]}},{"type":"Feature","properties":{"numer":"1187E","klasa":"droga zbiorcza","kat":"powiatowa"},"geometry":{"type":"LineString","coordinates":[[19.48932,51.80068],[19.48896,51.80095]]}},{"type":"Feature","properties":{"numer":"14","klasa":"droga gĹ‚Ăłwna ruchu przyĹ›pieszonego","kat":"krajowa"},"geometry":{"type":"LineString","coordinates":[[19.48932,51.80068],[19.49163,51.80183]]}},{"type":"Feature","properties":{"numer":"1107E","klasa":"droga zbiorcza","kat":"powiatowa"},"geometry":{"type":"LineString","coordinates":[[19.46005,51.80194],[19.4709,51.80663]]}},{"type":"Feature","properties":{"numer":"14","klasa":"droga gĹ‚Ăłwna ruchu przyĹ›pieszonego","kat":"krajowa"},"geometry":{"type":"LineString","coordinates":[[19.50044,51.80748],[19.49748,51.8057],[19.49413,51.80321],[19.49163,51.80183]]}},{"type":"Feature","properties":{"numer":"1107E","klasa":"droga zbiorcza","kat":"powiatowa"},"geometry":{"type":"LineString","coordinates":[[19.4709,51.80663],[19.47218,51.8071],[19.47268,51.80742]]}},{"type":"Feature","properties":{"numer":"1187E","klasa":"droga zbiorcza","kat":"powiatowa"},"geometry":{"type":"LineString","coordinates":[[19.48896,51.80095],[19.48859,51.80154],[19.48729,51.80576],[19.48718,51.80675],[19.4873,51.81281],[19.48718,51.81361]]}},{"type":"Feature","properties":{"numer":"1198E","klasa":"","kat":"powiatowa"},"geometry":{"type":"LineString","coordinates":[[19.50044,51.80748],[19.5033,51.80769],[19.50525,51.80753],[19.50666,51.80764],[19.50906,51.8073]]}},{"type":"Feature","properties":{"numer":"1107E","klasa":"droga zbiorcza","kat":"powiatowa"},"geometry":{"type":"LineString","coordinates":[[19.47268,51.80742],[19.4731,51.80766],[19.48718,51.81361]]}},{"type":"Feature","properties":{"numer":"14","klasa":"droga gĹ‚Ăłwna ruchu przyĹ›pieszonego","kat":"krajowa"},"geometry":{"type":"LineString","coordinates":[[19.50375,51.81457],[19.50154,51.80857],[19.5012,51.80806],[19.50044,51.80748]]}},{"type":"Feature","properties":{"numer":"1198E","klasa":"","kat":"powiatowa"},"geometry":{"type":"LineString","coordinates":[[19.516,51.80778],[19.5189,51.80762],[19.52247,51.80761],[19.52489,51.80753],[19.52827,51.80723],[19.53102,51.80683],[19.53158,51.80686]]}},{"type":"Feature","properties":{"numer":"1148E","klasa":"droga zbiorcza","kat":"powiatowa"},"geometry":{"type":"LineString","coordinates":[[19.54591,51.80752],[19.54577,51.80741]]}},{"type":"Feature","properties":{"numer":"1198E","klasa":"","kat":"powiatowa"},"geometry":{"type":"LineString","coordinates":[[19.53561,51.80733],[19.5401,51.80762],[19.54175,51.80753],[19.5437,51.80733],[19.54577,51.80741]]}},{"type":"Feature","properties":{"numer":"1198E","klasa":"","kat":"powiatowa"},"geometry":{"type":"LineString","coordinates":[[19.51375,51.80739],[19.516,51.80778]]}},{"type":"Feature","properties":{"numer":"1198E","klasa":"","kat":"powiatowa"},"geometry":{"type":"LineString","coordinates":[[19.54591,51.80752],[19.54983,51.80758],[19.55372,51.80784],[19.55658,51.80792],[19.55886,51.80847],[19.55976,51.80885],[19.56005,51.80885]]}},{"type":"Feature","properties":{"numer":"1184E","klasa":"","kat":"powiatowa"},"geometry":{"type":"LineString","coordinates":[[19.56005,51.80885],[19.56003,51.80892]]}},{"type":"Feature","properties":{"numer":"106303E","klasa":"droga dojazdowa","kat":"powiatowa"},"geometry":{"type":"LineString","coordinates":[[19.56003,51.80892],[19.560023385012922,51.808936537467694]]}},{"type":"Feature","properties":{"numer":"1148E","klasa":"droga zbiorcza","kat":"powiatowa"},"geometry":{"type":"LineString","coordinates":[[19.54998,51.81067],[19.54833,51.80946],[19.54591,51.80752]]}},{"type":"Feature","properties":{"numer":"1173E","klasa":"droga zbiorcza","kat":"powiatowa"},"geometry":{"type":"LineString","coordinates":[[19.53358,51.81462],[19.53375,51.81206],[19.5343,51.81012],[19.53561,51.80733]]}},{"type":"Feature","properties":{"numer":"1197E","klasa":"","kat":"powiatowa"},"geometry":{"type":"LineString","coordinates":[[19.516,51.80778],[19.51627,51.80791],[19.52651,51.81596],[19.5296,51.8195],[19.53026,51.82263]]}},{"type":"Feature","properties":{"numer":"1148E","klasa":"droga zbiorcza","kat":"powiatowa"},"geometry":{"type":"LineString","coordinates":[[19.54998,51.81067],[19.5511,51.81178],[19.55204,51.81244],[19.55278,51.81257],[19.55396747713971,51.81259840854401]]}},{"type":"Feature","properties":{"numer":"14","klasa":"droga gĹ‚Ăłwna ruchu przyĹ›pieszonego","kat":"krajowa"},"geometry":{"type":"LineString","coordinates":[[19.5298,51.82938],[19.50601,51.8189],[19.5053,51.81833],[19.50493,51.81776],[19.50375,51.81457]]}},{"type":"Feature","properties":{"numer":"1197E","klasa":"","kat":"powiatowa"},"geometry":{"type":"LineString","coordinates":[[19.53076,51.82879],[19.53084,51.82767],[19.53026,51.82263]]}},{"type":"Feature","properties":{"numer":"1186E","klasa":"droga zbiorcza","kat":"powiatowa"},"geometry":{"type":"LineString","coordinates":[[19.54164,51.82827],[19.54505,51.82807],[19.54723,51.82812],[19.5472619671363,51.82812325591203]]}},{"type":"Feature","properties":{"numer":"1186E","klasa":"droga zbiorcza","kat":"powiatowa"},"geometry":{"type":"LineString","coordinates":[[19.53168,51.82875],[19.54164,51.82827]]}},{"type":"Feature","properties":{"numer":"1186E","klasa":"droga zbiorcza","kat":"powiatowa"},"geometry":{"type":"LineString","coordinates":[[19.53076,51.82879],[19.53168,51.82875]]}},{"type":"Feature","properties":{"numer":"1197E","klasa":"droga zbiorcza","kat":"powiatowa"},"geometry":{"type":"LineString","coordinates":[[19.5298,51.82938],[19.53076,51.82879]]}},{"type":"Feature","properties":{"numer":"1107E","klasa":"droga zbiorcza","kat":"powiatowa"},"geometry":{"type":"LineString","coordinates":[[19.48718,51.81361],[19.48843,51.81406],[19.49094,51.8143],[19.49487,51.81447],[19.49657,51.81475],[19.50037,51.81498],[19.50375,51.81457]]}},{"type":"Feature","properties":{"numer":"1229E","klasa":"","kat":"powiatowa"},"geometry":{"type":"LineString","coordinates":[[19.47268,51.80742],[19.47257,51.80774],[19.47403,51.82106],[19.4741,51.8227]]}},{"type":"Feature","properties":{"numer":"1229E","klasa":"","kat":"powiatowa"},"geometry":{"type":"LineString","coordinates":[[19.4741,51.8227],[19.47407,51.8228]]}},{"type":"Feature","properties":{"numer":"1229E","klasa":"","kat":"powiatowa"},"geometry":{"type":"LineString","coordinates":[[19.47407,51.8228],[19.47267,51.82473]]}},{"type":"Feature","properties":{"numer":"1187E","klasa":"droga zbiorcza","kat":"powiatowa"},"geometry":{"type":"LineString","coordinates":[[19.48718,51.81361],[19.48676,51.81551],[19.48652,51.8175],[19.48808,51.82634],[19.48504,51.83241],[19.47946,51.84219],[19.47903,51.84321]]}},{"type":"Feature","properties":{"numer":"1179E","klasa":"droga zbiorcza","kat":"powiatowa"},"geometry":{"type":"LineString","coordinates":[[19.45995,51.82487],[19.46264,51.8277],[19.46393,51.82988],[19.46564,51.83498],[19.46713,51.83759],[19.46756,51.83972],[19.46734,51.84259],[19.46699,51.8436],[19.46722,51.84418]]}},{"type":"Feature","properties":{"numer":"1197E","klasa":"droga zbiorcza","kat":"powiatowa"},"geometry":{"type":"LineString","coordinates":[[19.47894,51.84664],[19.50247,51.84507],[19.50518,51.84471],[19.50581,51.84438],[19.5298,51.82938]]}},{"type":"Feature","properties":{"numer":"1179E","klasa":"droga zbiorcza","kat":"powiatowa"},"geometry":{"type":"LineString","coordinates":[[19.46725,51.84423],[19.46722,51.84418]]}},{"type":"Feature","properties":{"numer":"1187E","klasa":"droga zbiorcza","kat":"powiatowa"},"geometry":{"type":"LineString","coordinates":[[19.47874,51.84578],[19.47822,51.84496],[19.47832,51.84468],[19.47905,51.844],[19.47903,51.84321]]}},{"type":"Feature","properties":{"numer":"1179E","klasa":"droga zbiorcza","kat":"powiatowa"},"geometry":{"type":"LineString","coordinates":[[19.46815,51.84674],[19.46799,51.84543],[19.46725,51.84423]]}},{"type":"Feature","properties":{"numer":"1151E","klasa":"","kat":"powiatowa"},"geometry":{"type":"LineString","coordinates":[[19.56721967705737,51.811058811799754],[19.58968,51.79386]]}},{"type":"Feature","properties":{"numer":"1150E","klasa":"droga zbiorcza","kat":"powiatowa"},"geometry":{"type":"LineString","coordinates":[[19.614608161077026,51.80645898192269],[19.59027,51.79418]]}},{"type":"Feature","properties":{"numer":"1119E","klasa":"","kat":"powiatowa"},"geometry":{"type":"LineString","coordinates":[[19.58971,51.79424],[19.59197,51.81562]]}},{"type":"Feature","properties":{"numer":"1119E","klasa":"droga zbiorcza","kat":"powiatowa"},"geometry":{"type":"LineString","coordinates":[[19.59197,51.81562],[19.5888,51.81589],[19.58852,51.81606],[19.588519235586514,51.8160657555839]]}},{"type":"Feature","properties":{"numer":"5129E","klasa":"","kat":"powiatowa"},"geometry":{"type":"LineString","coordinates":[[19.56421,51.84393],[19.564236415870194,51.84394482996221]]}},{"type":"Feature","properties":{"numer":"14","klasa":"droga gĹ‚Ăłwna ruchu przyĹ›pieszonego","kat":"krajowa"},"geometry":{"type":"LineString","coordinates":[[19.55899,51.84385],[19.55864,51.84311],[19.55815,51.84239],[19.55728,51.8416],[19.55636,51.84104],[19.5298,51.82938]]}},{"type":"Feature","properties":{"numer":"14","klasa":"droga gĹ‚Ăłwna ruchu przyĹ›pieszonego","kat":"krajowa"},"geometry":{"type":"LineString","coordinates":[[19.55901,51.8439],[19.55899,51.84385]]}},{"type":"Feature","properties":{"numer":"14","klasa":"droga gĹ‚Ăłwna ruchu przyĹ›pieszonego","kat":"krajowa"},"geometry":{"type":"LineString","coordinates":[[19.55999258055136,51.846183683778584],[19.55901,51.8439]]}},{"type":"Feature","properties":{"numer":"1187E","klasa":"droga zbiorcza","kat":"powiatowa"},"geometry":{"type":"LineString","coordinates":[[19.47894,51.84664],[19.47874,51.84578]]}},{"type":"Feature","properties":{"numer":"1197E","klasa":"droga zbiorcza","kat":"powiatowa"},"geometry":{"type":"LineString","coordinates":[[19.46815,51.84674],[19.46833,51.84677],[19.46964,51.84654],[19.47118,51.84574],[19.47169,51.84564],[19.47242,51.84568],[19.47295,51.84583],[19.47508,51.84673],[19.4755,51.84684],[19.47894,51.84664]]}},{"type":"Feature","properties":{"numer":"1197E","klasa":"droga zbiorcza","kat":"powiatowa"},"geometry":{"type":"LineString","coordinates":[[19.45857,51.84864],[19.45898,51.84834],[19.45939,51.84821],[19.46782,51.84686],[19.46815,51.84674]]}},{"type":"Feature","properties":{"numer":"71","klasa":"droga gĹ‚Ăłwna","kat":"krajowa"},"geometry":{"type":"LineString","coordinates":[[19.45857,51.84864],[19.45903,51.84882],[19.45989,51.8494],[19.490676594219813,51.85908389121806]]}},{"type":"Feature","properties":{"numer":"5131E","klasa":"","kat":"powiatowa"},"geometry":{"type":"LineString","coordinates":[[19.464390556940497,51.85095344135875],[19.46439,51.85091]]}},{"type":"Feature","properties":{"numer":"5102E","klasa":"droga gĹ‚Ăłwna","kat":"powiatowa"},"geometry":{"type":"LineString","coordinates":[[19.341761639030814,51.77761229100712],[19.34179,51.77764]]}},{"type":"Feature","properties":{"numer":"S14","klasa":"droga ekspresowa","kat":"krajowa"},"geometry":{"type":"LineString","coordinates":[[19.33698,51.78338],[19.33753991717814,51.78018047326776]]}},{"type":"Feature","properties":{"numer":"S14","klasa":"droga ekspresowa","kat":"krajowa"},"geometry":{"type":"LineString","coordinates":[[19.33698,51.78338],[19.33697916037317,51.78338550422035]]}},{"type":"Feature","properties":{"numer":"5102E","klasa":"droga zbiorcza","kat":"powiatowa"},"geometry":{"type":"LineString","coordinates":[[19.34179,51.77764],[19.35427,51.78993]]}},{"type":"Feature","properties":{"numer":"1134E","klasa":"droga zbiorcza","kat":"powiatowa"},"geometry":{"type":"LineString","coordinates":[[19.35422907542579,51.78993],[19.35427,51.78993]]}},{"type":"Feature","properties":{"numer":"5102E","klasa":"droga zbiorcza","kat":"powiatowa"},"geometry":{"type":"LineString","coordinates":[[19.35427,51.78993],[19.35659,51.79214]]}},{"type":"Feature","properties":{"numer":"","klasa":"droga gĹ‚Ăłwna","kat":"gminna"},"geometry":{"type":"LineString","coordinates":[[19.35659,51.79214],[19.356503199105145,51.792166040268455]]}},{"type":"Feature","properties":{"numer":"S14","klasa":"droga ekspresowa","kat":"krajowa"},"geometry":{"type":"LineString","coordinates":[[19.3374,51.7964],[19.337382032385786,51.79623525079893]]}},{"type":"Feature","properties":{"numer":"5102E","klasa":"droga zbiorcza","kat":"powiatowa"},"geometry":{"type":"LineString","coordinates":[[19.35659,51.79214],[19.36024,51.79577]]}},{"type":"Feature","properties":{"numer":"","klasa":"droga gĹ‚Ăłwna","kat":"gminna"},"geometry":{"type":"LineString","coordinates":[[19.33778,51.7963],[19.337940995619114,51.79626189452802]]}},{"type":"Feature","properties":{"numer":"","klasa":"droga gĹ‚Ăłwna","kat":"gminna"},"geometry":{"type":"LineString","coordinates":[[19.3374,51.7964],[19.33778,51.7963]]}},{"type":"Feature","properties":{"numer":"","klasa":"droga gĹ‚Ăłwna","kat":"gminna"},"geometry":{"type":"LineString","coordinates":[[19.33703,51.79648],[19.3374,51.7964]]}},{"type":"Feature","properties":{"numer":"","klasa":"droga gĹ‚Ăłwna","kat":"gminna"},"geometry":{"type":"LineString","coordinates":[[19.33535,51.79689],[19.33703,51.79648]]}},{"type":"Feature","properties":{"numer":"","klasa":"droga gĹ‚Ăłwna","kat":"gminna"},"geometry":{"type":"LineString","coordinates":[[19.329674754870478,51.79910774780561],[19.3322,51.79797],[19.33535,51.79689]]}},{"type":"Feature","properties":{"numer":"S14","klasa":"droga ekspresowa","kat":"krajowa"},"geometry":{"type":"LineString","coordinates":[[19.34493,51.81063],[19.34309,51.80928],[19.34158,51.80789],[19.34031,51.80641],[19.33912,51.80454],[19.33842,51.80292],[19.33806,51.8016],[19.3374,51.7964]]}},{"type":"Feature","properties":{"numer":"72","klasa":"droga gĹ‚Ăłwna","kat":"krajowa"},"geometry":{"type":"LineString","coordinates":[[19.34493,51.81063],[19.35454,51.80552],[19.3554,51.80529],[19.36577,51.80323]]}},{"type":"Feature","properties":{"numer":"72","klasa":"droga gĹ‚Ăłwna","kat":"krajowa"},"geometry":{"type":"LineString","coordinates":[[19.34248,51.81136],[19.34395,51.81106],[19.34493,51.81063]]}},{"type":"Feature","properties":{"numer":"72","klasa":"droga gĹ‚Ăłwna","kat":"krajowa"},"geometry":{"type":"LineString","coordinates":[[19.34233,51.81139],[19.34248,51.81136]]}},{"type":"Feature","properties":{"numer":"72","klasa":"droga gĹ‚Ăłwna","kat":"krajowa"},"geometry":{"type":"LineString","coordinates":[[19.33783490936656,51.81232543087204],[19.34233,51.81139]]}},{"type":"Feature","properties":{"numer":"S14","klasa":"droga ekspresowa","kat":"krajowa"},"geometry":{"type":"LineString","coordinates":[[19.37909651540383,51.83696721898418],[19.37863,51.8353],[19.37772,51.83317],[19.37652,51.83111],[19.37471,51.82873],[19.37328,51.82721],[19.37126,51.82541],[19.36946,51.82405],[19.36752,51.82277],[19.36543,51.82158],[19.34714,51.81194],[19.34493,51.81063]]}}]}